version,file,true_label,predicted,probability
1.12.0,core/src/main/java/org/apache/calcite/tools/PigRelBuilder.java,0,1,0.5927780381091856
1.12.0,core/src/main/java/org/apache/calcite/interpreter/Bindables.java,0,0,0.05430160384753636
1.12.0,core/src/main/java/org/apache/calcite/rel/rules/ProjectSortTransposeRule.java,0,0,0.24588371309886584
1.12.0,core/src/main/java/org/apache/calcite/util/Source.java,0,0,5.8260234480519166e-08
1.12.0,druid/src/main/java/org/apache/calcite/adapter/druid/DruidSchemaFactory.java,0,0,2.255702877374498e-07
1.12.0,druid/src/main/java/org/apache/calcite/adapter/druid/QueryType.java,0,0,2.9888819015839346e-07
1.12.0,file/src/main/java/org/apache/calcite/adapter/file/FileEnumerator.java,0,1,0.800081915387546
1.12.0,file/src/main/java/org/apache/calcite/adapter/file/FileTable.java,0,1,0.9927213260782627
1.12.0,avatica/core/src/main/java/org/apache/calcite/avatica/ConnectStringParser.java,0,0,0.1781073236028258
1.12.0,avatica/core/src/main/java/org/apache/calcite/avatica/proto/Common.java,0,0,5.199535021246425e-22
1.12.0,avatica/core/src/main/java/org/apache/calcite/avatica/proto/Requests.java,0,0,2.2911186499296173e-19
1.12.0,avatica/core/src/main/java/org/apache/calcite/avatica/proto/Responses.java,0,0,0.0015064042805996729
1.12.0,core/src/main/java/org/apache/calcite/rel/rules/SubQueryRemoveRule.java,1,1,0.9999999060229623
1.12.0,core/src/main/java/org/apache/calcite/adapter/enumerable/EnumerableMergeJoin.java,0,1,0.9483983814741406
1.12.0,core/src/main/java/org/apache/calcite/util/Bug.java,0,0,1.3185507411426443e-08
1.12.0,core/src/main/java/org/apache/calcite/schema/TranslatableTable.java,0,0,1.5344127521184677e-16
1.12.0,core/src/main/java/org/apache/calcite/plan/MaterializedViewSubstitutionVisitor.java,0,0,1.358341255431461e-08
1.12.0,core/src/main/java/org/apache/calcite/sql/SqlMatchRecognize.java,0,0,0.0018236421988800826
1.12.0,core/src/main/java/org/apache/calcite/jdbc/JavaTypeFactoryImpl.java,1,1,0.9980742405821962
1.12.0,core/src/main/java/org/apache/calcite/rel/mutable/Holder.java,0,0,0.0296148116672133
1.12.0,core/src/main/java/org/apache/calcite/rel/mutable/MutableAggregate.java,0,1,0.5281529569553419
1.12.0,core/src/main/java/org/apache/calcite/rel/mutable/MutableBiRel.java,0,0,0.13574943141173984
1.12.0,core/src/main/java/org/apache/calcite/rel/mutable/MutableCalc.java,0,1,0.8264039187296975
1.12.0,core/src/main/java/org/apache/calcite/rel/mutable/MutableCollect.java,0,1,0.6087413492350058
1.12.0,core/src/main/java/org/apache/calcite/rel/mutable/MutableCorrelate.java,0,1,0.8283343323681103
1.12.0,core/src/main/java/org/apache/calcite/rel/mutable/MutableExchange.java,0,0,0.35791895686449826
1.12.0,core/src/main/java/org/apache/calcite/rel/mutable/MutableFilter.java,0,0,0.02389771572002103
1.12.0,core/src/main/java/org/apache/calcite/rel/mutable/MutableIntersect.java,0,0,0.17587949666482253
1.12.0,core/src/main/java/org/apache/calcite/rel/mutable/MutableJoin.java,0,1,0.9000426665954208
1.12.0,core/src/main/java/org/apache/calcite/rel/mutable/MutableLeafRel.java,0,0,0.005088046152263436
1.12.0,core/src/main/java/org/apache/calcite/rel/mutable/MutableMinus.java,0,0,0.17587949666482253
1.12.0,core/src/main/java/org/apache/calcite/rel/mutable/MutableProject.java,0,1,0.9658464099899997
1.12.0,core/src/main/java/org/apache/calcite/rel/mutable/MutableRel.java,0,0,0.0001414793378400234
1.12.0,core/src/main/java/org/apache/calcite/rel/mutable/MutableRels.java,0,1,0.9999928793093247
1.12.0,core/src/main/java/org/apache/calcite/rel/mutable/MutableRelType.java,0,0,0.001235430998081583
1.12.0,core/src/main/java/org/apache/calcite/rel/mutable/MutableRelVisitor.java,0,0,2.163330468828865e-05
1.12.0,core/src/main/java/org/apache/calcite/rel/mutable/MutableSample.java,0,0,0.20766764266538254
1.12.0,core/src/main/java/org/apache/calcite/rel/mutable/MutableScan.java,0,0,0.22365478337382733
1.12.0,core/src/main/java/org/apache/calcite/rel/mutable/MutableSemiJoin.java,0,1,0.723179602727397
1.12.0,core/src/main/java/org/apache/calcite/rel/mutable/MutableSetOp.java,0,0,0.01628815249663934
1.12.0,core/src/main/java/org/apache/calcite/rel/mutable/MutableSingleRel.java,0,0,0.016397424376452016
1.12.0,core/src/main/java/org/apache/calcite/rel/mutable/MutableSort.java,0,0,0.31674323671556265
1.12.0,core/src/main/java/org/apache/calcite/rel/mutable/MutableTableFunctionScan.java,0,1,0.5780431943750424
1.12.0,core/src/main/java/org/apache/calcite/rel/mutable/MutableTableModify.java,0,1,0.9696108176632642
1.12.0,core/src/main/java/org/apache/calcite/rel/mutable/MutableUncollect.java,0,1,0.7782429663957888
1.12.0,core/src/main/java/org/apache/calcite/rel/mutable/MutableUnion.java,0,0,0.17587949666482253
1.12.0,core/src/main/java/org/apache/calcite/rel/mutable/MutableValues.java,0,1,0.6039221918680954
1.12.0,core/src/main/java/org/apache/calcite/rel/mutable/MutableWindow.java,0,0,0.48191615263383386
1.12.0,core/src/main/java/org/apache/calcite/schema/Table.java,0,0,9.478441553104926e-17
1.12.0,core/src/main/java/org/apache/calcite/sql/SqlIdentifier.java,0,0,9.081737963570758e-12
1.12.0,core/src/main/java/org/apache/calcite/rel/rel2sql/RelToSqlConverter.java,1,1,0.9972297106174521
1.12.0,core/src/main/java/org/apache/calcite/sql/fun/SqlStdOperatorTable.java,1,0,4.312893206076183e-05
1.12.0,core/src/main/java/org/apache/calcite/sql/validate/SqlNameMatcher.java,0,0,5.735458615773791e-07
1.12.0,core/src/main/java/org/apache/calcite/sql/validate/SqlNameMatchers.java,0,1,0.984914233548118
1.12.0,core/src/main/java/org/apache/calcite/sql/validate/SqlQualified.java,0,0,0.20631307137997665
1.12.0,core/src/main/java/org/apache/calcite/sql/validate/SqlValidatorScope.java,0,0,4.089458295626002e-10
1.12.0,core/src/main/java/org/apache/calcite/sql/validate/WithScope.java,0,1,0.9612304628218531
1.12.0,core/src/main/java/org/apache/calcite/jdbc/CalciteConnectionImpl.java,1,1,0.9172717255065178
1.12.0,core/src/main/java/org/apache/calcite/materialize/CachingLatticeStatisticProvider.java,0,0,0.0036252029510454183
1.12.0,core/src/main/java/org/apache/calcite/plan/ConventionTraitDef.java,0,1,0.9999258021150433
1.12.0,core/src/main/java/org/apache/calcite/rel/BiRel.java,0,0,0.002076842583300661
1.12.0,core/src/main/java/org/apache/calcite/sql/SqlLiteral.java,0,1,0.9804060042301533
1.12.0,core/src/main/java/org/apache/calcite/sql/SqlNode.java,0,0,2.546045877884665e-05
1.12.0,core/src/main/java/org/apache/calcite/sql/SqlPostfixOperator.java,0,0,0.052974363333103625
1.12.0,core/src/main/java/org/apache/calcite/sql/SqlPrefixOperator.java,0,0,0.18780043075032027
1.12.0,core/src/main/java/org/apache/calcite/sql/SqlSyntax.java,0,0,6.803729390698004e-05
1.12.0,core/src/main/java/org/apache/calcite/sql/SqlWindow.java,0,0,0.014739993615884826
1.12.0,core/src/main/java/org/apache/calcite/sql2rel/ReflectiveConvertletTable.java,0,0,0.0011093483867037513
1.12.0,core/src/main/java/org/apache/calcite/sql2rel/RelFieldTrimmer.java,0,0,0.07762840010106074
1.12.0,core/src/main/java/org/apache/calcite/sql2rel/SqlNodeToRexConverterImpl.java,0,0,0.09252218744632926
1.12.0,core/src/main/java/org/apache/calcite/tools/RelRunners.java,0,0,0.4386548795059498
1.12.0,core/src/main/java/org/apache/calcite/util/Closer.java,0,0,0.041555935290706746
1.12.0,core/src/main/java/org/apache/calcite/util/ReflectUtil.java,0,0,0.0009498381457694515
1.12.0,core/src/main/java/org/apache/calcite/util/SaffronProperties.java,0,0,0.06562081719193565
1.12.0,core/src/main/java/org/apache/calcite/plan/volcano/VolcanoRuleCall.java,0,0,0.1664578991422206
1.12.0,core/src/main/java/org/apache/calcite/rel/convert/ConverterImpl.java,0,0,0.00425381097149525
1.12.0,core/src/main/java/org/apache/calcite/rel/metadata/CachingRelMetadataProvider.java,0,0,0.35243112999501697
1.12.0,core/src/main/java/org/apache/calcite/rel/metadata/ChainedRelMetadataProvider.java,0,0,0.006733429316821875
1.12.0,core/src/main/java/org/apache/calcite/rel/metadata/JaninoRelMetadataProvider.java,1,1,0.9888501821477823
1.12.0,core/src/main/java/org/apache/calcite/rel/metadata/MetadataFactoryImpl.java,0,0,9.80969740451509e-07
1.12.0,core/src/main/java/org/apache/calcite/rel/metadata/ReflectiveRelMetadataProvider.java,0,0,0.004629654520588303
1.12.0,core/src/main/java/org/apache/calcite/rel/rules/CalcRelSplitter.java,0,0,0.47291874491034414
1.12.0,core/src/main/java/org/apache/calcite/rel/rules/JoinCommuteRule.java,0,0,0.013938759428673769
1.12.0,core/src/main/java/org/apache/calcite/rel/rules/ProjectToWindowRule.java,0,0,0.05083895616543367
1.12.0,core/src/main/java/org/apache/calcite/rel/rules/ReduceDecimalsRule.java,0,0,0.1426124175164128
1.12.0,core/src/main/java/org/apache/calcite/sql/fun/SqlLikeOperator.java,0,0,9.539353993691351e-05
1.12.0,core/src/main/java/org/apache/calcite/sql/parser/SqlAbstractParserImpl.java,0,0,0.03447225988507541
1.12.0,core/src/main/java/org/apache/calcite/sql/type/BasicSqlType.java,0,0,0.3453374833216392
1.12.0,core/src/main/java/org/apache/calcite/sql/type/SqlTypeAssignmentRules.java,0,0,0.000551434307430647
1.12.0,core/src/main/java/org/apache/calcite/sql/validate/SetopNamespace.java,0,1,0.7858055408764568
1.12.0,core/src/main/java/org/apache/calcite/sql/validate/SqlIdentifierMoniker.java,0,0,0.08632399727170259
1.12.0,cassandra/src/main/java/org/apache/calcite/adapter/cassandra/CassandraRules.java,0,0,1.6650804997824542e-05
1.12.0,elasticsearch/src/main/java/org/apache/calcite/adapter/elasticsearch/ElasticsearchSchema.java,0,0,3.4817600474256267e-06
1.12.0,mongodb/src/main/java/org/apache/calcite/adapter/mongodb/MongoRules.java,0,0,7.123543375586283e-07
1.12.0,core/src/main/java/org/apache/calcite/model/ModelHandler.java,0,1,0.7623938110739477
1.12.0,core/src/main/java/org/apache/calcite/rel/metadata/BuiltInMetadata.java,0,0,4.409845467702362e-41
1.12.0,core/src/main/java/org/apache/calcite/rel/metadata/DefaultRelMetadataProvider.java,0,0,0.14523215942014966
1.12.0,core/src/main/java/org/apache/calcite/rel/metadata/RelMdMaxRowCount.java,0,0,2.1280981141466367e-05
1.12.0,core/src/main/java/org/apache/calcite/rel/metadata/RelMdMinRowCount.java,0,0,2.4618018629687516e-06
1.12.0,core/src/main/java/org/apache/calcite/rel/metadata/RelMetadataQuery.java,0,0,0.19656641635819766
1.12.0,core/src/main/java/org/apache/calcite/sql/SqlExplain.java,0,0,7.91570461598083e-05
1.12.0,core/src/main/java/org/apache/calcite/sql/SqlExplainFormat.java,0,0,7.881209784011323e-11
1.12.0,core/src/main/java/org/apache/calcite/rel/externalize/RelJsonWriter.java,0,1,0.6258777754391832
1.12.0,linq4j/src/main/java/org/apache/calcite/linq4j/DefaultEnumerable.java,0,0,1.459429750773516e-11
1.12.0,linq4j/src/main/java/org/apache/calcite/linq4j/ExtendedEnumerable.java,0,0,9.958970842775884e-06
1.12.0,core/src/main/java/org/apache/calcite/runtime/ResultSetEnumerable.java,0,0,0.029809429535510284
1.12.0,core/src/main/java/org/apache/calcite/schema/ModifiableTable.java,0,0,0.0171756140357199
1.12.0,core/src/main/java/org/apache/calcite/sql/SqlInsert.java,0,0,0.02584569239235495
1.12.0,core/src/main/java/org/apache/calcite/sql/SqlValuesOperator.java,0,0,0.0010290621361564085
1.12.0,core/src/main/java/org/apache/calcite/sql/SqlWriter.java,0,0,7.395209312839987e-18
1.12.0,core/src/main/java/org/apache/calcite/adapter/enumerable/EnumerableTableModifyRule.java,0,0,0.023869826913633683
1.12.0,core/src/main/java/org/apache/calcite/adapter/jdbc/JdbcRules.java,0,0,2.2176207688932262e-08
1.12.0,core/src/main/java/org/apache/calcite/adapter/jdbc/JdbcTable.java,0,0,0.010091129532331511
1.12.0,core/src/main/java/org/apache/calcite/rel/core/TableModify.java,0,0,0.00044882250924689935
1.12.0,core/src/main/java/org/apache/calcite/rel/logical/LogicalTableModify.java,0,1,0.5087844508309427
1.12.0,core/src/main/java/org/apache/calcite/sql/fun/SqlRowOperator.java,0,0,0.004436422745248843
1.12.0,core/src/main/java/org/apache/calcite/rel/mutable/MutableMultiRel.java,0,0,1.554655715535473e-10
1.12.0,spark/src/main/java/org/apache/calcite/adapter/spark/SparkRuntime.java,0,0,0.017359806385831726
1.12.0,core/src/main/java/org/apache/calcite/rex/RexCallBinding.java,0,1,0.9994786977604112
1.12.0,core/src/main/java/org/apache/calcite/rel/rules/SortProjectTransposeRule.java,0,1,0.9890296903785413
1.12.0,core/src/main/java/org/apache/calcite/util/ImmutableIntList.java,0,0,4.838671670651575e-09
1.12.0,core/src/main/java/org/apache/calcite/util/Pair.java,0,0,4.6751558287492305e-07
1.12.0,core/src/main/java/org/apache/calcite/rel/type/DynamicRecordTypeImpl.java,0,0,0.19293881004641295
1.12.0,core/src/main/java/org/apache/calcite/rel/type/RelDataType.java,0,0,4.937145370411398e-47
1.12.0,core/src/main/java/org/apache/calcite/rel/type/RelDataTypeFactory.java,0,0,4.513163677492463e-06
1.12.0,core/src/main/java/org/apache/calcite/rel/type/RelDataTypeHolder.java,0,0,0.0026983168091810916
1.12.0,core/src/main/java/org/apache/calcite/rel/type/RelDataTypeImpl.java,0,0,1.7542373059225906e-10
1.12.0,core/src/main/java/org/apache/calcite/rel/type/RelRecordType.java,0,0,0.0061046969403833985
1.12.0,core/src/main/java/org/apache/calcite/rel/type/StructKind.java,0,0,0.00022671173405377248
1.12.0,core/src/main/java/org/apache/calcite/sql/validate/CatalogScope.java,0,0,0.047223382069057115
1.12.0,core/src/main/java/org/apache/calcite/sql/validate/ParameterScope.java,0,0,0.1191177437877338
1.12.0,splunk/src/main/java/org/apache/calcite/adapter/splunk/SplunkPushDownRule.java,0,0,0.349581519897939
1.12.0,core/src/main/java/org/apache/calcite/sql/SqlStateCodes.java,0,0,2.9592755588859414e-12
1.12.0,file/src/main/java/org/apache/calcite/adapter/file/FileSchema.java,0,1,0.9999251503157705
1.12.0,file/src/main/java/org/apache/calcite/adapter/file/FileSchemaFactory.java,0,1,0.8946287265406818
1.12.0,core/src/main/java/org/apache/calcite/jdbc/CachingCalciteSchema.java,1,1,0.9567699796960153
1.12.0,core/src/main/java/org/apache/calcite/jdbc/SimpleCalciteSchema.java,1,0,0.07537218849467517
1.12.0,core/src/main/java/org/apache/calcite/interpreter/Source.java,0,0,6.296871103110374e-12
1.12.0,core/src/main/java/org/apache/calcite/tools/Planner.java,0,0,0.0014928670580643228
1.12.0,core/src/main/java/org/apache/calcite/sql2rel/RelDecorrelator.java,0,1,0.9770970553956884
1.12.0,core/src/main/java/org/apache/calcite/sql/SqlFunction.java,0,0,0.0002322362264402248
1.12.0,core/src/main/java/org/apache/calcite/rel/rules/LoptOptimizeJoinRule.java,0,0,0.015490293262727188
1.12.0,avatica/core/src/main/java/org/apache/calcite/avatica/remote/TypedValue.java,0,0,0.006306466253814583
1.12.0,core/src/main/java/org/apache/calcite/plan/RelOptUtil.java,1,1,0.9999971121059608
1.12.0,core/src/main/java/org/apache/calcite/Demo.java,0,0,1.7245511115771687e-41
1.12.0,core/src/main/java/org/apache/calcite/config/Lex.java,0,0,0.0007940790108641485
1.12.0,core/src/main/java/org/apache/calcite/config/NullCollation.java,0,0,4.2536493153934154e-17
1.12.0,core/src/main/java/org/apache/calcite/interpreter/AbstractSingleNode.java,0,0,5.365702611890699e-09
1.12.0,core/src/main/java/org/apache/calcite/interpreter/BindableRel.java,0,0,3.4680930424308955e-07
1.12.0,core/src/main/java/org/apache/calcite/interpreter/Context.java,0,0,2.753812227092219e-05
1.12.0,core/src/main/java/org/apache/calcite/interpreter/FilterNode.java,0,0,0.006613129961140682
1.12.0,core/src/main/java/org/apache/calcite/interpreter/InterpretableConverter.java,0,0,0.035167599177509876
1.12.0,core/src/main/java/org/apache/calcite/interpreter/InterpretableRel.java,0,0,0.0006118111352278713
1.12.0,core/src/main/java/org/apache/calcite/interpreter/Interpreters.java,0,0,5.900854113463484e-10
1.12.0,core/src/main/java/org/apache/calcite/interpreter/JaninoRexCompiler.java,0,0,0.028249819039781566
1.12.0,core/src/main/java/org/apache/calcite/interpreter/JoinNode.java,0,0,0.030197145523736146
1.12.0,core/src/main/java/org/apache/calcite/interpreter/Node.java,0,0,1.270345600534779e-15
1.12.0,core/src/main/java/org/apache/calcite/interpreter/Nodes.java,0,0,0.01091482934709016
1.12.0,core/src/main/java/org/apache/calcite/interpreter/NoneToBindableConverterRule.java,0,0,8.47117520445395e-05
1.12.0,core/src/main/java/org/apache/calcite/interpreter/ProjectNode.java,0,0,0.009475003182581578
1.12.0,core/src/main/java/org/apache/calcite/interpreter/Row.java,0,0,5.3119371506269715e-05
1.12.0,core/src/main/java/org/apache/calcite/interpreter/Scalar.java,0,0,9.890501652463622e-14
1.12.0,core/src/main/java/org/apache/calcite/interpreter/Sink.java,0,0,1.421627761480115e-06
1.12.0,core/src/main/java/org/apache/calcite/interpreter/SortNode.java,1,1,0.9853902593253715
1.12.0,core/src/main/java/org/apache/calcite/interpreter/TableScanNode.java,0,0,0.0072847815236392055
1.12.0,core/src/main/java/org/apache/calcite/interpreter/UnionNode.java,0,0,4.6705707180141304e-05
1.12.0,core/src/main/java/org/apache/calcite/interpreter/ValuesNode.java,0,0,0.016409730643056498
1.12.0,core/src/main/java/org/apache/calcite/interpreter/WindowNode.java,0,0,0.014935650264292246
1.12.0,core/src/main/java/org/apache/calcite/jdbc/CalciteConnection.java,0,0,7.793937446246866e-11
1.12.0,core/src/main/java/org/apache/calcite/jdbc/CalciteFactory.java,0,0,0.1648121939431686
1.12.0,core/src/main/java/org/apache/calcite/jdbc/CalciteJdbc41Factory.java,0,0,1.8033592581889886e-20
1.12.0,core/src/main/java/org/apache/calcite/jdbc/CalcitePreparedStatement.java,0,0,0.29506858662803004
1.12.0,core/src/main/java/org/apache/calcite/jdbc/CalciteRootSchema.java,0,0,3.469703108350406e-09
1.12.0,core/src/main/java/org/apache/calcite/jdbc/CalciteStatement.java,1,1,0.9420665764374505
1.12.0,core/src/main/java/org/apache/calcite/jdbc/Driver.java,0,0,0.019266381667390073
1.12.0,core/src/main/java/org/apache/calcite/jdbc/JavaRecordType.java,0,0,8.339182265219534e-05
1.12.0,core/src/main/java/org/apache/calcite/jdbc/MetadataSchema.java,0,0,2.275115580678602e-09
1.12.0,core/src/main/java/org/apache/calcite/jdbc/SqlTimeoutException.java,0,0,9.490926436690988e-08
1.12.0,core/src/main/java/org/apache/calcite/materialize/DelegatingLatticeStatisticProvider.java,0,0,0.06658625759475317
1.12.0,core/src/main/java/org/apache/calcite/materialize/Lattices.java,0,0,0.001536128753617366
1.12.0,core/src/main/java/org/apache/calcite/materialize/LatticeStatisticProvider.java,0,0,3.3863112310729627e-16
1.12.0,core/src/main/java/org/apache/calcite/materialize/MaterializationActor.java,0,0,4.554217241106429e-09
1.12.0,core/src/main/java/org/apache/calcite/materialize/MaterializationKey.java,0,0,0.09075697507745134
1.12.0,core/src/main/java/org/apache/calcite/materialize/MaterializationService.java,1,0,1.5670000990915548e-05
1.12.0,core/src/main/java/org/apache/calcite/materialize/SqlLatticeStatisticProvider.java,0,1,0.7401428423139793
1.12.0,core/src/main/java/org/apache/calcite/materialize/TileKey.java,0,0,0.14090196593383605
1.12.0,core/src/main/java/org/apache/calcite/model/JsonColumn.java,0,0,9.62599700582342e-05
1.12.0,core/src/main/java/org/apache/calcite/model/JsonCustomSchema.java,0,0,0.11245899630905831
1.12.0,core/src/main/java/org/apache/calcite/model/JsonCustomTable.java,0,0,0.0017324548415923683
1.12.0,core/src/main/java/org/apache/calcite/model/JsonFunction.java,0,0,6.14259912029964e-07
1.12.0,core/src/main/java/org/apache/calcite/model/JsonJdbcSchema.java,0,0,0.0009916969529045745
1.12.0,core/src/main/java/org/apache/calcite/model/JsonLattice.java,0,0,0.00042140077858182753
1.12.0,core/src/main/java/org/apache/calcite/model/JsonMapSchema.java,0,0,0.2609073367571043
1.12.0,core/src/main/java/org/apache/calcite/model/JsonMaterialization.java,0,0,8.536540980442613e-05
1.12.0,core/src/main/java/org/apache/calcite/model/JsonMeasure.java,0,0,7.743197259789165e-07
1.12.0,core/src/main/java/org/apache/calcite/model/JsonRoot.java,0,0,2.440628369428389e-05
1.12.0,core/src/main/java/org/apache/calcite/model/JsonStream.java,0,0,7.527435239371966e-05
1.12.0,core/src/main/java/org/apache/calcite/model/JsonTable.java,0,0,5.270752116599622e-07
1.12.0,core/src/main/java/org/apache/calcite/model/JsonTile.java,0,0,9.545636757830188e-07
1.12.0,core/src/main/java/org/apache/calcite/model/JsonView.java,0,0,1.774367512208718e-05
1.12.0,core/src/main/java/org/apache/calcite/plan/CommonRelSubExprRule.java,0,0,2.0925720932752476e-11
1.12.0,core/src/main/java/org/apache/calcite/plan/Contexts.java,0,0,2.799759233503354e-07
1.12.0,core/src/main/java/org/apache/calcite/plan/MulticastRelOptListener.java,0,0,0.3260623183326716
1.12.0,core/src/main/java/org/apache/calcite/plan/RelCompositeTrait.java,0,0,0.027607972177935557
1.12.0,core/src/main/java/org/apache/calcite/plan/RelImplementor.java,0,0,7.236284407285942e-07
1.12.0,core/src/main/java/org/apache/calcite/plan/RelMultipleTrait.java,0,0,9.893206265628933e-19
1.12.0,core/src/main/java/org/apache/calcite/plan/RelOptAbstractTable.java,0,0,0.005635484847221747
1.12.0,core/src/main/java/org/apache/calcite/plan/RelOptCluster.java,0,0,0.15395022170170622
1.12.0,core/src/main/java/org/apache/calcite/plan/RelOptConnection.java,0,0,1.657535444554319e-14
1.12.0,core/src/main/java/org/apache/calcite/plan/RelOptCost.java,0,0,2.392235071317679e-09
1.12.0,core/src/main/java/org/apache/calcite/plan/RelOptCostFactory.java,0,0,1.0930869968462926e-15
1.12.0,core/src/main/java/org/apache/calcite/plan/RelOptCostImpl.java,0,0,0.005674002503050469
1.12.0,core/src/main/java/org/apache/calcite/plan/RelOptLattice.java,0,0,0.006079441716648559
1.12.0,core/src/main/java/org/apache/calcite/plan/RelOptListener.java,0,0,0.0001634006639838257
1.12.0,core/src/main/java/org/apache/calcite/plan/RelOptNode.java,0,0,1.1226784665168587e-31
1.12.0,core/src/main/java/org/apache/calcite/plan/RelOptQuery.java,0,0,0.007678755394305245
1.12.0,core/src/main/java/org/apache/calcite/plan/RelOptRule.java,0,0,0.04745672331253932
1.12.0,core/src/main/java/org/apache/calcite/plan/RelOptRuleCall.java,0,1,0.506090104858622
1.12.0,core/src/main/java/org/apache/calcite/plan/RelOptRuleOperand.java,0,0,0.11771078617605348
1.12.0,core/src/main/java/org/apache/calcite/plan/RelOptRuleOperandChildPolicy.java,0,0,0.00021741274280588082
1.12.0,core/src/main/java/org/apache/calcite/plan/RelOptRuleOperandChildren.java,0,0,2.147314003108175e-06
1.12.0,core/src/main/java/org/apache/calcite/plan/RelOptSamplingParameters.java,0,0,2.7813902466413092e-05
1.12.0,core/src/main/java/org/apache/calcite/plan/RelOptSchema.java,0,0,2.2654898856982287e-10
1.12.0,core/src/main/java/org/apache/calcite/plan/RelOptSchemaWithSampling.java,0,0,3.183631142625919e-14
1.12.0,core/src/main/java/org/apache/calcite/plan/RelTrait.java,0,0,1.7261900283829454e-09
1.12.0,core/src/main/java/org/apache/calcite/plan/RelTraitPropagationVisitor.java,0,0,0.018254113682100902
1.12.0,core/src/main/java/org/apache/calcite/plan/RelTraitSet.java,0,0,8.030097540366844e-08
1.12.0,core/src/main/java/org/apache/calcite/plan/TableAccessMap.java,0,0,2.1752235638095995e-07
1.12.0,core/src/main/java/org/apache/calcite/prepare/QueryableRelBuilder.java,0,0,0.0068436121491790075
1.12.0,core/src/main/java/org/apache/calcite/rel/InvalidRelException.java,0,0,6.557177127919675e-08
1.12.0,core/src/main/java/org/apache/calcite/rel/RelCollation.java,0,0,4.6530738056213294e-29
1.12.0,core/src/main/java/org/apache/calcite/rel/RelCollationImpl.java,0,0,0.0069657758029897125
1.12.0,core/src/main/java/org/apache/calcite/rel/RelCollations.java,0,0,5.98076956298799e-09
1.12.0,core/src/main/java/org/apache/calcite/rel/RelDistribution.java,0,0,0.0017060346179639762
1.12.0,core/src/main/java/org/apache/calcite/rel/RelDistributions.java,0,0,0.001048989105867273
1.12.0,core/src/main/java/org/apache/calcite/rel/RelDistributionTraitDef.java,0,0,0.07300122753922371
1.12.0,core/src/main/java/org/apache/calcite/rel/RelFieldCollation.java,0,0,8.080992705264304e-08
1.12.0,core/src/main/java/org/apache/calcite/rel/RelInput.java,0,0,0.05298399383745154
1.12.0,core/src/main/java/org/apache/calcite/rel/RelNodes.java,0,0,5.859275146569536e-11
1.12.0,core/src/main/java/org/apache/calcite/rel/RelVisitor.java,0,0,8.547403525048108e-05
1.12.0,core/src/main/java/org/apache/calcite/rel/RelWriter.java,0,0,4.129084364693165e-10
1.12.0,core/src/main/java/org/apache/calcite/rel/SingleRel.java,0,0,9.717575668109013e-05
1.12.0,core/src/main/java/org/apache/calcite/rex/RexAction.java,0,0,1.1348648408038918e-14
1.12.0,core/src/main/java/org/apache/calcite/rex/RexCopier.java,0,0,0.29758785589755216
1.12.0,core/src/main/java/org/apache/calcite/rex/RexCorrelVariable.java,0,0,0.01247417352190675
1.12.0,core/src/main/java/org/apache/calcite/rex/RexDynamicParam.java,0,0,0.025640220428462535
1.12.0,core/src/main/java/org/apache/calcite/rex/RexFieldAccess.java,0,0,0.00013685478749720975
1.12.0,core/src/main/java/org/apache/calcite/rex/RexFieldCollation.java,0,0,0.025001735179674904
1.12.0,core/src/main/java/org/apache/calcite/rex/RexInputRef.java,0,0,0.002540440285592291
1.12.0,core/src/main/java/org/apache/calcite/rex/RexLocalRef.java,0,0,0.0011812313860748546
1.12.0,core/src/main/java/org/apache/calcite/rex/RexMultisetUtil.java,0,0,1.7992969164277086e-06
1.12.0,core/src/main/java/org/apache/calcite/rex/RexNode.java,0,0,2.2438341725366472e-09
1.12.0,core/src/main/java/org/apache/calcite/rex/RexPattern.java,0,0,2.9539860477526357e-12
1.12.0,core/src/main/java/org/apache/calcite/rex/RexPermutationShuttle.java,0,0,6.785965952014918e-05
1.12.0,core/src/main/java/org/apache/calcite/rex/RexPermuteInputsShuttle.java,0,0,0.25528333202432024
1.12.0,core/src/main/java/org/apache/calcite/rex/RexRangeRef.java,0,0,0.0020792387030653396
1.12.0,core/src/main/java/org/apache/calcite/rex/RexSlot.java,0,0,2.929195227864812e-06
1.12.0,core/src/main/java/org/apache/calcite/rex/RexSqlConvertlet.java,0,0,6.437968803847095e-14
1.12.0,core/src/main/java/org/apache/calcite/rex/RexSqlConvertletTable.java,0,0,8.457847093801884e-16
1.12.0,core/src/main/java/org/apache/calcite/rex/RexSqlReflectiveConvertletTable.java,0,0,0.10118678621066612
1.12.0,core/src/main/java/org/apache/calcite/rex/RexSubQuery.java,0,0,0.08584193029552699
1.12.0,core/src/main/java/org/apache/calcite/rex/RexToSqlNodeConverter.java,0,0,8.925400457555333e-07
1.12.0,core/src/main/java/org/apache/calcite/rex/RexToSqlNodeConverterImpl.java,0,0,0.023608658096458724
1.12.0,core/src/main/java/org/apache/calcite/rex/RexTransformer.java,0,0,0.29404650744111005
1.12.0,core/src/main/java/org/apache/calcite/rex/RexVariable.java,0,0,2.7385524352172647e-05
1.12.0,core/src/main/java/org/apache/calcite/rex/RexWindow.java,0,0,0.007587013458675585
1.12.0,core/src/main/java/org/apache/calcite/rex/RexWindowBound.java,0,0,0.00011159924806363867
1.12.0,core/src/main/java/org/apache/calcite/runtime/AbstractImmutableList.java,0,0,0.0717077936619564
1.12.0,core/src/main/java/org/apache/calcite/runtime/ArrayBindable.java,0,0,1.8266481305184007e-18
1.12.0,core/src/main/java/org/apache/calcite/runtime/ArrayComparator.java,0,0,0.00231926211630641
1.12.0,core/src/main/java/org/apache/calcite/runtime/ArrayEnumeratorCursor.java,0,0,3.3218591422841486e-05
1.12.0,core/src/main/java/org/apache/calcite/runtime/BinarySearch.java,0,0,0.05884259495372494
1.12.0,core/src/main/java/org/apache/calcite/runtime/Bindable.java,0,0,1.7751891163009184e-17
1.12.0,core/src/main/java/org/apache/calcite/runtime/CalciteContextException.java,0,0,4.117272811525849e-05
1.12.0,core/src/main/java/org/apache/calcite/runtime/CalciteException.java,0,0,2.637967872869531e-10
1.12.0,core/src/main/java/org/apache/calcite/runtime/ConsList.java,0,0,0.07056917256930309
1.12.0,core/src/main/java/org/apache/calcite/runtime/Enumerables.java,0,0,5.890871527039735e-11
1.12.0,core/src/main/java/org/apache/calcite/runtime/EnumeratorCursor.java,0,0,0.0007689688094763721
1.12.0,core/src/main/java/org/apache/calcite/runtime/Feature.java,0,0,0.00011230237665140415
1.12.0,core/src/main/java/org/apache/calcite/runtime/ObjectEnumeratorCursor.java,0,0,0.0013510534761444796
1.12.0,core/src/main/java/org/apache/calcite/runtime/RecordEnumeratorCursor.java,0,0,0.0009511618030413537
1.12.0,core/src/main/java/org/apache/calcite/runtime/SocketFactoryImpl.java,0,0,4.265193687886184e-05
1.12.0,core/src/main/java/org/apache/calcite/runtime/SortedMultiMap.java,0,0,6.262083487490812e-06
1.12.0,core/src/main/java/org/apache/calcite/runtime/TrustAllSslSocketFactory.java,0,0,4.969345023464987e-05
1.12.0,core/src/main/java/org/apache/calcite/runtime/Typed.java,0,0,1.8872597451017873e-19
1.12.0,core/src/main/java/org/apache/calcite/runtime/Unit.java,0,0,8.888743469165107e-05
1.12.0,core/src/main/java/org/apache/calcite/runtime/Utilities.java,0,0,0.04272645646311742
1.12.0,core/src/main/java/org/apache/calcite/schema/AggregateFunction.java,0,0,2.6973459249484456e-17
1.12.0,core/src/main/java/org/apache/calcite/schema/FilterableTable.java,0,0,1.2375314680753849e-14
1.12.0,core/src/main/java/org/apache/calcite/schema/Function.java,0,0,4.1069260782101184e-19
1.12.0,core/src/main/java/org/apache/calcite/schema/FunctionParameter.java,0,0,1.9510456653100114e-11
1.12.0,core/src/main/java/org/apache/calcite/schema/ImplementableAggFunction.java,0,0,4.913639763465183e-17
1.12.0,core/src/main/java/org/apache/calcite/schema/ImplementableFunction.java,0,0,1.0569456002526221e-17
1.12.0,core/src/main/java/org/apache/calcite/schema/Member.java,0,0,0.0019834718382906553
1.12.0,core/src/main/java/org/apache/calcite/schema/ModifiableView.java,0,0,1.4955689063787626e-06
1.12.0,core/src/main/java/org/apache/calcite/schema/Path.java,0,0,8.715998450458705e-11
1.12.0,core/src/main/java/org/apache/calcite/schema/ProjectableFilterableTable.java,0,0,1.2652677810184535e-09
1.12.0,core/src/main/java/org/apache/calcite/schema/QueryableTable.java,0,0,1.0280721968620261e-10
1.12.0,core/src/main/java/org/apache/calcite/schema/ScalarFunction.java,0,0,3.918166090574159e-17
1.12.0,core/src/main/java/org/apache/calcite/schema/ScannableTable.java,0,0,2.3143232892074107e-20
1.12.0,core/src/main/java/org/apache/calcite/schema/Schema.java,0,0,0.01666446872634654
1.12.0,core/src/main/java/org/apache/calcite/schema/SchemaFactory.java,0,0,2.3850986430148966e-10
1.12.0,core/src/main/java/org/apache/calcite/schema/SchemaPlus.java,0,0,2.74990662762246e-20
1.12.0,core/src/main/java/org/apache/calcite/schema/SemiMutableSchema.java,0,0,4.966314980400768e-07
1.12.0,core/src/main/java/org/apache/calcite/schema/Statistic.java,0,0,1.8053983234431945e-10
1.12.0,core/src/main/java/org/apache/calcite/schema/Statistics.java,0,0,0.001564186324741535
1.12.0,core/src/main/java/org/apache/calcite/schema/StreamableTable.java,0,0,2.756495918148958e-18
1.12.0,core/src/main/java/org/apache/calcite/schema/TableFactory.java,0,0,2.5789608316097774e-07
1.12.0,core/src/main/java/org/apache/calcite/schema/TableFunction.java,0,0,4.162400271703536e-10
1.12.0,core/src/main/java/org/apache/calcite/schema/TableMacro.java,0,0,4.29919810837991e-18
1.12.0,core/src/main/java/org/apache/calcite/server/CalciteServer.java,0,0,5.154548610630221e-08
1.12.0,core/src/main/java/org/apache/calcite/server/CalciteServerStatement.java,0,0,1.6967555065530798e-16
1.12.0,core/src/main/java/org/apache/calcite/sql/ExplicitOperatorBinding.java,0,0,0.012665797852322136
1.12.0,core/src/main/java/org/apache/calcite/sql/JoinConditionType.java,0,0,1.4403698842292658e-13
1.12.0,core/src/main/java/org/apache/calcite/sql/SqlAbstractDateTimeLiteral.java,0,0,0.0032633541815455503
1.12.0,core/src/main/java/org/apache/calcite/sql/SqlAbstractStringLiteral.java,0,0,7.850362683501849e-06
1.12.0,core/src/main/java/org/apache/calcite/sql/SqlAccessEnum.java,0,0,0.00033114481593216863
1.12.0,core/src/main/java/org/apache/calcite/sql/SqlAsOperator.java,0,0,0.0008472763201050648
1.12.0,core/src/main/java/org/apache/calcite/sql/SqlBinaryOperator.java,0,0,0.1824282139866548
1.12.0,core/src/main/java/org/apache/calcite/sql/SqlBinaryStringLiteral.java,0,0,0.0017871455304951567
1.12.0,core/src/main/java/org/apache/calcite/sql/SqlCharStringLiteral.java,0,0,3.8554526577362196e-05
1.12.0,core/src/main/java/org/apache/calcite/sql/SqlDateLiteral.java,0,0,0.03391209337860921
1.12.0,core/src/main/java/org/apache/calcite/sql/SqlDelete.java,0,0,0.26922244705473203
1.12.0,core/src/main/java/org/apache/calcite/sql/SqlDynamicParam.java,0,0,0.023059424334307854
1.12.0,core/src/main/java/org/apache/calcite/sql/SqlExplainLevel.java,0,0,2.1344288314022774e-11
1.12.0,core/src/main/java/org/apache/calcite/sql/SqlFunctionalOperator.java,0,0,0.00017927513063953262
1.12.0,core/src/main/java/org/apache/calcite/sql/SqlInfixOperator.java,0,0,0.06584311261805124
1.12.0,core/src/main/java/org/apache/calcite/sql/SqlInsertKeyword.java,0,0,1.6887673463349633e-10
1.12.0,core/src/main/java/org/apache/calcite/sql/SqlInternalOperator.java,0,0,0.2947690063472698
1.12.0,core/src/main/java/org/apache/calcite/sql/SqlJoin.java,0,0,0.002771178892477645
1.12.0,core/src/main/java/org/apache/calcite/sql/SqlMerge.java,0,0,0.034987345615375615
1.12.0,core/src/main/java/org/apache/calcite/sql/SqlNodeList.java,0,0,8.353032284679275e-05
1.12.0,core/src/main/java/org/apache/calcite/sql/SqlNullSemantics.java,0,0,3.880690747969053e-08
1.12.0,core/src/main/java/org/apache/calcite/sql/SqlNumericLiteral.java,0,0,0.05755717301641328
1.12.0,core/src/main/java/org/apache/calcite/sql/SqlOperandCountRange.java,0,0,8.957309932266161e-14
1.12.0,core/src/main/java/org/apache/calcite/sql/SqlOperatorBinding.java,0,0,5.194225400986127e-05
1.12.0,core/src/main/java/org/apache/calcite/sql/SqlOperatorTable.java,0,0,2.3639034453105373e-07
1.12.0,core/src/main/java/org/apache/calcite/sql/SqlOrderBy.java,0,0,0.03283362294325482
1.12.0,core/src/main/java/org/apache/calcite/sql/SqlProcedureCallOperator.java,0,0,0.001347979301130478
1.12.0,core/src/main/java/org/apache/calcite/sql/SqlRankFunction.java,0,0,4.8625694245268766e-05
1.12.0,core/src/main/java/org/apache/calcite/sql/SqlSampleSpec.java,0,0,0.00020760904220339796
1.12.0,core/src/main/java/org/apache/calcite/sql/SqlSelectKeyword.java,0,0,7.433310796111132e-14
1.12.0,core/src/main/java/org/apache/calcite/sql/SqlSelectOperator.java,0,1,0.6073208038101519
1.12.0,core/src/main/java/org/apache/calcite/sql/SqlSetOperator.java,0,0,0.4652245794181382
1.12.0,core/src/main/java/org/apache/calcite/sql/SqlSplittableAggFunction.java,1,1,0.9999999999999551
1.12.0,core/src/main/java/org/apache/calcite/sql/SqlTimeLiteral.java,0,0,0.001413840226992818
1.12.0,core/src/main/java/org/apache/calcite/sql/SqlTimestampLiteral.java,0,0,1.664065609983025e-05
1.12.0,core/src/main/java/org/apache/calcite/sql/SqlUnnestOperator.java,0,0,0.0005025581193881667
1.12.0,core/src/main/java/org/apache/calcite/sql/SqlUnresolvedFunction.java,0,0,0.028491048179359532
1.12.0,core/src/main/java/org/apache/calcite/sql/SqlUpdate.java,0,0,0.4219195867558949
1.12.0,core/src/main/java/org/apache/calcite/sql/SqlWith.java,0,0,0.08474630562198664
1.12.0,core/src/main/java/org/apache/calcite/sql/SqlWithItem.java,0,0,0.11258599683871126
1.12.0,core/src/main/java/org/apache/calcite/sql2rel/CorrelationReferenceFinder.java,0,0,0.01938550818021305
1.12.0,core/src/main/java/org/apache/calcite/sql2rel/DeduplicateCorrelateVariables.java,0,0,0.007966741108719205
1.12.0,core/src/main/java/org/apache/calcite/sql2rel/SqlNodeToRexConverter.java,0,0,1.1010496858316134e-06
1.12.0,core/src/main/java/org/apache/calcite/sql2rel/SqlRexContext.java,0,0,0.0001035760294966925
1.12.0,core/src/main/java/org/apache/calcite/sql2rel/SqlRexConvertlet.java,0,0,6.877663959932294e-18
1.12.0,core/src/main/java/org/apache/calcite/sql2rel/SqlRexConvertletTable.java,0,0,3.4005550850253807e-15
1.12.0,core/src/main/java/org/apache/calcite/tools/RelBuilderFactory.java,0,0,6.807402563742078e-17
1.12.0,core/src/main/java/org/apache/calcite/tools/RelConversionException.java,0,0,0.00011457420304761989
1.12.0,core/src/main/java/org/apache/calcite/tools/RelRunner.java,0,0,1.161564158521869e-14
1.12.0,core/src/main/java/org/apache/calcite/tools/RuleSet.java,0,0,3.4084172801889636e-08
1.12.0,core/src/main/java/org/apache/calcite/tools/RuleSets.java,0,0,8.307711755433957e-05
1.12.0,core/src/main/java/org/apache/calcite/tools/ValidationException.java,0,0,8.25684792677054e-05
1.12.0,core/src/main/java/org/apache/calcite/util/BarfingInvocationHandler.java,0,0,0.0032937849008017697
1.12.0,core/src/main/java/org/apache/calcite/util/BasicDatetime.java,0,0,1.765049071770324e-15
1.12.0,core/src/main/java/org/apache/calcite/util/Benchmark.java,0,0,0.011040781342418007
1.12.0,core/src/main/java/org/apache/calcite/util/BitSets.java,0,0,5.966744800943564e-11
1.12.0,core/src/main/java/org/apache/calcite/util/BitString.java,0,0,0.00046596756170692454
1.12.0,core/src/main/java/org/apache/calcite/util/CalciteParserException.java,0,0,1.3532808545758488e-07
1.12.0,core/src/main/java/org/apache/calcite/util/CalciteValidatorException.java,0,0,1.3532808545758488e-07
1.12.0,core/src/main/java/org/apache/calcite/util/CastingList.java,0,0,0.026409333270110715
1.12.0,core/src/main/java/org/apache/calcite/util/ChunkList.java,0,0,0.16814774149889528
1.12.0,core/src/main/java/org/apache/calcite/util/ClosableAllocation.java,0,0,5.355061228547143e-16
1.12.0,core/src/main/java/org/apache/calcite/util/ClosableAllocationOwner.java,0,0,1.1153537486135799e-14
1.12.0,core/src/main/java/org/apache/calcite/util/CompatibleGuava11.java,0,0,0.0006179505355616355
1.12.0,core/src/main/java/org/apache/calcite/util/CompositeMap.java,0,0,0.003885460510158561
1.12.0,core/src/main/java/org/apache/calcite/util/CompoundClosableAllocation.java,0,0,0.007694946620541149
1.12.0,core/src/main/java/org/apache/calcite/util/ControlFlowException.java,0,0,0.009890670267981629
1.12.0,core/src/main/java/org/apache/calcite/util/DelegatingInvocationHandler.java,0,0,0.00011086521635498788
1.12.0,core/src/main/java/org/apache/calcite/util/Filterator.java,0,0,0.02710181126459006
1.12.0,core/src/main/java/org/apache/calcite/util/Glossary.java,0,0,0.00035217644267780706
1.12.0,core/src/main/java/org/apache/calcite/util/Holder.java,0,0,4.978973560533617e-06
1.12.0,core/src/main/java/org/apache/calcite/util/ImmutableNullableList.java,0,0,0.012873035491750527
1.12.0,core/src/main/java/org/apache/calcite/util/IntegerIntervalSet.java,0,0,1.0369066641115652e-09
1.12.0,core/src/main/java/org/apache/calcite/util/IntList.java,0,0,0.007454083819495618
1.12.0,core/src/main/java/org/apache/calcite/util/JsonBuilder.java,0,0,0.2641492713948865
1.12.0,core/src/main/java/org/apache/calcite/util/Litmus.java,0,0,3.7596044055462347e-10
1.12.0,core/src/main/java/org/apache/calcite/util/PartiallyOrderedSet.java,0,0,0.024707307181441245
1.12.0,core/src/main/java/org/apache/calcite/util/Permutation.java,0,0,0.009007020274336152
1.12.0,core/src/main/java/org/apache/calcite/util/ReflectiveVisitDispatcher.java,0,0,0.0008067438821926786
1.12.0,core/src/main/java/org/apache/calcite/util/ReflectiveVisitor.java,0,0,6.972826525115832e-09
1.12.0,core/src/main/java/org/apache/calcite/util/SerializableCharset.java,0,0,0.0001324630865126571
1.12.0,core/src/main/java/org/apache/calcite/util/Stacks.java,0,0,6.591950388249601e-05
1.12.0,core/src/main/java/org/apache/calcite/util/StackWriter.java,0,0,0.014750003232061763
1.12.0,core/src/main/java/org/apache/calcite/util/Static.java,0,0,0.0033013468050507293
1.12.0,core/src/main/java/org/apache/calcite/util/TryThreadLocal.java,0,0,1.5761016991559355e-06
1.12.0,core/src/main/java/org/apache/calcite/util/UnmodifiableArrayList.java,0,0,0.0004687447736393688
1.12.0,core/src/main/java/org/apache/calcite/util/XmlOutput.java,0,0,3.1842595652214753e-12
1.12.0,core/src/main/java/org/apache/calcite/util/ZonelessDate.java,0,0,0.0013571848668652953
1.12.0,core/src/main/java/org/apache/calcite/util/ZonelessTime.java,0,0,0.004100955755723258
1.12.0,core/src/main/java/org/apache/calcite/adapter/clone/ArrayTable.java,0,0,0.014709279657820273
1.12.0,core/src/main/java/org/apache/calcite/adapter/clone/CloneSchema.java,0,0,0.0441261628297425
1.12.0,core/src/main/java/org/apache/calcite/adapter/clone/ColumnLoader.java,0,0,0.0017517769042389344
1.12.0,core/src/main/java/org/apache/calcite/adapter/clone/ListTable.java,0,0,0.005106674033504173
1.12.0,core/src/main/java/org/apache/calcite/adapter/enumerable/AggAddContext.java,0,0,2.3618995498513902e-11
1.12.0,core/src/main/java/org/apache/calcite/adapter/enumerable/AggContext.java,0,0,4.1616803933135396e-08
1.12.0,core/src/main/java/org/apache/calcite/adapter/enumerable/AggImplementor.java,0,0,1.254199373121688e-06
1.12.0,core/src/main/java/org/apache/calcite/adapter/enumerable/AggImpState.java,0,0,9.122994009840698e-09
1.12.0,core/src/main/java/org/apache/calcite/adapter/enumerable/AggResetContext.java,0,0,1.5697700994045523e-19
1.12.0,core/src/main/java/org/apache/calcite/adapter/enumerable/AggResultContext.java,0,0,6.98997254631598e-08
1.12.0,core/src/main/java/org/apache/calcite/adapter/enumerable/CallImplementor.java,0,0,1.1041864813709255e-13
1.12.0,core/src/main/java/org/apache/calcite/adapter/enumerable/EnumerableAggregate.java,0,0,0.4100722514062798
1.12.0,core/src/main/java/org/apache/calcite/adapter/enumerable/EnumerableAggregateRule.java,0,0,0.019621297901019474
1.12.0,core/src/main/java/org/apache/calcite/adapter/enumerable/EnumerableBindable.java,0,0,0.006061305305544561
1.12.0,core/src/main/java/org/apache/calcite/adapter/enumerable/EnumerableCalcRule.java,0,0,7.705408005258688e-06
1.12.0,core/src/main/java/org/apache/calcite/adapter/enumerable/EnumerableCollect.java,0,0,0.05137577712290274
1.12.0,core/src/main/java/org/apache/calcite/adapter/enumerable/EnumerableCollectRule.java,0,0,0.0010417513007192584
1.12.0,core/src/main/java/org/apache/calcite/adapter/enumerable/EnumerableCorrelate.java,0,0,0.18054162544856492
1.12.0,core/src/main/java/org/apache/calcite/adapter/enumerable/EnumerableCorrelateRule.java,0,0,0.0004291944422553113
1.12.0,core/src/main/java/org/apache/calcite/adapter/enumerable/EnumerableFilter.java,0,0,1.2769708862395661e-07
1.12.0,core/src/main/java/org/apache/calcite/adapter/enumerable/EnumerableFilterRule.java,0,0,0.0013558140063107448
1.12.0,core/src/main/java/org/apache/calcite/adapter/enumerable/EnumerableFilterToCalcRule.java,0,0,5.467029123930188e-09
1.12.0,core/src/main/java/org/apache/calcite/adapter/enumerable/EnumerableInterpretable.java,0,0,0.028829977017651894
1.12.0,core/src/main/java/org/apache/calcite/adapter/enumerable/EnumerableInterpreter.java,0,0,0.030183084744868294
1.12.0,core/src/main/java/org/apache/calcite/adapter/enumerable/EnumerableInterpreterRule.java,0,0,4.636255947893811e-06
1.12.0,core/src/main/java/org/apache/calcite/adapter/enumerable/EnumerableIntersectRule.java,0,0,0.0022760677671029
1.12.0,core/src/main/java/org/apache/calcite/adapter/enumerable/EnumerableJoin.java,0,0,5.482977167273618e-05
1.12.0,core/src/main/java/org/apache/calcite/adapter/enumerable/EnumerableJoinRule.java,0,0,0.0003192039979145741
1.12.0,core/src/main/java/org/apache/calcite/adapter/enumerable/EnumerableLimit.java,0,0,6.333431876363122e-10
1.12.0,core/src/main/java/org/apache/calcite/adapter/enumerable/EnumerableLimitRule.java,0,0,0.02148390358432712
1.12.0,core/src/main/java/org/apache/calcite/adapter/enumerable/EnumerableMergeJoinRule.java,0,0,0.13075803743128636
1.12.0,core/src/main/java/org/apache/calcite/adapter/enumerable/EnumerableMinusRule.java,0,0,0.003061283566160239
1.12.0,core/src/main/java/org/apache/calcite/adapter/enumerable/EnumerableProject.java,0,0,0.023272783904762763
1.12.0,core/src/main/java/org/apache/calcite/adapter/enumerable/EnumerableProjectRule.java,0,0,0.0031707322856592206
1.12.0,core/src/main/java/org/apache/calcite/adapter/enumerable/EnumerableProjectToCalcRule.java,0,0,5.2760287721901464e-08
1.12.0,core/src/main/java/org/apache/calcite/adapter/enumerable/EnumerableRules.java,0,0,2.0500538708263775e-05
1.12.0,core/src/main/java/org/apache/calcite/adapter/enumerable/EnumerableSemiJoin.java,0,0,0.08375509280623292
1.12.0,core/src/main/java/org/apache/calcite/adapter/enumerable/EnumerableSemiJoinRule.java,0,0,3.1967624198662383e-06
1.12.0,core/src/main/java/org/apache/calcite/adapter/enumerable/EnumerableSort.java,0,0,0.10596257026400385
1.12.0,core/src/main/java/org/apache/calcite/adapter/enumerable/EnumerableSortRule.java,0,0,0.010603566059195761
1.12.0,core/src/main/java/org/apache/calcite/adapter/enumerable/EnumerableTableFunctionScan.java,1,0,0.4098960202595112
1.12.0,core/src/main/java/org/apache/calcite/adapter/enumerable/EnumerableTableFunctionScanRule.java,0,0,0.0005277789528675027
1.12.0,core/src/main/java/org/apache/calcite/adapter/enumerable/EnumerableTableScanRule.java,0,0,0.0028739364502580397
1.12.0,core/src/main/java/org/apache/calcite/adapter/enumerable/EnumerableThetaJoin.java,0,0,0.021473890498140337
1.12.0,core/src/main/java/org/apache/calcite/adapter/enumerable/EnumerableUncollect.java,0,0,0.3234689530152497
1.12.0,core/src/main/java/org/apache/calcite/adapter/enumerable/EnumerableUncollectRule.java,0,0,0.00034858436588284885
1.12.0,core/src/main/java/org/apache/calcite/adapter/enumerable/EnumerableUnionRule.java,0,0,0.00018785739438473655
1.12.0,core/src/main/java/org/apache/calcite/adapter/enumerable/EnumerableValues.java,0,0,0.00010892660022058448
1.12.0,core/src/main/java/org/apache/calcite/adapter/enumerable/EnumerableValuesRule.java,0,0,0.00016523219000867957
1.12.0,core/src/main/java/org/apache/calcite/adapter/enumerable/EnumerableWindowRule.java,0,0,2.537564510531662e-08
1.12.0,core/src/main/java/org/apache/calcite/adapter/enumerable/EnumUtils.java,0,0,0.17385277455426001
1.12.0,core/src/main/java/org/apache/calcite/adapter/enumerable/JavaRelImplementor.java,0,0,1.812021170786328e-05
1.12.0,core/src/main/java/org/apache/calcite/adapter/enumerable/NestedBlockBuilder.java,0,0,1.4862840376565426e-07
1.12.0,core/src/main/java/org/apache/calcite/adapter/enumerable/NestedBlockBuilderImpl.java,0,0,0.055652592745230774
1.12.0,core/src/main/java/org/apache/calcite/adapter/enumerable/NotNullImplementor.java,0,0,2.1289996840206127e-14
1.12.0,core/src/main/java/org/apache/calcite/adapter/enumerable/NullPolicy.java,0,0,0.0006723257053017922
1.12.0,core/src/main/java/org/apache/calcite/adapter/enumerable/StrictAggImplementor.java,0,0,0.09208788932054632
1.12.0,core/src/main/java/org/apache/calcite/adapter/enumerable/StrictWinAggImplementor.java,0,0,0.008965695815898619
1.12.0,core/src/main/java/org/apache/calcite/adapter/enumerable/WinAggAddContext.java,0,0,4.863983814573104e-19
1.12.0,core/src/main/java/org/apache/calcite/adapter/enumerable/WinAggContext.java,0,0,1.3154618829055898e-06
1.12.0,core/src/main/java/org/apache/calcite/adapter/enumerable/WinAggFrameContext.java,0,0,8.85990465057828e-10
1.12.0,core/src/main/java/org/apache/calcite/adapter/enumerable/WinAggFrameResultContext.java,0,0,1.0954349796092899e-07
1.12.0,core/src/main/java/org/apache/calcite/adapter/enumerable/WinAggImplementor.java,0,0,6.235898882169333e-09
1.12.0,core/src/main/java/org/apache/calcite/adapter/enumerable/WinAggResetContext.java,0,0,5.257819037939015e-07
1.12.0,core/src/main/java/org/apache/calcite/adapter/enumerable/WinAggResultContext.java,0,0,1.644495977889072e-13
1.12.0,core/src/main/java/org/apache/calcite/adapter/java/AbstractQueryableTable.java,0,0,7.117357515202784e-06
1.12.0,core/src/main/java/org/apache/calcite/adapter/java/Array.java,0,0,5.117770965591392e-44
1.12.0,core/src/main/java/org/apache/calcite/adapter/java/JavaTypeFactory.java,0,0,7.530579561598731e-15
1.12.0,core/src/main/java/org/apache/calcite/adapter/java/Map.java,0,0,6.709937708844501e-48
1.12.0,core/src/main/java/org/apache/calcite/adapter/jdbc/JdbcConvention.java,0,0,0.00033119123221164655
1.12.0,core/src/main/java/org/apache/calcite/adapter/jdbc/JdbcQueryProvider.java,0,0,1.3602805230761516e-05
1.12.0,core/src/main/java/org/apache/calcite/adapter/jdbc/JdbcRel.java,0,0,2.5308093776050458e-11
1.12.0,core/src/main/java/org/apache/calcite/adapter/jdbc/JdbcToEnumerableConverter.java,0,0,0.010246992642497548
1.12.0,core/src/main/java/org/apache/calcite/adapter/jdbc/JdbcToEnumerableConverterRule.java,0,0,3.214774939564167e-05
1.12.0,core/src/main/java/org/apache/calcite/adapter/jdbc/JdbcUtils.java,0,0,0.2335918917616808
1.12.0,core/src/main/java/org/apache/calcite/plan/hep/HepInstruction.java,0,0,0.027530913891892408
1.12.0,core/src/main/java/org/apache/calcite/plan/hep/HepMatchOrder.java,0,0,0.0010222728910558806
1.12.0,core/src/main/java/org/apache/calcite/plan/hep/HepProgram.java,0,0,0.19119488567702822
1.12.0,core/src/main/java/org/apache/calcite/plan/hep/HepProgramBuilder.java,0,0,0.0027526283953426727
1.12.0,core/src/main/java/org/apache/calcite/plan/hep/HepRelMetadataProvider.java,0,0,1.8930706904467535e-06
1.12.0,core/src/main/java/org/apache/calcite/plan/hep/HepRelVertex.java,0,0,0.0040532678925964405
1.12.0,core/src/main/java/org/apache/calcite/plan/hep/HepRuleCall.java,0,0,0.3539066707124391
1.12.0,core/src/main/java/org/apache/calcite/plan/volcano/AbstractConverter.java,0,0,6.517532328766494e-06
1.12.0,core/src/main/java/org/apache/calcite/plan/volcano/ChainedPhaseRuleMappingInitializer.java,0,0,0.0020369877615282915
1.12.0,core/src/main/java/org/apache/calcite/plan/volcano/RelSubset.java,0,1,0.6484065557457458
1.12.0,core/src/main/java/org/apache/calcite/plan/volcano/VolcanoCost.java,0,0,0.07055116169384368
1.12.0,core/src/main/java/org/apache/calcite/plan/volcano/VolcanoPlannerPhase.java,0,0,8.419726975662178e-05
1.12.0,core/src/main/java/org/apache/calcite/plan/volcano/VolcanoPlannerPhaseRuleMappingInitializer.java,0,0,6.264282459800203e-13
1.12.0,core/src/main/java/org/apache/calcite/plan/volcano/VolcanoRelMetadataProvider.java,0,0,1.3453990673168822e-09
1.12.0,core/src/main/java/org/apache/calcite/rel/convert/Converter.java,0,0,4.9441691342400594e-05
1.12.0,core/src/main/java/org/apache/calcite/rel/convert/ConverterRule.java,0,0,0.060244187463390324
1.12.0,core/src/main/java/org/apache/calcite/rel/convert/NoneConverter.java,0,0,1.246937600622709e-06
1.12.0,core/src/main/java/org/apache/calcite/rel/convert/TraitMatchingRule.java,0,0,0.013847892686063155
1.12.0,core/src/main/java/org/apache/calcite/rel/core/AggregateCall.java,0,0,0.16403691883084792
1.12.0,core/src/main/java/org/apache/calcite/rel/core/Collect.java,0,0,0.0025970121330641913
1.12.0,core/src/main/java/org/apache/calcite/rel/core/CorrelationId.java,0,1,0.8026964495884119
1.12.0,core/src/main/java/org/apache/calcite/rel/core/EquiJoin.java,0,0,0.09307316547474226
1.12.0,core/src/main/java/org/apache/calcite/rel/core/Exchange.java,0,0,0.004973603483498703
1.12.0,core/src/main/java/org/apache/calcite/rel/core/Intersect.java,0,0,0.001972911867834332
1.12.0,core/src/main/java/org/apache/calcite/rel/core/JoinInfo.java,0,0,0.0005179110062686964
1.12.0,core/src/main/java/org/apache/calcite/rel/core/Minus.java,0,0,0.01582917525954078
1.12.0,core/src/main/java/org/apache/calcite/rel/core/Sample.java,0,0,0.005445877809926042
1.12.0,core/src/main/java/org/apache/calcite/rel/core/SortExchange.java,0,0,0.005277156197765879
1.12.0,core/src/main/java/org/apache/calcite/rel/core/TableFunctionScan.java,0,0,0.05481962706436125
1.12.0,core/src/main/java/org/apache/calcite/rel/core/Uncollect.java,0,0,0.04758125994448758
1.12.0,core/src/main/java/org/apache/calcite/rel/core/Union.java,0,0,0.12038957085588808
1.12.0,core/src/main/java/org/apache/calcite/rel/externalize/RelWriterImpl.java,0,0,0.09173690296049201
1.12.0,core/src/main/java/org/apache/calcite/rel/externalize/RelXmlWriter.java,0,0,0.11690479380153554
1.12.0,core/src/main/java/org/apache/calcite/rel/logical/LogicalAggregate.java,0,0,0.006670176721737391
1.12.0,core/src/main/java/org/apache/calcite/rel/logical/LogicalCalc.java,0,0,2.826474816516154e-12
1.12.0,core/src/main/java/org/apache/calcite/rel/logical/LogicalExchange.java,0,0,7.810498932826895e-05
1.12.0,core/src/main/java/org/apache/calcite/rel/logical/LogicalFilter.java,0,0,0.00016062148793089987
1.12.0,core/src/main/java/org/apache/calcite/rel/logical/LogicalIntersect.java,0,0,0.06824233349893974
1.12.0,core/src/main/java/org/apache/calcite/rel/logical/LogicalJoin.java,0,0,0.0809469624202601
1.12.0,core/src/main/java/org/apache/calcite/rel/logical/LogicalMinus.java,0,0,0.006053253766217057
1.12.0,core/src/main/java/org/apache/calcite/rel/logical/LogicalSort.java,0,0,0.0003658276139524391
1.12.0,core/src/main/java/org/apache/calcite/rel/logical/LogicalTableFunctionScan.java,0,0,0.021462166148819694
1.12.0,core/src/main/java/org/apache/calcite/rel/logical/LogicalTableScan.java,0,0,1.8244518533505312e-07
1.12.0,core/src/main/java/org/apache/calcite/rel/logical/LogicalUnion.java,0,0,0.005706761309725933
1.12.0,core/src/main/java/org/apache/calcite/rel/logical/LogicalValues.java,0,0,0.00014173864072729368
1.12.0,core/src/main/java/org/apache/calcite/rel/metadata/CyclicMetadataException.java,0,0,6.25236286001466e-05
1.12.0,core/src/main/java/org/apache/calcite/rel/metadata/Metadata.java,0,0,2.9351355548501417e-17
1.12.0,core/src/main/java/org/apache/calcite/rel/metadata/MetadataDef.java,0,0,0.0011004943733041537
1.12.0,core/src/main/java/org/apache/calcite/rel/metadata/MetadataFactory.java,0,0,2.447934795629506e-10
1.12.0,core/src/main/java/org/apache/calcite/rel/metadata/MetadataHandler.java,0,0,8.651204955304876e-18
1.12.0,core/src/main/java/org/apache/calcite/rel/metadata/NullSentinel.java,0,0,2.8126001272199e-18
1.12.0,core/src/main/java/org/apache/calcite/rel/metadata/RelColumnMapping.java,0,0,1.0322693141088305e-06
1.12.0,core/src/main/java/org/apache/calcite/rel/metadata/RelColumnOrigin.java,0,0,0.04845912572113425
1.12.0,core/src/main/java/org/apache/calcite/rel/metadata/RelMdCollation.java,1,1,0.9999908484259468
1.12.0,core/src/main/java/org/apache/calcite/rel/metadata/RelMdColumnOrigins.java,0,0,0.005413400086119367
1.12.0,core/src/main/java/org/apache/calcite/rel/metadata/RelMdDistinctRowCount.java,0,0,0.00514176135380578
1.12.0,core/src/main/java/org/apache/calcite/rel/metadata/RelMdDistribution.java,0,0,0.027107827032210503
1.12.0,core/src/main/java/org/apache/calcite/rel/metadata/RelMdExplainVisibility.java,0,0,0.0033089628931003727
1.12.0,core/src/main/java/org/apache/calcite/rel/metadata/RelMdMemory.java,0,0,0.14270728146827952
1.12.0,core/src/main/java/org/apache/calcite/rel/metadata/RelMdParallelism.java,0,0,0.007615099199808384
1.12.0,core/src/main/java/org/apache/calcite/rel/metadata/RelMdPercentageOriginalRows.java,0,0,0.018195356141634984
1.12.0,core/src/main/java/org/apache/calcite/rel/metadata/RelMdPopulationSize.java,0,0,0.006172257647238044
1.12.0,core/src/main/java/org/apache/calcite/rel/metadata/RelMdRowCount.java,0,0,0.001444403279889555
1.12.0,core/src/main/java/org/apache/calcite/rel/metadata/RelMdSelectivity.java,0,0,0.015500901168198012
1.12.0,core/src/main/java/org/apache/calcite/rel/metadata/RelMdUniqueKeys.java,0,0,0.3111434343241116
1.12.0,core/src/main/java/org/apache/calcite/rel/metadata/RelMetadataProvider.java,0,0,9.670017980876857e-05
1.12.0,core/src/main/java/org/apache/calcite/rel/metadata/UnboundMetadata.java,0,0,1.0611904033105683e-12
1.12.0,core/src/main/java/org/apache/calcite/rel/rules/AggregateProjectMergeRule.java,0,0,0.2454001858591742
1.12.0,core/src/main/java/org/apache/calcite/rel/rules/AggregateRemoveRule.java,0,0,0.18471908750655522
1.12.0,core/src/main/java/org/apache/calcite/rel/rules/AggregateStarTableRule.java,0,0,0.00023977685177463412
1.12.0,core/src/main/java/org/apache/calcite/rel/rules/AggregateUnionAggregateRule.java,0,0,0.12082034230669773
1.12.0,core/src/main/java/org/apache/calcite/rel/rules/AggregateUnionTransposeRule.java,0,0,0.03218266166395364
1.12.0,core/src/main/java/org/apache/calcite/rel/rules/CalcMergeRule.java,0,0,0.0966338876397504
1.12.0,core/src/main/java/org/apache/calcite/rel/rules/CalcRemoveRule.java,0,0,0.004115179296383278
1.12.0,core/src/main/java/org/apache/calcite/rel/rules/CalcSplitRule.java,0,0,0.014442781361015684
1.12.0,core/src/main/java/org/apache/calcite/rel/rules/CoerceInputsRule.java,0,0,0.19875299746985844
1.12.0,core/src/main/java/org/apache/calcite/rel/rules/EquiJoin.java,0,0,2.3146476441617324e-05
1.12.0,core/src/main/java/org/apache/calcite/rel/rules/FilterCalcMergeRule.java,0,0,0.0045249101283215964
1.12.0,core/src/main/java/org/apache/calcite/rel/rules/FilterCorrelateRule.java,0,0,0.14225245971366893
1.12.0,core/src/main/java/org/apache/calcite/rel/rules/FilterJoinRule.java,0,0,0.25690390749505676
1.12.0,core/src/main/java/org/apache/calcite/rel/rules/FilterMergeRule.java,0,0,0.001010991055977872
1.12.0,core/src/main/java/org/apache/calcite/rel/rules/FilterMultiJoinMergeRule.java,0,0,0.04951379615872095
1.12.0,core/src/main/java/org/apache/calcite/rel/rules/FilterSetOpTransposeRule.java,0,0,0.004185395117243475
1.12.0,core/src/main/java/org/apache/calcite/rel/rules/FilterTableFunctionTransposeRule.java,0,0,0.06706265486229954
1.12.0,core/src/main/java/org/apache/calcite/rel/rules/FilterToCalcRule.java,0,0,9.229258184202695e-06
1.12.0,core/src/main/java/org/apache/calcite/rel/rules/JoinAddRedundantSemiJoinRule.java,0,0,0.09074097985442664
1.12.0,core/src/main/java/org/apache/calcite/rel/rules/JoinAssociateRule.java,0,0,0.04816737623993339
1.12.0,core/src/main/java/org/apache/calcite/rel/rules/JoinPushExpressionsRule.java,0,0,0.00364523553968063
1.12.0,core/src/main/java/org/apache/calcite/rel/rules/JoinPushThroughJoinRule.java,0,0,0.1525538704970954
1.12.0,core/src/main/java/org/apache/calcite/rel/rules/JoinPushTransitivePredicatesRule.java,0,0,0.0025523283459546386
1.12.0,core/src/main/java/org/apache/calcite/rel/rules/JoinToCorrelateRule.java,0,0,6.5897553847898504e-09
1.12.0,core/src/main/java/org/apache/calcite/rel/rules/JoinToMultiJoinRule.java,0,0,7.171151283625787e-07
1.12.0,core/src/main/java/org/apache/calcite/rel/rules/JoinUnionTransposeRule.java,0,0,0.00025695607995936007
1.12.0,core/src/main/java/org/apache/calcite/rel/rules/LoptJoinTree.java,0,0,0.014037432359028521
1.12.0,core/src/main/java/org/apache/calcite/rel/rules/LoptMultiJoin.java,0,0,2.6213803361346478e-08
1.12.0,core/src/main/java/org/apache/calcite/rel/rules/MultiJoin.java,0,0,0.02888179796709648
1.12.0,core/src/main/java/org/apache/calcite/rel/rules/MultiJoinProjectTransposeRule.java,0,0,0.05120309270642008
1.12.0,core/src/main/java/org/apache/calcite/rel/rules/ProjectCalcMergeRule.java,0,0,0.02066454951803719
1.12.0,core/src/main/java/org/apache/calcite/rel/rules/ProjectMergeRule.java,0,0,0.0002263084209271583
1.12.0,core/src/main/java/org/apache/calcite/rel/rules/ProjectMultiJoinMergeRule.java,0,0,0.013117216762982751
1.12.0,core/src/main/java/org/apache/calcite/rel/rules/ProjectToCalcRule.java,0,0,5.613187439468944e-06
1.12.0,core/src/main/java/org/apache/calcite/rel/rules/ProjectWindowTransposeRule.java,0,0,0.051046605057477774
1.12.0,core/src/main/java/org/apache/calcite/rel/rules/SemiJoinJoinTransposeRule.java,0,0,0.08076743853404135
1.12.0,core/src/main/java/org/apache/calcite/rel/rules/SemiJoinRemoveRule.java,0,0,5.715080361243582e-05
1.12.0,core/src/main/java/org/apache/calcite/rel/rules/SortRemoveRule.java,0,0,0.0627158329968439
1.12.0,core/src/main/java/org/apache/calcite/rel/rules/SortUnionTransposeRule.java,0,0,0.04604377008564709
1.12.0,core/src/main/java/org/apache/calcite/rel/rules/TableScanRule.java,0,0,0.00022389862281119136
1.12.0,core/src/main/java/org/apache/calcite/rel/rules/UnionEliminatorRule.java,0,0,0.000645896893272069
1.12.0,core/src/main/java/org/apache/calcite/rel/rules/UnionToDistinctRule.java,0,0,0.0003066655503884105
1.12.0,core/src/main/java/org/apache/calcite/rel/stream/Chi.java,0,0,1.0932519299729897e-08
1.12.0,core/src/main/java/org/apache/calcite/rel/stream/Delta.java,0,0,0.00020910513637834081
1.12.0,core/src/main/java/org/apache/calcite/rel/stream/LogicalChi.java,0,0,1.0126796867134032e-06
1.12.0,core/src/main/java/org/apache/calcite/rel/stream/LogicalDelta.java,0,0,5.985168126959523e-05
1.12.0,core/src/main/java/org/apache/calcite/rel/type/DynamicRecordType.java,0,0,0.00023166211576541263
1.12.0,core/src/main/java/org/apache/calcite/rel/type/RelCrossType.java,0,0,0.2538480069932134
1.12.0,core/src/main/java/org/apache/calcite/rel/type/RelDataTypeComparability.java,0,0,0.0759989194029747
1.12.0,core/src/main/java/org/apache/calcite/rel/type/RelDataTypeFamily.java,0,0,3.1570821730478214e-08
1.12.0,core/src/main/java/org/apache/calcite/rel/type/RelDataTypeFieldImpl.java,0,0,0.0463592769204691
1.12.0,core/src/main/java/org/apache/calcite/rel/type/RelProtoDataType.java,0,0,5.651485677333556e-11
1.12.0,core/src/main/java/org/apache/calcite/schema/impl/AbstractSchema.java,0,0,8.906225622233125e-10
1.12.0,core/src/main/java/org/apache/calcite/schema/impl/AbstractTable.java,0,0,5.544894088200951e-07
1.12.0,core/src/main/java/org/apache/calcite/schema/impl/AbstractTableQueryable.java,0,0,0.07797793983600868
1.12.0,core/src/main/java/org/apache/calcite/schema/impl/DelegatingSchema.java,0,0,0.023959260180347157
1.12.0,core/src/main/java/org/apache/calcite/schema/impl/ScalarFunctionImpl.java,0,0,0.044423117842696515
1.12.0,core/src/main/java/org/apache/calcite/schema/impl/StarTable.java,0,0,0.003139368828535491
1.12.0,core/src/main/java/org/apache/calcite/sql/advise/SqlAdvisorGetHintsFunction.java,0,0,0.00020971568446889256
1.12.0,core/src/main/java/org/apache/calcite/sql/advise/SqlAdvisorHint.java,0,0,7.614800839220468e-06
1.12.0,core/src/main/java/org/apache/calcite/sql/fun/OracleSqlOperatorTable.java,0,0,1.1471541855277337e-14
1.12.0,core/src/main/java/org/apache/calcite/sql/fun/SqlAbstractGroupFunction.java,0,1,0.5231612089133091
1.12.0,core/src/main/java/org/apache/calcite/sql/fun/SqlAbstractTimeFunction.java,0,0,0.0009305506121844828
1.12.0,core/src/main/java/org/apache/calcite/sql/fun/SqlArgumentAssignmentOperator.java,0,0,0.000592411765283469
1.12.0,core/src/main/java/org/apache/calcite/sql/fun/SqlArrayQueryConstructor.java,0,0,2.9836951866620477e-10
1.12.0,core/src/main/java/org/apache/calcite/sql/fun/SqlArrayValueConstructor.java,0,0,8.126959254841866e-07
1.12.0,core/src/main/java/org/apache/calcite/sql/fun/SqlAvgAggFunction.java,0,0,0.027308485258870117
1.12.0,core/src/main/java/org/apache/calcite/sql/fun/SqlCase.java,0,0,0.09807001993526596
1.12.0,core/src/main/java/org/apache/calcite/sql/fun/SqlCollectionTableOperator.java,0,0,1.3783104256284625e-06
1.12.0,core/src/main/java/org/apache/calcite/sql/fun/SqlColumnListConstructor.java,0,0,0.0013892170606360677
1.12.0,core/src/main/java/org/apache/calcite/sql/fun/SqlConvertFunction.java,0,0,0.024455206268607473
1.12.0,core/src/main/java/org/apache/calcite/sql/fun/SqlCovarAggFunction.java,0,0,0.0060491323685782404
1.12.0,core/src/main/java/org/apache/calcite/sql/fun/SqlCurrentDateFunction.java,0,0,0.21546566115425742
1.12.0,core/src/main/java/org/apache/calcite/sql/fun/SqlCursorConstructor.java,0,0,0.013729566205485431
1.12.0,core/src/main/java/org/apache/calcite/sql/fun/SqlDefaultOperator.java,0,0,0.003754179002058933
1.12.0,core/src/main/java/org/apache/calcite/sql/fun/SqlExtendOperator.java,0,0,0.0909458908178243
1.12.0,core/src/main/java/org/apache/calcite/sql/fun/SqlFloorFunction.java,0,0,0.07982309364451956
1.12.0,core/src/main/java/org/apache/calcite/sql/fun/SqlGroupIdFunction.java,0,0,1.309540841969899e-05
1.12.0,core/src/main/java/org/apache/calcite/sql/fun/SqlLeadLagAggFunction.java,0,0,0.006709151966239925
1.12.0,core/src/main/java/org/apache/calcite/sql/fun/SqlLiteralChainOperator.java,0,0,0.04360429110783516
1.12.0,core/src/main/java/org/apache/calcite/sql/fun/SqlMapQueryConstructor.java,0,0,3.438404430340542e-10
1.12.0,core/src/main/java/org/apache/calcite/sql/fun/SqlMapValueConstructor.java,0,0,0.0011950212371162948
1.12.0,core/src/main/java/org/apache/calcite/sql/fun/SqlMonotonicBinaryOperator.java,0,1,0.5972356731396422
1.12.0,core/src/main/java/org/apache/calcite/sql/fun/SqlMonotonicUnaryFunction.java,0,0,0.027385001619723084
1.12.0,core/src/main/java/org/apache/calcite/sql/fun/SqlMultisetMemberOfOperator.java,0,0,0.004897907793435185
1.12.0,core/src/main/java/org/apache/calcite/sql/fun/SqlMultisetQueryConstructor.java,0,0,0.05031672601520834
1.12.0,core/src/main/java/org/apache/calcite/sql/fun/SqlMultisetSetOperator.java,0,0,1.173776579437278e-06
1.12.0,core/src/main/java/org/apache/calcite/sql/fun/SqlMultisetValueConstructor.java,0,0,0.0058163142273303745
1.12.0,core/src/main/java/org/apache/calcite/sql/fun/SqlNewOperator.java,0,0,0.009770869741541522
1.12.0,core/src/main/java/org/apache/calcite/sql/fun/SqlNtileAggFunction.java,0,0,0.0005208753305126811
1.12.0,core/src/main/java/org/apache/calcite/sql/fun/SqlOverlapsOperator.java,0,0,0.004205072369255819
1.12.0,core/src/main/java/org/apache/calcite/sql/fun/SqlOverlayFunction.java,0,0,0.030538572677551258
1.12.0,core/src/main/java/org/apache/calcite/sql/fun/SqlRollupOperator.java,0,0,0.00023959133607427384
1.12.0,core/src/main/java/org/apache/calcite/sql/fun/SqlSequenceValueOperator.java,0,0,0.027896278708458486
1.12.0,core/src/main/java/org/apache/calcite/sql/fun/SqlSubstringFunction.java,0,0,0.4580586464576893
1.12.0,core/src/main/java/org/apache/calcite/sql/fun/SqlThrowOperator.java,0,0,0.0004790517924391327
1.12.0,core/src/main/java/org/apache/calcite/sql/fun/SqlTranslate3Function.java,0,0,0.11043202754978429
1.12.0,core/src/main/java/org/apache/calcite/sql/fun/SqlTrimFunction.java,1,1,0.9994609721663175
1.12.0,core/src/main/java/org/apache/calcite/sql/parser/SqlParseException.java,0,0,0.06766178772724539
1.12.0,core/src/main/java/org/apache/calcite/sql/parser/SqlParserImplFactory.java,0,0,2.277205567662005e-15
1.12.0,core/src/main/java/org/apache/calcite/sql/parser/SqlParserPos.java,0,0,7.899166951723432e-08
1.12.0,core/src/main/java/org/apache/calcite/sql/pretty/SqlFormatOptions.java,0,0,0.04015635178628236
1.12.0,core/src/main/java/org/apache/calcite/sql/type/AbstractSqlType.java,0,0,0.011210762226791173
1.12.0,core/src/main/java/org/apache/calcite/sql/type/ArraySqlType.java,0,0,7.630630866759372e-05
1.12.0,core/src/main/java/org/apache/calcite/sql/type/AssignableOperandTypeChecker.java,0,1,0.6055887408111954
1.12.0,core/src/main/java/org/apache/calcite/sql/type/ComparableOperandTypeChecker.java,0,0,0.020923393996689067
1.12.0,core/src/main/java/org/apache/calcite/sql/type/CompositeOperandTypeChecker.java,1,1,0.998794054939571
1.12.0,core/src/main/java/org/apache/calcite/sql/type/CompositeSingleOperandTypeChecker.java,0,0,0.048239546332919006
1.12.0,core/src/main/java/org/apache/calcite/sql/type/CursorReturnTypeInference.java,0,0,0.05911653106340422
1.12.0,core/src/main/java/org/apache/calcite/sql/type/ExplicitOperandTypeInference.java,0,1,0.5751707352882987
1.12.0,core/src/main/java/org/apache/calcite/sql/type/ExplicitReturnTypeInference.java,0,0,0.010362664274460441
1.12.0,core/src/main/java/org/apache/calcite/sql/type/ExtraSqlTypes.java,0,0,3.547590924063245e-22
1.12.0,core/src/main/java/org/apache/calcite/sql/type/FamilyOperandTypeChecker.java,0,0,0.003979588300530161
1.12.0,core/src/main/java/org/apache/calcite/sql/type/InferTypes.java,0,0,0.0005590364372619084
1.12.0,core/src/main/java/org/apache/calcite/sql/type/JavaToSqlTypeConversionRules.java,0,0,3.2910414801760276e-09
1.12.0,core/src/main/java/org/apache/calcite/sql/type/LiteralOperandTypeChecker.java,0,0,0.011491021347473237
1.12.0,core/src/main/java/org/apache/calcite/sql/type/MapSqlType.java,0,0,0.0097535760115837
1.12.0,core/src/main/java/org/apache/calcite/sql/type/MultisetOperandTypeChecker.java,0,0,0.0934979509372592
1.12.0,core/src/main/java/org/apache/calcite/sql/type/MultisetSqlType.java,0,0,8.849643476879466e-05
1.12.0,core/src/main/java/org/apache/calcite/sql/type/ObjectSqlType.java,0,0,0.014896910970004493
1.12.0,core/src/main/java/org/apache/calcite/sql/type/OperandsTypeChecking.java,0,0,7.30495125633179e-05
1.12.0,core/src/main/java/org/apache/calcite/sql/type/OrdinalReturnTypeInference.java,0,0,0.0022263911086829818
1.12.0,core/src/main/java/org/apache/calcite/sql/type/SameOperandTypeChecker.java,0,0,0.014178025978489153
1.12.0,core/src/main/java/org/apache/calcite/sql/type/SetopOperandTypeChecker.java,0,0,0.0008520906590765469
1.12.0,core/src/main/java/org/apache/calcite/sql/type/SqlOperandCountRanges.java,0,0,1.1361763995130072e-08
1.12.0,core/src/main/java/org/apache/calcite/sql/type/SqlOperandTypeChecker.java,0,0,0.04124978467278464
1.12.0,core/src/main/java/org/apache/calcite/sql/type/SqlOperandTypeInference.java,0,0,3.753969770386796e-14
1.12.0,core/src/main/java/org/apache/calcite/sql/type/SqlReturnTypeInference.java,0,0,2.2527631422389663e-18
1.12.0,core/src/main/java/org/apache/calcite/sql/type/SqlReturnTypeInferenceChain.java,0,0,0.00011079358943547959
1.12.0,core/src/main/java/org/apache/calcite/sql/type/SqlSingleOperandTypeChecker.java,0,0,2.9635937714031066e-10
1.12.0,core/src/main/java/org/apache/calcite/sql/type/SqlTypeTransform.java,0,0,2.0807648898226416e-13
1.12.0,core/src/main/java/org/apache/calcite/sql/type/SqlTypeTransformCascade.java,0,0,0.030187530036739303
1.12.0,core/src/main/java/org/apache/calcite/sql/type/SqlTypeTransforms.java,0,0,0.0003568307864220441
1.12.0,core/src/main/java/org/apache/calcite/sql/type/TableFunctionReturnTypeInference.java,0,0,0.05062210178482444
1.12.0,core/src/main/java/org/apache/calcite/sql/util/ChainedSqlOperatorTable.java,0,0,0.14187276672119087
1.12.0,core/src/main/java/org/apache/calcite/sql/util/SqlBasicVisitor.java,0,0,0.00013238814043971205
1.12.0,core/src/main/java/org/apache/calcite/sql/util/SqlBuilder.java,0,0,0.0006420883268331881
1.12.0,core/src/main/java/org/apache/calcite/sql/util/SqlShuttle.java,0,0,0.007064394905021429
1.12.0,core/src/main/java/org/apache/calcite/sql/util/SqlString.java,0,0,5.5302342474480524e-05
1.12.0,core/src/main/java/org/apache/calcite/sql/util/SqlVisitor.java,0,0,8.697950762602148e-08
1.12.0,core/src/main/java/org/apache/calcite/sql/validate/AggregatingScope.java,0,0,2.7756617951306927e-10
1.12.0,core/src/main/java/org/apache/calcite/sql/validate/AliasNamespace.java,0,1,0.8604201874735663
1.12.0,core/src/main/java/org/apache/calcite/sql/validate/CollectNamespace.java,0,1,0.7066104902699263
1.12.0,core/src/main/java/org/apache/calcite/sql/validate/CollectScope.java,0,0,3.0830156025497414e-07
1.12.0,core/src/main/java/org/apache/calcite/sql/validate/DelegatingSqlValidatorTable.java,0,0,0.0022385005185930947
1.12.0,core/src/main/java/org/apache/calcite/sql/validate/FieldNamespace.java,0,1,0.9537104750406279
1.12.0,core/src/main/java/org/apache/calcite/sql/validate/JoinNamespace.java,0,1,0.8307859106382574
1.12.0,core/src/main/java/org/apache/calcite/sql/validate/OverScope.java,0,0,0.00022278594898435678
1.12.0,core/src/main/java/org/apache/calcite/sql/validate/ParameterNamespace.java,0,0,0.41177066395533946
1.12.0,core/src/main/java/org/apache/calcite/sql/validate/ProcedureNamespace.java,0,1,0.8353576873430999
1.12.0,core/src/main/java/org/apache/calcite/sql/validate/SchemaNamespace.java,0,1,0.9461596831130598
1.12.0,core/src/main/java/org/apache/calcite/sql/validate/SelectNamespace.java,0,1,0.8362496222904968
1.12.0,core/src/main/java/org/apache/calcite/sql/validate/SelectScope.java,0,0,0.23271774588286892
1.12.0,core/src/main/java/org/apache/calcite/sql/validate/SqlModality.java,0,0,0.007990709616048053
1.12.0,core/src/main/java/org/apache/calcite/sql/validate/SqlMoniker.java,0,0,4.016573908944854e-12
1.12.0,core/src/main/java/org/apache/calcite/sql/validate/SqlMonikerImpl.java,0,0,0.10845788072672123
1.12.0,core/src/main/java/org/apache/calcite/sql/validate/SqlMonikerType.java,0,0,0.0011815028583064603
1.12.0,core/src/main/java/org/apache/calcite/sql/validate/SqlMonotonicity.java,0,0,2.672541185068612e-08
1.12.0,core/src/main/java/org/apache/calcite/sql/validate/SqlScopedShuttle.java,0,0,0.0003741357322089331
1.12.0,core/src/main/java/org/apache/calcite/sql/validate/SqlUserDefinedTableMacro.java,0,0,0.17060367343974514
1.12.0,core/src/main/java/org/apache/calcite/sql/validate/SqlValidatorException.java,0,0,1.0582757082081603e-05
1.12.0,core/src/main/java/org/apache/calcite/sql/validate/SqlValidatorWithHints.java,0,0,4.091949365722491e-05
1.12.0,core/src/main/java/org/apache/calcite/sql/validate/TableConstructorNamespace.java,0,1,0.5408635920890785
1.12.0,core/src/main/java/org/apache/calcite/sql/validate/UnnestNamespace.java,0,1,0.584297518562483
1.12.0,core/src/main/java/org/apache/calcite/sql/validate/WithItemNamespace.java,0,1,0.9156622064569926
1.12.0,core/src/main/java/org/apache/calcite/sql/validate/WithNamespace.java,0,0,0.4864146734931637
1.12.0,core/src/main/java/org/apache/calcite/util/graph/BreadthFirstIterator.java,0,0,0.0002767024912296913
1.12.0,core/src/main/java/org/apache/calcite/util/graph/CycleDetector.java,0,0,0.00022156108032468804
1.12.0,core/src/main/java/org/apache/calcite/util/graph/DefaultDirectedGraph.java,0,0,0.019322046934701485
1.12.0,core/src/main/java/org/apache/calcite/util/graph/DefaultEdge.java,0,0,2.09601496831621e-05
1.12.0,core/src/main/java/org/apache/calcite/util/graph/DepthFirstIterator.java,0,0,0.0751018141941709
1.12.0,core/src/main/java/org/apache/calcite/util/graph/DirectedGraph.java,0,0,1.6923868513652528e-16
1.12.0,core/src/main/java/org/apache/calcite/util/graph/Graphs.java,0,0,3.5260701667313736e-12
1.12.0,core/src/main/java/org/apache/calcite/util/graph/TopologicalOrderIterator.java,0,0,0.2692333099748074
1.12.0,core/src/main/java/org/apache/calcite/util/javac/JavaCompiler.java,0,0,2.1528633925749024e-09
1.12.0,core/src/main/java/org/apache/calcite/util/javac/JavaCompilerArgs.java,0,0,0.22664622053838201
1.12.0,core/src/main/java/org/apache/calcite/util/mapping/AbstractSourceMapping.java,0,0,6.531312847227794e-09
1.12.0,core/src/main/java/org/apache/calcite/util/mapping/AbstractTargetMapping.java,0,0,8.443000419335384e-08
1.12.0,core/src/main/java/org/apache/calcite/util/mapping/IntPair.java,0,0,5.053672211049761e-08
1.12.0,core/src/main/java/org/apache/calcite/util/mapping/Mapping.java,0,0,1.856120231882006e-14
1.12.0,core/src/main/java/org/apache/calcite/util/mapping/Mappings.java,0,0,2.6569207514956485e-14
1.12.0,core/src/main/java/org/apache/calcite/util/mapping/MappingType.java,0,0,2.588334544599447e-19
1.12.0,core/src/main/java/org/apache/calcite/util/trace/CalciteLogger.java,0,0,0.2498528285304093
1.12.0,core/src/main/java/org/apache/calcite/util/trace/CalciteTrace.java,0,0,1.9824963462402283e-10
1.12.0,core/src/main/java/org/apache/calcite/adapter/enumerable/impl/AggAddContextImpl.java,0,0,0.045434147227129955
1.12.0,core/src/main/java/org/apache/calcite/adapter/enumerable/impl/AggResetContextImpl.java,0,0,0.0026192510412378846
1.12.0,core/src/main/java/org/apache/calcite/adapter/enumerable/impl/AggResultContextImpl.java,0,0,5.760916803488334e-12
1.12.0,core/src/main/java/org/apache/calcite/adapter/enumerable/impl/WinAggAddContextImpl.java,0,0,0.026400313255875257
1.12.0,core/src/main/java/org/apache/calcite/adapter/enumerable/impl/WinAggResetContextImpl.java,0,0,0.00728911437478798
1.12.0,core/src/main/java/org/apache/calcite/adapter/enumerable/impl/WinAggResultContextImpl.java,0,0,0.028069617001840165
1.12.0,avatica/core/src/main/java/org/apache/calcite/avatica/AvaticaClientRuntimeException.java,0,0,2.725705630902523e-05
1.12.0,avatica/core/src/main/java/org/apache/calcite/avatica/AvaticaDatabaseMetaData.java,0,0,0.0013961755607851878
1.12.0,avatica/core/src/main/java/org/apache/calcite/avatica/AvaticaFactory.java,0,0,0.0005706783987426356
1.12.0,avatica/core/src/main/java/org/apache/calcite/avatica/AvaticaJdbc41Factory.java,0,0,1.3573558087957275e-20
1.12.0,avatica/core/src/main/java/org/apache/calcite/avatica/AvaticaParameter.java,0,0,1.2792638475113729e-05
1.12.0,avatica/core/src/main/java/org/apache/calcite/avatica/AvaticaResultSetMetaData.java,0,0,0.0014985729272312984
1.12.0,avatica/core/src/main/java/org/apache/calcite/avatica/AvaticaSeverity.java,0,0,4.355307048078618e-16
1.12.0,avatica/core/src/main/java/org/apache/calcite/avatica/AvaticaSpecificDatabaseMetaData.java,0,0,1.4435747761787291e-09
1.12.0,avatica/core/src/main/java/org/apache/calcite/avatica/AvaticaSqlException.java,0,0,0.0016622956007799436
1.12.0,avatica/core/src/main/java/org/apache/calcite/avatica/ColumnMetaData.java,0,0,2.48164284084087e-21
1.12.0,avatica/core/src/main/java/org/apache/calcite/avatica/ConnectionPropertiesImpl.java,0,0,0.03894053030381582
1.12.0,avatica/core/src/main/java/org/apache/calcite/avatica/DriverVersion.java,0,0,2.521349633809848e-13
1.12.0,avatica/core/src/main/java/org/apache/calcite/avatica/Handler.java,0,0,2.6141323320849107e-16
1.12.0,avatica/core/src/main/java/org/apache/calcite/avatica/HandlerImpl.java,0,0,4.457605879917548e-08
1.12.0,avatica/core/src/main/java/org/apache/calcite/avatica/Helper.java,0,0,0.012617235770232358
1.12.0,avatica/core/src/main/java/org/apache/calcite/avatica/InternalProperty.java,0,0,7.599506011790542e-13
1.12.0,avatica/core/src/main/java/org/apache/calcite/avatica/MissingResultsException.java,0,0,9.260241052429673e-08
1.12.0,avatica/core/src/main/java/org/apache/calcite/avatica/NoSuchConnectionException.java,0,0,8.683146707950991e-07
1.12.0,avatica/core/src/main/java/org/apache/calcite/avatica/NoSuchStatementException.java,0,0,1.594423895369569e-08
1.12.0,avatica/core/src/main/java/org/apache/calcite/avatica/QueryState.java,0,0,9.449039157482913e-12
1.12.0,avatica/core/src/main/java/org/apache/calcite/avatica/SqlType.java,0,0,4.038135596479861e-24
1.12.0,avatica/core/src/main/java/org/apache/calcite/avatica/util/ArrayImpl.java,0,0,2.7294510723068364e-10
1.12.0,avatica/core/src/main/java/org/apache/calcite/avatica/util/ArrayIteratorCursor.java,0,0,0.0019118557823058196
1.12.0,avatica/core/src/main/java/org/apache/calcite/avatica/util/Casing.java,0,0,0.00040242945624895506
1.12.0,avatica/core/src/main/java/org/apache/calcite/avatica/util/Cursor.java,0,0,2.5393931809941663e-23
1.12.0,avatica/core/src/main/java/org/apache/calcite/avatica/util/IteratorCursor.java,0,0,0.11999295613445228
1.12.0,avatica/core/src/main/java/org/apache/calcite/avatica/util/ListIteratorCursor.java,0,0,0.004256755990533034
1.12.0,avatica/core/src/main/java/org/apache/calcite/avatica/util/MapIteratorCursor.java,0,0,0.021313833269422395
1.12.0,avatica/core/src/main/java/org/apache/calcite/avatica/util/PackageMarker.java,0,0,2.1870066377880804e-20
1.12.0,avatica/core/src/main/java/org/apache/calcite/avatica/util/PositionedCursor.java,0,0,0.0016138946692843838
1.12.0,avatica/core/src/main/java/org/apache/calcite/avatica/util/Quoting.java,0,0,0.005664764835133335
1.12.0,avatica/core/src/main/java/org/apache/calcite/avatica/util/RecordIteratorCursor.java,0,0,0.028621135494562275
1.12.0,avatica/core/src/main/java/org/apache/calcite/avatica/util/Spacer.java,0,0,0.0003008854025531869
1.12.0,avatica/core/src/main/java/org/apache/calcite/avatica/util/Spaces.java,0,0,0.030719263046292633
1.12.0,avatica/core/src/main/java/org/apache/calcite/avatica/util/StructImpl.java,0,0,1.8786064390831412e-06
1.12.0,avatica/core/src/main/java/org/apache/calcite/avatica/util/TimeUnit.java,0,0,5.1631609557871146e-06
1.12.0,avatica/core/src/main/java/org/apache/calcite/avatica/util/TimeUnitRange.java,0,0,0.00017953424081475444
1.12.0,avatica/core/src/main/java/org/apache/calcite/avatica/util/UnsynchronizedBuffer.java,0,0,0.056240884727371654
1.12.0,avatica/core/src/main/java/org/apache/calcite/avatica/remote/AbstractHandler.java,0,0,0.009987315063502807
1.12.0,avatica/core/src/main/java/org/apache/calcite/avatica/remote/AbstractService.java,0,0,0.00035962781283958736
1.12.0,avatica/core/src/main/java/org/apache/calcite/avatica/remote/AuthenticationType.java,0,0,3.777171973832393e-05
1.12.0,avatica/core/src/main/java/org/apache/calcite/avatica/remote/AvaticaCommonsHttpClientSpnegoImpl.java,0,0,1.0186927228729466e-06
1.12.0,avatica/core/src/main/java/org/apache/calcite/avatica/remote/AvaticaHttpClient.java,0,0,2.751082482671358e-17
1.12.0,avatica/core/src/main/java/org/apache/calcite/avatica/remote/AvaticaHttpClientFactory.java,0,0,6.295327749012465e-17
1.12.0,avatica/core/src/main/java/org/apache/calcite/avatica/remote/AvaticaHttpClientImpl.java,0,0,0.08687777563517432
1.12.0,avatica/core/src/main/java/org/apache/calcite/avatica/remote/AvaticaRemoteConnectionConfigImpl.java,0,0,1.308672027022173e-05
1.12.0,avatica/core/src/main/java/org/apache/calcite/avatica/remote/AvaticaRuntimeException.java,0,0,1.2253021429239527e-06
1.12.0,avatica/core/src/main/java/org/apache/calcite/avatica/remote/DoAsAvaticaHttpClient.java,0,0,7.057838590348492e-07
1.12.0,avatica/core/src/main/java/org/apache/calcite/avatica/remote/Handler.java,0,0,3.926069964736338e-14
1.12.0,avatica/core/src/main/java/org/apache/calcite/avatica/remote/JsonHandler.java,0,0,0.008480508813248844
1.12.0,avatica/core/src/main/java/org/apache/calcite/avatica/remote/JsonService.java,0,0,0.4236281921299978
1.12.0,avatica/core/src/main/java/org/apache/calcite/avatica/remote/KerberosConnection.java,0,0,0.0012376709559850326
1.12.0,avatica/core/src/main/java/org/apache/calcite/avatica/remote/LocalJsonService.java,0,0,0.0005662203452768309
1.12.0,avatica/core/src/main/java/org/apache/calcite/avatica/remote/LocalProtobufService.java,0,0,6.354663729482336e-05
1.12.0,avatica/core/src/main/java/org/apache/calcite/avatica/remote/MetaDataOperation.java,0,0,2.5040991178141471e-57
1.12.0,avatica/core/src/main/java/org/apache/calcite/avatica/remote/MetricsHelper.java,0,0,0.0014000309532658085
1.12.0,avatica/core/src/main/java/org/apache/calcite/avatica/remote/MockJsonService.java,0,0,0.010572357694511118
1.12.0,avatica/core/src/main/java/org/apache/calcite/avatica/remote/ProtobufHandler.java,0,0,0.0032674202811591585
1.12.0,avatica/core/src/main/java/org/apache/calcite/avatica/remote/ProtobufMeta.java,0,0,3.962573678075059e-09
1.12.0,avatica/core/src/main/java/org/apache/calcite/avatica/remote/ProtobufService.java,0,0,0.15774392929866476
1.12.0,avatica/core/src/main/java/org/apache/calcite/avatica/remote/ProtobufTranslation.java,0,0,2.8241268953637566e-10
1.12.0,avatica/core/src/main/java/org/apache/calcite/avatica/remote/RemoteService.java,0,0,5.736166569599665e-07
1.12.0,avatica/core/src/main/java/org/apache/calcite/avatica/remote/RequestTranslator.java,0,0,1.5164462457816107e-07
1.12.0,avatica/core/src/main/java/org/apache/calcite/avatica/remote/ResponseTranslator.java,0,0,9.274172985788143e-08
1.12.0,avatica/core/src/main/java/org/apache/calcite/avatica/remote/UsernamePasswordAuthenticateable.java,0,0,1.537335554280653e-13
1.12.0,avatica/core/src/main/java-filtered/org/apache/calcite/avatica/util/FilteredConstants.java,0,0,0.00016352551246944685
1.12.0,avatica/server/src/main/java/org/apache/calcite/avatica/server/AbstractAvaticaHandler.java,0,0,3.611580079427707e-15
1.12.0,avatica/server/src/main/java/org/apache/calcite/avatica/server/AvaticaHandler.java,0,0,1.953303546089702e-12
1.12.0,avatica/server/src/main/java/org/apache/calcite/avatica/server/AvaticaJsonHandler.java,0,0,0.0001849725957581921
1.12.0,avatica/server/src/main/java/org/apache/calcite/avatica/server/AvaticaProtobufHandler.java,0,0,0.0061694862317471805
1.12.0,avatica/server/src/main/java/org/apache/calcite/avatica/server/AvaticaServerConfiguration.java,0,0,3.8715060312110526e-07
1.12.0,avatica/server/src/main/java/org/apache/calcite/avatica/server/DelegatingAvaticaHandler.java,0,0,0.00010624025525719811
1.12.0,avatica/server/src/main/java/org/apache/calcite/avatica/server/DoAsRemoteUserCallback.java,0,0,1.1052595647063048e-14
1.12.0,avatica/server/src/main/java/org/apache/calcite/avatica/server/HandlerFactory.java,0,0,0.2846952677027344
1.12.0,avatica/server/src/main/java/org/apache/calcite/avatica/server/MetricsAwareAvaticaHandler.java,0,0,2.0378217089009655e-08
1.12.0,avatica/server/src/main/java/org/apache/calcite/avatica/server/PropertyBasedSpnegoLoginService.java,0,0,0.01955899041617836
1.12.0,avatica/metrics/src/main/java/org/apache/calcite/avatica/metrics/Counter.java,0,0,3.9652224972102916e-12
1.12.0,avatica/metrics/src/main/java/org/apache/calcite/avatica/metrics/Gauge.java,0,0,8.644946577214386e-20
1.12.0,avatica/metrics/src/main/java/org/apache/calcite/avatica/metrics/Histogram.java,0,0,1.4629309000037246e-17
1.12.0,avatica/metrics/src/main/java/org/apache/calcite/avatica/metrics/Meter.java,0,0,3.5792629859919283e-16
1.12.0,avatica/metrics/src/main/java/org/apache/calcite/avatica/metrics/Metric.java,0,0,1.739556389442967e-11
1.12.0,avatica/metrics/src/main/java/org/apache/calcite/avatica/metrics/MetricsSystem.java,0,0,1.153307874314303e-09
1.12.0,avatica/metrics/src/main/java/org/apache/calcite/avatica/metrics/MetricsSystemConfiguration.java,0,0,9.131408364247666e-15
1.12.0,avatica/metrics/src/main/java/org/apache/calcite/avatica/metrics/MetricsSystemFactory.java,0,0,3.638957601079479e-18
1.12.0,avatica/metrics/src/main/java/org/apache/calcite/avatica/metrics/MetricsSystemLoader.java,0,0,8.729056320320554e-06
1.12.0,avatica/metrics/src/main/java/org/apache/calcite/avatica/metrics/PackageMarker.java,0,0,2.1870066377880804e-20
1.12.0,avatica/metrics/src/main/java/org/apache/calcite/avatica/metrics/Timer.java,0,0,8.412445661780279e-20
1.12.0,avatica/metrics/src/main/java/org/apache/calcite/avatica/metrics/noop/NoopCounter.java,0,0,6.552184148334397e-06
1.12.0,avatica/metrics/src/main/java/org/apache/calcite/avatica/metrics/noop/NoopHistogram.java,0,0,0.0005883183449585028
1.12.0,avatica/metrics/src/main/java/org/apache/calcite/avatica/metrics/noop/NoopMeter.java,0,0,3.410891514526189e-06
1.12.0,avatica/metrics/src/main/java/org/apache/calcite/avatica/metrics/noop/NoopMetricsSystem.java,0,0,6.775119581368002e-05
1.12.0,avatica/metrics/src/main/java/org/apache/calcite/avatica/metrics/noop/NoopMetricsSystemConfiguration.java,0,0,8.503413479753408e-06
1.12.0,avatica/metrics/src/main/java/org/apache/calcite/avatica/metrics/noop/NoopMetricsSystemFactory.java,0,0,2.0224428130049829e-07
1.12.0,avatica/metrics/src/main/java/org/apache/calcite/avatica/metrics/noop/NoopTimer.java,0,0,6.151170306950049e-12
1.12.0,avatica/metrics-dropwizardmetrics3/src/main/java/org/apache/calcite/avatica/metrics/dropwizard3/DropwizardCounter.java,0,0,0.0005202932747893545
1.12.0,avatica/metrics-dropwizardmetrics3/src/main/java/org/apache/calcite/avatica/metrics/dropwizard3/DropwizardGauge.java,0,0,2.893939179330471e-07
1.12.0,avatica/metrics-dropwizardmetrics3/src/main/java/org/apache/calcite/avatica/metrics/dropwizard3/DropwizardHistogram.java,0,0,3.4692121432311966e-05
1.12.0,avatica/metrics-dropwizardmetrics3/src/main/java/org/apache/calcite/avatica/metrics/dropwizard3/DropwizardMeter.java,0,0,0.00010019503880011805
1.12.0,avatica/metrics-dropwizardmetrics3/src/main/java/org/apache/calcite/avatica/metrics/dropwizard3/DropwizardMetricsSystem.java,0,0,1.0355645344311692e-06
1.12.0,avatica/metrics-dropwizardmetrics3/src/main/java/org/apache/calcite/avatica/metrics/dropwizard3/DropwizardMetricsSystemConfiguration.java,0,0,6.880861477168656e-06
1.12.0,avatica/metrics-dropwizardmetrics3/src/main/java/org/apache/calcite/avatica/metrics/dropwizard3/DropwizardMetricsSystemFactory.java,0,0,5.683597009410549e-11
1.12.0,avatica/metrics-dropwizardmetrics3/src/main/java/org/apache/calcite/avatica/metrics/dropwizard3/DropwizardTimer.java,0,0,1.4564348455308017e-10
1.12.0,avatica/noop-driver/src/main/java/org/apache/calcite/avatica/noop/AvaticaNoopConnection.java,0,0,0.00016409492420733454
1.12.0,avatica/noop-driver/src/main/java/org/apache/calcite/avatica/noop/AvaticaNoopDatabaseMetaData.java,0,0,1.0363250345911842e-10
1.12.0,avatica/noop-driver/src/main/java/org/apache/calcite/avatica/noop/AvaticaNoopDriver.java,0,0,0.001827062276774052
1.12.0,avatica/noop-driver/src/main/java/org/apache/calcite/avatica/noop/AvaticaNoopParameterMetaData.java,0,0,0.0018913833249196048
1.12.0,avatica/noop-driver/src/main/java/org/apache/calcite/avatica/noop/AvaticaNoopResultSetMetaData.java,0,0,0.000486885930034789
1.12.0,avatica/noop-driver/src/main/java/org/apache/calcite/avatica/noop/AvaticaNoopStatement.java,0,0,0.003683816305912142
1.12.0,avatica/noop-driver/src/main/java/org/apache/calcite/avatica/noop/PackageMarker.java,0,0,2.1870066377880804e-20
1.12.0,avatica/tck/src/main/java/org/apache/calcite/avatica/tck/PackageMarker.java,0,0,2.1870066377880804e-20
1.12.0,cassandra/src/main/java/org/apache/calcite/adapter/cassandra/CassandraEnumerator.java,1,1,0.8644844827582683
1.12.0,cassandra/src/main/java/org/apache/calcite/adapter/cassandra/CassandraFilter.java,0,0,0.20359239095754172
1.12.0,cassandra/src/main/java/org/apache/calcite/adapter/cassandra/CassandraLimit.java,0,0,0.3674666809050949
1.12.0,cassandra/src/main/java/org/apache/calcite/adapter/cassandra/CassandraMethod.java,0,0,0.367048153253509
1.12.0,cassandra/src/main/java/org/apache/calcite/adapter/cassandra/CassandraProject.java,0,0,0.0072478210595779535
1.12.0,cassandra/src/main/java/org/apache/calcite/adapter/cassandra/CassandraRel.java,0,0,1.5038274365602676e-05
1.12.0,cassandra/src/main/java/org/apache/calcite/adapter/cassandra/CassandraSort.java,0,0,0.021828679824941445
1.12.0,cassandra/src/main/java/org/apache/calcite/adapter/cassandra/CassandraTable.java,1,1,0.9546367591418577
1.12.0,cassandra/src/main/java/org/apache/calcite/adapter/cassandra/CassandraTableScan.java,0,0,0.02395186625979591
1.12.0,cassandra/src/main/java/org/apache/calcite/adapter/cassandra/CassandraToEnumerableConverter.java,0,0,0.03790623807020492
1.12.0,cassandra/src/main/java/org/apache/calcite/adapter/cassandra/CassandraToEnumerableConverterRule.java,0,0,0.00042259913809469357
1.12.0,druid/src/main/java/org/apache/calcite/adapter/druid/DruidConnection.java,0,0,1.6487874763669904e-07
1.12.0,druid/src/main/java/org/apache/calcite/adapter/druid/DruidResultEnumerator.java,0,0,2.980363212174771e-05
1.12.0,elasticsearch/src/main/java/org/apache/calcite/adapter/elasticsearch/ElasticsearchEnumerator.java,0,0,0.001663088408404148
1.12.0,elasticsearch/src/main/java/org/apache/calcite/adapter/elasticsearch/ElasticsearchMethod.java,0,0,0.097335827731574
1.12.0,elasticsearch/src/main/java/org/apache/calcite/adapter/elasticsearch/ElasticsearchProject.java,0,0,0.38699522172198325
1.12.0,elasticsearch/src/main/java/org/apache/calcite/adapter/elasticsearch/ElasticsearchRel.java,0,0,2.7700372338978145e-08
1.12.0,elasticsearch/src/main/java/org/apache/calcite/adapter/elasticsearch/ElasticsearchSchemaFactory.java,0,0,2.505913303395431e-17
1.12.0,elasticsearch/src/main/java/org/apache/calcite/adapter/elasticsearch/ElasticsearchSort.java,0,0,0.006991291803978646
1.12.0,elasticsearch/src/main/java/org/apache/calcite/adapter/elasticsearch/ElasticsearchTable.java,0,0,0.17284313703749193
1.12.0,elasticsearch/src/main/java/org/apache/calcite/adapter/elasticsearch/ElasticsearchTableScan.java,0,0,0.008038124801203205
1.12.0,elasticsearch/src/main/java/org/apache/calcite/adapter/elasticsearch/ElasticsearchToEnumerableConverter.java,0,0,2.624992817647919e-06
1.12.0,elasticsearch/src/main/java/org/apache/calcite/adapter/elasticsearch/ElasticsearchToEnumerableConverterRule.java,0,0,9.359664706823809e-05
1.12.0,mongodb/src/main/java/org/apache/calcite/adapter/mongodb/MongoAggregate.java,0,0,0.00024419224617590595
1.12.0,mongodb/src/main/java/org/apache/calcite/adapter/mongodb/MongoEnumerator.java,0,0,0.0019764335115255278
1.12.0,mongodb/src/main/java/org/apache/calcite/adapter/mongodb/MongoFilter.java,0,0,0.18989435874604924
1.12.0,mongodb/src/main/java/org/apache/calcite/adapter/mongodb/MongoMethod.java,0,0,0.27476993483712225
1.12.0,mongodb/src/main/java/org/apache/calcite/adapter/mongodb/MongoProject.java,0,0,0.11691599917170453
1.12.0,mongodb/src/main/java/org/apache/calcite/adapter/mongodb/MongoRel.java,0,0,3.694789698857299e-10
1.12.0,mongodb/src/main/java/org/apache/calcite/adapter/mongodb/MongoSchema.java,0,0,8.858508234196025e-06
1.12.0,mongodb/src/main/java/org/apache/calcite/adapter/mongodb/MongoSchemaFactory.java,0,0,0.017542300823705788
1.12.0,mongodb/src/main/java/org/apache/calcite/adapter/mongodb/MongoSort.java,0,0,0.05559062390826694
1.12.0,mongodb/src/main/java/org/apache/calcite/adapter/mongodb/MongoTable.java,0,0,0.04303625488249264
1.12.0,mongodb/src/main/java/org/apache/calcite/adapter/mongodb/MongoTableScan.java,0,0,0.00760602834325575
1.12.0,mongodb/src/main/java/org/apache/calcite/adapter/mongodb/MongoToEnumerableConverter.java,0,0,0.0049185603978814454
1.12.0,mongodb/src/main/java/org/apache/calcite/adapter/mongodb/MongoToEnumerableConverterRule.java,0,0,0.0002249034831147152
1.12.0,plus/src/main/java/org/apache/calcite/adapter/tpcds/TpcdsSchemaFactory.java,0,0,0.06902852899126054
1.12.0,plus/src/main/java/org/apache/calcite/adapter/tpch/TpchSchemaFactory.java,0,0,0.10462794380857861
1.12.0,spark/src/main/java/org/apache/calcite/adapter/spark/EnumerableToSparkConverter.java,0,0,0.02484960870444047
1.12.0,spark/src/main/java/org/apache/calcite/adapter/spark/EnumerableToSparkConverterRule.java,0,0,0.0003634381300539615
1.12.0,spark/src/main/java/org/apache/calcite/adapter/spark/HttpServer.java,0,0,0.027796587844355135
1.12.0,spark/src/main/java/org/apache/calcite/adapter/spark/JdbcToSparkConverter.java,0,1,0.7528350955446297
1.12.0,spark/src/main/java/org/apache/calcite/adapter/spark/JdbcToSparkConverterRule.java,0,0,0.000593255125725877
1.12.0,spark/src/main/java/org/apache/calcite/adapter/spark/SparkMethod.java,0,0,3.247309022748717e-05
1.12.0,spark/src/main/java/org/apache/calcite/adapter/spark/SparkRel.java,0,0,3.7363572860825966e-17
1.12.0,spark/src/main/java/org/apache/calcite/adapter/spark/SparkToEnumerableConverter.java,0,0,1.003069612210229e-07
1.12.0,splunk/src/main/java/org/apache/calcite/adapter/splunk/SplunkDriver.java,0,0,0.0978839102134983
1.12.0,splunk/src/main/java/org/apache/calcite/adapter/splunk/SplunkDriverVersion.java,0,0,3.840739715114683e-09
1.12.0,splunk/src/main/java/org/apache/calcite/adapter/splunk/SplunkQuery.java,0,0,0.09415217476424854
1.12.0,splunk/src/main/java/org/apache/calcite/adapter/splunk/SplunkSchema.java,0,0,1.4882495549009954e-07
1.12.0,splunk/src/main/java/org/apache/calcite/adapter/splunk/SplunkTable.java,0,0,0.06680745644696963
1.12.0,splunk/src/main/java/org/apache/calcite/adapter/splunk/SplunkTableScan.java,0,0,0.2003510696550717
1.12.0,splunk/src/main/java/org/apache/calcite/adapter/splunk/search/SearchResultListener.java,0,0,7.091157138514742e-08
1.12.0,splunk/src/main/java/org/apache/calcite/adapter/splunk/search/SplunkConnection.java,0,0,6.902945558216958e-14
1.12.0,splunk/src/main/java/org/apache/calcite/adapter/splunk/util/StringUtils.java,0,0,0.0005601944224924483
1.12.0,piglet/src/main/java/org/apache/calcite/piglet/Ast.java,1,1,0.9996546125101143
1.12.0,piglet/src/main/java/org/apache/calcite/piglet/Handler.java,0,0,0.09736311550116716
1.12.0,linq4j/src/main/java/org/apache/calcite/linq4j/AbstractEnumerable.java,0,0,3.1339737993026904e-08
1.12.0,linq4j/src/main/java/org/apache/calcite/linq4j/AbstractEnumerable2.java,0,0,2.5985236779193056e-12
1.12.0,linq4j/src/main/java/org/apache/calcite/linq4j/AbstractQueryable.java,0,0,1.54437760603771e-10
1.12.0,linq4j/src/main/java/org/apache/calcite/linq4j/BaseQueryable.java,0,0,4.7397119148148114e-07
1.12.0,linq4j/src/main/java/org/apache/calcite/linq4j/CartesianProductEnumerator.java,0,0,1.8211077806641908e-08
1.12.0,linq4j/src/main/java/org/apache/calcite/linq4j/CorrelateJoinType.java,0,0,9.097539867359382e-10
1.12.0,linq4j/src/main/java/org/apache/calcite/linq4j/DefaultQueryable.java,0,0,0.0004853820337241841
1.12.0,linq4j/src/main/java/org/apache/calcite/linq4j/DelegatingEnumerator.java,0,0,3.7084185871448567e-09
1.12.0,linq4j/src/main/java/org/apache/calcite/linq4j/Enumerable.java,0,0,1.5264264374446154e-49
1.12.0,linq4j/src/main/java/org/apache/calcite/linq4j/EnumerableOrderedQueryable.java,0,0,3.2604221185828736e-06
1.12.0,linq4j/src/main/java/org/apache/calcite/linq4j/EnumerableQueryable.java,0,0,0.0002838506884006174
1.12.0,linq4j/src/main/java/org/apache/calcite/linq4j/Enumerator.java,0,0,1.9723247239751604e-31
1.12.0,linq4j/src/main/java/org/apache/calcite/linq4j/ExtendedOrderedEnumerable.java,0,0,3.5567122619737896e-28
1.12.0,linq4j/src/main/java/org/apache/calcite/linq4j/ExtendedOrderedQueryable.java,0,0,1.6688563758461117e-27
1.12.0,linq4j/src/main/java/org/apache/calcite/linq4j/ExtendedQueryable.java,0,0,0.0005009527888137398
1.12.0,linq4j/src/main/java/org/apache/calcite/linq4j/Extensions.java,0,0,2.643703657514475e-11
1.12.0,linq4j/src/main/java/org/apache/calcite/linq4j/Grouping.java,0,0,3.244130586779858e-27
1.12.0,linq4j/src/main/java/org/apache/calcite/linq4j/GroupingImpl.java,0,0,8.477245415148456e-06
1.12.0,linq4j/src/main/java/org/apache/calcite/linq4j/Linq4j.java,0,0,0.00033828208103693495
1.12.0,linq4j/src/main/java/org/apache/calcite/linq4j/Lookup.java,0,0,3.832388730020398e-21
1.12.0,linq4j/src/main/java/org/apache/calcite/linq4j/LookupImpl.java,0,0,0.027919591150516673
1.12.0,linq4j/src/main/java/org/apache/calcite/linq4j/OpType.java,0,0,3.013740448128437e-13
1.12.0,linq4j/src/main/java/org/apache/calcite/linq4j/Ord.java,0,0,3.591345630455586e-12
1.12.0,linq4j/src/main/java/org/apache/calcite/linq4j/OrderedEnumerable.java,0,0,1.0185850179316037e-28
1.12.0,linq4j/src/main/java/org/apache/calcite/linq4j/OrderedQueryable.java,0,0,6.094173942015721e-27
1.12.0,linq4j/src/main/java/org/apache/calcite/linq4j/PackageMarker.java,0,0,2.1870066377880804e-20
1.12.0,linq4j/src/main/java/org/apache/calcite/linq4j/Queryable.java,0,0,6.823240295975962e-26
1.12.0,linq4j/src/main/java/org/apache/calcite/linq4j/QueryableDefaults.java,0,0,3.3340024618874525e-13
1.12.0,linq4j/src/main/java/org/apache/calcite/linq4j/QueryableFactory.java,0,0,7.014265312636428e-05
1.12.0,linq4j/src/main/java/org/apache/calcite/linq4j/QueryableRecorder.java,0,0,1.0176825964929998e-12
1.12.0,linq4j/src/main/java/org/apache/calcite/linq4j/QueryProvider.java,0,0,1.701333919560883e-12
1.12.0,linq4j/src/main/java/org/apache/calcite/linq4j/QueryProviderImpl.java,0,0,1.4553901508472119e-12
1.12.0,linq4j/src/main/java/org/apache/calcite/linq4j/RawEnumerable.java,0,0,2.3869866420688967e-51
1.12.0,linq4j/src/main/java/org/apache/calcite/linq4j/RawQueryable.java,0,0,2.1728060689472628e-29
1.12.0,linq4j/src/main/java/org/apache/calcite/linq4j/TransformedEnumerator.java,0,0,4.4314169141182966e-10
1.12.0,linq4j/src/main/java/org/apache/calcite/linq4j/function/BigDecimalFunction1.java,0,0,9.332963654270234e-12
1.12.0,linq4j/src/main/java/org/apache/calcite/linq4j/function/Deterministic.java,0,0,8.01161790315647e-22
1.12.0,linq4j/src/main/java/org/apache/calcite/linq4j/function/DoubleFunction1.java,0,0,1.2611965504754373e-17
1.12.0,linq4j/src/main/java/org/apache/calcite/linq4j/function/EqualityComparer.java,0,0,3.047434265891378e-14
1.12.0,linq4j/src/main/java/org/apache/calcite/linq4j/function/FloatFunction1.java,0,0,1.2611965504754373e-17
1.12.0,linq4j/src/main/java/org/apache/calcite/linq4j/function/Function.java,0,0,5.862438475308458e-28
1.12.0,linq4j/src/main/java/org/apache/calcite/linq4j/function/Function0.java,0,0,2.7680361727322615e-22
1.12.0,linq4j/src/main/java/org/apache/calcite/linq4j/function/Function1.java,0,0,4.730156702849075e-46
1.12.0,linq4j/src/main/java/org/apache/calcite/linq4j/function/Function2.java,0,0,1.3262842230054494e-29
1.12.0,linq4j/src/main/java/org/apache/calcite/linq4j/function/Functions.java,0,0,1.8464191122466764e-09
1.12.0,linq4j/src/main/java/org/apache/calcite/linq4j/function/IntegerFunction1.java,0,0,4.99311475505274e-16
1.12.0,linq4j/src/main/java/org/apache/calcite/linq4j/function/LongFunction1.java,0,0,1.2611965504754373e-17
1.12.0,linq4j/src/main/java/org/apache/calcite/linq4j/function/NonDeterministic.java,0,0,1.0469523511317064e-20
1.12.0,linq4j/src/main/java/org/apache/calcite/linq4j/function/NullableBigDecimalFunction1.java,0,0,5.198943276354054e-12
1.12.0,linq4j/src/main/java/org/apache/calcite/linq4j/function/NullableDoubleFunction1.java,0,0,1.8529628214762962e-11
1.12.0,linq4j/src/main/java/org/apache/calcite/linq4j/function/NullableFloatFunction1.java,0,0,1.8529628214762962e-11
1.12.0,linq4j/src/main/java/org/apache/calcite/linq4j/function/NullableIntegerFunction1.java,0,0,1.8529628214762962e-11
1.12.0,linq4j/src/main/java/org/apache/calcite/linq4j/function/NullableLongFunction1.java,0,0,1.8529628214762962e-11
1.12.0,linq4j/src/main/java/org/apache/calcite/linq4j/function/Parameter.java,0,0,1.4683710728056281e-59
1.12.0,linq4j/src/main/java/org/apache/calcite/linq4j/function/Predicate1.java,0,0,5.756999226737574e-26
1.12.0,linq4j/src/main/java/org/apache/calcite/linq4j/function/Predicate2.java,0,0,1.559645645987757e-17
1.12.0,linq4j/src/main/java/org/apache/calcite/linq4j/tree/AbstractNode.java,0,0,6.57218449234009e-05
1.12.0,linq4j/src/main/java/org/apache/calcite/linq4j/tree/ArrayLengthRecordField.java,0,0,1.411622345641492e-05
1.12.0,linq4j/src/main/java/org/apache/calcite/linq4j/tree/Blocks.java,0,0,0.004333139381247834
1.12.0,linq4j/src/main/java/org/apache/calcite/linq4j/tree/CallSiteBinder.java,0,0,4.118402306449083e-10
1.12.0,linq4j/src/main/java/org/apache/calcite/linq4j/tree/CatchBlock.java,0,0,0.0004804071839834993
1.12.0,linq4j/src/main/java/org/apache/calcite/linq4j/tree/ConstantUntypedNull.java,0,0,1.4153821744188378e-05
1.12.0,linq4j/src/main/java/org/apache/calcite/linq4j/tree/ElementInit.java,0,0,4.9247041664214265e-06
1.12.0,linq4j/src/main/java/org/apache/calcite/linq4j/tree/Evaluator.java,0,0,0.00991851069568864
1.12.0,linq4j/src/main/java/org/apache/calcite/linq4j/tree/Expression.java,0,0,2.9003921784413965e-09
1.12.0,linq4j/src/main/java/org/apache/calcite/linq4j/tree/ExpressionType.java,0,0,0.019094155258016953
1.12.0,linq4j/src/main/java/org/apache/calcite/linq4j/tree/ExpressionVisitor.java,0,0,1.1989076482718537e-15
1.12.0,linq4j/src/main/java/org/apache/calcite/linq4j/tree/ExpressionWriter.java,0,0,3.542185296422727e-05
1.12.0,linq4j/src/main/java/org/apache/calcite/linq4j/tree/GotoExpressionKind.java,0,0,0.0001388784802852319
1.12.0,linq4j/src/main/java/org/apache/calcite/linq4j/tree/LabelTarget.java,0,0,0.0036777370409830333
1.12.0,linq4j/src/main/java/org/apache/calcite/linq4j/tree/MemberAssignment.java,0,0,3.0203215283229926e-06
1.12.0,linq4j/src/main/java/org/apache/calcite/linq4j/tree/MemberBinding.java,0,0,7.582292736822874e-06
1.12.0,linq4j/src/main/java/org/apache/calcite/linq4j/tree/MemberDeclaration.java,0,0,1.1261515406965394e-07
1.12.0,linq4j/src/main/java/org/apache/calcite/linq4j/tree/MemberListBinding.java,0,0,3.3346983617302757e-06
1.12.0,linq4j/src/main/java/org/apache/calcite/linq4j/tree/MemberMemberBinding.java,0,0,3.0203215283229926e-06
1.12.0,linq4j/src/main/java/org/apache/calcite/linq4j/tree/Primitive.java,0,0,0.04391122153725845
1.12.0,linq4j/src/main/java/org/apache/calcite/linq4j/tree/PseudoField.java,0,0,4.975063356669863e-13
1.12.0,linq4j/src/main/java/org/apache/calcite/linq4j/tree/ReflectedPseudoField.java,0,0,9.189714261093924e-06
1.12.0,linq4j/src/main/java/org/apache/calcite/linq4j/tree/Statement.java,0,0,6.327599963920238e-05
1.12.0,linq4j/src/main/java/org/apache/calcite/linq4j/tree/SwitchCase.java,0,0,4.460431088690653e-06
1.12.0,ubenchmark/src/main/java/org/apache/calcite/benchmarks/FlightRecorderProfiler.java,0,0,0.001220300028830626
1.12.0,ubenchmark/src/main/java/org/apache/calcite/benchmarks/ParserBenchmark.java,0,0,0.4033270860931927
1.12.0,ubenchmark/src/main/java/org/apache/calcite/benchmarks/PreconditionTest.java,0,0,0.09626731436463484
1.12.0,ubenchmark/src/main/java/org/apache/calcite/benchmarks/StatementTest.java,0,0,4.729187701513785e-08
1.12.0,core/src/main/java/org/apache/calcite/runtime/Like.java,1,1,0.981276476715432
1.12.0,avatica/core/src/main/java/org/apache/calcite/avatica/AvaticaConnection.java,0,0,9.460173358085742e-19
1.12.0,avatica/core/src/main/java/org/apache/calcite/avatica/AvaticaStatement.java,0,0,0.008492937827818072
1.12.0,core/src/main/java/org/apache/calcite/sql/fun/SqlCoalesceFunction.java,0,0,0.029160532679058694
1.12.0,core/src/main/java/org/apache/calcite/sql/fun/SqlNullifFunction.java,0,0,0.002480638243547585
1.12.0,avatica/core/src/main/java/org/apache/calcite/avatica/util/ByteString.java,0,0,0.1947399414627981
1.12.0,core/src/main/java/org/apache/calcite/rel/rules/LoptSemiJoinOptimizer.java,0,0,0.017773862644105708
1.12.0,cassandra/src/main/java/org/apache/calcite/adapter/cassandra/CassandraSchema.java,0,0,0.43912678661476395
1.12.0,core/src/main/java/org/apache/calcite/sql/SqlLateralOperator.java,0,0,0.004910622238876907
1.12.0,core/src/main/java/org/apache/calcite/sql/SqlSpecialOperator.java,0,0,3.5515833902853063e-07
1.12.0,core/src/main/java/org/apache/calcite/util/PrecedenceClimbingParser.java,0,0,0.28544438337273337
1.12.0,core/src/main/java/org/apache/calcite/sql/fun/SqlBetweenOperator.java,0,1,0.8777088887899805
1.12.0,core/src/main/java/org/apache/calcite/sql/fun/SqlItemOperator.java,0,0,0.0007987969521772425
1.12.0,avatica/core/src/main/java/org/apache/calcite/avatica/Meta.java,0,0,0.11702712296109485
1.12.0,core/src/main/java/org/apache/calcite/rel/rules/ValuesReduceRule.java,0,1,0.989861085963181
1.12.0,cassandra/src/main/java/org/apache/calcite/adapter/cassandra/CassandraSchemaFactory.java,0,0,0.006281602084123599
1.12.0,core/src/main/java/org/apache/calcite/sql/SqlJdbcFunctionCall.java,0,0,0.007023530197429998
1.12.0,core/src/main/java/org/apache/calcite/sql/fun/SqlDatePartFunction.java,0,0,0.18783828025722277
1.12.0,avatica/core/src/main/java/org/apache/calcite/avatica/util/AbstractCursor.java,0,1,0.7061832649130986
1.12.0,core/src/main/java/org/apache/calcite/plan/RelOptPredicateList.java,0,1,0.7132813930352092
1.12.0,core/src/main/java/org/apache/calcite/schema/impl/AggregateFunctionImpl.java,0,1,0.8829293320922229
1.12.0,core/src/main/java/org/apache/calcite/rel/rules/FilterRemoveIsNotDistinctFromRule.java,0,0,1.8014868403935388e-05
1.12.0,core/src/main/java/org/apache/calcite/rel/rules/JoinExtractFilterRule.java,0,0,0.011925356778022138
1.12.0,core/src/main/java/org/apache/calcite/rel/rules/SemiJoinFilterTransposeRule.java,0,0,0.041755587195344855
1.12.0,avatica/core/src/main/java/org/apache/calcite/avatica/remote/ProtobufTranslationImpl.java,0,0,1.4096703486405978e-08
1.12.0,linq4j/src/main/java/org/apache/calcite/linq4j/tree/BinaryExpression.java,0,0,3.3707188949707075e-11
1.12.0,linq4j/src/main/java/org/apache/calcite/linq4j/tree/BlockStatement.java,0,0,1.0738283286115292e-07
1.12.0,linq4j/src/main/java/org/apache/calcite/linq4j/tree/ClassDeclaration.java,0,0,4.2822948248609764e-07
1.12.0,linq4j/src/main/java/org/apache/calcite/linq4j/tree/ClassDeclarationFinder.java,0,0,0.0012342776978196846
1.12.0,linq4j/src/main/java/org/apache/calcite/linq4j/tree/ConditionalExpression.java,0,0,3.8343006583833324e-08
1.12.0,linq4j/src/main/java/org/apache/calcite/linq4j/tree/ConditionalStatement.java,0,0,2.109610784980161e-06
1.12.0,linq4j/src/main/java/org/apache/calcite/linq4j/tree/ConstantExpression.java,0,0,0.0007795243364229563
1.12.0,linq4j/src/main/java/org/apache/calcite/linq4j/tree/ConstructorDeclaration.java,0,0,0.00012803365416307793
1.12.0,linq4j/src/main/java/org/apache/calcite/linq4j/tree/DeclarationStatement.java,0,0,6.393579252365177e-07
1.12.0,linq4j/src/main/java/org/apache/calcite/linq4j/tree/DefaultExpression.java,0,0,2.2420930413994444e-07
1.12.0,linq4j/src/main/java/org/apache/calcite/linq4j/tree/DynamicExpression.java,0,0,2.2420930413994444e-07
1.12.0,linq4j/src/main/java/org/apache/calcite/linq4j/tree/Expressions.java,0,0,3.159920536291332e-20
1.12.0,linq4j/src/main/java/org/apache/calcite/linq4j/tree/FieldDeclaration.java,0,0,5.706567963745045e-05
1.12.0,linq4j/src/main/java/org/apache/calcite/linq4j/tree/ForStatement.java,0,0,2.273687672694452e-06
1.12.0,linq4j/src/main/java/org/apache/calcite/linq4j/tree/FunctionExpression.java,0,0,1.000199092913629e-06
1.12.0,linq4j/src/main/java/org/apache/calcite/linq4j/tree/GotoStatement.java,0,0,4.262241260329425e-06
1.12.0,linq4j/src/main/java/org/apache/calcite/linq4j/tree/IndexExpression.java,0,0,3.5257435884898674e-08
1.12.0,linq4j/src/main/java/org/apache/calcite/linq4j/tree/InvocationExpression.java,0,0,5.088696924305181e-07
1.12.0,linq4j/src/main/java/org/apache/calcite/linq4j/tree/LabelStatement.java,0,0,6.858646280198285e-08
1.12.0,linq4j/src/main/java/org/apache/calcite/linq4j/tree/LambdaExpression.java,0,0,5.423179359648111e-07
1.12.0,linq4j/src/main/java/org/apache/calcite/linq4j/tree/ListInitExpression.java,0,0,4.627275234454306e-07
1.12.0,linq4j/src/main/java/org/apache/calcite/linq4j/tree/MemberExpression.java,0,0,3.648307186240928e-07
1.12.0,linq4j/src/main/java/org/apache/calcite/linq4j/tree/MemberInitExpression.java,0,0,3.2626563845586744e-07
1.12.0,linq4j/src/main/java/org/apache/calcite/linq4j/tree/MethodCallExpression.java,0,0,5.769225237816293e-07
1.12.0,linq4j/src/main/java/org/apache/calcite/linq4j/tree/MethodDeclaration.java,0,0,0.0008423578827183048
1.12.0,linq4j/src/main/java/org/apache/calcite/linq4j/tree/NewArrayExpression.java,0,0,8.073029949879043e-07
1.12.0,linq4j/src/main/java/org/apache/calcite/linq4j/tree/NewExpression.java,0,0,9.306624622025806e-09
1.12.0,linq4j/src/main/java/org/apache/calcite/linq4j/tree/Node.java,0,0,1.3703517653235294e-15
1.12.0,linq4j/src/main/java/org/apache/calcite/linq4j/tree/OptimizeShuttle.java,0,0,0.040818141514587306
1.12.0,linq4j/src/main/java/org/apache/calcite/linq4j/tree/ParameterExpression.java,0,0,2.8257371168502306e-07
1.12.0,linq4j/src/main/java/org/apache/calcite/linq4j/tree/Shuttle.java,0,0,0.0003182800386090988
1.12.0,linq4j/src/main/java/org/apache/calcite/linq4j/tree/SwitchStatement.java,0,0,2.4476070499885544e-07
1.12.0,linq4j/src/main/java/org/apache/calcite/linq4j/tree/TernaryExpression.java,0,0,6.915632511324159e-09
1.12.0,linq4j/src/main/java/org/apache/calcite/linq4j/tree/ThrowStatement.java,0,0,1.440599081607288e-06
1.12.0,linq4j/src/main/java/org/apache/calcite/linq4j/tree/TryStatement.java,0,0,5.081717915874137e-09
1.12.0,linq4j/src/main/java/org/apache/calcite/linq4j/tree/TypeBinaryExpression.java,0,0,1.538113186119847e-07
1.12.0,linq4j/src/main/java/org/apache/calcite/linq4j/tree/UnaryExpression.java,0,0,6.304456371968209e-07
1.12.0,linq4j/src/main/java/org/apache/calcite/linq4j/tree/Visitor.java,0,0,0.11920246853645712
1.12.0,linq4j/src/main/java/org/apache/calcite/linq4j/tree/VisitorImpl.java,0,0,0.00018075917971517995
1.12.0,linq4j/src/main/java/org/apache/calcite/linq4j/tree/WhileStatement.java,0,0,3.824626726367414e-08
1.12.0,core/src/main/java/org/apache/calcite/rex/RexExecutable.java,0,0,0.48552659490833217
1.12.0,core/src/main/java/org/apache/calcite/rel/rules/AggregateProjectPullUpConstantsRule.java,0,1,0.9940342881374439
1.12.0,core/src/main/java/org/apache/calcite/config/CalciteConnectionConfig.java,0,0,4.6648230954702186e-17
1.12.0,core/src/main/java/org/apache/calcite/config/CalciteConnectionConfigImpl.java,0,0,0.2891379517731279
1.12.0,core/src/main/java/org/apache/calcite/rel/rules/UnionPullUpConstantsRule.java,0,0,0.03779585078867342
1.12.0,core/src/main/java/org/apache/calcite/rel/rules/SortJoinTransposeRule.java,0,0,0.28852771466686156
1.12.0,core/src/main/java/org/apache/calcite/sql/SqlSelect.java,1,1,0.9459500044699959
1.12.0,core/src/main/java/org/apache/calcite/rel/rel2sql/SqlImplementor.java,1,1,0.980470566016396
1.12.0,druid/src/main/java/org/apache/calcite/adapter/druid/DruidSchema.java,0,0,0.24935631936945013
1.12.0,core/src/main/java/org/apache/calcite/sql/parser/SqlParser.java,0,0,3.0211744970969393e-10
1.12.0,core/src/main/java/org/apache/calcite/rex/RexCall.java,0,0,1.113642399755581e-05
1.12.0,avatica/standalone-server/src/main/java/org/apache/calcite/avatica/standalone/StandaloneServer.java,0,0,0.47641204556152544
1.12.0,core/src/main/java/org/apache/calcite/sql/SqlAlter.java,0,0,0.00045604606956653097
1.12.0,core/src/main/java/org/apache/calcite/sql/SqlSetOption.java,0,0,1.3208168851003852e-07
1.12.0,core/src/main/java/org/apache/calcite/adapter/enumerable/EnumerableTableScan.java,0,1,0.9134788814841082
1.12.0,core/src/main/java/org/apache/calcite/adapter/enumerable/JavaRowFormat.java,0,1,0.9999756372782417
1.12.0,core/src/main/java/org/apache/calcite/adapter/enumerable/PhysTypeImpl.java,0,1,0.999999948954395
1.12.0,avatica/core/src/main/java/org/apache/calcite/avatica/AvaticaPreparedStatement.java,0,0,0.15365545242413586
1.12.0,avatica/core/src/main/java/org/apache/calcite/avatica/AvaticaResultSet.java,0,0,0.00010040664412388626
1.12.0,avatica/core/src/main/java/org/apache/calcite/avatica/AvaticaSite.java,0,0,0.0005777217688254585
1.12.0,avatica/core/src/main/java/org/apache/calcite/avatica/AvaticaUtils.java,0,0,1.5398663101857678e-07
1.12.0,avatica/core/src/main/java/org/apache/calcite/avatica/BuiltInConnectionProperty.java,0,0,1.0598308371458635e-06
1.12.0,avatica/core/src/main/java/org/apache/calcite/avatica/ConnectionConfigImpl.java,0,0,2.8251837830569613e-10
1.12.0,avatica/core/src/main/java/org/apache/calcite/avatica/SqlState.java,0,0,3.0593391161394237e-16
1.12.0,avatica/core/src/main/java/org/apache/calcite/avatica/util/Base64.java,0,0,2.5664916825870427e-18
1.12.0,avatica/core/src/main/java/org/apache/calcite/avatica/util/DateTimeUtils.java,0,0,0.22216379831444946
1.12.0,avatica/core/src/main/java/org/apache/calcite/avatica/util/Unsafe.java,0,0,0.026720145439961956
1.12.0,avatica/core/src/main/java/org/apache/calcite/avatica/remote/AvaticaRemoteConnectionProperty.java,0,0,9.947947347715694e-15
1.12.0,avatica/core/src/main/java/org/apache/calcite/avatica/remote/Driver.java,0,0,0.19939579010026356
1.12.0,avatica/core/src/main/java/org/apache/calcite/avatica/remote/RemoteProtobufService.java,0,0,0.0012743182720512133
1.12.0,avatica/server/src/main/java/org/apache/calcite/avatica/jdbc/JdbcMeta.java,0,0,0.12624549279737549
1.12.0,avatica/server/src/main/java/org/apache/calcite/avatica/jdbc/JdbcResultSet.java,0,1,0.5207207685266578
1.12.0,avatica/server/src/main/java/org/apache/calcite/avatica/server/HttpServer.java,0,1,0.9930238013447469
1.12.0,avatica/tck/src/main/java/org/apache/calcite/avatica/tck/TestRunner.java,0,0,0.008999771586578406
1.12.0,avatica/tck/src/main/java/org/apache/calcite/avatica/tck/Unsafe.java,0,0,0.017941659418308827
1.12.0,avatica/core/src/main/java/org/apache/calcite/avatica/ConnectionConfig.java,0,0,4.8607100130173415e-17
1.12.0,avatica/core/src/main/java/org/apache/calcite/avatica/remote/AvaticaCommonsHttpClientImpl.java,0,1,0.8989109974098597
1.12.0,avatica/core/src/main/java/org/apache/calcite/avatica/remote/AvaticaHttpClientFactoryImpl.java,0,0,0.0049087448853033
1.12.0,avatica/core/src/main/java/org/apache/calcite/avatica/remote/TrustStoreConfigurable.java,0,0,1.0050256661739725e-12
1.12.0,core/src/main/java/org/apache/calcite/plan/RelOptMaterializations.java,0,0,0.001134257149011631
1.12.0,core/src/main/java/org/apache/calcite/rex/RexLiteral.java,1,0,0.00586595981860164
1.12.0,core/src/main/java/org/apache/calcite/sql/fun/SqlTimestampAddFunction.java,0,0,0.22376674467258503
1.12.0,core/src/main/java/org/apache/calcite/sql/fun/SqlTimestampDiffFunction.java,0,0,4.925306374175615e-08
1.12.0,druid/src/main/java/org/apache/calcite/adapter/druid/DruidDateTimeUtils.java,1,0,0.03963101422818422
1.12.0,druid/src/main/java/org/apache/calcite/adapter/druid/DruidTable.java,0,1,0.7448300661039197
1.12.0,druid/src/main/java/org/apache/calcite/adapter/druid/DruidTableFactory.java,0,1,0.5034934773589161
1.12.0,druid/src/main/java/org/apache/calcite/adapter/druid/LocalInterval.java,0,0,0.0053725250193045965
1.12.0,core/src/main/java/org/apache/calcite/rel/rules/UnionMergeRule.java,1,1,0.9984076037122793
1.12.0,core/src/main/java/org/apache/calcite/plan/VisitorDataContext.java,0,0,0.04485198750919399
1.12.0,core/src/main/java/org/apache/calcite/sql/SqlDescribeSchema.java,0,0,2.146485600479707e-06
1.12.0,core/src/main/java/org/apache/calcite/sql/SqlDescribeTable.java,0,0,7.0966733921350605e-06
1.12.0,core/src/main/java/org/apache/calcite/rel/rules/IntersectToDistinctRule.java,0,0,0.15975919118056667
1.12.0,avatica/core/src/main/java/org/apache/calcite/avatica/ConnectionProperty.java,0,0,3.6175431988947944e-14
1.12.0,core/src/main/java/org/apache/calcite/adapter/enumerable/ReflectiveCallNotNullImplementor.java,0,0,0.07095361801091352
1.12.0,core/src/main/java/org/apache/calcite/sql/SqlBasicCall.java,1,0,0.14368668034021892
1.12.0,core/src/main/java/org/apache/calcite/sql/SqlCall.java,0,1,0.579647556809901
1.12.0,linq4j/src/main/java/org/apache/calcite/linq4j/tree/BlockBuilder.java,0,0,0.04174317042169335
1.12.0,linq4j/src/main/java/org/apache/calcite/linq4j/tree/DeterministicCodeOptimizer.java,0,0,0.32683794347616496
1.12.0,file/src/main/java/org/apache/calcite/adapter/file/FileFieldType.java,0,0,1.4835200678404125e-09
1.12.0,file/src/main/java/org/apache/calcite/adapter/file/FileReaderException.java,0,0,0.011249969829262976
1.12.0,file/src/main/java/org/apache/calcite/adapter/file/FileTableScan.java,0,0,0.0010898355684513183
1.12.0,core/src/main/java/org/apache/calcite/rel/RelNode.java,0,0,9.109093311614228e-07
1.12.0,core/src/main/java/org/apache/calcite/rex/RexChecker.java,0,0,0.0007551417307597398
1.12.0,core/src/main/java/org/apache/calcite/rel/core/Calc.java,0,0,0.003019595829907194
1.12.0,core/src/main/java/org/apache/calcite/rel/core/Filter.java,0,0,0.04669187624040478
1.12.0,core/src/main/java/org/apache/calcite/rel/core/Project.java,1,1,0.9835908332736086
1.12.0,core/src/main/java/org/apache/calcite/rel/core/Window.java,0,0,0.00950060202520883
1.12.0,core/src/main/java/org/apache/calcite/rel/logical/LogicalCorrelate.java,0,0,0.14647372415152923
1.12.0,core/src/main/java/org/apache/calcite/jdbc/CalciteResultSet.java,1,0,0.013249352973672093
1.12.0,core/src/main/java/org/apache/calcite/model/JsonSchema.java,0,1,0.8173311916768371
1.12.0,core/src/main/java/org/apache/calcite/interpreter/AggregateNode.java,1,1,0.9999998918811562
1.12.0,core/src/main/java/org/apache/calcite/jdbc/CalciteMetaImpl.java,1,1,0.9235666852214283
1.12.0,core/src/main/java/org/apache/calcite/rel/AbstractRelNode.java,1,1,0.9962132198714039
1.12.0,core/src/main/java/org/apache/calcite/sql/SqlCallBinding.java,0,1,0.9592610182257773
1.12.0,core/src/main/java/org/apache/calcite/sql/SqlFilterOperator.java,0,0,0.005093020389775986
1.12.0,core/src/main/java/org/apache/calcite/sql/SqlIntervalLiteral.java,1,0,0.19718025474719283
1.12.0,core/src/main/java/org/apache/calcite/sql/SqlOverOperator.java,0,0,0.0004333977934990327
1.12.0,core/src/main/java/org/apache/calcite/adapter/java/ReflectiveSchema.java,0,0,0.00016891423687277776
1.12.0,core/src/main/java/org/apache/calcite/rel/core/Sort.java,1,0,0.48221146857542285
1.12.0,core/src/main/java/org/apache/calcite/rel/core/TableScan.java,0,0,0.212316668838984
1.12.0,core/src/main/java/org/apache/calcite/rel/type/RelDataTypeFactoryImpl.java,0,0,0.002458825585231636
1.12.0,core/src/main/java/org/apache/calcite/schema/impl/TableFunctionImpl.java,0,0,0.0002774034454369525
1.12.0,core/src/main/java/org/apache/calcite/schema/impl/TableMacroImpl.java,0,0,0.06351441648425196
1.12.0,core/src/main/java/org/apache/calcite/sql/fun/SqlCaseOperator.java,0,0,0.11261644687050251
1.12.0,core/src/main/java/org/apache/calcite/sql/fun/SqlCastFunction.java,0,0,0.10869781099012361
1.12.0,core/src/main/java/org/apache/calcite/sql/fun/SqlCountAggFunction.java,0,1,0.9127419541645668
1.12.0,core/src/main/java/org/apache/calcite/sql/fun/SqlFirstLastValueAggFunction.java,0,0,0.002037325382388822
1.12.0,core/src/main/java/org/apache/calcite/sql/fun/SqlHistogramAggFunction.java,0,0,0.03217521875172031
1.12.0,core/src/main/java/org/apache/calcite/sql/fun/SqlInOperator.java,0,0,0.010102542862513018
1.12.0,core/src/main/java/org/apache/calcite/sql/fun/SqlMinMaxAggFunction.java,0,0,0.4171839239024373
1.12.0,core/src/main/java/org/apache/calcite/sql/fun/SqlSingleValueAggFunction.java,0,0,0.10701356374676217
1.12.0,core/src/main/java/org/apache/calcite/sql/fun/SqlSumAggFunction.java,0,1,0.7384436740836596
1.12.0,core/src/main/java/org/apache/calcite/sql/fun/SqlSumEmptyIsZeroAggFunction.java,1,1,0.9847174966348547
1.12.0,core/src/main/java/org/apache/calcite/sql/validate/AbstractNamespace.java,0,1,0.6202273230051385
1.12.0,core/src/main/java/org/apache/calcite/sql/validate/DelegatingNamespace.java,0,1,0.8261869170881796
1.12.0,core/src/main/java/org/apache/calcite/sql/validate/SqlUserDefinedAggFunction.java,0,0,0.16633965497381484
1.12.0,avatica/core/src/main/java/org/apache/calcite/avatica/UnregisteredDriver.java,0,0,1.2237390847301533e-09
1.12.0,avatica/core/src/main/java/org/apache/calcite/avatica/remote/RemoteMeta.java,0,0,2.6881953483085383e-05
1.12.0,avatica/core/src/main/java/org/apache/calcite/avatica/remote/Service.java,0,0,3.55386865778587e-07
1.12.0,avatica/server/src/main/java/org/apache/calcite/avatica/server/Main.java,0,0,9.189753912168144e-06
1.12.0,avatica/noop-driver/src/main/java/org/apache/calcite/avatica/noop/AvaticaNoopPreparedStatement.java,0,0,3.4292359199998574e-09
1.12.0,avatica/noop-driver/src/main/java/org/apache/calcite/avatica/noop/AvaticaNoopResultSet.java,0,0,8.848356839469938e-07
1.12.0,elasticsearch/src/main/java/org/apache/calcite/adapter/elasticsearch/ElasticsearchRules.java,0,0,0.004079488602775304
1.12.0,linq4j/src/main/java/org/apache/calcite/linq4j/tree/Types.java,0,0,4.221475558099691e-05
1.12.0,core/src/main/java/org/apache/calcite/sql/validate/JoinScope.java,0,0,0.0051496734686485865
1.12.0,core/src/main/java/org/apache/calcite/sql/validate/ScopeChild.java,0,0,0.01707678009522249
1.12.0,core/src/main/java/org/apache/calcite/sql/validate/SqlValidatorNamespace.java,0,0,0.16400073835389725
1.12.0,core/src/main/java/org/apache/calcite/sql/validate/TableScope.java,0,0,0.02168846041581599
1.12.0,core/src/main/java/org/apache/calcite/rel/rules/PruneEmptyRules.java,0,0,8.886105899164019e-05
1.12.0,core/src/main/java/org/apache/calcite/runtime/Hook.java,0,0,0.0257542311232225
1.12.0,core/src/main/java/org/apache/calcite/adapter/enumerable/EnumerableIntersect.java,0,1,0.9868510804477384
1.12.0,core/src/main/java/org/apache/calcite/adapter/enumerable/EnumerableMinus.java,0,1,0.9868510804477384
1.12.0,core/src/main/java/org/apache/calcite/adapter/enumerable/EnumerableUnion.java,1,1,0.9854558234282013
1.12.0,linq4j/src/main/java/org/apache/calcite/linq4j/EnumerableDefaults.java,0,0,0.0032512877339164314
1.12.0,core/src/main/java/org/apache/calcite/rel/externalize/RelJson.java,0,0,0.14071137462231031
1.12.0,core/src/main/java/org/apache/calcite/sql/validate/DelegatingScope.java,0,1,0.9987929942072779
1.12.0,core/src/main/java/org/apache/calcite/sql/validate/ListScope.java,0,0,0.2099750167042592
1.12.0,core/src/main/java/org/apache/calcite/sql/validate/MatchRecognizeScope.java,0,0,0.38472969159796133
1.12.0,avatica/server/src/main/java/org/apache/calcite/avatica/jdbc/StatementInfo.java,0,1,0.932596476837248
1.12.0,core/src/main/java/org/apache/calcite/sql/SqlAggFunction.java,0,0,0.3601111004745558
1.12.0,core/src/main/java/org/apache/calcite/plan/SubstitutionVisitor.java,0,1,0.9999999971238454
1.12.0,core/src/main/java/org/apache/calcite/rex/RexProgram.java,0,0,0.08834863602188567
1.12.0,core/src/main/java/org/apache/calcite/rex/RexProgramBuilder.java,0,0,0.03835729337301288
1.12.0,core/src/main/java/org/apache/calcite/rex/RexSimplify.java,1,1,0.9160788332312537
1.12.0,core/src/main/java/org/apache/calcite/rex/RexUtil.java,1,1,0.9999999468191446
1.12.0,core/src/main/java/org/apache/calcite/sql2rel/StandardConvertletTable.java,1,1,0.9889200694984609
1.12.0,core/src/main/java/org/apache/calcite/tools/RelBuilder.java,1,1,1.0
1.12.0,core/src/main/java/org/apache/calcite/adapter/enumerable/EnumerableCalc.java,0,0,0.010083070243939748
1.12.0,core/src/main/java/org/apache/calcite/rel/metadata/RelMdPredicates.java,1,1,0.8626539917212839
1.12.0,core/src/main/java/org/apache/calcite/rel/rules/DateRangeRules.java,1,1,0.7234848160952158
1.12.0,core/src/main/java/org/apache/calcite/rel/rules/ReduceExpressionsRule.java,1,1,0.9754603966213191
1.12.0,core/src/main/java/org/apache/calcite/sql/SqlIntervalQualifier.java,1,1,0.9990344613742125
1.12.0,core/src/main/java/org/apache/calcite/rel/metadata/RelMdSize.java,0,0,3.6054988667502864e-05
1.12.0,core/src/main/java/org/apache/calcite/sql/type/IntervalSqlType.java,0,0,0.22795041792136325
1.12.0,core/src/main/java/org/apache/calcite/sql/type/MatchReturnTypeInference.java,0,0,0.10368573132113056
1.12.0,core/src/main/java/org/apache/calcite/sql/type/SqlTypeFamily.java,0,0,3.2737301632492955e-07
1.12.0,core/src/main/java/org/apache/calcite/rex/RexBuilder.java,0,1,0.8476898796784363
1.12.0,core/src/main/java/org/apache/calcite/adapter/enumerable/RexToLixTranslator.java,0,1,0.5651420911809564
1.12.0,core/src/main/java/org/apache/calcite/sql/type/SqlTypeFactoryImpl.java,0,0,0.3246269161540366
1.12.0,core/src/main/java/org/apache/calcite/sql/type/SqlTypeUtil.java,1,1,0.9982850296775625
1.12.0,pig/src/main/java/org/apache/calcite/adapter/pig/PigFilter.java,0,0,0.12173210243194964
1.12.0,core/src/main/java/org/apache/calcite/runtime/FlatLists.java,1,1,0.9994918310300381
1.12.0,core/src/main/java/org/apache/calcite/DataContext.java,0,0,3.855368860646793e-43
1.12.0,core/src/main/java/org/apache/calcite/util/CancelFlag.java,0,0,0.00013082926191180833
1.12.0,core/src/main/java/org/apache/calcite/rel/rules/AggregateExpandDistinctAggregatesRule.java,1,1,0.9999076558142712
1.12.0,core/src/main/java/org/apache/calcite/rel/rules/AggregateReduceFunctionsRule.java,0,0,0.010443764097889118
1.12.0,core/src/main/java/org/apache/calcite/rel/rules/AggregateValuesRule.java,0,0,0.03982237755656773
1.12.0,core/src/main/java/org/apache/calcite/sql/util/ListSqlOperatorTable.java,0,0,0.04025787316465443
1.12.0,core/src/main/java/org/apache/calcite/sql/validate/SqlUserDefinedFunction.java,0,0,0.40461366310871627
1.12.0,core/src/main/java/org/apache/calcite/sql/validate/SqlUserDefinedTableFunction.java,0,0,0.0008402256153047972
1.12.0,core/src/main/java/org/apache/calcite/rel/stream/StreamRules.java,0,0,2.2954651281476297e-09
1.12.0,core/src/main/java/org/apache/calcite/util/Compatible.java,0,0,1.4515108229622393e-10
1.12.0,core/src/main/java/org/apache/calcite/rex/RexOver.java,0,0,0.0050548924262579205
1.12.0,core/src/main/java/org/apache/calcite/runtime/PredicateImpl.java,0,0,0.00591417106370481
1.12.0,core/src/main/java/org/apache/calcite/plan/volcano/VolcanoRuleMatch.java,0,0,0.05826043869960933
1.12.0,core/src/main/java/org/apache/calcite/rel/type/RelDataTypePrecedenceList.java,0,0,1.8841402517329315e-08
1.12.0,core/src/main/java/org/apache/calcite/adapter/enumerable/RexImpTable.java,1,1,0.9999969771947395
1.12.0,core/src/main/java/org/apache/calcite/rel/core/Aggregate.java,0,1,0.618734402742873
1.12.0,core/src/main/java/org/apache/calcite/rel/core/Values.java,0,0,4.8205775784215625e-05
1.12.0,core/src/main/java/org/apache/calcite/sql/type/SqlTypeExplicitPrecedenceList.java,1,1,0.9173860416012595
1.12.0,core/src/main/java/org/apache/calcite/rel/logical/LogicalWindow.java,0,1,0.9935079224000835
1.12.0,core/src/main/java/org/apache/calcite/rel/metadata/RelMdColumnUniqueness.java,1,1,0.9999953202988957
1.12.0,core/src/main/java/org/apache/calcite/rel/rules/FilterTableScanRule.java,0,0,2.4625906095832314e-12
1.12.0,core/src/main/java/org/apache/calcite/rel/rules/ProjectRemoveRule.java,0,0,0.0046403467170646725
1.12.0,core/src/main/java/org/apache/calcite/rel/rules/ProjectTableScanRule.java,0,0,1.1069889608654283e-06
1.12.0,core/src/main/java/org/apache/calcite/jdbc/CalcitePrepare.java,1,0,3.626804500764515e-17
1.12.0,core/src/main/java/org/apache/calcite/prepare/CalciteCatalogReader.java,1,0,6.435325259296044e-05
1.12.0,core/src/main/java/org/apache/calcite/prepare/CalcitePrepareImpl.java,1,1,0.986196226847589
1.12.0,core/src/main/java/org/apache/calcite/prepare/Prepare.java,0,0,0.16694244684386284
1.12.0,core/src/main/java/org/apache/calcite/prepare/RelOptTableImpl.java,0,0,2.3688670642159725e-06
1.12.0,core/src/main/java/org/apache/calcite/runtime/CalciteResource.java,0,1,0.9999841939647126
1.12.0,core/src/main/java/org/apache/calcite/schema/ExtensibleTable.java,0,0,1.6123195093974888e-10
1.12.0,core/src/main/java/org/apache/calcite/schema/Schemas.java,1,0,0.027600443058950312
1.12.0,core/src/main/java/org/apache/calcite/sql2rel/SqlToRelConverter.java,1,1,1.0
1.12.0,core/src/main/java/org/apache/calcite/rel/type/RelDataTypeField.java,0,0,5.676566766357303e-27
1.12.0,core/src/main/java/org/apache/calcite/schema/impl/ModifiableViewTable.java,0,0,0.4632869437168504
1.12.0,core/src/main/java/org/apache/calcite/schema/impl/ViewTable.java,0,0,0.13636345917846387
1.12.0,core/src/main/java/org/apache/calcite/schema/impl/ViewTableMacro.java,0,0,0.46110978062153624
1.12.0,core/src/main/java/org/apache/calcite/sql/validate/DelegatingSqlValidatorCatalogReader.java,0,0,0.18481197735577223
1.12.0,core/src/main/java/org/apache/calcite/sql/validate/EmptyScope.java,1,0,0.002400628990636942
1.12.0,core/src/main/java/org/apache/calcite/sql/validate/IdentifierNamespace.java,0,1,0.9847627181706987
1.12.0,core/src/main/java/org/apache/calcite/sql/validate/SqlValidatorCatalogReader.java,0,0,1.6059359012946748e-06
1.12.0,core/src/main/java/org/apache/calcite/sql/validate/SqlValidatorImpl.java,1,1,1.0
1.12.0,core/src/main/java/org/apache/calcite/sql/validate/SqlValidatorUtil.java,0,1,0.9999723720783777
1.12.0,core/src/main/java/org/apache/calcite/sql/validate/TableNamespace.java,0,1,0.5945853178218085
1.12.0,core/src/main/java/org/apache/calcite/rel/type/RelDataTypeSystemImpl.java,0,0,0.0006918955599592233
1.12.0,core/src/main/java/org/apache/calcite/sql/type/ReturnTypes.java,0,0,0.0025709106455423934
1.12.0,core/src/main/java/org/apache/calcite/prepare/LixToRelTranslator.java,0,0,0.011479703417435616
1.12.0,core/src/main/java/org/apache/calcite/schema/impl/MaterializedViewTable.java,0,0,0.07357877470464919
1.12.0,core/src/main/java/org/apache/calcite/runtime/RandomFunction.java,0,0,0.06326979672356596
1.12.0,core/src/main/java/org/apache/calcite/sql/fun/SqlRandFunction.java,0,0,0.00013737392738795884
1.12.0,core/src/main/java/org/apache/calcite/sql/fun/SqlRandIntegerFunction.java,0,0,0.00013737392738795884
1.12.0,core/src/main/java/org/apache/calcite/util/BuiltInMethod.java,0,1,0.9706441007259743
1.12.0,pig/src/main/java/org/apache/calcite/adapter/pig/PigAggFunction.java,0,0,2.6236598947175082e-14
1.12.0,pig/src/main/java/org/apache/calcite/adapter/pig/PigAggregate.java,0,0,0.13905881849364807
1.12.0,pig/src/main/java/org/apache/calcite/adapter/pig/PigDataType.java,0,0,4.4440541395943824e-17
1.12.0,pig/src/main/java/org/apache/calcite/adapter/pig/PigJoin.java,0,0,0.08350103801357608
1.12.0,pig/src/main/java/org/apache/calcite/adapter/pig/PigProject.java,0,0,0.015248713515228956
1.12.0,pig/src/main/java/org/apache/calcite/adapter/pig/PigRel.java,0,0,2.062688907310501e-05
1.12.0,pig/src/main/java/org/apache/calcite/adapter/pig/PigRelFactories.java,0,1,0.9977604651290625
1.12.0,pig/src/main/java/org/apache/calcite/adapter/pig/PigRules.java,0,0,2.812394673435462e-05
1.12.0,pig/src/main/java/org/apache/calcite/adapter/pig/PigSchema.java,0,0,0.00859341984798519
1.12.0,pig/src/main/java/org/apache/calcite/adapter/pig/PigSchemaFactory.java,0,0,0.0008354352260901767
1.12.0,pig/src/main/java/org/apache/calcite/adapter/pig/PigTable.java,0,0,0.10845313590149581
1.12.0,pig/src/main/java/org/apache/calcite/adapter/pig/PigTableFactory.java,0,1,0.9856587992245791
1.12.0,pig/src/main/java/org/apache/calcite/adapter/pig/PigTableScan.java,0,0,0.14416981610644858
1.12.0,pig/src/main/java/org/apache/calcite/adapter/pig/PigToEnumerableConverter.java,0,0,0.05249335548448195
1.12.0,pig/src/main/java/org/apache/calcite/adapter/pig/PigToEnumerableConverterRule.java,0,0,0.0007159198106746518
1.12.0,core/src/main/java/org/apache/calcite/sql/SqlOperator.java,0,0,0.00048435346199932197
1.12.0,core/src/main/java/org/apache/calcite/sql/fun/SqlGroupFunction.java,1,0,0.004023327067166674
1.12.0,core/src/main/java/org/apache/calcite/sql/validate/AggChecker.java,1,0,0.07840785865690464
1.12.0,core/src/main/java/org/apache/calcite/sql/validate/AggFinder.java,0,1,0.5130044368675432
1.12.0,core/src/main/java/org/apache/calcite/sql/validate/AggregatingSelectScope.java,0,0,0.03450950727067197
1.12.0,core/src/main/java/org/apache/calcite/adapter/enumerable/EnumerableWindow.java,1,1,0.8238831735433824
1.12.0,core/src/main/java/org/apache/calcite/adapter/enumerable/PhysType.java,0,0,1.1189203355596302e-08
1.12.0,core/src/main/java/org/apache/calcite/rel/RelRoot.java,0,0,0.01802705527401014
1.12.0,core/src/main/java/org/apache/calcite/plan/Context.java,0,0,3.703476249205804e-08
1.12.0,core/src/main/java/org/apache/calcite/plan/RelOptTable.java,0,0,2.780031653104093e-17
1.12.0,core/src/main/java/org/apache/calcite/prepare/CalciteSqlValidator.java,0,0,0.3519317429383988
1.12.0,core/src/main/java/org/apache/calcite/rel/rules/ProjectJoinTransposeRule.java,1,0,0.4826029008938059
1.12.0,core/src/main/java/org/apache/calcite/rel/rules/ProjectSetOpTransposeRule.java,1,0,0.258384416684265
1.12.0,core/src/main/java/org/apache/calcite/rel/rules/PushProjector.java,1,0,0.32746673718977465
1.12.0,core/src/main/java/org/apache/calcite/schema/Wrapper.java,0,0,2.216689411040929e-29
1.12.0,core/src/main/java/org/apache/calcite/sql2rel/InitializerExpressionFactory.java,0,0,8.602561134497904e-05
1.12.0,core/src/main/java/org/apache/calcite/sql2rel/NullInitializerExpressionFactory.java,0,0,0.02664114721734408
1.12.0,core/src/main/java/org/apache/calcite/rel/rules/AggregateJoinTransposeRule.java,1,1,0.9631727688993773
1.12.0,core/src/main/java/org/apache/calcite/sql/advise/SqlAdvisorValidator.java,0,1,0.9972182630924635
1.12.0,core/src/main/java/org/apache/calcite/sql/validate/SqlAbstractConformance.java,0,0,0.016960896467606658
1.12.0,core/src/main/java/org/apache/calcite/sql/validate/SqlConformance.java,0,0,1.3529010855043942e-10
1.12.0,core/src/main/java/org/apache/calcite/sql/validate/SqlConformanceEnum.java,0,0,5.222552835529401e-16
1.12.0,core/src/main/java/org/apache/calcite/sql/validate/SqlDelegatingConformance.java,0,0,0.005549637519876497
1.12.0,core/src/main/java/org/apache/calcite/sql/validate/SqlValidatorTable.java,0,0,1.2669676066991153e-10
1.12.0,core/src/main/java/org/apache/calcite/util/ImmutableBitSet.java,0,0,0.0034839365118007944
1.12.0,avatica/core/src/main/java/org/apache/calcite/avatica/remote/LocalService.java,0,0,4.957284495856993e-06
1.12.0,core/src/main/java/org/apache/calcite/rel/rules/AggregateFilterTransposeRule.java,0,0,0.005538393702674769
1.12.0,core/src/main/java/org/apache/calcite/rel/rules/FilterAggregateTransposeRule.java,0,0,0.0007756476804481457
1.12.0,core/src/main/java/org/apache/calcite/rel/rules/FilterProjectTransposeRule.java,1,1,0.956968910430644
1.12.0,core/src/main/java/org/apache/calcite/rel/rules/ProjectFilterTransposeRule.java,1,1,0.5464972004997521
1.12.0,core/src/main/java/org/apache/calcite/sql/fun/SqlGroupingFunction.java,0,0,2.2229005142022787e-05
1.12.0,core/src/main/java/org/apache/calcite/sql/fun/SqlGroupingIdFunction.java,0,0,6.217614075830855e-11
1.12.0,druid/src/main/java/org/apache/calcite/adapter/druid/DruidQuery.java,1,1,0.999998789900242
1.12.0,core/src/main/java/org/apache/calcite/plan/RelOptMaterialization.java,0,0,0.008784982547802278
1.12.0,core/src/main/java/org/apache/calcite/config/CalciteConnectionProperty.java,0,0,0.0005354885028789152
1.12.0,core/src/main/java/org/apache/calcite/interpreter/Interpreter.java,0,0,1.0861826682028406e-06
1.12.0,core/src/main/java/org/apache/calcite/jdbc/CalciteSchema.java,1,0,0.0141433982520635
1.12.0,core/src/main/java/org/apache/calcite/materialize/TileSuggester.java,0,0,0.028226470757942768
1.12.0,core/src/main/java/org/apache/calcite/tools/Program.java,0,0,2.6950514469011213e-13
1.12.0,core/src/main/java/org/apache/calcite/runtime/HttpUtils.java,0,0,0.009083951451716499
1.12.0,core/src/main/java/org/apache/calcite/runtime/SqlFunctions.java,1,1,0.9999999999866271
1.12.0,core/src/main/java/org/apache/calcite/sql/JoinType.java,0,0,1.9269976365223068e-13
1.12.0,core/src/main/java/org/apache/calcite/sql/SemiJoinType.java,0,0,3.1021489860669656e-12
1.12.0,core/src/main/java/org/apache/calcite/sql/SqlAccessType.java,0,0,0.32408513605146405
1.12.0,core/src/main/java/org/apache/calcite/sql/SqlCollation.java,0,0,0.008637588637285292
1.12.0,core/src/main/java/org/apache/calcite/sql/SqlDialect.java,1,0,0.00018417082316093467
1.12.0,core/src/main/java/org/apache/calcite/sql/SqlUtil.java,0,0,2.4966553611919547e-10
1.12.0,core/src/main/java/org/apache/calcite/plan/hep/HepPlanner.java,1,1,0.9942265350407986
1.12.0,core/src/main/java/org/apache/calcite/plan/volcano/RuleQueue.java,0,0,2.1646835425435755e-05
1.12.0,core/src/main/java/org/apache/calcite/util/ConversionUtil.java,0,0,0.06071220121322765
1.12.0,core/src/main/java/org/apache/calcite/util/NameMap.java,0,0,0.05992362663926488
1.12.0,core/src/main/java/org/apache/calcite/util/NameMultimap.java,0,0,0.11246172605689249
1.12.0,core/src/main/java/org/apache/calcite/util/NameSet.java,0,0,0.00038842201587802245
1.12.0,core/src/main/java/org/apache/calcite/util/NlsString.java,0,0,0.007336768674201463
1.12.0,core/src/main/java/org/apache/calcite/util/NumberUtil.java,0,0,0.013887266538427407
1.12.0,core/src/main/java/org/apache/calcite/util/Sources.java,0,0,0.0035488517310915853
1.12.0,core/src/main/java/org/apache/calcite/util/Template.java,0,0,0.0002961290260086581
1.12.0,core/src/main/java/org/apache/calcite/util/Unsafe.java,0,0,5.850580366509661e-05
1.12.0,core/src/main/java/org/apache/calcite/util/Util.java,1,0,0.000568433232915538
1.12.0,core/src/main/java/org/apache/calcite/util/ZonelessDatetime.java,0,0,0.0019566972782348786
1.12.0,core/src/main/java/org/apache/calcite/rel/rules/MaterializedViewFilterScanRule.java,0,0,0.3226802785772681
1.12.0,core/src/main/java/org/apache/calcite/rel/rules/MaterializedViewJoinRule.java,0,0,0.009075955925457584
1.12.0,core/src/main/java/org/apache/calcite/adapter/jdbc/JdbcSchema.java,1,1,0.9995515855603095
1.12.0,core/src/main/java/org/apache/calcite/rel/core/Correlate.java,0,0,0.048772643394205936
1.12.0,core/src/main/java/org/apache/calcite/rel/core/Join.java,0,1,0.7110053792373389
1.12.0,core/src/main/java/org/apache/calcite/rel/core/JoinRelType.java,0,0,0.00442111814338396
1.12.0,core/src/main/java/org/apache/calcite/rel/externalize/RelJsonReader.java,0,1,0.8321387278054143
1.12.0,core/src/main/java/org/apache/calcite/rel/rules/MultiJoinOptimizeBushyRule.java,0,0,0.1531961779509701
1.12.0,core/src/main/java/org/apache/calcite/sql/advise/SqlAdvisor.java,0,0,0.17137950221197726
1.12.0,core/src/main/java/org/apache/calcite/sql/advise/SqlSimpleParser.java,0,0,3.5477036598870108e-12
1.12.0,core/src/main/java/org/apache/calcite/sql/parser/SqlParserUtil.java,0,0,0.07154502503810574
1.12.0,core/src/main/java/org/apache/calcite/sql/pretty/SqlPrettyWriter.java,0,0,3.3728958869069135e-16
1.12.0,core/src/main/java/org/apache/calcite/sql/type/SqlTypeName.java,0,0,0.0007386602406141061
1.12.0,core/src/main/java/org/apache/calcite/sql/util/ReflectiveSqlOperatorTable.java,0,0,9.132533057994577e-05
1.12.0,core/src/main/java/org/apache/calcite/util/javac/JaninoCompiler.java,0,0,8.720248205999817e-11
1.12.0,core/src/main/java/org/apache/calcite/util/trace/CalciteTimingTracer.java,0,0,0.0017503115066779085
1.12.0,druid/src/main/java/org/apache/calcite/adapter/druid/DruidConnectionImpl.java,1,1,0.9999999998927342
1.12.0,druid/src/main/java/org/apache/calcite/adapter/druid/Granularity.java,0,0,0.008373452567918122
1.12.0,elasticsearch/src/main/java/org/apache/calcite/adapter/elasticsearch/ElasticsearchFilter.java,1,0,0.003795064373957562
1.12.0,file/src/main/java/org/apache/calcite/adapter/file/FileReader.java,0,0,2.7143421733112873e-05
1.12.0,file/src/main/java/org/apache/calcite/adapter/file/FileRowConverter.java,1,0,2.023936969295408e-11
1.12.0,plus/src/main/java/org/apache/calcite/adapter/tpcds/TpcdsSchema.java,0,0,3.584961962327908e-09
1.12.0,plus/src/main/java/org/apache/calcite/adapter/tpch/TpchSchema.java,0,0,4.08971440650507e-06
1.12.0,spark/src/main/java/org/apache/calcite/adapter/spark/SparkHandlerImpl.java,0,1,0.6425565548538555
1.12.0,spark/src/main/java/org/apache/calcite/adapter/spark/SparkRules.java,0,0,0.24982817070716773
1.12.0,splunk/src/main/java/org/apache/calcite/adapter/splunk/search/SplunkConnectionImpl.java,0,1,0.7813012497410361
1.12.0,core/src/main/java/org/apache/calcite/sql/SqlJdbcDataTypeName.java,0,0,5.052265204630849e-12
1.12.0,core/src/main/java/org/apache/calcite/plan/AbstractRelOptPlanner.java,0,1,0.7660496844419817
1.12.0,core/src/main/java/org/apache/calcite/plan/RelOptPlanner.java,0,0,2.3804253703711436e-08
1.12.0,core/src/main/java/org/apache/calcite/plan/RexImplicationChecker.java,0,1,0.9999920648692818
1.12.0,core/src/main/java/org/apache/calcite/prepare/PlannerImpl.java,0,1,0.6635762427692949
1.12.0,core/src/main/java/org/apache/calcite/rex/RexExecutor.java,0,0,7.727743859731123e-15
1.12.0,core/src/main/java/org/apache/calcite/rex/RexExecutorImpl.java,0,0,0.2240789553706009
1.12.0,core/src/main/java/org/apache/calcite/adapter/jdbc/JdbcImplementor.java,0,1,0.8399046309674533
1.12.0,core/src/main/java/org/apache/calcite/adapter/jdbc/JdbcTableScan.java,0,0,0.42701134864615964
1.12.0,core/src/main/java/org/apache/calcite/tools/FrameworkConfig.java,0,0,0.2554948105681856
1.12.0,core/src/main/java/org/apache/calcite/tools/Frameworks.java,0,1,0.7963351163896574
1.12.0,core/src/main/java/org/apache/calcite/interpreter/BindableConvention.java,0,0,1.3811757668178394e-18
1.12.0,core/src/main/java/org/apache/calcite/interpreter/InterpretableConvention.java,0,0,1.2737835775154561e-17
1.12.0,core/src/main/java/org/apache/calcite/plan/Convention.java,0,0,1.924078642043798e-15
1.12.0,core/src/main/java/org/apache/calcite/plan/RelTraitDef.java,0,0,2.8589209216365897e-08
1.12.0,core/src/main/java/org/apache/calcite/rel/RelCollationTraitDef.java,0,0,0.4130404989134867
1.12.0,core/src/main/java/org/apache/calcite/adapter/enumerable/EnumerableConvention.java,0,0,9.896869146389008e-20
1.12.0,core/src/main/java/org/apache/calcite/plan/volcano/RelSet.java,0,0,0.019475627814757125
1.12.0,core/src/main/java/org/apache/calcite/rel/core/SetOp.java,0,0,0.45010356589315487
1.12.0,core/src/main/java/org/apache/calcite/sql/validate/OrderByScope.java,0,0,0.0046874997778721846
1.12.0,core/src/main/java/org/apache/calcite/sql/SqlCreate.java,0,0,0.00021915204557992047
1.12.0,core/src/main/java/org/apache/calcite/sql/SqlDataTypeSpec.java,0,0,0.12236769962090999
1.12.0,core/src/main/java/org/apache/calcite/sql/SqlDrop.java,0,0,4.582892125261542e-06
1.12.0,core/src/main/java/org/apache/calcite/sql/SqlExecutableStatement.java,0,0,1.1424789509659816e-12
1.12.0,core/src/main/java/org/apache/calcite/adapter/enumerable/EnumerableRelImplementor.java,1,1,0.9833559029051102
1.12.0,core/src/main/java/org/apache/calcite/adapter/enumerable/EnumerableTableModify.java,0,1,0.9761887374687658
1.12.0,core/src/main/java/org/apache/calcite/sql/fun/SqlExtractFunction.java,0,0,0.11480300772314513
1.12.0,core/src/main/java/org/apache/calcite/rel/metadata/RelMdUtil.java,0,1,0.9708687267984819
1.12.0,core/src/main/java/org/apache/calcite/plan/Strong.java,1,1,0.9392833681171614
1.12.0,core/src/main/java/org/apache/calcite/util/ZonelessTimestamp.java,0,0,0.027148115584333988
1.12.0,core/src/main/java/org/apache/calcite/materialize/Lattice.java,0,1,0.693109909722217
1.12.0,core/src/main/java/org/apache/calcite/adapter/enumerable/EnumerableRel.java,0,0,0.0002491117251028526
1.12.0,core/src/main/java/org/apache/calcite/rel/core/SemiJoin.java,0,0,0.37953508889971443
1.12.0,core/src/main/java/org/apache/calcite/rel/logical/LogicalProject.java,0,0,0.16280176724538967
1.12.0,core/src/main/java/org/apache/calcite/rel/rules/JoinProjectTransposeRule.java,0,1,0.6617198046941046
1.12.0,core/src/main/java/org/apache/calcite/rel/rules/SemiJoinProjectTransposeRule.java,0,1,0.5121362860624961
1.12.0,core/src/main/java/org/apache/calcite/rel/type/RelDataTypeSystem.java,0,0,1.4159239957541724e-13
1.12.0,core/src/main/java/org/apache/calcite/sql/fun/SqlBaseContextVariable.java,0,0,0.0009871870776920423
1.12.0,core/src/main/java/org/apache/calcite/sql/fun/SqlStringContextVariable.java,0,0,6.188714945090534e-10
1.12.0,core/src/main/java/org/apache/calcite/sql/fun/SqlPositionFunction.java,0,0,0.00010711491770495324
1.12.0,core/src/main/java/org/apache/calcite/sql/type/SameOperandTypeExceptLastOperandChecker.java,0,0,0.23228985693338375
1.12.0,core/src/main/java/org/apache/calcite/util/CompositeList.java,0,0,0.15919354891648096
1.12.0,core/src/main/java/org/apache/calcite/sql2rel/SubQueryConverter.java,0,0,0.0010889822940958317
1.12.0,core/src/main/java/org/apache/calcite/schema/CustomColumnResolvingTable.java,0,0,2.5723539147786283e-11
1.12.0,core/src/main/java/org/apache/calcite/prepare/CalciteMaterializer.java,0,0,0.05822624893374818
1.12.0,core/src/main/java/org/apache/calcite/rel/RelHomogeneousShuttle.java,0,0,0.008049550504698513
1.12.0,core/src/main/java/org/apache/calcite/rel/RelShuttle.java,0,0,9.793707563951806e-08
1.12.0,core/src/main/java/org/apache/calcite/rel/RelShuttleImpl.java,0,0,0.018485281839019756
1.12.0,core/src/main/java/org/apache/calcite/rex/LogicVisitor.java,0,1,0.7155591443025018
1.12.0,core/src/main/java/org/apache/calcite/rex/RexBiVisitor.java,0,0,8.045633376176717e-06
1.12.0,core/src/main/java/org/apache/calcite/rex/RexPatternFieldRef.java,0,0,2.6501168111095814e-05
1.12.0,core/src/main/java/org/apache/calcite/rex/RexShuttle.java,0,0,0.00034494600537634574
1.12.0,core/src/main/java/org/apache/calcite/rex/RexVisitor.java,0,0,1.5346678278124887e-12
1.12.0,core/src/main/java/org/apache/calcite/rex/RexVisitorImpl.java,0,0,0.01716878261458821
1.12.0,core/src/main/java/org/apache/calcite/sql/SqlFunctionCategory.java,0,0,1.3917057768601805e-12
1.12.0,core/src/main/java/org/apache/calcite/sql/SqlKind.java,1,1,0.923095079994077
1.12.0,core/src/main/java/org/apache/calcite/sql2rel/RelStructuredTypeFlattener.java,0,0,7.790147587456724e-09
1.12.0,core/src/main/java/org/apache/calcite/rel/core/Match.java,0,0,8.622966219975661e-06
1.12.0,core/src/main/java/org/apache/calcite/rel/core/RelFactories.java,0,0,7.83582721403474e-11
1.12.0,core/src/main/java/org/apache/calcite/rel/logical/LogicalMatch.java,0,0,0.032145372072255034
1.12.0,core/src/main/java/org/apache/calcite/sql/type/OperandTypes.java,0,0,0.0288457842345374
1.12.0,core/src/main/java/org/apache/calcite/sql/validate/MatchRecognizeNamespace.java,0,1,0.9306541055823893
1.12.0,core/src/main/java/org/apache/calcite/sql/validate/SqlValidator.java,0,1,0.6887904539600325
1.12.0,druid/src/main/java/org/apache/calcite/adapter/druid/DruidRules.java,1,1,0.9972679710347471
1.12.0,core/src/main/java/org/apache/calcite/schema/impl/ReflectiveFunctionBase.java,0,1,0.9779686042853136
1.12.0,core/src/main/java/org/apache/calcite/rex/RexSqlStandardConvertletTable.java,0,0,0.0009688771402550735
1.12.0,core/src/main/java/org/apache/calcite/sql/fun/SqlDatetimeSubtractionOperator.java,1,0,0.04820927106400798
1.12.0,avatica/core/src/main/java/org/apache/calcite/avatica/MetaImpl.java,0,0,5.555601079851923e-54
1.12.0,avatica/core/src/main/java/org/apache/calcite/avatica/remote/MockProtobufService.java,0,1,0.9563698141484142
1.12.0,core/src/main/java/org/apache/calcite/tools/Programs.java,0,0,0.04848215088845145
1.12.0,core/src/main/java/org/apache/calcite/plan/volcano/VolcanoPlanner.java,0,1,0.9885778034941501
1.12.0,core/src/main/java/org/apache/calcite/rel/rules/SemiJoinRule.java,0,0,0.001383010778531822
