version,file,true_label,predicted,probability
1.7.0,linq4j/src/main/java/org/apache/calcite/linq4j/CartesianProductEnumerator.java,0,0,0.3543128504893795
1.7.0,core/src/main/java/org/apache/calcite/interpreter/AbstractSingleNode.java,0,0,0.1538845348677752
1.7.0,core/src/main/java/org/apache/calcite/interpreter/Row.java,0,0,0.3234469673066911
1.7.0,core/src/main/java/org/apache/calcite/sql/SqlOperatorBinding.java,0,0,0.19168881019519093
1.7.0,core/src/main/java/org/apache/calcite/sql/fun/SqlAbstractTimeFunction.java,0,1,0.5429651495286953
1.7.0,core/src/main/java/org/apache/calcite/sql/fun/SqlCurrentDateFunction.java,0,0,0.16112587527311675
1.7.0,core/src/main/java/org/apache/calcite/sql/fun/SqlDatetimeSubtractionOperator.java,0,0,0.1538845348677752
1.7.0,core/src/main/java/org/apache/calcite/sql/fun/SqlExtractFunction.java,0,1,0.5063383522046035
1.7.0,core/src/main/java/org/apache/calcite/sql/fun/SqlFloorFunction.java,0,1,0.5386981854431334
1.7.0,core/src/main/java/org/apache/calcite/sql/fun/SqlMonotonicBinaryOperator.java,0,1,0.5722601097269157
1.7.0,core/src/main/java/org/apache/calcite/sql/fun/SqlMonotonicUnaryFunction.java,0,0,0.21624567033108583
1.7.0,core/src/main/java/org/apache/calcite/sql/fun/SqlStringContextVariable.java,0,0,0.16112587527311675
1.7.0,core/src/main/java/org/apache/calcite/server/CalciteServerStatement.java,0,0,0.19179336483825357
1.7.0,core/src/main/java/org/apache/calcite/rel/rules/SemiJoinRule.java,0,1,0.5063383522046035
1.7.0,core/src/main/java/org/apache/calcite/sql/fun/SqlAbstractGroupFunction.java,0,1,0.5537947404972967
1.7.0,core/src/main/java/org/apache/calcite/sql/validate/DelegatingScope.java,0,1,0.5723862109952216
1.7.0,core/src/main/java/org/apache/calcite/interpreter/SortNode.java,1,1,0.5731783233568304
1.7.0,core/src/main/java/org/apache/calcite/plan/RelCompositeTrait.java,0,0,0.3451181323888282
1.7.0,core/src/main/java/org/apache/calcite/plan/RelMultipleTrait.java,0,0,0.19179336483825357
1.7.0,core/src/main/java/org/apache/calcite/plan/RelTrait.java,0,0,0.19179336483825357
1.7.0,core/src/main/java/org/apache/calcite/plan/RelTraitDef.java,0,1,0.601443969060053
1.7.0,core/src/main/java/org/apache/calcite/rel/RelCollation.java,0,0,0.19179336483825357
1.7.0,core/src/main/java/org/apache/calcite/adapter/enumerable/EnumerableCalcRule.java,0,0,0.11307958434523674
1.7.0,core/src/main/java/org/apache/calcite/adapter/enumerable/EnumerableFilterToCalcRule.java,0,0,0.17277325719446948
1.7.0,core/src/main/java/org/apache/calcite/adapter/enumerable/EnumerableMergeJoinRule.java,0,1,0.6290197089370785
1.7.0,core/src/main/java/org/apache/calcite/adapter/enumerable/EnumerableProjectToCalcRule.java,0,0,0.17277325719446948
1.7.0,core/src/main/java/org/apache/calcite/adapter/enumerable/EnumerableSort.java,0,0,0.4672077990511964
1.7.0,core/src/main/java/org/apache/calcite/adapter/enumerable/EnumerableSortRule.java,0,1,0.5132585560926742
1.7.0,core/src/main/java/org/apache/calcite/adapter/enumerable/EnumerableValuesRule.java,0,0,0.1538845348677752
1.7.0,core/src/main/java/org/apache/calcite/runtime/FlatLists.java,1,1,0.6497727889154006
1.7.0,core/src/main/java/org/apache/calcite/rel/core/JoinInfo.java,0,0,0.3542563402908435
1.7.0,core/src/main/java/org/apache/calcite/rel/logical/LogicalIntersect.java,0,0,0.14128588001712886
1.7.0,core/src/main/java/org/apache/calcite/rel/logical/LogicalMinus.java,0,0,0.20861596105766317
1.7.0,core/src/main/java/org/apache/calcite/rel/logical/LogicalSort.java,0,0,0.3949723060654093
1.7.0,core/src/main/java/org/apache/calcite/rel/logical/LogicalTableModify.java,0,0,0.36235026796881936
1.7.0,core/src/main/java/org/apache/calcite/rel/logical/LogicalUnion.java,0,0,0.3505783353088354
1.7.0,core/src/main/java/org/apache/calcite/rel/rules/FilterCalcMergeRule.java,0,0,0.143784499932708
1.7.0,core/src/main/java/org/apache/calcite/util/BuiltInMethod.java,1,1,0.8819065120193174
1.7.0,core/src/main/java/org/apache/calcite/rel/rules/FilterTableFunctionTransposeRule.java,0,0,0.18753747655092726
1.7.0,core/src/main/java/org/apache/calcite/rel/rules/FilterToCalcRule.java,0,0,0.16885124823363526
1.7.0,core/src/main/java/org/apache/calcite/rel/rules/ProjectCalcMergeRule.java,0,0,0.1601791333721151
1.7.0,core/src/main/java/org/apache/calcite/rel/rules/ProjectToCalcRule.java,0,0,0.16885124823363526
1.7.0,core/src/main/java/org/apache/calcite/rel/rules/ReduceDecimalsRule.java,0,1,0.8165703529470189
1.7.0,core/src/main/java/org/apache/calcite/adapter/enumerable/JavaRowFormat.java,1,1,0.7387472842984207
1.7.0,core/src/main/java/org/apache/calcite/adapter/enumerable/PhysTypeImpl.java,1,1,0.9335407716057579
1.7.0,core/src/main/java/org/apache/calcite/sql/util/SqlShuttle.java,0,1,0.5950381139423414
1.7.0,core/src/main/java/org/apache/calcite/util/ChunkList.java,0,1,0.6074408676678604
1.7.0,core/src/main/java/org/apache/calcite/plan/MaterializedViewSubstitutionVisitor.java,0,1,0.5177391373290531
1.7.0,core/src/main/java/org/apache/calcite/interpreter/BindableConvention.java,0,1,0.5063383522046035
1.7.0,core/src/main/java/org/apache/calcite/interpreter/BindableRel.java,0,0,0.19179336483825357
1.7.0,core/src/main/java/org/apache/calcite/interpreter/Context.java,0,0,0.1538845348677752
1.7.0,core/src/main/java/org/apache/calcite/interpreter/FilterNode.java,0,1,0.6385855263319629
1.7.0,core/src/main/java/org/apache/calcite/interpreter/InterpretableConvention.java,0,0,0.18753747655092726
1.7.0,core/src/main/java/org/apache/calcite/interpreter/InterpretableConverter.java,0,0,0.19179336483825357
1.7.0,core/src/main/java/org/apache/calcite/interpreter/InterpretableRel.java,0,0,0.19179336483825357
1.7.0,core/src/main/java/org/apache/calcite/interpreter/Interpreters.java,0,0,0.18753747655092726
1.7.0,core/src/main/java/org/apache/calcite/interpreter/NoneToBindableConverterRule.java,0,0,0.17330831512673803
1.7.0,core/src/main/java/org/apache/calcite/interpreter/Scalar.java,0,0,0.18753747655092726
1.7.0,core/src/main/java/org/apache/calcite/interpreter/UnionNode.java,0,1,0.5996010183799627
1.7.0,core/src/main/java/org/apache/calcite/interpreter/WindowNode.java,0,0,0.2520623965954041
1.7.0,core/src/main/java/org/apache/calcite/rex/RexExecutorImpl.java,0,1,0.5068159874480702
1.7.0,core/src/main/java/org/apache/calcite/runtime/ArrayBindable.java,0,0,0.19179336483825357
1.7.0,core/src/main/java/org/apache/calcite/prepare/CalciteCatalogReader.java,0,1,0.8533303032155578
1.7.0,core/src/main/java/org/apache/calcite/adapter/enumerable/AggImpState.java,0,1,0.5723455685038847
1.7.0,core/src/main/java/org/apache/calcite/adapter/enumerable/EnumerableBindable.java,0,0,0.19179336483825357
1.7.0,core/src/main/java/org/apache/calcite/adapter/enumerable/EnumerableConvention.java,0,1,0.5063383522046035
1.7.0,core/src/main/java/org/apache/calcite/runtime/SqlFunctions.java,1,1,0.6633649058809987
1.7.0,core/src/main/java/org/apache/calcite/adapter/enumerable/EnumerableFilterRule.java,0,0,0.1538845348677752
1.7.0,core/src/main/java/org/apache/calcite/adapter/enumerable/EnumerableInterpretable.java,0,0,0.43033851414561586
1.7.0,core/src/main/java/org/apache/calcite/adapter/java/ReflectiveSchema.java,0,0,0.45465037069309394
1.7.0,core/src/main/java/org/apache/calcite/rel/convert/ConverterRule.java,0,1,0.6378088454777117
1.7.0,core/src/main/java/org/apache/calcite/adapter/enumerable/EnumUtils.java,0,1,0.760456651100135
1.7.0,core/src/main/java/org/apache/calcite/adapter/enumerable/ReflectiveCallNotNullImplementor.java,0,1,0.7573880335635496
1.7.0,core/src/main/java/org/apache/calcite/adapter/enumerable/RexToLixTranslator.java,1,1,0.9739873848725401
1.7.0,core/src/main/java/org/apache/calcite/adapter/enumerable/StrictAggImplementor.java,0,1,0.579033571356808
1.7.0,core/src/main/java/org/apache/calcite/rel/rules/SubQueryRemoveRule.java,1,1,0.6687372607461531
1.7.0,spark/src/main/java/org/apache/calcite/adapter/spark/SparkHandlerImpl.java,0,0,0.11080727764217489
1.7.0,core/src/main/java/org/apache/calcite/sql/type/SqlTypeExplicitPrecedenceList.java,1,1,0.7061354765098684
1.7.0,core/src/main/java/org/apache/calcite/prepare/PlannerImpl.java,0,1,0.5691107137535704
1.7.0,core/src/main/java/org/apache/calcite/tools/FrameworkConfig.java,0,0,0.23616372430498012
1.7.0,core/src/main/java/org/apache/calcite/tools/Frameworks.java,0,0,0.47068397496680303
1.7.0,core/src/main/java/org/apache/calcite/sql/SqlFunction.java,0,1,0.709189405545031
1.7.0,core/src/main/java/org/apache/calcite/sql/SqlOperator.java,0,1,0.9219847442945165
1.7.0,core/src/main/java/org/apache/calcite/sql/SqlRankFunction.java,0,0,0.27382523970021544
1.7.0,core/src/main/java/org/apache/calcite/sql/SqlUtil.java,0,1,0.9291957153492966
1.7.0,core/src/main/java/org/apache/calcite/sql/util/ReflectiveSqlOperatorTable.java,0,1,0.6588393875149348
1.7.0,mongodb/src/main/java/org/apache/calcite/adapter/mongodb/MongoAggregate.java,0,0,0.46638336070417374
1.7.0,core/src/main/java/org/apache/calcite/adapter/jdbc/JdbcUtils.java,0,1,0.7742273608795124
1.7.0,core/src/main/java/org/apache/calcite/plan/RexImplicationChecker.java,1,1,0.913762812063073
1.7.0,core/src/main/java/org/apache/calcite/sql/SqlSelectOperator.java,1,1,0.6567836634674312
1.7.0,core/src/main/java/org/apache/calcite/rel/rel2sql/RelToSqlConverter.java,1,1,0.8135371306479453
1.7.0,core/src/main/java/org/apache/calcite/config/NullCollation.java,0,1,0.6491468106198943
1.7.0,core/src/main/java/org/apache/calcite/rel/RelCollationImpl.java,0,0,0.4710661267819175
1.7.0,core/src/main/java/org/apache/calcite/rel/RelCollations.java,0,0,0.3385437773777953
1.7.0,core/src/main/java/org/apache/calcite/rex/RexFieldCollation.java,0,1,0.5685287283548768
1.7.0,core/src/main/java/org/apache/calcite/schema/ExtensibleTable.java,0,0,0.19179336483825357
1.7.0,core/src/main/java/org/apache/calcite/sql/SqlDelete.java,0,0,0.3259444734055899
1.7.0,core/src/main/java/org/apache/calcite/plan/RelTraitSet.java,0,1,0.6444411656371883
1.7.0,core/src/main/java/org/apache/calcite/materialize/MaterializationService.java,0,1,0.6015587992679328
1.7.0,core/src/main/java/org/apache/calcite/model/JsonMaterialization.java,0,0,0.267960327601738
1.7.0,core/src/main/java/org/apache/calcite/schema/impl/MaterializedViewTable.java,0,0,0.36299995917824635
1.7.0,linq4j/src/main/java/org/apache/calcite/linq4j/tree/Primitive.java,0,1,0.6971943430162115
1.7.0,core/src/main/java/org/apache/calcite/sql/validate/ProcedureNamespace.java,1,1,0.6697037146530663
1.7.0,core/src/main/java/org/apache/calcite/sql/validate/SqlUserDefinedTableMacro.java,0,1,0.7134255947521254
1.7.0,core/src/main/java/org/apache/calcite/sql/SqlJdbcFunctionCall.java,0,1,0.8506236986188097
1.7.0,core/src/main/java/org/apache/calcite/sql2rel/StandardConvertletTable.java,1,1,0.9294401977645436
1.7.0,core/src/main/java/org/apache/calcite/adapter/enumerable/RexImpTable.java,1,1,0.9912055319736497
1.7.0,core/src/main/java/org/apache/calcite/sql/fun/SqlStdOperatorTable.java,1,1,0.9772098969405127
1.7.0,core/src/main/java/org/apache/calcite/sql/SqlDialect.java,0,0,0.47431230649801026
1.7.0,core/src/main/java/org/apache/calcite/adapter/clone/ColumnLoader.java,0,1,0.7229563472455862
1.7.0,core/src/main/java/org/apache/calcite/rel/type/RelCrossType.java,0,1,0.666538696981688
1.7.0,core/src/main/java/org/apache/calcite/sql/SqlUnnestOperator.java,0,1,0.6046989518310875
1.7.0,mongodb/src/main/java/org/apache/calcite/adapter/mongodb/MongoEnumerator.java,0,0,0.2034124744571218
1.7.0,core/src/main/java/org/apache/calcite/adapter/enumerable/EnumerableUncollect.java,0,1,0.6297339891860951
1.7.0,core/src/main/java/org/apache/calcite/adapter/enumerable/EnumerableUncollectRule.java,0,0,0.19191480842395847
1.7.0,core/src/main/java/org/apache/calcite/adapter/enumerable/PhysType.java,0,0,0.3315165146280248
1.7.0,core/src/main/java/org/apache/calcite/rel/core/Uncollect.java,0,1,0.6042283914440003
1.7.0,core/src/main/java/org/apache/calcite/rel/rules/ProjectMergeRule.java,0,1,0.7280848724473548
1.7.0,core/src/main/java/org/apache/calcite/sql/fun/SqlMultisetQueryConstructor.java,0,0,0.3155888991314164
1.7.0,core/src/main/java/org/apache/calcite/sql/validate/AbstractNamespace.java,1,1,0.6316654477569932
1.7.0,core/src/main/java/org/apache/calcite/sql/validate/AliasNamespace.java,1,1,0.6450041153979291
1.7.0,core/src/main/java/org/apache/calcite/sql/validate/UnnestNamespace.java,1,1,0.6550046846495158
1.7.0,core/src/main/java/org/apache/calcite/rel/rules/MultiJoin.java,0,1,0.5106456936198512
1.7.0,core/src/main/java/org/apache/calcite/rel/rules/AggregateProjectMergeRule.java,0,1,0.6419097242821474
1.7.0,core/src/main/java/org/apache/calcite/rel/rules/ProjectFilterTransposeRule.java,0,1,0.6209101355688521
1.7.0,core/src/main/java/org/apache/calcite/materialize/CachingLatticeStatisticProvider.java,0,0,0.16060897608184602
1.7.0,core/src/main/java/org/apache/calcite/plan/hep/HepRelMetadataProvider.java,0,0,0.3222203800837365
1.7.0,core/src/main/java/org/apache/calcite/plan/volcano/VolcanoRelMetadataProvider.java,0,0,0.3560414890317143
1.7.0,core/src/main/java/org/apache/calcite/rel/metadata/CachingRelMetadataProvider.java,0,1,0.8174635927333946
1.7.0,core/src/main/java/org/apache/calcite/rel/metadata/ChainedRelMetadataProvider.java,0,1,0.5750213620417687
1.7.0,core/src/main/java/org/apache/calcite/rel/metadata/JaninoRelMetadataProvider.java,1,1,0.6159991485466026
1.7.0,core/src/main/java/org/apache/calcite/rel/metadata/MetadataFactoryImpl.java,0,1,0.6543552684656173
1.7.0,core/src/main/java/org/apache/calcite/rel/metadata/ReflectiveRelMetadataProvider.java,0,1,0.9082768041502088
1.7.0,core/src/main/java/org/apache/calcite/rel/metadata/RelMetadataProvider.java,0,0,0.3663346397326211
1.7.0,core/src/main/java/org/apache/calcite/rel/metadata/RelMetadataQuery.java,0,1,0.718842155740092
1.7.0,core/src/main/java/org/apache/calcite/plan/RelOptTable.java,0,0,0.06077962553226154
1.7.0,core/src/main/java/org/apache/calcite/prepare/CalciteMaterializer.java,0,1,0.7656965422501228
1.7.0,core/src/main/java/org/apache/calcite/prepare/LixToRelTranslator.java,0,0,0.43478446279579186
1.7.0,core/src/main/java/org/apache/calcite/rel/RelCollationTraitDef.java,1,0,0.46849237757354023
1.7.0,core/src/main/java/org/apache/calcite/rel/RelInput.java,0,0,0.13356443315543676
1.7.0,core/src/main/java/org/apache/calcite/tools/RuleSets.java,0,0,0.2885117077265772
1.7.0,core/src/main/java/org/apache/calcite/adapter/enumerable/EnumerableProjectRule.java,0,0,0.1538845348677752
1.7.0,core/src/main/java/org/apache/calcite/rel/externalize/RelJsonReader.java,0,0,0.461175518897358
1.7.0,core/src/main/java/org/apache/calcite/schema/impl/ViewTable.java,0,1,0.5006647267089149
1.7.0,core/src/main/java/org/apache/calcite/util/JsonBuilder.java,0,1,0.5897486303498972
1.7.0,core/src/main/java/org/apache/calcite/materialize/DelegatingLatticeStatisticProvider.java,0,0,0.2964992604372198
1.7.0,core/src/main/java/org/apache/calcite/materialize/Lattices.java,0,0,0.14681074650820997
1.7.0,core/src/main/java/org/apache/calcite/materialize/LatticeStatisticProvider.java,0,0,0.19179336483825357
1.7.0,core/src/main/java/org/apache/calcite/materialize/SqlLatticeStatisticProvider.java,0,0,0.20078603235578774
1.7.0,core/src/main/java/org/apache/calcite/sql/SqlAggFunction.java,0,0,0.37798127914646884
1.7.0,core/src/main/java/org/apache/calcite/sql/fun/SqlAvgAggFunction.java,0,0,0.43414328122276924
1.7.0,core/src/main/java/org/apache/calcite/sql/fun/SqlCovarAggFunction.java,0,0,0.45748519346772404
1.7.0,core/src/main/java/org/apache/calcite/sql/fun/SqlFirstLastValueAggFunction.java,0,0,0.41209440091528216
1.7.0,core/src/main/java/org/apache/calcite/sql/fun/SqlHistogramAggFunction.java,0,0,0.2845424153005937
1.7.0,core/src/main/java/org/apache/calcite/sql/fun/SqlLeadLagAggFunction.java,0,1,0.547416105365112
1.7.0,core/src/main/java/org/apache/calcite/sql/fun/SqlMinMaxAggFunction.java,0,0,0.4274416443571034
1.7.0,core/src/main/java/org/apache/calcite/sql/fun/SqlNtileAggFunction.java,0,0,0.20165821480259452
1.7.0,core/src/main/java/org/apache/calcite/sql/fun/SqlSingleValueAggFunction.java,0,0,0.2684245770866449
1.7.0,core/src/main/java/org/apache/calcite/sql/fun/SqlSumAggFunction.java,0,1,0.5173076616662382
1.7.0,core/src/main/java/org/apache/calcite/tools/PigRelBuilder.java,0,1,0.603665715333253
1.7.0,core/src/main/java/org/apache/calcite/config/CalciteConnectionConfig.java,0,0,0.32832922913298007
1.7.0,core/src/main/java/org/apache/calcite/config/CalciteConnectionConfigImpl.java,0,1,0.6195653441468523
1.7.0,core/src/main/java/org/apache/calcite/config/CalciteConnectionProperty.java,0,1,0.7003816968107058
1.7.0,core/src/main/java/org/apache/calcite/prepare/CalcitePrepareImpl.java,1,1,0.9942239773280954
1.7.0,core/src/main/java/org/apache/calcite/util/Util.java,0,1,0.9599676660337005
1.7.0,core/src/main/java/org/apache/calcite/rel/rules/AggregateReduceFunctionsRule.java,0,1,0.8539881906634706
1.7.0,core/src/main/java/org/apache/calcite/sql/fun/OracleSqlOperatorTable.java,0,1,0.6646995816969037
1.7.0,core/src/main/java/org/apache/calcite/sql/type/SqlTypeTransforms.java,0,1,0.6118364047867751
1.7.0,core/src/main/java/org/apache/calcite/sql/type/SqlTypeUtil.java,1,1,0.8242591473829942
1.7.0,core/src/main/java/org/apache/calcite/schema/StreamableTable.java,0,0,0.19179336483825357
1.7.0,linq4j/src/main/java/org/apache/calcite/linq4j/PackageMarker.java,0,0,0.19179336483825357
1.7.0,core/src/main/java/org/apache/calcite/rel/stream/Chi.java,0,0,0.13356443315543676
1.7.0,core/src/main/java/org/apache/calcite/rel/stream/Delta.java,0,0,0.19155660476886813
1.7.0,core/src/main/java/org/apache/calcite/rel/stream/LogicalChi.java,0,0,0.19179336483825357
1.7.0,core/src/main/java/org/apache/calcite/rel/stream/LogicalDelta.java,0,0,0.12916612339278175
1.7.0,core/src/main/java/org/apache/calcite/sql/advise/SqlAdvisorValidator.java,1,0,0.4132333678962011
1.7.0,core/src/main/java/org/apache/calcite/sql/fun/SqlCollectionTableOperator.java,0,0,0.2184096457345166
1.7.0,core/src/main/java/org/apache/calcite/sql/type/CompositeSingleOperandTypeChecker.java,0,1,0.553367787696672
1.7.0,core/src/main/java/org/apache/calcite/sql/validate/IdentifierNamespace.java,1,1,0.519083595500028
1.7.0,core/src/main/java/org/apache/calcite/sql/validate/SetopNamespace.java,1,0,0.4719135227143668
1.7.0,core/src/main/java/org/apache/calcite/sql/validate/SqlModality.java,0,0,0.1538845348677752
1.7.0,core/src/main/java/org/apache/calcite/sql/validate/SqlValidatorNamespace.java,1,0,0.19179336483825357
1.7.0,core/src/main/java/org/apache/calcite/sql/validate/SqlValidatorTable.java,0,0,0.19179336483825357
1.7.0,core/src/main/java/org/apache/calcite/sql/validate/TableConstructorNamespace.java,1,1,0.5340617925227956
1.7.0,core/src/main/java/org/apache/calcite/sql/validate/TableNamespace.java,1,1,0.5132585560926742
1.7.0,linq4j/src/main/java/org/apache/calcite/linq4j/tree/Visitor.java,0,0,0.3462892975236148
1.7.0,core/src/main/java/org/apache/calcite/sql/fun/SqlCountAggFunction.java,0,0,0.48675275944046087
1.7.0,core/src/main/java/org/apache/calcite/sql/fun/SqlSumEmptyIsZeroAggFunction.java,1,0,0.42283213024256905
1.7.0,core/src/main/java/org/apache/calcite/sql/validate/SqlUserDefinedAggFunction.java,0,0,0.25247462678216187
1.7.0,core/src/main/java/org/apache/calcite/rel/rules/AggregateExpandDistinctAggregatesRule.java,1,1,0.6915555885454029
1.7.0,core/src/main/java/org/apache/calcite/rel/rules/AggregateUnionAggregateRule.java,0,1,0.6447470448384877
1.7.0,core/src/main/java/org/apache/calcite/util/Static.java,0,0,0.1433759468139634
1.7.0,core/src/main/java/org/apache/calcite/sql/validate/CatalogScope.java,0,1,0.6186199820417924
1.7.0,core/src/main/java/org/apache/calcite/sql/validate/EmptyScope.java,0,0,0.2846392675927446
1.7.0,core/src/main/java/org/apache/calcite/sql/validate/ListScope.java,0,0,0.4194705883588337
1.7.0,core/src/main/java/org/apache/calcite/sql/validate/OrderByScope.java,0,1,0.5089001795904275
1.7.0,core/src/main/java/org/apache/calcite/sql/validate/ParameterScope.java,0,0,0.26289547008656244
1.7.0,core/src/main/java/org/apache/calcite/sql/validate/SchemaNamespace.java,1,0,0.20073781541500726
1.7.0,core/src/main/java/org/apache/calcite/sql/validate/SqlMoniker.java,0,0,0.4065230163148606
1.7.0,core/src/main/java/org/apache/calcite/sql/validate/SqlMonikerType.java,0,0,0.1538845348677752
1.7.0,core/src/main/java/org/apache/calcite/sql/validate/SqlValidatorCatalogReader.java,0,0,0.19179336483825357
1.7.0,core/src/main/java/org/apache/calcite/sql/validate/SqlValidatorScope.java,0,0,0.18753747655092726
1.7.0,core/src/main/java/org/apache/calcite/sql/validate/WithScope.java,1,0,0.4878283411398326
1.7.0,core/src/main/java/org/apache/calcite/rel/rules/ProjectRemoveRule.java,0,1,0.5007747158586786
1.7.0,avatica/core/src/main/java/org/apache/calcite/avatica/util/TimeUnit.java,0,0,0.4035228547952401
1.7.0,avatica/core/src/main/java/org/apache/calcite/avatica/util/TimeUnitRange.java,0,0,0.2707805309004363
1.7.0,core/src/main/java/org/apache/calcite/rex/RexBuilder.java,1,1,0.7717205508783653
1.7.0,core/src/main/java/org/apache/calcite/util/Pair.java,0,0,0.15861024812082525
1.7.0,linq4j/src/main/java/org/apache/calcite/linq4j/GroupingImpl.java,0,0,0.3027597572409493
1.7.0,core/src/main/java/org/apache/calcite/rex/RexSlot.java,0,1,0.63279364074074
1.7.0,core/src/main/java/org/apache/calcite/rel/rules/AggregateRemoveRule.java,0,1,0.7272149572178533
1.7.0,core/src/main/java/org/apache/calcite/adapter/enumerable/EnumerableAggregateRule.java,0,0,0.2038760440368583
1.7.0,core/src/main/java/org/apache/calcite/sql/fun/SqlThrowOperator.java,0,0,0.13109653534213636
1.7.0,core/src/main/java/org/apache/calcite/sql/SqlCallBinding.java,1,1,0.6731155305900745
1.7.0,core/src/main/java/org/apache/calcite/plan/volcano/VolcanoRuleMatch.java,0,1,0.7738870972861518
1.7.0,core/src/main/java/org/apache/calcite/plan/RelOptLattice.java,0,0,0.4819634884351609
1.7.0,core/src/main/java/org/apache/calcite/plan/Strong.java,0,0,0.38328502278444687
1.7.0,core/src/main/java/org/apache/calcite/rel/rules/JoinAssociateRule.java,0,0,0.3050956830786336
1.7.0,core/src/main/java/org/apache/calcite/rel/rules/JoinToMultiJoinRule.java,0,1,0.5487540126143191
1.7.0,plus/src/main/java/org/apache/calcite/adapter/tpcds/TpcdsSchema.java,0,0,0.28934325464547694
1.7.0,avatica/core/src/main/java/com/google/protobuf/HBaseZeroCopyByteString.java,0,0,0.24343078836087453
1.7.0,avatica/core/src/main/java/org/apache/calcite/avatica/AvaticaClientRuntimeException.java,0,0,0.2522897500256161
1.7.0,avatica/core/src/main/java/org/apache/calcite/avatica/AvaticaConnection.java,0,1,0.8075095732518028
1.7.0,avatica/core/src/main/java/org/apache/calcite/avatica/AvaticaDatabaseMetaData.java,0,0,0.4560241078199328
1.7.0,avatica/core/src/main/java/org/apache/calcite/avatica/AvaticaFactory.java,0,0,0.4866817354470538
1.7.0,avatica/core/src/main/java/org/apache/calcite/avatica/AvaticaJdbc41Factory.java,0,0,0.48432418686568574
1.7.0,avatica/core/src/main/java/org/apache/calcite/avatica/AvaticaParameter.java,0,1,0.7092055001907654
1.7.0,avatica/core/src/main/java/org/apache/calcite/avatica/AvaticaPreparedStatement.java,0,1,0.7285687257056577
1.7.0,avatica/core/src/main/java/org/apache/calcite/avatica/AvaticaResultSet.java,0,0,0.43208258741684236
1.7.0,avatica/core/src/main/java/org/apache/calcite/avatica/AvaticaResultSetMetaData.java,0,0,0.26542593431075456
1.7.0,avatica/core/src/main/java/org/apache/calcite/avatica/AvaticaSeverity.java,0,1,0.5535702434336431
1.7.0,avatica/core/src/main/java/org/apache/calcite/avatica/AvaticaSite.java,0,0,0.166906329568549
1.7.0,avatica/core/src/main/java/org/apache/calcite/avatica/AvaticaSqlException.java,0,0,0.45035280686090884
1.7.0,avatica/core/src/main/java/org/apache/calcite/avatica/AvaticaStatement.java,0,0,0.3655301713118941
1.7.0,avatica/core/src/main/java/org/apache/calcite/avatica/AvaticaUtils.java,0,1,0.5867321435911852
1.7.0,avatica/core/src/main/java/org/apache/calcite/avatica/BuiltInConnectionProperty.java,0,1,0.7166422476777429
1.7.0,avatica/core/src/main/java/org/apache/calcite/avatica/ColumnMetaData.java,0,1,0.829146009413851
1.7.0,avatica/core/src/main/java/org/apache/calcite/avatica/ConnectionConfig.java,0,0,0.47129329173572215
1.7.0,avatica/core/src/main/java/org/apache/calcite/avatica/ConnectionConfigImpl.java,0,0,0.4052986544071045
1.7.0,avatica/core/src/main/java/org/apache/calcite/avatica/ConnectionPropertiesImpl.java,0,0,0.377901171338529
1.7.0,avatica/core/src/main/java/org/apache/calcite/avatica/ConnectionProperty.java,0,0,0.40231204349143634
1.7.0,avatica/core/src/main/java/org/apache/calcite/avatica/ConnectStringParser.java,1,1,0.8761274752258859
1.7.0,avatica/core/src/main/java/org/apache/calcite/avatica/DriverVersion.java,0,0,0.010342372634571176
1.7.0,avatica/core/src/main/java/org/apache/calcite/avatica/Handler.java,0,0,0.17228507975921226
1.7.0,avatica/core/src/main/java/org/apache/calcite/avatica/HandlerImpl.java,0,0,0.15155057375420564
1.7.0,avatica/core/src/main/java/org/apache/calcite/avatica/Helper.java,0,1,0.5142698136274844
1.7.0,avatica/core/src/main/java/org/apache/calcite/avatica/InternalProperty.java,0,0,0.03840657711256295
1.7.0,avatica/core/src/main/java/org/apache/calcite/avatica/Meta.java,1,1,0.9999549659271144
1.7.0,avatica/core/src/main/java/org/apache/calcite/avatica/MetaImpl.java,1,0,0.4861848895869238
1.7.0,avatica/core/src/main/java/org/apache/calcite/avatica/MissingResultsException.java,0,0,0.2705095542826526
1.7.0,avatica/core/src/main/java/org/apache/calcite/avatica/NoSuchConnectionException.java,0,0,0.270276915219869
1.7.0,avatica/core/src/main/java/org/apache/calcite/avatica/NoSuchStatementException.java,0,0,0.27026268924653724
1.7.0,avatica/core/src/main/java/org/apache/calcite/avatica/QueryState.java,0,1,0.5508571688918191
1.7.0,avatica/core/src/main/java/org/apache/calcite/avatica/SqlType.java,0,0,6.606330050095378e-13
1.7.0,avatica/core/src/main/java/org/apache/calcite/avatica/UnregisteredDriver.java,0,1,0.5154315569255304
1.7.0,avatica/core/src/main/java/org/apache/calcite/avatica/proto/Common.java,0,0,0.0001316270382342506
1.7.0,avatica/core/src/main/java/org/apache/calcite/avatica/proto/Requests.java,0,0,0.018267701590767058
1.7.0,avatica/core/src/main/java/org/apache/calcite/avatica/proto/Responses.java,0,0,0.008386070027568623
1.7.0,avatica/core/src/main/java/org/apache/calcite/avatica/remote/AbstractHandler.java,0,1,0.8824790768093917
1.7.0,avatica/core/src/main/java/org/apache/calcite/avatica/remote/AbstractService.java,0,1,0.6705424718959585
1.7.0,avatica/core/src/main/java/org/apache/calcite/avatica/remote/AvaticaCommonsHttpClientImpl.java,0,0,0.24956605509526986
1.7.0,avatica/core/src/main/java/org/apache/calcite/avatica/remote/AvaticaHttpClient.java,0,0,0.27020037567599087
1.7.0,avatica/core/src/main/java/org/apache/calcite/avatica/remote/AvaticaHttpClientFactory.java,0,0,0.2649943800947885
1.7.0,avatica/core/src/main/java/org/apache/calcite/avatica/remote/AvaticaHttpClientFactoryImpl.java,0,1,0.6911868224222486
1.7.0,avatica/core/src/main/java/org/apache/calcite/avatica/remote/AvaticaHttpClientImpl.java,0,1,0.7165125527310932
1.7.0,avatica/core/src/main/java/org/apache/calcite/avatica/remote/AvaticaRemoteConnectionConfigImpl.java,0,0,0.20282813600878327
1.7.0,avatica/core/src/main/java/org/apache/calcite/avatica/remote/AvaticaRemoteConnectionProperty.java,0,0,0.13881248209960279
1.7.0,avatica/core/src/main/java/org/apache/calcite/avatica/remote/AvaticaRuntimeException.java,0,0,0.2221568073099587
1.7.0,avatica/core/src/main/java/org/apache/calcite/avatica/remote/Driver.java,0,1,0.5590875963016756
1.7.0,avatica/core/src/main/java/org/apache/calcite/avatica/remote/Handler.java,0,1,0.6467910524017652
1.7.0,avatica/core/src/main/java/org/apache/calcite/avatica/remote/JsonHandler.java,0,1,0.5839167252287906
1.7.0,avatica/core/src/main/java/org/apache/calcite/avatica/remote/JsonService.java,0,1,0.8519487788744181
1.7.0,avatica/core/src/main/java/org/apache/calcite/avatica/remote/LocalJsonService.java,0,0,0.11905116223102144
1.7.0,avatica/core/src/main/java/org/apache/calcite/avatica/remote/LocalProtobufService.java,0,0,0.1376469844315698
1.7.0,avatica/core/src/main/java/org/apache/calcite/avatica/remote/LocalService.java,0,1,0.575787117302675
1.7.0,avatica/core/src/main/java/org/apache/calcite/avatica/remote/MetaDataOperation.java,0,0,4.083646124605299e-39
1.7.0,avatica/core/src/main/java/org/apache/calcite/avatica/remote/MetricsHelper.java,0,0,0.23224671489007448
1.7.0,avatica/core/src/main/java/org/apache/calcite/avatica/remote/MockJsonService.java,0,0,0.4139284473904067
1.7.0,avatica/core/src/main/java/org/apache/calcite/avatica/remote/MockProtobufService.java,1,0,0.42220131100578484
1.7.0,avatica/core/src/main/java/org/apache/calcite/avatica/remote/ProtobufHandler.java,0,1,0.6312210855761816
1.7.0,avatica/core/src/main/java/org/apache/calcite/avatica/remote/ProtobufService.java,0,1,0.8920243959613058
1.7.0,avatica/core/src/main/java/org/apache/calcite/avatica/remote/ProtobufTranslation.java,0,0,0.31112465772961234
1.7.0,avatica/core/src/main/java/org/apache/calcite/avatica/remote/ProtobufTranslationImpl.java,0,1,0.9751704217164398
1.7.0,avatica/core/src/main/java/org/apache/calcite/avatica/remote/RemoteMeta.java,0,1,0.7498447163747345
1.7.0,avatica/core/src/main/java/org/apache/calcite/avatica/remote/RemoteProtobufService.java,0,0,0.27531956275033237
1.7.0,avatica/core/src/main/java/org/apache/calcite/avatica/remote/RemoteService.java,0,0,0.37717240294059234
1.7.0,avatica/core/src/main/java/org/apache/calcite/avatica/remote/RequestTranslator.java,0,0,0.24549805150902834
1.7.0,avatica/core/src/main/java/org/apache/calcite/avatica/remote/ResponseTranslator.java,0,0,0.16317859647502628
1.7.0,avatica/core/src/main/java/org/apache/calcite/avatica/remote/Service.java,0,0,0.22685219190475062
1.7.0,avatica/core/src/main/java/org/apache/calcite/avatica/remote/TypedValue.java,1,0,0.4806442614731412
1.7.0,avatica/core/src/main/java/org/apache/calcite/avatica/util/AbstractCursor.java,1,1,0.773019685532793
1.7.0,avatica/core/src/main/java/org/apache/calcite/avatica/util/ArrayImpl.java,0,0,0.09664622602972318
1.7.0,avatica/core/src/main/java/org/apache/calcite/avatica/util/ArrayIteratorCursor.java,0,0,0.20282813600878327
1.7.0,avatica/core/src/main/java/org/apache/calcite/avatica/util/Base64.java,0,0,0.03873315529805162
1.7.0,avatica/core/src/main/java/org/apache/calcite/avatica/util/ByteString.java,0,0,0.11905212872381035
1.7.0,avatica/core/src/main/java/org/apache/calcite/avatica/util/Casing.java,0,0,0.20282813600878327
1.7.0,avatica/core/src/main/java/org/apache/calcite/avatica/util/Cursor.java,0,0,0.27919687708580426
1.7.0,avatica/core/src/main/java/org/apache/calcite/avatica/util/DateTimeUtils.java,0,1,0.7858732657432256
1.7.0,avatica/core/src/main/java/org/apache/calcite/avatica/util/IteratorCursor.java,0,0,0.08777373261541196
1.7.0,avatica/core/src/main/java/org/apache/calcite/avatica/util/ListIteratorCursor.java,0,0,0.20282813600878327
1.7.0,avatica/core/src/main/java/org/apache/calcite/avatica/util/MapIteratorCursor.java,0,0,0.20282813600878327
1.7.0,avatica/core/src/main/java/org/apache/calcite/avatica/util/PackageMarker.java,0,0,0.20282813600878327
1.7.0,avatica/core/src/main/java/org/apache/calcite/avatica/util/PositionedCursor.java,0,0,0.19725055801223498
1.7.0,avatica/core/src/main/java/org/apache/calcite/avatica/util/Quoting.java,0,0,0.20282813600878327
1.7.0,avatica/core/src/main/java/org/apache/calcite/avatica/util/RecordIteratorCursor.java,0,0,0.20282813600878327
1.7.0,avatica/core/src/main/java/org/apache/calcite/avatica/util/Spacer.java,0,0,0.20282813600878327
1.7.0,avatica/core/src/main/java/org/apache/calcite/avatica/util/Spaces.java,0,0,0.09455778961504857
1.7.0,avatica/core/src/main/java/org/apache/calcite/avatica/util/StructImpl.java,0,0,0.21580275685930023
1.7.0,avatica/core/src/main/java/org/apache/calcite/avatica/util/UnsynchronizedBuffer.java,0,1,0.5544886442954675
1.7.0,avatica/server/src/main/java/org/apache/calcite/avatica/jdbc/JdbcMeta.java,1,1,0.9565922053575967
1.7.0,avatica/server/src/main/java/org/apache/calcite/avatica/jdbc/JdbcResultSet.java,0,1,0.6899412580614759
1.7.0,avatica/server/src/main/java/org/apache/calcite/avatica/jdbc/StatementInfo.java,1,1,0.5095404175516212
1.7.0,avatica/server/src/main/java/org/apache/calcite/avatica/server/AvaticaHandler.java,0,0,0.44411825855281584
1.7.0,avatica/server/src/main/java/org/apache/calcite/avatica/server/AvaticaJsonHandler.java,0,1,0.849574030690964
1.7.0,avatica/server/src/main/java/org/apache/calcite/avatica/server/AvaticaProtobufHandler.java,0,1,0.9347131464971697
1.7.0,avatica/server/src/main/java/org/apache/calcite/avatica/server/DelegatingAvaticaHandler.java,0,1,0.5032052803846047
1.7.0,avatica/server/src/main/java/org/apache/calcite/avatica/server/HandlerFactory.java,0,0,0.3298846040816665
1.7.0,avatica/server/src/main/java/org/apache/calcite/avatica/server/HttpServer.java,0,1,0.7039347221806478
1.7.0,avatica/server/src/main/java/org/apache/calcite/avatica/server/Main.java,0,0,0.2297295506362886
1.7.0,avatica/server/src/main/java/org/apache/calcite/avatica/server/MetricsAwareAvaticaHandler.java,0,0,0.2900157748147092
1.7.0,avatica/metrics/src/main/java/org/apache/calcite/avatica/metrics/Counter.java,0,0,0.29226251352928034
1.7.0,avatica/metrics/src/main/java/org/apache/calcite/avatica/metrics/Gauge.java,0,0,0.28868526340919476
1.7.0,avatica/metrics/src/main/java/org/apache/calcite/avatica/metrics/Histogram.java,0,0,0.2897523513224521
1.7.0,avatica/metrics/src/main/java/org/apache/calcite/avatica/metrics/Meter.java,0,0,0.2891962738983055
1.7.0,avatica/metrics/src/main/java/org/apache/calcite/avatica/metrics/Metric.java,0,0,0.28872970091567907
1.7.0,avatica/metrics/src/main/java/org/apache/calcite/avatica/metrics/MetricsSystem.java,0,0,0.2984026142653518
1.7.0,avatica/metrics/src/main/java/org/apache/calcite/avatica/metrics/MetricsSystemConfiguration.java,0,0,0.28837814808553264
1.7.0,avatica/metrics/src/main/java/org/apache/calcite/avatica/metrics/MetricsSystemFactory.java,0,0,0.2881008142290968
1.7.0,avatica/metrics/src/main/java/org/apache/calcite/avatica/metrics/MetricsSystemLoader.java,0,0,0.419407048356529
1.7.0,avatica/metrics/src/main/java/org/apache/calcite/avatica/metrics/PackageMarker.java,0,0,0.2912048592679711
1.7.0,avatica/metrics/src/main/java/org/apache/calcite/avatica/metrics/Timer.java,0,0,0.2695212668031864
1.7.0,avatica/metrics/src/main/java/org/apache/calcite/avatica/metrics/noop/NoopCounter.java,0,0,0.23224671489007448
1.7.0,avatica/metrics/src/main/java/org/apache/calcite/avatica/metrics/noop/NoopHistogram.java,0,0,0.23227243898961542
1.7.0,avatica/metrics/src/main/java/org/apache/calcite/avatica/metrics/noop/NoopMeter.java,0,0,0.23227243898961542
1.7.0,avatica/metrics/src/main/java/org/apache/calcite/avatica/metrics/noop/NoopMetricsSystem.java,0,0,0.23595201194746016
1.7.0,avatica/metrics/src/main/java/org/apache/calcite/avatica/metrics/noop/NoopMetricsSystemConfiguration.java,0,0,0.2226201852385977
1.7.0,avatica/metrics/src/main/java/org/apache/calcite/avatica/metrics/noop/NoopMetricsSystemFactory.java,0,0,0.23796865038049872
1.7.0,avatica/metrics/src/main/java/org/apache/calcite/avatica/metrics/noop/NoopTimer.java,0,0,0.2856829186933168
1.7.0,avatica/metrics-dropwizardmetrics3/src/main/java/org/apache/calcite/avatica/metrics/dropwizard3/DropwizardCounter.java,0,0,0.23838068729453055
1.7.0,avatica/metrics-dropwizardmetrics3/src/main/java/org/apache/calcite/avatica/metrics/dropwizard3/DropwizardGauge.java,0,0,0.23844617234139415
1.7.0,avatica/metrics-dropwizardmetrics3/src/main/java/org/apache/calcite/avatica/metrics/dropwizard3/DropwizardHistogram.java,0,0,0.23742648184216575
1.7.0,avatica/metrics-dropwizardmetrics3/src/main/java/org/apache/calcite/avatica/metrics/dropwizard3/DropwizardMeter.java,0,0,0.23742648184216575
1.7.0,avatica/metrics-dropwizardmetrics3/src/main/java/org/apache/calcite/avatica/metrics/dropwizard3/DropwizardMetricsSystem.java,0,0,0.24109089161333025
1.7.0,avatica/metrics-dropwizardmetrics3/src/main/java/org/apache/calcite/avatica/metrics/dropwizard3/DropwizardMetricsSystemConfiguration.java,0,0,0.2381876958322299
1.7.0,avatica/metrics-dropwizardmetrics3/src/main/java/org/apache/calcite/avatica/metrics/dropwizard3/DropwizardMetricsSystemFactory.java,0,1,0.6457501576697645
1.7.0,avatica/metrics-dropwizardmetrics3/src/main/java/org/apache/calcite/avatica/metrics/dropwizard3/DropwizardTimer.java,0,0,0.17297039463428762
1.7.0,avatica/noop-driver/src/main/java/org/apache/calcite/avatica/noop/AvaticaNoopConnection.java,0,0,0.19566729165357924
1.7.0,avatica/noop-driver/src/main/java/org/apache/calcite/avatica/noop/AvaticaNoopDatabaseMetaData.java,0,0,0.337546762672388
1.7.0,avatica/noop-driver/src/main/java/org/apache/calcite/avatica/noop/AvaticaNoopDriver.java,0,0,0.25577135714237903
1.7.0,avatica/noop-driver/src/main/java/org/apache/calcite/avatica/noop/AvaticaNoopParameterMetaData.java,0,0,0.26501853699013095
1.7.0,avatica/noop-driver/src/main/java/org/apache/calcite/avatica/noop/AvaticaNoopPreparedStatement.java,0,0,0.20332908938806307
1.7.0,avatica/noop-driver/src/main/java/org/apache/calcite/avatica/noop/AvaticaNoopResultSet.java,0,0,0.32438826553287
1.7.0,avatica/noop-driver/src/main/java/org/apache/calcite/avatica/noop/AvaticaNoopResultSetMetaData.java,0,0,0.27014760149380457
1.7.0,avatica/noop-driver/src/main/java/org/apache/calcite/avatica/noop/AvaticaNoopStatement.java,0,0,0.19014965176064524
1.7.0,avatica/noop-driver/src/main/java/org/apache/calcite/avatica/noop/PackageMarker.java,0,0,0.2653147582162141
1.7.0,core/src/main/java/org/apache/calcite/sql/type/ReturnTypes.java,0,1,0.8023181558833813
1.7.0,core/src/main/java/org/apache/calcite/sql/type/SqlTypeName.java,0,0,0.0742165778853149
1.7.0,core/src/main/java/org/apache/calcite/DataContext.java,0,0,0.4203785867757485
1.7.0,core/src/main/java/org/apache/calcite/jdbc/CalciteConnection.java,0,0,0.19179336483825357
1.7.0,core/src/main/java/org/apache/calcite/jdbc/CalciteFactory.java,0,0,0.30191052335848767
1.7.0,core/src/main/java/org/apache/calcite/materialize/MaterializationKey.java,0,0,0.29278513638017784
1.7.0,core/src/main/java/org/apache/calcite/plan/Context.java,0,0,0.19179336483825357
1.7.0,core/src/main/java/org/apache/calcite/plan/Convention.java,0,0,0.39985968752711704
1.7.0,core/src/main/java/org/apache/calcite/plan/MulticastRelOptListener.java,0,0,0.19179336483825357
1.7.0,core/src/main/java/org/apache/calcite/plan/RelOptListener.java,0,0,0.19179336483825357
1.7.0,core/src/main/java/org/apache/calcite/plan/RelOptSchema.java,0,0,0.1864482603809222
1.7.0,core/src/main/java/org/apache/calcite/plan/RelTraitPropagationVisitor.java,0,0,0.48944891941450397
1.7.0,core/src/main/java/org/apache/calcite/plan/TableAccessMap.java,0,0,0.19179336483825357
1.7.0,core/src/main/java/org/apache/calcite/prepare/CalciteSqlValidator.java,0,0,0.1538845348677752
1.7.0,core/src/main/java/org/apache/calcite/rel/RelWriter.java,0,0,0.19179336483825357
1.7.0,core/src/main/java/org/apache/calcite/rex/RexExecutable.java,0,0,0.4805796100382114
1.7.0,core/src/main/java/org/apache/calcite/rex/RexPermutationShuttle.java,0,0,0.19179336483825357
1.7.0,core/src/main/java/org/apache/calcite/rex/RexPermuteInputsShuttle.java,0,0,0.2717898990334521
1.7.0,core/src/main/java/org/apache/calcite/rex/RexSqlConvertlet.java,0,0,0.19179336483825357
1.7.0,core/src/main/java/org/apache/calcite/rex/RexSqlReflectiveConvertletTable.java,0,0,0.19059289003583493
1.7.0,core/src/main/java/org/apache/calcite/rex/RexSqlStandardConvertletTable.java,0,0,0.19179336483825357
1.7.0,core/src/main/java/org/apache/calcite/rex/RexToSqlNodeConverter.java,0,0,0.19179336483825357
1.7.0,core/src/main/java/org/apache/calcite/rex/RexToSqlNodeConverterImpl.java,0,0,0.19179336483825357
1.7.0,core/src/main/java/org/apache/calcite/rex/RexTransformer.java,0,1,0.5697567814246358
1.7.0,core/src/main/java/org/apache/calcite/rex/RexVariable.java,0,1,0.563895840490088
1.7.0,core/src/main/java/org/apache/calcite/rex/RexWindow.java,0,1,0.6747423889895553
1.7.0,core/src/main/java/org/apache/calcite/rex/RexWindowBound.java,0,1,0.5511241019309601
1.7.0,core/src/main/java/org/apache/calcite/runtime/BinarySearch.java,0,1,0.6356820785392501
1.7.0,core/src/main/java/org/apache/calcite/runtime/Bindable.java,0,0,0.19179336483825357
1.7.0,core/src/main/java/org/apache/calcite/runtime/CalciteContextException.java,0,0,0.315759201511462
1.7.0,core/src/main/java/org/apache/calcite/runtime/Feature.java,0,0,0.1538845348677752
1.7.0,core/src/main/java/org/apache/calcite/runtime/SortedMultiMap.java,0,1,0.5604410281875717
1.7.0,core/src/main/java/org/apache/calcite/schema/AggregateFunction.java,0,0,0.19179336483825357
1.7.0,core/src/main/java/org/apache/calcite/schema/FilterableTable.java,0,0,0.19179336483825357
1.7.0,core/src/main/java/org/apache/calcite/schema/ImplementableAggFunction.java,0,0,0.19179336483825357
1.7.0,core/src/main/java/org/apache/calcite/schema/ImplementableFunction.java,0,0,0.19179336483825357
1.7.0,core/src/main/java/org/apache/calcite/schema/Member.java,0,0,0.19179336483825357
1.7.0,core/src/main/java/org/apache/calcite/schema/ProjectableFilterableTable.java,0,0,0.18753747655092726
1.7.0,core/src/main/java/org/apache/calcite/schema/QueryableTable.java,0,0,0.19179336483825357
1.7.0,core/src/main/java/org/apache/calcite/schema/ScalarFunction.java,0,0,0.19179336483825357
1.7.0,core/src/main/java/org/apache/calcite/schema/ScannableTable.java,0,0,0.19179336483825357
1.7.0,core/src/main/java/org/apache/calcite/schema/Table.java,0,0,0.19179336483825357
1.7.0,core/src/main/java/org/apache/calcite/schema/TableFactory.java,0,0,0.19179336483825357
1.7.0,core/src/main/java/org/apache/calcite/schema/TableFunction.java,0,0,0.19179336483825357
1.7.0,core/src/main/java/org/apache/calcite/schema/TranslatableTable.java,0,0,0.19179336483825357
1.7.0,core/src/main/java/org/apache/calcite/sql/ExplicitOperatorBinding.java,0,0,0.2001389169156796
1.7.0,core/src/main/java/org/apache/calcite/sql/SqlAbstractDateTimeLiteral.java,0,0,0.308381406710334
1.7.0,core/src/main/java/org/apache/calcite/sql/SqlAbstractStringLiteral.java,0,0,0.1538845348677752
1.7.0,core/src/main/java/org/apache/calcite/sql/SqlAccessType.java,0,0,0.25264481449336296
1.7.0,core/src/main/java/org/apache/calcite/sql/SqlBasicCall.java,0,0,0.1490901499563538
1.7.0,core/src/main/java/org/apache/calcite/sql/SqlBinaryStringLiteral.java,0,0,0.40952765372848055
1.7.0,core/src/main/java/org/apache/calcite/sql/SqlCharStringLiteral.java,0,1,0.6154565974810332
1.7.0,core/src/main/java/org/apache/calcite/sql/SqlCollation.java,0,0,0.29794210230907797
1.7.0,core/src/main/java/org/apache/calcite/sql/SqlFunctionalOperator.java,0,0,0.1538845348677752
1.7.0,core/src/main/java/org/apache/calcite/sql/SqlFunctionCategory.java,0,0,0.1538845348677752
1.7.0,core/src/main/java/org/apache/calcite/sql/SqlNumericLiteral.java,0,0,0.3965802954136329
1.7.0,core/src/main/java/org/apache/calcite/sql/SqlOperatorTable.java,0,0,0.19179336483825357
1.7.0,core/src/main/java/org/apache/calcite/sql/SqlOrderBy.java,0,1,0.5851869821220907
1.7.0,core/src/main/java/org/apache/calcite/sql/SqlProcedureCallOperator.java,0,0,0.14656443942503217
1.7.0,core/src/main/java/org/apache/calcite/sql/SqlSampleSpec.java,0,0,0.37828298075951067
1.7.0,core/src/main/java/org/apache/calcite/sql/SqlSetOperator.java,1,0,0.2221126154609357
1.7.0,core/src/main/java/org/apache/calcite/sql/SqlStateCodes.java,0,0,0.2554899840234255
1.7.0,core/src/main/java/org/apache/calcite/sql/SqlSyntax.java,0,0,0.3878034526510336
1.7.0,core/src/main/java/org/apache/calcite/sql2rel/DefaultValueFactory.java,0,0,0.19179336483825357
1.7.0,core/src/main/java/org/apache/calcite/sql2rel/ReflectiveConvertletTable.java,0,0,0.4806027205823586
1.7.0,core/src/main/java/org/apache/calcite/sql2rel/SqlNodeToRexConverter.java,0,0,0.19179336483825357
1.7.0,core/src/main/java/org/apache/calcite/sql2rel/SqlRexContext.java,0,0,0.19179336483825357
1.7.0,core/src/main/java/org/apache/calcite/sql2rel/SqlRexConvertlet.java,0,0,0.19179336483825357
1.7.0,core/src/main/java/org/apache/calcite/sql2rel/SqlRexConvertletTable.java,0,0,0.19179336483825357
1.7.0,core/src/main/java/org/apache/calcite/sql2rel/SubqueryConverter.java,0,0,0.19179336483825357
1.7.0,core/src/main/java/org/apache/calcite/tools/Program.java,0,0,0.19179336483825357
1.7.0,core/src/main/java/org/apache/calcite/tools/RuleSet.java,0,0,0.19179336483825357
1.7.0,core/src/main/java/org/apache/calcite/util/BarfingInvocationHandler.java,0,0,0.24509854118270438
1.7.0,core/src/main/java/org/apache/calcite/util/BasicDatetime.java,0,0,0.19179336483825357
1.7.0,core/src/main/java/org/apache/calcite/util/BitString.java,0,1,0.6085514615130452
1.7.0,core/src/main/java/org/apache/calcite/util/CalciteParserException.java,0,0,0.19179336483825357
1.7.0,core/src/main/java/org/apache/calcite/util/CalciteValidatorException.java,0,0,0.19179336483825357
1.7.0,core/src/main/java/org/apache/calcite/util/CastingList.java,0,0,0.18506627016570568
1.7.0,core/src/main/java/org/apache/calcite/util/CompatibleGuava11.java,0,0,0.13702845747691886
1.7.0,core/src/main/java/org/apache/calcite/util/CompositeList.java,0,0,0.44098277315648204
1.7.0,core/src/main/java/org/apache/calcite/util/CompositeMap.java,0,1,0.520733634146107
1.7.0,core/src/main/java/org/apache/calcite/util/CompoundClosableAllocation.java,0,0,0.19179336483825357
1.7.0,core/src/main/java/org/apache/calcite/util/ConversionUtil.java,0,0,0.22632052455007268
1.7.0,core/src/main/java/org/apache/calcite/util/DelegatingInvocationHandler.java,0,0,0.18753747655092726
1.7.0,core/src/main/java/org/apache/calcite/util/Filterator.java,0,1,0.5999393528078929
1.7.0,core/src/main/java/org/apache/calcite/util/IntegerIntervalSet.java,0,0,0.460926303491791
1.7.0,core/src/main/java/org/apache/calcite/util/IntList.java,0,0,0.43187955210978923
1.7.0,core/src/main/java/org/apache/calcite/util/Permutation.java,0,0,0.18756064598521344
1.7.0,core/src/main/java/org/apache/calcite/util/ReflectiveVisitDispatcher.java,0,0,0.19179336483825357
1.7.0,core/src/main/java/org/apache/calcite/util/SaffronProperties.java,0,0,0.20425464945290173
1.7.0,core/src/main/java/org/apache/calcite/util/SerializableCharset.java,0,0,0.49427151813232023
1.7.0,core/src/main/java/org/apache/calcite/util/Template.java,0,0,0.20412159610938252
1.7.0,core/src/main/java/org/apache/calcite/util/UnmodifiableArrayList.java,0,0,0.10053975655382742
1.7.0,core/src/main/java/org/apache/calcite/adapter/enumerable/AggResetContext.java,0,0,0.19179336483825357
1.7.0,core/src/main/java/org/apache/calcite/adapter/enumerable/AggResultContext.java,0,0,0.19179336483825357
1.7.0,core/src/main/java/org/apache/calcite/adapter/enumerable/EnumerableCollect.java,0,0,0.42329162106257384
1.7.0,core/src/main/java/org/apache/calcite/adapter/enumerable/EnumerableCollectRule.java,0,0,0.1538845348677752
1.7.0,core/src/main/java/org/apache/calcite/adapter/enumerable/EnumerableIntersect.java,1,0,0.2086909881275723
1.7.0,core/src/main/java/org/apache/calcite/adapter/enumerable/EnumerableIntersectRule.java,0,0,0.42583975134678315
1.7.0,core/src/main/java/org/apache/calcite/adapter/enumerable/EnumerableLimitRule.java,0,1,0.5132585560926742
1.7.0,core/src/main/java/org/apache/calcite/adapter/enumerable/EnumerableMinus.java,1,0,0.20744174349318675
1.7.0,core/src/main/java/org/apache/calcite/adapter/enumerable/EnumerableMinusRule.java,0,0,0.16089364654720786
1.7.0,core/src/main/java/org/apache/calcite/adapter/enumerable/EnumerableTableFunctionScanRule.java,0,0,0.1538845348677752
1.7.0,core/src/main/java/org/apache/calcite/adapter/enumerable/EnumerableTableModify.java,1,1,0.6606265654437444
1.7.0,core/src/main/java/org/apache/calcite/adapter/enumerable/EnumerableTableModifyRule.java,0,0,0.4573362648967494
1.7.0,core/src/main/java/org/apache/calcite/adapter/enumerable/EnumerableUnion.java,1,0,0.4826266701886054
1.7.0,core/src/main/java/org/apache/calcite/adapter/enumerable/EnumerableUnionRule.java,0,0,0.1538845348677752
1.7.0,core/src/main/java/org/apache/calcite/adapter/enumerable/EnumerableWindowRule.java,0,0,0.17277325719446948
1.7.0,core/src/main/java/org/apache/calcite/adapter/enumerable/NestedBlockBuilder.java,0,0,0.19179336483825357
1.7.0,core/src/main/java/org/apache/calcite/adapter/enumerable/NestedBlockBuilderImpl.java,0,0,0.4973255117974008
1.7.0,core/src/main/java/org/apache/calcite/adapter/enumerable/NotNullImplementor.java,0,0,0.19179336483825357
1.7.0,core/src/main/java/org/apache/calcite/adapter/enumerable/NullPolicy.java,0,0,0.1538845348677752
1.7.0,core/src/main/java/org/apache/calcite/adapter/enumerable/StrictWinAggImplementor.java,0,0,0.23611246884610362
1.7.0,core/src/main/java/org/apache/calcite/adapter/enumerable/WinAggAddContext.java,0,0,0.19179336483825357
1.7.0,core/src/main/java/org/apache/calcite/adapter/enumerable/WinAggFrameContext.java,0,0,0.19179336483825357
1.7.0,core/src/main/java/org/apache/calcite/adapter/enumerable/WinAggFrameResultContext.java,0,0,0.19179336483825357
1.7.0,core/src/main/java/org/apache/calcite/adapter/enumerable/WinAggResetContext.java,0,0,0.19179336483825357
1.7.0,core/src/main/java/org/apache/calcite/adapter/enumerable/WinAggResultContext.java,0,0,0.19179336483825357
1.7.0,core/src/main/java/org/apache/calcite/adapter/java/AbstractQueryableTable.java,0,0,0.1538845348677752
1.7.0,core/src/main/java/org/apache/calcite/adapter/java/JavaTypeFactory.java,0,0,0.19179336483825357
1.7.0,core/src/main/java/org/apache/calcite/adapter/jdbc/JdbcQueryProvider.java,0,0,0.19179336483825357
1.7.0,core/src/main/java/org/apache/calcite/adapter/jdbc/JdbcRel.java,0,0,0.19179336483825357
1.7.0,core/src/main/java/org/apache/calcite/adapter/jdbc/JdbcTableScan.java,1,0,0.4639638871072232
1.7.0,core/src/main/java/org/apache/calcite/adapter/jdbc/JdbcToEnumerableConverterRule.java,0,0,0.1538845348677752
1.7.0,core/src/main/java/org/apache/calcite/plan/hep/HepInstruction.java,0,0,0.49327159462948633
1.7.0,core/src/main/java/org/apache/calcite/plan/hep/HepProgram.java,0,1,0.5996010183799627
1.7.0,core/src/main/java/org/apache/calcite/plan/hep/HepProgramBuilder.java,0,0,0.42865383629373566
1.7.0,core/src/main/java/org/apache/calcite/plan/hep/HepRuleCall.java,0,0,0.20078603235578774
1.7.0,core/src/main/java/org/apache/calcite/plan/volcano/ChainedPhaseRuleMappingInitializer.java,0,0,0.19179336483825357
1.7.0,core/src/main/java/org/apache/calcite/plan/volcano/VolcanoPlannerPhaseRuleMappingInitializer.java,0,0,0.19179336483825357
1.7.0,core/src/main/java/org/apache/calcite/rel/convert/Converter.java,0,0,0.19179336483825357
1.7.0,core/src/main/java/org/apache/calcite/rel/convert/NoneConverter.java,0,0,0.19179336483825357
1.7.0,core/src/main/java/org/apache/calcite/rel/convert/TraitMatchingRule.java,0,0,0.19179336483825357
1.7.0,core/src/main/java/org/apache/calcite/rel/core/Collect.java,0,0,0.40358014308283235
1.7.0,core/src/main/java/org/apache/calcite/rel/core/Sample.java,0,0,0.2681177763798948
1.7.0,core/src/main/java/org/apache/calcite/rel/externalize/RelJsonWriter.java,0,1,0.5177072491316075
1.7.0,core/src/main/java/org/apache/calcite/rel/metadata/Metadata.java,0,0,0.24648013706855904
1.7.0,core/src/main/java/org/apache/calcite/rel/metadata/RelColumnOrigin.java,0,0,0.40363353723672896
1.7.0,core/src/main/java/org/apache/calcite/rel/rules/CoerceInputsRule.java,0,1,0.5604040714307493
1.7.0,core/src/main/java/org/apache/calcite/rel/rules/FilterMultiJoinMergeRule.java,0,0,0.18753747655092726
1.7.0,core/src/main/java/org/apache/calcite/rel/rules/FilterRemoveIsNotDistinctFromRule.java,0,0,0.2520623965954041
1.7.0,core/src/main/java/org/apache/calcite/rel/rules/JoinExtractFilterRule.java,0,1,0.5074101690820938
1.7.0,core/src/main/java/org/apache/calcite/rel/rules/MultiJoinProjectTransposeRule.java,0,0,0.19179336483825357
1.7.0,core/src/main/java/org/apache/calcite/rel/rules/ProjectSetOpTransposeRule.java,0,0,0.48538869784109606
1.7.0,core/src/main/java/org/apache/calcite/rel/rules/SemiJoinRemoveRule.java,0,0,0.15031339341789557
1.7.0,core/src/main/java/org/apache/calcite/rel/rules/SortRemoveRule.java,0,1,0.5442011628975973
1.7.0,core/src/main/java/org/apache/calcite/rel/rules/TableScanRule.java,0,0,0.10307182380702046
1.7.0,core/src/main/java/org/apache/calcite/rel/type/RelDataTypeComparability.java,0,0,0.1538845348677752
1.7.0,core/src/main/java/org/apache/calcite/rel/type/RelDataTypeFieldImpl.java,0,1,0.5486921250171528
1.7.0,core/src/main/java/org/apache/calcite/rel/type/RelProtoDataType.java,0,0,0.19179336483825357
1.7.0,core/src/main/java/org/apache/calcite/rel/type/RelRecordType.java,0,1,0.5295372234831219
1.7.0,core/src/main/java/org/apache/calcite/schema/impl/AbstractTable.java,0,0,0.15031339341789557
1.7.0,core/src/main/java/org/apache/calcite/schema/impl/AbstractTableQueryable.java,0,0,0.2554637267163508
1.7.0,core/src/main/java/org/apache/calcite/schema/impl/DelegatingSchema.java,0,0,0.19179336483825357
1.7.0,core/src/main/java/org/apache/calcite/schema/impl/ScalarFunctionImpl.java,0,1,0.6279746655529018
1.7.0,core/src/main/java/org/apache/calcite/schema/impl/TableMacroImpl.java,0,0,0.4824718877531473
1.7.0,core/src/main/java/org/apache/calcite/sql/advise/SqlAdvisorHint.java,0,0,0.49269600866586527
1.7.0,core/src/main/java/org/apache/calcite/sql/advise/SqlSimpleParser.java,0,0,0.2557317171285092
1.7.0,core/src/main/java/org/apache/calcite/sql/fun/SqlArrayQueryConstructor.java,0,0,0.191067221106291
1.7.0,core/src/main/java/org/apache/calcite/sql/fun/SqlArrayValueConstructor.java,0,1,0.5236601030364565
1.7.0,core/src/main/java/org/apache/calcite/sql/fun/SqlCase.java,0,0,0.3702539628777542
1.7.0,core/src/main/java/org/apache/calcite/sql/fun/SqlCaseOperator.java,0,0,0.4602868030855206
1.7.0,core/src/main/java/org/apache/calcite/sql/fun/SqlCoalesceFunction.java,0,1,0.5497900867245112
1.7.0,core/src/main/java/org/apache/calcite/sql/fun/SqlColumnListConstructor.java,0,0,0.1552566246653689
1.7.0,core/src/main/java/org/apache/calcite/sql/fun/SqlConvertFunction.java,0,0,0.23283246165444724
1.7.0,core/src/main/java/org/apache/calcite/sql/fun/SqlCursorConstructor.java,0,0,0.411907819137117
1.7.0,core/src/main/java/org/apache/calcite/sql/fun/SqlMapQueryConstructor.java,0,0,0.1538845348677752
1.7.0,core/src/main/java/org/apache/calcite/sql/fun/SqlMultisetSetOperator.java,0,0,0.3512583956474739
1.7.0,core/src/main/java/org/apache/calcite/sql/fun/SqlNewOperator.java,0,0,0.16206191422138147
1.7.0,core/src/main/java/org/apache/calcite/sql/fun/SqlNullifFunction.java,0,0,0.4557085961222776
1.7.0,core/src/main/java/org/apache/calcite/sql/fun/SqlOverlayFunction.java,0,1,0.5487030328142819
1.7.0,core/src/main/java/org/apache/calcite/sql/fun/SqlPositionFunction.java,0,1,0.5216004753351046
1.7.0,core/src/main/java/org/apache/calcite/sql/fun/SqlRowOperator.java,0,0,0.15922620190211728
1.7.0,core/src/main/java/org/apache/calcite/sql/parser/SqlParseException.java,0,1,0.5056663261330676
1.7.0,core/src/main/java/org/apache/calcite/sql/parser/SqlParserImplFactory.java,0,0,0.19179336483825357
1.7.0,core/src/main/java/org/apache/calcite/sql/type/AbstractSqlType.java,0,0,0.37425875092282523
1.7.0,core/src/main/java/org/apache/calcite/sql/type/CursorReturnTypeInference.java,0,0,0.19179336483825357
1.7.0,core/src/main/java/org/apache/calcite/sql/type/ExplicitOperandTypeInference.java,1,0,0.48467968006219253
1.7.0,core/src/main/java/org/apache/calcite/sql/type/ExplicitReturnTypeInference.java,0,0,0.4994251732175792
1.7.0,core/src/main/java/org/apache/calcite/sql/type/JavaToSqlTypeConversionRules.java,0,0,0.10566016946863409
1.7.0,core/src/main/java/org/apache/calcite/sql/type/MapSqlType.java,0,1,0.5575952611857616
1.7.0,core/src/main/java/org/apache/calcite/sql/type/MatchReturnTypeInference.java,0,1,0.6878148226974857
1.7.0,core/src/main/java/org/apache/calcite/sql/type/MultisetSqlType.java,0,1,0.5151465252317097
1.7.0,core/src/main/java/org/apache/calcite/sql/type/ObjectSqlType.java,0,0,0.1827127533399523
1.7.0,core/src/main/java/org/apache/calcite/sql/type/OperandsTypeChecking.java,0,0,0.18335460150628133
1.7.0,core/src/main/java/org/apache/calcite/sql/type/OrdinalReturnTypeInference.java,0,0,0.1538845348677752
1.7.0,core/src/main/java/org/apache/calcite/sql/type/SqlOperandTypeInference.java,0,0,0.18753747655092726
1.7.0,core/src/main/java/org/apache/calcite/sql/type/SqlReturnTypeInference.java,0,0,0.19179336483825357
1.7.0,core/src/main/java/org/apache/calcite/sql/type/SqlReturnTypeInferenceChain.java,0,1,0.6470899121017278
1.7.0,core/src/main/java/org/apache/calcite/sql/type/SqlSingleOperandTypeChecker.java,0,0,0.19179336483825357
1.7.0,core/src/main/java/org/apache/calcite/sql/type/SqlTypeAssignmentRules.java,0,0,0.039087127056514924
1.7.0,core/src/main/java/org/apache/calcite/sql/type/SqlTypeFamily.java,0,0,0.19157805680132572
1.7.0,core/src/main/java/org/apache/calcite/sql/type/SqlTypeTransform.java,0,0,0.19179336483825357
1.7.0,core/src/main/java/org/apache/calcite/sql/type/SqlTypeTransformCascade.java,0,1,0.6137876990478902
1.7.0,core/src/main/java/org/apache/calcite/sql/type/TableFunctionReturnTypeInference.java,0,0,0.19179336483825357
1.7.0,core/src/main/java/org/apache/calcite/sql/util/ListSqlOperatorTable.java,0,1,0.5002967604878806
1.7.0,core/src/main/java/org/apache/calcite/sql/util/SqlBasicVisitor.java,0,0,0.4087249931519998
1.7.0,core/src/main/java/org/apache/calcite/sql/util/SqlBuilder.java,0,0,0.3910267856102281
1.7.0,core/src/main/java/org/apache/calcite/sql/util/SqlVisitor.java,0,0,0.19179336483825357
1.7.0,core/src/main/java/org/apache/calcite/sql/validate/AggFinder.java,0,1,0.5255684573170871
1.7.0,core/src/main/java/org/apache/calcite/sql/validate/AggregatingScope.java,0,0,0.19179336483825357
1.7.0,core/src/main/java/org/apache/calcite/sql/validate/CollectNamespace.java,1,1,0.5151465252317097
1.7.0,core/src/main/java/org/apache/calcite/sql/validate/CollectScope.java,0,1,0.5035903248862955
1.7.0,core/src/main/java/org/apache/calcite/sql/validate/DelegatingNamespace.java,1,0,0.19179336483825357
1.7.0,core/src/main/java/org/apache/calcite/sql/validate/DelegatingSqlValidatorCatalogReader.java,0,0,0.19179336483825357
1.7.0,core/src/main/java/org/apache/calcite/sql/validate/DelegatingSqlValidatorTable.java,0,0,0.19179336483825357
1.7.0,core/src/main/java/org/apache/calcite/sql/validate/FieldNamespace.java,1,0,0.3594446570329929
1.7.0,core/src/main/java/org/apache/calcite/sql/validate/JoinNamespace.java,1,1,0.5501683850469604
1.7.0,core/src/main/java/org/apache/calcite/sql/validate/JoinScope.java,0,0,0.42150672591086225
1.7.0,core/src/main/java/org/apache/calcite/sql/validate/ParameterNamespace.java,1,0,0.19179336483825357
1.7.0,core/src/main/java/org/apache/calcite/sql/validate/SqlIdentifierMoniker.java,0,0,0.09102294088109061
1.7.0,core/src/main/java/org/apache/calcite/sql/validate/SqlUserDefinedTableFunction.java,0,0,0.1538845348677752
1.7.0,core/src/main/java/org/apache/calcite/sql/validate/SqlValidatorWithHints.java,0,0,0.19179336483825357
1.7.0,core/src/main/java/org/apache/calcite/sql/validate/WithItemNamespace.java,1,1,0.5508083115854265
1.7.0,core/src/main/java/org/apache/calcite/sql/validate/WithNamespace.java,1,1,0.5132585560926742
1.7.0,core/src/main/java/org/apache/calcite/util/graph/CycleDetector.java,0,0,0.1538845348677752
1.7.0,core/src/main/java/org/apache/calcite/util/graph/DefaultDirectedGraph.java,0,1,0.7225149486725869
1.7.0,core/src/main/java/org/apache/calcite/util/graph/DefaultEdge.java,0,1,0.5262214122377902
1.7.0,core/src/main/java/org/apache/calcite/util/graph/DepthFirstIterator.java,0,0,0.37874278552052354
1.7.0,core/src/main/java/org/apache/calcite/util/graph/Graphs.java,0,1,0.7335396260867869
1.7.0,core/src/main/java/org/apache/calcite/util/graph/TopologicalOrderIterator.java,0,1,0.7436606284291929
1.7.0,core/src/main/java/org/apache/calcite/util/javac/JaninoCompiler.java,0,0,0.31014638194571936
1.7.0,core/src/main/java/org/apache/calcite/util/javac/JavaCompilerArgs.java,0,0,0.22775075707561135
1.7.0,core/src/main/java/org/apache/calcite/util/mapping/Mapping.java,0,0,0.19179336483825357
1.7.0,core/src/main/java/org/apache/calcite/adapter/enumerable/impl/AggAddContextImpl.java,0,0,0.1538845348677752
1.7.0,core/src/main/java/org/apache/calcite/adapter/enumerable/impl/AggResetContextImpl.java,0,0,0.10566016946863409
1.7.0,core/src/main/java/org/apache/calcite/adapter/enumerable/impl/AggResultContextImpl.java,0,0,0.1538845348677752
1.7.0,core/src/main/java/org/apache/calcite/adapter/enumerable/impl/WinAggResetContextImpl.java,0,0,0.22357665975218913
1.7.0,core/src/main/java/org/apache/calcite/adapter/enumerable/impl/WinAggResultContextImpl.java,0,0,0.17575406725612341
1.7.0,mongodb/src/main/java/org/apache/calcite/adapter/mongodb/MongoMethod.java,0,0,0.19179336483825357
1.7.0,mongodb/src/main/java/org/apache/calcite/adapter/mongodb/MongoRel.java,0,0,0.24687765762154315
1.7.0,mongodb/src/main/java/org/apache/calcite/adapter/mongodb/MongoSchema.java,0,0,0.23914804495888828
1.7.0,mongodb/src/main/java/org/apache/calcite/adapter/mongodb/MongoSchemaFactory.java,0,0,0.24687765762154315
1.7.0,mongodb/src/main/java/org/apache/calcite/adapter/mongodb/MongoToEnumerableConverterRule.java,0,0,0.18753747655092726
1.7.0,plus/src/main/java/org/apache/calcite/adapter/tpcds/TpcdsSchemaFactory.java,0,0,0.3408959621667669
1.7.0,plus/src/main/java/org/apache/calcite/adapter/tpch/TpchSchema.java,0,0,0.07973678013635783
1.7.0,plus/src/main/java/org/apache/calcite/adapter/tpch/TpchSchemaFactory.java,0,0,0.24687765762154315
1.7.0,spark/src/main/java/org/apache/calcite/adapter/spark/EnumerableToSparkConverterRule.java,0,0,0.18753747655092726
1.7.0,spark/src/main/java/org/apache/calcite/adapter/spark/JdbcToSparkConverterRule.java,0,0,0.19179336483825357
1.7.0,spark/src/main/java/org/apache/calcite/adapter/spark/SparkMethod.java,0,0,0.18644826038091888
1.7.0,spark/src/main/java/org/apache/calcite/adapter/spark/SparkRel.java,0,0,0.24687765762154315
1.7.0,spark/src/main/java/org/apache/calcite/adapter/spark/SparkRuntime.java,0,0,0.18753747655092726
1.7.0,splunk/src/main/java/org/apache/calcite/adapter/splunk/SplunkDriver.java,0,0,0.11745297666048707
1.7.0,splunk/src/main/java/org/apache/calcite/adapter/splunk/SplunkDriverVersion.java,0,0,0.1538845348677752
1.7.0,splunk/src/main/java/org/apache/calcite/adapter/splunk/SplunkSchema.java,0,0,0.19179336483825357
1.7.0,splunk/src/main/java/org/apache/calcite/adapter/splunk/SplunkTable.java,0,0,0.19179336483825357
1.7.0,splunk/src/main/java/org/apache/calcite/adapter/splunk/search/SplunkConnection.java,0,0,0.19179336483825357
1.7.0,splunk/src/main/java/org/apache/calcite/adapter/splunk/util/SocketFactoryImpl.java,0,0,0.1864482603809222
1.7.0,splunk/src/main/java/org/apache/calcite/adapter/splunk/util/TrustAllSslSocketFactory.java,0,0,0.16821198136575916
1.7.0,linq4j/src/main/java/org/apache/calcite/linq4j/BaseQueryable.java,0,0,0.2179293416528095
1.7.0,linq4j/src/main/java/org/apache/calcite/linq4j/EnumerableOrderedQueryable.java,0,0,0.19179336483825357
1.7.0,linq4j/src/main/java/org/apache/calcite/linq4j/ExtendedOrderedEnumerable.java,0,0,0.19179336483825357
1.7.0,linq4j/src/main/java/org/apache/calcite/linq4j/ExtendedOrderedQueryable.java,0,0,0.19179336483825357
1.7.0,linq4j/src/main/java/org/apache/calcite/linq4j/Extensions.java,0,0,0.47233958105896034
1.7.0,linq4j/src/main/java/org/apache/calcite/linq4j/Lookup.java,0,0,0.19179336483825357
1.7.0,linq4j/src/main/java/org/apache/calcite/linq4j/LookupImpl.java,0,0,0.31917844819713365
1.7.0,linq4j/src/main/java/org/apache/calcite/linq4j/QueryProvider.java,0,0,0.19179336483825357
1.7.0,linq4j/src/main/java/org/apache/calcite/linq4j/QueryProviderImpl.java,0,0,0.30896416671617327
1.7.0,linq4j/src/main/java/org/apache/calcite/linq4j/RawQueryable.java,0,0,0.19179336483825357
1.7.0,linq4j/src/main/java/org/apache/calcite/linq4j/tree/BlockBuilder.java,0,1,0.7438445624227465
1.7.0,linq4j/src/main/java/org/apache/calcite/linq4j/tree/Blocks.java,0,0,0.2830166148426414
1.7.0,linq4j/src/main/java/org/apache/calcite/linq4j/tree/ClassDeclarationFinder.java,0,1,0.5917687085658009
1.7.0,linq4j/src/main/java/org/apache/calcite/linq4j/tree/ConstantUntypedNull.java,0,1,0.5929347983613179
1.7.0,linq4j/src/main/java/org/apache/calcite/linq4j/tree/DefaultExpression.java,0,0,0.19179336483825357
1.7.0,linq4j/src/main/java/org/apache/calcite/linq4j/tree/DynamicExpression.java,0,0,0.19179336483825357
1.7.0,linq4j/src/main/java/org/apache/calcite/linq4j/tree/Expression.java,0,1,0.6236572316769992
1.7.0,linq4j/src/main/java/org/apache/calcite/linq4j/tree/ExpressionVisitor.java,0,0,0.19179336483825357
1.7.0,linq4j/src/main/java/org/apache/calcite/linq4j/tree/ExpressionWriter.java,0,0,0.403106135429239
1.7.0,linq4j/src/main/java/org/apache/calcite/linq4j/tree/InvocationExpression.java,0,0,0.19179336483825357
1.7.0,linq4j/src/main/java/org/apache/calcite/linq4j/tree/LambdaExpression.java,0,0,0.23633483385991777
1.7.0,linq4j/src/main/java/org/apache/calcite/linq4j/tree/ListInitExpression.java,0,0,0.19179336483825357
1.7.0,linq4j/src/main/java/org/apache/calcite/linq4j/tree/MemberInitExpression.java,0,0,0.19179336483825357
1.7.0,linq4j/src/main/java/org/apache/calcite/linq4j/tree/OptimizeVisitor.java,0,1,0.5313459290941156
1.7.0,linq4j/src/main/java/org/apache/calcite/linq4j/tree/ParameterExpression.java,0,1,0.6254909412833917
1.7.0,linq4j/src/main/java/org/apache/calcite/linq4j/tree/ReflectedPseudoField.java,0,0,0.4300117414874124
1.7.0,linq4j/src/main/java/org/apache/calcite/linq4j/tree/Statement.java,0,1,0.706836833944429
1.7.0,linq4j/src/main/java/org/apache/calcite/linq4j/tree/SwitchStatement.java,0,0,0.19179336483825357
1.7.0,core/src/main/java/org/apache/calcite/plan/RelImplementor.java,0,0,0.19179336483825357
1.7.0,core/src/main/java/org/apache/calcite/adapter/enumerable/EnumerableCorrelateRule.java,0,0,0.1538845348677752
1.7.0,core/src/main/java/org/apache/calcite/rel/rules/ProjectJoinTransposeRule.java,0,1,0.5367337659403242
1.7.0,core/src/main/java/org/apache/calcite/rel/rules/PushProjector.java,0,1,0.7349592365162605
1.7.0,core/src/main/java/org/apache/calcite/plan/RelOptAbstractTable.java,0,0,0.4266953202272289
1.7.0,core/src/main/java/org/apache/calcite/rel/RelDistribution.java,0,0,0.1538845348677752
1.7.0,core/src/main/java/org/apache/calcite/rel/RelDistributionTraitDef.java,0,0,0.16211829641190417
1.7.0,core/src/main/java/org/apache/calcite/rel/RelHomogeneousShuttle.java,0,0,0.1621498497059882
1.7.0,core/src/main/java/org/apache/calcite/rel/RelShuttle.java,0,0,0.19179336483825357
1.7.0,core/src/main/java/org/apache/calcite/schema/Statistic.java,0,0,0.19179336483825357
1.7.0,core/src/main/java/org/apache/calcite/schema/Statistics.java,0,0,0.4011011825497228
1.7.0,core/src/main/java/org/apache/calcite/rel/core/SortExchange.java,0,0,0.19179336483825357
1.7.0,core/src/main/java/org/apache/calcite/rel/logical/LogicalExchange.java,0,0,0.48503752200812494
1.7.0,core/src/main/java/org/apache/calcite/rel/rules/CalcMergeRule.java,0,1,0.5606491745505242
1.7.0,core/src/main/java/org/apache/calcite/rel/rules/CalcRemoveRule.java,0,0,0.12034564509777562
1.7.0,core/src/main/java/org/apache/calcite/rel/rules/JoinUnionTransposeRule.java,0,1,0.6868432677932411
1.7.0,piglet/src/main/java/org/apache/calcite/piglet/Ast.java,1,1,0.9714796823703894
1.7.0,piglet/src/main/java/org/apache/calcite/piglet/Handler.java,0,0,0.2626765318374801
1.7.0,core/src/main/java/org/apache/calcite/rel/rules/FilterJoinRule.java,0,1,0.7227146933720078
1.7.0,core/src/main/java/org/apache/calcite/sql/fun/SqlSequenceValueOperator.java,0,1,0.6850452879956319
1.7.0,core/src/main/java/org/apache/calcite/sql/validate/SqlValidator.java,1,0,0.2627225135928891
1.7.0,core/src/main/java/org/apache/calcite/sql/validate/SqlScopedShuttle.java,0,0,0.1538845348677752
1.7.0,core/src/main/java/org/apache/calcite/adapter/clone/ArrayTable.java,0,1,0.7325823073220189
1.7.0,core/src/main/java/org/apache/calcite/adapter/clone/CloneSchema.java,0,1,0.5049494689919205
1.7.0,core/src/main/java/org/apache/calcite/sql/fun/SqlGroupIdFunction.java,0,0,0.20415705084278024
1.7.0,core/src/main/java/org/apache/calcite/sql/fun/SqlGroupingFunction.java,0,0,0.20632324943342154
1.7.0,core/src/main/java/org/apache/calcite/sql/fun/SqlGroupingIdFunction.java,0,0,0.20415705084278024
1.7.0,core/src/main/java/org/apache/calcite/jdbc/JavaTypeFactoryImpl.java,1,1,0.7287804622540903
1.7.0,core/src/main/java/org/apache/calcite/adapter/enumerable/EnumerableTableScan.java,1,1,0.5843619852352273
1.7.0,core/src/main/java/org/apache/calcite/adapter/java/Array.java,0,0,0.17360804136603356
1.7.0,core/src/main/java/org/apache/calcite/adapter/java/Map.java,0,0,0.17404942057840053
1.7.0,core/src/main/java/org/apache/calcite/rel/type/RelDataTypeFactoryImpl.java,1,1,0.7059744567353228
1.7.0,core/src/main/java/org/apache/calcite/sql/type/ArraySqlType.java,0,1,0.5293038443859304
1.7.0,linq4j/src/main/java/org/apache/calcite/linq4j/tree/Types.java,0,1,0.9491776564739388
1.7.0,core/src/main/java/org/apache/calcite/schema/Schema.java,0,0,0.32852455409765613
1.7.0,core/src/main/java/org/apache/calcite/plan/Contexts.java,0,1,0.5277419774523304
1.7.0,core/src/main/java/org/apache/calcite/plan/RelOptRule.java,0,0,0.4508195108555731
1.7.0,core/src/main/java/org/apache/calcite/tools/RelBuilderFactory.java,0,0,0.19566991828282326
1.7.0,core/src/main/java/org/apache/calcite/rel/rules/CalcSplitRule.java,0,0,0.10518244523330574
1.7.0,core/src/main/java/org/apache/calcite/rel/rules/FilterCorrelateRule.java,0,1,0.6201040008251661
1.7.0,core/src/main/java/org/apache/calcite/rel/rules/FilterMergeRule.java,0,0,0.23193040566302536
1.7.0,core/src/main/java/org/apache/calcite/rel/rules/FilterProjectTransposeRule.java,0,1,0.6294915328579137
1.7.0,core/src/main/java/org/apache/calcite/rel/rules/FilterSetOpTransposeRule.java,0,1,0.6233585312569669
1.7.0,core/src/main/java/org/apache/calcite/rel/rules/JoinCommuteRule.java,0,0,0.48729147819728574
1.7.0,core/src/main/java/org/apache/calcite/rel/rules/JoinProjectTransposeRule.java,1,1,0.5904106778407862
1.7.0,core/src/main/java/org/apache/calcite/rel/rules/JoinPushExpressionsRule.java,0,1,0.534161526611762
1.7.0,core/src/main/java/org/apache/calcite/rel/rules/JoinPushThroughJoinRule.java,0,1,0.6483343960855634
1.7.0,core/src/main/java/org/apache/calcite/rel/rules/ProjectMultiJoinMergeRule.java,0,0,0.22633030857861908
1.7.0,core/src/main/java/org/apache/calcite/rel/rules/ProjectSortTransposeRule.java,0,0,0.2339445488352397
1.7.0,core/src/main/java/org/apache/calcite/rel/rules/SemiJoinProjectTransposeRule.java,1,1,0.5660076494302902
1.7.0,core/src/main/java/org/apache/calcite/rel/rules/UnionMergeRule.java,0,0,0.2658984130094973
1.7.0,core/src/main/java/org/apache/calcite/rel/rules/UnionToDistinctRule.java,0,1,0.6228832805113962
1.7.0,core/src/main/java/org/apache/calcite/interpreter/Interpreter.java,0,0,0.37675670653713206
1.7.0,linq4j/src/main/java/org/apache/calcite/linq4j/Ord.java,0,0,0.10303616978405171
1.7.0,linq4j/src/main/java/org/apache/calcite/linq4j/TransformedEnumerator.java,0,0,0.14704656842193528
1.7.0,core/src/main/java/org/apache/calcite/interpreter/Bindables.java,0,0,0.4557908769463095
1.7.0,core/src/main/java/org/apache/calcite/plan/ConventionTraitDef.java,1,1,0.6527060254307762
1.7.0,core/src/main/java/org/apache/calcite/rel/RelNode.java,0,0,0.44439993446128506
1.7.0,core/src/main/java/org/apache/calcite/rel/SingleRel.java,0,0,0.4420115619768169
1.7.0,core/src/main/java/org/apache/calcite/util/NumberUtil.java,0,0,0.36581950893823395
1.7.0,core/src/main/java/org/apache/calcite/adapter/enumerable/EnumerableCalc.java,0,1,0.6554079407361513
1.7.0,core/src/main/java/org/apache/calcite/adapter/enumerable/EnumerableFilter.java,0,0,0.4608223073388797
1.7.0,core/src/main/java/org/apache/calcite/adapter/enumerable/EnumerableInterpreter.java,0,1,0.5523084745479457
1.7.0,core/src/main/java/org/apache/calcite/adapter/enumerable/EnumerableJoin.java,0,1,0.6024466534306729
1.7.0,core/src/main/java/org/apache/calcite/adapter/enumerable/EnumerableLimit.java,0,1,0.7073262351485575
1.7.0,core/src/main/java/org/apache/calcite/adapter/enumerable/EnumerableMergeJoin.java,1,1,0.7695630839508366
1.7.0,core/src/main/java/org/apache/calcite/adapter/enumerable/EnumerableProject.java,0,0,0.4065017120602569
1.7.0,core/src/main/java/org/apache/calcite/adapter/enumerable/EnumerableSemiJoin.java,0,1,0.506335833128472
1.7.0,core/src/main/java/org/apache/calcite/adapter/enumerable/EnumerableThetaJoin.java,0,1,0.5437496320535053
1.7.0,core/src/main/java/org/apache/calcite/adapter/enumerable/EnumerableValues.java,0,1,0.5076888599442954
1.7.0,core/src/main/java/org/apache/calcite/adapter/enumerable/EnumerableWindow.java,0,1,0.6902634853286431
1.7.0,core/src/main/java/org/apache/calcite/adapter/jdbc/JdbcToEnumerableConverter.java,0,0,0.427716153086065
1.7.0,core/src/main/java/org/apache/calcite/plan/hep/HepRelVertex.java,0,0,0.4495399179466199
1.7.0,core/src/main/java/org/apache/calcite/plan/volcano/AbstractConverter.java,0,1,0.5655946711626918
1.7.0,core/src/main/java/org/apache/calcite/rel/convert/ConverterImpl.java,0,0,0.3311925543996596
1.7.0,core/src/main/java/org/apache/calcite/rel/core/Calc.java,0,0,0.34601698431176453
1.7.0,core/src/main/java/org/apache/calcite/rel/core/Correlate.java,0,1,0.5188081643814438
1.7.0,core/src/main/java/org/apache/calcite/rel/core/Exchange.java,0,0,0.4854508016681913
1.7.0,core/src/main/java/org/apache/calcite/rel/core/Filter.java,0,1,0.6101027881597895
1.7.0,core/src/main/java/org/apache/calcite/rel/core/Intersect.java,0,0,0.26419655123882685
1.7.0,core/src/main/java/org/apache/calcite/rel/core/Minus.java,0,0,0.2979339329385972
1.7.0,core/src/main/java/org/apache/calcite/rel/core/SemiJoin.java,1,1,0.6317044168710683
1.7.0,core/src/main/java/org/apache/calcite/rel/core/Sort.java,0,1,0.5209725339418442
1.7.0,core/src/main/java/org/apache/calcite/rel/core/TableFunctionScan.java,0,0,0.40637125032854393
1.7.0,core/src/main/java/org/apache/calcite/rel/core/TableModify.java,0,0,0.2964310791884856
1.7.0,core/src/main/java/org/apache/calcite/rel/core/TableScan.java,0,1,0.5529551708398244
1.7.0,core/src/main/java/org/apache/calcite/rel/core/Union.java,0,0,0.4496052631063206
1.7.0,core/src/main/java/org/apache/calcite/rel/core/Values.java,0,1,0.684541826700724
1.7.0,core/src/main/java/org/apache/calcite/rel/core/Window.java,0,1,0.5539787644068913
1.7.0,core/src/main/java/org/apache/calcite/rel/externalize/RelWriterImpl.java,0,1,0.6442065214807765
1.7.0,core/src/main/java/org/apache/calcite/rel/logical/LogicalCalc.java,0,0,0.2667913644627876
1.7.0,core/src/main/java/org/apache/calcite/rel/logical/LogicalFilter.java,0,1,0.5118539475868126
1.7.0,core/src/main/java/org/apache/calcite/rel/logical/LogicalProject.java,0,0,0.46802104110570536
1.7.0,core/src/main/java/org/apache/calcite/rel/logical/LogicalTableFunctionScan.java,0,0,0.47460467535483974
1.7.0,core/src/main/java/org/apache/calcite/rel/logical/LogicalValues.java,0,0,0.46955289105668846
1.7.0,core/src/main/java/org/apache/calcite/rel/metadata/CyclicMetadataException.java,0,0,0.14791963195094132
1.7.0,core/src/main/java/org/apache/calcite/rel/metadata/MetadataFactory.java,0,0,0.24745631191048534
1.7.0,core/src/main/java/org/apache/calcite/rel/metadata/RelMdUtil.java,1,1,0.8482236411097611
1.7.0,core/src/main/java/org/apache/calcite/rel/metadata/UnboundMetadata.java,0,0,0.1879891252631498
1.7.0,core/src/main/java/org/apache/calcite/rel/rules/AggregateFilterTransposeRule.java,0,1,0.618207394365265
1.7.0,core/src/main/java/org/apache/calcite/rel/rules/AggregateJoinTransposeRule.java,1,1,0.8938218447658213
1.7.0,core/src/main/java/org/apache/calcite/rel/rules/AggregateProjectPullUpConstantsRule.java,1,1,0.9423352499142809
1.7.0,core/src/main/java/org/apache/calcite/rel/rules/AggregateStarTableRule.java,0,1,0.6263616692123062
1.7.0,core/src/main/java/org/apache/calcite/rel/rules/AggregateUnionTransposeRule.java,0,1,0.6837514912177154
1.7.0,core/src/main/java/org/apache/calcite/rel/rules/JoinPushTransitivePredicatesRule.java,0,1,0.7612987254238532
1.7.0,core/src/main/java/org/apache/calcite/rel/rules/LoptMultiJoin.java,0,0,0.30396450579437484
1.7.0,core/src/main/java/org/apache/calcite/rel/rules/LoptOptimizeJoinRule.java,0,1,0.9670438591776573
1.7.0,core/src/main/java/org/apache/calcite/rel/rules/LoptSemiJoinOptimizer.java,0,1,0.6096733658129702
1.7.0,core/src/main/java/org/apache/calcite/rel/rules/MultiJoinOptimizeBushyRule.java,0,1,0.7286441146617477
1.7.0,core/src/main/java/org/apache/calcite/rel/rules/SortJoinTransposeRule.java,0,1,0.6855824137655844
1.7.0,core/src/main/java/org/apache/calcite/rel/rules/SortUnionTransposeRule.java,0,1,0.6988662834862682
1.7.0,core/src/main/java/org/apache/calcite/schema/impl/StarTable.java,0,1,0.5415563648314408
1.7.0,mongodb/src/main/java/org/apache/calcite/adapter/mongodb/MongoFilter.java,0,0,0.255611447634655
1.7.0,mongodb/src/main/java/org/apache/calcite/adapter/mongodb/MongoProject.java,0,0,0.2359376527603737
1.7.0,mongodb/src/main/java/org/apache/calcite/adapter/mongodb/MongoSort.java,0,1,0.5232261128107019
1.7.0,mongodb/src/main/java/org/apache/calcite/adapter/mongodb/MongoTableScan.java,0,0,0.3048462475101048
1.7.0,mongodb/src/main/java/org/apache/calcite/adapter/mongodb/MongoToEnumerableConverter.java,0,0,0.3674919661182307
1.7.0,spark/src/main/java/org/apache/calcite/adapter/spark/EnumerableToSparkConverter.java,0,0,0.38864844242269164
1.7.0,spark/src/main/java/org/apache/calcite/adapter/spark/JdbcToSparkConverter.java,0,0,0.22391055489307932
1.7.0,spark/src/main/java/org/apache/calcite/adapter/spark/SparkRules.java,0,0,0.2606177591235709
1.7.0,spark/src/main/java/org/apache/calcite/adapter/spark/SparkToEnumerableConverter.java,0,0,0.3048462475101048
1.7.0,core/src/main/java/org/apache/calcite/plan/RelOptQuery.java,0,0,0.3019146953847499
1.7.0,core/src/main/java/org/apache/calcite/rex/LogicVisitor.java,1,1,0.7507948304688182
1.7.0,core/src/main/java/org/apache/calcite/rex/RexBiVisitor.java,0,0,0.17816683475133055
1.7.0,core/src/main/java/org/apache/calcite/rex/RexCall.java,0,1,0.8425954558712826
1.7.0,core/src/main/java/org/apache/calcite/rex/RexDynamicParam.java,0,0,0.20824380030679854
1.7.0,core/src/main/java/org/apache/calcite/rex/RexFieldAccess.java,0,0,0.4501503394257202
1.7.0,core/src/main/java/org/apache/calcite/rex/RexInputRef.java,0,0,0.45311917215116904
1.7.0,core/src/main/java/org/apache/calcite/rex/RexNode.java,0,1,0.5395913761939357
1.7.0,core/src/main/java/org/apache/calcite/rex/RexOver.java,0,0,0.37679025932646387
1.7.0,core/src/main/java/org/apache/calcite/rex/RexRangeRef.java,0,0,0.2657715676285288
1.7.0,core/src/main/java/org/apache/calcite/rex/RexShuttle.java,0,1,0.6124877423097953
1.7.0,core/src/main/java/org/apache/calcite/rex/RexSubQuery.java,0,0,0.38221396942941627
1.7.0,core/src/main/java/org/apache/calcite/rex/RexVisitor.java,0,0,0.22286319376897115
1.7.0,core/src/main/java/org/apache/calcite/rex/RexVisitorImpl.java,0,0,0.4746705507502342
1.7.0,core/src/main/java/org/apache/calcite/sql2rel/DeduplicateCorrelateVariables.java,0,0,0.44617183968392454
1.7.0,core/src/main/java/org/apache/calcite/sql2rel/RelStructuredTypeFlattener.java,0,1,0.5204239602320361
1.7.0,core/src/main/java/org/apache/calcite/util/Bug.java,0,0,0.26313387666367194
1.7.0,core/src/main/java/org/apache/calcite/adapter/enumerable/EnumerableJoinRule.java,0,1,0.5042554329416008
1.7.0,core/src/main/java/org/apache/calcite/rel/core/CorrelationId.java,0,0,0.30872410905295605
1.7.0,core/src/main/java/org/apache/calcite/rel/core/EquiJoin.java,0,0,0.15529123898997155
1.7.0,core/src/main/java/org/apache/calcite/rel/core/RelFactories.java,0,1,0.6203267638953166
1.7.0,core/src/main/java/org/apache/calcite/rel/externalize/RelJson.java,0,1,0.6697869026053339
1.7.0,core/src/main/java/org/apache/calcite/rel/logical/LogicalCorrelate.java,0,0,0.3904074960853474
1.7.0,core/src/main/java/org/apache/calcite/rel/logical/LogicalJoin.java,0,0,0.3996373070075237
1.7.0,core/src/main/java/org/apache/calcite/rel/rules/EquiJoin.java,0,0,0.2229572099953215
1.7.0,core/src/main/java/org/apache/calcite/rel/rules/JoinToCorrelateRule.java,0,0,0.2718114745713531
1.7.0,core/src/main/java/org/apache/calcite/rel/stream/StreamRules.java,0,1,0.5260774419137029
1.7.0,core/src/main/java/org/apache/calcite/materialize/TileSuggester.java,0,1,0.5720881716691677
1.7.0,core/src/main/java/org/apache/calcite/rel/RelNodes.java,0,0,0.4968824460454877
1.7.0,core/src/main/java/org/apache/calcite/adapter/jdbc/JdbcConvention.java,0,0,0.4065230163148606
1.7.0,core/src/main/java/org/apache/calcite/sql/SqlWriter.java,0,0,0.006808257775658763
1.7.0,core/src/main/java/org/apache/calcite/sql/SqlSetOption.java,1,0,0.42259373628511016
1.7.0,core/src/main/java/org/apache/calcite/rel/rules/LoptJoinTree.java,0,0,0.11549767250239974
1.7.0,core/src/main/java/org/apache/calcite/schema/SchemaPlus.java,0,0,0.3223695337743898
1.7.0,core/src/main/java/org/apache/calcite/sql/SqlNode.java,0,1,0.6401445715571592
1.7.0,core/src/main/java/org/apache/calcite/sql/type/BasicSqlType.java,0,1,0.6034274762615596
1.7.0,core/src/main/java/org/apache/calcite/jdbc/CalcitePreparedStatement.java,0,0,0.1538845348677752
1.7.0,core/src/main/java/org/apache/calcite/jdbc/MetadataSchema.java,0,0,0.17278506681144876
1.7.0,core/src/main/java/org/apache/calcite/runtime/ArrayEnumeratorCursor.java,0,0,0.19179336483825357
1.7.0,core/src/main/java/org/apache/calcite/runtime/EnumeratorCursor.java,0,0,0.19179336483825357
1.7.0,core/src/main/java/org/apache/calcite/runtime/ObjectEnumeratorCursor.java,0,0,0.13745913546327887
1.7.0,core/src/main/java/org/apache/calcite/runtime/RecordEnumeratorCursor.java,0,0,0.19179336483825357
1.7.0,core/src/main/java/org/apache/calcite/server/CalciteServer.java,0,0,0.19179336483825357
1.7.0,core/src/main/java/org/apache/calcite/sql/SqlDateLiteral.java,0,0,0.319583344709437
1.7.0,core/src/main/java/org/apache/calcite/util/ZonelessDate.java,0,0,0.33189382212745894
1.7.0,core/src/main/java/org/apache/calcite/util/ZonelessDatetime.java,0,0,0.40168477668103314
1.7.0,core/src/main/java/org/apache/calcite/util/ZonelessTime.java,0,0,0.23551872294182077
1.7.0,core/src/main/java/org/apache/calcite/util/ZonelessTimestamp.java,0,0,0.2687792639149512
1.7.0,core/src/main/java/org/apache/calcite/adapter/clone/ListTable.java,0,0,0.19179336483825357
1.7.0,core/src/main/java/org/apache/calcite/sql/type/IntervalSqlType.java,0,1,0.6502492467579122
1.7.0,splunk/src/main/java/org/apache/calcite/adapter/splunk/SplunkQuery.java,0,0,0.19179336483825357
1.7.0,linq4j/src/main/java/org/apache/calcite/linq4j/AbstractEnumerable2.java,0,0,0.1538845348677752
1.7.0,core/src/main/java/org/apache/calcite/rel/type/RelDataTypeSystem.java,0,0,0.18832033530076348
1.7.0,core/src/main/java/org/apache/calcite/rel/type/RelDataTypeSystemImpl.java,1,1,0.6630680986200564
1.7.0,core/src/main/java/org/apache/calcite/jdbc/CalcitePrepare.java,0,1,0.6841043611369819
1.7.0,core/src/main/java/org/apache/calcite/model/ModelHandler.java,0,1,0.9660869912220788
1.7.0,core/src/main/java/org/apache/calcite/rel/RelShuttleImpl.java,0,1,0.6357245610083602
1.7.0,core/src/main/java/org/apache/calcite/util/PartiallyOrderedSet.java,0,1,0.8366515167187389
1.7.0,core/src/main/java/org/apache/calcite/util/Stacks.java,0,0,0.24261595105853503
1.7.0,core/src/main/java/org/apache/calcite/util/StackWriter.java,0,0,0.2458761756663813
1.7.0,core/src/main/java/org/apache/calcite/util/XmlOutput.java,0,1,0.5386563636133718
1.7.0,core/src/main/java/org/apache/calcite/sql/validate/AggChecker.java,0,1,0.6960270111204914
1.7.0,core/src/main/java/org/apache/calcite/sql/validate/AggregatingSelectScope.java,0,1,0.8269236201446954
1.7.0,core/src/main/java/org/apache/calcite/sql/validate/OverScope.java,0,0,0.23730978907422495
1.7.0,core/src/main/java/org/apache/calcite/sql/validate/SelectScope.java,0,1,0.5555739000461825
1.7.0,core/src/main/java/org/apache/calcite/sql/validate/SqlValidatorUtil.java,1,1,0.9450296940125399
1.7.0,core/src/main/java/org/apache/calcite/rex/RexCallBinding.java,1,1,0.650823581781846
1.7.0,core/src/main/java/org/apache/calcite/plan/RelOptUtil.java,1,1,0.9987575801714859
1.7.0,core/src/main/java/org/apache/calcite/rex/RexChecker.java,0,1,0.7319630998704889
1.7.0,core/src/main/java/org/apache/calcite/rex/RexLiteral.java,0,1,0.5949677711188172
1.7.0,core/src/main/java/org/apache/calcite/rex/RexProgram.java,0,1,0.7823221266789157
1.7.0,core/src/main/java/org/apache/calcite/sql/SqlBinaryOperator.java,0,1,0.8181320255016501
1.7.0,core/src/main/java/org/apache/calcite/sql/SqlCall.java,1,1,0.6971081684111873
1.7.0,core/src/main/java/org/apache/calcite/sql/SqlDataTypeSpec.java,0,1,0.841310176881784
1.7.0,core/src/main/java/org/apache/calcite/sql/SqlDynamicParam.java,0,0,0.3835879893111124
1.7.0,core/src/main/java/org/apache/calcite/sql/SqlIdentifier.java,0,1,0.700069338016291
1.7.0,core/src/main/java/org/apache/calcite/sql/SqlIntervalQualifier.java,1,1,0.8754068846227878
1.7.0,core/src/main/java/org/apache/calcite/sql/SqlNodeList.java,0,1,0.8047105141699522
1.7.0,core/src/main/java/org/apache/calcite/sql/SqlPostfixOperator.java,0,1,0.7179049937866587
1.7.0,core/src/main/java/org/apache/calcite/sql/SqlPrefixOperator.java,0,0,0.44163449386921055
1.7.0,core/src/main/java/org/apache/calcite/sql2rel/RelDecorrelator.java,1,1,0.9993261750029336
1.7.0,core/src/main/java/org/apache/calcite/util/Litmus.java,0,0,0.4501773517436489
1.7.0,core/src/main/java/org/apache/calcite/rel/core/Aggregate.java,0,1,0.8655800924517609
1.7.0,core/src/main/java/org/apache/calcite/rel/core/Join.java,1,1,0.5546690134673729
1.7.0,core/src/main/java/org/apache/calcite/rel/core/Project.java,1,1,0.6987270078305369
1.7.0,core/src/main/java/org/apache/calcite/sql/fun/SqlInOperator.java,0,1,0.6081647747147554
1.7.0,core/src/main/java/org/apache/calcite/rel/BiRel.java,0,0,0.408105909755206
1.7.0,linq4j/src/main/java/org/apache/calcite/linq4j/CorrelateJoinType.java,0,0,0.1538845348677752
1.7.0,core/src/main/java/org/apache/calcite/util/TryThreadLocal.java,0,0,0.22402497525828913
1.7.0,core/src/main/java/org/apache/calcite/adapter/enumerable/AggImplementor.java,0,0,0.19179336483825357
1.7.0,core/src/main/java/org/apache/calcite/adapter/enumerable/EnumerableCorrelate.java,0,1,0.5256267014249432
1.7.0,core/src/main/java/org/apache/calcite/adapter/enumerable/impl/WinAggAddContextImpl.java,0,0,0.1538845348677752
1.7.0,linq4j/src/main/java/org/apache/calcite/linq4j/QueryableDefaults.java,0,0,0.3102512457754585
1.7.0,core/src/main/java/org/apache/calcite/sql/parser/SqlParser.java,0,1,0.5960366415035792
1.7.0,ubenchmark/src/main/java/org/apache/calcite/benchmarks/FlightRecorderProfiler.java,0,0,0.19975805299179517
1.7.0,ubenchmark/src/main/java/org/apache/calcite/benchmarks/ParserBenchmark.java,0,0,0.46957445660531916
1.7.0,ubenchmark/src/main/java/org/apache/calcite/benchmarks/PreconditionTest.java,0,0,0.18496797277251217
1.7.0,ubenchmark/src/main/java/org/apache/calcite/benchmarks/StatementTest.java,0,0,0.1886041305471451
1.7.0,core/src/main/java/org/apache/calcite/sql/type/SqlTypeFactoryImpl.java,0,1,0.8135279775512112
1.7.0,core/src/main/java/org/apache/calcite/rel/rules/FilterAggregateTransposeRule.java,0,1,0.58570843173732
1.7.0,core/src/main/java/org/apache/calcite/jdbc/CalciteStatement.java,1,0,0.4173775797190937
1.7.0,core/src/main/java/org/apache/calcite/tools/RelRunner.java,0,0,0.19179336483825357
1.7.0,core/src/main/java/org/apache/calcite/tools/RelRunners.java,0,0,0.06907469525882884
1.7.0,core/src/main/java/org/apache/calcite/jdbc/CalciteMetaImpl.java,0,1,0.7120174122230062
1.7.0,core/src/main/java/org/apache/calcite/runtime/Enumerables.java,0,0,0.43859139296248306
1.7.0,core/src/main/java/org/apache/calcite/runtime/CalciteResource.java,0,0,0.40576087210705947
1.7.0,linq4j/src/main/java/org/apache/calcite/linq4j/tree/DeterministicCodeOptimizer.java,0,1,0.6058637881305123
1.7.0,core/src/main/java/org/apache/calcite/Demo.java,0,0,0.12346227714852906
1.7.0,core/src/main/java/org/apache/calcite/schema/Function.java,0,0,0.19179336483825357
1.7.0,core/src/main/java/org/apache/calcite/schema/SemiMutableSchema.java,0,0,0.19179336483825357
1.7.0,core/src/main/java/org/apache/calcite/schema/TableMacro.java,0,0,0.19179336483825357
1.7.0,core/src/main/java/org/apache/calcite/util/CancelFlag.java,0,0,0.12465154958681979
1.7.0,core/src/main/java/org/apache/calcite/util/ClosableAllocation.java,0,0,0.19179336483825357
1.7.0,core/src/main/java/org/apache/calcite/util/ClosableAllocationOwner.java,0,0,0.19179336483825357
1.7.0,core/src/main/java/org/apache/calcite/util/ControlFlowException.java,0,0,0.1538845348677752
1.7.0,core/src/main/java/org/apache/calcite/util/Glossary.java,0,0,0.18753747655092726
1.7.0,core/src/main/java/org/apache/calcite/util/Holder.java,0,0,0.10566016946863409
1.7.0,core/src/main/java/org/apache/calcite/util/ReflectiveVisitor.java,0,0,0.19179336483825357
1.7.0,core/src/main/java/org/apache/calcite/interpreter/Node.java,0,0,0.13356443315543676
1.7.0,core/src/main/java/org/apache/calcite/jdbc/SqlTimeoutException.java,0,0,0.19179336483825357
1.7.0,core/src/main/java/org/apache/calcite/runtime/ArrayComparator.java,0,0,0.13039218199705865
1.7.0,core/src/main/java/org/apache/calcite/runtime/Hook.java,0,0,0.42697281044252466
1.7.0,core/src/main/java/org/apache/calcite/runtime/Like.java,1,0,0.3307928171274426
1.7.0,core/src/main/java/org/apache/calcite/runtime/Typed.java,0,0,0.19179336483825357
1.7.0,core/src/main/java/org/apache/calcite/runtime/Unit.java,0,0,0.09292771854296543
1.7.0,core/src/main/java/org/apache/calcite/tools/RelConversionException.java,0,0,0.19179336483825357
1.7.0,core/src/main/java/org/apache/calcite/tools/ValidationException.java,0,0,0.1834170138582157
1.7.0,core/src/main/java/org/apache/calcite/plan/CommonRelSubExprRule.java,0,0,0.19179336483825357
1.7.0,core/src/main/java/org/apache/calcite/plan/RelOptConnection.java,0,0,0.19179336483825357
1.7.0,core/src/main/java/org/apache/calcite/plan/RelOptCost.java,0,0,0.12156811732608747
1.7.0,core/src/main/java/org/apache/calcite/plan/RelOptCostFactory.java,0,0,0.19179336483825357
1.7.0,core/src/main/java/org/apache/calcite/plan/RelOptRuleOperandChildPolicy.java,0,0,0.1538845348677752
1.7.0,core/src/main/java/org/apache/calcite/plan/RelOptRuleOperandChildren.java,0,0,0.20526661708154575
1.7.0,core/src/main/java/org/apache/calcite/plan/RelOptSamplingParameters.java,0,0,0.10566016946863409
1.7.0,core/src/main/java/org/apache/calcite/plan/RelOptSchemaWithSampling.java,0,0,0.18753747655092726
1.7.0,core/src/main/java/org/apache/calcite/rel/InvalidRelException.java,0,0,0.2503778211717149
1.7.0,core/src/main/java/org/apache/calcite/rel/RelVisitor.java,0,0,0.10095170130862854
1.7.0,core/src/main/java/org/apache/calcite/rex/RexAction.java,0,0,0.18753747655092726
1.7.0,core/src/main/java/org/apache/calcite/rex/RexPattern.java,0,0,0.19179336483825357
1.7.0,core/src/main/java/org/apache/calcite/rex/RexSqlConvertletTable.java,0,0,0.19179336483825357
1.7.0,core/src/main/java/org/apache/calcite/sql/SqlAccessEnum.java,0,0,0.1538845348677752
1.7.0,core/src/main/java/org/apache/calcite/sql/SqlNullSemantics.java,0,0,0.19179336483825357
1.7.0,core/src/main/java/org/apache/calcite/sql/SqlOperandCountRange.java,0,0,0.19179336483825357
1.7.0,core/src/main/java/org/apache/calcite/sql/SqlValuesOperator.java,0,1,0.5132585560926742
1.7.0,core/src/main/java/org/apache/calcite/util/graph/BreadthFirstIterator.java,0,0,0.4175808071870737
1.7.0,core/src/main/java/org/apache/calcite/util/graph/DirectedGraph.java,0,0,0.21020560661769813
1.7.0,core/src/main/java/org/apache/calcite/util/mapping/AbstractSourceMapping.java,0,0,0.1708330689066994
1.7.0,core/src/main/java/org/apache/calcite/util/mapping/AbstractTargetMapping.java,0,0,0.14995144341903538
1.7.0,core/src/main/java/org/apache/calcite/util/mapping/MappingType.java,0,0,0.410158889491598
1.7.0,core/src/main/java/org/apache/calcite/util/javac/JavaCompiler.java,0,0,0.19179336483825357
1.7.0,core/src/main/java/org/apache/calcite/adapter/enumerable/WinAggContext.java,0,0,0.19179336483825357
1.7.0,core/src/main/java/org/apache/calcite/adapter/enumerable/WinAggImplementor.java,0,0,0.1538845348677752
1.7.0,core/src/main/java/org/apache/calcite/plan/hep/HepMatchOrder.java,0,0,0.1538845348677752
1.7.0,core/src/main/java/org/apache/calcite/plan/volcano/VolcanoPlannerPhase.java,0,0,0.1538845348677752
1.7.0,core/src/main/java/org/apache/calcite/rel/core/JoinRelType.java,0,0,0.4552198903965142
1.7.0,core/src/main/java/org/apache/calcite/rel/metadata/RelColumnMapping.java,0,0,0.18753747655092726
1.7.0,core/src/main/java/org/apache/calcite/rel/type/RelDataTypeFamily.java,0,0,0.19179336483825357
1.7.0,core/src/main/java/org/apache/calcite/rel/type/RelDataTypeField.java,0,0,0.19179336483825357
1.7.0,core/src/main/java/org/apache/calcite/rel/type/RelDataTypePrecedenceList.java,0,0,0.19179336483825357
1.7.0,core/src/main/java/org/apache/calcite/sql/pretty/SqlFormatOptions.java,0,0,0.13356443315543676
1.7.0,core/src/main/java/org/apache/calcite/sql/type/ExtraSqlTypes.java,0,0,0.18753747655092726
1.7.0,core/src/main/java/org/apache/calcite/sql/validate/SqlConformance.java,0,0,0.41829825356364914
1.7.0,core/src/main/java/org/apache/calcite/sql/validate/SqlMonotonicity.java,0,0,0.35492730357138313
1.7.0,splunk/src/main/java/org/apache/calcite/adapter/splunk/search/SearchResultListener.java,0,0,0.18753747655092726
1.7.0,linq4j/src/main/java/org/apache/calcite/linq4j/AbstractEnumerable.java,0,0,0.1538845348677752
1.7.0,linq4j/src/main/java/org/apache/calcite/linq4j/AbstractQueryable.java,0,0,0.15031339341789557
1.7.0,linq4j/src/main/java/org/apache/calcite/linq4j/Enumerable.java,0,0,0.19179336483825357
1.7.0,linq4j/src/main/java/org/apache/calcite/linq4j/Grouping.java,0,0,0.19179336483825357
1.7.0,linq4j/src/main/java/org/apache/calcite/linq4j/OpType.java,0,0,0.19179336483825357
1.7.0,linq4j/src/main/java/org/apache/calcite/linq4j/OrderedEnumerable.java,0,0,0.19179336483825357
1.7.0,linq4j/src/main/java/org/apache/calcite/linq4j/OrderedQueryable.java,0,0,0.19179336483825357
1.7.0,linq4j/src/main/java/org/apache/calcite/linq4j/Queryable.java,0,0,0.19179336483825357
1.7.0,linq4j/src/main/java/org/apache/calcite/linq4j/RawEnumerable.java,0,0,0.19179336483825357
1.7.0,linq4j/src/main/java/org/apache/calcite/linq4j/function/BigDecimalFunction1.java,0,0,0.13356443315543676
1.7.0,linq4j/src/main/java/org/apache/calcite/linq4j/function/Deterministic.java,0,0,0.19179336483825357
1.7.0,linq4j/src/main/java/org/apache/calcite/linq4j/function/DoubleFunction1.java,0,0,0.13356443315543676
1.7.0,linq4j/src/main/java/org/apache/calcite/linq4j/function/EqualityComparer.java,0,0,0.19179336483825357
1.7.0,linq4j/src/main/java/org/apache/calcite/linq4j/function/FloatFunction1.java,0,0,0.13356443315543676
1.7.0,linq4j/src/main/java/org/apache/calcite/linq4j/function/Function.java,0,0,0.19179336483825357
1.7.0,linq4j/src/main/java/org/apache/calcite/linq4j/function/Function0.java,0,0,0.19179336483825357
1.7.0,linq4j/src/main/java/org/apache/calcite/linq4j/function/Function1.java,0,0,0.10566016946863409
1.7.0,linq4j/src/main/java/org/apache/calcite/linq4j/function/Function2.java,0,0,0.13356443315543676
1.7.0,linq4j/src/main/java/org/apache/calcite/linq4j/function/IntegerFunction1.java,0,0,0.13356443315543676
1.7.0,linq4j/src/main/java/org/apache/calcite/linq4j/function/LongFunction1.java,0,0,0.13356443315543676
1.7.0,linq4j/src/main/java/org/apache/calcite/linq4j/function/NonDeterministic.java,0,0,0.19179336483825357
1.7.0,linq4j/src/main/java/org/apache/calcite/linq4j/function/NullableBigDecimalFunction1.java,0,0,0.13356443315543676
1.7.0,linq4j/src/main/java/org/apache/calcite/linq4j/function/NullableDoubleFunction1.java,0,0,0.13356443315543676
1.7.0,linq4j/src/main/java/org/apache/calcite/linq4j/function/NullableFloatFunction1.java,0,0,0.13356443315543676
1.7.0,linq4j/src/main/java/org/apache/calcite/linq4j/function/NullableIntegerFunction1.java,0,0,0.13356443315543676
1.7.0,linq4j/src/main/java/org/apache/calcite/linq4j/function/NullableLongFunction1.java,0,0,0.13356443315543676
1.7.0,linq4j/src/main/java/org/apache/calcite/linq4j/function/Predicate1.java,0,0,0.10566016946863409
1.7.0,linq4j/src/main/java/org/apache/calcite/linq4j/function/Predicate2.java,0,0,0.10784886791151124
1.7.0,linq4j/src/main/java/org/apache/calcite/linq4j/tree/CallSiteBinder.java,0,0,0.19179336483825357
1.7.0,linq4j/src/main/java/org/apache/calcite/linq4j/tree/ElementInit.java,0,0,0.19179336483825357
1.7.0,linq4j/src/main/java/org/apache/calcite/linq4j/tree/Evaluator.java,0,0,0.43804125149083256
1.7.0,linq4j/src/main/java/org/apache/calcite/linq4j/tree/ExpressionType.java,0,1,0.5132585560926742
1.7.0,linq4j/src/main/java/org/apache/calcite/linq4j/tree/GotoExpressionKind.java,0,0,0.1538845348677752
1.7.0,core/src/main/java/org/apache/calcite/sql/util/ChainedSqlOperatorTable.java,0,0,0.2594536038590693
1.7.0,linq4j/src/main/java/org/apache/calcite/linq4j/tree/MemberAssignment.java,0,0,0.19179336483825357
1.7.0,linq4j/src/main/java/org/apache/calcite/linq4j/tree/MemberBinding.java,0,0,0.19179336483825357
1.7.0,linq4j/src/main/java/org/apache/calcite/linq4j/tree/MemberDeclaration.java,0,0,0.1538845348677752
1.7.0,linq4j/src/main/java/org/apache/calcite/linq4j/tree/MemberListBinding.java,0,0,0.19179336483825357
1.7.0,linq4j/src/main/java/org/apache/calcite/linq4j/tree/MemberMemberBinding.java,0,0,0.19179336483825357
1.7.0,linq4j/src/main/java/org/apache/calcite/linq4j/tree/Node.java,0,0,0.13356443315543676
1.7.0,linq4j/src/main/java/org/apache/calcite/linq4j/tree/PseudoField.java,0,0,0.19179336483825357
1.7.0,linq4j/src/main/java/org/apache/calcite/linq4j/tree/SwitchCase.java,0,0,0.19179336483825357
1.7.0,core/src/main/java/org/apache/calcite/rel/logical/LogicalAggregate.java,0,0,0.38685880873537243
1.7.0,core/src/main/java/org/apache/calcite/config/Lex.java,0,0,0.1538845348677752
1.7.0,core/src/main/java/org/apache/calcite/rel/rules/SortProjectTransposeRule.java,1,1,0.7253328668324988
1.7.0,core/src/main/java/org/apache/calcite/sql2rel/SqlNodeToRexConverterImpl.java,0,1,0.7128756156117697
1.7.0,core/src/main/java/org/apache/calcite/plan/RelOptPredicateList.java,0,1,0.6438194201678006
1.7.0,core/src/main/java/org/apache/calcite/util/ImmutableNullableList.java,0,1,0.5391967176534161
1.7.0,core/src/main/java/org/apache/calcite/plan/RelOptCluster.java,0,0,0.39375289017522774
1.7.0,core/src/main/java/org/apache/calcite/plan/RelOptMaterialization.java,0,0,0.4328364928189249
1.7.0,core/src/main/java/org/apache/calcite/sql2rel/SqlToRelConverter.java,1,1,0.9992502091227728
1.7.0,core/src/main/java/org/apache/calcite/tools/Programs.java,0,1,0.7328936817214842
1.7.0,core/src/main/java/org/apache/calcite/plan/volcano/VolcanoPlanner.java,1,1,0.9997531596328916
1.7.0,core/src/main/java/org/apache/calcite/rel/metadata/BuiltInMetadata.java,0,0,0.3861368542818029
1.7.0,core/src/main/java/org/apache/calcite/rel/metadata/DefaultRelMetadataProvider.java,0,0,0.251323902208771
1.7.0,core/src/main/java/org/apache/calcite/rel/metadata/MetadataDef.java,0,1,0.5992395777397859
1.7.0,core/src/main/java/org/apache/calcite/rel/metadata/MetadataHandler.java,0,0,0.19162465206298587
1.7.0,core/src/main/java/org/apache/calcite/rel/metadata/NullSentinel.java,0,1,0.5462996049976026
1.7.0,core/src/main/java/org/apache/calcite/rel/metadata/RelMdCollation.java,1,1,0.6906452366060425
1.7.0,core/src/main/java/org/apache/calcite/rel/metadata/RelMdColumnOrigins.java,0,1,0.6514836676687499
1.7.0,core/src/main/java/org/apache/calcite/rel/metadata/RelMdColumnUniqueness.java,1,1,0.7731900157767252
1.7.0,core/src/main/java/org/apache/calcite/rel/metadata/RelMdDistinctRowCount.java,0,1,0.6024916593635282
1.7.0,core/src/main/java/org/apache/calcite/rel/metadata/RelMdDistribution.java,0,0,0.3227149728781828
1.7.0,core/src/main/java/org/apache/calcite/rel/metadata/RelMdExplainVisibility.java,0,0,0.270704234633629
1.7.0,core/src/main/java/org/apache/calcite/rel/metadata/RelMdMaxRowCount.java,0,1,0.6505642447635392
1.7.0,core/src/main/java/org/apache/calcite/rel/metadata/RelMdMemory.java,0,0,0.40508614147926414
1.7.0,core/src/main/java/org/apache/calcite/rel/metadata/RelMdParallelism.java,0,0,0.2510849443496809
1.7.0,core/src/main/java/org/apache/calcite/rel/metadata/RelMdPercentageOriginalRows.java,0,1,0.6529413317868947
1.7.0,core/src/main/java/org/apache/calcite/rel/metadata/RelMdPopulationSize.java,0,0,0.4182293889508073
1.7.0,core/src/main/java/org/apache/calcite/rel/metadata/RelMdPredicates.java,1,1,0.9824388436425391
1.7.0,core/src/main/java/org/apache/calcite/rel/metadata/RelMdRowCount.java,0,1,0.7675490899872424
1.7.0,core/src/main/java/org/apache/calcite/rel/metadata/RelMdSelectivity.java,0,1,0.6357497460366718
1.7.0,core/src/main/java/org/apache/calcite/rel/metadata/RelMdSize.java,0,1,0.6956031170782223
1.7.0,core/src/main/java/org/apache/calcite/rel/metadata/RelMdUniqueKeys.java,0,1,0.5851373823095044
1.7.0,core/src/main/java/org/apache/calcite/rel/rules/PruneEmptyRules.java,0,1,0.6679884818859952
1.7.0,core/src/main/java/org/apache/calcite/adapter/jdbc/JdbcTable.java,0,1,0.7586398625111382
1.7.0,core/src/main/java/org/apache/calcite/adapter/enumerable/EnumerableTableFunctionScan.java,0,1,0.6063292339653007
1.7.0,core/src/main/java/org/apache/calcite/schema/impl/TableFunctionImpl.java,0,1,0.6288096168571221
1.7.0,spark/src/main/java/org/apache/calcite/adapter/spark/HttpServer.java,0,0,0.15722781293845944
1.7.0,core/src/main/java/org/apache/calcite/util/BitSets.java,0,1,0.5679520518222271
1.7.0,core/src/main/java/org/apache/calcite/sql/SqlInfixOperator.java,0,0,0.2625087602174692
1.7.0,core/src/main/java/org/apache/calcite/sql/SqlInternalOperator.java,0,0,0.13899482654748563
1.7.0,core/src/main/java/org/apache/calcite/sql/SqlSpecialOperator.java,0,0,0.17153849298005203
1.7.0,core/src/main/java/org/apache/calcite/sql/SqlUpdate.java,1,0,0.3764125471527225
1.7.0,core/src/main/java/org/apache/calcite/sql/SqlWith.java,0,0,0.43723491933402897
1.7.0,core/src/main/java/org/apache/calcite/sql/SqlWithItem.java,0,0,0.24744929086909367
1.7.0,core/src/main/java/org/apache/calcite/sql/fun/SqlExtendOperator.java,0,1,0.5554286272636773
1.7.0,core/src/main/java/org/apache/calcite/sql/fun/SqlRollupOperator.java,0,1,0.5408491488862022
1.7.0,core/src/main/java/org/apache/calcite/sql/SqlSplittableAggFunction.java,1,1,0.6399740043726884
1.7.0,core/src/main/java/org/apache/calcite/rex/RexCopier.java,0,0,0.21198395620176938
1.7.0,core/src/main/java/org/apache/calcite/schema/ModifiableTable.java,0,0,0.19179336483825357
1.7.0,core/src/main/java/org/apache/calcite/schema/ModifiableView.java,0,0,0.19179336483825357
1.7.0,linq4j/src/main/java/org/apache/calcite/linq4j/tree/Expressions.java,0,1,0.6113224010611736
1.7.0,core/src/main/java/org/apache/calcite/rel/core/SetOp.java,0,0,0.3411386228272683
1.7.0,core/src/main/java/org/apache/calcite/sql/SqlTimeLiteral.java,0,1,0.5663423364869846
1.7.0,core/src/main/java/org/apache/calcite/sql/SqlTimestampLiteral.java,0,1,0.5372177183687746
1.7.0,core/src/main/java/org/apache/calcite/sql/type/ComparableOperandTypeChecker.java,0,1,0.5031171896729524
1.7.0,core/src/main/java/org/apache/calcite/jdbc/Driver.java,0,0,0.4895403837757136
1.7.0,linq4j/src/main/java/org/apache/calcite/linq4j/Enumerator.java,0,0,0.25092247415396296
1.7.0,linq4j/src/main/java/org/apache/calcite/linq4j/Linq4j.java,0,0,0.12311667570470013
1.7.0,core/src/main/java/org/apache/calcite/rel/rules/ProjectWindowTransposeRule.java,0,1,0.5227104592968186
1.7.0,core/src/main/java/org/apache/calcite/interpreter/Sink.java,0,0,0.13356443315543676
1.7.0,core/src/main/java/org/apache/calcite/sql/validate/SelectNamespace.java,0,0,0.1538845348677752
1.7.0,linq4j/src/main/java/org/apache/calcite/linq4j/DelegatingEnumerator.java,0,0,0.19179336483825357
1.7.0,core/src/main/java/org/apache/calcite/adapter/enumerable/EnumerableSemiJoinRule.java,0,0,0.4807808434419874
1.7.0,core/src/main/java/org/apache/calcite/rel/rules/JoinAddRedundantSemiJoinRule.java,0,0,0.49715248934406575
1.7.0,core/src/main/java/org/apache/calcite/rel/rules/SemiJoinFilterTransposeRule.java,0,0,0.15031339341789557
1.7.0,core/src/main/java/org/apache/calcite/rel/rules/SemiJoinJoinTransposeRule.java,0,1,0.5278427546921853
1.7.0,core/src/main/java/org/apache/calcite/interpreter/Source.java,0,0,0.19179336483825357
1.7.0,core/src/main/java/org/apache/calcite/rex/RexMultisetUtil.java,0,0,0.28383607936825284
1.7.0,core/src/main/java/org/apache/calcite/sql/JoinConditionType.java,0,0,0.2251781477122959
1.7.0,core/src/main/java/org/apache/calcite/sql/JoinType.java,0,0,0.2251781477122959
1.7.0,core/src/main/java/org/apache/calcite/sql/SemiJoinType.java,0,1,0.5603671996433752
1.7.0,core/src/main/java/org/apache/calcite/sql/SqlExplain.java,0,1,0.5602719441756779
1.7.0,core/src/main/java/org/apache/calcite/sql/SqlExplainLevel.java,0,0,0.2251781477122959
1.7.0,core/src/main/java/org/apache/calcite/sql/SqlInsert.java,0,1,0.5438468155201983
1.7.0,core/src/main/java/org/apache/calcite/sql/SqlInsertKeyword.java,0,0,0.2251781477122959
1.7.0,core/src/main/java/org/apache/calcite/sql/SqlJoin.java,0,1,0.6489739239878983
1.7.0,core/src/main/java/org/apache/calcite/sql/SqlLiteral.java,1,1,0.6771680613437118
1.7.0,core/src/main/java/org/apache/calcite/sql/SqlSelect.java,1,1,0.5157295997924323
1.7.0,core/src/main/java/org/apache/calcite/sql/SqlSelectKeyword.java,0,0,0.2251781477122959
1.7.0,core/src/main/java/org/apache/calcite/rel/externalize/RelXmlWriter.java,0,0,0.3719326380811978
1.7.0,core/src/main/java/org/apache/calcite/rex/RexCorrelVariable.java,0,0,0.23750224304197623
1.7.0,core/src/main/java/org/apache/calcite/sql/SqlWindow.java,0,1,0.9650487787168541
1.7.0,core/src/main/java/org/apache/calcite/sql2rel/CorrelationReferenceFinder.java,0,0,0.48614035079271145
1.7.0,core/src/main/java/org/apache/calcite/rel/rel2sql/SqlImplementor.java,1,1,0.9151284118005198
1.7.0,core/src/main/java/org/apache/calcite/sql/fun/SqlBetweenOperator.java,1,1,0.8579595250666784
1.7.0,core/src/main/java/org/apache/calcite/sql/fun/SqlTrimFunction.java,1,1,0.7440894055946783
1.7.0,core/src/main/java/org/apache/calcite/jdbc/CachingCalciteSchema.java,1,1,0.6496289044621018
1.7.0,core/src/main/java/org/apache/calcite/jdbc/CalciteConnectionImpl.java,0,1,0.7645569173677693
1.7.0,core/src/main/java/org/apache/calcite/jdbc/CalciteRootSchema.java,0,0,0.2846435692015092
1.7.0,core/src/main/java/org/apache/calcite/jdbc/CalciteSchema.java,1,1,0.860219623773913
1.7.0,core/src/main/java/org/apache/calcite/jdbc/SimpleCalciteSchema.java,0,0,0.32164942438443994
1.7.0,core/src/main/java/org/apache/calcite/schema/Schemas.java,0,1,0.6011183804214625
1.7.0,core/src/main/java/org/apache/calcite/sql/SqlUnresolvedFunction.java,0,0,0.1394600242862418
1.7.0,core/src/main/java/org/apache/calcite/plan/AbstractRelOptPlanner.java,0,1,0.70893333041205
1.7.0,core/src/main/java/org/apache/calcite/plan/RelOptPlanner.java,0,0,0.008567989860149939
1.7.0,core/src/main/java/org/apache/calcite/plan/RelOptRuleCall.java,0,1,0.5430204237764914
1.7.0,core/src/main/java/org/apache/calcite/plan/VisitorDataContext.java,0,0,0.36986464964171895
1.7.0,core/src/main/java/org/apache/calcite/prepare/Prepare.java,1,1,0.8647105289305438
1.7.0,core/src/main/java/org/apache/calcite/rel/AbstractRelNode.java,1,1,0.9484563827942818
1.7.0,core/src/main/java/org/apache/calcite/runtime/CalciteException.java,0,0,0.20545156169903941
1.7.0,core/src/main/java/org/apache/calcite/runtime/ResultSetEnumerable.java,0,0,0.270686918595451
1.7.0,core/src/main/java/org/apache/calcite/sql2rel/RelFieldTrimmer.java,0,1,0.9675628743788363
1.7.0,core/src/main/java/org/apache/calcite/util/Benchmark.java,0,1,0.5117849358548007
1.7.0,core/src/main/java/org/apache/calcite/adapter/enumerable/EnumerableRules.java,0,0,0.3286437023471223
1.7.0,core/src/main/java/org/apache/calcite/adapter/jdbc/JdbcRules.java,0,1,0.841509013159883
1.7.0,core/src/main/java/org/apache/calcite/plan/hep/HepPlanner.java,1,1,0.9177664912168898
1.7.0,core/src/main/java/org/apache/calcite/plan/volcano/RelSet.java,1,1,0.8288650004438333
1.7.0,core/src/main/java/org/apache/calcite/plan/volcano/RelSubset.java,0,1,0.9539138700034545
1.7.0,core/src/main/java/org/apache/calcite/plan/volcano/RuleQueue.java,0,1,0.7227787470915089
1.7.0,core/src/main/java/org/apache/calcite/plan/volcano/VolcanoRuleCall.java,0,1,0.7702639194467602
1.7.0,core/src/main/java/org/apache/calcite/rel/rules/CalcRelSplitter.java,1,1,0.8076978548123854
1.7.0,core/src/main/java/org/apache/calcite/rel/rules/ValuesReduceRule.java,1,1,0.6524533340135552
1.7.0,core/src/main/java/org/apache/calcite/sql/advise/SqlAdvisor.java,0,0,0.4103693929929186
1.7.0,core/src/main/java/org/apache/calcite/sql/parser/SqlParserUtil.java,0,1,0.8520742679173969
1.7.0,core/src/main/java/org/apache/calcite/sql/pretty/SqlPrettyWriter.java,0,0,0.3534671470398069
1.7.0,core/src/main/java/org/apache/calcite/sql/validate/SqlValidatorException.java,0,0,0.2685862224471712
1.7.0,core/src/main/java/org/apache/calcite/sql/validate/SqlValidatorImpl.java,1,1,0.9899351568598298
1.7.0,core/src/main/java/org/apache/calcite/util/trace/CalciteLogger.java,0,0,0.3477146296307121
1.7.0,core/src/main/java/org/apache/calcite/util/trace/CalciteTimingTracer.java,0,0,0.18018919199794606
1.7.0,core/src/main/java/org/apache/calcite/util/trace/CalciteTrace.java,0,0,0.27893667664271055
1.7.0,mongodb/src/main/java/org/apache/calcite/adapter/mongodb/MongoRules.java,0,1,0.5214819906628271
1.7.0,splunk/src/main/java/org/apache/calcite/adapter/splunk/SplunkPushDownRule.java,0,1,0.5283490840903833
1.7.0,splunk/src/main/java/org/apache/calcite/adapter/splunk/search/SplunkConnectionImpl.java,0,0,0.20039295860256176
1.7.0,splunk/src/main/java/org/apache/calcite/adapter/splunk/util/HttpUtils.java,0,0,0.4827054403743424
1.7.0,splunk/src/main/java/org/apache/calcite/adapter/splunk/util/StringUtils.java,0,0,0.08552094699171878
1.7.0,core/src/main/java/org/apache/calcite/model/JsonColumn.java,0,0,0.1538845348677752
1.7.0,core/src/main/java/org/apache/calcite/model/JsonCustomSchema.java,0,0,0.1538845348677752
1.7.0,core/src/main/java/org/apache/calcite/model/JsonCustomTable.java,0,0,0.1538845348677752
1.7.0,core/src/main/java/org/apache/calcite/model/JsonFunction.java,0,0,0.1538845348677752
1.7.0,core/src/main/java/org/apache/calcite/model/JsonJdbcSchema.java,0,0,0.1538845348677752
1.7.0,core/src/main/java/org/apache/calcite/prepare/RelOptTableImpl.java,0,0,0.472648253569423
1.7.0,core/src/main/java/org/apache/calcite/model/JsonLattice.java,0,0,0.49697912444862
1.7.0,core/src/main/java/org/apache/calcite/model/JsonMapSchema.java,0,1,0.5132585560926742
1.7.0,core/src/main/java/org/apache/calcite/model/JsonMeasure.java,0,0,0.1538845348677752
1.7.0,core/src/main/java/org/apache/calcite/model/JsonRoot.java,0,0,0.25974332487902446
1.7.0,core/src/main/java/org/apache/calcite/model/JsonSchema.java,0,1,0.5132585560926742
1.7.0,core/src/main/java/org/apache/calcite/model/JsonStream.java,0,0,0.10566016946863409
1.7.0,core/src/main/java/org/apache/calcite/model/JsonTable.java,0,0,0.1538845348677752
1.7.0,core/src/main/java/org/apache/calcite/model/JsonTile.java,0,0,0.1538845348677752
1.7.0,core/src/main/java/org/apache/calcite/model/JsonView.java,0,0,0.1538845348677752
1.7.0,core/src/main/java/org/apache/calcite/rel/rules/UnionEliminatorRule.java,0,0,0.18753747655092726
1.7.0,core/src/main/java/org/apache/calcite/sql/parser/SqlAbstractParserImpl.java,0,1,0.5109571088658651
1.7.0,core/src/main/java/org/apache/calcite/interpreter/AggregateNode.java,1,1,0.6573841097307471
1.7.0,core/src/main/java/org/apache/calcite/interpreter/JaninoRexCompiler.java,0,0,0.47136672368525473
1.7.0,core/src/main/java/org/apache/calcite/interpreter/JoinNode.java,0,0,0.2520623965954041
1.7.0,core/src/main/java/org/apache/calcite/interpreter/Nodes.java,0,0,0.17223783024095718
1.7.0,core/src/main/java/org/apache/calcite/interpreter/ProjectNode.java,0,1,0.5996010183799627
1.7.0,core/src/main/java/org/apache/calcite/interpreter/ValuesNode.java,0,1,0.5132585560926742
1.7.0,core/src/main/java/org/apache/calcite/sql/SqlFilterOperator.java,0,1,0.5429209319930891
1.7.0,core/src/main/java/org/apache/calcite/sql/SqlOverOperator.java,0,1,0.5503575772345097
1.7.0,core/src/main/java/org/apache/calcite/adapter/enumerable/AggAddContext.java,0,0,0.19179336483825357
1.7.0,core/src/main/java/org/apache/calcite/adapter/enumerable/EnumerableInterpreterRule.java,0,0,0.15031339341789557
1.7.0,core/src/main/java/org/apache/calcite/adapter/enumerable/EnumerableRel.java,1,0,0.27803308922904424
1.7.0,core/src/main/java/org/apache/calcite/adapter/enumerable/EnumerableTableScanRule.java,0,1,0.5132585560926742
1.7.0,core/src/main/java/org/apache/calcite/rel/logical/LogicalTableScan.java,0,0,0.4468964288648838
1.7.0,core/src/main/java/org/apache/calcite/rel/rules/FilterTableScanRule.java,0,0,0.43913878287949903
1.7.0,core/src/main/java/org/apache/calcite/rel/rules/ProjectTableScanRule.java,0,0,0.49071785189469247
1.7.0,core/src/main/java/org/apache/calcite/prepare/QueryableRelBuilder.java,0,1,0.7961993055269481
1.7.0,core/src/main/java/org/apache/calcite/rex/RexUtil.java,1,1,0.9909259380581313
1.7.0,core/src/main/java/org/apache/calcite/sql/SqlKind.java,1,1,0.9082285143101227
1.7.0,core/src/main/java/org/apache/calcite/tools/RelBuilder.java,1,1,0.963299043159117
1.7.0,linq4j/src/main/java/org/apache/calcite/linq4j/DefaultEnumerable.java,0,0,0.18958763743954793
1.7.0,linq4j/src/main/java/org/apache/calcite/linq4j/DefaultQueryable.java,0,0,0.2452410478759721
1.7.0,linq4j/src/main/java/org/apache/calcite/linq4j/EnumerableDefaults.java,0,1,0.9120768846953384
1.7.0,linq4j/src/main/java/org/apache/calcite/linq4j/EnumerableQueryable.java,0,0,0.23687428641982908
1.7.0,linq4j/src/main/java/org/apache/calcite/linq4j/ExtendedEnumerable.java,0,0,0.1601027587420138
1.7.0,linq4j/src/main/java/org/apache/calcite/linq4j/ExtendedQueryable.java,0,0,0.16039019930875123
1.7.0,linq4j/src/main/java/org/apache/calcite/linq4j/QueryableFactory.java,0,0,0.2283613446247493
1.7.0,linq4j/src/main/java/org/apache/calcite/linq4j/QueryableRecorder.java,0,0,0.16045043067988324
1.7.0,core/src/main/java/org/apache/calcite/rel/rules/ReduceExpressionsRule.java,1,1,0.9951003099158102
1.7.0,core/src/main/java/org/apache/calcite/tools/Planner.java,0,0,0.2365884656377326
1.7.0,core/src/main/java/org/apache/calcite/schema/Path.java,0,0,0.13356443315543676
1.7.0,core/src/main/java/org/apache/calcite/interpreter/TableScanNode.java,0,1,0.8213803556133406
1.7.0,core/src/main/java/org/apache/calcite/jdbc/JavaRecordType.java,0,1,0.814933828139298
1.7.0,core/src/main/java/org/apache/calcite/materialize/Lattice.java,1,1,0.6682228360977682
1.7.0,core/src/main/java/org/apache/calcite/materialize/MaterializationActor.java,0,1,0.6746553140726547
1.7.0,core/src/main/java/org/apache/calcite/materialize/TileKey.java,0,1,0.6862999667772722
1.7.0,core/src/main/java/org/apache/calcite/plan/RelOptCostImpl.java,0,0,0.12666912741078648
1.7.0,core/src/main/java/org/apache/calcite/plan/RelOptRuleOperand.java,0,1,0.5638591754004126
1.7.0,core/src/main/java/org/apache/calcite/plan/SubstitutionVisitor.java,1,1,0.9940202795987986
1.7.0,core/src/main/java/org/apache/calcite/rel/RelDistributions.java,0,0,0.3975264951004485
1.7.0,core/src/main/java/org/apache/calcite/rel/RelFieldCollation.java,0,1,0.8050633593753197
1.7.0,core/src/main/java/org/apache/calcite/rex/RexLocalRef.java,0,1,0.6533696337398892
1.7.0,core/src/main/java/org/apache/calcite/runtime/Utilities.java,0,0,0.4637428279499762
1.7.0,core/src/main/java/org/apache/calcite/sql/SqlIntervalLiteral.java,0,0,0.49402840647464413
1.7.0,core/src/main/java/org/apache/calcite/util/NlsString.java,0,1,0.647133064681065
1.7.0,core/src/main/java/org/apache/calcite/plan/volcano/VolcanoCost.java,0,1,0.5456897446170443
1.7.0,core/src/main/java/org/apache/calcite/rel/core/AggregateCall.java,0,1,0.6884433165497726
1.7.0,core/src/main/java/org/apache/calcite/rel/logical/LogicalWindow.java,0,1,0.7279989817063599
1.7.0,core/src/main/java/org/apache/calcite/sql/fun/SqlCastFunction.java,0,1,0.6697141212433231
1.7.0,core/src/main/java/org/apache/calcite/sql/parser/SqlParserPos.java,0,1,0.7000122994746709
1.7.0,core/src/main/java/org/apache/calcite/sql/util/SqlString.java,0,1,0.5347428417677847
1.7.0,core/src/main/java/org/apache/calcite/sql/validate/SqlMonikerImpl.java,0,0,0.479868923122795
1.7.0,core/src/main/java/org/apache/calcite/util/mapping/IntPair.java,0,0,0.23697245258486407
1.7.0,linq4j/src/main/java/org/apache/calcite/linq4j/tree/AbstractNode.java,0,1,0.6015213177462645
1.7.0,linq4j/src/main/java/org/apache/calcite/linq4j/tree/ArrayLengthRecordField.java,0,0,0.3441490645060218
1.7.0,linq4j/src/main/java/org/apache/calcite/linq4j/tree/BinaryExpression.java,0,0,0.12462376531226523
1.7.0,linq4j/src/main/java/org/apache/calcite/linq4j/tree/BlockStatement.java,0,0,0.4725492778575756
1.7.0,linq4j/src/main/java/org/apache/calcite/linq4j/tree/CatchBlock.java,0,0,0.29010246126409633
1.7.0,linq4j/src/main/java/org/apache/calcite/linq4j/tree/ClassDeclaration.java,0,0,0.3980296884046698
1.7.0,linq4j/src/main/java/org/apache/calcite/linq4j/tree/ConditionalExpression.java,0,0,0.1949280274252945
1.7.0,linq4j/src/main/java/org/apache/calcite/linq4j/tree/ConditionalStatement.java,0,1,0.5011384748178196
1.7.0,linq4j/src/main/java/org/apache/calcite/linq4j/tree/ConstantExpression.java,0,1,0.651834591287888
1.7.0,linq4j/src/main/java/org/apache/calcite/linq4j/tree/ConstructorDeclaration.java,0,0,0.14516998342446633
1.7.0,linq4j/src/main/java/org/apache/calcite/linq4j/tree/DeclarationStatement.java,0,1,0.5166378620108995
1.7.0,linq4j/src/main/java/org/apache/calcite/linq4j/tree/FieldDeclaration.java,0,0,0.3922903751584277
1.7.0,linq4j/src/main/java/org/apache/calcite/linq4j/tree/ForStatement.java,0,0,0.2861961572801372
1.7.0,linq4j/src/main/java/org/apache/calcite/linq4j/tree/FunctionExpression.java,0,1,0.5613520342717198
1.7.0,linq4j/src/main/java/org/apache/calcite/linq4j/tree/GotoStatement.java,0,1,0.5365588771055078
1.7.0,linq4j/src/main/java/org/apache/calcite/linq4j/tree/IndexExpression.java,0,1,0.5372823809647281
1.7.0,linq4j/src/main/java/org/apache/calcite/linq4j/tree/LabelStatement.java,0,0,0.13582445370328192
1.7.0,linq4j/src/main/java/org/apache/calcite/linq4j/tree/LabelTarget.java,0,0,0.19202110687799745
1.7.0,linq4j/src/main/java/org/apache/calcite/linq4j/tree/MemberExpression.java,0,1,0.663564178140757
1.7.0,linq4j/src/main/java/org/apache/calcite/linq4j/tree/MethodCallExpression.java,0,1,0.6503595025451429
1.7.0,linq4j/src/main/java/org/apache/calcite/linq4j/tree/MethodDeclaration.java,0,0,0.4933699068378789
1.7.0,linq4j/src/main/java/org/apache/calcite/linq4j/tree/NewArrayExpression.java,0,0,0.30653720958657066
1.7.0,linq4j/src/main/java/org/apache/calcite/linq4j/tree/NewExpression.java,0,0,0.2847260875787209
1.7.0,linq4j/src/main/java/org/apache/calcite/linq4j/tree/TernaryExpression.java,0,0,0.4526577629887648
1.7.0,linq4j/src/main/java/org/apache/calcite/linq4j/tree/ThrowStatement.java,0,0,0.2741204643477342
1.7.0,linq4j/src/main/java/org/apache/calcite/linq4j/tree/TryStatement.java,0,0,0.28602155057484624
1.7.0,linq4j/src/main/java/org/apache/calcite/linq4j/tree/TypeBinaryExpression.java,0,1,0.5301965496490286
1.7.0,linq4j/src/main/java/org/apache/calcite/linq4j/tree/UnaryExpression.java,0,1,0.6771097280558184
1.7.0,linq4j/src/main/java/org/apache/calcite/linq4j/tree/WhileStatement.java,0,0,0.2107321690484887
1.7.0,cassandra/src/main/java/org/apache/calcite/adapter/cassandra/CassandraEnumerator.java,1,0,0.15285958343176073
1.7.0,cassandra/src/main/java/org/apache/calcite/adapter/cassandra/CassandraFilter.java,1,0,0.14522203100641387
1.7.0,cassandra/src/main/java/org/apache/calcite/adapter/cassandra/CassandraMethod.java,1,0,0.21635164070166765
1.7.0,cassandra/src/main/java/org/apache/calcite/adapter/cassandra/CassandraProject.java,1,0,0.21895123674740885
1.7.0,cassandra/src/main/java/org/apache/calcite/adapter/cassandra/CassandraRel.java,1,0,0.20063831560400364
1.7.0,cassandra/src/main/java/org/apache/calcite/adapter/cassandra/CassandraRules.java,0,1,0.5926644372512285
1.7.0,cassandra/src/main/java/org/apache/calcite/adapter/cassandra/CassandraSort.java,0,0,0.21988509428589278
1.7.0,cassandra/src/main/java/org/apache/calcite/adapter/cassandra/CassandraTableScan.java,0,0,0.2846365798072801
1.7.0,cassandra/src/main/java/org/apache/calcite/adapter/cassandra/CassandraToEnumerableConverter.java,1,0,0.20967468076701662
1.7.0,cassandra/src/main/java/org/apache/calcite/adapter/cassandra/CassandraToEnumerableConverterRule.java,0,0,0.21096653995636167
1.7.0,core/src/main/java/org/apache/calcite/adapter/enumerable/EnumerableAggregate.java,0,1,0.8147347233639148
1.7.0,core/src/main/java/org/apache/calcite/adapter/enumerable/EnumerableRelImplementor.java,0,1,0.727994642040391
1.7.0,core/src/main/java/org/apache/calcite/rel/RelRoot.java,0,0,0.374388717891942
1.7.0,mongodb/src/main/java/org/apache/calcite/adapter/mongodb/MongoTable.java,0,0,0.2373305944365056
1.7.0,core/src/main/java/org/apache/calcite/jdbc/CalciteJdbc41Factory.java,0,0,0.24627193733197952
1.7.0,core/src/main/java/org/apache/calcite/jdbc/CalciteResultSet.java,0,1,0.7809918259109967
1.7.0,core/src/main/java/org/apache/calcite/adapter/jdbc/JdbcSchema.java,1,0,0.39085919724093166
1.7.0,core/src/main/java/org/apache/calcite/rel/type/RelDataTypeFactory.java,1,0,0.004812397221251071
1.7.0,core/src/main/java/org/apache/calcite/sql/validate/SqlQualified.java,0,1,0.536033688349472
1.7.0,core/src/main/java/org/apache/calcite/rel/type/RelDataType.java,0,0,0.19179336483825357
1.7.0,core/src/main/java/org/apache/calcite/rel/type/RelDataTypeImpl.java,0,1,0.630121086736424
1.7.0,splunk/src/main/java/org/apache/calcite/adapter/splunk/SplunkTableScan.java,0,0,0.24045413538339147
1.7.0,core/src/main/java/org/apache/calcite/schema/FunctionParameter.java,0,0,0.3115444049225239
1.7.0,core/src/main/java/org/apache/calcite/sql/SqlAsOperator.java,0,1,0.6249214061277609
1.7.0,core/src/main/java/org/apache/calcite/rex/RexProgramBuilder.java,1,1,0.8428034267033224
1.7.0,core/src/main/java/org/apache/calcite/util/Compatible.java,0,0,0.4491308329989465
1.7.0,core/src/main/java/org/apache/calcite/util/ImmutableIntList.java,0,0,0.35829891577977824
1.7.0,core/src/main/java/org/apache/calcite/util/ReflectUtil.java,0,1,0.8579275778764823
1.7.0,core/src/main/java/org/apache/calcite/sql/SqlMerge.java,0,1,0.5527419948651775
1.7.0,core/src/main/java/org/apache/calcite/adapter/jdbc/JdbcImplementor.java,1,1,0.5841587605717352
1.7.0,core/src/main/java/org/apache/calcite/plan/RelOptNode.java,0,0,0.19179336483825357
1.7.0,core/src/main/java/org/apache/calcite/schema/SchemaFactory.java,0,0,0.19179336483825357
1.7.0,core/src/main/java/org/apache/calcite/schema/impl/AggregateFunctionImpl.java,1,1,0.6293033411624888
1.7.0,core/src/main/java/org/apache/calcite/schema/impl/ReflectiveFunctionBase.java,1,1,0.6912082656812503
1.7.0,core/src/main/java/org/apache/calcite/sql/advise/SqlAdvisorGetHintsFunction.java,0,1,0.5742501981123964
1.7.0,core/src/main/java/org/apache/calcite/sql/fun/SqlArgumentAssignmentOperator.java,0,0,0.16461840001861802
1.7.0,core/src/main/java/org/apache/calcite/sql/fun/SqlDefaultOperator.java,0,0,0.1992119749780205
1.7.0,core/src/main/java/org/apache/calcite/sql/fun/SqlItemOperator.java,0,1,0.52093552082695
1.7.0,core/src/main/java/org/apache/calcite/sql/fun/SqlLikeOperator.java,0,1,0.5995977706958728
1.7.0,core/src/main/java/org/apache/calcite/sql/fun/SqlLiteralChainOperator.java,0,1,0.7117242235727292
1.7.0,core/src/main/java/org/apache/calcite/sql/fun/SqlMapValueConstructor.java,0,1,0.6829564612904754
1.7.0,core/src/main/java/org/apache/calcite/sql/fun/SqlMultisetMemberOfOperator.java,0,1,0.5710228595316214
1.7.0,core/src/main/java/org/apache/calcite/sql/fun/SqlMultisetValueConstructor.java,0,1,0.6040701271461872
1.7.0,core/src/main/java/org/apache/calcite/rel/rules/ProjectToWindowRule.java,0,1,0.7034513871270323
1.7.0,core/src/main/java/org/apache/calcite/sql/fun/SqlOverlapsOperator.java,0,0,0.4742473785815396
1.7.0,core/src/main/java/org/apache/calcite/sql/fun/SqlQuarterFunction.java,0,0,0.24626103965036678
1.7.0,core/src/main/java/org/apache/calcite/sql/fun/SqlSubstringFunction.java,0,1,0.5544008327296983
1.7.0,core/src/main/java/org/apache/calcite/util/ImmutableBitSet.java,0,1,0.7840249255068346
1.7.0,core/src/main/java/org/apache/calcite/sql/type/AssignableOperandTypeChecker.java,0,0,0.4319628311029375
1.7.0,core/src/main/java/org/apache/calcite/sql/type/CompositeOperandTypeChecker.java,1,1,0.5516547096920555
1.7.0,core/src/main/java/org/apache/calcite/sql/type/FamilyOperandTypeChecker.java,0,1,0.5638932351882505
1.7.0,core/src/main/java/org/apache/calcite/sql/type/InferTypes.java,0,1,0.5655153504504339
1.7.0,core/src/main/java/org/apache/calcite/sql/type/LiteralOperandTypeChecker.java,0,1,0.6088354638383507
1.7.0,core/src/main/java/org/apache/calcite/sql/type/MultisetOperandTypeChecker.java,0,0,0.4912313855533311
1.7.0,core/src/main/java/org/apache/calcite/sql/type/OperandTypes.java,0,0,0.3699102897193895
1.7.0,core/src/main/java/org/apache/calcite/sql/type/SameOperandTypeChecker.java,0,1,0.6197087846658473
1.7.0,core/src/main/java/org/apache/calcite/sql/type/SetopOperandTypeChecker.java,0,1,0.583301516947673
1.7.0,core/src/main/java/org/apache/calcite/sql/type/SqlOperandCountRanges.java,0,0,0.4720241896912369
1.7.0,core/src/main/java/org/apache/calcite/sql/type/SqlOperandTypeChecker.java,0,0,0.18712495341367094
1.7.0,core/src/main/java/org/apache/calcite/adapter/enumerable/AggContext.java,0,0,0.19179336483825357
1.7.0,core/src/main/java/org/apache/calcite/adapter/enumerable/CallImplementor.java,0,0,0.19179336483825357
1.7.0,core/src/main/java/org/apache/calcite/sql/validate/SqlUserDefinedFunction.java,0,0,0.18815002045396284
1.7.0,core/src/main/java/org/apache/calcite/adapter/enumerable/JavaRelImplementor.java,0,0,0.468023527383806
1.7.0,core/src/main/java/org/apache/calcite/util/mapping/Mappings.java,0,0,0.43489500374931245
1.7.0,core/src/main/java/org/apache/calcite/schema/impl/AbstractSchema.java,0,0,0.20078603235578774
1.7.0,linq4j/src/main/java/org/apache/calcite/linq4j/function/Functions.java,0,0,0.4353250682999609
1.7.0,linq4j/src/main/java/org/apache/calcite/linq4j/function/Parameter.java,0,0,0.21273139059736412
1.7.0,cassandra/src/main/java/org/apache/calcite/adapter/cassandra/CassandraSchema.java,1,0,0.31747057232984277
1.7.0,cassandra/src/main/java/org/apache/calcite/adapter/cassandra/CassandraSchemaFactory.java,0,0,0.34985073250622445
1.7.0,cassandra/src/main/java/org/apache/calcite/adapter/cassandra/CassandraTable.java,1,0,0.29836618027943435
