version,file,true_label,predicted,probability
1.4.0,core/src/main/java/org/apache/calcite/adapter/jdbc/JdbcToEnumerableConverter.java,0,0,0.341516448866027
1.4.0,core/src/main/java/org/apache/calcite/sql/validate/SqlValidator.java,1,0,0.3646474586676482
1.4.0,linq4j/src/main/java/org/apache/calcite/linq4j/CartesianProductEnumerator.java,0,0,0.3512223423968266
1.4.0,core/src/main/java/org/apache/calcite/interpreter/AbstractSingleNode.java,0,0,0.19183343314386833
1.4.0,core/src/main/java/org/apache/calcite/interpreter/Row.java,0,0,0.4711675297571734
1.4.0,core/src/main/java/org/apache/calcite/rex/RexLiteral.java,0,0,0.41122226835791403
1.4.0,core/src/main/java/org/apache/calcite/sql/SqlAsOperator.java,0,1,0.6214261403458682
1.4.0,core/src/main/java/org/apache/calcite/sql/SqlBinaryOperator.java,0,1,0.8453840321834802
1.4.0,core/src/main/java/org/apache/calcite/sql/SqlCall.java,1,1,0.6995364272467713
1.4.0,core/src/main/java/org/apache/calcite/sql/SqlCallBinding.java,1,1,0.6271751595828817
1.4.0,core/src/main/java/org/apache/calcite/sql/SqlLiteral.java,1,1,0.5711388105985006
1.4.0,core/src/main/java/org/apache/calcite/sql/SqlOperator.java,0,1,0.8620067544590895
1.4.0,core/src/main/java/org/apache/calcite/sql/SqlOperatorBinding.java,0,0,0.38862691287152157
1.4.0,core/src/main/java/org/apache/calcite/sql/SqlPrefixOperator.java,0,0,0.43509405129750006
1.4.0,core/src/main/java/org/apache/calcite/sql/fun/SqlAbstractTimeFunction.java,0,1,0.5953315086361987
1.4.0,core/src/main/java/org/apache/calcite/sql/fun/SqlCastFunction.java,0,1,0.665362163142272
1.4.0,core/src/main/java/org/apache/calcite/sql/fun/SqlCurrentDateFunction.java,0,0,0.24523548371134438
1.4.0,core/src/main/java/org/apache/calcite/sql/fun/SqlDatetimeSubtractionOperator.java,0,0,0.2678680808166187
1.4.0,core/src/main/java/org/apache/calcite/sql/fun/SqlExtractFunction.java,0,1,0.8028125131654552
1.4.0,core/src/main/java/org/apache/calcite/sql/fun/SqlFloorFunction.java,0,1,0.7102828581469718
1.4.0,core/src/main/java/org/apache/calcite/sql/fun/SqlMonotonicBinaryOperator.java,0,1,0.5872026509132156
1.4.0,core/src/main/java/org/apache/calcite/sql/fun/SqlMonotonicUnaryFunction.java,0,0,0.30386656289042613
1.4.0,core/src/main/java/org/apache/calcite/sql/fun/SqlStringContextVariable.java,0,0,0.24523548371134438
1.4.0,core/src/main/java/org/apache/calcite/sql/fun/SqlSubstringFunction.java,0,1,0.5065145158977618
1.4.0,core/src/main/java/org/apache/calcite/plan/RelOptPlanner.java,0,0,0.01891879616508844
1.4.0,core/src/main/java/org/apache/calcite/server/CalciteServerStatement.java,0,0,0.3035463169669998
1.4.0,core/src/main/java/org/apache/calcite/prepare/PlannerImpl.java,0,1,0.5624919345338395
1.4.0,core/src/main/java/org/apache/calcite/rel/core/RelFactories.java,0,1,0.6276730595871299
1.4.0,core/src/main/java/org/apache/calcite/rel/logical/LogicalProject.java,0,0,0.4133924587740423
1.4.0,core/src/main/java/org/apache/calcite/rel/rules/AggregateJoinTransposeRule.java,1,1,0.6603059620958363
1.4.0,core/src/main/java/org/apache/calcite/util/BuiltInMethod.java,1,1,0.857650899363118
1.4.0,core/src/main/java/org/apache/calcite/plan/MaterializedViewSubstitutionVisitor.java,0,0,0.3027628034883128
1.4.0,core/src/main/java/org/apache/calcite/plan/RexImplicationChecker.java,1,1,0.6716533617308907
1.4.0,core/src/main/java/org/apache/calcite/plan/VisitorDataContext.java,0,0,0.23509903385052416
1.4.0,core/src/main/java/org/apache/calcite/sql/SqlKind.java,0,0,0.042166315908992405
1.4.0,core/src/main/java/org/apache/calcite/rel/rules/SemiJoinRule.java,0,1,0.583690913697057
1.4.0,core/src/main/java/org/apache/calcite/interpreter/SortNode.java,1,1,0.5429045405691629
1.4.0,core/src/main/java/org/apache/calcite/plan/RelCompositeTrait.java,0,0,0.36875823040879435
1.4.0,core/src/main/java/org/apache/calcite/plan/RelMultipleTrait.java,0,0,0.18732870439786806
1.4.0,core/src/main/java/org/apache/calcite/plan/RelTrait.java,0,0,0.18732870439786806
1.4.0,core/src/main/java/org/apache/calcite/plan/RelTraitDef.java,0,1,0.6805230392696455
1.4.0,core/src/main/java/org/apache/calcite/prepare/LixToRelTranslator.java,0,1,0.5100571397935019
1.4.0,core/src/main/java/org/apache/calcite/prepare/Prepare.java,1,0,0.48685952026066126
1.4.0,core/src/main/java/org/apache/calcite/prepare/QueryableRelBuilder.java,0,1,0.6023384206618557
1.4.0,core/src/main/java/org/apache/calcite/rel/AbstractRelNode.java,1,1,0.7737966481099133
1.4.0,core/src/main/java/org/apache/calcite/rel/RelCollation.java,0,0,0.18732870439786806
1.4.0,core/src/main/java/org/apache/calcite/rel/RelCollations.java,0,0,0.25531106964546485
1.4.0,core/src/main/java/org/apache/calcite/rel/RelCollationTraitDef.java,1,0,0.37144523988219924
1.4.0,core/src/main/java/org/apache/calcite/rex/RexProgram.java,0,0,0.4229404740190563
1.4.0,core/src/main/java/org/apache/calcite/adapter/clone/ArrayTable.java,0,1,0.7153098079743099
1.4.0,core/src/main/java/org/apache/calcite/adapter/enumerable/EnumerableCalcRule.java,0,0,0.13952283115712213
1.4.0,core/src/main/java/org/apache/calcite/adapter/enumerable/EnumerableFilterToCalcRule.java,0,0,0.2246851043934448
1.4.0,core/src/main/java/org/apache/calcite/adapter/enumerable/EnumerableMergeJoinRule.java,0,0,0.4762377279794229
1.4.0,core/src/main/java/org/apache/calcite/adapter/enumerable/EnumerableProjectToCalcRule.java,0,0,0.2246851043934448
1.4.0,core/src/main/java/org/apache/calcite/adapter/enumerable/EnumerableSort.java,0,0,0.4189515073459627
1.4.0,core/src/main/java/org/apache/calcite/adapter/enumerable/EnumerableSortRule.java,0,1,0.5121526077660791
1.4.0,core/src/main/java/org/apache/calcite/adapter/enumerable/EnumerableValuesRule.java,0,0,0.19183343314386833
1.4.0,core/src/main/java/org/apache/calcite/plan/volcano/AbstractConverter.java,0,0,0.4965688644390591
1.4.0,core/src/main/java/org/apache/calcite/plan/volcano/RelSubset.java,1,1,0.8160555323709682
1.4.0,core/src/main/java/org/apache/calcite/rel/core/Calc.java,0,0,0.22903888979997292
1.4.0,core/src/main/java/org/apache/calcite/rel/core/Correlate.java,0,0,0.37854727633704205
1.4.0,core/src/main/java/org/apache/calcite/rel/core/JoinInfo.java,0,0,0.36013373076252553
1.4.0,core/src/main/java/org/apache/calcite/rel/logical/LogicalCorrelate.java,0,0,0.33660076848693055
1.4.0,core/src/main/java/org/apache/calcite/rel/logical/LogicalIntersect.java,0,0,0.1497082317988973
1.4.0,core/src/main/java/org/apache/calcite/rel/logical/LogicalJoin.java,0,0,0.3290126189940683
1.4.0,core/src/main/java/org/apache/calcite/rel/logical/LogicalMinus.java,0,0,0.21427929980847654
1.4.0,core/src/main/java/org/apache/calcite/rel/logical/LogicalSort.java,0,0,0.36566258929477846
1.4.0,core/src/main/java/org/apache/calcite/rel/logical/LogicalTableFunctionScan.java,0,0,0.3317753256651953
1.4.0,core/src/main/java/org/apache/calcite/rel/logical/LogicalTableModify.java,0,0,0.33987882121951607
1.4.0,core/src/main/java/org/apache/calcite/rel/logical/LogicalUnion.java,0,0,0.32814084516880065
1.4.0,core/src/main/java/org/apache/calcite/rel/logical/LogicalValues.java,0,0,0.3802042216276907
1.4.0,core/src/main/java/org/apache/calcite/rel/rules/CalcRelSplitter.java,0,1,0.6415950838069531
1.4.0,core/src/main/java/org/apache/calcite/rel/rules/FilterCalcMergeRule.java,0,0,0.18832561721014202
1.4.0,core/src/main/java/org/apache/calcite/rel/rules/FilterTableFunctionTransposeRule.java,0,0,0.20409573821527563
1.4.0,core/src/main/java/org/apache/calcite/rel/rules/FilterToCalcRule.java,0,0,0.20890002300134874
1.4.0,core/src/main/java/org/apache/calcite/rel/rules/ProjectCalcMergeRule.java,0,0,0.1963076847816516
1.4.0,core/src/main/java/org/apache/calcite/rel/rules/ProjectToCalcRule.java,0,0,0.20890002300134874
1.4.0,core/src/main/java/org/apache/calcite/rel/rules/ProjectToWindowRule.java,1,0,0.42836871132223925
1.4.0,core/src/main/java/org/apache/calcite/rel/rules/PruneEmptyRules.java,0,1,0.6057193059548951
1.4.0,core/src/main/java/org/apache/calcite/rel/rules/ReduceDecimalsRule.java,0,1,0.6498830161731745
1.4.0,core/src/main/java/org/apache/calcite/rel/rules/SortProjectTransposeRule.java,1,0,0.456299022096826
1.4.0,core/src/main/java/org/apache/calcite/rel/rules/ValuesReduceRule.java,1,1,0.5095938943873115
1.4.0,core/src/main/java/org/apache/calcite/sql/fun/SqlLiteralChainOperator.java,0,1,0.6200368207634248
1.4.0,core/src/main/java/org/apache/calcite/sql/util/SqlShuttle.java,0,1,0.6151412905956883
1.4.0,splunk/src/main/java/org/apache/calcite/adapter/splunk/SplunkPushDownRule.java,0,0,0.3397476790368028
1.4.0,core/src/main/java/org/apache/calcite/interpreter/BindableConvention.java,0,0,0.48890702311293394
1.4.0,core/src/main/java/org/apache/calcite/interpreter/BindableRel.java,0,0,0.18732870439786806
1.4.0,core/src/main/java/org/apache/calcite/interpreter/Context.java,0,0,0.19183343314386833
1.4.0,core/src/main/java/org/apache/calcite/interpreter/FilterNode.java,0,1,0.6249427939940493
1.4.0,core/src/main/java/org/apache/calcite/interpreter/InterpretableConvention.java,0,0,0.17358049750809457
1.4.0,core/src/main/java/org/apache/calcite/interpreter/InterpretableConverter.java,0,0,0.18732870439786806
1.4.0,core/src/main/java/org/apache/calcite/interpreter/InterpretableRel.java,0,0,0.18732870439786806
1.4.0,core/src/main/java/org/apache/calcite/interpreter/Interpreters.java,0,0,0.17358049750809457
1.4.0,core/src/main/java/org/apache/calcite/interpreter/NoneToBindableConverterRule.java,0,0,0.22699329967222018
1.4.0,core/src/main/java/org/apache/calcite/interpreter/Scalar.java,0,0,0.17358049750809457
1.4.0,core/src/main/java/org/apache/calcite/interpreter/UnionNode.java,0,1,0.6437071034792773
1.4.0,core/src/main/java/org/apache/calcite/interpreter/WindowNode.java,0,0,0.28402333124555257
1.4.0,core/src/main/java/org/apache/calcite/rex/RexExecutorImpl.java,0,0,0.4546325590779269
1.4.0,core/src/main/java/org/apache/calcite/runtime/ArrayBindable.java,0,0,0.18732870439786806
1.4.0,core/src/main/java/org/apache/calcite/adapter/enumerable/AggImpState.java,0,1,0.5172509364779146
1.4.0,core/src/main/java/org/apache/calcite/adapter/enumerable/EnumerableBindable.java,0,0,0.18732870439786806
1.4.0,core/src/main/java/org/apache/calcite/adapter/enumerable/EnumerableConvention.java,0,0,0.48890702311293394
1.4.0,core/src/main/java/org/apache/calcite/adapter/enumerable/EnumerableFilterRule.java,0,0,0.19183343314386833
1.4.0,core/src/main/java/org/apache/calcite/adapter/enumerable/EnumerableInterpretable.java,0,0,0.45519635264584557
1.4.0,core/src/main/java/org/apache/calcite/adapter/enumerable/EnumUtils.java,0,1,0.605391603189542
1.4.0,core/src/main/java/org/apache/calcite/adapter/java/ReflectiveSchema.java,0,1,0.538211520550627
1.4.0,core/src/main/java/org/apache/calcite/rel/convert/ConverterRule.java,0,1,0.6549846680825975
1.4.0,spark/src/main/java/org/apache/calcite/adapter/spark/SparkHandlerImpl.java,0,0,0.12544134218073924
1.4.0,linq4j/src/main/java/org/apache/calcite/linq4j/tree/ConditionalExpression.java,0,0,0.20906649695352042
1.4.0,linq4j/src/main/java/org/apache/calcite/linq4j/tree/Types.java,0,1,0.9560542379376546
1.4.0,mongodb/src/main/java/org/apache/calcite/adapter/mongodb/MongoAggregate.java,0,0,0.4553957959929416
1.4.0,core/src/main/java/org/apache/calcite/schema/ExtensibleTable.java,0,0,0.18732870439786806
1.4.0,core/src/main/java/org/apache/calcite/sql/SqlDelete.java,0,0,0.3788871606098283
1.4.0,core/src/main/java/org/apache/calcite/plan/RelOptRule.java,0,0,0.44695059568918566
1.4.0,core/src/main/java/org/apache/calcite/plan/RelTraitSet.java,0,1,0.5989051955962361
1.4.0,core/src/main/java/org/apache/calcite/plan/volcano/RelSet.java,1,0,0.4061726690234265
1.4.0,avatica-server/src/main/java/org/apache/calcite/avatica/server/HttpServer.java,0,0,0.4964633048249253
1.4.0,linq4j/src/main/java/org/apache/calcite/linq4j/tree/Primitive.java,0,0,0.4007357673429083
1.4.0,core/src/main/java/org/apache/calcite/runtime/CalciteResource.java,0,1,0.579189224652502
1.4.0,core/src/main/java/org/apache/calcite/sql/SqlRankFunction.java,1,0,0.17988969121593892
1.4.0,core/src/main/java/org/apache/calcite/util/Util.java,1,1,0.9632337461984405
1.4.0,core/src/main/java/org/apache/calcite/sql/fun/SqlStdOperatorTable.java,0,1,0.8844810564722554
1.4.0,core/src/main/java/org/apache/calcite/adapter/clone/ColumnLoader.java,0,1,0.8946824097455242
1.4.0,core/src/main/java/org/apache/calcite/rel/core/Project.java,1,0,0.4123245785321461
1.4.0,core/src/main/java/org/apache/calcite/rel/core/Values.java,0,1,0.6604171659893852
1.4.0,linq4j/src/main/java/org/apache/calcite/linq4j/function/Functions.java,0,1,0.6859309681411371
1.4.0,linq4j/src/main/java/org/apache/calcite/linq4j/tree/ConstructorDeclaration.java,0,0,0.199930393037894
1.4.0,linq4j/src/main/java/org/apache/calcite/linq4j/tree/MethodDeclaration.java,0,0,0.47980347891510383
1.4.0,core/src/main/java/org/apache/calcite/rel/type/RelCrossType.java,0,1,0.5666676051384727
1.4.0,core/src/main/java/org/apache/calcite/rel/type/RelDataTypeFactoryImpl.java,1,1,0.7709855220057469
1.4.0,core/src/main/java/org/apache/calcite/rex/RexBuilder.java,1,1,0.6526940432109968
1.4.0,mongodb/src/main/java/org/apache/calcite/adapter/mongodb/MongoEnumerator.java,0,0,0.40138923763046075
1.4.0,core/src/main/java/org/apache/calcite/rel/rules/ProjectMergeRule.java,0,1,0.8110912402222129
1.4.0,avatica-server/src/main/java/org/apache/calcite/avatica/jdbc/JdbcMeta.java,1,1,0.9965418327786532
1.4.0,avatica-server/src/main/java/org/apache/calcite/avatica/jdbc/JdbcResultSet.java,0,1,0.9611579037870763
1.4.0,avatica/src/main/java/org/apache/calcite/avatica/AvaticaPreparedStatement.java,0,1,0.8477912544565365
1.4.0,avatica/src/main/java/org/apache/calcite/avatica/AvaticaStatement.java,0,1,0.911338950060392
1.4.0,avatica/src/main/java/org/apache/calcite/avatica/AvaticaUtils.java,0,1,0.6657200910292601
1.4.0,avatica/src/main/java/org/apache/calcite/avatica/Meta.java,1,1,0.9705986331426868
1.4.0,linq4j/src/main/java/org/apache/calcite/linq4j/EnumerableDefaults.java,0,1,0.6159799102285742
1.4.0,core/src/main/java/org/apache/calcite/adapter/enumerable/EnumerableTableFunctionScan.java,0,1,0.5247060385465128
1.4.0,core/src/main/java/org/apache/calcite/rel/core/Join.java,0,0,0.3090466569243022
1.4.0,core/src/main/java/org/apache/calcite/rel/core/TableFunctionScan.java,0,0,0.33309867668208065
1.4.0,core/src/main/java/org/apache/calcite/rel/externalize/RelWriterImpl.java,0,1,0.5670211509127124
1.4.0,core/src/main/java/org/apache/calcite/rel/rules/MultiJoin.java,0,1,0.5344986389684431
1.4.0,core/src/main/java/org/apache/calcite/util/ImmutableNullableList.java,0,1,0.5237182137072997
1.4.0,core/src/main/java/org/apache/calcite/rel/metadata/BuiltInMetadata.java,0,0,0.13034909095399058
1.4.0,core/src/main/java/org/apache/calcite/rel/metadata/DefaultRelMetadataProvider.java,0,0,0.22407881192147364
1.4.0,core/src/main/java/org/apache/calcite/rel/metadata/RelMetadataQuery.java,0,1,0.5633965868236392
1.4.0,core/src/main/java/org/apache/calcite/sql/fun/SqlSequenceValueOperator.java,0,0,0.47209398273625575
1.4.0,core/src/main/java/org/apache/calcite/materialize/CachingLatticeStatisticProvider.java,0,0,0.19652580757997018
1.4.0,core/src/main/java/org/apache/calcite/materialize/DelegatingLatticeStatisticProvider.java,0,0,0.4309315486497425
1.4.0,core/src/main/java/org/apache/calcite/materialize/Lattice.java,0,1,0.7338590907276349
1.4.0,core/src/main/java/org/apache/calcite/materialize/Lattices.java,0,0,0.22404482950352508
1.4.0,core/src/main/java/org/apache/calcite/materialize/LatticeStatisticProvider.java,0,0,0.2541648403758698
1.4.0,core/src/main/java/org/apache/calcite/materialize/SqlLatticeStatisticProvider.java,0,0,0.35174188878412793
1.4.0,avatica/src/main/java/org/apache/calcite/avatica/ConnectionConfigImpl.java,0,0,0.24817415814170868
1.4.0,core/src/main/java/org/apache/calcite/schema/Schema.java,1,0,0.3317562289223903
1.4.0,core/src/main/java/org/apache/calcite/schema/StreamableTable.java,0,0,0.206465293970767
1.4.0,core/src/main/java/org/apache/calcite/sql/SqlSelectKeyword.java,0,0,0.23178751641352074
1.4.0,core/src/main/java/org/apache/calcite/sql2rel/RelStructuredTypeFlattener.java,0,1,0.6246010370316044
1.4.0,avatica/src/main/java/org/apache/calcite/avatica/util/PackageMarker.java,0,0,0.18732870439786806
1.4.0,core/src/main/java/org/apache/calcite/adapter/enumerable/EnumerableTableScan.java,0,1,0.5701287964152397
1.4.0,core/src/main/java/org/apache/calcite/adapter/enumerable/RexImpTable.java,1,1,0.8916214777819902
1.4.0,linq4j/src/main/java/org/apache/calcite/linq4j/PackageMarker.java,0,0,0.18732870439786806
1.4.0,core/src/main/java/org/apache/calcite/rel/stream/Chi.java,0,0,0.15008008249668267
1.4.0,core/src/main/java/org/apache/calcite/rel/stream/Delta.java,0,0,0.2520464208985616
1.4.0,core/src/main/java/org/apache/calcite/rel/stream/LogicalChi.java,0,0,0.20660014284447772
1.4.0,core/src/main/java/org/apache/calcite/rel/stream/LogicalDelta.java,0,0,0.1427677974262877
1.4.0,core/src/main/java/org/apache/calcite/rel/stream/StreamRules.java,0,0,0.2483565980420588
1.4.0,core/src/main/java/org/apache/calcite/sql/advise/SqlAdvisorValidator.java,1,0,0.4609878958185169
1.4.0,core/src/main/java/org/apache/calcite/sql/fun/SqlCollectionTableOperator.java,0,0,0.2232368048235489
1.4.0,core/src/main/java/org/apache/calcite/sql/type/CompositeSingleOperandTypeChecker.java,0,0,0.47424314408561935
1.4.0,core/src/main/java/org/apache/calcite/sql/validate/AbstractNamespace.java,1,1,0.5976562941077805
1.4.0,core/src/main/java/org/apache/calcite/sql/validate/IdentifierNamespace.java,1,1,0.5431295880648944
1.4.0,core/src/main/java/org/apache/calcite/sql/validate/SetopNamespace.java,1,0,0.431679707286016
1.4.0,core/src/main/java/org/apache/calcite/sql/validate/SqlModality.java,0,0,0.21089093336234302
1.4.0,core/src/main/java/org/apache/calcite/sql/validate/SqlValidatorNamespace.java,1,0,0.21926945316561405
1.4.0,core/src/main/java/org/apache/calcite/sql/validate/SqlValidatorTable.java,0,0,0.22011874637834974
1.4.0,core/src/main/java/org/apache/calcite/sql/validate/TableConstructorNamespace.java,1,1,0.5587073008934562
1.4.0,core/src/main/java/org/apache/calcite/sql/validate/TableNamespace.java,1,1,0.5617173663063247
1.4.0,linq4j/src/main/java/org/apache/calcite/linq4j/Linq4j.java,0,0,0.1921281159427077
1.4.0,linq4j/src/main/java/org/apache/calcite/linq4j/tree/Visitor.java,0,0,0.4174421044806691
1.4.0,core/src/main/java/org/apache/calcite/rel/metadata/RelMdMemory.java,0,0,0.22979717744354208
1.4.0,core/src/main/java/org/apache/calcite/rel/metadata/RelMdParallelism.java,0,0,0.13123893328903516
1.4.0,core/src/main/java/org/apache/calcite/util/Static.java,0,0,0.2073122377004352
1.4.0,core/src/main/java/org/apache/calcite/sql/advise/SqlAdvisor.java,0,0,0.30015363971445114
1.4.0,core/src/main/java/org/apache/calcite/sql/parser/SqlParserPos.java,0,1,0.6381180319083439
1.4.0,core/src/main/java/org/apache/calcite/sql/validate/AggregatingSelectScope.java,1,1,0.7665627862263653
1.4.0,core/src/main/java/org/apache/calcite/sql/validate/CatalogScope.java,0,1,0.6289268558164604
1.4.0,core/src/main/java/org/apache/calcite/sql/validate/EmptyScope.java,0,0,0.24151884179584956
1.4.0,core/src/main/java/org/apache/calcite/sql/validate/ListScope.java,0,0,0.37242430929608544
1.4.0,core/src/main/java/org/apache/calcite/sql/validate/OrderByScope.java,0,0,0.4536860317130376
1.4.0,core/src/main/java/org/apache/calcite/sql/validate/ParameterScope.java,0,0,0.3020903171416877
1.4.0,core/src/main/java/org/apache/calcite/sql/validate/SchemaNamespace.java,1,0,0.21735457281690995
1.4.0,core/src/main/java/org/apache/calcite/sql/validate/SelectScope.java,0,0,0.4744170075660547
1.4.0,core/src/main/java/org/apache/calcite/sql/validate/SqlMoniker.java,0,0,0.4170593616381885
1.4.0,core/src/main/java/org/apache/calcite/sql/validate/SqlMonikerImpl.java,0,0,0.3469576981273199
1.4.0,core/src/main/java/org/apache/calcite/sql/validate/SqlMonikerType.java,0,0,0.19183343314386833
1.4.0,core/src/main/java/org/apache/calcite/sql/validate/SqlQualified.java,0,0,0.4415528420556176
1.4.0,core/src/main/java/org/apache/calcite/sql/validate/SqlValidatorCatalogReader.java,0,0,0.18732870439786806
1.4.0,core/src/main/java/org/apache/calcite/sql/validate/SqlValidatorScope.java,0,0,0.17358049750809457
1.4.0,core/src/main/java/org/apache/calcite/sql/validate/WithScope.java,1,0,0.3904288358817789
1.4.0,core/src/main/java/org/apache/calcite/runtime/Enumerables.java,0,0,0.2479616399538625
1.4.0,core/src/main/java/org/apache/calcite/adapter/enumerable/EnumerableJoinRule.java,0,0,0.4497306499933546
1.4.0,core/src/main/java/org/apache/calcite/adapter/enumerable/EnumerableThetaJoin.java,0,0,0.3785619652050019
1.4.0,linq4j/src/main/java/org/apache/calcite/linq4j/tree/FunctionExpression.java,0,0,0.4803987437294932
1.4.0,core/src/main/java/org/apache/calcite/sql/SqlDialect.java,0,0,0.27277434304114584
1.4.0,core/src/main/java/org/apache/calcite/adapter/enumerable/EnumerableAggregateRule.java,0,0,0.16444006195589006
1.4.0,core/src/main/java/org/apache/calcite/adapter/enumerable/PhysType.java,0,0,0.18732870439786806
1.4.0,core/src/main/java/org/apache/calcite/sql/fun/SqlThrowOperator.java,0,0,0.1562874204857499
1.4.0,core/src/main/java/org/apache/calcite/plan/RelOptLattice.java,0,0,0.4441885507496652
1.4.0,core/src/main/java/org/apache/calcite/plan/Strong.java,0,0,0.36239154321866585
1.4.0,core/src/main/java/org/apache/calcite/plan/hep/HepRelVertex.java,0,0,0.40148907438811715
1.4.0,core/src/main/java/org/apache/calcite/rel/core/Intersect.java,0,0,0.18721227941171775
1.4.0,core/src/main/java/org/apache/calcite/rel/core/Minus.java,0,0,0.21510415877036526
1.4.0,core/src/main/java/org/apache/calcite/rel/metadata/RelMdRowCount.java,0,0,0.4014298301848893
1.4.0,core/src/main/java/org/apache/calcite/rel/metadata/RelMdSelectivity.java,0,0,0.4130061030484816
1.4.0,core/src/main/java/org/apache/calcite/rel/rules/JoinAssociateRule.java,0,0,0.3001602676605454
1.4.0,core/src/main/java/org/apache/calcite/rel/rules/JoinPushThroughJoinRule.java,0,1,0.5762153378323424
1.4.0,core/src/main/java/org/apache/calcite/rel/rules/JoinToMultiJoinRule.java,0,1,0.5182717750749217
1.4.0,core/src/main/java/org/apache/calcite/rel/rules/LoptOptimizeJoinRule.java,0,1,0.9366903388158093
1.4.0,core/src/main/java/org/apache/calcite/rel/rules/MultiJoinOptimizeBushyRule.java,0,1,0.6194688481962545
1.4.0,plus/src/main/java/org/apache/calcite/adapter/tpcds/TpcdsSchema.java,0,0,0.014252903699836263
1.4.0,core/src/main/java/org/apache/calcite/prepare/CalciteCatalogReader.java,1,1,0.7812059647304204
1.4.0,core/src/main/java/org/apache/calcite/sql/type/SqlTypeName.java,0,0,8.897965644080669e-11
1.4.0,core/src/main/java/org/apache/calcite/rel/rules/JoinProjectTransposeRule.java,0,1,0.5481618201548849
1.4.0,core/src/main/java/org/apache/calcite/adapter/jdbc/JdbcTable.java,1,1,0.8819207835256686
1.4.0,core/src/main/java/org/apache/calcite/adapter/jdbc/JdbcUtils.java,0,1,0.7568498827542973
1.4.0,avatica/src/main/java/org/apache/calcite/avatica/ColumnMetaData.java,0,0,0.08847656294300428
1.4.0,core/src/main/java/org/apache/calcite/jdbc/CalciteSchema.java,0,1,0.6624444427792944
1.4.0,core/src/main/java/org/apache/calcite/DataContext.java,0,0,0.39230520701808785
1.4.0,core/src/main/java/org/apache/calcite/jdbc/CalciteConnection.java,0,0,0.18732870439786806
1.4.0,core/src/main/java/org/apache/calcite/jdbc/CalciteFactory.java,0,0,0.19556309656778378
1.4.0,core/src/main/java/org/apache/calcite/jdbc/CalciteRootSchema.java,0,0,0.19183343314386833
1.4.0,core/src/main/java/org/apache/calcite/jdbc/JavaRecordType.java,0,1,0.6563904126776428
1.4.0,core/src/main/java/org/apache/calcite/materialize/MaterializationActor.java,0,0,0.46020409107315047
1.4.0,core/src/main/java/org/apache/calcite/materialize/MaterializationKey.java,0,0,0.33874367717556275
1.4.0,core/src/main/java/org/apache/calcite/plan/AbstractRelOptPlanner.java,0,1,0.5628971757244647
1.4.0,core/src/main/java/org/apache/calcite/plan/Context.java,0,0,0.18732870439786806
1.4.0,core/src/main/java/org/apache/calcite/plan/Convention.java,0,0,0.3946384171859168
1.4.0,core/src/main/java/org/apache/calcite/plan/ConventionTraitDef.java,1,1,0.6466251746653249
1.4.0,core/src/main/java/org/apache/calcite/plan/MulticastRelOptListener.java,0,0,0.18732870439786806
1.4.0,core/src/main/java/org/apache/calcite/plan/RelOptCostImpl.java,0,0,0.0703554096745076
1.4.0,core/src/main/java/org/apache/calcite/plan/RelOptListener.java,0,0,0.18732870439786806
1.4.0,core/src/main/java/org/apache/calcite/plan/RelOptSchema.java,0,0,0.21103892954108025
1.4.0,core/src/main/java/org/apache/calcite/plan/RelTraitPropagationVisitor.java,0,0,0.4578033706022475
1.4.0,core/src/main/java/org/apache/calcite/plan/TableAccessMap.java,0,0,0.18732870439786806
1.4.0,core/src/main/java/org/apache/calcite/prepare/CalciteSqlValidator.java,0,0,0.19183343314386833
1.4.0,core/src/main/java/org/apache/calcite/rel/RelWriter.java,0,0,0.18732870439786806
1.4.0,core/src/main/java/org/apache/calcite/rel/SingleRel.java,0,0,0.3990085930959551
1.4.0,core/src/main/java/org/apache/calcite/rex/RexChecker.java,0,0,0.4205212252850735
1.4.0,core/src/main/java/org/apache/calcite/rex/RexCorrelVariable.java,0,0,0.19183343314386833
1.4.0,core/src/main/java/org/apache/calcite/rex/RexDynamicParam.java,0,0,0.19183343314386833
1.4.0,core/src/main/java/org/apache/calcite/rex/RexExecutable.java,0,1,0.5093467684975432
1.4.0,core/src/main/java/org/apache/calcite/rex/RexFieldAccess.java,0,0,0.4030876186025254
1.4.0,core/src/main/java/org/apache/calcite/rex/RexFieldCollation.java,0,1,0.5247514700683631
1.4.0,core/src/main/java/org/apache/calcite/rex/RexLocalRef.java,0,1,0.542911533268985
1.4.0,core/src/main/java/org/apache/calcite/rex/RexMultisetUtil.java,0,0,0.28649033410575386
1.4.0,core/src/main/java/org/apache/calcite/rex/RexNode.java,0,0,0.46701455418370014
1.4.0,core/src/main/java/org/apache/calcite/rex/RexOver.java,0,0,0.3353257659629755
1.4.0,core/src/main/java/org/apache/calcite/rex/RexPermutationShuttle.java,0,0,0.18732870439786806
1.4.0,core/src/main/java/org/apache/calcite/rex/RexPermuteInputsShuttle.java,0,0,0.25270099558204095
1.4.0,core/src/main/java/org/apache/calcite/rex/RexRangeRef.java,0,0,0.2303684625967277
1.4.0,core/src/main/java/org/apache/calcite/rex/RexSlot.java,0,0,0.4897753261312269
1.4.0,core/src/main/java/org/apache/calcite/rex/RexSqlConvertlet.java,0,0,0.18732870439786806
1.4.0,core/src/main/java/org/apache/calcite/rex/RexSqlReflectiveConvertletTable.java,0,0,0.222773987349873
1.4.0,core/src/main/java/org/apache/calcite/rex/RexSqlStandardConvertletTable.java,0,0,0.18732870439786806
1.4.0,core/src/main/java/org/apache/calcite/rex/RexToSqlNodeConverter.java,0,0,0.18732870439786806
1.4.0,core/src/main/java/org/apache/calcite/rex/RexToSqlNodeConverterImpl.java,0,0,0.18732870439786806
1.4.0,core/src/main/java/org/apache/calcite/rex/RexTransformer.java,0,1,0.5134832213434783
1.4.0,core/src/main/java/org/apache/calcite/rex/RexVariable.java,0,1,0.5515363077634209
1.4.0,core/src/main/java/org/apache/calcite/rex/RexVisitor.java,0,0,0.18732870439786806
1.4.0,core/src/main/java/org/apache/calcite/rex/RexVisitorImpl.java,0,0,0.40627844419330295
1.4.0,core/src/main/java/org/apache/calcite/rex/RexWindow.java,0,1,0.6582883411345395
1.4.0,core/src/main/java/org/apache/calcite/rex/RexWindowBound.java,0,1,0.5263605570504021
1.4.0,core/src/main/java/org/apache/calcite/runtime/BinarySearch.java,0,1,0.7118133719577524
1.4.0,core/src/main/java/org/apache/calcite/runtime/Bindable.java,0,0,0.18732870439786806
1.4.0,core/src/main/java/org/apache/calcite/runtime/CalciteContextException.java,0,0,0.33043724431697163
1.4.0,core/src/main/java/org/apache/calcite/runtime/CalciteException.java,0,0,0.19183343314386833
1.4.0,core/src/main/java/org/apache/calcite/runtime/Feature.java,0,0,0.19183343314386833
1.4.0,core/src/main/java/org/apache/calcite/runtime/FlatLists.java,0,0,0.2798701737820243
1.4.0,core/src/main/java/org/apache/calcite/runtime/ResultSetEnumerable.java,0,0,0.11608787669590996
1.4.0,core/src/main/java/org/apache/calcite/runtime/SortedMultiMap.java,0,0,0.47185490421213633
1.4.0,core/src/main/java/org/apache/calcite/schema/AggregateFunction.java,0,0,0.18732870439786806
1.4.0,core/src/main/java/org/apache/calcite/schema/FilterableTable.java,0,0,0.18732870439786806
1.4.0,core/src/main/java/org/apache/calcite/schema/FunctionParameter.java,0,0,0.18732870439786806
1.4.0,core/src/main/java/org/apache/calcite/schema/ImplementableAggFunction.java,0,0,0.18732870439786806
1.4.0,core/src/main/java/org/apache/calcite/schema/ImplementableFunction.java,0,0,0.18732870439786806
1.4.0,core/src/main/java/org/apache/calcite/schema/Member.java,0,0,0.18732870439786806
1.4.0,core/src/main/java/org/apache/calcite/schema/ProjectableFilterableTable.java,0,0,0.17358049750809457
1.4.0,core/src/main/java/org/apache/calcite/schema/QueryableTable.java,0,0,0.18732870439786806
1.4.0,core/src/main/java/org/apache/calcite/schema/ScalarFunction.java,0,0,0.18732870439786806
1.4.0,core/src/main/java/org/apache/calcite/schema/ScannableTable.java,0,0,0.18732870439786806
1.4.0,core/src/main/java/org/apache/calcite/schema/SchemaPlus.java,0,0,0.18732870439786806
1.4.0,core/src/main/java/org/apache/calcite/schema/Table.java,0,0,0.18732870439786806
1.4.0,core/src/main/java/org/apache/calcite/schema/TableFactory.java,0,0,0.18732870439786806
1.4.0,core/src/main/java/org/apache/calcite/schema/TableFunction.java,0,0,0.18732870439786806
1.4.0,core/src/main/java/org/apache/calcite/schema/TranslatableTable.java,0,0,0.18732870439786806
1.4.0,core/src/main/java/org/apache/calcite/sql/ExplicitOperatorBinding.java,0,0,0.22550417726230917
1.4.0,core/src/main/java/org/apache/calcite/sql/JoinConditionType.java,0,0,0.19183343314386833
1.4.0,core/src/main/java/org/apache/calcite/sql/JoinType.java,0,0,0.19183343314386833
1.4.0,core/src/main/java/org/apache/calcite/sql/SqlAbstractDateTimeLiteral.java,0,0,0.2659844498112416
1.4.0,core/src/main/java/org/apache/calcite/sql/SqlAbstractStringLiteral.java,0,0,0.19183343314386833
1.4.0,core/src/main/java/org/apache/calcite/sql/SqlAccessType.java,0,0,0.25449743066428404
1.4.0,core/src/main/java/org/apache/calcite/sql/SqlBasicCall.java,0,0,0.2527970860098351
1.4.0,core/src/main/java/org/apache/calcite/sql/SqlBinaryStringLiteral.java,0,0,0.41775027130490594
1.4.0,core/src/main/java/org/apache/calcite/sql/SqlCharStringLiteral.java,0,1,0.611837311024737
1.4.0,core/src/main/java/org/apache/calcite/sql/SqlCollation.java,0,0,0.3046446728347365
1.4.0,core/src/main/java/org/apache/calcite/sql/SqlDynamicParam.java,0,0,0.323544182023316
1.4.0,core/src/main/java/org/apache/calcite/sql/SqlExplain.java,0,1,0.5128141265244563
1.4.0,core/src/main/java/org/apache/calcite/sql/SqlExplainLevel.java,0,0,0.19183343314386833
1.4.0,core/src/main/java/org/apache/calcite/sql/SqlFunction.java,0,0,0.38534687781953886
1.4.0,core/src/main/java/org/apache/calcite/sql/SqlFunctionalOperator.java,0,0,0.2246851043934448
1.4.0,core/src/main/java/org/apache/calcite/sql/SqlFunctionCategory.java,0,0,0.19183343314386833
1.4.0,core/src/main/java/org/apache/calcite/sql/SqlIntervalLiteral.java,0,0,0.35361269680207436
1.4.0,core/src/main/java/org/apache/calcite/sql/SqlJoin.java,0,1,0.5114525457009462
1.4.0,core/src/main/java/org/apache/calcite/sql/SqlMerge.java,0,1,0.5513444722605824
1.4.0,core/src/main/java/org/apache/calcite/sql/SqlNodeList.java,0,1,0.7601683459510965
1.4.0,core/src/main/java/org/apache/calcite/sql/SqlNumericLiteral.java,0,0,0.3844329845519097
1.4.0,core/src/main/java/org/apache/calcite/sql/SqlOperatorTable.java,0,0,0.18732870439786806
1.4.0,core/src/main/java/org/apache/calcite/sql/SqlOrderBy.java,0,1,0.5769232545487315
1.4.0,core/src/main/java/org/apache/calcite/sql/SqlPostfixOperator.java,0,1,0.5298313324268314
1.4.0,core/src/main/java/org/apache/calcite/sql/SqlProcedureCallOperator.java,0,0,0.21069262500568278
1.4.0,core/src/main/java/org/apache/calcite/sql/SqlSampleSpec.java,0,0,0.20762206580910444
1.4.0,core/src/main/java/org/apache/calcite/sql/SqlSelect.java,1,0,0.44527863471261764
1.4.0,core/src/main/java/org/apache/calcite/sql/SqlSelectOperator.java,1,1,0.5323319581568358
1.4.0,core/src/main/java/org/apache/calcite/sql/SqlSetOperator.java,1,0,0.24221050259417135
1.4.0,core/src/main/java/org/apache/calcite/sql/SqlSetOption.java,1,0,0.45151300643409886
1.4.0,core/src/main/java/org/apache/calcite/sql/SqlStateCodes.java,0,0,0.26343384955235394
1.4.0,core/src/main/java/org/apache/calcite/sql/SqlSyntax.java,0,0,0.38651062984243667
1.4.0,core/src/main/java/org/apache/calcite/sql/SqlUnnestOperator.java,0,1,0.5426337927313627
1.4.0,core/src/main/java/org/apache/calcite/sql/SqlWriter.java,0,0,4.408278100079938e-05
1.4.0,core/src/main/java/org/apache/calcite/sql2rel/DefaultValueFactory.java,0,0,0.18732870439786806
1.4.0,core/src/main/java/org/apache/calcite/sql2rel/ReflectiveConvertletTable.java,0,0,0.414088479264727
1.4.0,core/src/main/java/org/apache/calcite/sql2rel/SqlNodeToRexConverter.java,0,0,0.18732870439786806
1.4.0,core/src/main/java/org/apache/calcite/sql2rel/SqlRexContext.java,0,0,0.18732870439786806
1.4.0,core/src/main/java/org/apache/calcite/sql2rel/SqlRexConvertlet.java,0,0,0.18732870439786806
1.4.0,core/src/main/java/org/apache/calcite/sql2rel/SqlRexConvertletTable.java,0,0,0.18732870439786806
1.4.0,core/src/main/java/org/apache/calcite/sql2rel/SubqueryConverter.java,0,0,0.18732870439786806
1.4.0,core/src/main/java/org/apache/calcite/tools/Planner.java,0,0,0.18732870439786806
1.4.0,core/src/main/java/org/apache/calcite/tools/Program.java,0,0,0.18732870439786806
1.4.0,core/src/main/java/org/apache/calcite/tools/RuleSet.java,0,0,0.18732870439786806
1.4.0,core/src/main/java/org/apache/calcite/tools/RuleSets.java,0,0,0.2965590544001151
1.4.0,core/src/main/java/org/apache/calcite/util/BarfingInvocationHandler.java,0,0,0.22895960916852898
1.4.0,core/src/main/java/org/apache/calcite/util/BasicDatetime.java,0,0,0.18732870439786806
1.4.0,core/src/main/java/org/apache/calcite/util/Benchmark.java,0,0,0.4296713686101909
1.4.0,core/src/main/java/org/apache/calcite/util/BitString.java,0,1,0.5891834057707414
1.4.0,core/src/main/java/org/apache/calcite/util/CalciteParserException.java,0,0,0.18732870439786806
1.4.0,core/src/main/java/org/apache/calcite/util/CalciteValidatorException.java,0,0,0.18732870439786806
1.4.0,core/src/main/java/org/apache/calcite/util/CastingList.java,0,0,0.20920758569123674
1.4.0,core/src/main/java/org/apache/calcite/util/ChunkList.java,1,1,0.7830326548452499
1.4.0,core/src/main/java/org/apache/calcite/util/CompatibleGuava11.java,0,0,0.16520744841841742
1.4.0,core/src/main/java/org/apache/calcite/util/CompositeList.java,0,0,0.3964549741308327
1.4.0,core/src/main/java/org/apache/calcite/util/CompositeMap.java,0,0,0.45545791716338585
1.4.0,core/src/main/java/org/apache/calcite/util/CompoundClosableAllocation.java,0,0,0.18732870439786806
1.4.0,core/src/main/java/org/apache/calcite/util/ConversionUtil.java,0,0,0.15413465628485995
1.4.0,core/src/main/java/org/apache/calcite/util/DelegatingInvocationHandler.java,0,0,0.17358049750809457
1.4.0,core/src/main/java/org/apache/calcite/util/Filterator.java,0,1,0.6272641516136183
1.4.0,core/src/main/java/org/apache/calcite/util/IntegerIntervalSet.java,0,0,0.4992769922513238
1.4.0,core/src/main/java/org/apache/calcite/util/IntList.java,0,0,0.4153700403137123
1.4.0,core/src/main/java/org/apache/calcite/util/NlsString.java,0,1,0.5642311559821085
1.4.0,core/src/main/java/org/apache/calcite/util/NumberUtil.java,0,0,0.2523250765204021
1.4.0,core/src/main/java/org/apache/calcite/util/Pair.java,0,0,0.05728913494275767
1.4.0,core/src/main/java/org/apache/calcite/util/PartiallyOrderedSet.java,0,1,0.8218857288883208
1.4.0,core/src/main/java/org/apache/calcite/util/Permutation.java,0,0,0.2209724331775853
1.4.0,core/src/main/java/org/apache/calcite/util/ReflectiveVisitDispatcher.java,0,0,0.18732870439786806
1.4.0,core/src/main/java/org/apache/calcite/util/ReflectUtil.java,0,1,0.7081327881035098
1.4.0,core/src/main/java/org/apache/calcite/util/SaffronProperties.java,0,0,0.09436524836262898
1.4.0,core/src/main/java/org/apache/calcite/util/SerializableCharset.java,0,1,0.5685812966305206
1.4.0,core/src/main/java/org/apache/calcite/util/StackWriter.java,0,0,0.17358049750809457
1.4.0,core/src/main/java/org/apache/calcite/util/Template.java,0,0,0.14706451343519392
1.4.0,core/src/main/java/org/apache/calcite/util/UnmodifiableArrayList.java,0,0,0.1184056155701141
1.4.0,core/src/main/java/org/apache/calcite/util/XmlOutput.java,0,1,0.5300096708566847
1.4.0,core/src/main/java/org/apache/calcite/adapter/clone/CloneSchema.java,0,0,0.46660933598710796
1.4.0,core/src/main/java/org/apache/calcite/adapter/enumerable/AggResetContext.java,0,0,0.18732870439786806
1.4.0,core/src/main/java/org/apache/calcite/adapter/enumerable/AggResultContext.java,0,0,0.18732870439786806
1.4.0,core/src/main/java/org/apache/calcite/adapter/enumerable/EnumerableCollect.java,0,0,0.3492866417174778
1.4.0,core/src/main/java/org/apache/calcite/adapter/enumerable/EnumerableCollectRule.java,0,0,0.19183343314386833
1.4.0,core/src/main/java/org/apache/calcite/adapter/enumerable/EnumerableIntersect.java,1,0,0.18073288714428176
1.4.0,core/src/main/java/org/apache/calcite/adapter/enumerable/EnumerableIntersectRule.java,0,0,0.1914309847336074
1.4.0,core/src/main/java/org/apache/calcite/adapter/enumerable/EnumerableLimitRule.java,0,1,0.5121526077660791
1.4.0,core/src/main/java/org/apache/calcite/adapter/enumerable/EnumerableMinus.java,1,0,0.20477152294338807
1.4.0,core/src/main/java/org/apache/calcite/adapter/enumerable/EnumerableMinusRule.java,0,0,0.18072911791118307
1.4.0,core/src/main/java/org/apache/calcite/adapter/enumerable/EnumerableTableFunctionScanRule.java,0,0,0.19183343314386833
1.4.0,core/src/main/java/org/apache/calcite/adapter/enumerable/EnumerableTableModify.java,0,1,0.5100966496220314
1.4.0,core/src/main/java/org/apache/calcite/adapter/enumerable/EnumerableTableModifyRule.java,0,0,0.3794503073403123
1.4.0,core/src/main/java/org/apache/calcite/adapter/enumerable/EnumerableUncollect.java,0,1,0.608532903486383
1.4.0,core/src/main/java/org/apache/calcite/adapter/enumerable/EnumerableUncollectRule.java,0,0,0.19183343314386833
1.4.0,core/src/main/java/org/apache/calcite/adapter/enumerable/EnumerableUnion.java,1,1,0.5011729669526618
1.4.0,core/src/main/java/org/apache/calcite/adapter/enumerable/EnumerableUnionRule.java,0,0,0.19183343314386833
1.4.0,core/src/main/java/org/apache/calcite/adapter/enumerable/EnumerableWindowRule.java,0,0,0.2246851043934448
1.4.0,core/src/main/java/org/apache/calcite/adapter/enumerable/NestedBlockBuilder.java,0,0,0.18732870439786806
1.4.0,core/src/main/java/org/apache/calcite/adapter/enumerable/NestedBlockBuilderImpl.java,0,0,0.4710994288704887
1.4.0,core/src/main/java/org/apache/calcite/adapter/enumerable/NotNullImplementor.java,0,0,0.18732870439786806
1.4.0,core/src/main/java/org/apache/calcite/adapter/enumerable/NullPolicy.java,0,0,0.19183343314386833
1.4.0,core/src/main/java/org/apache/calcite/adapter/enumerable/ReflectiveCallNotNullImplementor.java,0,1,0.5121526077660791
1.4.0,core/src/main/java/org/apache/calcite/adapter/enumerable/StrictWinAggImplementor.java,0,0,0.256580834253724
1.4.0,core/src/main/java/org/apache/calcite/adapter/enumerable/WinAggAddContext.java,0,0,0.18732870439786806
1.4.0,core/src/main/java/org/apache/calcite/adapter/enumerable/WinAggFrameContext.java,0,0,0.18732870439786806
1.4.0,core/src/main/java/org/apache/calcite/adapter/enumerable/WinAggFrameResultContext.java,0,0,0.18732870439786806
1.4.0,core/src/main/java/org/apache/calcite/adapter/enumerable/WinAggResetContext.java,0,0,0.18732870439786806
1.4.0,core/src/main/java/org/apache/calcite/adapter/enumerable/WinAggResultContext.java,0,0,0.18732870439786806
1.4.0,core/src/main/java/org/apache/calcite/adapter/java/AbstractQueryableTable.java,0,0,0.19183343314386833
1.4.0,core/src/main/java/org/apache/calcite/adapter/java/JavaTypeFactory.java,0,0,0.18732870439786806
1.4.0,core/src/main/java/org/apache/calcite/adapter/jdbc/JdbcImplementor.java,1,1,0.5562308807639595
1.4.0,core/src/main/java/org/apache/calcite/adapter/jdbc/JdbcQueryProvider.java,0,0,0.18732870439786806
1.4.0,core/src/main/java/org/apache/calcite/adapter/jdbc/JdbcRel.java,0,0,0.18732870439786806
1.4.0,core/src/main/java/org/apache/calcite/adapter/jdbc/JdbcTableScan.java,0,1,0.546837501676246
1.4.0,core/src/main/java/org/apache/calcite/adapter/jdbc/JdbcToEnumerableConverterRule.java,0,0,0.19183343314386833
1.4.0,core/src/main/java/org/apache/calcite/plan/hep/HepInstruction.java,0,1,0.5410458166574551
1.4.0,core/src/main/java/org/apache/calcite/plan/hep/HepPlanner.java,1,1,0.7775755625658479
1.4.0,core/src/main/java/org/apache/calcite/plan/hep/HepProgram.java,0,1,0.6437071034792773
1.4.0,core/src/main/java/org/apache/calcite/plan/hep/HepProgramBuilder.java,0,0,0.4341897545684166
1.4.0,core/src/main/java/org/apache/calcite/plan/hep/HepRelMetadataProvider.java,0,1,0.5121526077660791
1.4.0,core/src/main/java/org/apache/calcite/plan/hep/HepRuleCall.java,0,0,0.2712540689258646
1.4.0,core/src/main/java/org/apache/calcite/plan/volcano/ChainedPhaseRuleMappingInitializer.java,0,0,0.18732870439786806
1.4.0,core/src/main/java/org/apache/calcite/plan/volcano/VolcanoCost.java,0,0,0.390254498742961
1.4.0,core/src/main/java/org/apache/calcite/plan/volcano/VolcanoPlannerPhaseRuleMappingInitializer.java,0,0,0.18732870439786806
1.4.0,core/src/main/java/org/apache/calcite/plan/volcano/VolcanoRelMetadataProvider.java,0,0,0.18732870439786806
1.4.0,core/src/main/java/org/apache/calcite/plan/volcano/VolcanoRuleCall.java,0,1,0.719948021075785
1.4.0,core/src/main/java/org/apache/calcite/plan/volcano/VolcanoRuleMatch.java,0,1,0.6622556752621338
1.4.0,core/src/main/java/org/apache/calcite/rel/convert/Converter.java,0,0,0.18732870439786806
1.4.0,core/src/main/java/org/apache/calcite/rel/convert/ConverterImpl.java,0,0,0.2589167082100232
1.4.0,core/src/main/java/org/apache/calcite/rel/convert/NoneConverter.java,0,0,0.18732870439786806
1.4.0,core/src/main/java/org/apache/calcite/rel/convert/TraitMatchingRule.java,0,0,0.18732870439786806
1.4.0,core/src/main/java/org/apache/calcite/rel/core/Collect.java,0,0,0.3966116125283954
1.4.0,core/src/main/java/org/apache/calcite/rel/core/Sample.java,0,0,0.22185063991596374
1.4.0,core/src/main/java/org/apache/calcite/rel/core/TableModify.java,0,0,0.24174310264041274
1.4.0,core/src/main/java/org/apache/calcite/rel/core/Union.java,0,0,0.18231837877519405
1.4.0,core/src/main/java/org/apache/calcite/rel/externalize/RelJsonWriter.java,0,0,0.4510029079491817
1.4.0,core/src/main/java/org/apache/calcite/rel/externalize/RelXmlWriter.java,0,0,0.32494996872880133
1.4.0,core/src/main/java/org/apache/calcite/rel/metadata/ChainedRelMetadataProvider.java,0,0,0.3946384171859168
1.4.0,core/src/main/java/org/apache/calcite/rel/metadata/Metadata.java,0,0,0.18732870439786806
1.4.0,core/src/main/java/org/apache/calcite/rel/metadata/MetadataFactory.java,0,0,0.18732870439786806
1.4.0,core/src/main/java/org/apache/calcite/rel/metadata/MetadataFactoryImpl.java,0,0,0.41311268654201566
1.4.0,core/src/main/java/org/apache/calcite/rel/metadata/RelColumnOrigin.java,0,0,0.32379095734659413
1.4.0,core/src/main/java/org/apache/calcite/rel/metadata/RelMdExplainVisibility.java,0,0,0.1778269629510815
1.4.0,core/src/main/java/org/apache/calcite/rel/metadata/RelMdPercentageOriginalRows.java,0,0,0.39613449736378264
1.4.0,core/src/main/java/org/apache/calcite/rel/metadata/RelMetadataProvider.java,0,0,0.18732870439786806
1.4.0,core/src/main/java/org/apache/calcite/rel/rules/CoerceInputsRule.java,0,0,0.48297509135277067
1.4.0,core/src/main/java/org/apache/calcite/rel/rules/FilterMergeRule.java,0,0,0.19183343314386833
1.4.0,core/src/main/java/org/apache/calcite/rel/rules/FilterMultiJoinMergeRule.java,0,0,0.17358049750809457
1.4.0,core/src/main/java/org/apache/calcite/rel/rules/FilterRemoveIsNotDistinctFromRule.java,0,0,0.28402333124555257
1.4.0,core/src/main/java/org/apache/calcite/rel/rules/FilterSetOpTransposeRule.java,0,1,0.561731281345733
1.4.0,core/src/main/java/org/apache/calcite/rel/rules/JoinExtractFilterRule.java,0,0,0.4113945592838778
1.4.0,core/src/main/java/org/apache/calcite/rel/rules/JoinPushTransitivePredicatesRule.java,0,1,0.5121526077660791
1.4.0,core/src/main/java/org/apache/calcite/rel/rules/MultiJoinProjectTransposeRule.java,0,0,0.18732870439786806
1.4.0,core/src/main/java/org/apache/calcite/rel/rules/ProjectFilterTransposeRule.java,0,0,0.4401591433636677
1.4.0,core/src/main/java/org/apache/calcite/rel/rules/ProjectMultiJoinMergeRule.java,0,0,0.17358049750809457
1.4.0,core/src/main/java/org/apache/calcite/rel/rules/ProjectSetOpTransposeRule.java,0,0,0.4128632112606264
1.4.0,core/src/main/java/org/apache/calcite/rel/rules/ProjectSortTransposeRule.java,0,0,0.17358049750809457
1.4.0,core/src/main/java/org/apache/calcite/rel/rules/SemiJoinRemoveRule.java,0,0,0.1778269629510815
1.4.0,core/src/main/java/org/apache/calcite/rel/rules/SortRemoveRule.java,0,0,0.46139624921743033
1.4.0,core/src/main/java/org/apache/calcite/rel/rules/TableScanRule.java,0,0,0.12846307528367326
1.4.0,core/src/main/java/org/apache/calcite/rel/type/RelDataTypeComparability.java,0,0,0.19183343314386833
1.4.0,core/src/main/java/org/apache/calcite/rel/type/RelDataTypeFieldImpl.java,0,1,0.5480623756335126
1.4.0,core/src/main/java/org/apache/calcite/rel/type/RelProtoDataType.java,0,0,0.18732870439786806
1.4.0,core/src/main/java/org/apache/calcite/rel/type/RelRecordType.java,0,1,0.53219995906137
1.4.0,core/src/main/java/org/apache/calcite/schema/impl/AbstractTable.java,0,0,0.1778269629510815
1.4.0,core/src/main/java/org/apache/calcite/schema/impl/AbstractTableQueryable.java,0,0,0.2916751390479688
1.4.0,core/src/main/java/org/apache/calcite/schema/impl/AggregateFunctionImpl.java,1,0,0.4757687034523553
1.4.0,core/src/main/java/org/apache/calcite/schema/impl/DelegatingSchema.java,0,0,0.18732870439786806
1.4.0,core/src/main/java/org/apache/calcite/schema/impl/ReflectiveFunctionBase.java,1,1,0.6375464564147513
1.4.0,core/src/main/java/org/apache/calcite/schema/impl/ScalarFunctionImpl.java,0,0,0.47790609070308393
1.4.0,core/src/main/java/org/apache/calcite/schema/impl/StarTable.java,0,0,0.4327136881706702
1.4.0,core/src/main/java/org/apache/calcite/schema/impl/TableFunctionImpl.java,0,1,0.525343787572587
1.4.0,core/src/main/java/org/apache/calcite/schema/impl/TableMacroImpl.java,0,1,0.5969636811459932
1.4.0,core/src/main/java/org/apache/calcite/sql/advise/SqlAdvisorGetHintsFunction.java,0,1,0.5121526077660791
1.4.0,core/src/main/java/org/apache/calcite/sql/advise/SqlAdvisorHint.java,0,0,0.46606770523545943
1.4.0,core/src/main/java/org/apache/calcite/sql/advise/SqlSimpleParser.java,0,0,0.23230991394280737
1.4.0,core/src/main/java/org/apache/calcite/sql/fun/SqlArrayQueryConstructor.java,0,0,0.19183343314386833
1.4.0,core/src/main/java/org/apache/calcite/sql/fun/SqlArrayValueConstructor.java,0,0,0.30270524782140623
1.4.0,core/src/main/java/org/apache/calcite/sql/fun/SqlAvgAggFunction.java,1,0,0.1877394496960271
1.4.0,core/src/main/java/org/apache/calcite/sql/fun/SqlCase.java,0,0,0.3883501499835121
1.4.0,core/src/main/java/org/apache/calcite/sql/fun/SqlCaseOperator.java,0,0,0.3977052472663856
1.4.0,core/src/main/java/org/apache/calcite/sql/fun/SqlCoalesceFunction.java,0,0,0.47520310176265806
1.4.0,core/src/main/java/org/apache/calcite/sql/fun/SqlColumnListConstructor.java,0,0,0.16878469456917217
1.4.0,core/src/main/java/org/apache/calcite/sql/fun/SqlConvertFunction.java,0,0,0.22491764192472483
1.4.0,core/src/main/java/org/apache/calcite/sql/fun/SqlCovarAggFunction.java,1,0,0.1754744584442726
1.4.0,core/src/main/java/org/apache/calcite/sql/fun/SqlCursorConstructor.java,0,0,0.3981389520813455
1.4.0,core/src/main/java/org/apache/calcite/sql/fun/SqlHistogramAggFunction.java,1,0,0.18940113035942518
1.4.0,core/src/main/java/org/apache/calcite/sql/fun/SqlInOperator.java,0,0,0.42861018419869235
1.4.0,core/src/main/java/org/apache/calcite/sql/fun/SqlLeadLagAggFunction.java,1,0,0.4342232508516651
1.4.0,core/src/main/java/org/apache/calcite/sql/fun/SqlLikeOperator.java,0,0,0.4620893324789504
1.4.0,core/src/main/java/org/apache/calcite/sql/fun/SqlMapQueryConstructor.java,0,0,0.19183343314386833
1.4.0,core/src/main/java/org/apache/calcite/sql/fun/SqlMapValueConstructor.java,0,1,0.5638061773222462
1.4.0,core/src/main/java/org/apache/calcite/sql/fun/SqlMultisetMemberOfOperator.java,0,0,0.4200351709662938
1.4.0,core/src/main/java/org/apache/calcite/sql/fun/SqlMultisetQueryConstructor.java,0,0,0.20305504213548067
1.4.0,core/src/main/java/org/apache/calcite/sql/fun/SqlMultisetSetOperator.java,0,0,0.4103912670572907
1.4.0,core/src/main/java/org/apache/calcite/sql/fun/SqlMultisetValueConstructor.java,0,1,0.5315524648424811
1.4.0,core/src/main/java/org/apache/calcite/sql/fun/SqlNewOperator.java,0,0,0.1548229577645175
1.4.0,core/src/main/java/org/apache/calcite/sql/fun/SqlNtileAggFunction.java,1,0,0.1911835901548829
1.4.0,core/src/main/java/org/apache/calcite/sql/fun/SqlNullifFunction.java,0,0,0.4160069421040901
1.4.0,core/src/main/java/org/apache/calcite/sql/fun/SqlOverlapsOperator.java,0,0,0.33509796673001546
1.4.0,core/src/main/java/org/apache/calcite/sql/fun/SqlOverlayFunction.java,0,1,0.5275964146447533
1.4.0,core/src/main/java/org/apache/calcite/sql/fun/SqlPositionFunction.java,0,0,0.3490620021603664
1.4.0,core/src/main/java/org/apache/calcite/sql/fun/SqlRowOperator.java,0,0,0.17860873510045674
1.4.0,core/src/main/java/org/apache/calcite/sql/fun/SqlSingleValueAggFunction.java,1,0,0.18940113035942518
1.4.0,core/src/main/java/org/apache/calcite/sql/fun/SqlTrimFunction.java,1,0,0.42968528276489354
1.4.0,core/src/main/java/org/apache/calcite/sql/parser/SqlParseException.java,0,1,0.6522128946854001
1.4.0,core/src/main/java/org/apache/calcite/sql/parser/SqlParserImplFactory.java,0,0,0.18732870439786806
1.4.0,core/src/main/java/org/apache/calcite/sql/type/AbstractSqlType.java,0,0,0.21366817420820922
1.4.0,core/src/main/java/org/apache/calcite/sql/type/ArraySqlType.java,0,1,0.5074857720675386
1.4.0,core/src/main/java/org/apache/calcite/sql/type/CursorReturnTypeInference.java,0,0,0.18732870439786806
1.4.0,core/src/main/java/org/apache/calcite/sql/type/ExplicitOperandTypeInference.java,1,0,0.46244633993367534
1.4.0,core/src/main/java/org/apache/calcite/sql/type/ExplicitReturnTypeInference.java,0,1,0.5009344285471179
1.4.0,core/src/main/java/org/apache/calcite/sql/type/InferTypes.java,0,0,0.44265898917495194
1.4.0,core/src/main/java/org/apache/calcite/sql/type/JavaToSqlTypeConversionRules.java,0,0,0.13923989589447544
1.4.0,core/src/main/java/org/apache/calcite/sql/type/MapSqlType.java,0,1,0.5388127664959856
1.4.0,core/src/main/java/org/apache/calcite/sql/type/MatchReturnTypeInference.java,0,1,0.6618468766899612
1.4.0,core/src/main/java/org/apache/calcite/sql/type/MultisetSqlType.java,0,1,0.5074857720675386
1.4.0,core/src/main/java/org/apache/calcite/sql/type/ObjectSqlType.java,0,0,0.1827322217113306
1.4.0,core/src/main/java/org/apache/calcite/sql/type/OperandsTypeChecking.java,0,0,0.16064183392767434
1.4.0,core/src/main/java/org/apache/calcite/sql/type/OrdinalReturnTypeInference.java,0,0,0.19183343314386833
1.4.0,core/src/main/java/org/apache/calcite/sql/type/SqlOperandCountRanges.java,0,0,0.4375009207538509
1.4.0,core/src/main/java/org/apache/calcite/sql/type/SqlOperandTypeInference.java,0,0,0.17358049750809457
1.4.0,core/src/main/java/org/apache/calcite/sql/type/SqlReturnTypeInference.java,0,0,0.18732870439786806
1.4.0,core/src/main/java/org/apache/calcite/sql/type/SqlReturnTypeInferenceChain.java,0,1,0.5992554259235416
1.4.0,core/src/main/java/org/apache/calcite/sql/type/SqlSingleOperandTypeChecker.java,0,0,0.18732870439786806
1.4.0,core/src/main/java/org/apache/calcite/sql/type/SqlTypeAssignmentRules.java,0,0,0.06658851169890183
1.4.0,core/src/main/java/org/apache/calcite/sql/type/SqlTypeExplicitPrecedenceList.java,1,0,0.28402333124555257
1.4.0,core/src/main/java/org/apache/calcite/sql/type/SqlTypeFactoryImpl.java,1,1,0.7219369824428294
1.4.0,core/src/main/java/org/apache/calcite/sql/type/SqlTypeFamily.java,0,0,1.286811469235794e-10
1.4.0,core/src/main/java/org/apache/calcite/sql/type/SqlTypeTransform.java,0,0,0.18732870439786806
1.4.0,core/src/main/java/org/apache/calcite/sql/type/SqlTypeTransformCascade.java,0,1,0.5735533382474078
1.4.0,core/src/main/java/org/apache/calcite/sql/type/SqlTypeTransforms.java,0,0,0.458288441583658
1.4.0,core/src/main/java/org/apache/calcite/sql/type/TableFunctionReturnTypeInference.java,0,0,0.18732870439786806
1.4.0,core/src/main/java/org/apache/calcite/sql/util/ChainedSqlOperatorTable.java,1,0,0.30843130571148325
1.4.0,core/src/main/java/org/apache/calcite/sql/util/ListSqlOperatorTable.java,0,0,0.4109064685493216
1.4.0,core/src/main/java/org/apache/calcite/sql/util/ReflectiveSqlOperatorTable.java,0,0,0.4026917056704938
1.4.0,core/src/main/java/org/apache/calcite/sql/util/SqlBasicVisitor.java,0,0,0.40635136235135394
1.4.0,core/src/main/java/org/apache/calcite/sql/util/SqlBuilder.java,0,0,0.3263360792616041
1.4.0,core/src/main/java/org/apache/calcite/sql/util/SqlString.java,0,0,0.4501660641717959
1.4.0,core/src/main/java/org/apache/calcite/sql/util/SqlVisitor.java,0,0,0.18732870439786806
1.4.0,core/src/main/java/org/apache/calcite/sql/validate/AggFinder.java,0,1,0.5105166794989564
1.4.0,core/src/main/java/org/apache/calcite/sql/validate/AggregatingScope.java,0,0,0.18732870439786806
1.4.0,core/src/main/java/org/apache/calcite/sql/validate/AliasNamespace.java,1,1,0.5222581633307875
1.4.0,core/src/main/java/org/apache/calcite/sql/validate/CollectNamespace.java,1,1,0.5074857720675386
1.4.0,core/src/main/java/org/apache/calcite/sql/validate/CollectScope.java,0,0,0.47120270331483527
1.4.0,core/src/main/java/org/apache/calcite/sql/validate/DelegatingNamespace.java,1,0,0.18732870439786806
1.4.0,core/src/main/java/org/apache/calcite/sql/validate/DelegatingSqlValidatorCatalogReader.java,0,0,0.18732870439786806
1.4.0,core/src/main/java/org/apache/calcite/sql/validate/DelegatingSqlValidatorTable.java,0,0,0.18732870439786806
1.4.0,core/src/main/java/org/apache/calcite/sql/validate/FieldNamespace.java,1,0,0.3419381785826034
1.4.0,core/src/main/java/org/apache/calcite/sql/validate/JoinNamespace.java,1,1,0.582545016356145
1.4.0,core/src/main/java/org/apache/calcite/sql/validate/JoinScope.java,0,0,0.31910790167958913
1.4.0,core/src/main/java/org/apache/calcite/sql/validate/OverScope.java,0,0,0.18732870439786806
1.4.0,core/src/main/java/org/apache/calcite/sql/validate/ParameterNamespace.java,1,0,0.18732870439786806
1.4.0,core/src/main/java/org/apache/calcite/sql/validate/ProcedureNamespace.java,1,1,0.6135876805809872
1.4.0,core/src/main/java/org/apache/calcite/sql/validate/SqlIdentifierMoniker.java,0,0,0.09670225831467215
1.4.0,core/src/main/java/org/apache/calcite/sql/validate/SqlScopedShuttle.java,0,0,0.19183343314386833
1.4.0,core/src/main/java/org/apache/calcite/sql/validate/SqlUserDefinedAggFunction.java,1,0,0.24329189927489545
1.4.0,core/src/main/java/org/apache/calcite/sql/validate/SqlUserDefinedFunction.java,0,0,0.19183343314386833
1.4.0,core/src/main/java/org/apache/calcite/sql/validate/SqlUserDefinedTableFunction.java,0,0,0.19183343314386833
1.4.0,core/src/main/java/org/apache/calcite/sql/validate/SqlValidatorException.java,0,0,0.29002347206648416
1.4.0,core/src/main/java/org/apache/calcite/sql/validate/SqlValidatorWithHints.java,0,0,0.18732870439786806
1.4.0,core/src/main/java/org/apache/calcite/sql/validate/UnnestNamespace.java,1,1,0.5804094507675382
1.4.0,core/src/main/java/org/apache/calcite/sql/validate/WithItemNamespace.java,1,1,0.5549445775419515
1.4.0,core/src/main/java/org/apache/calcite/sql/validate/WithNamespace.java,1,1,0.5121526077660791
1.4.0,core/src/main/java/org/apache/calcite/util/graph/CycleDetector.java,0,0,0.19183343314386833
1.4.0,core/src/main/java/org/apache/calcite/util/graph/DefaultDirectedGraph.java,0,1,0.6664107542832098
1.4.0,core/src/main/java/org/apache/calcite/util/graph/DefaultEdge.java,0,0,0.44703413015221877
1.4.0,core/src/main/java/org/apache/calcite/util/graph/DepthFirstIterator.java,0,0,0.32250991236291054
1.4.0,core/src/main/java/org/apache/calcite/util/graph/Graphs.java,0,1,0.7184685413879855
1.4.0,core/src/main/java/org/apache/calcite/util/graph/TopologicalOrderIterator.java,0,1,0.7973611484964076
1.4.0,core/src/main/java/org/apache/calcite/util/javac/JaninoCompiler.java,0,0,0.41923070590997924
1.4.0,core/src/main/java/org/apache/calcite/util/javac/JavaCompilerArgs.java,0,0,0.24666035274406078
1.4.0,core/src/main/java/org/apache/calcite/util/mapping/Mapping.java,0,0,0.18732870439786806
1.4.0,core/src/main/java/org/apache/calcite/util/trace/CalciteLogger.java,0,0,0.18526708169940892
1.4.0,core/src/main/java/org/apache/calcite/util/trace/CalciteTimingTracer.java,0,0,0.09670225831467215
1.4.0,core/src/main/java/org/apache/calcite/adapter/enumerable/impl/AggAddContextImpl.java,0,0,0.19183343314386833
1.4.0,core/src/main/java/org/apache/calcite/adapter/enumerable/impl/AggResetContextImpl.java,0,0,0.13923989589447544
1.4.0,core/src/main/java/org/apache/calcite/adapter/enumerable/impl/AggResultContextImpl.java,0,0,0.19183343314386833
1.4.0,core/src/main/java/org/apache/calcite/adapter/enumerable/impl/WinAggResetContextImpl.java,0,0,0.17377982604947811
1.4.0,core/src/main/java/org/apache/calcite/adapter/enumerable/impl/WinAggResultContextImpl.java,0,0,0.20852762134126573
1.4.0,avatica/src/main/java/org/apache/calcite/avatica/ConnectStringParser.java,1,1,0.6943720033448254
1.4.0,mongodb/src/main/java/org/apache/calcite/adapter/mongodb/MongoMethod.java,0,0,0.18732870439786806
1.4.0,mongodb/src/main/java/org/apache/calcite/adapter/mongodb/MongoRel.java,0,0,0.2654970289685473
1.4.0,mongodb/src/main/java/org/apache/calcite/adapter/mongodb/MongoSchema.java,0,0,0.34818741582512425
1.4.0,mongodb/src/main/java/org/apache/calcite/adapter/mongodb/MongoSchemaFactory.java,0,0,0.2654970289685473
1.4.0,mongodb/src/main/java/org/apache/calcite/adapter/mongodb/MongoSort.java,0,0,0.4465531712762069
1.4.0,mongodb/src/main/java/org/apache/calcite/adapter/mongodb/MongoTableScan.java,0,0,0.28402333124555257
1.4.0,mongodb/src/main/java/org/apache/calcite/adapter/mongodb/MongoToEnumerableConverter.java,0,0,0.33578230891774
1.4.0,mongodb/src/main/java/org/apache/calcite/adapter/mongodb/MongoToEnumerableConverterRule.java,0,0,0.17358049750809457
1.4.0,plus/src/main/java/org/apache/calcite/adapter/tpcds/TpcdsSchemaFactory.java,0,0,0.4129601101899471
1.4.0,plus/src/main/java/org/apache/calcite/adapter/tpch/TpchSchema.java,0,0,0.0038538587409886497
1.4.0,plus/src/main/java/org/apache/calcite/adapter/tpch/TpchSchemaFactory.java,0,0,0.2654970289685473
1.4.0,spark/src/main/java/org/apache/calcite/adapter/spark/EnumerableToSparkConverter.java,0,0,0.3034475351482137
1.4.0,spark/src/main/java/org/apache/calcite/adapter/spark/EnumerableToSparkConverterRule.java,0,0,0.17358049750809457
1.4.0,spark/src/main/java/org/apache/calcite/adapter/spark/JdbcToSparkConverter.java,0,0,0.20720226775771197
1.4.0,spark/src/main/java/org/apache/calcite/adapter/spark/JdbcToSparkConverterRule.java,0,0,0.18732870439786806
1.4.0,spark/src/main/java/org/apache/calcite/adapter/spark/SparkMethod.java,0,0,0.211038929541078
1.4.0,spark/src/main/java/org/apache/calcite/adapter/spark/SparkRel.java,0,0,0.2654970289685473
1.4.0,spark/src/main/java/org/apache/calcite/adapter/spark/SparkRuntime.java,0,0,0.17358049750809457
1.4.0,splunk/src/main/java/org/apache/calcite/adapter/splunk/SplunkDriver.java,0,0,0.155563963791725
1.4.0,splunk/src/main/java/org/apache/calcite/adapter/splunk/SplunkDriverVersion.java,0,0,0.19183343314386833
1.4.0,splunk/src/main/java/org/apache/calcite/adapter/splunk/SplunkSchema.java,0,0,0.18732870439786806
1.4.0,splunk/src/main/java/org/apache/calcite/adapter/splunk/SplunkTable.java,0,0,0.18732870439786806
1.4.0,splunk/src/main/java/org/apache/calcite/adapter/splunk/search/SplunkConnection.java,0,0,0.18732870439786806
1.4.0,splunk/src/main/java/org/apache/calcite/adapter/splunk/search/SplunkConnectionImpl.java,0,0,0.21325272921429603
1.4.0,splunk/src/main/java/org/apache/calcite/adapter/splunk/util/HttpUtils.java,0,0,0.41618264905315616
1.4.0,splunk/src/main/java/org/apache/calcite/adapter/splunk/util/SocketFactoryImpl.java,0,0,0.21103892954108025
1.4.0,splunk/src/main/java/org/apache/calcite/adapter/splunk/util/TrustAllSslSocketFactory.java,0,0,0.23021497368345636
1.4.0,linq4j/src/main/java/org/apache/calcite/linq4j/BaseQueryable.java,0,0,0.20004408795890954
1.4.0,linq4j/src/main/java/org/apache/calcite/linq4j/DefaultQueryable.java,0,0,0.20896474388280434
1.4.0,linq4j/src/main/java/org/apache/calcite/linq4j/EnumerableOrderedQueryable.java,0,0,0.18732870439786806
1.4.0,linq4j/src/main/java/org/apache/calcite/linq4j/ExtendedOrderedEnumerable.java,0,0,0.18732870439786806
1.4.0,linq4j/src/main/java/org/apache/calcite/linq4j/ExtendedOrderedQueryable.java,0,0,0.18732870439786806
1.4.0,linq4j/src/main/java/org/apache/calcite/linq4j/ExtendedQueryable.java,0,0,0.13576272441077877
1.4.0,linq4j/src/main/java/org/apache/calcite/linq4j/Extensions.java,0,1,0.5050292846286553
1.4.0,linq4j/src/main/java/org/apache/calcite/linq4j/GroupingImpl.java,0,0,0.26968139236086697
1.4.0,linq4j/src/main/java/org/apache/calcite/linq4j/Lookup.java,0,0,0.18732870439786806
1.4.0,linq4j/src/main/java/org/apache/calcite/linq4j/LookupImpl.java,0,0,0.3200585151885569
1.4.0,linq4j/src/main/java/org/apache/calcite/linq4j/QueryableFactory.java,0,0,0.18732870439786806
1.4.0,linq4j/src/main/java/org/apache/calcite/linq4j/QueryableRecorder.java,0,0,0.13649317654741386
1.4.0,linq4j/src/main/java/org/apache/calcite/linq4j/QueryProvider.java,0,0,0.18732870439786806
1.4.0,linq4j/src/main/java/org/apache/calcite/linq4j/QueryProviderImpl.java,0,0,0.3822513298856582
1.4.0,linq4j/src/main/java/org/apache/calcite/linq4j/RawQueryable.java,0,0,0.18732870439786806
1.4.0,linq4j/src/main/java/org/apache/calcite/linq4j/tree/AbstractNode.java,0,1,0.6077093902196761
1.4.0,linq4j/src/main/java/org/apache/calcite/linq4j/tree/ArrayLengthRecordField.java,0,0,0.2824938080828481
1.4.0,linq4j/src/main/java/org/apache/calcite/linq4j/tree/BinaryExpression.java,0,0,0.22673229582751633
1.4.0,linq4j/src/main/java/org/apache/calcite/linq4j/tree/BlockBuilder.java,0,1,0.7726816596991523
1.4.0,linq4j/src/main/java/org/apache/calcite/linq4j/tree/Blocks.java,0,0,0.24099805307311356
1.4.0,linq4j/src/main/java/org/apache/calcite/linq4j/tree/BlockStatement.java,0,0,0.3731043508381916
1.4.0,linq4j/src/main/java/org/apache/calcite/linq4j/tree/CatchBlock.java,0,0,0.23699036632388115
1.4.0,linq4j/src/main/java/org/apache/calcite/linq4j/tree/ClassDeclaration.java,0,0,0.29453153053589487
1.4.0,linq4j/src/main/java/org/apache/calcite/linq4j/tree/ClassDeclarationFinder.java,0,1,0.6345107281400304
1.4.0,linq4j/src/main/java/org/apache/calcite/linq4j/tree/ConditionalStatement.java,0,0,0.44076853931234283
1.4.0,linq4j/src/main/java/org/apache/calcite/linq4j/tree/ConstantUntypedNull.java,0,1,0.6221047585118787
1.4.0,linq4j/src/main/java/org/apache/calcite/linq4j/tree/DeclarationStatement.java,0,0,0.46137891938176734
1.4.0,linq4j/src/main/java/org/apache/calcite/linq4j/tree/DefaultExpression.java,0,0,0.18732870439786806
1.4.0,linq4j/src/main/java/org/apache/calcite/linq4j/tree/DeterministicCodeOptimizer.java,1,0,0.4221482907478186
1.4.0,linq4j/src/main/java/org/apache/calcite/linq4j/tree/DynamicExpression.java,0,0,0.18732870439786806
1.4.0,linq4j/src/main/java/org/apache/calcite/linq4j/tree/Expression.java,0,1,0.5889929852888702
1.4.0,linq4j/src/main/java/org/apache/calcite/linq4j/tree/ExpressionVisitor.java,0,0,0.18732870439786806
1.4.0,linq4j/src/main/java/org/apache/calcite/linq4j/tree/ExpressionWriter.java,0,0,0.4057948678330918
1.4.0,linq4j/src/main/java/org/apache/calcite/linq4j/tree/FieldDeclaration.java,0,0,0.3153565160603529
1.4.0,linq4j/src/main/java/org/apache/calcite/linq4j/tree/ForStatement.java,0,0,0.2522325608484641
1.4.0,linq4j/src/main/java/org/apache/calcite/linq4j/tree/GotoStatement.java,0,0,0.4507153533878085
1.4.0,linq4j/src/main/java/org/apache/calcite/linq4j/tree/IndexExpression.java,0,0,0.46398379036148973
1.4.0,linq4j/src/main/java/org/apache/calcite/linq4j/tree/InvocationExpression.java,0,0,0.18732870439786806
1.4.0,linq4j/src/main/java/org/apache/calcite/linq4j/tree/LabelStatement.java,0,0,0.1265926104429555
1.4.0,linq4j/src/main/java/org/apache/calcite/linq4j/tree/LabelTarget.java,0,0,0.15965717503378998
1.4.0,linq4j/src/main/java/org/apache/calcite/linq4j/tree/LambdaExpression.java,0,0,0.256238663452639
1.4.0,linq4j/src/main/java/org/apache/calcite/linq4j/tree/ListInitExpression.java,0,0,0.18732870439786806
1.4.0,linq4j/src/main/java/org/apache/calcite/linq4j/tree/MemberExpression.java,0,1,0.6517674392179287
1.4.0,linq4j/src/main/java/org/apache/calcite/linq4j/tree/MemberInitExpression.java,0,0,0.18732870439786806
1.4.0,linq4j/src/main/java/org/apache/calcite/linq4j/tree/MethodCallExpression.java,0,1,0.7218518208118037
1.4.0,linq4j/src/main/java/org/apache/calcite/linq4j/tree/NewArrayExpression.java,0,0,0.3345723738958734
1.4.0,linq4j/src/main/java/org/apache/calcite/linq4j/tree/NewExpression.java,0,0,0.32611379571830906
1.4.0,linq4j/src/main/java/org/apache/calcite/linq4j/tree/OptimizeVisitor.java,0,0,0.4781791260964287
1.4.0,linq4j/src/main/java/org/apache/calcite/linq4j/tree/ParameterExpression.java,0,1,0.6838351422409545
1.4.0,linq4j/src/main/java/org/apache/calcite/linq4j/tree/ReflectedPseudoField.java,0,0,0.39820011311702846
1.4.0,linq4j/src/main/java/org/apache/calcite/linq4j/tree/Statement.java,0,1,0.7386939055585043
1.4.0,linq4j/src/main/java/org/apache/calcite/linq4j/tree/SwitchStatement.java,0,0,0.18732870439786806
1.4.0,linq4j/src/main/java/org/apache/calcite/linq4j/tree/TernaryExpression.java,0,0,0.41592996522936093
1.4.0,linq4j/src/main/java/org/apache/calcite/linq4j/tree/ThrowStatement.java,0,0,0.2707015467860236
1.4.0,linq4j/src/main/java/org/apache/calcite/linq4j/tree/TryStatement.java,0,0,0.317306374766172
1.4.0,linq4j/src/main/java/org/apache/calcite/linq4j/tree/TypeBinaryExpression.java,0,0,0.490813045306444
1.4.0,linq4j/src/main/java/org/apache/calcite/linq4j/tree/UnaryExpression.java,0,1,0.6413472698418414
1.4.0,linq4j/src/main/java/org/apache/calcite/linq4j/tree/WhileStatement.java,0,0,0.18522682001845342
1.4.0,core/src/main/java/org/apache/calcite/rel/metadata/RelMdPredicates.java,0,1,0.8452799141761086
1.4.0,core/src/main/java/org/apache/calcite/config/CalciteConnectionConfig.java,0,0,0.18732870439786806
1.4.0,core/src/main/java/org/apache/calcite/config/CalciteConnectionConfigImpl.java,0,0,0.19183343314386833
1.4.0,core/src/main/java/org/apache/calcite/config/CalciteConnectionProperty.java,0,0,0.3214810774973184
1.4.0,core/src/main/java/org/apache/calcite/plan/RelImplementor.java,0,0,0.18732870439786806
1.4.0,core/src/main/java/org/apache/calcite/sql/SemiJoinType.java,0,0,0.4357898300148846
1.4.0,core/src/main/java/org/apache/calcite/adapter/enumerable/EnumerableCorrelateRule.java,0,0,0.19183343314386833
1.4.0,core/src/main/java/org/apache/calcite/rel/core/CorrelationId.java,0,0,0.4126419142303396
1.4.0,core/src/main/java/org/apache/calcite/rel/core/Uncollect.java,0,0,0.4302328773689002
1.4.0,core/src/main/java/org/apache/calcite/rel/rules/ProjectJoinTransposeRule.java,0,0,0.4217107344348342
1.4.0,core/src/main/java/org/apache/calcite/rel/rules/PushProjector.java,0,1,0.7099570545629733
1.4.0,core/src/main/java/org/apache/calcite/schema/Schemas.java,0,1,0.6899260025213988
1.4.0,core/src/main/java/org/apache/calcite/util/trace/CalciteTrace.java,0,0,0.1617177338605732
1.4.0,spark/src/main/java/org/apache/calcite/adapter/spark/SparkToEnumerableConverter.java,0,0,0.28402333124555257
1.4.0,linq4j/src/main/java/org/apache/calcite/linq4j/DefaultEnumerable.java,0,0,0.18923232761829703
1.4.0,linq4j/src/main/java/org/apache/calcite/linq4j/ExtendedEnumerable.java,0,0,0.13576272441077877
1.4.0,core/src/main/java/org/apache/calcite/plan/RelOptAbstractTable.java,0,0,0.412597291821485
1.4.0,core/src/main/java/org/apache/calcite/plan/RelOptTable.java,0,0,0.126840715073899
1.4.0,core/src/main/java/org/apache/calcite/rel/RelDistribution.java,0,0,0.18732870439786806
1.4.0,core/src/main/java/org/apache/calcite/rel/RelDistributions.java,0,0,0.17358049750809457
1.4.0,core/src/main/java/org/apache/calcite/rel/RelDistributionTraitDef.java,0,0,0.15844531647426438
1.4.0,core/src/main/java/org/apache/calcite/rel/RelHomogeneousShuttle.java,0,0,0.19260718818931316
1.4.0,core/src/main/java/org/apache/calcite/rel/RelInput.java,0,0,0.13576272441077877
1.4.0,core/src/main/java/org/apache/calcite/rel/RelShuttle.java,0,0,0.18732870439786806
1.4.0,core/src/main/java/org/apache/calcite/rel/RelShuttleImpl.java,0,1,0.536975774995458
1.4.0,core/src/main/java/org/apache/calcite/schema/Statistic.java,0,0,0.18732870439786806
1.4.0,core/src/main/java/org/apache/calcite/schema/Statistics.java,0,0,0.38162483147064685
1.4.0,core/src/main/java/org/apache/calcite/adapter/enumerable/EnumerableCalc.java,0,0,0.4920547317340087
1.4.0,core/src/main/java/org/apache/calcite/adapter/enumerable/EnumerableFilter.java,0,0,0.4424715559694544
1.4.0,core/src/main/java/org/apache/calcite/adapter/enumerable/EnumerableLimit.java,0,1,0.579174864574289
1.4.0,core/src/main/java/org/apache/calcite/adapter/enumerable/EnumerableValues.java,0,0,0.4093320410587604
1.4.0,core/src/main/java/org/apache/calcite/rel/core/Exchange.java,0,0,0.18732870439786806
1.4.0,core/src/main/java/org/apache/calcite/rel/core/Sort.java,0,0,0.4776350098292614
1.4.0,core/src/main/java/org/apache/calcite/rel/core/SortExchange.java,0,0,0.18732870439786806
1.4.0,core/src/main/java/org/apache/calcite/rel/externalize/RelJson.java,0,1,0.5287702114189863
1.4.0,core/src/main/java/org/apache/calcite/rel/logical/LogicalCalc.java,0,0,0.22762360211755642
1.4.0,core/src/main/java/org/apache/calcite/rel/logical/LogicalExchange.java,0,0,0.20477152294338807
1.4.0,core/src/main/java/org/apache/calcite/rel/logical/LogicalFilter.java,0,0,0.34616943375332515
1.4.0,core/src/main/java/org/apache/calcite/rel/metadata/RelMdColumnOrigins.java,0,0,0.44261126776727994
1.4.0,core/src/main/java/org/apache/calcite/rel/metadata/RelMdDistinctRowCount.java,0,0,0.28461068656264343
1.4.0,core/src/main/java/org/apache/calcite/rel/metadata/RelMdPopulationSize.java,0,0,0.18721731070068293
1.4.0,core/src/main/java/org/apache/calcite/rel/rules/CalcMergeRule.java,0,0,0.4310849134838568
1.4.0,core/src/main/java/org/apache/calcite/rel/rules/CalcRemoveRule.java,0,0,0.1419741820501293
1.4.0,core/src/main/java/org/apache/calcite/rel/RelCollationImpl.java,0,0,0.3203727049354321
1.4.0,core/src/main/java/org/apache/calcite/plan/RelOptRuleOperand.java,0,0,0.3665110700552417
1.4.0,avatica/src/main/java/org/apache/calcite/avatica/ConnectionPropertiesImpl.java,0,0,0.12154835736347716
1.4.0,core/src/main/java/org/apache/calcite/rel/metadata/RelMdUniqueKeys.java,0,0,0.372184423371987
1.4.0,core/src/main/java/org/apache/calcite/sql/fun/SqlAbstractGroupFunction.java,1,1,0.5121526077660791
1.4.0,core/src/main/java/org/apache/calcite/sql/fun/SqlGroupIdFunction.java,0,0,0.19183343314386833
1.4.0,core/src/main/java/org/apache/calcite/sql/fun/SqlGroupingFunction.java,0,0,0.19183343314386833
1.4.0,core/src/main/java/org/apache/calcite/sql/fun/SqlGroupingIdFunction.java,0,0,0.19183343314386833
1.4.0,avatica-server/src/main/java/org/apache/calcite/avatica/server/Main.java,0,0,0.16485905023916975
1.4.0,avatica/src/main/java/org/apache/calcite/avatica/remote/MockJsonService.java,0,0,0.3402683946739227
1.4.0,linq4j/src/main/java/org/apache/calcite/linq4j/Ord.java,0,0,0.123709263077448
1.4.0,mongodb/src/main/java/org/apache/calcite/adapter/mongodb/MongoTable.java,0,0,0.20071550521330195
1.4.0,core/src/main/java/org/apache/calcite/util/Litmus.java,0,0,0.18094144089867945
1.4.0,core/src/main/java/org/apache/calcite/sql/validate/SqlUserDefinedTableMacro.java,0,1,0.6226002614292131
1.4.0,core/src/main/java/org/apache/calcite/materialize/TileKey.java,0,1,0.5197393635464793
1.4.0,core/src/main/java/org/apache/calcite/materialize/TileSuggester.java,0,0,0.49117170899835744
1.4.0,core/src/main/java/org/apache/calcite/rel/RelNodes.java,0,0,0.4406004052173054
1.4.0,core/src/main/java/org/apache/calcite/adapter/jdbc/JdbcConvention.java,0,0,0.4170593616381885
1.4.0,core/src/main/java/org/apache/calcite/plan/volcano/RuleQueue.java,0,1,0.6937590623543892
1.4.0,core/src/main/java/org/apache/calcite/jdbc/CalciteConnectionImpl.java,0,1,0.9458558978179572
1.4.0,core/src/main/java/org/apache/calcite/jdbc/CalciteJdbc41Factory.java,0,0,0.29740372970141576
1.4.0,avatica/src/main/java/org/apache/calcite/avatica/AvaticaConnection.java,0,1,0.9789288366113845
1.4.0,avatica/src/main/java/org/apache/calcite/avatica/AvaticaJdbc41Factory.java,0,0,0.4927806587240761
1.4.0,avatica/src/main/java/org/apache/calcite/avatica/AvaticaParameter.java,0,1,0.6356535435228694
1.4.0,avatica/src/main/java/org/apache/calcite/avatica/AvaticaResultSet.java,0,1,0.5711808290271908
1.4.0,avatica/src/main/java/org/apache/calcite/avatica/remote/TypedValue.java,0,0,0.24525870244572645
1.4.0,avatica/src/main/java/org/apache/calcite/avatica/util/DateTimeUtils.java,0,1,0.9033354055355015
1.4.0,core/src/main/java/org/apache/calcite/rel/rules/LoptJoinTree.java,0,0,0.17279972668877772
1.4.0,core/src/main/java/org/apache/calcite/rel/rules/LoptMultiJoin.java,0,0,0.3017291450144149
1.4.0,ubenchmark/src/main/java/org/apache/calcite/StatementTest.java,0,0,0.08886611535420903
1.4.0,core/src/main/java/org/apache/calcite/rel/type/RelDataTypeSystem.java,0,0,0.25472078335475956
1.4.0,core/src/main/java/org/apache/calcite/rel/type/RelDataTypeSystemImpl.java,0,1,0.7191461988899022
1.4.0,core/src/main/java/org/apache/calcite/sql/type/BasicSqlType.java,0,1,0.756897815009929
1.4.0,core/src/main/java/org/apache/calcite/jdbc/CalcitePreparedStatement.java,0,0,0.19183343314386833
1.4.0,core/src/main/java/org/apache/calcite/jdbc/CalciteStatement.java,1,0,0.39993494596549706
1.4.0,core/src/main/java/org/apache/calcite/jdbc/MetadataSchema.java,0,0,0.1994535037494762
1.4.0,core/src/main/java/org/apache/calcite/runtime/ArrayEnumeratorCursor.java,0,0,0.18732870439786806
1.4.0,core/src/main/java/org/apache/calcite/runtime/EnumeratorCursor.java,0,0,0.18732870439786806
1.4.0,core/src/main/java/org/apache/calcite/runtime/ObjectEnumeratorCursor.java,0,0,0.1559391275265935
1.4.0,core/src/main/java/org/apache/calcite/runtime/RecordEnumeratorCursor.java,0,0,0.18732870439786806
1.4.0,core/src/main/java/org/apache/calcite/server/CalciteServer.java,0,0,0.18732870439786806
1.4.0,core/src/main/java/org/apache/calcite/sql/SqlDateLiteral.java,0,0,0.31915276019829375
1.4.0,core/src/main/java/org/apache/calcite/sql/SqlIntervalQualifier.java,1,1,0.7146302038097695
1.4.0,core/src/main/java/org/apache/calcite/sql2rel/SqlNodeToRexConverterImpl.java,1,0,0.4859506818413257
1.4.0,core/src/main/java/org/apache/calcite/util/JsonBuilder.java,1,1,0.6130440643026377
1.4.0,core/src/main/java/org/apache/calcite/util/ZonelessDate.java,0,0,0.34875429727978446
1.4.0,core/src/main/java/org/apache/calcite/util/ZonelessDatetime.java,0,0,0.38165530404503784
1.4.0,core/src/main/java/org/apache/calcite/util/ZonelessTime.java,0,0,0.24813119965332378
1.4.0,core/src/main/java/org/apache/calcite/util/ZonelessTimestamp.java,0,0,0.2515663246786705
1.4.0,core/src/main/java/org/apache/calcite/adapter/clone/ListTable.java,0,0,0.18732870439786806
1.4.0,core/src/main/java/org/apache/calcite/sql/parser/SqlAbstractParserImpl.java,0,1,0.6185864841362139
1.4.0,core/src/main/java/org/apache/calcite/sql/parser/SqlParser.java,0,1,0.5574368541394223
1.4.0,core/src/main/java/org/apache/calcite/sql/parser/SqlParserUtil.java,0,1,0.8877696068171183
1.4.0,core/src/main/java/org/apache/calcite/sql/pretty/SqlPrettyWriter.java,0,0,0.16741232233084144
1.4.0,core/src/main/java/org/apache/calcite/sql/type/IntervalSqlType.java,0,1,0.6070504907677865
1.4.0,avatica/src/main/java/org/apache/calcite/avatica/AvaticaResultSetMetaData.java,0,0,0.482782418390453
1.4.0,avatica/src/main/java/org/apache/calcite/avatica/BuiltInConnectionProperty.java,0,0,0.10820139849289118
1.4.0,avatica/src/main/java/org/apache/calcite/avatica/ConnectionConfig.java,0,0,0.18732870439786806
1.4.0,avatica/src/main/java/org/apache/calcite/avatica/ConnectionProperty.java,0,0,0.18732870439786597
1.4.0,avatica/src/main/java/org/apache/calcite/avatica/InternalProperty.java,0,0,0.06458350274662675
1.4.0,avatica/src/main/java/org/apache/calcite/avatica/remote/AvaticaRemoteConnectionConfigImpl.java,0,0,0.18732870439786806
1.4.0,avatica/src/main/java/org/apache/calcite/avatica/remote/AvaticaRemoteConnectionProperty.java,0,0,0.10820139849289118
1.4.0,avatica/src/main/java/org/apache/calcite/avatica/remote/Driver.java,0,0,0.3106091581534584
1.4.0,avatica/src/main/java/org/apache/calcite/avatica/remote/Handler.java,0,0,0.18732870439786806
1.4.0,avatica/src/main/java/org/apache/calcite/avatica/util/ArrayImpl.java,0,0,0.10009266165974005
1.4.0,avatica/src/main/java/org/apache/calcite/avatica/util/ArrayIteratorCursor.java,0,0,0.18732870439786806
1.4.0,avatica/src/main/java/org/apache/calcite/avatica/util/Casing.java,0,0,0.18732870439786806
1.4.0,avatica/src/main/java/org/apache/calcite/avatica/util/Cursor.java,0,0,0.26354927790571486
1.4.0,avatica/src/main/java/org/apache/calcite/avatica/util/IteratorCursor.java,0,0,0.11050157475868551
1.4.0,avatica/src/main/java/org/apache/calcite/avatica/util/ListIteratorCursor.java,0,0,0.18732870439786806
1.4.0,avatica/src/main/java/org/apache/calcite/avatica/util/MapIteratorCursor.java,0,0,0.18732870439786806
1.4.0,avatica/src/main/java/org/apache/calcite/avatica/util/PositionedCursor.java,0,0,0.21103892954108025
1.4.0,avatica/src/main/java/org/apache/calcite/avatica/util/Quoting.java,0,0,0.18732870439786806
1.4.0,avatica/src/main/java/org/apache/calcite/avatica/util/RecordIteratorCursor.java,0,0,0.18732870439786806
1.4.0,avatica/src/main/java/org/apache/calcite/avatica/util/Spacer.java,0,0,0.18732870439786806
1.4.0,avatica/src/main/java/org/apache/calcite/avatica/util/Spaces.java,0,0,0.08887779753017769
1.4.0,avatica/src/main/java/org/apache/calcite/avatica/util/TimeUnit.java,0,0,0.18732870439786806
1.4.0,avatica/src/main/java/org/apache/calcite/avatica/util/TimeUnitRange.java,0,0,0.06762189729025936
1.4.0,splunk/src/main/java/org/apache/calcite/adapter/splunk/SplunkQuery.java,0,0,0.18732870439786806
1.4.0,linq4j/src/main/java/org/apache/calcite/linq4j/AbstractEnumerable2.java,0,0,0.19183343314386833
1.4.0,core/src/main/java/org/apache/calcite/jdbc/CalciteResultSet.java,0,1,0.7047747016664628
1.4.0,avatica/src/main/java/org/apache/calcite/avatica/AvaticaFactory.java,0,0,0.4720497865009029
1.4.0,core/src/main/java/org/apache/calcite/rex/RexCallBinding.java,1,1,0.7083580868822679
1.4.0,core/src/main/java/org/apache/calcite/runtime/SqlFunctions.java,1,1,0.5195397663904351
1.4.0,core/src/main/java/org/apache/calcite/sql2rel/StandardConvertletTable.java,1,1,0.6986752614325817
1.4.0,core/src/main/java/org/apache/calcite/rel/BiRel.java,0,0,0.395241893969988
1.4.0,core/src/main/java/org/apache/calcite/sql2rel/DeduplicateCorrelateVariables.java,0,1,0.5121526077660791
1.4.0,core/src/main/java/org/apache/calcite/rel/metadata/CachingRelMetadataProvider.java,0,1,0.7135379824805975
1.4.0,avatica/src/main/java/org/apache/calcite/avatica/AvaticaDatabaseMetaData.java,0,0,0.3377604984390455
1.4.0,avatica/src/main/java/org/apache/calcite/avatica/SqlType.java,0,0,5.778683604438625e-17
1.4.0,avatica/src/main/java/org/apache/calcite/avatica/AvaticaSite.java,0,0,0.23621660709182438
1.4.0,linq4j/src/main/java/org/apache/calcite/linq4j/CorrelateJoinType.java,0,0,0.19183343314386833
1.4.0,avatica/src/main/java/org/apache/calcite/avatica/util/AbstractCursor.java,1,1,0.8519003280168618
1.4.0,core/src/main/java/org/apache/calcite/sql/SqlDataTypeSpec.java,0,0,0.37891863420263644
1.4.0,core/src/main/java/org/apache/calcite/adapter/enumerable/AggImplementor.java,0,0,0.18732870439786806
1.4.0,core/src/main/java/org/apache/calcite/adapter/enumerable/EnumerableCorrelate.java,0,0,0.47592528806701406
1.4.0,core/src/main/java/org/apache/calcite/adapter/enumerable/EnumerableRelImplementor.java,1,1,0.5692455609350053
1.4.0,core/src/main/java/org/apache/calcite/adapter/enumerable/impl/WinAggAddContextImpl.java,0,0,0.19183343314386833
1.4.0,linq4j/src/main/java/org/apache/calcite/linq4j/EnumerableQueryable.java,0,0,0.20608007225478292
1.4.0,linq4j/src/main/java/org/apache/calcite/linq4j/QueryableDefaults.java,0,0,0.3294620013823196
1.4.0,avatica/src/main/java/org/apache/calcite/avatica/remote/JsonService.java,0,1,0.9690041943301219
1.4.0,core/src/main/java/org/apache/calcite/rel/rules/JoinUnionTransposeRule.java,0,0,0.41913991786503296
1.4.0,avatica/src/main/java/org/apache/calcite/avatica/remote/LocalService.java,0,1,0.9915152725691717
1.4.0,avatica/src/main/java/org/apache/calcite/avatica/remote/RemoteMeta.java,0,1,0.9934725081107867
1.4.0,avatica/src/main/java/org/apache/calcite/avatica/remote/Service.java,0,1,0.9854347424643045
1.4.0,core/src/main/java/org/apache/calcite/prepare/CalciteMaterializer.java,0,1,0.7699691067118632
1.4.0,avatica/src/main/java/org/apache/calcite/avatica/DriverVersion.java,0,0,0.0013116251946177666
1.4.0,avatica/src/main/java/org/apache/calcite/avatica/Handler.java,0,0,0.1970091250442683
1.4.0,avatica/src/main/java/org/apache/calcite/avatica/HandlerImpl.java,0,0,0.11410606308368612
1.4.0,core/src/main/java/org/apache/calcite/Demo.java,0,0,0.1314555998220707
1.4.0,core/src/main/java/org/apache/calcite/schema/Function.java,0,0,0.18732870439786806
1.4.0,core/src/main/java/org/apache/calcite/schema/SemiMutableSchema.java,0,0,0.18732870439786806
1.4.0,core/src/main/java/org/apache/calcite/schema/TableMacro.java,0,0,0.18732870439786806
1.4.0,core/src/main/java/org/apache/calcite/util/CancelFlag.java,0,0,0.14195245987938757
1.4.0,core/src/main/java/org/apache/calcite/util/ClosableAllocation.java,0,0,0.18732870439786806
1.4.0,core/src/main/java/org/apache/calcite/util/ClosableAllocationOwner.java,0,0,0.18732870439786806
1.4.0,core/src/main/java/org/apache/calcite/util/ControlFlowException.java,0,0,0.19183343314386833
1.4.0,core/src/main/java/org/apache/calcite/util/Glossary.java,0,0,0.17358049750809457
1.4.0,core/src/main/java/org/apache/calcite/util/Holder.java,0,0,0.13923989589447544
1.4.0,core/src/main/java/org/apache/calcite/util/ReflectiveVisitor.java,0,0,0.18732870439786806
1.4.0,core/src/main/java/org/apache/calcite/interpreter/Node.java,0,0,0.13576272441077877
1.4.0,core/src/main/java/org/apache/calcite/interpreter/Sink.java,0,0,0.13576272441077877
1.4.0,core/src/main/java/org/apache/calcite/interpreter/Source.java,0,0,0.18732870439786806
1.4.0,core/src/main/java/org/apache/calcite/jdbc/SqlTimeoutException.java,0,0,0.18732870439786806
1.4.0,core/src/main/java/org/apache/calcite/runtime/ArrayComparator.java,0,0,0.12521587832694073
1.4.0,core/src/main/java/org/apache/calcite/runtime/Hook.java,0,0,0.37753683636471086
1.4.0,core/src/main/java/org/apache/calcite/runtime/Like.java,1,0,0.3227521646252532
1.4.0,core/src/main/java/org/apache/calcite/runtime/Typed.java,0,0,0.18732870439786806
1.4.0,core/src/main/java/org/apache/calcite/runtime/Unit.java,0,0,0.07545916316990252
1.4.0,core/src/main/java/org/apache/calcite/runtime/Utilities.java,0,0,0.32301023210193447
1.4.0,core/src/main/java/org/apache/calcite/tools/RelConversionException.java,0,0,0.18732870439786806
1.4.0,core/src/main/java/org/apache/calcite/tools/ValidationException.java,0,0,0.1991299513512956
1.4.0,core/src/main/java/org/apache/calcite/plan/CommonRelSubExprRule.java,0,0,0.18732870439786806
1.4.0,core/src/main/java/org/apache/calcite/plan/RelOptConnection.java,0,0,0.18732870439786806
1.4.0,core/src/main/java/org/apache/calcite/plan/RelOptCost.java,0,0,0.08319377296785042
1.4.0,core/src/main/java/org/apache/calcite/plan/RelOptCostFactory.java,0,0,0.18732870439786806
1.4.0,core/src/main/java/org/apache/calcite/plan/RelOptRuleOperandChildPolicy.java,0,0,0.19183343314386833
1.4.0,core/src/main/java/org/apache/calcite/plan/RelOptRuleOperandChildren.java,0,0,0.29002347206648416
1.4.0,core/src/main/java/org/apache/calcite/plan/RelOptSamplingParameters.java,0,0,0.13923989589447544
1.4.0,core/src/main/java/org/apache/calcite/plan/RelOptSchemaWithSampling.java,0,0,0.17358049750809457
1.4.0,core/src/main/java/org/apache/calcite/rel/InvalidRelException.java,0,0,0.21250091193556678
1.4.0,core/src/main/java/org/apache/calcite/rel/RelVisitor.java,0,0,0.1093589090237899
1.4.0,core/src/main/java/org/apache/calcite/rex/RexAction.java,0,0,0.17358049750809457
1.4.0,core/src/main/java/org/apache/calcite/rex/RexPattern.java,0,0,0.18732870439786806
1.4.0,core/src/main/java/org/apache/calcite/rex/RexSqlConvertletTable.java,0,0,0.18732870439786806
1.4.0,core/src/main/java/org/apache/calcite/sql/SqlAccessEnum.java,0,0,0.19183343314386833
1.4.0,core/src/main/java/org/apache/calcite/sql/SqlNullSemantics.java,0,0,0.18732870439786806
1.4.0,core/src/main/java/org/apache/calcite/sql/SqlOperandCountRange.java,0,0,0.18732870439786806
1.4.0,core/src/main/java/org/apache/calcite/sql/SqlValuesOperator.java,0,1,0.5121526077660791
1.4.0,core/src/main/java/org/apache/calcite/util/graph/BreadthFirstIterator.java,0,0,0.4171118057357863
1.4.0,core/src/main/java/org/apache/calcite/util/graph/DirectedGraph.java,0,0,0.1993976829349515
1.4.0,core/src/main/java/org/apache/calcite/util/mapping/AbstractSourceMapping.java,0,0,0.19011129795083032
1.4.0,core/src/main/java/org/apache/calcite/util/mapping/AbstractTargetMapping.java,0,0,0.1544376133587177
1.4.0,core/src/main/java/org/apache/calcite/util/mapping/IntPair.java,0,0,0.20354081478251454
1.4.0,core/src/main/java/org/apache/calcite/util/mapping/MappingType.java,0,0,0.3021928234654427
1.4.0,core/src/main/java/org/apache/calcite/util/javac/JavaCompiler.java,0,0,0.18732870439786806
1.4.0,core/src/main/java/org/apache/calcite/adapter/enumerable/WinAggContext.java,0,0,0.18732870439786806
1.4.0,core/src/main/java/org/apache/calcite/adapter/enumerable/WinAggImplementor.java,0,0,0.19183343314386833
1.4.0,core/src/main/java/org/apache/calcite/plan/hep/HepMatchOrder.java,0,0,0.19183343314386833
1.4.0,core/src/main/java/org/apache/calcite/plan/volcano/VolcanoPlannerPhase.java,0,0,0.19183343314386833
1.4.0,core/src/main/java/org/apache/calcite/rel/core/JoinRelType.java,0,0,0.4222672994478164
1.4.0,core/src/main/java/org/apache/calcite/rel/metadata/RelColumnMapping.java,0,0,0.17358049750809457
1.4.0,core/src/main/java/org/apache/calcite/rel/type/RelDataTypeFamily.java,0,0,0.18732870439786806
1.4.0,core/src/main/java/org/apache/calcite/rel/type/RelDataTypeField.java,0,0,0.18732870439786806
1.4.0,core/src/main/java/org/apache/calcite/rel/type/RelDataTypePrecedenceList.java,0,0,0.18732870439786806
1.4.0,core/src/main/java/org/apache/calcite/sql/pretty/SqlFormatOptions.java,0,0,0.13576272441077877
1.4.0,core/src/main/java/org/apache/calcite/sql/type/ExtraSqlTypes.java,0,0,0.17358049750809457
1.4.0,core/src/main/java/org/apache/calcite/sql/validate/SqlConformance.java,0,0,0.30632285042189905
1.4.0,core/src/main/java/org/apache/calcite/sql/validate/SqlMonotonicity.java,0,0,0.013461761423331805
1.4.0,splunk/src/main/java/org/apache/calcite/adapter/splunk/search/SearchResultListener.java,0,0,0.17358049750809457
1.4.0,splunk/src/main/java/org/apache/calcite/adapter/splunk/util/StringUtils.java,0,0,0.048265903955745655
1.4.0,linq4j/src/main/java/org/apache/calcite/linq4j/AbstractEnumerable.java,0,0,0.19183343314386833
1.4.0,linq4j/src/main/java/org/apache/calcite/linq4j/AbstractQueryable.java,0,0,0.1778269629510815
1.4.0,linq4j/src/main/java/org/apache/calcite/linq4j/Enumerable.java,0,0,0.18732870439786806
1.4.0,linq4j/src/main/java/org/apache/calcite/linq4j/Enumerator.java,0,0,0.18732870439786806
1.4.0,linq4j/src/main/java/org/apache/calcite/linq4j/Grouping.java,0,0,0.18732870439786806
1.4.0,linq4j/src/main/java/org/apache/calcite/linq4j/OpType.java,0,0,0.18732870439786806
1.4.0,linq4j/src/main/java/org/apache/calcite/linq4j/OrderedEnumerable.java,0,0,0.18732870439786806
1.4.0,linq4j/src/main/java/org/apache/calcite/linq4j/OrderedQueryable.java,0,0,0.18732870439786806
1.4.0,linq4j/src/main/java/org/apache/calcite/linq4j/Queryable.java,0,0,0.18732870439786806
1.4.0,linq4j/src/main/java/org/apache/calcite/linq4j/RawEnumerable.java,0,0,0.18732870439786806
1.4.0,linq4j/src/main/java/org/apache/calcite/linq4j/function/BigDecimalFunction1.java,0,0,0.13576272441077877
1.4.0,linq4j/src/main/java/org/apache/calcite/linq4j/function/Deterministic.java,0,0,0.18732870439786806
1.4.0,linq4j/src/main/java/org/apache/calcite/linq4j/function/DoubleFunction1.java,0,0,0.13576272441077877
1.4.0,linq4j/src/main/java/org/apache/calcite/linq4j/function/EqualityComparer.java,0,0,0.18732870439786806
1.4.0,linq4j/src/main/java/org/apache/calcite/linq4j/function/FloatFunction1.java,0,0,0.13576272441077877
1.4.0,linq4j/src/main/java/org/apache/calcite/linq4j/function/Function.java,0,0,0.18732870439786806
1.4.0,linq4j/src/main/java/org/apache/calcite/linq4j/function/Function0.java,0,0,0.18732870439786806
1.4.0,linq4j/src/main/java/org/apache/calcite/linq4j/function/Function1.java,0,0,0.13923989589447544
1.4.0,linq4j/src/main/java/org/apache/calcite/linq4j/function/Function2.java,0,0,0.13576272441077877
1.4.0,linq4j/src/main/java/org/apache/calcite/linq4j/function/IntegerFunction1.java,0,0,0.13576272441077877
1.4.0,linq4j/src/main/java/org/apache/calcite/linq4j/function/LongFunction1.java,0,0,0.13576272441077877
1.4.0,linq4j/src/main/java/org/apache/calcite/linq4j/function/NonDeterministic.java,0,0,0.18732870439786806
1.4.0,linq4j/src/main/java/org/apache/calcite/linq4j/function/NullableBigDecimalFunction1.java,0,0,0.13576272441077877
1.4.0,linq4j/src/main/java/org/apache/calcite/linq4j/function/NullableDoubleFunction1.java,0,0,0.13576272441077877
1.4.0,linq4j/src/main/java/org/apache/calcite/linq4j/function/NullableFloatFunction1.java,0,0,0.13576272441077877
1.4.0,linq4j/src/main/java/org/apache/calcite/linq4j/function/NullableIntegerFunction1.java,0,0,0.13576272441077877
1.4.0,linq4j/src/main/java/org/apache/calcite/linq4j/function/NullableLongFunction1.java,0,0,0.13576272441077877
1.4.0,linq4j/src/main/java/org/apache/calcite/linq4j/function/Predicate1.java,0,0,0.13923989589447544
1.4.0,linq4j/src/main/java/org/apache/calcite/linq4j/function/Predicate2.java,0,0,0.12291360947937068
1.4.0,linq4j/src/main/java/org/apache/calcite/linq4j/tree/CallSiteBinder.java,0,0,0.18732870439786806
1.4.0,linq4j/src/main/java/org/apache/calcite/linq4j/tree/ElementInit.java,0,0,0.18732870439786806
1.4.0,linq4j/src/main/java/org/apache/calcite/linq4j/tree/Evaluator.java,0,1,0.518263280771572
1.4.0,linq4j/src/main/java/org/apache/calcite/linq4j/tree/ExpressionType.java,0,1,0.5121526077660791
1.4.0,linq4j/src/main/java/org/apache/calcite/linq4j/tree/GotoExpressionKind.java,0,0,0.19183343314386833
1.4.0,linq4j/src/main/java/org/apache/calcite/linq4j/tree/MemberAssignment.java,0,0,0.18732870439786806
1.4.0,linq4j/src/main/java/org/apache/calcite/linq4j/tree/MemberBinding.java,0,0,0.18732870439786806
1.4.0,linq4j/src/main/java/org/apache/calcite/linq4j/tree/MemberDeclaration.java,0,0,0.19183343314386833
1.4.0,linq4j/src/main/java/org/apache/calcite/linq4j/tree/MemberListBinding.java,0,0,0.18732870439786806
1.4.0,linq4j/src/main/java/org/apache/calcite/linq4j/tree/MemberMemberBinding.java,0,0,0.18732870439786806
1.4.0,linq4j/src/main/java/org/apache/calcite/linq4j/tree/Node.java,0,0,0.13576272441077877
1.4.0,linq4j/src/main/java/org/apache/calcite/linq4j/tree/PseudoField.java,0,0,0.18732870439786806
1.4.0,linq4j/src/main/java/org/apache/calcite/linq4j/tree/SwitchCase.java,0,0,0.18732870439786806
1.4.0,core/src/main/java/org/apache/calcite/rel/logical/LogicalAggregate.java,0,1,0.5550108476680919
1.4.0,core/src/main/java/org/apache/calcite/util/ImmutableIntList.java,0,0,0.40132149633558956
1.4.0,core/src/main/java/org/apache/calcite/rel/rules/AggregateExpandDistinctAggregatesRule.java,1,1,0.8594662256465636
1.4.0,core/src/main/java/org/apache/calcite/sql/type/ReturnTypes.java,0,1,0.6490699525273418
1.4.0,core/src/main/java/org/apache/calcite/config/Lex.java,0,0,0.3534385587477864
1.4.0,core/src/main/java/org/apache/calcite/sql/fun/SqlItemOperator.java,0,0,0.4217036073409878
1.4.0,core/src/main/java/org/apache/calcite/sql/SqlInsert.java,0,0,0.4346952244028575
1.4.0,core/src/main/java/org/apache/calcite/sql/SqlInsertKeyword.java,0,0,0.19183343314386833
1.4.0,core/src/main/java/org/apache/calcite/jdbc/CalciteMetaImpl.java,0,1,0.9931591362093013
1.4.0,avatica/src/main/java/org/apache/calcite/avatica/MetaImpl.java,1,1,0.9614022462007193
1.4.0,avatica-server/src/main/java/org/apache/calcite/avatica/server/AvaticaHandler.java,0,1,0.86034585880093
1.4.0,avatica/src/main/java/org/apache/calcite/avatica/remote/RemoteService.java,0,0,0.2147106993938577
1.4.0,spark/src/main/java/org/apache/calcite/adapter/spark/HttpServer.java,0,0,0.25966626306528967
1.4.0,core/src/main/java/org/apache/calcite/rel/metadata/RelMdDistribution.java,0,0,0.18646568880557296
1.4.0,core/src/main/java/org/apache/calcite/util/BitSets.java,0,1,0.527278506223103
1.4.0,core/src/main/java/org/apache/calcite/util/ImmutableBitSet.java,0,1,0.9216412140075889
1.4.0,core/src/main/java/org/apache/calcite/util/mapping/Mappings.java,0,1,0.6105182848417651
1.4.0,core/src/main/java/org/apache/calcite/rel/rules/ProjectRemoveRule.java,0,0,0.3909311246949796
1.4.0,core/src/main/java/org/apache/calcite/sql/SqlInfixOperator.java,0,0,0.32865700916675916
1.4.0,core/src/main/java/org/apache/calcite/sql/SqlInternalOperator.java,0,0,0.17599910551763479
1.4.0,core/src/main/java/org/apache/calcite/sql/SqlSpecialOperator.java,0,0,0.20568896657469252
1.4.0,core/src/main/java/org/apache/calcite/sql/SqlUpdate.java,1,0,0.4046135624553972
1.4.0,core/src/main/java/org/apache/calcite/sql/SqlUtil.java,0,1,0.6031671445142276
1.4.0,core/src/main/java/org/apache/calcite/sql/SqlWith.java,0,1,0.5097546488715835
1.4.0,core/src/main/java/org/apache/calcite/sql/SqlWithItem.java,0,0,0.28617214152690434
1.4.0,core/src/main/java/org/apache/calcite/sql/fun/SqlExtendOperator.java,0,1,0.5335216079385587
1.4.0,core/src/main/java/org/apache/calcite/sql/fun/SqlRollupOperator.java,0,1,0.5086417249801177
1.4.0,core/src/main/java/org/apache/calcite/plan/SubstitutionVisitor.java,1,1,0.8765597433761597
1.4.0,core/src/main/java/org/apache/calcite/sql/SqlAggFunction.java,1,0,0.45742467251377633
1.4.0,core/src/main/java/org/apache/calcite/sql/SqlSplittableAggFunction.java,1,0,0.3663871333118671
1.4.0,core/src/main/java/org/apache/calcite/rel/core/AggregateCall.java,0,1,0.7756881320934291
1.4.0,core/src/main/java/org/apache/calcite/rel/metadata/RelMdColumnUniqueness.java,1,0,0.49392869306457293
1.4.0,core/src/main/java/org/apache/calcite/rel/rules/AggregateReduceFunctionsRule.java,0,0,0.4878395639038373
1.4.0,core/src/main/java/org/apache/calcite/sql/fun/SqlCountAggFunction.java,1,0,0.3265176930006448
1.4.0,core/src/main/java/org/apache/calcite/sql/fun/SqlMinMaxAggFunction.java,1,0,0.18550792093398574
1.4.0,core/src/main/java/org/apache/calcite/sql/fun/SqlSumAggFunction.java,1,0,0.2731261636988704
1.4.0,core/src/main/java/org/apache/calcite/sql/fun/SqlSumEmptyIsZeroAggFunction.java,1,0,0.2551444348724191
1.4.0,core/src/main/java/org/apache/calcite/rel/rules/FilterAggregateTransposeRule.java,0,1,0.649691738312838
1.4.0,core/src/main/java/org/apache/calcite/jdbc/CalcitePrepare.java,0,1,0.7608425054970093
1.4.0,core/src/main/java/org/apache/calcite/rex/RexCopier.java,0,0,0.2574895261632966
1.4.0,core/src/main/java/org/apache/calcite/schema/ModifiableTable.java,0,0,0.3273555451911294
1.4.0,core/src/main/java/org/apache/calcite/schema/ModifiableView.java,0,0,0.2079365645168619
1.4.0,core/src/main/java/org/apache/calcite/adapter/enumerable/RexToLixTranslator.java,0,1,0.9766218568192072
1.4.0,core/src/main/java/org/apache/calcite/schema/impl/ViewTable.java,0,1,0.6428806268902204
1.4.0,linq4j/src/main/java/org/apache/calcite/linq4j/tree/ConstantExpression.java,0,1,0.828684279267349
1.4.0,linq4j/src/main/java/org/apache/calcite/linq4j/tree/Expressions.java,0,1,0.6679676159447329
1.4.0,mongodb/src/main/java/org/apache/calcite/adapter/mongodb/MongoFilter.java,0,0,0.23068122803790522
1.4.0,core/src/main/java/org/apache/calcite/tools/RelBuilder.java,1,0,0.34488603428904163
1.4.0,core/src/main/java/org/apache/calcite/sql/SqlTimeLiteral.java,0,1,0.6125722808206635
1.4.0,core/src/main/java/org/apache/calcite/sql/SqlTimestampLiteral.java,0,1,0.5629664543968683
1.4.0,core/src/main/java/org/apache/calcite/sql/fun/SqlBetweenOperator.java,1,1,0.786188467126682
1.4.0,core/src/main/java/org/apache/calcite/sql/type/AssignableOperandTypeChecker.java,0,0,0.29071706678181536
1.4.0,core/src/main/java/org/apache/calcite/sql/type/ComparableOperandTypeChecker.java,0,0,0.4380709326194992
1.4.0,core/src/main/java/org/apache/calcite/sql/type/CompositeOperandTypeChecker.java,1,1,0.6091742613209817
1.4.0,core/src/main/java/org/apache/calcite/sql/type/FamilyOperandTypeChecker.java,0,1,0.5647975117360458
1.4.0,core/src/main/java/org/apache/calcite/sql/type/LiteralOperandTypeChecker.java,0,1,0.5282974314420954
1.4.0,core/src/main/java/org/apache/calcite/sql/type/MultisetOperandTypeChecker.java,0,0,0.4005530930346251
1.4.0,core/src/main/java/org/apache/calcite/sql/type/OperandTypes.java,0,0,0.39195220017787574
1.4.0,core/src/main/java/org/apache/calcite/sql/type/SameOperandTypeChecker.java,0,1,0.614140986985988
1.4.0,core/src/main/java/org/apache/calcite/sql/type/SetopOperandTypeChecker.java,0,1,0.509814653597746
1.4.0,core/src/main/java/org/apache/calcite/sql/type/SqlOperandTypeChecker.java,0,0,0.22620459537021526
1.4.0,core/src/main/java/org/apache/calcite/sql/type/SqlTypeUtil.java,1,1,0.7670296401378471
1.4.0,core/src/main/java/org/apache/calcite/jdbc/Driver.java,0,0,0.3260252979605735
1.4.0,core/src/main/java/org/apache/calcite/util/Compatible.java,0,0,0.3111844518586371
1.4.0,avatica/src/main/java/org/apache/calcite/avatica/UnregisteredDriver.java,0,1,0.7362003645068934
1.4.0,core/src/main/java/org/apache/calcite/prepare/CalcitePrepareImpl.java,1,1,0.9971502037164127
1.4.0,core/src/main/java/org/apache/calcite/rel/rules/FilterJoinRule.java,0,1,0.6994494212079275
1.4.0,core/src/main/java/org/apache/calcite/rel/rules/JoinPushExpressionsRule.java,0,0,0.34007086109001283
1.4.0,core/src/main/java/org/apache/calcite/adapter/jdbc/JdbcSchema.java,1,1,0.5244981008923134
1.4.0,core/src/main/java/org/apache/calcite/sql/SqlNode.java,0,1,0.6243074977705909
1.4.0,core/src/main/java/org/apache/calcite/adapter/enumerable/PhysTypeImpl.java,1,1,0.7990780699013865
1.4.0,core/src/main/java/org/apache/calcite/sql/validate/SelectNamespace.java,0,0,0.3353033812590953
1.4.0,core/src/main/java/org/apache/calcite/sql/validate/SqlValidatorImpl.java,1,1,0.9954156167211111
1.4.0,core/src/main/java/org/apache/calcite/sql/validate/SqlValidatorUtil.java,0,1,0.971639760336374
1.4.0,core/src/main/java/org/apache/calcite/adapter/enumerable/EnumerableSemiJoin.java,0,0,0.4080660789383208
1.4.0,core/src/main/java/org/apache/calcite/adapter/enumerable/EnumerableSemiJoinRule.java,0,1,0.5485837221708532
1.4.0,core/src/main/java/org/apache/calcite/rel/core/SemiJoin.java,0,0,0.4561676689106623
1.4.0,mongodb/src/main/java/org/apache/calcite/adapter/mongodb/MongoProject.java,0,0,0.18732870439786806
1.4.0,spark/src/main/java/org/apache/calcite/adapter/spark/SparkRules.java,0,0,0.20211283443431205
1.4.0,core/src/main/java/org/apache/calcite/rel/rules/JoinAddRedundantSemiJoinRule.java,0,0,0.4212561873695797
1.4.0,core/src/main/java/org/apache/calcite/rel/rules/LoptSemiJoinOptimizer.java,0,0,0.3836096276718291
1.4.0,core/src/main/java/org/apache/calcite/rel/rules/SemiJoinFilterTransposeRule.java,0,0,0.20088591131235833
1.4.0,core/src/main/java/org/apache/calcite/rel/rules/SemiJoinJoinTransposeRule.java,0,1,0.5336741851671981
1.4.0,core/src/main/java/org/apache/calcite/rel/rules/SemiJoinProjectTransposeRule.java,0,1,0.5232512496302888
1.4.0,core/src/main/java/org/apache/calcite/rel/metadata/RelMdSize.java,0,1,0.6426238969354278
1.4.0,core/src/main/java/org/apache/calcite/sql/validate/AggChecker.java,0,1,0.8475556025479504
1.4.0,core/src/main/java/org/apache/calcite/jdbc/JavaTypeFactoryImpl.java,1,1,0.8252538596831527
1.4.0,core/src/main/java/org/apache/calcite/sql/SqlUnresolvedFunction.java,0,0,0.17418811178650637
1.4.0,core/src/main/java/org/apache/calcite/sql/fun/SqlFirstLastValueAggFunction.java,1,0,0.3932083059743835
1.4.0,core/src/main/java/org/apache/calcite/model/JsonColumn.java,0,0,0.36245180750027195
1.4.0,core/src/main/java/org/apache/calcite/model/JsonCustomSchema.java,0,0,0.34263585491738413
1.4.0,core/src/main/java/org/apache/calcite/model/JsonCustomTable.java,0,0,0.35244740851451517
1.4.0,core/src/main/java/org/apache/calcite/model/JsonFunction.java,0,0,0.33680498084124766
1.4.0,core/src/main/java/org/apache/calcite/model/JsonJdbcSchema.java,0,0,0.40345654208924153
1.4.0,core/src/main/java/org/apache/calcite/prepare/RelOptTableImpl.java,0,1,0.6630104667494174
1.4.0,core/src/main/java/org/apache/calcite/model/JsonLattice.java,0,1,0.8422629065485789
1.4.0,core/src/main/java/org/apache/calcite/model/JsonMapSchema.java,0,1,0.7219405614431259
1.4.0,core/src/main/java/org/apache/calcite/model/JsonMaterialization.java,0,0,0.34472674656414853
1.4.0,core/src/main/java/org/apache/calcite/model/JsonMeasure.java,0,0,0.28817880195896156
1.4.0,core/src/main/java/org/apache/calcite/model/JsonRoot.java,0,1,0.6193481392392568
1.4.0,core/src/main/java/org/apache/calcite/model/JsonSchema.java,0,1,0.7118188692213501
1.4.0,core/src/main/java/org/apache/calcite/model/JsonStream.java,0,0,0.28648285607214424
1.4.0,core/src/main/java/org/apache/calcite/model/JsonTable.java,0,0,0.4858293754977571
1.4.0,core/src/main/java/org/apache/calcite/model/JsonTile.java,0,0,0.2946752434903968
1.4.0,core/src/main/java/org/apache/calcite/model/JsonView.java,0,0,0.49299061371614217
1.4.0,core/src/main/java/org/apache/calcite/rel/RelFieldCollation.java,0,0,0.19057986463621288
1.4.0,core/src/main/java/org/apache/calcite/adapter/enumerable/EnumerableProjectRule.java,0,0,0.4732222421837338
1.4.0,core/src/main/java/org/apache/calcite/rel/rules/AggregateUnionAggregateRule.java,0,0,0.44124669819374945
1.4.0,core/src/main/java/org/apache/calcite/rel/rules/AggregateUnionTransposeRule.java,1,0,0.4835317034415019
1.4.0,core/src/main/java/org/apache/calcite/rel/rules/UnionEliminatorRule.java,0,0,0.17358049750809457
1.4.0,core/src/main/java/org/apache/calcite/rel/rules/UnionMergeRule.java,0,0,0.18732870439786806
1.4.0,core/src/main/java/org/apache/calcite/rel/rules/UnionToDistinctRule.java,0,1,0.5121526077660791
1.4.0,core/src/main/java/org/apache/calcite/rel/metadata/RelMdCollation.java,1,1,0.5605927766456116
1.4.0,core/src/main/java/org/apache/calcite/rel/rules/AggregateRemoveRule.java,0,0,0.4106247120973108
1.4.0,mongodb/src/main/java/org/apache/calcite/adapter/mongodb/MongoRules.java,0,0,0.27361447483893325
1.4.0,core/src/main/java/org/apache/calcite/interpreter/TableScanNode.java,0,1,0.8201937653833888
1.4.0,core/src/main/java/org/apache/calcite/interpreter/AggregateNode.java,1,1,0.7799758631475336
1.4.0,core/src/main/java/org/apache/calcite/interpreter/Bindables.java,0,0,0.28987179321825995
1.4.0,core/src/main/java/org/apache/calcite/interpreter/Interpreter.java,0,0,0.4821826270179061
1.4.0,core/src/main/java/org/apache/calcite/interpreter/JaninoRexCompiler.java,0,1,0.5656569287484621
1.4.0,core/src/main/java/org/apache/calcite/interpreter/JoinNode.java,0,0,0.28402333124555257
1.4.0,core/src/main/java/org/apache/calcite/interpreter/Nodes.java,0,0,0.19617508768209505
1.4.0,core/src/main/java/org/apache/calcite/interpreter/ProjectNode.java,0,1,0.6437071034792773
1.4.0,core/src/main/java/org/apache/calcite/interpreter/ValuesNode.java,0,1,0.5121526077660791
1.4.0,core/src/main/java/org/apache/calcite/sql/SqlFilterOperator.java,0,1,0.5008519126209067
1.4.0,core/src/main/java/org/apache/calcite/sql/SqlOverOperator.java,0,1,0.5600248666508594
1.4.0,core/src/main/java/org/apache/calcite/util/Bug.java,0,0,0.26879709760707216
1.4.0,core/src/main/java/org/apache/calcite/adapter/enumerable/AggAddContext.java,0,0,0.23887977785945763
1.4.0,core/src/main/java/org/apache/calcite/adapter/enumerable/EnumerableAggregate.java,1,1,0.7997830834515733
1.4.0,core/src/main/java/org/apache/calcite/adapter/enumerable/EnumerableWindow.java,0,1,0.7205757613500577
1.4.0,core/src/main/java/org/apache/calcite/adapter/enumerable/StrictAggImplementor.java,0,1,0.5678839855132313
1.4.0,core/src/main/java/org/apache/calcite/tools/Programs.java,0,1,0.5717485038860128
1.4.0,core/src/main/java/org/apache/calcite/rel/core/Window.java,0,0,0.40328727352081484
1.4.0,core/src/main/java/org/apache/calcite/rel/externalize/RelJsonReader.java,1,1,0.7754473944139659
1.4.0,core/src/main/java/org/apache/calcite/rel/rules/AggregateFilterTransposeRule.java,0,1,0.530026894375975
1.4.0,core/src/main/java/org/apache/calcite/rel/rules/AggregateProjectMergeRule.java,0,1,0.5613563896498868
1.4.0,core/src/main/java/org/apache/calcite/rel/rules/AggregateProjectPullUpConstantsRule.java,0,1,0.8211679445111613
1.4.0,core/src/main/java/org/apache/calcite/adapter/enumerable/EnumerableInterpreter.java,0,0,0.46831436945484667
1.4.0,core/src/main/java/org/apache/calcite/adapter/enumerable/EnumerableInterpreterRule.java,0,0,0.1778269629510815
1.4.0,core/src/main/java/org/apache/calcite/adapter/enumerable/EnumerableProject.java,0,0,0.32242230555212503
1.4.0,core/src/main/java/org/apache/calcite/adapter/enumerable/EnumerableRel.java,0,0,0.2377657989168366
1.4.0,core/src/main/java/org/apache/calcite/adapter/enumerable/EnumerableRules.java,0,0,0.16463482606088972
1.4.0,core/src/main/java/org/apache/calcite/adapter/enumerable/EnumerableTableScanRule.java,0,1,0.5121526077660791
1.4.0,core/src/main/java/org/apache/calcite/rel/core/TableScan.java,0,0,0.34569179282861157
1.4.0,core/src/main/java/org/apache/calcite/rel/logical/LogicalTableScan.java,0,0,0.450344172565767
1.4.0,core/src/main/java/org/apache/calcite/rel/logical/LogicalWindow.java,1,0,0.47288287315757077
1.4.0,core/src/main/java/org/apache/calcite/rel/rules/CalcSplitRule.java,0,0,0.13882529940417265
1.4.0,core/src/main/java/org/apache/calcite/rel/rules/FilterTableScanRule.java,0,0,0.4375848276109631
1.4.0,core/src/main/java/org/apache/calcite/rel/rules/ProjectTableScanRule.java,0,0,0.4241718950870523
1.4.0,core/src/main/java/org/apache/calcite/sql/fun/SqlQuarterFunction.java,0,0,0.23451792075314443
1.4.0,core/src/main/java/org/apache/calcite/rel/metadata/ReflectiveRelMetadataProvider.java,1,1,0.7038929694179222
1.4.0,avatica/src/main/java/org/apache/calcite/avatica/util/ByteString.java,0,0,0.43759479686894376
1.4.0,core/src/main/java/org/apache/calcite/rex/RexCall.java,0,1,0.7679560759748905
1.4.0,core/src/main/java/org/apache/calcite/rex/RexProgramBuilder.java,0,1,0.5671903798511119
1.4.0,core/src/main/java/org/apache/calcite/rel/rules/ReduceExpressionsRule.java,1,1,0.7657690022537924
1.4.0,core/src/main/java/org/apache/calcite/materialize/MaterializationService.java,0,1,0.8424028816573768
1.4.0,core/src/main/java/org/apache/calcite/model/ModelHandler.java,1,1,0.9801376271646406
1.4.0,core/src/main/java/org/apache/calcite/plan/RelOptMaterialization.java,0,0,0.4854159452414869
1.4.0,core/src/main/java/org/apache/calcite/schema/impl/MaterializedViewTable.java,0,0,0.40513023929314373
1.4.0,core/src/main/java/org/apache/calcite/sql/SqlIdentifier.java,0,1,0.519462657293795
1.4.0,core/src/main/java/org/apache/calcite/sql/validate/DelegatingScope.java,0,1,0.5416680711670223
1.4.0,avatica/src/main/java/org/apache/calcite/avatica/Helper.java,0,0,0.34870733670949505
1.4.0,core/src/main/java/org/apache/calcite/rel/rules/JoinCommuteRule.java,0,0,0.48883813411203036
1.4.0,core/src/main/java/org/apache/calcite/rel/metadata/RelMdUtil.java,0,0,0.37134840605100766
1.4.0,core/src/main/java/org/apache/calcite/rel/rules/AggregateStarTableRule.java,0,1,0.5298433654196769
1.4.0,core/src/main/java/org/apache/calcite/adapter/enumerable/JavaRowFormat.java,0,0,0.422629967231747
1.4.0,avatica/src/main/java/org/apache/calcite/avatica/util/Base64.java,0,0,0.015199877544289166
1.4.0,core/src/main/java/org/apache/calcite/sql/SqlJdbcFunctionCall.java,0,1,0.7838711787127108
1.4.0,core/src/main/java/org/apache/calcite/tools/FrameworkConfig.java,0,0,0.18732870439786806
1.4.0,core/src/main/java/org/apache/calcite/adapter/jdbc/JdbcRules.java,1,1,0.8617905636317205
1.4.0,core/src/main/java/org/apache/calcite/plan/Contexts.java,0,1,0.5903884071034776
1.4.0,core/src/main/java/org/apache/calcite/plan/RelOptRuleCall.java,0,0,0.41154372067951567
1.4.0,core/src/main/java/org/apache/calcite/schema/Path.java,0,0,0.2425541589167899
1.4.0,core/src/main/java/org/apache/calcite/sql2rel/RelFieldTrimmer.java,0,1,0.9303471113210424
1.4.0,core/src/main/java/org/apache/calcite/util/Stacks.java,0,0,0.43752230315095003
1.4.0,core/src/main/java/org/apache/calcite/plan/RelOptCluster.java,0,0,0.3539170396132285
1.4.0,core/src/main/java/org/apache/calcite/plan/RelOptQuery.java,0,0,0.3469148278344056
1.4.0,core/src/main/java/org/apache/calcite/rel/RelNode.java,0,0,0.23147138721741906
1.4.0,core/src/main/java/org/apache/calcite/rel/rules/JoinToCorrelateRule.java,0,0,0.22787184810935796
1.4.0,avatica/src/main/java/org/apache/calcite/avatica/remote/JsonHandler.java,0,0,0.32663777041850817
1.4.0,avatica/src/main/java/org/apache/calcite/avatica/remote/LocalJsonService.java,0,0,0.15649466979648305
1.4.0,core/src/main/java/org/apache/calcite/rel/core/Aggregate.java,1,1,0.7054358813732863
1.4.0,core/src/main/java/org/apache/calcite/rex/RexUtil.java,1,1,0.8313140887747901
1.4.0,core/src/main/java/org/apache/calcite/sql2rel/RelDecorrelator.java,0,1,0.9340686888608254
1.4.0,core/src/main/java/org/apache/calcite/rel/core/Filter.java,0,0,0.3187478040297293
1.4.0,core/src/main/java/org/apache/calcite/rel/rules/FilterCorrelateRule.java,0,0,0.4109660725213514
1.4.0,core/src/main/java/org/apache/calcite/rel/rules/FilterProjectTransposeRule.java,0,1,0.584149387826532
1.4.0,core/src/main/java/org/apache/calcite/tools/Frameworks.java,0,1,0.5339647977436706
1.4.0,core/src/main/java/org/apache/calcite/sql/SqlWindow.java,1,1,0.9760153316977904
1.4.0,core/src/main/java/org/apache/calcite/sql2rel/SqlToRelConverter.java,1,1,0.9976557473101089
1.4.0,core/src/main/java/org/apache/calcite/plan/RelOptPredicateList.java,0,0,0.34690721788895124
1.4.0,core/src/main/java/org/apache/calcite/rex/RexInputRef.java,0,0,0.4170593616381885
1.4.0,core/src/main/java/org/apache/calcite/rex/RexShuttle.java,0,1,0.559454835075016
1.4.0,core/src/main/java/org/apache/calcite/plan/volcano/VolcanoPlanner.java,1,1,0.9986542594169991
1.4.0,core/src/main/java/org/apache/calcite/adapter/enumerable/EnumerableJoin.java,0,0,0.27372105343652675
1.4.0,core/src/main/java/org/apache/calcite/adapter/enumerable/EnumerableMergeJoin.java,1,1,0.5816321830342949
1.4.0,core/src/main/java/org/apache/calcite/rel/core/EquiJoin.java,0,0,0.19183343314386833
1.4.0,core/src/main/java/org/apache/calcite/rel/rules/EquiJoin.java,0,0,0.18732870439786806
1.4.0,core/src/main/java/org/apache/calcite/rel/type/RelDataType.java,0,0,0.18732870439786806
1.4.0,core/src/main/java/org/apache/calcite/rel/type/RelDataTypeImpl.java,0,1,0.695433560494989
1.4.0,splunk/src/main/java/org/apache/calcite/adapter/splunk/SplunkTableScan.java,0,0,0.29550345738380285
1.4.0,core/src/main/java/org/apache/calcite/plan/RelOptNode.java,0,0,0.18732870439786806
1.4.0,core/src/main/java/org/apache/calcite/plan/RelOptUtil.java,1,1,0.9963160138279209
1.4.0,core/src/main/java/org/apache/calcite/schema/SchemaFactory.java,0,0,0.18732870439786806
1.4.0,core/src/main/java/org/apache/calcite/adapter/enumerable/AggContext.java,0,0,0.18732870439786806
1.4.0,core/src/main/java/org/apache/calcite/adapter/enumerable/CallImplementor.java,0,0,0.18732870439786806
1.4.0,core/src/main/java/org/apache/calcite/adapter/enumerable/JavaRelImplementor.java,0,0,0.4742312704756074
1.4.0,core/src/main/java/org/apache/calcite/rel/core/SetOp.java,0,0,0.33247341478380044
1.4.0,core/src/main/java/org/apache/calcite/rel/type/RelDataTypeFactory.java,0,0,0.02644633771997776
1.4.0,core/src/main/java/org/apache/calcite/schema/impl/AbstractSchema.java,0,0,0.27125406892586457
