version,file,true_label,predicted,probability
1.15.0,core/src/main/java/org/apache/calcite/util/Source.java,0,0,0.1970263844888376
1.15.0,druid/src/main/java/org/apache/calcite/adapter/druid/DruidSchemaFactory.java,0,0,0.45186092399356137
1.15.0,druid/src/main/java/org/apache/calcite/adapter/druid/QueryType.java,0,0,0.15966532380275816
1.15.0,core/src/main/java/org/apache/calcite/rel/type/RelDataTypeFactoryImpl.java,0,1,0.5061348815398229
1.15.0,file/src/main/java/org/apache/calcite/adapter/file/FileEnumerator.java,0,0,0.2333972235377852
1.15.0,file/src/main/java/org/apache/calcite/adapter/file/FileTable.java,0,0,0.042466617038871265
1.15.0,core/src/main/java/org/apache/calcite/rex/LogicVisitor.java,0,1,0.6795382521317291
1.15.0,core/src/main/java/org/apache/calcite/rex/RexBiVisitor.java,0,0,0.13407013334838688
1.15.0,core/src/main/java/org/apache/calcite/sql/validate/GroupByScope.java,0,0,0.18966379484155807
1.15.0,core/src/main/java/org/apache/calcite/rex/RexShuttle.java,0,0,0.37629877154217245
1.15.0,core/src/main/java/org/apache/calcite/sql/validate/SqlDelegatingConformance.java,0,0,0.17436127884773692
1.15.0,core/src/main/java/org/apache/calcite/rex/RexVisitor.java,0,0,0.08773105542967649
1.15.0,core/src/main/java/org/apache/calcite/rex/RexVisitorImpl.java,0,0,0.23640975888141383
1.15.0,core/src/main/java/org/apache/calcite/schema/Schema.java,0,0,0.15173344596037203
1.15.0,core/src/main/java/org/apache/calcite/plan/RelOptUtil.java,1,1,0.9943917667280794
1.15.0,cassandra/src/main/java/org/apache/calcite/adapter/cassandra/CassandraEnumerator.java,0,0,0.1278451783910179
1.15.0,core/src/main/java/org/apache/calcite/rel/metadata/RelMdNodeTypes.java,0,0,0.4772431636153647
1.15.0,core/src/main/java/org/apache/calcite/sql/SqlSplittableAggFunction.java,1,1,0.8511603190717727
1.15.0,core/src/main/java/org/apache/calcite/tools/PigRelBuilder.java,0,0,0.4703478535298632
1.15.0,core/src/main/java/org/apache/calcite/tools/RelBuilder.java,1,1,0.9998390215156241
1.15.0,core/src/main/java/org/apache/calcite/rel/rules/UnionMergeRule.java,0,1,0.563762647067985
1.15.0,core/src/main/java/org/apache/calcite/rel/core/AggregateCall.java,0,1,0.737634664993172
1.15.0,core/src/main/java/org/apache/calcite/rel/core/Match.java,0,0,0.2690578299983057
1.15.0,core/src/main/java/org/apache/calcite/rel/core/Window.java,0,0,0.0004628443434300727
1.15.0,core/src/main/java/org/apache/calcite/rel/externalize/RelJsonReader.java,0,0,0.3730750598784126
1.15.0,core/src/main/java/org/apache/calcite/rel/rules/AggregateUnionTransposeRule.java,0,1,0.7559131181786234
1.15.0,core/src/main/java/org/apache/calcite/sql/fun/SqlCountAggFunction.java,0,1,0.5207067501393432
1.15.0,linq4j/src/main/java/org/apache/calcite/linq4j/tree/ConstantExpression.java,0,1,0.7018321539451391
1.15.0,core/src/main/java/org/apache/calcite/adapter/enumerable/EnumerableMergeJoin.java,0,0,0.49996539008018825
1.15.0,core/src/main/java/org/apache/calcite/sql/fun/SqlOverlapsOperator.java,0,1,0.7938184710308377
1.15.0,core/src/main/java/org/apache/calcite/schema/TranslatableTable.java,0,0,0.03644040495599299
1.15.0,core/src/main/java/org/apache/calcite/rel/mutable/Holder.java,0,0,0.08914690625538371
1.15.0,core/src/main/java/org/apache/calcite/rel/mutable/MutableBiRel.java,0,0,0.4962140478377736
1.15.0,core/src/main/java/org/apache/calcite/rel/mutable/MutableCalc.java,0,0,0.12609911036597998
1.15.0,core/src/main/java/org/apache/calcite/rel/mutable/MutableCollect.java,0,0,0.1320451307380794
1.15.0,core/src/main/java/org/apache/calcite/rel/mutable/MutableCorrelate.java,0,0,0.1569122498361831
1.15.0,core/src/main/java/org/apache/calcite/rel/mutable/MutableExchange.java,0,0,0.10259412944261989
1.15.0,core/src/main/java/org/apache/calcite/rel/mutable/MutableFilter.java,0,0,0.34595147462067377
1.15.0,core/src/main/java/org/apache/calcite/rel/mutable/MutableIntersect.java,0,0,0.24786689300965772
1.15.0,core/src/main/java/org/apache/calcite/rel/mutable/MutableJoin.java,0,0,0.359604269260379
1.15.0,core/src/main/java/org/apache/calcite/rel/mutable/MutableLeafRel.java,0,0,0.2685851569900009
1.15.0,core/src/main/java/org/apache/calcite/rel/mutable/MutableMinus.java,0,0,0.24786689300965772
1.15.0,core/src/main/java/org/apache/calcite/rel/mutable/MutableProject.java,0,0,0.29856817947041703
1.15.0,core/src/main/java/org/apache/calcite/rel/mutable/MutableRel.java,0,1,0.6243690261471767
1.15.0,core/src/main/java/org/apache/calcite/rel/mutable/MutableRelType.java,0,0,0.12692615534569174
1.15.0,core/src/main/java/org/apache/calcite/rel/mutable/MutableRelVisitor.java,0,0,0.03753005489521863
1.15.0,core/src/main/java/org/apache/calcite/rel/mutable/MutableSample.java,0,0,0.23158959930505138
1.15.0,core/src/main/java/org/apache/calcite/rel/mutable/MutableScan.java,0,0,0.3358594250456988
1.15.0,core/src/main/java/org/apache/calcite/rel/mutable/MutableSemiJoin.java,0,0,0.14495424053518097
1.15.0,core/src/main/java/org/apache/calcite/rel/mutable/MutableSetOp.java,0,0,0.46370671494957544
1.15.0,core/src/main/java/org/apache/calcite/rel/mutable/MutableSingleRel.java,0,0,0.44751306977109595
1.15.0,core/src/main/java/org/apache/calcite/rel/mutable/MutableSort.java,0,0,0.20713508976337922
1.15.0,core/src/main/java/org/apache/calcite/rel/mutable/MutableTableFunctionScan.java,0,0,0.17065755989129114
1.15.0,core/src/main/java/org/apache/calcite/rel/mutable/MutableTableModify.java,0,0,0.2864049899845437
1.15.0,core/src/main/java/org/apache/calcite/rel/mutable/MutableUncollect.java,0,0,0.14635322770537576
1.15.0,core/src/main/java/org/apache/calcite/rel/mutable/MutableUnion.java,0,0,0.24786689300965772
1.15.0,core/src/main/java/org/apache/calcite/rel/mutable/MutableValues.java,0,0,0.13735708778164554
1.15.0,core/src/main/java/org/apache/calcite/rel/mutable/MutableWindow.java,0,0,0.14588928628341785
1.15.0,core/src/main/java/org/apache/calcite/sql/SqlIdentifier.java,0,0,0.2946601579391255
1.15.0,core/src/main/java/org/apache/calcite/sql/validate/SqlNameMatcher.java,0,0,0.2250360304253809
1.15.0,core/src/main/java/org/apache/calcite/sql/validate/SqlNameMatchers.java,0,0,0.14784334287143527
1.15.0,core/src/main/java/org/apache/calcite/sql/validate/SqlValidatorScope.java,0,0,0.021673444878502836
1.15.0,core/src/main/java/org/apache/calcite/sql/validate/WithScope.java,0,0,0.24540301712683973
1.15.0,core/src/main/java/org/apache/calcite/rel/BiRel.java,0,0,0.2318021785172681
1.15.0,core/src/main/java/org/apache/calcite/sql/SqlPostfixOperator.java,0,0,0.3397707505578445
1.15.0,core/src/main/java/org/apache/calcite/sql/SqlPrefixOperator.java,0,0,0.3490614443559068
1.15.0,core/src/main/java/org/apache/calcite/sql2rel/ReflectiveConvertletTable.java,0,0,0.17802747284467768
1.15.0,core/src/main/java/org/apache/calcite/tools/RelRunners.java,0,0,0.03253529411069689
1.15.0,core/src/main/java/org/apache/calcite/util/Closer.java,0,0,0.09548598721958759
1.15.0,core/src/main/java/org/apache/calcite/rel/convert/ConverterImpl.java,0,0,0.0834791678764231
1.15.0,core/src/main/java/org/apache/calcite/rel/metadata/CachingRelMetadataProvider.java,0,1,0.6691862982025538
1.15.0,core/src/main/java/org/apache/calcite/rel/metadata/ChainedRelMetadataProvider.java,0,1,0.6893890445560678
1.15.0,core/src/main/java/org/apache/calcite/rel/metadata/MetadataFactoryImpl.java,0,0,0.2889280975259908
1.15.0,core/src/main/java/org/apache/calcite/rel/rules/CalcRelSplitter.java,0,0,0.45495255766231835
1.15.0,core/src/main/java/org/apache/calcite/rel/rules/JoinCommuteRule.java,0,0,0.25288770131318017
1.15.0,core/src/main/java/org/apache/calcite/sql/fun/SqlLikeOperator.java,0,0,0.352300220768321
1.15.0,core/src/main/java/org/apache/calcite/sql/type/BasicSqlType.java,0,1,0.5583726556875828
1.15.0,core/src/main/java/org/apache/calcite/sql/validate/SetopNamespace.java,0,0,0.31020012725174073
1.15.0,core/src/main/java/org/apache/calcite/sql/validate/SqlIdentifierMoniker.java,0,0,0.07018908749845376
1.15.0,core/src/main/java/org/apache/calcite/rel/metadata/RelMdMaxRowCount.java,0,0,0.2686506618915702
1.15.0,core/src/main/java/org/apache/calcite/rel/metadata/RelMdMinRowCount.java,0,0,0.2966157194675215
1.15.0,core/src/main/java/org/apache/calcite/rel/core/Project.java,1,1,0.5943519207566986
1.15.0,core/src/main/java/org/apache/calcite/sql/SqlExplain.java,0,0,0.1991616235942916
1.15.0,core/src/main/java/org/apache/calcite/sql/SqlExplainFormat.java,0,0,0.1112389791309027
1.15.0,core/src/main/java/org/apache/calcite/rel/externalize/RelJsonWriter.java,0,0,0.3808070873502016
1.15.0,linq4j/src/main/java/org/apache/calcite/linq4j/DefaultEnumerable.java,0,0,0.06402149211003164
1.15.0,linq4j/src/main/java/org/apache/calcite/linq4j/ExtendedEnumerable.java,0,0,0.0005248994992572137
1.15.0,core/src/main/java/org/apache/calcite/schema/ModifiableTable.java,0,0,0.042903176063620464
1.15.0,core/src/main/java/org/apache/calcite/sql/SqlInsert.java,0,0,0.2567538889519222
1.15.0,core/src/main/java/org/apache/calcite/sql/SqlValuesOperator.java,0,0,0.30957505435268984
1.15.0,core/src/main/java/org/apache/calcite/sql/SqlWriter.java,0,0,0.033386793239507266
1.15.0,core/src/main/java/org/apache/calcite/rel/core/TableModify.java,0,0,0.3577337543475406
1.15.0,core/src/main/java/org/apache/calcite/rel/logical/LogicalTableModify.java,0,0,0.1960006319385771
1.15.0,core/src/main/java/org/apache/calcite/sql/fun/SqlRowOperator.java,0,0,0.19635368353175628
1.15.0,core/src/main/java/org/apache/calcite/runtime/GeoFunctions.java,0,0,0.0036082478172553964
1.15.0,core/src/main/java/org/apache/calcite/rel/mutable/MutableMultiRel.java,0,0,0.4338038749733046
1.15.0,linq4j/src/main/java/org/apache/calcite/linq4j/tree/Types.java,0,1,0.914969926698864
1.15.0,core/src/main/java/org/apache/calcite/rel/core/RelFactories.java,0,1,0.8682664782862829
1.15.0,core/src/main/java/org/apache/calcite/rel/logical/LogicalMatch.java,0,0,0.16410404039675675
1.15.0,druid/src/main/java/org/apache/calcite/adapter/druid/DruidSchema.java,0,0,0.49189532562308186
1.15.0,core/src/main/java/org/apache/calcite/sql2rel/SqlToRelConverter.java,1,1,0.9998888448024018
1.15.0,core/src/main/java/org/apache/calcite/util/Pair.java,0,0,5.375535870481879e-06
1.15.0,core/src/main/java/org/apache/calcite/rel/type/DynamicRecordTypeImpl.java,0,1,0.5299420589651859
1.15.0,core/src/main/java/org/apache/calcite/rel/type/RelDataType.java,0,0,0.27070699271678444
1.15.0,core/src/main/java/org/apache/calcite/rel/type/RelDataTypeHolder.java,0,0,0.4548151763795263
1.15.0,core/src/main/java/org/apache/calcite/rel/type/RelDataTypeImpl.java,0,1,0.5965949256573804
1.15.0,core/src/main/java/org/apache/calcite/sql/validate/CatalogScope.java,0,1,0.5380796135564115
1.15.0,core/src/main/java/org/apache/calcite/sql/validate/ParameterScope.java,0,0,0.198991864818641
1.15.0,core/src/main/java/org/apache/calcite/sql/SqlStateCodes.java,0,0,0.0795004873448764
1.15.0,file/src/main/java/org/apache/calcite/adapter/file/FileSchema.java,0,1,0.6220242776652248
1.15.0,file/src/main/java/org/apache/calcite/adapter/file/FileSchemaFactory.java,0,0,0.4994020559036468
1.15.0,core/src/main/java/org/apache/calcite/rel/rules/AbstractMaterializedViewRule.java,1,1,0.9935574056272616
1.15.0,core/src/main/java/org/apache/calcite/rel/type/RelRecordType.java,0,0,0.011814978313667892
1.15.0,core/src/main/java/org/apache/calcite/rel/type/StructKind.java,0,0,0.15230745746242208
1.15.0,core/src/main/java/org/apache/calcite/sql/validate/DelegatingScope.java,0,1,0.9250579349341377
1.15.0,core/src/main/java/org/apache/calcite/schema/impl/ViewTable.java,0,0,0.20156328170960958
1.15.0,core/src/main/java/org/apache/calcite/interpreter/Source.java,0,0,0.08290022496706022
1.15.0,core/src/main/java/org/apache/calcite/tools/Planner.java,0,0,0.08773105542967649
1.15.0,core/src/main/java/org/apache/calcite/jdbc/CalciteConnection.java,0,0,0.19877251327966436
1.15.0,core/src/main/java/org/apache/calcite/jdbc/CalciteStatement.java,1,0,0.0543050874898318
1.15.0,core/src/main/java/org/apache/calcite/jdbc/SimpleCalciteSchema.java,0,0,0.300757000675206
1.15.0,core/src/main/java/org/apache/calcite/model/JsonSchema.java,0,1,0.5241117136119174
1.15.0,core/src/main/java/org/apache/calcite/schema/SchemaVersion.java,0,0,0.14851580211433288
1.15.0,core/src/main/java/org/apache/calcite/rel/metadata/BuiltInMetadata.java,0,0,0.05995367715629657
1.15.0,core/src/main/java/org/apache/calcite/rel/metadata/RelMdExpressionLineage.java,0,1,0.5020644765948586
1.15.0,core/src/main/java/org/apache/calcite/rel/metadata/RelMdTableReferences.java,0,0,0.4941926545651292
1.15.0,core/src/main/java/org/apache/calcite/schema/impl/AbstractSchema.java,0,0,0.09418272624376957
1.15.0,core/src/main/java/org/apache/calcite/schema/impl/DelegatingSchema.java,0,0,0.19707439836982546
1.15.0,core/src/main/java/org/apache/calcite/schema/impl/LongSchemaVersion.java,0,0,0.18633456237663362
1.15.0,core/src/main/java/org/apache/calcite/rex/RexProgramBuilder.java,0,0,0.3613017598053809
1.15.0,core/src/main/java/org/apache/calcite/adapter/enumerable/EnumerableCalc.java,0,0,0.45951976923312204
1.15.0,core/src/main/java/org/apache/calcite/rel/metadata/RelMdPredicates.java,1,1,0.9987688025200545
1.15.0,core/src/main/java/org/apache/calcite/rel/rules/FilterProjectTransposeRule.java,1,1,0.5372072068662553
1.15.0,core/src/main/java/org/apache/calcite/sql/validate/EmptyScope.java,0,0,0.28898856789157945
1.15.0,core/src/main/java/org/apache/calcite/prepare/PlannerImpl.java,0,1,0.5666466157094612
1.15.0,core/src/main/java/org/apache/calcite/schema/Table.java,0,0,0.31605806236082656
1.15.0,core/src/main/java/org/apache/calcite/sql/validate/SqlValidatorCatalogReader.java,0,0,0.18725325622890138
1.15.0,druid/src/main/java/org/apache/calcite/adapter/druid/ComplexMetric.java,0,0,0.20615877680124395
1.15.0,druid/src/main/java/org/apache/calcite/adapter/druid/DruidType.java,0,0,0.24662066592263535
1.15.0,plus/src/main/java/org/apache/calcite/adapter/os/DuTableFunction.java,0,0,0.02980424678249027
1.15.0,plus/src/main/java/org/apache/calcite/adapter/os/FilesTableFunction.java,1,1,0.6218189040802012
1.15.0,plus/src/main/java/org/apache/calcite/adapter/os/GitCommitsTableFunction.java,0,1,0.6021823846738198
1.15.0,plus/src/main/java/org/apache/calcite/adapter/os/StdinTableFunction.java,0,0,0.26149447319523383
1.15.0,core/src/main/java/org/apache/calcite/sql/SqlFunction.java,0,0,0.22309955706411846
1.15.0,core/src/main/java/org/apache/calcite/Demo.java,0,0,0.022388477389234437
1.15.0,core/src/main/java/org/apache/calcite/config/Lex.java,0,0,0.03672066125749084
1.15.0,core/src/main/java/org/apache/calcite/interpreter/AbstractSingleNode.java,0,0,0.12122458879366232
1.15.0,core/src/main/java/org/apache/calcite/interpreter/BindableRel.java,0,0,0.09415055715343049
1.15.0,core/src/main/java/org/apache/calcite/interpreter/Context.java,0,0,0.050888797628244976
1.15.0,core/src/main/java/org/apache/calcite/interpreter/FilterNode.java,0,0,0.33503705138524426
1.15.0,core/src/main/java/org/apache/calcite/interpreter/InterpretableConverter.java,0,0,0.09415055715343049
1.15.0,core/src/main/java/org/apache/calcite/interpreter/InterpretableRel.java,0,0,0.09415055715343049
1.15.0,core/src/main/java/org/apache/calcite/interpreter/Interpreters.java,0,0,0.0688877250841718
1.15.0,core/src/main/java/org/apache/calcite/interpreter/JaninoRexCompiler.java,0,0,0.20265124084848193
1.15.0,core/src/main/java/org/apache/calcite/interpreter/JoinNode.java,0,0,0.11028094629799651
1.15.0,core/src/main/java/org/apache/calcite/interpreter/Node.java,0,0,0.06347427277064709
1.15.0,core/src/main/java/org/apache/calcite/interpreter/Nodes.java,0,0,0.06001720053453673
1.15.0,core/src/main/java/org/apache/calcite/interpreter/ProjectNode.java,0,0,0.29615441789403707
1.15.0,core/src/main/java/org/apache/calcite/interpreter/Row.java,0,0,0.23599211045660878
1.15.0,core/src/main/java/org/apache/calcite/interpreter/Scalar.java,0,0,0.12282050960901456
1.15.0,core/src/main/java/org/apache/calcite/interpreter/Sink.java,0,0,0.06347427277064709
1.15.0,core/src/main/java/org/apache/calcite/interpreter/TableScanNode.java,0,1,0.8724731870310221
1.15.0,core/src/main/java/org/apache/calcite/interpreter/UnionNode.java,0,0,0.3260560972094625
1.15.0,core/src/main/java/org/apache/calcite/interpreter/ValuesNode.java,0,0,0.29649882159815827
1.15.0,core/src/main/java/org/apache/calcite/interpreter/WindowNode.java,0,0,0.09400978593999892
1.15.0,core/src/main/java/org/apache/calcite/jdbc/CalciteFactory.java,0,0,0.06096302687576641
1.15.0,core/src/main/java/org/apache/calcite/jdbc/CalciteJdbc41Factory.java,0,0,0.15865860460864822
1.15.0,core/src/main/java/org/apache/calcite/jdbc/CalcitePreparedStatement.java,0,0,0.019845953678770494
1.15.0,core/src/main/java/org/apache/calcite/jdbc/CalciteRootSchema.java,0,0,0.06345978327942632
1.15.0,core/src/main/java/org/apache/calcite/jdbc/Driver.java,0,0,0.03238594053269381
1.15.0,core/src/main/java/org/apache/calcite/jdbc/JavaRecordType.java,0,0,0.16507738103575298
1.15.0,core/src/main/java/org/apache/calcite/jdbc/MetadataSchema.java,0,0,0.03360479024322791
1.15.0,core/src/main/java/org/apache/calcite/jdbc/SqlTimeoutException.java,0,0,0.03300912733008715
1.15.0,core/src/main/java/org/apache/calcite/materialize/MaterializationActor.java,0,0,0.32450890590592824
1.15.0,core/src/main/java/org/apache/calcite/materialize/MaterializationKey.java,0,0,0.06959835874164962
1.15.0,core/src/main/java/org/apache/calcite/materialize/TileKey.java,0,0,0.36700548856435505
1.15.0,core/src/main/java/org/apache/calcite/model/JsonCustomSchema.java,0,0,0.030155288741940876
1.15.0,core/src/main/java/org/apache/calcite/model/JsonCustomTable.java,0,0,0.027629831610179977
1.15.0,core/src/main/java/org/apache/calcite/model/JsonFunction.java,0,0,0.03914386373528696
1.15.0,core/src/main/java/org/apache/calcite/model/JsonLattice.java,0,0,0.3942144938515811
1.15.0,core/src/main/java/org/apache/calcite/model/JsonMapSchema.java,0,0,0.18257715475377492
1.15.0,core/src/main/java/org/apache/calcite/model/JsonMaterialization.java,0,0,0.03222986217666748
1.15.0,core/src/main/java/org/apache/calcite/model/JsonMeasure.java,0,0,0.0505635315047006
1.15.0,core/src/main/java/org/apache/calcite/model/JsonRoot.java,0,0,0.027629831610179977
1.15.0,core/src/main/java/org/apache/calcite/model/JsonStream.java,0,0,0.10197200749692756
1.15.0,core/src/main/java/org/apache/calcite/model/JsonTable.java,0,0,0.027629831610179977
1.15.0,core/src/main/java/org/apache/calcite/model/JsonTile.java,0,0,0.0505635315047006
1.15.0,core/src/main/java/org/apache/calcite/model/JsonView.java,0,0,0.027660094214327018
1.15.0,core/src/main/java/org/apache/calcite/plan/CommonRelSubExprRule.java,0,0,0.08773105542967649
1.15.0,core/src/main/java/org/apache/calcite/plan/Contexts.java,0,0,0.20797434400420284
1.15.0,core/src/main/java/org/apache/calcite/plan/MulticastRelOptListener.java,0,0,0.08773105542967649
1.15.0,core/src/main/java/org/apache/calcite/plan/RelImplementor.java,0,0,0.08773105542967649
1.15.0,core/src/main/java/org/apache/calcite/plan/RelMultipleTrait.java,0,0,0.09589312006001494
1.15.0,core/src/main/java/org/apache/calcite/plan/RelOptConnection.java,0,0,0.08773105542967649
1.15.0,core/src/main/java/org/apache/calcite/plan/RelOptCost.java,0,0,0.007993513256010127
1.15.0,core/src/main/java/org/apache/calcite/plan/RelOptCostFactory.java,0,0,0.08773105542967649
1.15.0,core/src/main/java/org/apache/calcite/plan/RelOptCostImpl.java,0,0,9.972355257583763e-05
1.15.0,core/src/main/java/org/apache/calcite/plan/RelOptLattice.java,0,0,0.29899766004357525
1.15.0,core/src/main/java/org/apache/calcite/plan/RelOptListener.java,0,0,0.20337982232410418
1.15.0,core/src/main/java/org/apache/calcite/plan/RelOptNode.java,0,0,0.08773105542967649
1.15.0,core/src/main/java/org/apache/calcite/plan/RelOptQuery.java,0,0,0.09366083417885683
1.15.0,core/src/main/java/org/apache/calcite/plan/RelOptRule.java,0,0,0.2070092120885278
1.15.0,core/src/main/java/org/apache/calcite/plan/RelOptRuleOperand.java,0,0,0.23464325784015688
1.15.0,core/src/main/java/org/apache/calcite/plan/RelOptRuleOperandChildPolicy.java,0,0,0.053963995399671456
1.15.0,core/src/main/java/org/apache/calcite/plan/RelOptRuleOperandChildren.java,0,0,0.07305335110835152
1.15.0,core/src/main/java/org/apache/calcite/plan/RelOptSamplingParameters.java,0,0,0.0636627880143041
1.15.0,core/src/main/java/org/apache/calcite/plan/RelOptSchema.java,0,0,0.09719021809377097
1.15.0,core/src/main/java/org/apache/calcite/plan/RelOptSchemaWithSampling.java,0,0,0.1296487476047842
1.15.0,core/src/main/java/org/apache/calcite/plan/RelTrait.java,0,0,0.08773105542967649
1.15.0,core/src/main/java/org/apache/calcite/plan/RelTraitPropagationVisitor.java,0,0,0.3103906184363416
1.15.0,core/src/main/java/org/apache/calcite/plan/RelTraitSet.java,0,0,0.25578133585980645
1.15.0,core/src/main/java/org/apache/calcite/plan/TableAccessMap.java,0,0,0.1983785019479169
1.15.0,core/src/main/java/org/apache/calcite/prepare/QueryableRelBuilder.java,0,1,0.6354982824286285
1.15.0,core/src/main/java/org/apache/calcite/rel/InvalidRelException.java,0,0,0.06949787332883155
1.15.0,core/src/main/java/org/apache/calcite/rel/RelCollation.java,0,0,0.08773105542967649
1.15.0,core/src/main/java/org/apache/calcite/rel/RelCollationImpl.java,0,1,0.6159826870399032
1.15.0,core/src/main/java/org/apache/calcite/rel/RelCollations.java,0,0,0.09467575328459367
1.15.0,core/src/main/java/org/apache/calcite/rel/RelDistributionTraitDef.java,0,0,0.05461468412496957
1.15.0,core/src/main/java/org/apache/calcite/rel/RelInput.java,0,0,0.06598700770119978
1.15.0,core/src/main/java/org/apache/calcite/rel/RelNodes.java,0,0,0.4368074527928435
1.15.0,core/src/main/java/org/apache/calcite/rel/RelVisitor.java,0,0,0.006118758526829024
1.15.0,core/src/main/java/org/apache/calcite/rel/RelWriter.java,0,0,0.08773105542967649
1.15.0,core/src/main/java/org/apache/calcite/rel/SingleRel.java,0,0,0.1737166001699364
1.15.0,core/src/main/java/org/apache/calcite/rex/RexAction.java,0,0,0.1296487476047842
1.15.0,core/src/main/java/org/apache/calcite/rex/RexCopier.java,0,0,0.08386613718588852
1.15.0,core/src/main/java/org/apache/calcite/rex/RexCorrelVariable.java,0,0,0.06678032025781633
1.15.0,core/src/main/java/org/apache/calcite/rex/RexDynamicParam.java,0,0,0.06324660353752642
1.15.0,core/src/main/java/org/apache/calcite/rex/RexFieldAccess.java,0,0,0.3736262083741158
1.15.0,core/src/main/java/org/apache/calcite/rex/RexFieldCollation.java,0,1,0.6475144112417082
1.15.0,core/src/main/java/org/apache/calcite/rex/RexInputRef.java,0,0,0.21638026958586284
1.15.0,core/src/main/java/org/apache/calcite/rex/RexLocalRef.java,0,0,0.31318894537281233
1.15.0,core/src/main/java/org/apache/calcite/rex/RexMultisetUtil.java,0,0,0.30490279159180556
1.15.0,core/src/main/java/org/apache/calcite/rex/RexNode.java,0,0,0.3135128563714452
1.15.0,core/src/main/java/org/apache/calcite/rex/RexPattern.java,0,0,0.08773105542967649
1.15.0,core/src/main/java/org/apache/calcite/rex/RexPermutationShuttle.java,0,0,0.08773105542967649
1.15.0,core/src/main/java/org/apache/calcite/rex/RexPermuteInputsShuttle.java,0,0,0.3161453240738342
1.15.0,core/src/main/java/org/apache/calcite/rex/RexRangeRef.java,0,0,0.07730345545591133
1.15.0,core/src/main/java/org/apache/calcite/rex/RexSlot.java,0,0,0.40020540646584685
1.15.0,core/src/main/java/org/apache/calcite/rex/RexSqlConvertlet.java,0,0,0.08773105542967649
1.15.0,core/src/main/java/org/apache/calcite/rex/RexSqlConvertletTable.java,0,0,0.08773105542967649
1.15.0,core/src/main/java/org/apache/calcite/rex/RexSqlReflectiveConvertletTable.java,0,0,0.06266471807829291
1.15.0,core/src/main/java/org/apache/calcite/rex/RexToSqlNodeConverter.java,0,0,0.08773105542967649
1.15.0,core/src/main/java/org/apache/calcite/rex/RexTransformer.java,0,0,0.3680404465531896
1.15.0,core/src/main/java/org/apache/calcite/rex/RexVariable.java,0,0,0.28426487597946876
1.15.0,core/src/main/java/org/apache/calcite/rex/RexWindow.java,0,0,0.3965590565948782
1.15.0,core/src/main/java/org/apache/calcite/runtime/AbstractImmutableList.java,0,0,0.4450285278088027
1.15.0,core/src/main/java/org/apache/calcite/runtime/ArrayBindable.java,0,0,0.09415055715343049
1.15.0,core/src/main/java/org/apache/calcite/runtime/ArrayComparator.java,0,0,0.05759205935853623
1.15.0,core/src/main/java/org/apache/calcite/runtime/ArrayEnumeratorCursor.java,0,0,0.033153171406884244
1.15.0,core/src/main/java/org/apache/calcite/runtime/BinarySearch.java,0,0,0.04583917032692492
1.15.0,core/src/main/java/org/apache/calcite/runtime/Bindable.java,0,0,0.034891792741456824
1.15.0,core/src/main/java/org/apache/calcite/runtime/CalciteContextException.java,0,0,0.15936224880895525
1.15.0,core/src/main/java/org/apache/calcite/runtime/CalciteException.java,0,0,0.053963995399671456
1.15.0,core/src/main/java/org/apache/calcite/runtime/Enumerables.java,0,0,0.17100835631402955
1.15.0,core/src/main/java/org/apache/calcite/runtime/EnumeratorCursor.java,0,0,0.07235532415936678
1.15.0,core/src/main/java/org/apache/calcite/runtime/Feature.java,0,0,0.053963995399671456
1.15.0,core/src/main/java/org/apache/calcite/runtime/ObjectEnumeratorCursor.java,0,0,0.02197009518330764
1.15.0,core/src/main/java/org/apache/calcite/runtime/RecordEnumeratorCursor.java,0,0,0.042903176063620464
1.15.0,core/src/main/java/org/apache/calcite/runtime/SortedMultiMap.java,0,0,0.0005461811208538303
1.15.0,core/src/main/java/org/apache/calcite/runtime/TrustAllSslSocketFactory.java,0,0,0.003868101374580955
1.15.0,core/src/main/java/org/apache/calcite/runtime/Typed.java,0,0,0.042903176063620464
1.15.0,core/src/main/java/org/apache/calcite/runtime/Unit.java,0,0,0.02762335040437868
1.15.0,core/src/main/java/org/apache/calcite/runtime/Utilities.java,0,0,0.04167238490801699
1.15.0,core/src/main/java/org/apache/calcite/schema/AggregateFunction.java,0,0,0.06982781427511371
1.15.0,core/src/main/java/org/apache/calcite/schema/FilterableTable.java,0,0,0.08594563427747709
1.15.0,core/src/main/java/org/apache/calcite/schema/Function.java,0,0,0.06910011069386905
1.15.0,core/src/main/java/org/apache/calcite/schema/FunctionParameter.java,0,0,0.019845953678770494
1.15.0,core/src/main/java/org/apache/calcite/schema/ImplementableAggFunction.java,0,0,0.07535823992732546
1.15.0,core/src/main/java/org/apache/calcite/schema/ImplementableFunction.java,0,0,0.07190324500423807
1.15.0,core/src/main/java/org/apache/calcite/schema/Member.java,0,0,0.03300912733008715
1.15.0,core/src/main/java/org/apache/calcite/schema/ModifiableView.java,0,0,0.18813092473586374
1.15.0,core/src/main/java/org/apache/calcite/schema/Path.java,0,0,0.08113858035032073
1.15.0,core/src/main/java/org/apache/calcite/schema/ProjectableFilterableTable.java,0,0,0.3467871982887185
1.15.0,core/src/main/java/org/apache/calcite/schema/QueryableTable.java,0,0,0.06345978327942632
1.15.0,core/src/main/java/org/apache/calcite/schema/ScalarFunction.java,0,0,0.06426745323678344
1.15.0,core/src/main/java/org/apache/calcite/schema/ScannableTable.java,0,0,0.08594563427747709
1.15.0,core/src/main/java/org/apache/calcite/schema/SchemaPlus.java,0,0,0.06345978327942632
1.15.0,core/src/main/java/org/apache/calcite/schema/SemiMutableSchema.java,0,0,0.053161377772641384
1.15.0,core/src/main/java/org/apache/calcite/schema/StreamableTable.java,0,0,0.0985610248451965
1.15.0,core/src/main/java/org/apache/calcite/schema/TableFunction.java,0,0,0.2068979852931894
1.15.0,core/src/main/java/org/apache/calcite/schema/TableMacro.java,0,0,0.08773105542967649
1.15.0,core/src/main/java/org/apache/calcite/server/CalciteServer.java,0,0,0.03300912733008715
1.15.0,core/src/main/java/org/apache/calcite/server/CalciteServerStatement.java,0,0,0.03300912733008715
1.15.0,core/src/main/java/org/apache/calcite/sql/ExplicitOperatorBinding.java,0,0,0.08381904035948799
1.15.0,core/src/main/java/org/apache/calcite/sql/JoinConditionType.java,0,0,0.053963995399671456
1.15.0,core/src/main/java/org/apache/calcite/sql/SqlAbstractStringLiteral.java,0,0,0.053963995399671456
1.15.0,core/src/main/java/org/apache/calcite/sql/SqlAccessEnum.java,0,0,0.053963995399671456
1.15.0,core/src/main/java/org/apache/calcite/sql/SqlAsOperator.java,0,0,0.3446143811295205
1.15.0,core/src/main/java/org/apache/calcite/sql/SqlDelete.java,0,0,0.16181004125756845
1.15.0,core/src/main/java/org/apache/calcite/sql/SqlDynamicParam.java,0,0,0.04918707872811274
1.15.0,core/src/main/java/org/apache/calcite/sql/SqlExplainLevel.java,0,0,0.053963995399671456
1.15.0,core/src/main/java/org/apache/calcite/sql/SqlFunctionalOperator.java,0,0,0.053963995399671456
1.15.0,core/src/main/java/org/apache/calcite/sql/SqlInfixOperator.java,0,0,0.25728443506877263
1.15.0,core/src/main/java/org/apache/calcite/sql/SqlInsertKeyword.java,0,0,0.053963995399671456
1.15.0,core/src/main/java/org/apache/calcite/sql/SqlInternalOperator.java,0,0,0.05610426669881476
1.15.0,core/src/main/java/org/apache/calcite/sql/SqlJoin.java,0,0,0.31481504583898956
1.15.0,core/src/main/java/org/apache/calcite/sql/SqlMerge.java,0,0,0.2935024212721137
1.15.0,core/src/main/java/org/apache/calcite/sql/SqlNullSemantics.java,0,0,0.08773105542967649
1.15.0,core/src/main/java/org/apache/calcite/sql/SqlOperandCountRange.java,0,0,0.08773105542967649
1.15.0,core/src/main/java/org/apache/calcite/sql/SqlOperatorTable.java,0,0,0.08773105542967649
1.15.0,core/src/main/java/org/apache/calcite/sql/SqlOrderBy.java,0,0,0.3444068346904884
1.15.0,core/src/main/java/org/apache/calcite/sql/SqlProcedureCallOperator.java,0,0,0.0567243989911871
1.15.0,core/src/main/java/org/apache/calcite/sql/SqlSelectKeyword.java,0,0,0.053963995399671456
1.15.0,core/src/main/java/org/apache/calcite/sql/SqlSelectOperator.java,0,0,0.23062802295109092
1.15.0,core/src/main/java/org/apache/calcite/sql/SqlSetOperator.java,0,0,0.08445499631001972
1.15.0,core/src/main/java/org/apache/calcite/sql/SqlUnnestOperator.java,0,1,0.6237879945940542
1.15.0,core/src/main/java/org/apache/calcite/sql/SqlUnresolvedFunction.java,0,0,0.061899681765082155
1.15.0,core/src/main/java/org/apache/calcite/sql/SqlUpdate.java,0,0,0.24156500740120787
1.15.0,core/src/main/java/org/apache/calcite/sql/SqlWith.java,0,0,0.22619701563878994
1.15.0,core/src/main/java/org/apache/calcite/sql/SqlWithItem.java,0,0,0.24713943885115475
1.15.0,core/src/main/java/org/apache/calcite/sql2rel/CorrelationReferenceFinder.java,0,0,0.45069808385275884
1.15.0,core/src/main/java/org/apache/calcite/sql2rel/DeduplicateCorrelateVariables.java,0,0,0.3164761720513951
1.15.0,core/src/main/java/org/apache/calcite/sql2rel/SqlNodeToRexConverter.java,0,0,0.08773105542967649
1.15.0,core/src/main/java/org/apache/calcite/sql2rel/SqlRexContext.java,0,0,0.08773105542967649
1.15.0,core/src/main/java/org/apache/calcite/sql2rel/SqlRexConvertlet.java,0,0,0.08773105542967649
1.15.0,core/src/main/java/org/apache/calcite/sql2rel/SqlRexConvertletTable.java,0,0,0.08773105542967649
1.15.0,core/src/main/java/org/apache/calcite/tools/RelBuilderFactory.java,0,0,0.12093017474042977
1.15.0,core/src/main/java/org/apache/calcite/tools/RelConversionException.java,0,0,0.08773105542967649
1.15.0,core/src/main/java/org/apache/calcite/tools/RelRunner.java,0,0,0.117852845992415
1.15.0,core/src/main/java/org/apache/calcite/tools/RuleSet.java,0,0,0.06226600619317761
1.15.0,core/src/main/java/org/apache/calcite/tools/RuleSets.java,0,0,0.23418451613866978
1.15.0,core/src/main/java/org/apache/calcite/tools/ValidationException.java,0,0,0.07502874432518643
1.15.0,core/src/main/java/org/apache/calcite/util/BarfingInvocationHandler.java,0,0,0.05433766470110848
1.15.0,core/src/main/java/org/apache/calcite/util/Benchmark.java,0,0,0.16045956462341662
1.15.0,core/src/main/java/org/apache/calcite/util/BitSets.java,0,0,0.2731553252608914
1.15.0,core/src/main/java/org/apache/calcite/util/BitString.java,0,0,0.3583615094566167
1.15.0,core/src/main/java/org/apache/calcite/util/CalciteParserException.java,0,0,0.08773105542967649
1.15.0,core/src/main/java/org/apache/calcite/util/CalciteValidatorException.java,0,0,0.08773105542967649
1.15.0,core/src/main/java/org/apache/calcite/util/CastingList.java,0,0,0.06774785122974972
1.15.0,core/src/main/java/org/apache/calcite/util/ChunkList.java,0,0,0.2502916898604783
1.15.0,core/src/main/java/org/apache/calcite/util/ClosableAllocation.java,0,0,0.08773105542967649
1.15.0,core/src/main/java/org/apache/calcite/util/ClosableAllocationOwner.java,0,0,0.08773105542967649
1.15.0,core/src/main/java/org/apache/calcite/util/CompositeMap.java,0,0,0.45775142478171793
1.15.0,core/src/main/java/org/apache/calcite/util/CompoundClosableAllocation.java,0,0,0.08773105542967649
1.15.0,core/src/main/java/org/apache/calcite/util/ControlFlowException.java,0,0,0.053963995399671456
1.15.0,core/src/main/java/org/apache/calcite/util/DelegatingInvocationHandler.java,0,0,0.1296487476047842
1.15.0,core/src/main/java/org/apache/calcite/util/Filterator.java,0,0,0.3763164133113422
1.15.0,core/src/main/java/org/apache/calcite/util/Glossary.java,0,0,0.0010443811800171614
1.15.0,core/src/main/java/org/apache/calcite/util/Holder.java,0,0,0.04108653923661822
1.15.0,core/src/main/java/org/apache/calcite/util/IntegerIntervalSet.java,0,0,0.2219710436523634
1.15.0,core/src/main/java/org/apache/calcite/util/IntList.java,0,0,0.03534505929749418
1.15.0,core/src/main/java/org/apache/calcite/util/Litmus.java,0,0,0.22342935818785714
1.15.0,core/src/main/java/org/apache/calcite/util/Permutation.java,0,0,0.00016745346061859863
1.15.0,core/src/main/java/org/apache/calcite/util/ReflectiveVisitDispatcher.java,0,0,0.08773105542967649
1.15.0,core/src/main/java/org/apache/calcite/util/ReflectiveVisitor.java,0,0,0.08773105542967649
1.15.0,core/src/main/java/org/apache/calcite/util/SerializableCharset.java,0,0,0.16115180128491527
1.15.0,core/src/main/java/org/apache/calcite/util/Stacks.java,0,0,0.06406889895279196
1.15.0,core/src/main/java/org/apache/calcite/util/StackWriter.java,0,0,0.20786398478406667
1.15.0,core/src/main/java/org/apache/calcite/util/TryThreadLocal.java,0,0,0.29817950172690477
1.15.0,core/src/main/java/org/apache/calcite/util/UnmodifiableArrayList.java,0,0,0.04511167495839727
1.15.0,core/src/main/java/org/apache/calcite/adapter/clone/ColumnLoader.java,0,1,0.9804719161192937
1.15.0,core/src/main/java/org/apache/calcite/adapter/clone/ListTable.java,0,0,0.22325452801170192
1.15.0,core/src/main/java/org/apache/calcite/adapter/enumerable/AggAddContext.java,0,0,0.07535823992732546
1.15.0,core/src/main/java/org/apache/calcite/adapter/enumerable/AggImplementor.java,0,0,0.06982781427511371
1.15.0,core/src/main/java/org/apache/calcite/adapter/enumerable/AggImpState.java,0,0,0.2772781348748234
1.15.0,core/src/main/java/org/apache/calcite/adapter/enumerable/AggResetContext.java,0,0,0.20122378559857512
1.15.0,core/src/main/java/org/apache/calcite/adapter/enumerable/CallImplementor.java,0,0,0.07190324500423807
1.15.0,core/src/main/java/org/apache/calcite/adapter/enumerable/EnumerableAggregateRule.java,0,0,0.053963995399671456
1.15.0,core/src/main/java/org/apache/calcite/adapter/enumerable/EnumerableCollect.java,0,0,0.18597851870999793
1.15.0,core/src/main/java/org/apache/calcite/adapter/enumerable/EnumerableCollectRule.java,0,0,0.053963995399671456
1.15.0,core/src/main/java/org/apache/calcite/adapter/enumerable/EnumerableCorrelate.java,0,0,0.31917133307373685
1.15.0,core/src/main/java/org/apache/calcite/adapter/enumerable/EnumerableFilter.java,0,0,0.2676497015216389
1.15.0,core/src/main/java/org/apache/calcite/adapter/enumerable/EnumerableInterpretable.java,0,0,0.4352256079118418
1.15.0,core/src/main/java/org/apache/calcite/adapter/enumerable/EnumerableInterpreter.java,0,0,0.2719333885147809
1.15.0,core/src/main/java/org/apache/calcite/adapter/enumerable/EnumerableIntersectRule.java,0,0,0.2527710535929907
1.15.0,core/src/main/java/org/apache/calcite/adapter/enumerable/EnumerableJoin.java,0,0,0.31247454177544887
1.15.0,core/src/main/java/org/apache/calcite/adapter/enumerable/EnumerableJoinRule.java,0,0,0.16435448321798488
1.15.0,core/src/main/java/org/apache/calcite/adapter/enumerable/EnumerableLimitRule.java,0,0,0.30957505435268984
1.15.0,core/src/main/java/org/apache/calcite/adapter/enumerable/EnumerableMergeJoinRule.java,0,0,0.3797152201261782
1.15.0,core/src/main/java/org/apache/calcite/adapter/enumerable/EnumerableMinusRule.java,0,0,0.25528718650925125
1.15.0,core/src/main/java/org/apache/calcite/adapter/enumerable/EnumerableProject.java,0,0,0.32435319707086036
1.15.0,core/src/main/java/org/apache/calcite/adapter/enumerable/EnumerableSemiJoin.java,0,0,0.24847004522216504
1.15.0,core/src/main/java/org/apache/calcite/adapter/enumerable/EnumerableSemiJoinRule.java,0,0,0.1904381778960301
1.15.0,core/src/main/java/org/apache/calcite/adapter/enumerable/EnumerableSort.java,0,0,0.24141345478859344
1.15.0,core/src/main/java/org/apache/calcite/adapter/enumerable/EnumerableSortRule.java,0,0,0.30957505435268984
1.15.0,core/src/main/java/org/apache/calcite/adapter/enumerable/EnumerableThetaJoin.java,0,0,0.4483607943890559
1.15.0,core/src/main/java/org/apache/calcite/adapter/enumerable/EnumerableUncollect.java,0,0,0.3153652572299311
1.15.0,core/src/main/java/org/apache/calcite/adapter/enumerable/EnumerableUncollectRule.java,0,0,0.053963995399671456
1.15.0,core/src/main/java/org/apache/calcite/adapter/enumerable/EnumerableUnionRule.java,0,0,0.053963995399671456
1.15.0,core/src/main/java/org/apache/calcite/adapter/enumerable/EnumerableValues.java,0,0,0.31342052872175047
1.15.0,core/src/main/java/org/apache/calcite/adapter/enumerable/EnumerableWindowRule.java,0,0,0.03649512357526058
1.15.0,core/src/main/java/org/apache/calcite/adapter/enumerable/EnumUtils.java,0,1,0.5831059140298558
1.15.0,core/src/main/java/org/apache/calcite/adapter/enumerable/JavaRelImplementor.java,0,0,0.14857948810992214
1.15.0,core/src/main/java/org/apache/calcite/adapter/enumerable/NestedBlockBuilder.java,0,0,0.07535823992732546
1.15.0,core/src/main/java/org/apache/calcite/adapter/enumerable/NestedBlockBuilderImpl.java,0,0,0.2604368296234774
1.15.0,core/src/main/java/org/apache/calcite/adapter/enumerable/NotNullImplementor.java,0,0,0.07190324500423807
1.15.0,core/src/main/java/org/apache/calcite/adapter/enumerable/StrictAggImplementor.java,0,0,0.28353189511352067
1.15.0,core/src/main/java/org/apache/calcite/adapter/enumerable/StrictWinAggImplementor.java,0,0,0.0030640830420855993
1.15.0,core/src/main/java/org/apache/calcite/adapter/enumerable/WinAggAddContext.java,0,0,0.07535823992732546
1.15.0,core/src/main/java/org/apache/calcite/adapter/enumerable/WinAggContext.java,0,0,0.075751407702478
1.15.0,core/src/main/java/org/apache/calcite/adapter/enumerable/WinAggFrameContext.java,0,0,0.075751407702478
1.15.0,core/src/main/java/org/apache/calcite/adapter/enumerable/WinAggFrameResultContext.java,0,0,0.075751407702478
1.15.0,core/src/main/java/org/apache/calcite/adapter/enumerable/WinAggImplementor.java,0,0,0.13487290750441253
1.15.0,core/src/main/java/org/apache/calcite/adapter/enumerable/WinAggResetContext.java,0,0,0.07535823992732546
1.15.0,core/src/main/java/org/apache/calcite/adapter/enumerable/WinAggResultContext.java,0,0,0.07535823992732546
1.15.0,core/src/main/java/org/apache/calcite/adapter/java/AbstractQueryableTable.java,0,0,0.03222986217666748
1.15.0,core/src/main/java/org/apache/calcite/adapter/java/Array.java,0,0,0.12201144327020566
1.15.0,core/src/main/java/org/apache/calcite/adapter/java/JavaTypeFactory.java,0,0,0.0330450815788285
1.15.0,core/src/main/java/org/apache/calcite/adapter/java/Map.java,0,0,0.12201144327020566
1.15.0,core/src/main/java/org/apache/calcite/adapter/jdbc/JdbcConvention.java,0,0,0.15629350084491264
1.15.0,core/src/main/java/org/apache/calcite/adapter/jdbc/JdbcQueryProvider.java,0,0,0.035272893826636086
1.15.0,core/src/main/java/org/apache/calcite/adapter/jdbc/JdbcRel.java,0,0,0.050236817520167135
1.15.0,core/src/main/java/org/apache/calcite/plan/hep/HepMatchOrder.java,0,0,0.053963995399671456
1.15.0,core/src/main/java/org/apache/calcite/plan/hep/HepProgram.java,0,0,0.4126107458084977
1.15.0,core/src/main/java/org/apache/calcite/plan/hep/HepProgramBuilder.java,0,0,0.05658483692294057
1.15.0,core/src/main/java/org/apache/calcite/plan/hep/HepRelMetadataProvider.java,0,0,0.18618153546084304
1.15.0,core/src/main/java/org/apache/calcite/plan/hep/HepRelVertex.java,0,0,0.08670902197939619
1.15.0,core/src/main/java/org/apache/calcite/plan/volcano/ChainedPhaseRuleMappingInitializer.java,0,0,0.08773105542967649
1.15.0,core/src/main/java/org/apache/calcite/plan/volcano/VolcanoCost.java,0,0,0.00031861502381017384
1.15.0,core/src/main/java/org/apache/calcite/plan/volcano/VolcanoPlannerPhase.java,0,0,0.053963995399671456
1.15.0,core/src/main/java/org/apache/calcite/plan/volcano/VolcanoPlannerPhaseRuleMappingInitializer.java,0,0,0.08773105542967649
1.15.0,core/src/main/java/org/apache/calcite/plan/volcano/VolcanoRelMetadataProvider.java,0,0,0.2008675092088004
1.15.0,core/src/main/java/org/apache/calcite/rel/convert/Converter.java,0,0,0.08773105542967649
1.15.0,core/src/main/java/org/apache/calcite/rel/convert/NoneConverter.java,0,0,0.08773105542967649
1.15.0,core/src/main/java/org/apache/calcite/rel/core/Collect.java,0,0,0.2017657669306556
1.15.0,core/src/main/java/org/apache/calcite/rel/core/CorrelationId.java,0,0,0.13195374201918722
1.15.0,core/src/main/java/org/apache/calcite/rel/core/EquiJoin.java,0,0,0.059663716995079295
1.15.0,core/src/main/java/org/apache/calcite/rel/core/Exchange.java,0,0,0.246520482581443
1.15.0,core/src/main/java/org/apache/calcite/rel/core/Intersect.java,0,0,0.08035838147484299
1.15.0,core/src/main/java/org/apache/calcite/rel/core/JoinInfo.java,0,0,0.1612283577808154
1.15.0,core/src/main/java/org/apache/calcite/rel/core/Minus.java,0,0,0.07862033433184777
1.15.0,core/src/main/java/org/apache/calcite/rel/core/Sample.java,0,0,0.1267284780410751
1.15.0,core/src/main/java/org/apache/calcite/rel/core/SortExchange.java,0,0,0.09677517034447998
1.15.0,core/src/main/java/org/apache/calcite/rel/core/TableFunctionScan.java,0,0,0.19551004997369076
1.15.0,core/src/main/java/org/apache/calcite/rel/core/Uncollect.java,0,0,0.10352867778239327
1.15.0,core/src/main/java/org/apache/calcite/rel/logical/LogicalCalc.java,0,0,0.07583106305080019
1.15.0,core/src/main/java/org/apache/calcite/rel/logical/LogicalExchange.java,0,0,0.32551534576793284
1.15.0,core/src/main/java/org/apache/calcite/rel/logical/LogicalFilter.java,0,0,0.38098750944750054
1.15.0,core/src/main/java/org/apache/calcite/rel/logical/LogicalIntersect.java,0,0,0.06077312271957005
1.15.0,core/src/main/java/org/apache/calcite/rel/logical/LogicalJoin.java,0,0,0.16180381173344988
1.15.0,core/src/main/java/org/apache/calcite/rel/logical/LogicalMinus.java,0,0,0.18583914007457386
1.15.0,core/src/main/java/org/apache/calcite/rel/logical/LogicalSort.java,0,0,0.2707291150945469
1.15.0,core/src/main/java/org/apache/calcite/rel/logical/LogicalTableFunctionScan.java,0,0,0.1862920465272261
1.15.0,core/src/main/java/org/apache/calcite/rel/logical/LogicalUnion.java,0,0,0.18583914007457386
1.15.0,core/src/main/java/org/apache/calcite/rel/logical/LogicalValues.java,0,0,0.37150135679152635
1.15.0,core/src/main/java/org/apache/calcite/rel/metadata/CyclicMetadataException.java,0,0,0.06136025400315557
1.15.0,core/src/main/java/org/apache/calcite/rel/metadata/Metadata.java,0,0,0.08773105542967649
1.15.0,core/src/main/java/org/apache/calcite/rel/metadata/MetadataDef.java,0,0,0.4312239461511715
1.15.0,core/src/main/java/org/apache/calcite/rel/metadata/MetadataFactory.java,0,0,0.08773105542967649
1.15.0,core/src/main/java/org/apache/calcite/rel/metadata/MetadataHandler.java,0,0,0.1400614856931869
1.15.0,core/src/main/java/org/apache/calcite/rel/metadata/NullSentinel.java,0,0,0.39398566847891053
1.15.0,core/src/main/java/org/apache/calcite/rel/metadata/RelColumnMapping.java,0,0,0.05699249442082106
1.15.0,core/src/main/java/org/apache/calcite/rel/metadata/RelColumnOrigin.java,0,0,0.329841425200776
1.15.0,core/src/main/java/org/apache/calcite/rel/metadata/RelMdColumnOrigins.java,0,0,0.21051879303791285
1.15.0,core/src/main/java/org/apache/calcite/rel/metadata/RelMdDistinctRowCount.java,0,0,0.00428545646008819
1.15.0,core/src/main/java/org/apache/calcite/rel/metadata/RelMdDistribution.java,0,0,0.06164124569595022
1.15.0,core/src/main/java/org/apache/calcite/rel/metadata/RelMdExplainVisibility.java,0,0,0.04948424687319473
1.15.0,core/src/main/java/org/apache/calcite/rel/metadata/RelMdMemory.java,0,0,0.0321954096123285
1.15.0,core/src/main/java/org/apache/calcite/rel/metadata/RelMdParallelism.java,0,0,0.014077624605357284
1.15.0,core/src/main/java/org/apache/calcite/rel/metadata/RelMdPercentageOriginalRows.java,0,0,0.27089990069540637
1.15.0,core/src/main/java/org/apache/calcite/rel/metadata/RelMdPopulationSize.java,0,0,0.07138254979493153
1.15.0,core/src/main/java/org/apache/calcite/rel/metadata/RelMdSelectivity.java,0,0,0.058931730144830934
1.15.0,core/src/main/java/org/apache/calcite/rel/metadata/RelMdUniqueKeys.java,0,0,0.2079857310468923
1.15.0,core/src/main/java/org/apache/calcite/rel/metadata/UnboundMetadata.java,0,0,0.13407013334838688
1.15.0,core/src/main/java/org/apache/calcite/rel/rules/EquiJoin.java,0,0,0.08773105542967649
1.15.0,core/src/main/java/org/apache/calcite/rel/rules/FilterCorrelateRule.java,0,0,0.3827117784472774
1.15.0,core/src/main/java/org/apache/calcite/rel/rules/FilterJoinRule.java,0,0,0.30311449361179776
1.15.0,core/src/main/java/org/apache/calcite/rel/rules/FilterMergeRule.java,0,0,0.06745824546574089
1.15.0,core/src/main/java/org/apache/calcite/rel/rules/FilterSetOpTransposeRule.java,0,0,0.34869971593361193
1.15.0,core/src/main/java/org/apache/calcite/rel/rules/JoinPushExpressionsRule.java,0,0,0.3670209182365839
1.15.0,core/src/main/java/org/apache/calcite/rel/rules/JoinPushTransitivePredicatesRule.java,0,1,0.8501567642495913
1.15.0,core/src/main/java/org/apache/calcite/rel/rules/LoptJoinTree.java,0,0,0.03721870884777208
1.15.0,core/src/main/java/org/apache/calcite/rel/rules/MultiJoin.java,0,0,0.30580197503070233
1.15.0,core/src/main/java/org/apache/calcite/rel/rules/ProjectMergeRule.java,0,0,0.187781726164599
1.15.0,core/src/main/java/org/apache/calcite/rel/rules/SortUnionTransposeRule.java,0,1,0.5213518955925995
1.15.0,core/src/main/java/org/apache/calcite/rel/rules/UnionToDistinctRule.java,0,0,0.3354679851853556
1.15.0,core/src/main/java/org/apache/calcite/rel/stream/Chi.java,0,0,0.07576847663353051
1.15.0,core/src/main/java/org/apache/calcite/rel/stream/Delta.java,0,0,0.07875535536204752
1.15.0,core/src/main/java/org/apache/calcite/rel/stream/LogicalChi.java,0,0,0.0985610248451965
1.15.0,core/src/main/java/org/apache/calcite/rel/stream/LogicalDelta.java,0,0,0.06493936311991458
1.15.0,core/src/main/java/org/apache/calcite/rel/type/DynamicRecordType.java,0,0,0.09589932860613096
1.15.0,core/src/main/java/org/apache/calcite/rel/type/RelCrossType.java,0,0,0.4081472056674818
1.15.0,core/src/main/java/org/apache/calcite/rel/type/RelDataTypeComparability.java,0,0,0.053963995399671456
1.15.0,core/src/main/java/org/apache/calcite/rel/type/RelDataTypeFamily.java,0,0,0.08773105542967649
1.15.0,core/src/main/java/org/apache/calcite/rel/type/RelDataTypeFieldImpl.java,0,0,0.29494986589770045
1.15.0,core/src/main/java/org/apache/calcite/rel/type/RelProtoDataType.java,0,0,0.08773105542967649
1.15.0,core/src/main/java/org/apache/calcite/schema/impl/AbstractTableQueryable.java,0,0,0.05894054512457284
1.15.0,core/src/main/java/org/apache/calcite/schema/impl/StarTable.java,0,0,0.17288193941020494
1.15.0,core/src/main/java/org/apache/calcite/sql/advise/SqlAdvisorGetHintsFunction.java,0,1,0.5460280980658238
1.15.0,core/src/main/java/org/apache/calcite/sql/advise/SqlAdvisorHint.java,0,0,0.46452722462904616
1.15.0,core/src/main/java/org/apache/calcite/sql/fun/SqlArgumentAssignmentOperator.java,0,0,0.11333763473533696
1.15.0,core/src/main/java/org/apache/calcite/sql/fun/SqlArrayQueryConstructor.java,0,0,0.053963995399671456
1.15.0,core/src/main/java/org/apache/calcite/sql/fun/SqlArrayValueConstructor.java,0,0,0.1688763910527833
1.15.0,core/src/main/java/org/apache/calcite/sql/fun/SqlCase.java,0,0,0.26447396651051236
1.15.0,core/src/main/java/org/apache/calcite/sql/fun/SqlCollectionTableOperator.java,0,0,0.08696949499928065
1.15.0,core/src/main/java/org/apache/calcite/sql/fun/SqlColumnListConstructor.java,0,0,0.07689725384522708
1.15.0,core/src/main/java/org/apache/calcite/sql/fun/SqlConvertFunction.java,0,0,0.2504237456964916
1.15.0,core/src/main/java/org/apache/calcite/sql/fun/SqlCovarAggFunction.java,0,0,0.4085618820880135
1.15.0,core/src/main/java/org/apache/calcite/sql/fun/SqlCurrentDateFunction.java,0,0,0.063492189707094
1.15.0,core/src/main/java/org/apache/calcite/sql/fun/SqlCursorConstructor.java,0,0,0.1999750974159811
1.15.0,core/src/main/java/org/apache/calcite/sql/fun/SqlDefaultOperator.java,0,0,0.11333763473533696
1.15.0,core/src/main/java/org/apache/calcite/sql/fun/SqlExtendOperator.java,0,1,0.5451206372991118
1.15.0,core/src/main/java/org/apache/calcite/sql/fun/SqlLeadLagAggFunction.java,0,0,0.26139275781261645
1.15.0,core/src/main/java/org/apache/calcite/sql/fun/SqlMapQueryConstructor.java,0,0,0.053963995399671456
1.15.0,core/src/main/java/org/apache/calcite/sql/fun/SqlMapValueConstructor.java,0,0,0.4210720697410514
1.15.0,core/src/main/java/org/apache/calcite/sql/fun/SqlMonotonicUnaryFunction.java,0,0,0.08127126940096768
1.15.0,core/src/main/java/org/apache/calcite/sql/fun/SqlMultisetMemberOfOperator.java,0,0,0.32717123060584935
1.15.0,core/src/main/java/org/apache/calcite/sql/fun/SqlMultisetQueryConstructor.java,0,0,0.10707704142638522
1.15.0,core/src/main/java/org/apache/calcite/sql/fun/SqlMultisetSetOperator.java,0,0,0.1151317360669391
1.15.0,core/src/main/java/org/apache/calcite/sql/fun/SqlNewOperator.java,0,0,0.06783343803804956
1.15.0,core/src/main/java/org/apache/calcite/sql/fun/SqlNtileAggFunction.java,0,0,0.16144385070894451
1.15.0,core/src/main/java/org/apache/calcite/sql/fun/SqlOverlayFunction.java,0,1,0.5910055034717294
1.15.0,core/src/main/java/org/apache/calcite/sql/fun/SqlRollupOperator.java,0,1,0.5445440414521594
1.15.0,core/src/main/java/org/apache/calcite/sql/fun/SqlSequenceValueOperator.java,0,0,0.34834724620738267
1.15.0,core/src/main/java/org/apache/calcite/sql/fun/SqlThrowOperator.java,0,0,0.05816372564134875
1.15.0,core/src/main/java/org/apache/calcite/sql/fun/SqlTranslate3Function.java,0,0,0.4315222218531553
1.15.0,core/src/main/java/org/apache/calcite/sql/fun/SqlTrimFunction.java,0,1,0.9374905052520458
1.15.0,core/src/main/java/org/apache/calcite/sql/parser/SqlParseException.java,0,0,0.30225902859842524
1.15.0,core/src/main/java/org/apache/calcite/sql/parser/SqlParserImplFactory.java,0,0,0.08773105542967649
1.15.0,core/src/main/java/org/apache/calcite/sql/pretty/SqlFormatOptions.java,0,0,0.02224373903836782
1.15.0,core/src/main/java/org/apache/calcite/sql/type/AbstractSqlType.java,0,0,0.2969888607338906
1.15.0,core/src/main/java/org/apache/calcite/sql/type/AssignableOperandTypeChecker.java,0,0,0.038784769661725685
1.15.0,core/src/main/java/org/apache/calcite/sql/type/ComparableOperandTypeChecker.java,0,0,0.31381272529089405
1.15.0,core/src/main/java/org/apache/calcite/sql/type/CompositeSingleOperandTypeChecker.java,0,0,0.37128411642103293
1.15.0,core/src/main/java/org/apache/calcite/sql/type/CursorReturnTypeInference.java,0,0,0.08773105542967649
1.15.0,core/src/main/java/org/apache/calcite/sql/type/ExplicitOperandTypeInference.java,0,0,0.4098668526538508
1.15.0,core/src/main/java/org/apache/calcite/sql/type/ExplicitReturnTypeInference.java,0,0,0.24057948852381492
1.15.0,core/src/main/java/org/apache/calcite/sql/type/FamilyOperandTypeChecker.java,0,0,0.30957505435268984
1.15.0,core/src/main/java/org/apache/calcite/sql/type/InferTypes.java,0,0,0.06608616458979212
1.15.0,core/src/main/java/org/apache/calcite/sql/type/LiteralOperandTypeChecker.java,0,0,0.3293697691184909
1.15.0,core/src/main/java/org/apache/calcite/sql/type/MapSqlType.java,0,0,0.3153013211370767
1.15.0,core/src/main/java/org/apache/calcite/sql/type/MultisetOperandTypeChecker.java,0,0,0.2326267260493717
1.15.0,core/src/main/java/org/apache/calcite/sql/type/ObjectSqlType.java,0,0,0.07091308465315649
1.15.0,core/src/main/java/org/apache/calcite/sql/type/OperandsTypeChecking.java,0,0,0.00010279630618907696
1.15.0,core/src/main/java/org/apache/calcite/sql/type/OrdinalReturnTypeInference.java,0,0,0.053963995399671456
1.15.0,core/src/main/java/org/apache/calcite/sql/type/SetopOperandTypeChecker.java,0,0,0.30429921224425477
1.15.0,core/src/main/java/org/apache/calcite/sql/type/SqlOperandCountRanges.java,0,0,0.09440205924135485
1.15.0,core/src/main/java/org/apache/calcite/sql/type/SqlOperandTypeChecker.java,0,0,0.053963995399671456
1.15.0,core/src/main/java/org/apache/calcite/sql/type/SqlOperandTypeInference.java,0,0,0.1296487476047842
1.15.0,core/src/main/java/org/apache/calcite/sql/type/SqlReturnTypeInference.java,0,0,0.08773105542967649
1.15.0,core/src/main/java/org/apache/calcite/sql/type/SqlReturnTypeInferenceChain.java,0,0,0.39692901903466166
1.15.0,core/src/main/java/org/apache/calcite/sql/type/SqlSingleOperandTypeChecker.java,0,0,0.19660348373836026
1.15.0,core/src/main/java/org/apache/calcite/sql/type/SqlTypeTransform.java,0,0,0.08773105542967649
1.15.0,core/src/main/java/org/apache/calcite/sql/type/SqlTypeTransformCascade.java,0,0,0.3665870016162244
1.15.0,core/src/main/java/org/apache/calcite/sql/type/SqlTypeTransforms.java,0,0,0.10849356675287372
1.15.0,core/src/main/java/org/apache/calcite/sql/type/TableFunctionReturnTypeInference.java,0,0,0.08773105542967649
1.15.0,core/src/main/java/org/apache/calcite/sql/util/ChainedSqlOperatorTable.java,0,0,0.10966931690020279
1.15.0,core/src/main/java/org/apache/calcite/sql/util/SqlBuilder.java,0,0,0.3205281424497771
1.15.0,core/src/main/java/org/apache/calcite/sql/util/SqlShuttle.java,0,0,0.3236381108663599
1.15.0,core/src/main/java/org/apache/calcite/sql/util/SqlString.java,0,0,0.2053215441280354
1.15.0,core/src/main/java/org/apache/calcite/sql/util/SqlVisitor.java,0,0,0.08773105542967649
1.15.0,core/src/main/java/org/apache/calcite/sql/validate/AggregatingScope.java,0,0,0.08773105542967649
1.15.0,core/src/main/java/org/apache/calcite/sql/validate/AliasNamespace.java,0,0,0.26999783165724633
1.15.0,core/src/main/java/org/apache/calcite/sql/validate/CollectNamespace.java,0,0,0.28298790724985706
1.15.0,core/src/main/java/org/apache/calcite/sql/validate/CollectScope.java,0,0,0.18841682084918604
1.15.0,core/src/main/java/org/apache/calcite/sql/validate/DelegatingSqlValidatorTable.java,0,0,0.08773105542967649
1.15.0,core/src/main/java/org/apache/calcite/sql/validate/FieldNamespace.java,0,0,0.24558776478236063
1.15.0,core/src/main/java/org/apache/calcite/sql/validate/JoinNamespace.java,0,0,0.28031420221079145
1.15.0,core/src/main/java/org/apache/calcite/sql/validate/OverScope.java,0,0,0.08773105542967649
1.15.0,core/src/main/java/org/apache/calcite/sql/validate/ParameterNamespace.java,0,0,0.1912269685255349
1.15.0,core/src/main/java/org/apache/calcite/sql/validate/ProcedureNamespace.java,0,0,0.34721771015167885
1.15.0,core/src/main/java/org/apache/calcite/sql/validate/SchemaNamespace.java,0,0,0.2391147193270353
1.15.0,core/src/main/java/org/apache/calcite/sql/validate/SelectNamespace.java,0,0,0.053963995399671456
1.15.0,core/src/main/java/org/apache/calcite/sql/validate/SelectScope.java,0,1,0.5090784435477512
1.15.0,core/src/main/java/org/apache/calcite/sql/validate/SqlModality.java,0,0,0.060903871092550604
1.15.0,core/src/main/java/org/apache/calcite/sql/validate/SqlMoniker.java,0,0,0.2519454274048173
1.15.0,core/src/main/java/org/apache/calcite/sql/validate/SqlMonikerImpl.java,0,0,0.22752732007117607
1.15.0,core/src/main/java/org/apache/calcite/sql/validate/SqlMonikerType.java,0,0,0.053963995399671456
1.15.0,core/src/main/java/org/apache/calcite/sql/validate/SqlMonotonicity.java,0,0,0.28949206629393076
1.15.0,core/src/main/java/org/apache/calcite/sql/validate/SqlScopedShuttle.java,0,0,0.053963995399671456
1.15.0,core/src/main/java/org/apache/calcite/sql/validate/SqlUserDefinedTableMacro.java,0,1,0.5021934668344338
1.15.0,core/src/main/java/org/apache/calcite/sql/validate/SqlValidatorException.java,0,0,0.05128528772675391
1.15.0,core/src/main/java/org/apache/calcite/sql/validate/SqlValidatorWithHints.java,0,0,0.08773105542967649
1.15.0,core/src/main/java/org/apache/calcite/sql/validate/TableConstructorNamespace.java,0,0,0.3270173608101552
1.15.0,core/src/main/java/org/apache/calcite/sql/validate/UnnestNamespace.java,0,0,0.3308234962187043
1.15.0,core/src/main/java/org/apache/calcite/sql/validate/WithItemNamespace.java,0,0,0.4200995253365648
1.15.0,core/src/main/java/org/apache/calcite/sql/validate/WithNamespace.java,0,0,0.30957505435268984
1.15.0,core/src/main/java/org/apache/calcite/util/graph/BreadthFirstIterator.java,0,0,0.2557839248987973
1.15.0,core/src/main/java/org/apache/calcite/util/graph/CycleDetector.java,0,0,0.053963995399671456
1.15.0,core/src/main/java/org/apache/calcite/util/graph/DefaultDirectedGraph.java,0,1,0.9107930886480248
1.15.0,core/src/main/java/org/apache/calcite/util/graph/DefaultEdge.java,0,0,0.3128427305086452
1.15.0,core/src/main/java/org/apache/calcite/util/graph/DepthFirstIterator.java,0,0,0.23581891478244535
1.15.0,core/src/main/java/org/apache/calcite/util/graph/DirectedGraph.java,0,0,0.24752616806352593
1.15.0,core/src/main/java/org/apache/calcite/util/graph/TopologicalOrderIterator.java,0,0,0.4538964056918084
1.15.0,core/src/main/java/org/apache/calcite/util/javac/JavaCompiler.java,0,0,0.08773105542967649
1.15.0,core/src/main/java/org/apache/calcite/util/javac/JavaCompilerArgs.java,0,0,0.1501790685046036
1.15.0,core/src/main/java/org/apache/calcite/util/mapping/AbstractSourceMapping.java,0,0,0.0032762747139586787
1.15.0,core/src/main/java/org/apache/calcite/util/mapping/AbstractTargetMapping.java,0,0,0.0032298697217621923
1.15.0,core/src/main/java/org/apache/calcite/util/mapping/IntPair.java,0,0,0.09078517961506445
1.15.0,core/src/main/java/org/apache/calcite/util/mapping/Mapping.java,0,0,0.08773105542967649
1.15.0,core/src/main/java/org/apache/calcite/util/mapping/Mappings.java,0,0,0.4275939571406611
1.15.0,core/src/main/java/org/apache/calcite/util/mapping/MappingType.java,0,0,0.4782960553371992
1.15.0,core/src/main/java/org/apache/calcite/util/trace/CalciteLogger.java,0,0,0.00023131701237179544
1.15.0,core/src/main/java/org/apache/calcite/adapter/enumerable/impl/WinAggAddContextImpl.java,0,0,0.046360907032253575
1.15.0,core/src/main/java/org/apache/calcite/adapter/enumerable/impl/WinAggResetContextImpl.java,0,0,0.1559901314489651
1.15.0,cassandra/src/main/java/org/apache/calcite/adapter/cassandra/CassandraFilter.java,0,0,0.3965482626336047
1.15.0,cassandra/src/main/java/org/apache/calcite/adapter/cassandra/CassandraMethod.java,0,0,0.1392498772488037
1.15.0,cassandra/src/main/java/org/apache/calcite/adapter/cassandra/CassandraProject.java,0,0,0.1392498772488037
1.15.0,cassandra/src/main/java/org/apache/calcite/adapter/cassandra/CassandraRel.java,0,0,0.4065607868089654
1.15.0,cassandra/src/main/java/org/apache/calcite/adapter/cassandra/CassandraTableScan.java,0,0,0.14809654240246067
1.15.0,cassandra/src/main/java/org/apache/calcite/adapter/cassandra/CassandraToEnumerableConverter.java,0,0,0.129085185265918
1.15.0,druid/src/main/java/org/apache/calcite/adapter/druid/DruidConnection.java,0,0,0.1479705078023942
1.15.0,druid/src/main/java/org/apache/calcite/adapter/druid/DruidResultEnumerator.java,0,0,0.1479705078023942
1.15.0,mongodb/src/main/java/org/apache/calcite/adapter/mongodb/MongoAggregate.java,0,1,0.6158943493877578
1.15.0,mongodb/src/main/java/org/apache/calcite/adapter/mongodb/MongoEnumerator.java,0,0,0.31420021372071727
1.15.0,mongodb/src/main/java/org/apache/calcite/adapter/mongodb/MongoFilter.java,0,0,0.29370188184800955
1.15.0,mongodb/src/main/java/org/apache/calcite/adapter/mongodb/MongoMethod.java,0,0,0.08773105542967649
1.15.0,mongodb/src/main/java/org/apache/calcite/adapter/mongodb/MongoProject.java,0,0,0.08773105542967649
1.15.0,mongodb/src/main/java/org/apache/calcite/adapter/mongodb/MongoRel.java,0,0,0.12334713541007204
1.15.0,mongodb/src/main/java/org/apache/calcite/adapter/mongodb/MongoSchema.java,0,0,0.08792166994608128
1.15.0,mongodb/src/main/java/org/apache/calcite/adapter/mongodb/MongoSchemaFactory.java,0,0,0.07398178628912784
1.15.0,mongodb/src/main/java/org/apache/calcite/adapter/mongodb/MongoSort.java,0,0,0.3087092282739376
1.15.0,mongodb/src/main/java/org/apache/calcite/adapter/mongodb/MongoTableScan.java,0,0,0.09366083417885683
1.15.0,mongodb/src/main/java/org/apache/calcite/adapter/mongodb/MongoToEnumerableConverter.java,0,0,0.0797393623371786
1.15.0,plus/src/main/java/org/apache/calcite/adapter/tpcds/TpcdsSchemaFactory.java,0,0,0.20781887755663356
1.15.0,plus/src/main/java/org/apache/calcite/adapter/tpch/TpchSchemaFactory.java,0,0,0.07398178628912784
1.15.0,spark/src/main/java/org/apache/calcite/adapter/spark/EnumerableToSparkConverter.java,0,0,0.3474193005777778
1.15.0,spark/src/main/java/org/apache/calcite/adapter/spark/HttpServer.java,0,0,0.008082837827810524
1.15.0,spark/src/main/java/org/apache/calcite/adapter/spark/JdbcToSparkConverter.java,0,0,0.06874406130264733
1.15.0,spark/src/main/java/org/apache/calcite/adapter/spark/SparkMethod.java,0,0,0.25627378081896873
1.15.0,spark/src/main/java/org/apache/calcite/adapter/spark/SparkRel.java,0,0,0.24298515124053507
1.15.0,spark/src/main/java/org/apache/calcite/adapter/spark/SparkToEnumerableConverter.java,0,0,0.18305308267820292
1.15.0,splunk/src/main/java/org/apache/calcite/adapter/splunk/SplunkDriver.java,0,0,0.10341886777073124
1.15.0,splunk/src/main/java/org/apache/calcite/adapter/splunk/SplunkDriverVersion.java,0,0,0.053963995399671456
1.15.0,splunk/src/main/java/org/apache/calcite/adapter/splunk/SplunkQuery.java,0,0,0.08773105542967649
1.15.0,splunk/src/main/java/org/apache/calcite/adapter/splunk/SplunkSchema.java,0,0,0.08773105542967649
1.15.0,splunk/src/main/java/org/apache/calcite/adapter/splunk/SplunkTableScan.java,0,0,0.3344581682354022
1.15.0,splunk/src/main/java/org/apache/calcite/adapter/splunk/search/SearchResultListener.java,0,0,0.13409179417619574
1.15.0,splunk/src/main/java/org/apache/calcite/adapter/splunk/search/SplunkConnection.java,0,0,0.08773105542967649
1.15.0,splunk/src/main/java/org/apache/calcite/adapter/splunk/util/StringUtils.java,0,0,0.004457814217984358
1.15.0,piglet/src/main/java/org/apache/calcite/piglet/Handler.java,0,0,0.40157765021810876
1.15.0,linq4j/src/main/java/org/apache/calcite/linq4j/AbstractEnumerable.java,0,0,0.053963995399671456
1.15.0,linq4j/src/main/java/org/apache/calcite/linq4j/AbstractEnumerable2.java,0,0,0.053963995399671456
1.15.0,linq4j/src/main/java/org/apache/calcite/linq4j/AbstractQueryable.java,0,0,0.000478422947481525
1.15.0,linq4j/src/main/java/org/apache/calcite/linq4j/BaseQueryable.java,0,0,0.000691676889763655
1.15.0,linq4j/src/main/java/org/apache/calcite/linq4j/CartesianProductEnumerator.java,0,0,0.06723550600000297
1.15.0,linq4j/src/main/java/org/apache/calcite/linq4j/CorrelateJoinType.java,0,0,0.05565524205764746
1.15.0,linq4j/src/main/java/org/apache/calcite/linq4j/DefaultQueryable.java,0,0,0.08949504597367827
1.15.0,linq4j/src/main/java/org/apache/calcite/linq4j/DelegatingEnumerator.java,0,0,0.117852845992415
1.15.0,linq4j/src/main/java/org/apache/calcite/linq4j/Enumerable.java,0,0,0.08773105542967649
1.15.0,linq4j/src/main/java/org/apache/calcite/linq4j/EnumerableOrderedQueryable.java,0,0,0.08773105542967649
1.15.0,linq4j/src/main/java/org/apache/calcite/linq4j/EnumerableQueryable.java,0,0,0.08499863914822799
1.15.0,linq4j/src/main/java/org/apache/calcite/linq4j/Enumerator.java,0,0,0.2861950570281752
1.15.0,linq4j/src/main/java/org/apache/calcite/linq4j/ExtendedOrderedEnumerable.java,0,0,0.08773105542967649
1.15.0,linq4j/src/main/java/org/apache/calcite/linq4j/ExtendedOrderedQueryable.java,0,0,0.08773105542967649
1.15.0,linq4j/src/main/java/org/apache/calcite/linq4j/ExtendedQueryable.java,0,0,0.0005248994992572137
1.15.0,linq4j/src/main/java/org/apache/calcite/linq4j/Extensions.java,0,0,0.10665378678478753
1.15.0,linq4j/src/main/java/org/apache/calcite/linq4j/Grouping.java,0,0,0.08773105542967649
1.15.0,linq4j/src/main/java/org/apache/calcite/linq4j/GroupingImpl.java,0,0,0.10027031426912665
1.15.0,linq4j/src/main/java/org/apache/calcite/linq4j/Lookup.java,0,0,0.08773105542967649
1.15.0,linq4j/src/main/java/org/apache/calcite/linq4j/LookupImpl.java,0,0,0.1587731650645773
1.15.0,linq4j/src/main/java/org/apache/calcite/linq4j/OpType.java,0,0,0.08773105542967649
1.15.0,linq4j/src/main/java/org/apache/calcite/linq4j/OrderedEnumerable.java,0,0,0.08773105542967649
1.15.0,linq4j/src/main/java/org/apache/calcite/linq4j/OrderedQueryable.java,0,0,0.08773105542967649
1.15.0,linq4j/src/main/java/org/apache/calcite/linq4j/PackageMarker.java,0,0,0.09272015209686399
1.15.0,linq4j/src/main/java/org/apache/calcite/linq4j/Queryable.java,0,0,0.08773105542967649
1.15.0,linq4j/src/main/java/org/apache/calcite/linq4j/QueryableFactory.java,0,0,0.08773105542967649
1.15.0,linq4j/src/main/java/org/apache/calcite/linq4j/QueryableRecorder.java,0,0,0.09063115464723148
1.15.0,linq4j/src/main/java/org/apache/calcite/linq4j/QueryProvider.java,0,0,0.08773105542967649
1.15.0,linq4j/src/main/java/org/apache/calcite/linq4j/RawEnumerable.java,0,0,0.08773105542967649
1.15.0,linq4j/src/main/java/org/apache/calcite/linq4j/RawQueryable.java,0,0,0.08773105542967649
1.15.0,linq4j/src/main/java/org/apache/calcite/linq4j/TransformedEnumerator.java,0,0,0.07853998414732151
1.15.0,linq4j/src/main/java/org/apache/calcite/linq4j/function/BigDecimalFunction1.java,0,0,0.00032353573296163075
1.15.0,linq4j/src/main/java/org/apache/calcite/linq4j/function/Deterministic.java,0,0,0.19476131518485235
1.15.0,linq4j/src/main/java/org/apache/calcite/linq4j/function/DoubleFunction1.java,0,0,0.0005248994992572137
1.15.0,linq4j/src/main/java/org/apache/calcite/linq4j/function/EqualityComparer.java,0,0,0.08773105542967649
1.15.0,linq4j/src/main/java/org/apache/calcite/linq4j/function/FloatFunction1.java,0,0,0.0005248994992572137
1.15.0,linq4j/src/main/java/org/apache/calcite/linq4j/function/Function.java,0,0,0.07535823992732546
1.15.0,linq4j/src/main/java/org/apache/calcite/linq4j/function/Function0.java,0,0,0.08773105542967649
1.15.0,linq4j/src/main/java/org/apache/calcite/linq4j/function/Function1.java,0,0,0.0003114116688918665
1.15.0,linq4j/src/main/java/org/apache/calcite/linq4j/function/Function2.java,0,0,3.1303429282629218e-06
1.15.0,linq4j/src/main/java/org/apache/calcite/linq4j/function/IntegerFunction1.java,0,0,0.0005248994992572137
1.15.0,linq4j/src/main/java/org/apache/calcite/linq4j/function/LongFunction1.java,0,0,0.0005248994992572137
1.15.0,linq4j/src/main/java/org/apache/calcite/linq4j/function/NonDeterministic.java,0,0,0.08773105542967649
1.15.0,linq4j/src/main/java/org/apache/calcite/linq4j/function/NullableBigDecimalFunction1.java,0,0,0.0005248994992572137
1.15.0,linq4j/src/main/java/org/apache/calcite/linq4j/function/NullableDoubleFunction1.java,0,0,0.0005248994992572137
1.15.0,linq4j/src/main/java/org/apache/calcite/linq4j/function/NullableFloatFunction1.java,0,0,0.0005248994992572137
1.15.0,linq4j/src/main/java/org/apache/calcite/linq4j/function/NullableIntegerFunction1.java,0,0,0.0005248994992572137
1.15.0,linq4j/src/main/java/org/apache/calcite/linq4j/function/NullableLongFunction1.java,0,0,0.0005248994992572137
1.15.0,linq4j/src/main/java/org/apache/calcite/linq4j/function/Parameter.java,0,0,0.1250587133374127
1.15.0,linq4j/src/main/java/org/apache/calcite/linq4j/function/Predicate1.java,0,0,0.0003114116688918665
1.15.0,linq4j/src/main/java/org/apache/calcite/linq4j/function/Predicate2.java,0,0,2.1145424254224415e-06
1.15.0,linq4j/src/main/java/org/apache/calcite/linq4j/tree/AbstractNode.java,0,0,0.14484592307912092
1.15.0,linq4j/src/main/java/org/apache/calcite/linq4j/tree/ArrayLengthRecordField.java,0,0,0.11452995122607583
1.15.0,linq4j/src/main/java/org/apache/calcite/linq4j/tree/Blocks.java,0,0,0.12355210261518176
1.15.0,linq4j/src/main/java/org/apache/calcite/linq4j/tree/CallSiteBinder.java,0,0,0.08773105542967649
1.15.0,linq4j/src/main/java/org/apache/calcite/linq4j/tree/CatchBlock.java,0,0,0.08527751390907523
1.15.0,linq4j/src/main/java/org/apache/calcite/linq4j/tree/ConstantUntypedNull.java,0,0,0.4339695901875225
1.15.0,linq4j/src/main/java/org/apache/calcite/linq4j/tree/ElementInit.java,0,0,0.08773105542967649
1.15.0,linq4j/src/main/java/org/apache/calcite/linq4j/tree/Evaluator.java,0,0,0.08893122132161753
1.15.0,linq4j/src/main/java/org/apache/calcite/linq4j/tree/Expression.java,0,0,0.3223411921154668
1.15.0,linq4j/src/main/java/org/apache/calcite/linq4j/tree/ExpressionVisitor.java,0,0,0.08773105542967649
1.15.0,linq4j/src/main/java/org/apache/calcite/linq4j/tree/ExpressionWriter.java,0,0,0.31219397028841167
1.15.0,linq4j/src/main/java/org/apache/calcite/linq4j/tree/GotoExpressionKind.java,0,0,0.053963995399671456
1.15.0,linq4j/src/main/java/org/apache/calcite/linq4j/tree/LabelTarget.java,0,0,0.05704569338014143
1.15.0,linq4j/src/main/java/org/apache/calcite/linq4j/tree/MemberAssignment.java,0,0,0.06226600619317761
1.15.0,linq4j/src/main/java/org/apache/calcite/linq4j/tree/MemberBinding.java,0,0,0.08773105542967649
1.15.0,linq4j/src/main/java/org/apache/calcite/linq4j/tree/MemberDeclaration.java,0,0,0.053963995399671456
1.15.0,linq4j/src/main/java/org/apache/calcite/linq4j/tree/MemberListBinding.java,0,0,0.08773105542967649
1.15.0,linq4j/src/main/java/org/apache/calcite/linq4j/tree/MemberMemberBinding.java,0,0,0.06226600619317761
1.15.0,linq4j/src/main/java/org/apache/calcite/linq4j/tree/Primitive.java,0,0,0.07376108161211317
1.15.0,linq4j/src/main/java/org/apache/calcite/linq4j/tree/PseudoField.java,0,0,0.08773105542967649
1.15.0,linq4j/src/main/java/org/apache/calcite/linq4j/tree/ReflectedPseudoField.java,0,0,0.22060477322177607
1.15.0,linq4j/src/main/java/org/apache/calcite/linq4j/tree/Statement.java,0,0,0.31242284926798175
1.15.0,linq4j/src/main/java/org/apache/calcite/linq4j/tree/SwitchCase.java,0,0,0.055948051112097746
1.15.0,ubenchmark/src/main/java/org/apache/calcite/benchmarks/FlightRecorderProfiler.java,0,0,0.08769898945031573
1.15.0,ubenchmark/src/main/java/org/apache/calcite/benchmarks/ParserBenchmark.java,0,0,0.0006175501515562499
1.15.0,ubenchmark/src/main/java/org/apache/calcite/benchmarks/PreconditionTest.java,0,0,0.31092329080824926
1.15.0,core/src/main/java/org/apache/calcite/sql/SqlGroupedWindowFunction.java,0,1,0.5730505190357785
1.15.0,core/src/main/java/org/apache/calcite/rex/RexSimplify.java,1,1,0.9997148578949948
1.15.0,core/src/main/java/org/apache/calcite/runtime/Like.java,0,0,0.32195538947687546
1.15.0,core/src/main/java/org/apache/calcite/rex/RexCallBinding.java,0,1,0.8722861772623172
1.15.0,core/src/main/java/org/apache/calcite/sql/SqlBinaryOperator.java,0,1,0.6819148659817711
1.15.0,core/src/main/java/org/apache/calcite/sql/SqlCallBinding.java,0,1,0.650850136495147
1.15.0,core/src/main/java/org/apache/calcite/sql/SqlLiteral.java,0,1,0.7548611171883722
1.15.0,core/src/main/java/org/apache/calcite/sql/SqlOperatorBinding.java,0,0,0.21011120802666078
1.15.0,core/src/main/java/org/apache/calcite/sql/fun/SqlAbstractTimeFunction.java,0,1,0.5516923911737414
1.15.0,core/src/main/java/org/apache/calcite/sql/fun/SqlExtractFunction.java,0,1,0.7950508731993671
1.15.0,core/src/main/java/org/apache/calcite/sql/fun/SqlMonotonicBinaryOperator.java,0,0,0.2842761000657198
1.15.0,core/src/main/java/org/apache/calcite/sql/fun/SqlSubstringFunction.java,0,1,0.503968135589643
1.15.0,core/src/main/java/org/apache/calcite/sql/fun/SqlTimestampAddFunction.java,0,1,0.5393677991983151
1.15.0,core/src/main/java/org/apache/calcite/materialize/CachingLatticeStatisticProvider.java,0,1,0.7594085371372528
1.15.0,core/src/main/java/org/apache/calcite/materialize/DelegatingLatticeStatisticProvider.java,0,0,0.2540936525053791
1.15.0,core/src/main/java/org/apache/calcite/materialize/Lattice.java,0,1,0.690414712961724
1.15.0,core/src/main/java/org/apache/calcite/materialize/Lattices.java,0,0,0.10273640749037063
1.15.0,core/src/main/java/org/apache/calcite/materialize/LatticeStatisticProvider.java,0,0,0.22986626838950572
1.15.0,core/src/main/java/org/apache/calcite/materialize/ProfilerLatticeStatisticProvider.java,0,1,0.6677243082142583
1.15.0,core/src/main/java/org/apache/calcite/materialize/SqlLatticeStatisticProvider.java,0,1,0.5803267561839254
1.15.0,core/src/main/java/org/apache/calcite/profile/Profiler.java,0,1,0.9886823620145567
1.15.0,core/src/main/java/org/apache/calcite/profile/ProfilerImpl.java,0,1,0.9999637417314509
1.15.0,core/src/main/java/org/apache/calcite/profile/SimpleProfiler.java,0,1,0.923175842681362
1.15.0,core/src/main/java/org/apache/calcite/util/PartiallyOrderedSet.java,0,1,0.9184797332434529
1.15.0,core/src/main/java/org/apache/calcite/runtime/SocketFactoryImpl.java,0,0,0.1829777068326526
1.15.0,core/src/main/java/org/apache/calcite/schema/SchemaFactory.java,0,0,0.21914148330404162
1.15.0,core/src/main/java/org/apache/calcite/schema/TableFactory.java,0,0,0.22461475620600924
1.15.0,core/src/main/java/org/apache/calcite/util/NumberUtil.java,0,0,0.17001740127049506
1.15.0,core/src/main/java/org/apache/calcite/adapter/clone/CloneSchema.java,0,1,0.5771682766816497
1.15.0,core/src/main/java/org/apache/calcite/rel/externalize/RelXmlWriter.java,0,0,0.11759575524073557
1.15.0,core/src/main/java/org/apache/calcite/rel/rules/JoinPushThroughJoinRule.java,0,0,0.3949494228639476
1.15.0,core/src/main/java/org/apache/calcite/sql/type/CompositeOperandTypeChecker.java,1,1,0.5206550176280832
1.15.0,pig/src/main/java/org/apache/calcite/adapter/pig/PigAggregate.java,0,1,0.5116662222031433
1.15.0,piglet/src/main/java/org/apache/calcite/piglet/Ast.java,1,1,0.999727490003024
1.15.0,core/src/main/java/org/apache/calcite/sql/type/SqlTypeUtil.java,0,1,0.859155407265578
1.15.0,core/src/main/java/org/apache/calcite/sql/SqlLateralOperator.java,0,1,0.5186472197618177
1.15.0,core/src/main/java/org/apache/calcite/sql/SqlSpecialOperator.java,0,0,0.04874717402174797
1.15.0,core/src/main/java/org/apache/calcite/util/PrecedenceClimbingParser.java,0,0,0.0003556767225462739
1.15.0,core/src/main/java/org/apache/calcite/sql/fun/SqlBetweenOperator.java,0,0,0.28694963796218637
1.15.0,core/src/main/java/org/apache/calcite/prepare/CalciteCatalogReader.java,1,0,0.3221631947083978
1.15.0,core/src/main/java/org/apache/calcite/adapter/enumerable/NullPolicy.java,0,0,0.13850392088599645
1.15.0,core/src/main/java/org/apache/calcite/schema/impl/ScalarFunctionImpl.java,0,1,0.8155401699341157
1.15.0,core/src/main/java/org/apache/calcite/sql/type/SqlTypeExplicitPrecedenceList.java,1,1,0.8468521511283733
1.15.0,linq4j/src/main/java/org/apache/calcite/linq4j/function/SemiStrict.java,0,0,0.18502923354036058
1.15.0,linq4j/src/main/java/org/apache/calcite/linq4j/function/Strict.java,0,0,0.16820273522344872
1.15.0,core/src/main/java/org/apache/calcite/schema/impl/ViewTableMacro.java,0,1,0.5481060063924423
1.15.0,core/src/main/java/org/apache/calcite/sql/validate/CyclicDefinitionException.java,0,0,0.1414422746867293
1.15.0,core/src/main/java/org/apache/calcite/rel/metadata/RelMetadataQuery.java,0,1,0.6319562489345307
1.15.0,core/src/main/java/org/apache/calcite/rel/rules/DateRangeRules.java,1,1,0.9995548502819186
1.15.0,core/src/main/java/org/apache/calcite/adapter/enumerable/EnumerableTableFunctionScan.java,0,1,0.5909876260825576
1.15.0,druid/src/main/java/org/apache/calcite/adapter/druid/DruidConnectionImpl.java,0,1,0.9999547988607407
1.15.0,druid/src/main/java/org/apache/calcite/adapter/druid/DruidDateTimeUtils.java,0,0,0.23763163570988238
1.15.0,druid/src/main/java/org/apache/calcite/adapter/druid/DruidQuery.java,1,1,0.9992539475619348
1.15.0,druid/src/main/java/org/apache/calcite/adapter/druid/DruidTable.java,0,1,0.9354690961755142
1.15.0,druid/src/main/java/org/apache/calcite/adapter/druid/DruidTableFactory.java,0,0,0.46347049289032094
1.15.0,cassandra/src/main/java/org/apache/calcite/adapter/cassandra/CassandraSchemaFactory.java,0,0,0.11847511177572903
1.15.0,core/src/main/java/org/apache/calcite/sql/fun/SqlDatePartFunction.java,0,0,0.09355144087658884
1.15.0,core/src/main/java/org/apache/calcite/plan/RelOptPredicateList.java,0,0,0.1804330609321499
1.15.0,core/src/main/java/org/apache/calcite/schema/impl/AggregateFunctionImpl.java,0,0,0.2228580230614934
1.15.0,linq4j/src/main/java/org/apache/calcite/linq4j/tree/BinaryExpression.java,0,0,0.015768987789450083
1.15.0,linq4j/src/main/java/org/apache/calcite/linq4j/tree/BlockStatement.java,0,0,0.23664064905239182
1.15.0,linq4j/src/main/java/org/apache/calcite/linq4j/tree/ClassDeclaration.java,0,0,0.25995380281576824
1.15.0,linq4j/src/main/java/org/apache/calcite/linq4j/tree/ConditionalExpression.java,0,0,0.045285556556376734
1.15.0,linq4j/src/main/java/org/apache/calcite/linq4j/tree/ConditionalStatement.java,0,0,0.17690434689666645
1.15.0,linq4j/src/main/java/org/apache/calcite/linq4j/tree/ConstructorDeclaration.java,0,0,0.05743158740605075
1.15.0,linq4j/src/main/java/org/apache/calcite/linq4j/tree/DeclarationStatement.java,0,0,0.1902954970674766
1.15.0,linq4j/src/main/java/org/apache/calcite/linq4j/tree/DefaultExpression.java,0,0,0.08773105542967649
1.15.0,linq4j/src/main/java/org/apache/calcite/linq4j/tree/DynamicExpression.java,0,0,0.08773105542967649
1.15.0,linq4j/src/main/java/org/apache/calcite/linq4j/tree/FieldDeclaration.java,0,0,0.1600117904463112
1.15.0,linq4j/src/main/java/org/apache/calcite/linq4j/tree/ForStatement.java,0,0,0.08259114964049193
1.15.0,linq4j/src/main/java/org/apache/calcite/linq4j/tree/GotoStatement.java,0,0,0.4079210479683146
1.15.0,linq4j/src/main/java/org/apache/calcite/linq4j/tree/IndexExpression.java,0,0,0.20298989462482006
1.15.0,linq4j/src/main/java/org/apache/calcite/linq4j/tree/InvocationExpression.java,0,0,0.08773105542967649
1.15.0,linq4j/src/main/java/org/apache/calcite/linq4j/tree/LabelStatement.java,0,0,0.037994049558285684
1.15.0,linq4j/src/main/java/org/apache/calcite/linq4j/tree/LambdaExpression.java,0,0,0.08912795485209356
1.15.0,linq4j/src/main/java/org/apache/calcite/linq4j/tree/ListInitExpression.java,0,0,0.08773105542967649
1.15.0,linq4j/src/main/java/org/apache/calcite/linq4j/tree/MemberExpression.java,0,0,0.3234268312356176
1.15.0,linq4j/src/main/java/org/apache/calcite/linq4j/tree/MemberInitExpression.java,0,0,0.08773105542967649
1.15.0,linq4j/src/main/java/org/apache/calcite/linq4j/tree/MethodCallExpression.java,0,0,0.23395535350672658
1.15.0,linq4j/src/main/java/org/apache/calcite/linq4j/tree/MethodDeclaration.java,0,0,0.22043252044103107
1.15.0,linq4j/src/main/java/org/apache/calcite/linq4j/tree/NewArrayExpression.java,0,0,0.0987739917229648
1.15.0,linq4j/src/main/java/org/apache/calcite/linq4j/tree/NewExpression.java,0,0,0.09097511955216613
1.15.0,linq4j/src/main/java/org/apache/calcite/linq4j/tree/Node.java,0,0,0.06725611442411485
1.15.0,linq4j/src/main/java/org/apache/calcite/linq4j/tree/ParameterExpression.java,0,0,0.3216379012246161
1.15.0,linq4j/src/main/java/org/apache/calcite/linq4j/tree/Shuttle.java,0,0,0.38187980140701605
1.15.0,linq4j/src/main/java/org/apache/calcite/linq4j/tree/SwitchStatement.java,0,0,0.08773105542967649
1.15.0,linq4j/src/main/java/org/apache/calcite/linq4j/tree/TernaryExpression.java,0,0,0.1735665912234857
1.15.0,linq4j/src/main/java/org/apache/calcite/linq4j/tree/ThrowStatement.java,0,0,0.07031042070716384
1.15.0,linq4j/src/main/java/org/apache/calcite/linq4j/tree/TryStatement.java,0,0,0.05436944498366039
1.15.0,linq4j/src/main/java/org/apache/calcite/linq4j/tree/TypeBinaryExpression.java,0,0,0.20242073687929094
1.15.0,linq4j/src/main/java/org/apache/calcite/linq4j/tree/UnaryExpression.java,0,1,0.5689274751811046
1.15.0,linq4j/src/main/java/org/apache/calcite/linq4j/tree/Visitor.java,0,0,0.08773105542967649
1.15.0,linq4j/src/main/java/org/apache/calcite/linq4j/tree/VisitorImpl.java,0,0,2.7216007446792687e-08
1.15.0,linq4j/src/main/java/org/apache/calcite/linq4j/tree/WhileStatement.java,0,0,0.04207194313748199
1.15.0,core/src/main/java/org/apache/calcite/rel/core/Sort.java,0,1,0.5796239156688114
1.15.0,core/src/main/java/org/apache/calcite/tools/FrameworkConfig.java,0,0,0.2512442758328682
1.15.0,core/src/main/java/org/apache/calcite/rex/RexExecutable.java,0,0,0.29899340691459053
1.15.0,core/src/main/java/org/apache/calcite/config/CalciteConnectionConfig.java,0,0,0.06816459178049852
1.15.0,core/src/main/java/org/apache/calcite/config/CalciteConnectionConfigImpl.java,0,0,0.2135779853319555
1.15.0,core/src/main/java/org/apache/calcite/sql/type/ExtraSqlTypes.java,0,0,0.0014902860412985516
1.15.0,core/src/main/java/org/apache/calcite/sql/type/JavaToSqlTypeConversionRules.java,0,0,0.16336412020674437
1.15.0,core/src/main/java/org/apache/calcite/sql/validate/SqlAbstractConformance.java,0,0,0.16908052531894013
1.15.0,core/src/main/java/org/apache/calcite/sql/validate/SqlConformance.java,0,0,0.4257137576399216
1.15.0,core/src/main/java/org/apache/calcite/sql/validate/SqlConformanceEnum.java,0,1,0.8377421849809754
1.15.0,core/src/main/java/org/apache/calcite/sql/parser/SqlParser.java,0,0,7.159762458473993e-08
1.15.0,core/src/main/java/org/apache/calcite/sql/SqlAlter.java,0,1,0.5219691563969473
1.15.0,core/src/main/java/org/apache/calcite/sql/SqlSetOption.java,0,0,0.21854826402920302
1.15.0,core/src/main/java/org/apache/calcite/util/Bug.java,0,0,0.00917780313481131
1.15.0,core/src/main/java/org/apache/calcite/adapter/enumerable/EnumerableTableScan.java,0,1,0.6635552687397849
1.15.0,core/src/main/java/org/apache/calcite/adapter/enumerable/JavaRowFormat.java,0,1,0.7079237277541226
1.15.0,core/src/main/java/org/apache/calcite/adapter/enumerable/PhysTypeImpl.java,0,1,0.9834264338180312
1.15.0,core/src/main/java/org/apache/calcite/sql/validate/TableNamespace.java,0,1,0.618111359192101
1.15.0,core/src/main/java/org/apache/calcite/jdbc/JavaTypeFactoryImpl.java,0,1,0.8676185837386149
1.15.0,core/src/main/java/org/apache/calcite/rex/RexLiteral.java,0,1,0.6524101978847783
1.15.0,core/src/main/java/org/apache/calcite/runtime/SqlFunctions.java,0,1,0.9641006190458777
1.15.0,core/src/main/java/org/apache/calcite/sql/SqlJdbcDataTypeName.java,0,1,0.5826966618986821
1.15.0,core/src/main/java/org/apache/calcite/util/BuiltInMethod.java,0,1,0.6689293557161816
1.15.0,core/src/main/java/org/apache/calcite/util/TimestampString.java,0,1,0.8534957871728819
1.15.0,core/src/main/java/org/apache/calcite/util/TimestampWithTimeZoneString.java,0,1,0.724113104862401
1.15.0,core/src/main/java/org/apache/calcite/util/TimeWithTimeZoneString.java,0,1,0.8727313199659535
1.15.0,core/src/main/java/org/apache/calcite/adapter/enumerable/RexToLixTranslator.java,0,1,0.9382869045558049
1.15.0,core/src/main/java/org/apache/calcite/rel/metadata/RelMdSize.java,0,0,0.05779099519652899
1.15.0,core/src/main/java/org/apache/calcite/rel/type/RelDataTypeSystemImpl.java,0,1,0.6891346190689294
1.15.0,core/src/main/java/org/apache/calcite/sql/type/SqlTypeAssignmentRules.java,0,0,0.05375611702552954
1.15.0,core/src/main/java/org/apache/calcite/sql/type/SqlTypeFamily.java,0,0,0.038699013919874715
1.15.0,core/src/main/java/org/apache/calcite/sql/type/SqlTypeName.java,0,0,6.962385229330856e-09
1.15.0,core/src/main/java/org/apache/calcite/plan/RelOptMaterialization.java,0,0,0.45204663525993855
1.15.0,core/src/main/java/org/apache/calcite/plan/RelOptMaterializations.java,0,0,0.15978065006154604
1.15.0,druid/src/main/java/org/apache/calcite/adapter/druid/TimeExtractionDimensionSpec.java,0,0,0.20089028661359015
1.15.0,druid/src/main/java/org/apache/calcite/adapter/druid/TimeExtractionFunction.java,0,0,0.20189467008579326
1.15.0,core/src/main/java/org/apache/calcite/sql/fun/SqlTimestampDiffFunction.java,0,0,0.1015065284991496
1.15.0,core/src/main/java/org/apache/calcite/sql/validate/SqlValidatorImpl.java,1,1,0.9999814471999212
1.15.0,core/src/main/java/org/apache/calcite/sql/SqlJdbcFunctionCall.java,0,0,0.002342541555646507
1.15.0,core/src/main/java/org/apache/calcite/rel/logical/LogicalTableScan.java,0,0,0.44032588529876965
1.15.0,core/src/main/java/org/apache/calcite/util/SaffronProperties.java,0,1,0.8148226707855286
1.15.0,core/src/main/java/org/apache/calcite/rel/metadata/JaninoRelMetadataProvider.java,0,1,0.9999999980147836
1.15.0,core/src/main/java/org/apache/calcite/rel/metadata/DefaultRelMetadataProvider.java,0,0,0.053963995399671456
1.15.0,core/src/main/java/org/apache/calcite/sql/fun/SqlDotOperator.java,0,1,0.892976572327727
1.15.0,core/src/main/java/org/apache/calcite/sql/type/ArraySqlType.java,0,1,0.5201445697509993
1.15.0,core/src/main/java/org/apache/calcite/sql/type/MultisetSqlType.java,0,1,0.5265375308826344
1.15.0,druid/src/main/java/org/apache/calcite/adapter/druid/ExtractionDimensionSpec.java,0,0,0.20553197997996867
1.15.0,core/src/main/java/org/apache/calcite/sql/fun/SqlLiteralChainOperator.java,0,1,0.6988289584588326
1.15.0,cassandra/src/main/java/org/apache/calcite/adapter/cassandra/CassandraSort.java,0,0,0.27422982898928405
1.15.0,core/src/main/java/org/apache/calcite/util/ImmutableBitSet.java,0,1,0.7216474972633066
1.15.0,core/src/main/java/org/apache/calcite/sql/SqlBinaryStringLiteral.java,0,0,0.3957850854566827
1.15.0,core/src/main/java/org/apache/calcite/sql/SqlCharStringLiteral.java,0,0,0.43850129834069024
1.15.0,core/src/main/java/org/apache/calcite/sql/SqlIntervalLiteral.java,1,1,0.5773722796448354
1.15.0,core/src/main/java/org/apache/calcite/sql/SqlNumericLiteral.java,0,0,0.39258078194733154
1.15.0,core/src/main/java/org/apache/calcite/util/NlsString.java,0,0,0.0019402379083060927
1.15.0,core/src/main/java/org/apache/calcite/util/XmlOutput.java,0,0,0.0010065944383952992
1.15.0,core/src/main/java/org/apache/calcite/sql/fun/SqlCoalesceFunction.java,1,1,0.5975928726288658
1.15.0,core/src/main/java/org/apache/calcite/sql/fun/SqlNullifFunction.java,0,0,0.46436208966469017
1.15.0,core/src/main/java/org/apache/calcite/sql/validate/SqlValidatorUtil.java,1,1,0.9906968513314032
1.15.0,core/src/main/java/org/apache/calcite/adapter/enumerable/ReflectiveCallNotNullImplementor.java,0,0,0.3362534352447009
1.15.0,core/src/main/java/org/apache/calcite/sql/validate/SqlUserDefinedAggFunction.java,0,0,0.243735640987359
1.15.0,core/src/main/java/org/apache/calcite/sql/SqlIntervalQualifier.java,1,1,0.987594884961611
1.15.0,core/src/main/java/org/apache/calcite/sql/SqlMatchRecognize.java,0,1,0.7263949603634515
1.15.0,linq4j/src/main/java/org/apache/calcite/linq4j/tree/BlockBuilder.java,0,1,0.5688482560943839
1.15.0,linq4j/src/main/java/org/apache/calcite/linq4j/tree/DeterministicCodeOptimizer.java,0,0,0.330686358415075
1.15.0,druid/src/main/java/org/apache/calcite/adapter/druid/DruidRules.java,1,1,0.9327593047901577
1.15.0,core/src/main/java/org/apache/calcite/model/JsonJdbcSchema.java,0,0,0.11874754231700016
1.15.0,core/src/main/java/org/apache/calcite/model/ModelHandler.java,0,1,0.5036471811342774
1.15.0,core/src/main/java/org/apache/calcite/sql/SqlAbstractDateTimeLiteral.java,0,0,0.11467498219965902
1.15.0,core/src/main/java/org/apache/calcite/sql/SqlDateLiteral.java,0,0,0.12862752877395936
1.15.0,core/src/main/java/org/apache/calcite/sql/SqlDialectFactory.java,0,0,0.13137797757003092
1.15.0,core/src/main/java/org/apache/calcite/sql/SqlNode.java,0,0,0.018394579047732652
1.15.0,core/src/main/java/org/apache/calcite/sql/SqlNodeList.java,0,0,0.3234586946355372
1.15.0,core/src/main/java/org/apache/calcite/sql/SqlSampleSpec.java,0,0,0.0011853815017743123
1.15.0,core/src/main/java/org/apache/calcite/sql/SqlTimeLiteral.java,0,0,0.3698548177420195
1.15.0,core/src/main/java/org/apache/calcite/sql/SqlTimestampLiteral.java,0,0,0.49447414373138704
1.15.0,core/src/main/java/org/apache/calcite/adapter/jdbc/JdbcSchema.java,0,1,0.9395076238628801
1.15.0,core/src/main/java/org/apache/calcite/adapter/jdbc/JdbcToEnumerableConverter.java,0,1,0.715863699940501
1.15.0,core/src/main/java/org/apache/calcite/adapter/jdbc/JdbcUtils.java,0,0,0.413909943530446
1.15.0,core/src/main/java/org/apache/calcite/sql/dialect/AccessSqlDialect.java,0,0,0.12799274081907872
1.15.0,core/src/main/java/org/apache/calcite/sql/dialect/AnsiSqlDialect.java,0,0,0.0906500686256544
1.15.0,core/src/main/java/org/apache/calcite/sql/dialect/CalciteSqlDialect.java,0,0,0.09143723343860981
1.15.0,core/src/main/java/org/apache/calcite/sql/dialect/Db2SqlDialect.java,0,0,0.08180451679779592
1.15.0,core/src/main/java/org/apache/calcite/sql/dialect/DerbySqlDialect.java,0,0,0.12746285492613071
1.15.0,core/src/main/java/org/apache/calcite/sql/dialect/FirebirdSqlDialect.java,0,0,0.12746285492613071
1.15.0,core/src/main/java/org/apache/calcite/sql/dialect/H2SqlDialect.java,0,0,0.1295525639303586
1.15.0,core/src/main/java/org/apache/calcite/sql/dialect/HsqldbSqlDialect.java,0,0,0.28143411815084285
1.15.0,core/src/main/java/org/apache/calcite/sql/dialect/InfobrightSqlDialect.java,0,0,0.12799274081907872
1.15.0,core/src/main/java/org/apache/calcite/sql/dialect/InformixSqlDialect.java,0,0,0.12746285492613071
1.15.0,core/src/main/java/org/apache/calcite/sql/dialect/IngresSqlDialect.java,0,0,0.12746285492613071
1.15.0,core/src/main/java/org/apache/calcite/sql/dialect/InterbaseSqlDialect.java,0,0,0.12746285492613071
1.15.0,core/src/main/java/org/apache/calcite/sql/dialect/LucidDbSqlDialect.java,0,0,0.12799274081907872
1.15.0,core/src/main/java/org/apache/calcite/sql/dialect/MssqlSqlDialect.java,0,1,0.9303924196701059
1.15.0,core/src/main/java/org/apache/calcite/sql/dialect/NeoviewSqlDialect.java,0,0,0.12746285492613071
1.15.0,core/src/main/java/org/apache/calcite/sql/dialect/NetezzaSqlDialect.java,0,0,0.12799274081907872
1.15.0,core/src/main/java/org/apache/calcite/sql/dialect/ParaccelSqlDialect.java,0,0,0.12799274081907872
1.15.0,core/src/main/java/org/apache/calcite/sql/dialect/PhoenixSqlDialect.java,0,0,0.1295525639303586
1.15.0,core/src/main/java/org/apache/calcite/sql/dialect/PostgresqlSqlDialect.java,0,1,0.6470614358477667
1.15.0,core/src/main/java/org/apache/calcite/sql/dialect/RedshiftSqlDialect.java,0,0,0.1295525639303586
1.15.0,core/src/main/java/org/apache/calcite/sql/dialect/SybaseSqlDialect.java,0,0,0.12746285492613071
1.15.0,core/src/main/java/org/apache/calcite/sql/dialect/TeradataSqlDialect.java,0,0,0.12799274081907872
1.15.0,core/src/main/java/org/apache/calcite/sql/dialect/VerticaSqlDialect.java,0,0,0.0811200492699886
1.15.0,core/src/main/java/org/apache/calcite/sql/pretty/SqlPrettyWriter.java,0,0,0.02558198070227923
1.15.0,core/src/main/java/org/apache/calcite/sql/type/IntervalSqlType.java,0,1,0.5374905305788017
1.15.0,cassandra/src/main/java/org/apache/calcite/adapter/cassandra/CassandraSchema.java,0,0,0.4417565723073241
1.15.0,file/src/main/java/org/apache/calcite/adapter/file/FileFieldType.java,0,0,0.15562585625470002
1.15.0,file/src/main/java/org/apache/calcite/adapter/file/FileReaderException.java,0,0,0.12705096551237005
1.15.0,file/src/main/java/org/apache/calcite/adapter/file/FileTableScan.java,0,0,0.47854402567523496
1.15.0,core/src/main/java/org/apache/calcite/adapter/elasticsearch/AbstractElasticsearchTable.java,0,0,0.20612186294632717
1.15.0,core/src/main/java/org/apache/calcite/adapter/elasticsearch/ElasticsearchFilter.java,1,0,0.4680323389548958
1.15.0,core/src/main/java/org/apache/calcite/adapter/elasticsearch/ElasticsearchMethod.java,0,0,0.16531421742013808
1.15.0,core/src/main/java/org/apache/calcite/adapter/elasticsearch/ElasticsearchProject.java,0,0,0.19899265586226106
1.15.0,core/src/main/java/org/apache/calcite/adapter/elasticsearch/ElasticsearchRel.java,0,0,0.2237665928900494
1.15.0,core/src/main/java/org/apache/calcite/adapter/elasticsearch/ElasticsearchRules.java,0,0,0.28703160688015317
1.15.0,core/src/main/java/org/apache/calcite/adapter/elasticsearch/ElasticsearchSchema.java,0,0,0.15623653326411716
1.15.0,core/src/main/java/org/apache/calcite/adapter/elasticsearch/ElasticsearchSort.java,0,0,0.1742058114666601
1.15.0,core/src/main/java/org/apache/calcite/adapter/elasticsearch/ElasticsearchTableScan.java,0,0,0.1688156161055552
1.15.0,core/src/main/java/org/apache/calcite/adapter/elasticsearch/ElasticsearchToEnumerableConverter.java,0,0,0.10218593386397534
1.15.0,core/src/main/java/org/apache/calcite/adapter/elasticsearch/MapProjectionFieldVisitor.java,0,0,0.1204168517610459
1.15.0,elasticsearch2/src/main/java/org/apache/calcite/adapter/elasticsearch2/Elasticsearch2Enumerator.java,0,0,0.16350773569998045
1.15.0,elasticsearch2/src/main/java/org/apache/calcite/adapter/elasticsearch2/Elasticsearch2Schema.java,0,0,0.008356632604859424
1.15.0,elasticsearch2/src/main/java/org/apache/calcite/adapter/elasticsearch2/Elasticsearch2SchemaFactory.java,0,0,0.08382709536097478
1.15.0,elasticsearch2/src/main/java/org/apache/calcite/adapter/elasticsearch2/Elasticsearch2Table.java,0,0,0.19233294546045002
1.15.0,elasticsearch5/src/main/java/org/apache/calcite/adapter/elasticsearch5/Elasticsearch5Enumerator.java,0,0,0.15274578701570207
1.15.0,elasticsearch5/src/main/java/org/apache/calcite/adapter/elasticsearch5/Elasticsearch5Schema.java,0,0,0.006577320943903136
1.15.0,elasticsearch5/src/main/java/org/apache/calcite/adapter/elasticsearch5/Elasticsearch5SchemaFactory.java,0,0,0.07494775929723588
1.15.0,elasticsearch5/src/main/java/org/apache/calcite/adapter/elasticsearch5/Elasticsearch5Table.java,0,0,0.19475113819532885
1.15.0,core/src/main/java/org/apache/calcite/sql/fun/SqlStdOperatorTable.java,1,1,0.8710609259348616
1.15.0,core/src/main/java/org/apache/calcite/config/NullCollation.java,0,1,0.6901784597247903
1.15.0,core/src/main/java/org/apache/calcite/rel/RelFieldCollation.java,0,1,0.5770312752113143
1.15.0,core/src/main/java/org/apache/calcite/rex/RexCall.java,0,0,0.4195586893762279
1.15.0,core/src/main/java/org/apache/calcite/sql/SqlDialect.java,0,0,0.0002465355692535982
1.15.0,core/src/main/java/org/apache/calcite/sql/SqlDialectFactoryImpl.java,0,0,1.1798433120664442e-09
1.15.0,core/src/main/java/org/apache/calcite/rel/rel2sql/RelToSqlConverter.java,1,1,0.9867877134087093
1.15.0,core/src/main/java/org/apache/calcite/rel/rel2sql/SqlImplementor.java,1,1,0.9989598845823207
1.15.0,core/src/main/java/org/apache/calcite/sql/dialect/BigQuerySqlDialect.java,0,0,0.2645189108929025
1.15.0,core/src/main/java/org/apache/calcite/sql/dialect/HiveSqlDialect.java,0,1,0.5741146197921437
1.15.0,core/src/main/java/org/apache/calcite/sql/dialect/MysqlSqlDialect.java,0,1,0.7710911389429113
1.15.0,core/src/main/java/org/apache/calcite/rel/RelNode.java,0,0,1.2688668912085696e-12
1.15.0,core/src/main/java/org/apache/calcite/rex/RexChecker.java,0,0,0.3156625455601876
1.15.0,core/src/main/java/org/apache/calcite/rel/core/Calc.java,0,0,0.1243966748013638
1.15.0,core/src/main/java/org/apache/calcite/rel/core/Filter.java,0,0,0.25636244528071855
1.15.0,core/src/main/java/org/apache/calcite/rel/logical/LogicalCorrelate.java,0,0,0.16518378159243566
1.15.0,core/src/main/java/org/apache/calcite/sql/type/SameOperandTypeChecker.java,0,0,0.24150105188050186
1.15.0,core/src/main/java/org/apache/calcite/sql/type/SqlTypeFactoryImpl.java,0,1,0.7690469210461988
1.15.0,core/src/main/java/org/apache/calcite/rel/AbstractRelNode.java,1,1,0.7120901690512472
1.15.0,core/src/main/java/org/apache/calcite/sql/SqlFilterOperator.java,0,0,0.3643262801134626
1.15.0,core/src/main/java/org/apache/calcite/sql/SqlOverOperator.java,0,0,0.3427622274487452
1.15.0,core/src/main/java/org/apache/calcite/rel/core/TableScan.java,0,0,0.20827884981309822
1.15.0,core/src/main/java/org/apache/calcite/schema/impl/TableFunctionImpl.java,0,0,0.18457739836705794
1.15.0,core/src/main/java/org/apache/calcite/schema/impl/TableMacroImpl.java,0,0,0.14646110599063822
1.15.0,core/src/main/java/org/apache/calcite/sql/fun/SqlCaseOperator.java,0,0,0.22823147473833635
1.15.0,core/src/main/java/org/apache/calcite/sql/fun/SqlCastFunction.java,0,0,0.3251103851484737
1.15.0,core/src/main/java/org/apache/calcite/sql/fun/SqlFirstLastValueAggFunction.java,0,0,0.19255488019832115
1.15.0,core/src/main/java/org/apache/calcite/sql/fun/SqlHistogramAggFunction.java,0,0,0.09146972320759464
1.15.0,core/src/main/java/org/apache/calcite/sql/fun/SqlMinMaxAggFunction.java,0,0,0.15285683443328274
1.15.0,core/src/main/java/org/apache/calcite/sql/fun/SqlSingleValueAggFunction.java,0,0,0.09146972320759464
1.15.0,core/src/main/java/org/apache/calcite/sql/fun/SqlSumAggFunction.java,0,0,0.22328455217429974
1.15.0,core/src/main/java/org/apache/calcite/sql/fun/SqlSumEmptyIsZeroAggFunction.java,1,0,0.19318142881920028
1.15.0,core/src/main/java/org/apache/calcite/sql/validate/AbstractNamespace.java,0,0,0.3384797626699002
1.15.0,core/src/main/java/org/apache/calcite/sql/validate/JoinScope.java,0,0,0.22251222324346165
1.15.0,core/src/main/java/org/apache/calcite/sql/validate/ScopeChild.java,0,0,0.19532956610228044
1.15.0,core/src/main/java/org/apache/calcite/sql/validate/TableScope.java,0,1,0.5234471816043054
1.15.0,core/src/main/java/org/apache/calcite/adapter/enumerable/EnumerableIntersect.java,0,0,0.3304567308161332
1.15.0,core/src/main/java/org/apache/calcite/adapter/enumerable/EnumerableMinus.java,0,0,0.3304567308161332
1.15.0,core/src/main/java/org/apache/calcite/adapter/enumerable/EnumerableUnion.java,1,0,0.38606589078640124
1.15.0,core/src/main/java/org/apache/calcite/rel/externalize/RelJson.java,0,1,0.848023900597093
1.15.0,core/src/main/java/org/apache/calcite/sql/validate/ListScope.java,0,1,0.5371885944974586
1.15.0,core/src/main/java/org/apache/calcite/sql/SqlCall.java,0,1,0.670060594469783
1.15.0,core/src/main/java/org/apache/calcite/sql/fun/OracleSqlOperatorTable.java,0,0,0.22156021194113934
1.15.0,core/src/main/java/org/apache/calcite/sql/fun/SqlFloorFunction.java,0,1,0.7511641819211983
1.15.0,core/src/main/java/org/apache/calcite/sql/dialect/OracleSqlDialect.java,0,1,0.7605919527021797
1.15.0,core/src/main/java/org/apache/calcite/sql/type/MatchReturnTypeInference.java,0,0,0.33034615160258646
1.15.0,core/src/main/java/org/apache/calcite/rex/RexBuilder.java,0,0,0.49628647619627564
1.15.0,core/src/main/java/org/apache/calcite/rel/RelDistribution.java,0,0,0.18534383315010564
1.15.0,core/src/main/java/org/apache/calcite/rel/RelDistributions.java,0,0,0.4536699067446837
1.15.0,linq4j/src/main/java/org/apache/calcite/linq4j/tree/ExpressionType.java,0,1,0.546512068031661
1.15.0,core/src/main/java/org/apache/calcite/rel/RelReferentialConstraint.java,0,0,0.20848889741644558
1.15.0,core/src/main/java/org/apache/calcite/rel/RelReferentialConstraintImpl.java,0,0,0.09037488290772452
1.15.0,core/src/main/java/org/apache/calcite/schema/Statistic.java,0,0,0.04705953340833203
1.15.0,core/src/main/java/org/apache/calcite/schema/Statistics.java,0,0,0.0652683032834492
1.15.0,core/src/main/java/org/apache/calcite/interpreter/Bindables.java,0,0,0.3816200675192503
1.15.0,core/src/main/java/org/apache/calcite/interpreter/NoneToBindableConverterRule.java,0,0,0.182438186225885
1.15.0,core/src/main/java/org/apache/calcite/plan/SubstitutionVisitor.java,0,1,0.5417612032182632
1.15.0,core/src/main/java/org/apache/calcite/adapter/elasticsearch/ElasticsearchToEnumerableConverterRule.java,0,0,0.22273507033073967
1.15.0,core/src/main/java/org/apache/calcite/adapter/enumerable/EnumerableBindable.java,0,0,0.2516646624262933
1.15.0,core/src/main/java/org/apache/calcite/adapter/enumerable/EnumerableCalcRule.java,0,0,0.151461161762605
1.15.0,core/src/main/java/org/apache/calcite/adapter/enumerable/EnumerableCorrelateRule.java,0,0,0.1666688784226341
1.15.0,core/src/main/java/org/apache/calcite/adapter/enumerable/EnumerableFilterRule.java,0,0,0.15359088839764432
1.15.0,core/src/main/java/org/apache/calcite/adapter/enumerable/EnumerableFilterToCalcRule.java,0,0,0.11596807393382956
1.15.0,core/src/main/java/org/apache/calcite/adapter/enumerable/EnumerableInterpreterRule.java,0,0,0.16515692305777885
1.15.0,core/src/main/java/org/apache/calcite/adapter/enumerable/EnumerableProjectRule.java,0,0,0.15359088839764432
1.15.0,core/src/main/java/org/apache/calcite/adapter/enumerable/EnumerableProjectToCalcRule.java,0,0,0.11596807393382956
1.15.0,core/src/main/java/org/apache/calcite/adapter/enumerable/EnumerableRules.java,0,0,0.005369704992876035
1.15.0,core/src/main/java/org/apache/calcite/adapter/enumerable/EnumerableTableFunctionScanRule.java,0,0,0.20880511253316775
1.15.0,core/src/main/java/org/apache/calcite/adapter/enumerable/EnumerableTableModifyRule.java,0,1,0.6127285639896569
1.15.0,core/src/main/java/org/apache/calcite/adapter/enumerable/EnumerableTableScanRule.java,0,1,0.6015697886566661
1.15.0,core/src/main/java/org/apache/calcite/adapter/enumerable/EnumerableValuesRule.java,0,0,0.16688055835684468
1.15.0,core/src/main/java/org/apache/calcite/adapter/jdbc/JdbcRules.java,0,0,0.23155658017163874
1.15.0,core/src/main/java/org/apache/calcite/adapter/jdbc/JdbcToEnumerableConverterRule.java,0,0,0.1854645271140807
1.15.0,core/src/main/java/org/apache/calcite/plan/hep/HepPlanner.java,1,1,0.8796849053175196
1.15.0,core/src/main/java/org/apache/calcite/plan/volcano/AbstractConverter.java,0,1,0.5790099224946728
1.15.0,core/src/main/java/org/apache/calcite/rel/convert/ConverterRule.java,0,1,0.5406689104525387
1.15.0,core/src/main/java/org/apache/calcite/rel/convert/TraitMatchingRule.java,0,0,0.24596589703577235
1.15.0,core/src/main/java/org/apache/calcite/rel/rules/AggregateReduceFunctionsRule.java,0,1,0.9946991531786847
1.15.0,core/src/main/java/org/apache/calcite/rel/rules/AggregateRemoveRule.java,0,1,0.6311125599922123
1.15.0,core/src/main/java/org/apache/calcite/rel/rules/AggregateStarTableRule.java,0,1,0.5362650055310784
1.15.0,core/src/main/java/org/apache/calcite/rel/rules/AggregateValuesRule.java,0,1,0.5608616935758838
1.15.0,core/src/main/java/org/apache/calcite/rel/rules/CalcMergeRule.java,0,1,0.6468283875208839
1.15.0,core/src/main/java/org/apache/calcite/rel/rules/CalcRemoveRule.java,0,0,0.18659796998263464
1.15.0,core/src/main/java/org/apache/calcite/rel/rules/CalcSplitRule.java,0,0,0.1263859883909217
1.15.0,core/src/main/java/org/apache/calcite/rel/rules/CoerceInputsRule.java,0,1,0.60891313309245
1.15.0,core/src/main/java/org/apache/calcite/rel/rules/FilterCalcMergeRule.java,0,0,0.13356818169955542
1.15.0,core/src/main/java/org/apache/calcite/rel/rules/FilterMultiJoinMergeRule.java,0,0,0.23877639538542691
1.15.0,core/src/main/java/org/apache/calcite/rel/rules/FilterRemoveIsNotDistinctFromRule.java,0,0,0.23576772698433987
1.15.0,core/src/main/java/org/apache/calcite/rel/rules/FilterTableFunctionTransposeRule.java,0,0,0.23877639538542691
1.15.0,core/src/main/java/org/apache/calcite/rel/rules/FilterTableScanRule.java,0,1,0.5579248955373187
1.15.0,core/src/main/java/org/apache/calcite/rel/rules/FilterToCalcRule.java,0,0,0.117418078558998
1.15.0,core/src/main/java/org/apache/calcite/rel/rules/JoinAddRedundantSemiJoinRule.java,0,1,0.6145639845763342
1.15.0,core/src/main/java/org/apache/calcite/rel/rules/JoinAssociateRule.java,0,1,0.6572161144686809
1.15.0,core/src/main/java/org/apache/calcite/rel/rules/JoinExtractFilterRule.java,0,1,0.600643275903009
1.15.0,core/src/main/java/org/apache/calcite/rel/rules/JoinToCorrelateRule.java,0,0,0.24271680590408395
1.15.0,core/src/main/java/org/apache/calcite/rel/rules/JoinToMultiJoinRule.java,0,0,0.4412161515221934
1.15.0,core/src/main/java/org/apache/calcite/rel/rules/JoinUnionTransposeRule.java,0,1,0.6905577396234391
1.15.0,core/src/main/java/org/apache/calcite/rel/rules/MaterializedViewFilterScanRule.java,0,1,0.5714507090506715
1.15.0,core/src/main/java/org/apache/calcite/rel/rules/MultiJoinProjectTransposeRule.java,0,0,0.25565983815813687
1.15.0,core/src/main/java/org/apache/calcite/rel/rules/ProjectCalcMergeRule.java,0,0,0.15708961309315195
1.15.0,core/src/main/java/org/apache/calcite/rel/rules/ProjectMultiJoinMergeRule.java,0,0,0.23260942254848352
1.15.0,core/src/main/java/org/apache/calcite/rel/rules/ProjectRemoveRule.java,0,0,0.4308948367261327
1.15.0,core/src/main/java/org/apache/calcite/rel/rules/ProjectSortTransposeRule.java,0,0,0.2551597192860184
1.15.0,core/src/main/java/org/apache/calcite/rel/rules/ProjectTableScanRule.java,0,1,0.5936886253853614
1.15.0,core/src/main/java/org/apache/calcite/rel/rules/ProjectToCalcRule.java,0,0,0.117418078558998
1.15.0,core/src/main/java/org/apache/calcite/rel/rules/ProjectToWindowRule.java,0,1,0.752162171225902
1.15.0,core/src/main/java/org/apache/calcite/rel/rules/ProjectWindowTransposeRule.java,0,1,0.6404292344229747
1.15.0,core/src/main/java/org/apache/calcite/rel/rules/ReduceDecimalsRule.java,0,1,0.8490940716268872
1.15.0,core/src/main/java/org/apache/calcite/rel/rules/SemiJoinFilterTransposeRule.java,0,0,0.1562605388346212
1.15.0,core/src/main/java/org/apache/calcite/rel/rules/SemiJoinJoinTransposeRule.java,0,1,0.6123179604143133
1.15.0,core/src/main/java/org/apache/calcite/rel/rules/SemiJoinRemoveRule.java,0,0,0.1562605388346212
1.15.0,core/src/main/java/org/apache/calcite/rel/rules/SortJoinTransposeRule.java,0,0,0.42907336668777496
1.15.0,core/src/main/java/org/apache/calcite/rel/rules/SortProjectTransposeRule.java,0,1,0.6267338712999059
1.15.0,core/src/main/java/org/apache/calcite/rel/rules/SortRemoveRule.java,0,1,0.6503095432149948
1.15.0,core/src/main/java/org/apache/calcite/rel/rules/SubQueryRemoveRule.java,0,1,0.9845534203212707
1.15.0,core/src/main/java/org/apache/calcite/rel/rules/TableScanRule.java,0,0,0.044509081467090025
1.15.0,core/src/main/java/org/apache/calcite/rel/rules/UnionEliminatorRule.java,0,0,0.23877639538542691
1.15.0,core/src/main/java/org/apache/calcite/rel/rules/UnionPullUpConstantsRule.java,0,1,0.5675056132165486
1.15.0,core/src/main/java/org/apache/calcite/rel/stream/StreamRules.java,0,1,0.6501113798629398
1.15.0,cassandra/src/main/java/org/apache/calcite/adapter/cassandra/CassandraRules.java,0,0,0.38855239198157904
1.15.0,cassandra/src/main/java/org/apache/calcite/adapter/cassandra/CassandraToEnumerableConverterRule.java,0,0,0.23375525058080165
1.15.0,mongodb/src/main/java/org/apache/calcite/adapter/mongodb/MongoToEnumerableConverterRule.java,0,0,0.25423694529960217
1.15.0,spark/src/main/java/org/apache/calcite/adapter/spark/EnumerableToSparkConverterRule.java,0,0,0.25427928497111596
1.15.0,spark/src/main/java/org/apache/calcite/adapter/spark/JdbcToSparkConverterRule.java,0,0,0.24997073899115643
1.15.0,splunk/src/main/java/org/apache/calcite/adapter/splunk/SplunkPushDownRule.java,0,0,0.10852802396090365
1.15.0,pig/src/main/java/org/apache/calcite/adapter/pig/PigFilter.java,0,0,0.4850075365746006
1.15.0,core/src/main/java/org/apache/calcite/adapter/enumerable/RexImpTable.java,1,1,0.8678949823089076
1.15.0,core/src/main/java/org/apache/calcite/util/CancelFlag.java,0,0,0.08773105542967649
1.15.0,core/src/main/java/org/apache/calcite/rex/RexSubQuery.java,0,0,0.028816765391254346
1.15.0,core/src/main/java/org/apache/calcite/sql/util/ListSqlOperatorTable.java,0,0,0.3202865444720349
1.15.0,core/src/main/java/org/apache/calcite/sql/validate/SqlUserDefinedFunction.java,0,0,0.053963995399671456
1.15.0,core/src/main/java/org/apache/calcite/sql/validate/SqlUserDefinedTableFunction.java,0,0,0.12974832029220246
1.15.0,core/src/main/java/org/apache/calcite/sql/fun/SqlInOperator.java,0,1,0.6432895409999059
1.15.0,core/src/main/java/org/apache/calcite/sql/fun/SqlQuantifyOperator.java,0,1,0.6610844327326234
1.15.0,core/src/main/java/org/apache/calcite/sql/SqlSelect.java,0,1,0.5392865164225384
1.15.0,core/src/main/java/org/apache/calcite/sql/SqlWindow.java,0,1,0.8663613050927372
1.15.0,core/src/main/java/org/apache/calcite/util/Compatible.java,0,0,0.2410667359101946
1.15.0,core/src/main/java/org/apache/calcite/model/JsonColumn.java,0,0,0.2552855148671955
1.15.0,core/src/main/java/org/apache/calcite/rel/type/RelDataTypeFactory.java,0,1,0.9761580480331049
1.15.0,core/src/main/java/org/apache/calcite/interpreter/Interpreter.java,0,0,0.04965125013954071
1.15.0,core/src/main/java/org/apache/calcite/runtime/PredicateImpl.java,0,0,0.12286589298604006
1.15.0,core/src/main/java/org/apache/calcite/plan/volcano/VolcanoRuleMatch.java,0,1,0.5966754104802131
1.15.0,core/src/main/java/org/apache/calcite/rel/type/RelDataTypePrecedenceList.java,0,0,0.08773105542967649
1.15.0,core/src/main/java/org/apache/calcite/rel/core/Values.java,0,0,0.32382026100122385
1.15.0,core/src/main/java/org/apache/calcite/schema/ExtensibleTable.java,0,0,0.09019453203161588
1.15.0,core/src/main/java/org/apache/calcite/rel/type/RelDataTypeField.java,0,0,0.08773105542967649
1.15.0,core/src/main/java/org/apache/calcite/sql/validate/DelegatingSqlValidatorCatalogReader.java,0,0,0.08773105542967649
1.15.0,core/src/main/java/org/apache/calcite/prepare/LixToRelTranslator.java,0,1,0.50348507502862
1.15.0,core/src/main/java/org/apache/calcite/schema/impl/MaterializedViewTable.java,0,0,0.06425528290562743
1.15.0,core/src/main/java/org/apache/calcite/runtime/RandomFunction.java,0,0,0.48648364849052717
1.15.0,core/src/main/java/org/apache/calcite/sql/fun/SqlRandFunction.java,0,0,0.1540633370227777
1.15.0,core/src/main/java/org/apache/calcite/sql/fun/SqlRandIntegerFunction.java,0,0,0.15435701462886617
1.15.0,core/src/main/java/org/apache/calcite/sql/fun/SqlMultisetValueConstructor.java,0,0,0.3027909419817379
1.15.0,core/src/main/java/org/apache/calcite/jdbc/CachingCalciteSchema.java,0,1,0.9260938295201688
1.15.0,core/src/main/java/org/apache/calcite/jdbc/CalciteConnectionImpl.java,0,1,0.7588402640987182
1.15.0,core/src/main/java/org/apache/calcite/jdbc/CalciteMetaImpl.java,0,1,0.9625544074373087
1.15.0,core/src/main/java/org/apache/calcite/jdbc/CalcitePrepare.java,0,0,0.1932728777149267
1.15.0,core/src/main/java/org/apache/calcite/jdbc/CalciteResultSet.java,0,1,0.5009217903618988
1.15.0,core/src/main/java/org/apache/calcite/jdbc/CalciteSchema.java,0,1,0.6146024466196771
1.15.0,core/src/main/java/org/apache/calcite/materialize/MaterializationService.java,0,1,0.6120024590960962
1.15.0,core/src/main/java/org/apache/calcite/plan/RelOptAbstractTable.java,0,0,0.48337915133581616
1.15.0,core/src/main/java/org/apache/calcite/plan/RelOptTable.java,0,0,0.11771094182833575
1.15.0,core/src/main/java/org/apache/calcite/prepare/CalcitePrepareImpl.java,0,1,0.7916547315586643
1.15.0,core/src/main/java/org/apache/calcite/prepare/Prepare.java,0,0,0.10451806802034555
1.15.0,core/src/main/java/org/apache/calcite/prepare/RelOptTableImpl.java,0,1,0.8716879700895573
1.15.0,core/src/main/java/org/apache/calcite/rex/RexProgram.java,0,0,0.44866540513843023
1.15.0,core/src/main/java/org/apache/calcite/runtime/CalciteResource.java,0,1,0.9428831115743356
1.15.0,core/src/main/java/org/apache/calcite/runtime/ConsList.java,0,1,0.6292528809959873
1.15.0,core/src/main/java/org/apache/calcite/schema/ColumnStrategy.java,0,0,0.1418460567377511
1.15.0,core/src/main/java/org/apache/calcite/schema/Schemas.java,0,1,0.7363583800406666
1.15.0,core/src/main/java/org/apache/calcite/sql/SqlCreate.java,0,1,0.530947005175094
1.15.0,core/src/main/java/org/apache/calcite/sql/SqlDdl.java,0,0,0.139474321041184
1.15.0,core/src/main/java/org/apache/calcite/sql/SqlDrop.java,0,0,0.23400614929071265
1.15.0,core/src/main/java/org/apache/calcite/sql/SqlExecutableStatement.java,0,0,0.22753707407779977
1.15.0,core/src/main/java/org/apache/calcite/sql/SqlKind.java,0,1,0.6120295638636077
1.15.0,core/src/main/java/org/apache/calcite/sql2rel/InitializerContext.java,0,0,0.21611034767416182
1.15.0,core/src/main/java/org/apache/calcite/sql2rel/InitializerExpressionFactory.java,0,0,0.28418892187423267
1.15.0,core/src/main/java/org/apache/calcite/sql2rel/NullInitializerExpressionFactory.java,0,0,0.3318653419768754
1.15.0,core/src/main/java/org/apache/calcite/sql2rel/StandardConvertletTable.java,1,0,0.2876679714621523
1.15.0,core/src/main/java/org/apache/calcite/util/NameMap.java,0,1,0.585987286713692
1.15.0,core/src/main/java/org/apache/calcite/util/NameMultimap.java,0,1,0.5731688841138691
1.15.0,core/src/main/java/org/apache/calcite/util/Static.java,0,0,0.022381988413787524
1.15.0,core/src/main/java/org/apache/calcite/util/Util.java,0,1,0.9282050958001379
1.15.0,core/src/main/java/org/apache/calcite/schema/impl/AbstractTable.java,0,0,0.17444805418205994
1.15.0,core/src/main/java/org/apache/calcite/rel/rules/AggregateExpandDistinctAggregatesRule.java,1,1,0.7888551426189905
1.15.0,core/src/main/java/org/apache/calcite/rel/rules/AggregateFilterTransposeRule.java,0,1,0.8807974055462081
1.15.0,core/src/main/java/org/apache/calcite/schema/impl/ModifiableViewTable.java,0,1,0.8728400781150095
1.15.0,core/src/main/java/org/apache/calcite/rel/rules/AggregateProjectMergeRule.java,0,1,0.7066434063546554
1.15.0,core/src/main/java/org/apache/calcite/rel/rules/FilterAggregateTransposeRule.java,0,1,0.6865782059288964
1.15.0,core/src/main/java/org/apache/calcite/sql/validate/SqlValidatorTable.java,0,0,0.2585025270735008
1.15.0,core/src/main/java/org/apache/calcite/util/graph/Graphs.java,0,1,0.706831289827957
1.15.0,mongodb/src/main/java/org/apache/calcite/adapter/mongodb/MongoTable.java,0,0,0.31987358739777355
1.15.0,server/src/main/java/org/apache/calcite/sql/ddl/SqlCheckConstraint.java,0,1,0.5654542087578893
1.15.0,server/src/main/java/org/apache/calcite/sql/ddl/SqlColumnDeclaration.java,0,1,0.7059686672178419
1.15.0,server/src/main/java/org/apache/calcite/sql/ddl/SqlCreateForeignSchema.java,0,1,0.8539500547884513
1.15.0,server/src/main/java/org/apache/calcite/sql/ddl/SqlCreateMaterializedView.java,0,1,0.6540421699675079
1.15.0,server/src/main/java/org/apache/calcite/sql/ddl/SqlCreateSchema.java,0,1,0.6187472207490947
1.15.0,server/src/main/java/org/apache/calcite/sql/ddl/SqlCreateTable.java,0,1,0.9768026307728471
1.15.0,server/src/main/java/org/apache/calcite/sql/ddl/SqlCreateView.java,0,1,0.6117945565889196
1.15.0,server/src/main/java/org/apache/calcite/sql/ddl/SqlDdlNodes.java,0,1,0.7069459518868861
1.15.0,server/src/main/java/org/apache/calcite/sql/ddl/SqlDropMaterializedView.java,0,1,0.6592602779216882
1.15.0,server/src/main/java/org/apache/calcite/sql/ddl/SqlDropObject.java,0,1,0.6369478854514888
1.15.0,server/src/main/java/org/apache/calcite/sql/ddl/SqlDropSchema.java,0,1,0.6303427320561127
1.15.0,server/src/main/java/org/apache/calcite/sql/ddl/SqlDropTable.java,0,0,0.13780287612571127
1.15.0,server/src/main/java/org/apache/calcite/sql/ddl/SqlDropView.java,0,0,0.13780287612571127
1.15.0,server/src/main/java/org/apache/calcite/sql/ddl/SqlKeyConstraint.java,0,0,0.31551373554606915
1.15.0,pig/src/main/java/org/apache/calcite/adapter/pig/PigAggFunction.java,0,0,0.4674831735460456
1.15.0,pig/src/main/java/org/apache/calcite/adapter/pig/PigDataType.java,0,0,0.4435492192382213
1.15.0,pig/src/main/java/org/apache/calcite/adapter/pig/PigJoin.java,0,1,0.7471289059167004
1.15.0,pig/src/main/java/org/apache/calcite/adapter/pig/PigProject.java,0,0,0.38043256718112267
1.15.0,pig/src/main/java/org/apache/calcite/adapter/pig/PigRel.java,0,0,0.4000389321850052
1.15.0,pig/src/main/java/org/apache/calcite/adapter/pig/PigRelFactories.java,0,0,0.13331033181903465
1.15.0,pig/src/main/java/org/apache/calcite/adapter/pig/PigRules.java,0,0,0.13038032098110897
1.15.0,pig/src/main/java/org/apache/calcite/adapter/pig/PigSchema.java,0,0,0.15895997925962313
1.15.0,pig/src/main/java/org/apache/calcite/adapter/pig/PigSchemaFactory.java,0,0,0.094451195914945
1.15.0,pig/src/main/java/org/apache/calcite/adapter/pig/PigTable.java,0,1,0.81031698334247
1.15.0,pig/src/main/java/org/apache/calcite/adapter/pig/PigTableFactory.java,0,0,0.29875696382100503
1.15.0,pig/src/main/java/org/apache/calcite/adapter/pig/PigTableScan.java,0,0,0.2959964418819897
1.15.0,pig/src/main/java/org/apache/calcite/adapter/pig/PigToEnumerableConverter.java,0,0,0.1278020302578368
1.15.0,pig/src/main/java/org/apache/calcite/adapter/pig/PigToEnumerableConverterRule.java,0,0,0.07717422241322687
1.15.0,core/src/main/java/org/apache/calcite/sql/SqlOperator.java,0,1,0.7396906266840196
1.15.0,core/src/main/java/org/apache/calcite/interpreter/SortNode.java,1,1,0.6013602681765212
1.15.0,core/src/main/java/org/apache/calcite/plan/RelOptCluster.java,0,0,0.3549609485037011
1.15.0,core/src/main/java/org/apache/calcite/plan/RelOptRuleCall.java,0,1,0.7780859652994327
1.15.0,core/src/main/java/org/apache/calcite/plan/Strong.java,0,1,0.8329540225722708
1.15.0,core/src/main/java/org/apache/calcite/rex/RexToSqlNodeConverterImpl.java,0,0,0.12097252543583471
1.15.0,core/src/main/java/org/apache/calcite/sql2rel/SqlNodeToRexConverterImpl.java,0,0,0.4044507213256557
1.15.0,core/src/main/java/org/apache/calcite/adapter/enumerable/PhysType.java,0,0,0.23095007306980378
1.15.0,core/src/main/java/org/apache/calcite/plan/hep/HepRuleCall.java,0,0,0.1160600209811204
1.15.0,core/src/main/java/org/apache/calcite/plan/volcano/RelSet.java,0,1,0.8771672380529941
1.15.0,core/src/main/java/org/apache/calcite/plan/volcano/RelSubset.java,0,1,0.8934376158524573
1.15.0,core/src/main/java/org/apache/calcite/plan/volcano/RuleQueue.java,0,0,0.019889058079090895
1.15.0,core/src/main/java/org/apache/calcite/plan/volcano/VolcanoRuleCall.java,0,1,0.7182310833110204
1.15.0,core/src/main/java/org/apache/calcite/sql/SqlAggFunction.java,0,0,0.19851898311638833
1.15.0,core/src/main/java/org/apache/calcite/rel/core/Union.java,0,0,0.17246713523255702
1.15.0,core/src/main/java/org/apache/calcite/rel/externalize/RelWriterImpl.java,0,1,0.8173710852971432
1.15.0,core/src/main/java/org/apache/calcite/sql2rel/RelDecorrelator.java,0,1,0.698061540321042
1.15.0,core/src/main/java/org/apache/calcite/rel/metadata/RelMdCollation.java,1,1,0.5203742635274454
1.15.0,core/src/main/java/org/apache/calcite/rel/metadata/RelMdColumnUniqueness.java,1,1,0.8783881251381808
1.15.0,core/src/main/java/org/apache/calcite/rel/metadata/RelMdUtil.java,0,1,0.9409271883058522
1.15.0,core/src/main/java/org/apache/calcite/rel/rules/LoptMultiJoin.java,0,0,0.2924264325654306
1.15.0,core/src/main/java/org/apache/calcite/rel/rules/LoptOptimizeJoinRule.java,0,1,0.6507276266396369
1.15.0,core/src/main/java/org/apache/calcite/rel/rules/LoptSemiJoinOptimizer.java,0,0,0.1387303312061101
1.15.0,core/src/main/java/org/apache/calcite/adapter/enumerable/AggContext.java,0,0,0.2076373008272645
1.15.0,core/src/main/java/org/apache/calcite/adapter/enumerable/AggResultContext.java,0,0,0.20855420639011368
1.15.0,core/src/main/java/org/apache/calcite/adapter/enumerable/EnumerableAggregate.java,0,1,0.901478095633034
1.15.0,core/src/main/java/org/apache/calcite/adapter/enumerable/EnumerableWindow.java,1,1,0.891880666862647
1.15.0,core/src/main/java/org/apache/calcite/plan/volcano/VolcanoPlanner.java,0,1,0.9819253296454463
1.15.0,core/src/main/java/org/apache/calcite/rel/core/Aggregate.java,0,1,0.6625398966823937
1.15.0,core/src/main/java/org/apache/calcite/rel/logical/LogicalAggregate.java,0,0,0.34908086052652076
1.15.0,core/src/main/java/org/apache/calcite/sql/parser/SqlParserUtil.java,0,1,0.8268607139261396
1.15.0,core/src/main/java/org/apache/calcite/rel/mutable/MutableAggregate.java,0,0,0.288116123452162
1.15.0,core/src/main/java/org/apache/calcite/rel/mutable/MutableRels.java,0,0,0.11971840901741967
1.15.0,core/src/main/java/org/apache/calcite/rel/rules/AggregateJoinTransposeRule.java,1,1,0.8621085791932639
1.15.0,core/src/main/java/org/apache/calcite/rel/rules/AggregateProjectPullUpConstantsRule.java,0,1,0.5526352162949978
1.15.0,core/src/main/java/org/apache/calcite/rel/rules/AggregateUnionAggregateRule.java,0,1,0.5434144539962653
1.15.0,core/src/main/java/org/apache/calcite/rel/rules/IntersectToDistinctRule.java,0,1,0.5527098077346813
1.15.0,core/src/main/java/org/apache/calcite/sql/fun/SqlAbstractGroupFunction.java,0,1,0.5484145908032402
1.15.0,core/src/main/java/org/apache/calcite/sql/fun/SqlGroupIdFunction.java,0,0,0.17875358604698754
1.15.0,core/src/main/java/org/apache/calcite/sql/fun/SqlGroupingFunction.java,0,0,0.18088500465299037
1.15.0,core/src/main/java/org/apache/calcite/sql/validate/AggFinder.java,1,0,0.48529286052485715
1.15.0,core/src/main/java/org/apache/calcite/sql/validate/AggregatingSelectScope.java,0,0,0.43443774078286806
1.15.0,core/src/main/java/org/apache/calcite/sql/validate/DelegatingNamespace.java,0,0,0.06409699639429947
1.15.0,core/src/main/java/org/apache/calcite/sql/validate/IdentifierNamespace.java,0,1,0.9167966627930445
1.15.0,core/src/main/java/org/apache/calcite/sql/validate/SqlQualified.java,0,0,0.10170192214556512
1.15.0,core/src/main/java/org/apache/calcite/sql/validate/SqlValidatorNamespace.java,0,0,0.05192035827939735
1.15.0,core/src/main/java/org/apache/calcite/adapter/enumerable/impl/AggAddContextImpl.java,0,0,0.1229486535113728
1.15.0,core/src/main/java/org/apache/calcite/adapter/enumerable/impl/AggResetContextImpl.java,0,0,0.175059016991908
1.15.0,core/src/main/java/org/apache/calcite/adapter/enumerable/impl/AggResultContextImpl.java,0,0,0.1721281195076214
1.15.0,core/src/main/java/org/apache/calcite/adapter/enumerable/impl/WinAggResultContextImpl.java,0,0,0.1407033706273828
1.15.0,core/src/main/java/org/apache/calcite/rel/RelRoot.java,0,0,0.20706446269167575
1.15.0,core/src/main/java/org/apache/calcite/sql/SqlSyntax.java,0,0,0.1835719207226104
1.15.0,core/src/main/java/org/apache/calcite/plan/Context.java,0,0,0.08773105542967649
1.15.0,core/src/main/java/org/apache/calcite/prepare/CalciteSqlValidator.java,0,0,0.1329648565890966
1.15.0,core/src/main/java/org/apache/calcite/schema/Wrapper.java,0,0,0.18999900482769835
1.15.0,core/src/main/java/org/apache/calcite/sql/advise/SqlAdvisorValidator.java,0,0,0.21443042010305682
1.15.0,core/src/main/java/org/apache/calcite/sql/fun/SqlGroupingIdFunction.java,0,0,0.19036867029306978
1.15.0,core/src/main/java/org/apache/calcite/config/CalciteConnectionProperty.java,0,0,0.23768600562087414
1.15.0,core/src/main/java/org/apache/calcite/materialize/TileSuggester.java,0,1,0.5841179978657259
1.15.0,core/src/main/java/org/apache/calcite/tools/Program.java,0,0,0.08773105542967649
1.15.0,core/src/main/java/org/apache/calcite/runtime/HttpUtils.java,0,0,0.32423789740494663
1.15.0,core/src/main/java/org/apache/calcite/sql/JoinType.java,0,0,0.053963995399671456
1.15.0,core/src/main/java/org/apache/calcite/sql/SemiJoinType.java,0,0,0.4429618372007853
1.15.0,core/src/main/java/org/apache/calcite/sql/SqlAccessType.java,0,0,0.19528820419281884
1.15.0,core/src/main/java/org/apache/calcite/sql/SqlCollation.java,0,0,0.054467715788905295
1.15.0,core/src/main/java/org/apache/calcite/util/ConversionUtil.java,0,0,0.05099616219021903
1.15.0,core/src/main/java/org/apache/calcite/util/NameSet.java,0,1,0.5300459673958985
1.15.0,core/src/main/java/org/apache/calcite/util/Sources.java,0,0,0.01924033972403268
1.15.0,core/src/main/java/org/apache/calcite/util/Template.java,0,0,0.022954018191206533
1.15.0,core/src/main/java/org/apache/calcite/util/Unsafe.java,0,1,0.7099350105198916
1.15.0,core/src/main/java/org/apache/calcite/rel/core/Correlate.java,0,0,0.24363186865189274
1.15.0,core/src/main/java/org/apache/calcite/rel/core/Join.java,0,0,0.20975536786036955
1.15.0,core/src/main/java/org/apache/calcite/rel/core/JoinRelType.java,0,0,0.2896571152832887
1.15.0,core/src/main/java/org/apache/calcite/rel/rules/MultiJoinOptimizeBushyRule.java,0,0,0.18443639576946838
1.15.0,core/src/main/java/org/apache/calcite/sql/advise/SqlAdvisor.java,0,0,0.1713066941747002
1.15.0,core/src/main/java/org/apache/calcite/sql/advise/SqlSimpleParser.java,0,0,0.00014059473710045746
1.15.0,core/src/main/java/org/apache/calcite/sql/util/ReflectiveSqlOperatorTable.java,0,0,0.12816862865694867
1.15.0,core/src/main/java/org/apache/calcite/util/javac/JaninoCompiler.java,0,0,0.16781560271798723
1.15.0,core/src/main/java/org/apache/calcite/util/trace/CalciteTimingTracer.java,0,0,0.0001947022355955462
1.15.0,druid/src/main/java/org/apache/calcite/adapter/druid/Granularity.java,0,0,0.19104075194223794
1.15.0,file/src/main/java/org/apache/calcite/adapter/file/FileReader.java,0,0,0.035097097207310766
1.15.0,file/src/main/java/org/apache/calcite/adapter/file/FileRowConverter.java,0,0,0.477416351085198
1.15.0,spark/src/main/java/org/apache/calcite/adapter/spark/SparkHandlerImpl.java,0,0,2.8164859248804967e-05
1.15.0,splunk/src/main/java/org/apache/calcite/adapter/splunk/search/SplunkConnectionImpl.java,0,0,0.11366925443164794
1.15.0,core/src/main/java/org/apache/calcite/sql/SqlBasicCall.java,0,0,0.11812233138534131
1.15.0,core/src/main/java/org/apache/calcite/sql2rel/AuxiliaryConverter.java,0,0,0.41448581883017127
1.15.0,core/src/main/java/org/apache/calcite/sql/validate/AggChecker.java,0,0,0.28725367394233764
1.15.0,core/src/main/java/org/apache/calcite/plan/AbstractRelOptPlanner.java,0,0,0.08366112697293904
1.15.0,core/src/main/java/org/apache/calcite/plan/RelOptPlanner.java,0,0,0.06979058269502132
1.15.0,core/src/main/java/org/apache/calcite/rex/RexExecutor.java,0,0,0.1972045563988968
1.15.0,core/src/main/java/org/apache/calcite/rex/RexExecutorImpl.java,0,1,0.5930226165892909
1.15.0,core/src/main/java/org/apache/calcite/adapter/jdbc/JdbcImplementor.java,0,0,0.04275318256762108
1.15.0,core/src/main/java/org/apache/calcite/adapter/jdbc/JdbcTableScan.java,0,0,0.09345260439288959
1.15.0,core/src/main/java/org/apache/calcite/interpreter/BindableConvention.java,0,0,0.237401678068441
1.15.0,core/src/main/java/org/apache/calcite/interpreter/InterpretableConvention.java,0,0,0.060619916240717435
1.15.0,core/src/main/java/org/apache/calcite/plan/Convention.java,0,0,0.1797498380381923
1.15.0,core/src/main/java/org/apache/calcite/plan/RelTraitDef.java,0,0,0.03187539535435717
1.15.0,core/src/main/java/org/apache/calcite/rel/RelCollationTraitDef.java,0,0,0.12270379329392031
1.15.0,core/src/main/java/org/apache/calcite/adapter/enumerable/EnumerableConvention.java,0,0,0.11836984311768203
1.15.0,core/src/main/java/org/apache/calcite/rel/core/SetOp.java,0,0,0.21970720538676838
1.15.0,core/src/main/java/org/apache/calcite/sql/validate/OrderByScope.java,0,0,0.3004635072722624
1.15.0,core/src/main/java/org/apache/calcite/sql/SqlDataTypeSpec.java,0,1,0.6623511466769929
1.15.0,core/src/main/java/org/apache/calcite/adapter/enumerable/EnumerableTableModify.java,0,0,0.44985642438307394
1.15.0,core/src/main/java/org/apache/calcite/rex/RexUtil.java,0,1,0.9999406237173424
1.15.0,core/src/main/java/org/apache/calcite/rel/rules/ReduceExpressionsRule.java,0,1,0.6364062908268074
1.15.0,core/src/main/java/org/apache/calcite/rel/rules/ValuesReduceRule.java,0,1,0.70077230924717
1.15.0,core/src/main/java/org/apache/calcite/sql/fun/SqlItemOperator.java,0,0,0.46618777184990373
1.15.0,core/src/main/java/org/apache/calcite/sql/parser/Span.java,0,0,0.2183148856248788
1.15.0,core/src/main/java/org/apache/calcite/sql/parser/SqlAbstractParserImpl.java,0,0,0.003614581222357026
1.15.0,core/src/main/java/org/apache/calcite/sql/parser/SqlParserPos.java,0,0,0.37807286043490906
1.15.0,core/src/main/java/org/apache/calcite/sql/validate/MatchRecognizeScope.java,1,1,0.7780897036306217
1.15.0,linq4j/src/main/java/org/apache/calcite/linq4j/function/Experimental.java,0,0,0.16524761731504573
1.15.0,core/src/main/java/org/apache/calcite/rex/RexOver.java,0,0,0.47311045463420176
1.15.0,core/src/main/java/org/apache/calcite/rel/logical/LogicalWindow.java,0,1,0.5723477850781374
1.15.0,spark/src/main/java/org/apache/calcite/adapter/spark/SparkRules.java,0,0,0.07309617718583927
1.15.0,core/src/main/java/org/apache/calcite/plan/MaterializedViewSubstitutionVisitor.java,0,0,0.00663292301357637
1.15.0,core/src/main/java/org/apache/calcite/DataContext.java,0,1,0.5448585729291855
1.15.0,core/src/main/java/org/apache/calcite/runtime/Hook.java,0,0,0.44201222667491
1.15.0,core/src/main/java/org/apache/calcite/util/JsonBuilder.java,0,1,0.6121660851694297
1.15.0,core/src/main/java/org/apache/calcite/util/DateString.java,0,1,0.5870256812647294
1.15.0,core/src/main/java/org/apache/calcite/util/DateTimeStringUtils.java,0,0,0.46398460100733685
1.15.0,core/src/main/java/org/apache/calcite/util/TimeString.java,0,1,0.871674474181101
1.15.0,core/src/main/java/org/apache/calcite/sql/SqlRankFunction.java,0,0,0.17955339350531077
1.15.0,plus/src/main/java/org/apache/calcite/adapter/os/Processes.java,0,1,0.7766484484452518
1.15.0,core/src/main/java/org/apache/calcite/adapter/enumerable/EnumerableRel.java,0,0,0.2356765765017606
1.15.0,core/src/main/java/org/apache/calcite/rel/core/SemiJoin.java,0,0,0.24230779559537388
1.15.0,core/src/main/java/org/apache/calcite/rel/logical/LogicalProject.java,0,0,0.3031621865134217
1.15.0,core/src/main/java/org/apache/calcite/rel/rules/JoinProjectTransposeRule.java,0,0,0.31045699539944693
1.15.0,core/src/main/java/org/apache/calcite/rel/rules/SemiJoinProjectTransposeRule.java,0,0,0.22535430689941313
1.15.0,core/src/main/java/org/apache/calcite/sql/fun/SqlBaseContextVariable.java,0,0,0.14135247039213744
1.15.0,core/src/main/java/org/apache/calcite/sql/fun/SqlStringContextVariable.java,0,0,0.053963995399671456
1.15.0,core/src/main/java/org/apache/calcite/sql/fun/SqlPositionFunction.java,0,0,0.18511966453322917
1.15.0,core/src/main/java/org/apache/calcite/sql/type/SameOperandTypeExceptLastOperandChecker.java,0,0,0.40385028021374203
1.15.0,core/src/main/java/org/apache/calcite/util/CompositeList.java,0,0,0.14461166951124124
1.15.0,core/src/main/java/org/apache/calcite/interpreter/AggregateNode.java,0,1,0.6134264225685482
1.15.0,core/src/main/java/org/apache/calcite/rex/RexTableInputRef.java,0,0,0.2982375343152885
1.15.0,core/src/main/java/org/apache/calcite/rel/metadata/RelMdAllPredicates.java,1,0,0.4622474059029049
1.15.0,core/src/main/java/org/apache/calcite/sql2rel/SubQueryConverter.java,0,0,0.08773105542967649
1.15.0,core/src/main/java/org/apache/calcite/schema/CustomColumnResolvingTable.java,0,0,0.17538078578282687
1.15.0,core/src/main/java/org/apache/calcite/sql2rel/RelFieldTrimmer.java,0,1,0.8330121238567091
1.15.0,core/src/main/java/org/apache/calcite/adapter/enumerable/EnumerableLimit.java,0,0,0.1311415191173121
1.15.0,core/src/main/java/org/apache/calcite/rel/metadata/RelMdRowCount.java,0,0,0.009165315198383936
1.15.0,core/src/main/java/org/apache/calcite/rel/rules/PruneEmptyRules.java,0,0,0.1348061790490524
1.15.0,druid/src/main/java/org/apache/calcite/adapter/druid/DefaultDimensionSpec.java,0,0,0.20553197997996867
1.15.0,druid/src/main/java/org/apache/calcite/adapter/druid/DimensionSpec.java,0,0,0.20553197997996867
1.15.0,druid/src/main/java/org/apache/calcite/adapter/druid/ExtractionFunction.java,0,0,0.20553197997996867
1.15.0,core/src/main/java/org/apache/calcite/prepare/CalciteMaterializer.java,0,1,0.5258557808089289
1.15.0,core/src/main/java/org/apache/calcite/rel/RelHomogeneousShuttle.java,0,0,0.06176210508515114
1.15.0,core/src/main/java/org/apache/calcite/rel/RelShuttle.java,0,0,0.08773105542967649
1.15.0,core/src/main/java/org/apache/calcite/rel/RelShuttleImpl.java,0,0,0.411695133089614
1.15.0,core/src/main/java/org/apache/calcite/rex/RexPatternFieldRef.java,0,0,0.10376733827570478
1.15.0,core/src/main/java/org/apache/calcite/sql/SqlFunctionCategory.java,0,0,0.0539684253160653
1.15.0,core/src/main/java/org/apache/calcite/sql2rel/RelStructuredTypeFlattener.java,0,0,0.4983347686388039
1.15.0,core/src/main/java/org/apache/calcite/sql/validate/MatchRecognizeNamespace.java,0,0,0.12830484276366047
1.15.0,core/src/main/java/org/apache/calcite/sql/validate/SqlValidator.java,0,0,0.18563501486313813
1.15.0,core/src/main/java/org/apache/calcite/schema/impl/ReflectiveFunctionBase.java,0,0,0.2970985793609644
1.15.0,plus/src/main/java/org/apache/calcite/adapter/os/SqlShell.java,0,1,0.9998613457587826
1.15.0,core/src/main/java/org/apache/calcite/plan/ConventionTraitDef.java,0,1,0.7538037548340029
1.15.0,core/src/main/java/org/apache/calcite/plan/RelCompositeTrait.java,0,0,0.3556520442656109
1.15.0,core/src/main/java/org/apache/calcite/plan/RexImplicationChecker.java,0,1,0.9742224516213995
1.15.0,core/src/main/java/org/apache/calcite/rex/RexWindowBound.java,0,1,0.6344043691729883
1.15.0,core/src/main/java/org/apache/calcite/rex/RexSqlStandardConvertletTable.java,0,0,0.11874347861123917
1.15.0,core/src/main/java/org/apache/calcite/runtime/FlatLists.java,1,0,0.4250047073746028
1.15.0,core/src/main/java/org/apache/calcite/runtime/ResultSetEnumerable.java,0,0,0.42809816478135615
1.15.0,core/src/main/java/org/apache/calcite/sql/SqlDescribeSchema.java,0,0,0.36466762732720376
1.15.0,core/src/main/java/org/apache/calcite/sql/SqlDescribeTable.java,0,0,0.3362774370038559
1.15.0,core/src/main/java/org/apache/calcite/sql/SqlUtil.java,0,1,0.803527582073962
1.15.0,core/src/main/java/org/apache/calcite/tools/Frameworks.java,0,1,0.7601915020894787
1.15.0,core/src/main/java/org/apache/calcite/util/CompatibleGuava11.java,0,0,0.486143777945752
1.15.0,core/src/main/java/org/apache/calcite/util/ImmutableIntList.java,0,0,3.212526732328747e-07
1.15.0,core/src/main/java/org/apache/calcite/util/ImmutableNullableList.java,0,0,0.3497896910293666
1.15.0,core/src/main/java/org/apache/calcite/util/ReflectUtil.java,0,0,0.0351363573080512
1.15.0,core/src/main/java/org/apache/calcite/adapter/clone/ArrayTable.java,0,0,0.005175078276475513
1.15.0,core/src/main/java/org/apache/calcite/adapter/enumerable/EnumerableRelImplementor.java,1,1,0.9410822002032067
1.15.0,core/src/main/java/org/apache/calcite/adapter/java/ReflectiveSchema.java,0,0,0.07568830589094991
1.15.0,core/src/main/java/org/apache/calcite/adapter/jdbc/JdbcTable.java,0,1,0.5759012989619509
1.15.0,core/src/main/java/org/apache/calcite/plan/hep/HepInstruction.java,0,1,0.8141596641776913
1.15.0,core/src/main/java/org/apache/calcite/rel/metadata/ReflectiveRelMetadataProvider.java,0,1,0.9027110712364798
1.15.0,core/src/main/java/org/apache/calcite/rel/metadata/RelMetadataProvider.java,0,0,0.20093183624894587
1.15.0,core/src/main/java/org/apache/calcite/sql/fun/SqlDatetimeSubtractionOperator.java,1,0,0.053963995399671456
1.15.0,core/src/main/java/org/apache/calcite/sql/type/OperandTypes.java,0,0,4.1789044270830346e-07
1.15.0,core/src/main/java/org/apache/calcite/sql/util/SqlBasicVisitor.java,0,1,0.5602406895360884
1.15.0,core/src/main/java/org/apache/calcite/util/trace/CalciteTrace.java,0,0,0.02385344020498633
1.15.0,cassandra/src/main/java/org/apache/calcite/adapter/cassandra/CassandraLimit.java,0,0,0.1794659870334436
1.15.0,cassandra/src/main/java/org/apache/calcite/adapter/cassandra/CassandraTable.java,0,1,0.9730243924757263
1.15.0,mongodb/src/main/java/org/apache/calcite/adapter/mongodb/MongoRules.java,0,0,0.3521029683418275
1.15.0,plus/src/main/java/org/apache/calcite/adapter/os/PsTableFunction.java,0,1,0.8727272999486729
1.15.0,plus/src/main/java/org/apache/calcite/adapter/os/VmstatTableFunction.java,0,1,0.8059778658323706
1.15.0,plus/src/main/java/org/apache/calcite/adapter/tpcds/TpcdsSchema.java,0,0,0.13634972761776365
1.15.0,plus/src/main/java/org/apache/calcite/adapter/tpch/TpchSchema.java,0,0,0.027636222716192704
1.15.0,spark/src/main/java/org/apache/calcite/adapter/spark/SparkRuntime.java,0,0,0.04720416267355021
1.15.0,splunk/src/main/java/org/apache/calcite/adapter/splunk/SplunkTable.java,0,0,0.20159987065846954
1.15.0,linq4j/src/main/java/org/apache/calcite/linq4j/EnumerableDefaults.java,0,1,0.9218762775538234
1.15.0,linq4j/src/main/java/org/apache/calcite/linq4j/Linq4j.java,0,0,0.00615940192830419
1.15.0,linq4j/src/main/java/org/apache/calcite/linq4j/Ord.java,0,1,0.6392617292629914
1.15.0,linq4j/src/main/java/org/apache/calcite/linq4j/QueryableDefaults.java,0,0,0.23516280893261815
1.15.0,linq4j/src/main/java/org/apache/calcite/linq4j/QueryProviderImpl.java,0,1,0.5625847033916616
1.15.0,linq4j/src/main/java/org/apache/calcite/linq4j/function/Functions.java,0,0,7.362972026391227e-08
1.15.0,linq4j/src/main/java/org/apache/calcite/linq4j/tree/ClassDeclarationFinder.java,0,0,0.45365989088469844
1.15.0,linq4j/src/main/java/org/apache/calcite/linq4j/tree/Expressions.java,0,0,0.2731497081573287
1.15.0,linq4j/src/main/java/org/apache/calcite/linq4j/tree/FunctionExpression.java,0,1,0.5727595735533034
1.15.0,linq4j/src/main/java/org/apache/calcite/linq4j/tree/OptimizeShuttle.java,0,1,0.8629182093605083
1.15.0,ubenchmark/src/main/java/org/apache/calcite/benchmarks/StatementTest.java,0,0,0.00022267394134705478
1.15.0,core/src/main/java/org/apache/calcite/rel/type/RelDataTypeSystem.java,0,0,0.15843305281985764
1.15.0,core/src/main/java/org/apache/calcite/sql/fun/SqlAvgAggFunction.java,0,0,0.16931998970808274
1.15.0,core/src/main/java/org/apache/calcite/sql/type/ReturnTypes.java,0,0,6.754453631261577e-05
1.15.0,core/src/main/java/org/apache/calcite/plan/VisitorDataContext.java,0,0,0.3237574127490366
1.15.0,core/src/main/java/org/apache/calcite/tools/Programs.java,0,0,0.21820803871673577
1.15.0,core/src/main/java/org/apache/calcite/rel/rules/ProjectFilterTransposeRule.java,0,0,0.3207419224089391
1.15.0,core/src/main/java/org/apache/calcite/rel/rules/ProjectJoinTransposeRule.java,0,0,0.34459002198792776
1.15.0,core/src/main/java/org/apache/calcite/rel/rules/ProjectSetOpTransposeRule.java,0,0,0.31471905162021524
1.15.0,core/src/main/java/org/apache/calcite/rel/rules/PushProjector.java,0,1,0.7472934478392274
1.15.0,core/src/main/java/org/apache/calcite/rel/rules/SemiJoinRule.java,0,0,0.30902888535001377
