version,file,true_label,predicted,probability
1.6.0,linq4j/src/main/java/org/apache/calcite/linq4j/CartesianProductEnumerator.java,0,0,8.612577587234683e-07
1.6.0,core/src/main/java/org/apache/calcite/interpreter/AbstractSingleNode.java,0,0,1.6590618801097426e-09
1.6.0,core/src/main/java/org/apache/calcite/interpreter/Row.java,0,0,0.00017819149088473305
1.6.0,core/src/main/java/org/apache/calcite/sql/SqlOperatorBinding.java,0,0,0.00044927635175962634
1.6.0,core/src/main/java/org/apache/calcite/sql/fun/SqlAbstractTimeFunction.java,0,0,0.0045060239896965535
1.6.0,core/src/main/java/org/apache/calcite/sql/fun/SqlCurrentDateFunction.java,0,0,0.06955193502892644
1.6.0,core/src/main/java/org/apache/calcite/sql/fun/SqlDatetimeSubtractionOperator.java,0,0,0.000748139350113661
1.6.0,core/src/main/java/org/apache/calcite/sql/fun/SqlExtractFunction.java,0,0,0.01750931719538158
1.6.0,core/src/main/java/org/apache/calcite/sql/fun/SqlFloorFunction.java,0,0,0.016418067088702363
1.6.0,core/src/main/java/org/apache/calcite/sql/fun/SqlMonotonicBinaryOperator.java,0,0,0.10258477690298914
1.6.0,core/src/main/java/org/apache/calcite/sql/fun/SqlMonotonicUnaryFunction.java,0,0,0.0007094555543972046
1.6.0,core/src/main/java/org/apache/calcite/sql/fun/SqlStringContextVariable.java,0,0,0.005971717070320733
1.6.0,core/src/main/java/org/apache/calcite/server/CalciteServerStatement.java,0,0,0.002761752107548104
1.6.0,core/src/main/java/org/apache/calcite/rel/rules/SemiJoinRule.java,0,0,0.46308873530883454
1.6.0,core/src/main/java/org/apache/calcite/sql/fun/SqlAbstractGroupFunction.java,0,1,0.5700492457764776
1.6.0,core/src/main/java/org/apache/calcite/sql/validate/AggregatingSelectScope.java,0,0,0.13139412934665126
1.6.0,core/src/main/java/org/apache/calcite/sql/validate/DelegatingScope.java,0,0,0.013050565374522984
1.6.0,core/src/main/java/org/apache/calcite/interpreter/SortNode.java,1,1,0.9802565544702195
1.6.0,core/src/main/java/org/apache/calcite/plan/RelCompositeTrait.java,0,0,0.0009619832590189938
1.6.0,core/src/main/java/org/apache/calcite/plan/RelMultipleTrait.java,0,0,2.141915536269716e-22
1.6.0,core/src/main/java/org/apache/calcite/plan/RelTrait.java,0,0,5.555119451878758e-13
1.6.0,core/src/main/java/org/apache/calcite/plan/RelTraitDef.java,0,0,4.6558656351611486e-08
1.6.0,core/src/main/java/org/apache/calcite/rel/RelCollation.java,0,0,6.0286932692166706e-27
1.6.0,core/src/main/java/org/apache/calcite/adapter/enumerable/EnumerableCalcRule.java,0,0,5.77518946318643e-07
1.6.0,core/src/main/java/org/apache/calcite/adapter/enumerable/EnumerableFilterToCalcRule.java,0,0,2.5017577078723717e-09
1.6.0,core/src/main/java/org/apache/calcite/adapter/enumerable/EnumerableMergeJoinRule.java,0,0,0.20144514907920233
1.6.0,core/src/main/java/org/apache/calcite/adapter/enumerable/EnumerableProjectToCalcRule.java,0,0,4.49136138438961e-08
1.6.0,core/src/main/java/org/apache/calcite/adapter/enumerable/EnumerableSort.java,0,0,0.004523665163971444
1.6.0,core/src/main/java/org/apache/calcite/adapter/enumerable/EnumerableSortRule.java,0,0,0.0007118882081994948
1.6.0,core/src/main/java/org/apache/calcite/adapter/enumerable/EnumerableValuesRule.java,0,0,6.806317062121486e-06
1.6.0,core/src/main/java/org/apache/calcite/rel/core/JoinInfo.java,0,0,3.060997392759321e-06
1.6.0,core/src/main/java/org/apache/calcite/rel/logical/LogicalIntersect.java,0,0,0.05736831108961433
1.6.0,core/src/main/java/org/apache/calcite/rel/logical/LogicalMinus.java,0,0,0.02117794768270985
1.6.0,core/src/main/java/org/apache/calcite/rel/logical/LogicalSort.java,0,0,3.4268065245144445e-07
1.6.0,core/src/main/java/org/apache/calcite/rel/logical/LogicalTableModify.java,0,0,0.005737422167824202
1.6.0,core/src/main/java/org/apache/calcite/rel/logical/LogicalUnion.java,0,0,0.0011897183405582348
1.6.0,core/src/main/java/org/apache/calcite/rel/rules/FilterCalcMergeRule.java,0,0,0.00020394084384891937
1.6.0,core/src/main/java/org/apache/calcite/rel/rules/FilterTableFunctionTransposeRule.java,0,0,0.02329963186264009
1.6.0,core/src/main/java/org/apache/calcite/rel/rules/FilterToCalcRule.java,0,0,2.320559457640783e-07
1.6.0,core/src/main/java/org/apache/calcite/rel/rules/ProjectCalcMergeRule.java,0,0,0.001555984097503283
1.6.0,core/src/main/java/org/apache/calcite/rel/rules/ProjectToCalcRule.java,0,0,3.5264675543581622e-06
1.6.0,core/src/main/java/org/apache/calcite/rel/rules/ReduceDecimalsRule.java,0,0,0.037557780605698636
1.6.0,core/src/main/java/org/apache/calcite/rel/rules/ValuesReduceRule.java,1,1,0.9926302733727291
1.6.0,core/src/main/java/org/apache/calcite/sql/util/SqlShuttle.java,0,0,0.01652938896958328
1.6.0,splunk/src/main/java/org/apache/calcite/adapter/splunk/SplunkPushDownRule.java,0,0,0.2556524079095321
1.6.0,core/src/main/java/org/apache/calcite/sql/type/SqlTypeTransforms.java,0,0,7.180602560308158e-06
1.6.0,core/src/main/java/org/apache/calcite/util/ChunkList.java,0,1,0.9507583575534594
1.6.0,core/src/main/java/org/apache/calcite/plan/MaterializedViewSubstitutionVisitor.java,0,0,2.448099446813495e-05
1.6.0,core/src/main/java/org/apache/calcite/interpreter/BindableConvention.java,0,0,9.038102001004271e-07
1.6.0,core/src/main/java/org/apache/calcite/interpreter/BindableRel.java,0,0,2.6443854265419823e-19
1.6.0,core/src/main/java/org/apache/calcite/interpreter/Context.java,0,0,1.26785592574332e-07
1.6.0,core/src/main/java/org/apache/calcite/interpreter/FilterNode.java,0,0,0.0018488250161997765
1.6.0,core/src/main/java/org/apache/calcite/interpreter/InterpretableConvention.java,0,0,1.4970467761418802e-08
1.6.0,core/src/main/java/org/apache/calcite/interpreter/InterpretableConverter.java,0,0,0.01810562720045699
1.6.0,core/src/main/java/org/apache/calcite/interpreter/InterpretableRel.java,0,0,8.878683026683657e-12
1.6.0,core/src/main/java/org/apache/calcite/interpreter/Interpreters.java,0,0,1.695061429016234e-07
1.6.0,core/src/main/java/org/apache/calcite/interpreter/NoneToBindableConverterRule.java,0,0,6.973630394018016e-06
1.6.0,core/src/main/java/org/apache/calcite/interpreter/Scalar.java,0,0,4.570286384657314e-13
1.6.0,core/src/main/java/org/apache/calcite/interpreter/UnionNode.java,0,0,0.00024163251858934544
1.6.0,core/src/main/java/org/apache/calcite/interpreter/WindowNode.java,0,0,2.4901091853499363e-05
1.6.0,core/src/main/java/org/apache/calcite/rex/RexExecutorImpl.java,0,0,2.369343161127846e-09
1.6.0,core/src/main/java/org/apache/calcite/runtime/ArrayBindable.java,0,0,9.269038105436808e-21
1.6.0,core/src/main/java/org/apache/calcite/prepare/CalciteCatalogReader.java,0,0,4.7433259514130705e-09
1.6.0,core/src/main/java/org/apache/calcite/adapter/enumerable/AggImpState.java,0,0,1.8313275998873477e-09
1.6.0,core/src/main/java/org/apache/calcite/adapter/enumerable/EnumerableBindable.java,0,0,0.038035296092466475
1.6.0,core/src/main/java/org/apache/calcite/adapter/enumerable/EnumerableConvention.java,0,0,0.00036466230286959017
1.6.0,core/src/main/java/org/apache/calcite/runtime/SqlFunctions.java,1,1,0.9962687701388551
1.6.0,core/src/main/java/org/apache/calcite/runtime/Utilities.java,0,0,8.18510646270595e-05
1.6.0,core/src/main/java/org/apache/calcite/adapter/enumerable/EnumerableFilterRule.java,0,0,0.0002939136280013331
1.6.0,core/src/main/java/org/apache/calcite/adapter/enumerable/EnumerableInterpretable.java,0,0,0.0460836978864912
1.6.0,core/src/main/java/org/apache/calcite/adapter/java/ReflectiveSchema.java,0,0,0.011532722379823638
1.6.0,core/src/main/java/org/apache/calcite/rel/convert/ConverterRule.java,0,0,0.012399416992229437
1.6.0,core/src/main/java/org/apache/calcite/sql/SqlUtil.java,0,0,0.3236279383471057
1.6.0,core/src/main/java/org/apache/calcite/util/BuiltInMethod.java,1,1,1.0
1.6.0,core/src/main/java/org/apache/calcite/adapter/enumerable/EnumerableRelImplementor.java,1,1,0.9896607823139528
1.6.0,core/src/main/java/org/apache/calcite/adapter/enumerable/EnumUtils.java,0,0,0.00564619269251162
1.6.0,core/src/main/java/org/apache/calcite/adapter/enumerable/ReflectiveCallNotNullImplementor.java,0,0,0.038333700089472414
1.6.0,core/src/main/java/org/apache/calcite/adapter/enumerable/RexToLixTranslator.java,1,1,0.9789818603703557
1.6.0,core/src/main/java/org/apache/calcite/adapter/enumerable/StrictAggImplementor.java,0,0,0.03466700073022277
1.6.0,core/src/main/java/org/apache/calcite/rel/rules/SubQueryRemoveRule.java,1,1,0.9999999999780544
1.6.0,spark/src/main/java/org/apache/calcite/adapter/spark/SparkHandlerImpl.java,0,0,0.1905800021781797
1.6.0,core/src/main/java/org/apache/calcite/sql/type/SqlTypeExplicitPrecedenceList.java,1,1,0.868882377948209
1.6.0,linq4j/src/main/java/org/apache/calcite/linq4j/tree/ConditionalExpression.java,0,0,0.0005802227897984985
1.6.0,core/src/main/java/org/apache/calcite/plan/RelOptPlanner.java,0,0,3.1544645847712252e-34
1.6.0,core/src/main/java/org/apache/calcite/prepare/PlannerImpl.java,0,0,0.2677080035579385
1.6.0,core/src/main/java/org/apache/calcite/tools/FrameworkConfig.java,0,0,1.0060153523752458e-09
1.6.0,core/src/main/java/org/apache/calcite/tools/Frameworks.java,0,0,0.003942826025262359
1.6.0,mongodb/src/main/java/org/apache/calcite/adapter/mongodb/MongoAggregate.java,0,0,0.010253007376933514
1.6.0,core/src/main/java/org/apache/calcite/adapter/jdbc/JdbcUtils.java,0,1,0.8498840375143396
1.6.0,core/src/main/java/org/apache/calcite/sql/SqlDialect.java,0,0,1.9856830633936298e-05
1.6.0,core/src/main/java/org/apache/calcite/sql/SqlSelectOperator.java,1,1,0.9785660437843734
1.6.0,core/src/main/java/org/apache/calcite/rel/rel2sql/RelToSqlConverter.java,1,1,0.9957127487739225
1.6.0,core/src/main/java/org/apache/calcite/config/CalciteConnectionConfig.java,0,0,9.028118839236367e-22
1.6.0,core/src/main/java/org/apache/calcite/config/CalciteConnectionConfigImpl.java,0,0,1.6698145348885625e-05
1.6.0,core/src/main/java/org/apache/calcite/config/CalciteConnectionProperty.java,0,0,4.12308188596759e-08
1.6.0,core/src/main/java/org/apache/calcite/config/NullCollation.java,0,0,3.9137827373084274e-16
1.6.0,core/src/main/java/org/apache/calcite/rel/RelCollationImpl.java,0,0,0.09286509916265373
1.6.0,core/src/main/java/org/apache/calcite/rel/RelCollations.java,0,0,4.828961481297033e-06
1.6.0,core/src/main/java/org/apache/calcite/rel/RelFieldCollation.java,0,0,0.06726545261199199
1.6.0,core/src/main/java/org/apache/calcite/rex/RexFieldCollation.java,0,0,0.011354181387845167
1.6.0,core/src/main/java/org/apache/calcite/schema/ExtensibleTable.java,0,0,4.06697025973799e-19
1.6.0,core/src/main/java/org/apache/calcite/sql/SqlDelete.java,0,1,0.581197429305416
1.6.0,core/src/main/java/org/apache/calcite/plan/RelTraitSet.java,0,0,0.002040205381330425
1.6.0,core/src/main/java/org/apache/calcite/materialize/MaterializationActor.java,0,0,1.9137778306861675e-06
1.6.0,core/src/main/java/org/apache/calcite/materialize/MaterializationService.java,0,0,0.004393880073592943
1.6.0,core/src/main/java/org/apache/calcite/model/JsonMaterialization.java,0,0,1.569523211241043e-05
1.6.0,core/src/main/java/org/apache/calcite/schema/impl/MaterializedViewTable.java,0,0,0.03422671650907738
1.6.0,linq4j/src/main/java/org/apache/calcite/linq4j/tree/Primitive.java,0,0,0.0421021428128338
1.6.0,core/src/main/java/org/apache/calcite/sql/validate/ProcedureNamespace.java,1,1,0.9977507775990677
1.6.0,core/src/main/java/org/apache/calcite/sql/validate/SqlUserDefinedTableMacro.java,0,0,0.28447526793733324
1.6.0,core/src/main/java/org/apache/calcite/adapter/clone/ColumnLoader.java,0,0,0.0008355553467317443
1.6.0,linq4j/src/main/java/org/apache/calcite/linq4j/tree/ConstructorDeclaration.java,0,0,0.00015329017725897282
1.6.0,linq4j/src/main/java/org/apache/calcite/linq4j/tree/MethodDeclaration.java,0,0,5.996348124812531e-05
1.6.0,core/src/main/java/org/apache/calcite/rel/type/RelCrossType.java,0,0,0.38307732959780744
1.6.0,core/src/main/java/org/apache/calcite/prepare/CalcitePrepareImpl.java,1,1,0.5293180071385741
1.6.0,core/src/main/java/org/apache/calcite/sql/SqlUnnestOperator.java,0,0,0.001955786190597246
1.6.0,mongodb/src/main/java/org/apache/calcite/adapter/mongodb/MongoEnumerator.java,0,1,0.6369628708315966
1.6.0,core/src/main/java/org/apache/calcite/adapter/enumerable/EnumerableUncollect.java,0,0,0.02590581653883627
1.6.0,core/src/main/java/org/apache/calcite/adapter/enumerable/EnumerableUncollectRule.java,0,0,4.079068419144392e-06
1.6.0,core/src/main/java/org/apache/calcite/adapter/enumerable/PhysType.java,0,0,1.6182236430085052e-09
1.6.0,core/src/main/java/org/apache/calcite/adapter/enumerable/PhysTypeImpl.java,1,1,0.9997163442011544
1.6.0,core/src/main/java/org/apache/calcite/rel/core/Uncollect.java,0,0,0.00015446660504105493
1.6.0,core/src/main/java/org/apache/calcite/rel/rules/ProjectMergeRule.java,0,0,0.0001293477831161749
1.6.0,core/src/main/java/org/apache/calcite/sql/fun/SqlMultisetQueryConstructor.java,0,0,0.013146372877523056
1.6.0,core/src/main/java/org/apache/calcite/sql/fun/SqlStdOperatorTable.java,0,0,0.07082984740336917
1.6.0,core/src/main/java/org/apache/calcite/sql/validate/AbstractNamespace.java,1,1,0.9788485645816759
1.6.0,core/src/main/java/org/apache/calcite/sql/validate/AliasNamespace.java,1,1,0.9999794210455484
1.6.0,core/src/main/java/org/apache/calcite/sql/validate/UnnestNamespace.java,1,1,0.9996017898893338
1.6.0,core/src/main/java/org/apache/calcite/rel/rules/MultiJoin.java,0,0,0.008767354490597882
1.6.0,core/src/main/java/org/apache/calcite/rel/rules/AggregateProjectMergeRule.java,0,0,0.17322207868336623
1.6.0,core/src/main/java/org/apache/calcite/rel/rules/ProjectFilterTransposeRule.java,0,0,0.007866840346190097
1.6.0,core/src/main/java/org/apache/calcite/plan/RelOptTable.java,0,0,1.752562659605296e-05
1.6.0,core/src/main/java/org/apache/calcite/prepare/CalciteMaterializer.java,0,0,0.01998486247374561
1.6.0,core/src/main/java/org/apache/calcite/prepare/LixToRelTranslator.java,0,0,0.14650802972224503
1.6.0,core/src/main/java/org/apache/calcite/rel/RelCollationTraitDef.java,1,1,0.8783255729129175
1.6.0,core/src/main/java/org/apache/calcite/rel/RelInput.java,0,0,0.06528170385027628
1.6.0,core/src/main/java/org/apache/calcite/tools/RuleSets.java,0,0,0.0009542385625602611
1.6.0,avatica/src/main/java/org/apache/calcite/avatica/Meta.java,1,1,1.0
1.6.0,avatica/src/main/java/org/apache/calcite/avatica/proto/Common.java,0,0,1.8684443971433637e-54
1.6.0,core/src/main/java/org/apache/calcite/adapter/enumerable/EnumerableProjectRule.java,0,0,0.0002627209421077086
1.6.0,core/src/main/java/org/apache/calcite/rel/externalize/RelJsonReader.java,0,1,0.7722259132276886
1.6.0,core/src/main/java/org/apache/calcite/schema/impl/ViewTable.java,0,0,0.17799123859977672
1.6.0,core/src/main/java/org/apache/calcite/util/JsonBuilder.java,0,1,0.8030386046222711
1.6.0,core/src/main/java/org/apache/calcite/materialize/CachingLatticeStatisticProvider.java,0,0,0.06716422745008523
1.6.0,core/src/main/java/org/apache/calcite/materialize/DelegatingLatticeStatisticProvider.java,0,0,0.10764331465665931
1.6.0,core/src/main/java/org/apache/calcite/materialize/Lattices.java,0,0,1.7863412459599242e-06
1.6.0,core/src/main/java/org/apache/calcite/materialize/LatticeStatisticProvider.java,0,0,5.065958646008989e-18
1.6.0,core/src/main/java/org/apache/calcite/materialize/SqlLatticeStatisticProvider.java,0,1,0.5581581186882829
1.6.0,core/src/main/java/org/apache/calcite/sql/SqlAggFunction.java,0,1,0.999282703104934
1.6.0,core/src/main/java/org/apache/calcite/sql/SqlRankFunction.java,0,0,0.28501652312225423
1.6.0,core/src/main/java/org/apache/calcite/sql/fun/SqlAvgAggFunction.java,0,0,0.018431242556073587
1.6.0,core/src/main/java/org/apache/calcite/sql/fun/SqlCovarAggFunction.java,0,0,0.011691168785600588
1.6.0,core/src/main/java/org/apache/calcite/sql/fun/SqlFirstLastValueAggFunction.java,0,0,0.0003967054767433276
1.6.0,core/src/main/java/org/apache/calcite/sql/fun/SqlHistogramAggFunction.java,0,1,0.5471538671382454
1.6.0,core/src/main/java/org/apache/calcite/sql/fun/SqlLeadLagAggFunction.java,0,0,0.0021154827487489506
1.6.0,core/src/main/java/org/apache/calcite/sql/fun/SqlMinMaxAggFunction.java,0,0,0.08613320849922518
1.6.0,core/src/main/java/org/apache/calcite/sql/fun/SqlNtileAggFunction.java,0,0,7.601638281707039e-05
1.6.0,core/src/main/java/org/apache/calcite/sql/fun/SqlSingleValueAggFunction.java,0,1,0.886341430839141
1.6.0,core/src/main/java/org/apache/calcite/sql/fun/SqlSumAggFunction.java,0,1,0.9817153936315024
1.6.0,avatica/src/main/java/org/apache/calcite/avatica/remote/Service.java,0,1,1.0
1.6.0,core/src/main/java/org/apache/calcite/tools/PigRelBuilder.java,0,0,0.25082688926691277
1.6.0,core/src/main/java/org/apache/calcite/schema/StreamableTable.java,0,0,5.470441267933917e-20
1.6.0,core/src/main/java/org/apache/calcite/sql/SqlSelectKeyword.java,0,0,2.3867571726104467e-17
1.6.0,avatica/src/main/java/org/apache/calcite/avatica/util/PackageMarker.java,0,0,3.4350844658416325e-19
1.6.0,linq4j/src/main/java/org/apache/calcite/linq4j/PackageMarker.java,0,0,3.4350844658416325e-19
1.6.0,core/src/main/java/org/apache/calcite/rel/stream/Chi.java,0,0,2.0038121711882292e-11
1.6.0,core/src/main/java/org/apache/calcite/rel/stream/Delta.java,0,0,6.330113509487761e-07
1.6.0,core/src/main/java/org/apache/calcite/rel/stream/LogicalChi.java,0,0,4.578677435859194e-09
1.6.0,core/src/main/java/org/apache/calcite/rel/stream/LogicalDelta.java,0,0,4.6343934549323155e-07
1.6.0,core/src/main/java/org/apache/calcite/sql/advise/SqlAdvisorValidator.java,1,1,0.9979041222364485
1.6.0,core/src/main/java/org/apache/calcite/sql/fun/SqlCollectionTableOperator.java,0,0,2.8068429064884577e-05
1.6.0,core/src/main/java/org/apache/calcite/sql/type/CompositeSingleOperandTypeChecker.java,0,0,0.21079691964897088
1.6.0,core/src/main/java/org/apache/calcite/sql/validate/IdentifierNamespace.java,1,1,0.999909797781854
1.6.0,core/src/main/java/org/apache/calcite/sql/validate/SetopNamespace.java,1,1,0.9991289069195698
1.6.0,core/src/main/java/org/apache/calcite/sql/validate/SqlModality.java,0,0,7.928296453882387e-06
1.6.0,core/src/main/java/org/apache/calcite/sql/validate/SqlValidatorNamespace.java,1,1,0.9968686472994798
1.6.0,core/src/main/java/org/apache/calcite/sql/validate/SqlValidatorTable.java,0,0,2.9262644825162746e-09
1.6.0,core/src/main/java/org/apache/calcite/sql/validate/TableConstructorNamespace.java,1,1,0.9995680383585338
1.6.0,core/src/main/java/org/apache/calcite/sql/validate/TableNamespace.java,1,1,0.9970071870304775
1.6.0,linq4j/src/main/java/org/apache/calcite/linq4j/tree/Visitor.java,0,0,4.749985908911921e-09
1.6.0,core/src/main/java/org/apache/calcite/sql/fun/SqlCountAggFunction.java,0,1,0.8210841430153434
1.6.0,core/src/main/java/org/apache/calcite/sql/fun/SqlSumEmptyIsZeroAggFunction.java,1,1,0.8078119408866871
1.6.0,core/src/main/java/org/apache/calcite/sql/validate/SqlUserDefinedAggFunction.java,0,1,0.7634778713459138
1.6.0,core/src/main/java/org/apache/calcite/rel/rules/AggregateExpandDistinctAggregatesRule.java,1,1,0.9999965081403344
1.6.0,core/src/main/java/org/apache/calcite/rel/rules/AggregateUnionAggregateRule.java,0,0,0.0088374142808289
1.6.0,core/src/main/java/org/apache/calcite/util/Static.java,0,0,1.8473583665504632e-07
1.6.0,core/src/main/java/org/apache/calcite/sql/advise/SqlAdvisor.java,0,0,0.00013505486417556467
1.6.0,core/src/main/java/org/apache/calcite/sql/parser/SqlParserPos.java,0,0,6.094770997749706e-06
1.6.0,core/src/main/java/org/apache/calcite/sql/validate/CatalogScope.java,0,0,0.008109893210594674
1.6.0,core/src/main/java/org/apache/calcite/sql/validate/EmptyScope.java,0,0,0.004655094948169209
1.6.0,core/src/main/java/org/apache/calcite/sql/validate/ListScope.java,0,1,0.7018513106276868
1.6.0,core/src/main/java/org/apache/calcite/sql/validate/OrderByScope.java,0,0,0.11555370229398092
1.6.0,core/src/main/java/org/apache/calcite/sql/validate/ParameterScope.java,0,0,0.3510259911016631
1.6.0,core/src/main/java/org/apache/calcite/sql/validate/SchemaNamespace.java,1,1,0.9994784424189592
1.6.0,core/src/main/java/org/apache/calcite/sql/validate/SelectScope.java,0,1,0.5069523673008316
1.6.0,core/src/main/java/org/apache/calcite/sql/validate/SqlMoniker.java,0,0,2.2506296893948235e-10
1.6.0,core/src/main/java/org/apache/calcite/sql/validate/SqlMonikerImpl.java,0,0,0.006629095659233569
1.6.0,core/src/main/java/org/apache/calcite/sql/validate/SqlMonikerType.java,0,0,0.00025883267905202096
1.6.0,core/src/main/java/org/apache/calcite/sql/validate/SqlQualified.java,0,0,0.0067750409477663155
1.6.0,core/src/main/java/org/apache/calcite/sql/validate/SqlValidatorCatalogReader.java,0,0,1.6464728306363118e-05
1.6.0,core/src/main/java/org/apache/calcite/sql/validate/SqlValidatorScope.java,0,0,3.5669153154124883e-08
1.6.0,core/src/main/java/org/apache/calcite/sql/validate/WithScope.java,1,1,0.884501333312345
1.6.0,core/src/main/java/org/apache/calcite/rel/rules/ProjectRemoveRule.java,0,0,1.2290714646935007e-05
1.6.0,core/src/main/java/org/apache/calcite/runtime/Enumerables.java,0,0,5.311243528954591e-13
1.6.0,linq4j/src/main/java/org/apache/calcite/linq4j/tree/FunctionExpression.java,0,0,0.0002307310414413437
1.6.0,core/src/main/java/org/apache/calcite/rex/RexSlot.java,0,0,6.678554770724699e-07
1.6.0,avatica-server/src/main/java/org/apache/calcite/avatica/server/HandlerFactory.java,0,0,1.1516038235297044e-11
1.6.0,avatica-server/src/main/java/org/apache/calcite/avatica/server/Main.java,0,0,3.4004138983385784e-11
1.6.0,avatica/src/main/java/org/apache/calcite/avatica/AvaticaParameter.java,0,0,6.423798319768661e-15
1.6.0,avatica/src/main/java/org/apache/calcite/avatica/AvaticaUtils.java,0,0,0.0001482208168024279
1.6.0,avatica/src/main/java/org/apache/calcite/avatica/ConnectionConfigImpl.java,0,0,8.238522585144115e-08
1.6.0,avatica/src/main/java/org/apache/calcite/avatica/ConnectionPropertiesImpl.java,0,0,0.04256273182478221
1.6.0,avatica/src/main/java/org/apache/calcite/avatica/remote/AvaticaRemoteConnectionProperty.java,0,0,3.753650453693493e-12
1.6.0,avatica/src/main/java/org/apache/calcite/avatica/remote/LocalProtobufService.java,0,1,0.8704749829679747
1.6.0,avatica/src/main/java/org/apache/calcite/avatica/remote/ProtobufTranslation.java,0,0,4.0687599731120785e-14
1.6.0,avatica/src/main/java/org/apache/calcite/avatica/remote/RequestTranslator.java,0,0,6.431611020164962e-05
1.6.0,avatica/src/main/java/org/apache/calcite/avatica/remote/ResponseTranslator.java,0,0,6.431611020164962e-05
1.6.0,avatica/src/main/java/org/apache/calcite/avatica/remote/TypedValue.java,0,0,0.0001485422319010511
1.6.0,core/src/main/java/org/apache/calcite/adapter/enumerable/EnumerableAggregateRule.java,0,0,0.0015893924281904217
1.6.0,core/src/main/java/org/apache/calcite/sql/fun/SqlThrowOperator.java,0,0,0.0006267076898149919
1.6.0,core/src/main/java/org/apache/calcite/sql/SqlCallBinding.java,1,1,0.9999969024558526
1.6.0,core/src/main/java/org/apache/calcite/plan/RelOptRuleCall.java,0,1,0.7170166131119928
1.6.0,core/src/main/java/org/apache/calcite/plan/volcano/VolcanoRuleCall.java,0,1,0.9942966709350073
1.6.0,core/src/main/java/org/apache/calcite/plan/volcano/VolcanoRuleMatch.java,0,0,0.1258934109083033
1.6.0,core/src/main/java/org/apache/calcite/plan/RelOptLattice.java,0,0,0.002923711960864899
1.6.0,core/src/main/java/org/apache/calcite/plan/Strong.java,0,0,0.04535483277286737
1.6.0,core/src/main/java/org/apache/calcite/rel/rules/JoinAssociateRule.java,0,0,0.032035690202116336
1.6.0,core/src/main/java/org/apache/calcite/rel/rules/JoinToMultiJoinRule.java,0,0,9.851268503576642e-08
1.6.0,plus/src/main/java/org/apache/calcite/adapter/tpcds/TpcdsSchema.java,0,0,7.95747079932646e-10
1.6.0,core/src/main/java/org/apache/calcite/sql/type/ReturnTypes.java,0,0,0.0014386463863672548
1.6.0,core/src/main/java/org/apache/calcite/sql/type/SqlTypeName.java,0,0,0.0007995084112840721
1.6.0,core/src/main/java/org/apache/calcite/DataContext.java,0,0,1.8230661532136933e-14
1.6.0,core/src/main/java/org/apache/calcite/jdbc/CalciteConnection.java,0,0,4.954751654836018e-08
1.6.0,core/src/main/java/org/apache/calcite/jdbc/CalciteFactory.java,0,0,0.04432102681221791
1.6.0,core/src/main/java/org/apache/calcite/materialize/MaterializationKey.java,0,0,0.04812080122276656
1.6.0,core/src/main/java/org/apache/calcite/plan/Context.java,0,0,4.315457843103295e-18
1.6.0,core/src/main/java/org/apache/calcite/plan/Convention.java,0,0,1.2086560301931843e-17
1.6.0,core/src/main/java/org/apache/calcite/plan/MulticastRelOptListener.java,0,0,0.27024967667581956
1.6.0,core/src/main/java/org/apache/calcite/plan/RelOptCostImpl.java,0,0,0.00409684212561919
1.6.0,core/src/main/java/org/apache/calcite/plan/RelOptListener.java,0,0,7.07158799909079e-17
1.6.0,core/src/main/java/org/apache/calcite/plan/RelOptSchema.java,0,0,3.119071780623477e-16
1.6.0,core/src/main/java/org/apache/calcite/plan/RelTraitPropagationVisitor.java,0,0,0.047808838845257884
1.6.0,core/src/main/java/org/apache/calcite/plan/TableAccessMap.java,0,0,1.336956683696916e-07
1.6.0,core/src/main/java/org/apache/calcite/prepare/CalciteSqlValidator.java,0,0,0.06934562284911443
1.6.0,core/src/main/java/org/apache/calcite/rel/RelWriter.java,0,0,4.410956857388645e-11
1.6.0,core/src/main/java/org/apache/calcite/rex/RexExecutable.java,0,0,0.000645166460689911
1.6.0,core/src/main/java/org/apache/calcite/rex/RexPermutationShuttle.java,0,0,4.012472072222327e-05
1.6.0,core/src/main/java/org/apache/calcite/rex/RexPermuteInputsShuttle.java,0,0,0.014615609438427601
1.6.0,core/src/main/java/org/apache/calcite/rex/RexSqlConvertlet.java,0,0,1.3573532913351872e-19
1.6.0,core/src/main/java/org/apache/calcite/rex/RexSqlReflectiveConvertletTable.java,0,0,0.018859280545234915
1.6.0,core/src/main/java/org/apache/calcite/rex/RexSqlStandardConvertletTable.java,0,0,0.0014343824698163754
1.6.0,core/src/main/java/org/apache/calcite/rex/RexToSqlNodeConverter.java,0,0,1.3613701817294612e-14
1.6.0,core/src/main/java/org/apache/calcite/rex/RexToSqlNodeConverterImpl.java,0,0,8.913524914042803e-05
1.6.0,core/src/main/java/org/apache/calcite/rex/RexTransformer.java,0,0,0.09354416110826595
1.6.0,core/src/main/java/org/apache/calcite/rex/RexVariable.java,0,0,1.6256430067628365e-07
1.6.0,core/src/main/java/org/apache/calcite/rex/RexWindow.java,0,0,0.01641503223263129
1.6.0,core/src/main/java/org/apache/calcite/rex/RexWindowBound.java,0,0,7.887804666793986e-09
1.6.0,core/src/main/java/org/apache/calcite/runtime/BinarySearch.java,0,0,2.056156369922564e-05
1.6.0,core/src/main/java/org/apache/calcite/runtime/Bindable.java,0,0,1.1696600901035168e-20
1.6.0,core/src/main/java/org/apache/calcite/runtime/CalciteContextException.java,0,0,1.407227272872533e-07
1.6.0,core/src/main/java/org/apache/calcite/runtime/CalciteException.java,0,0,6.434653375246785e-12
1.6.0,core/src/main/java/org/apache/calcite/runtime/Feature.java,0,0,9.30702692254799e-06
1.6.0,core/src/main/java/org/apache/calcite/runtime/ResultSetEnumerable.java,0,0,0.03595393850555683
1.6.0,core/src/main/java/org/apache/calcite/runtime/SortedMultiMap.java,0,0,0.006124862284261847
1.6.0,core/src/main/java/org/apache/calcite/schema/AggregateFunction.java,0,0,7.112241809865456e-22
1.6.0,core/src/main/java/org/apache/calcite/schema/FilterableTable.java,0,0,8.678462734800211e-22
1.6.0,core/src/main/java/org/apache/calcite/schema/ImplementableAggFunction.java,0,0,6.157551143668631e-22
1.6.0,core/src/main/java/org/apache/calcite/schema/ImplementableFunction.java,0,0,4.662824877599945e-21
1.6.0,core/src/main/java/org/apache/calcite/schema/Member.java,0,0,8.778928515073054e-06
1.6.0,core/src/main/java/org/apache/calcite/schema/ProjectableFilterableTable.java,0,0,3.346122561772772e-23
1.6.0,core/src/main/java/org/apache/calcite/schema/QueryableTable.java,0,0,8.145299092117038e-13
1.6.0,core/src/main/java/org/apache/calcite/schema/ScalarFunction.java,0,0,6.36709903772525e-22
1.6.0,core/src/main/java/org/apache/calcite/schema/ScannableTable.java,0,0,2.9221589539035394e-20
1.6.0,core/src/main/java/org/apache/calcite/schema/Table.java,0,0,9.401614250301532e-13
1.6.0,core/src/main/java/org/apache/calcite/schema/TableFactory.java,0,0,8.040331619503647e-12
1.6.0,core/src/main/java/org/apache/calcite/schema/TableFunction.java,0,0,7.973988933315308e-16
1.6.0,core/src/main/java/org/apache/calcite/schema/TranslatableTable.java,0,0,2.1508911422496845e-18
1.6.0,core/src/main/java/org/apache/calcite/sql/ExplicitOperatorBinding.java,0,1,0.5071231234459883
1.6.0,core/src/main/java/org/apache/calcite/sql/JoinConditionType.java,0,0,5.90918952946839e-17
1.6.0,core/src/main/java/org/apache/calcite/sql/JoinType.java,0,0,3.976979571992545e-17
1.6.0,core/src/main/java/org/apache/calcite/sql/SqlAbstractDateTimeLiteral.java,0,0,0.005500473488212209
1.6.0,core/src/main/java/org/apache/calcite/sql/SqlAbstractStringLiteral.java,0,0,4.519125385753515e-06
1.6.0,core/src/main/java/org/apache/calcite/sql/SqlAccessType.java,0,1,0.5254359592696872
1.6.0,core/src/main/java/org/apache/calcite/sql/SqlBasicCall.java,0,0,0.24416204454120208
1.6.0,core/src/main/java/org/apache/calcite/sql/SqlBinaryStringLiteral.java,0,0,0.002956842649138225
1.6.0,core/src/main/java/org/apache/calcite/sql/SqlCharStringLiteral.java,0,0,0.001304828302951289
1.6.0,core/src/main/java/org/apache/calcite/sql/SqlCollation.java,0,0,0.025889277573415637
1.6.0,core/src/main/java/org/apache/calcite/sql/SqlExplain.java,0,0,0.025089663422105852
1.6.0,core/src/main/java/org/apache/calcite/sql/SqlExplainLevel.java,0,0,2.862993330469409e-11
1.6.0,core/src/main/java/org/apache/calcite/sql/SqlFunctionalOperator.java,0,0,0.0002845713424743684
1.6.0,core/src/main/java/org/apache/calcite/sql/SqlFunctionCategory.java,0,0,0.0032059711637009137
1.6.0,core/src/main/java/org/apache/calcite/sql/SqlIntervalLiteral.java,0,0,0.033289690584530386
1.6.0,core/src/main/java/org/apache/calcite/sql/SqlNumericLiteral.java,0,0,0.251411293142096
1.6.0,core/src/main/java/org/apache/calcite/sql/SqlOperatorTable.java,0,0,8.137267558024287e-12
1.6.0,core/src/main/java/org/apache/calcite/sql/SqlOrderBy.java,0,0,0.04193764222816907
1.6.0,core/src/main/java/org/apache/calcite/sql/SqlProcedureCallOperator.java,0,0,0.045647323627567314
1.6.0,core/src/main/java/org/apache/calcite/sql/SqlSampleSpec.java,0,0,0.0032890522152070585
1.6.0,core/src/main/java/org/apache/calcite/sql/SqlSelect.java,1,1,0.9979582558273246
1.6.0,core/src/main/java/org/apache/calcite/sql/SqlSetOperator.java,1,1,0.9540195843523894
1.6.0,core/src/main/java/org/apache/calcite/sql/SqlStateCodes.java,0,0,0.0034186651707499775
1.6.0,core/src/main/java/org/apache/calcite/sql/SqlSyntax.java,0,0,1.126944386969808e-09
1.6.0,core/src/main/java/org/apache/calcite/sql2rel/DefaultValueFactory.java,0,0,4.034862693293101e-12
1.6.0,core/src/main/java/org/apache/calcite/sql2rel/ReflectiveConvertletTable.java,0,0,0.04932081426679108
1.6.0,core/src/main/java/org/apache/calcite/sql2rel/SqlNodeToRexConverter.java,0,0,2.660252526896957e-15
1.6.0,core/src/main/java/org/apache/calcite/sql2rel/SqlRexContext.java,0,0,3.8715348425636965e-12
1.6.0,core/src/main/java/org/apache/calcite/sql2rel/SqlRexConvertlet.java,0,0,1.3807398119556635e-16
1.6.0,core/src/main/java/org/apache/calcite/sql2rel/SqlRexConvertletTable.java,0,0,1.2782716259805749e-18
1.6.0,core/src/main/java/org/apache/calcite/sql2rel/SubqueryConverter.java,0,0,2.190309345525502e-09
1.6.0,core/src/main/java/org/apache/calcite/tools/Program.java,0,0,9.766525232843904e-14
1.6.0,core/src/main/java/org/apache/calcite/tools/RuleSet.java,0,0,1.2089929966856822e-10
1.6.0,core/src/main/java/org/apache/calcite/util/BarfingInvocationHandler.java,0,0,0.004410474486779439
1.6.0,core/src/main/java/org/apache/calcite/util/BasicDatetime.java,0,0,0.00022204859426150478
1.6.0,core/src/main/java/org/apache/calcite/util/Benchmark.java,0,0,0.034003832708362186
1.6.0,core/src/main/java/org/apache/calcite/util/BitString.java,0,0,0.0003900901435578489
1.6.0,core/src/main/java/org/apache/calcite/util/CalciteParserException.java,0,0,1.9737011900025274e-10
1.6.0,core/src/main/java/org/apache/calcite/util/CalciteValidatorException.java,0,0,1.9737011900025274e-10
1.6.0,core/src/main/java/org/apache/calcite/util/CastingList.java,0,0,0.011809455382892863
1.6.0,core/src/main/java/org/apache/calcite/util/CompatibleGuava11.java,0,0,0.011595917164981158
1.6.0,core/src/main/java/org/apache/calcite/util/CompositeList.java,0,0,0.03359513395237814
1.6.0,core/src/main/java/org/apache/calcite/util/CompositeMap.java,0,0,0.0010223023949577075
1.6.0,core/src/main/java/org/apache/calcite/util/CompoundClosableAllocation.java,0,0,0.002712000402922407
1.6.0,core/src/main/java/org/apache/calcite/util/ConversionUtil.java,0,0,0.007340040285407523
1.6.0,core/src/main/java/org/apache/calcite/util/DelegatingInvocationHandler.java,0,0,0.0001951809466372468
1.6.0,core/src/main/java/org/apache/calcite/util/Filterator.java,0,0,0.0006386181090267248
1.6.0,core/src/main/java/org/apache/calcite/util/IntegerIntervalSet.java,0,0,3.43900930781945e-06
1.6.0,core/src/main/java/org/apache/calcite/util/IntList.java,0,0,6.628923650864748e-10
1.6.0,core/src/main/java/org/apache/calcite/util/NlsString.java,0,0,0.00023452244275170235
1.6.0,core/src/main/java/org/apache/calcite/util/Pair.java,0,0,2.5988792516549174e-06
1.6.0,core/src/main/java/org/apache/calcite/util/PartiallyOrderedSet.java,0,0,0.002513910233677518
1.6.0,core/src/main/java/org/apache/calcite/util/Permutation.java,0,0,9.881782673938048e-06
1.6.0,core/src/main/java/org/apache/calcite/util/ReflectiveVisitDispatcher.java,0,0,9.360070566583918e-13
1.6.0,core/src/main/java/org/apache/calcite/util/SaffronProperties.java,0,0,2.2517398386441618e-05
1.6.0,core/src/main/java/org/apache/calcite/util/SerializableCharset.java,0,0,0.00017147637522579818
1.6.0,core/src/main/java/org/apache/calcite/util/StackWriter.java,0,0,1.6851293698842456e-05
1.6.0,core/src/main/java/org/apache/calcite/util/Template.java,0,0,0.024665085437103777
1.6.0,core/src/main/java/org/apache/calcite/util/UnmodifiableArrayList.java,0,0,0.00017495504690291365
1.6.0,core/src/main/java/org/apache/calcite/util/XmlOutput.java,0,0,1.729060148424534e-18
1.6.0,core/src/main/java/org/apache/calcite/adapter/enumerable/AggResetContext.java,0,0,8.538374101055948e-25
1.6.0,core/src/main/java/org/apache/calcite/adapter/enumerable/AggResultContext.java,0,0,2.4609435324973556e-14
1.6.0,core/src/main/java/org/apache/calcite/adapter/enumerable/EnumerableCollect.java,0,0,0.00019266298238559062
1.6.0,core/src/main/java/org/apache/calcite/adapter/enumerable/EnumerableCollectRule.java,0,0,6.0586566295524056e-05
1.6.0,core/src/main/java/org/apache/calcite/adapter/enumerable/EnumerableIntersect.java,1,1,0.9962476481375625
1.6.0,core/src/main/java/org/apache/calcite/adapter/enumerable/EnumerableIntersectRule.java,0,0,6.545339273395588e-05
1.6.0,core/src/main/java/org/apache/calcite/adapter/enumerable/EnumerableLimitRule.java,0,0,0.005103898989920712
1.6.0,core/src/main/java/org/apache/calcite/adapter/enumerable/EnumerableMinus.java,1,1,0.9955775088971431
1.6.0,core/src/main/java/org/apache/calcite/adapter/enumerable/EnumerableMinusRule.java,0,0,8.96015874003724e-05
1.6.0,core/src/main/java/org/apache/calcite/adapter/enumerable/EnumerableTableFunctionScanRule.java,0,0,0.00011285287864781723
1.6.0,core/src/main/java/org/apache/calcite/adapter/enumerable/EnumerableTableModify.java,1,1,0.6861159549534754
1.6.0,core/src/main/java/org/apache/calcite/adapter/enumerable/EnumerableTableModifyRule.java,0,0,0.003675616873310083
1.6.0,core/src/main/java/org/apache/calcite/adapter/enumerable/EnumerableUnion.java,1,1,0.9856707670576578
1.6.0,core/src/main/java/org/apache/calcite/adapter/enumerable/EnumerableUnionRule.java,0,0,5.98796420555928e-06
1.6.0,core/src/main/java/org/apache/calcite/adapter/enumerable/EnumerableWindowRule.java,0,0,2.4336560710824077e-08
1.6.0,core/src/main/java/org/apache/calcite/adapter/enumerable/NestedBlockBuilder.java,0,0,7.995740423636544e-12
1.6.0,core/src/main/java/org/apache/calcite/adapter/enumerable/NestedBlockBuilderImpl.java,0,0,0.0013286763691156727
1.6.0,core/src/main/java/org/apache/calcite/adapter/enumerable/NotNullImplementor.java,0,0,1.922319933115874e-18
1.6.0,core/src/main/java/org/apache/calcite/adapter/enumerable/NullPolicy.java,0,0,1.017697027604319e-06
1.6.0,core/src/main/java/org/apache/calcite/adapter/enumerable/StrictWinAggImplementor.java,0,0,0.001552575088821162
1.6.0,core/src/main/java/org/apache/calcite/adapter/enumerable/WinAggAddContext.java,0,0,3.468951900154207e-30
1.6.0,core/src/main/java/org/apache/calcite/adapter/enumerable/WinAggFrameContext.java,0,0,1.0306669748201015e-13
1.6.0,core/src/main/java/org/apache/calcite/adapter/enumerable/WinAggFrameResultContext.java,0,0,5.720407772503129e-17
1.6.0,core/src/main/java/org/apache/calcite/adapter/enumerable/WinAggResetContext.java,0,0,1.4668758527922207e-15
1.6.0,core/src/main/java/org/apache/calcite/adapter/enumerable/WinAggResultContext.java,0,0,2.190612278422337e-24
1.6.0,core/src/main/java/org/apache/calcite/adapter/java/AbstractQueryableTable.java,0,0,2.321223028418981e-05
1.6.0,core/src/main/java/org/apache/calcite/adapter/java/JavaTypeFactory.java,0,0,1.462477738841586e-16
1.6.0,core/src/main/java/org/apache/calcite/adapter/jdbc/JdbcQueryProvider.java,0,0,4.0997935543717606e-07
1.6.0,core/src/main/java/org/apache/calcite/adapter/jdbc/JdbcRel.java,0,0,6.235809226998253e-16
1.6.0,core/src/main/java/org/apache/calcite/adapter/jdbc/JdbcTableScan.java,1,0,0.0010593130124013452
1.6.0,core/src/main/java/org/apache/calcite/adapter/jdbc/JdbcToEnumerableConverterRule.java,0,0,1.9417057297753357e-07
1.6.0,core/src/main/java/org/apache/calcite/plan/hep/HepInstruction.java,0,0,0.0001885972543297875
1.6.0,core/src/main/java/org/apache/calcite/plan/hep/HepProgram.java,0,0,0.21086206520238057
1.6.0,core/src/main/java/org/apache/calcite/plan/hep/HepProgramBuilder.java,0,0,0.0006808709000039959
1.6.0,core/src/main/java/org/apache/calcite/plan/hep/HepRuleCall.java,0,1,0.9863654392533973
1.6.0,core/src/main/java/org/apache/calcite/plan/volcano/ChainedPhaseRuleMappingInitializer.java,0,0,5.317662490264277e-05
1.6.0,core/src/main/java/org/apache/calcite/plan/volcano/VolcanoCost.java,0,0,0.005365925539942292
1.6.0,core/src/main/java/org/apache/calcite/plan/volcano/VolcanoPlannerPhaseRuleMappingInitializer.java,0,0,1.71434273847779e-18
1.6.0,core/src/main/java/org/apache/calcite/rel/convert/Converter.java,0,0,6.8141597616141175e-18
1.6.0,core/src/main/java/org/apache/calcite/rel/convert/NoneConverter.java,0,0,3.0459864212907817e-06
1.6.0,core/src/main/java/org/apache/calcite/rel/convert/TraitMatchingRule.java,0,0,0.02310446172167986
1.6.0,core/src/main/java/org/apache/calcite/rel/core/Collect.java,0,0,0.00023185584206899848
1.6.0,core/src/main/java/org/apache/calcite/rel/core/Sample.java,0,0,0.014351958753808534
1.6.0,core/src/main/java/org/apache/calcite/rel/externalize/RelJsonWriter.java,0,0,0.3833796748442678
1.6.0,core/src/main/java/org/apache/calcite/rel/metadata/Metadata.java,0,0,9.900202135872178e-14
1.6.0,core/src/main/java/org/apache/calcite/rel/metadata/RelColumnOrigin.java,0,0,0.13290209127515623
1.6.0,core/src/main/java/org/apache/calcite/rel/rules/CoerceInputsRule.java,0,0,0.007562460240274208
1.6.0,core/src/main/java/org/apache/calcite/rel/rules/FilterMultiJoinMergeRule.java,0,0,0.016875169063610244
1.6.0,core/src/main/java/org/apache/calcite/rel/rules/FilterRemoveIsNotDistinctFromRule.java,0,0,0.00019089697770858767
1.6.0,core/src/main/java/org/apache/calcite/rel/rules/JoinExtractFilterRule.java,0,0,0.012991371599070087
1.6.0,core/src/main/java/org/apache/calcite/rel/rules/MultiJoinProjectTransposeRule.java,0,0,0.005193336596746284
1.6.0,core/src/main/java/org/apache/calcite/rel/rules/ProjectSetOpTransposeRule.java,0,0,0.0006174507935456847
1.6.0,core/src/main/java/org/apache/calcite/rel/rules/SemiJoinRemoveRule.java,0,0,2.5525433449966306e-06
1.6.0,core/src/main/java/org/apache/calcite/rel/rules/SortRemoveRule.java,0,0,0.03994174859203773
1.6.0,core/src/main/java/org/apache/calcite/rel/rules/TableScanRule.java,0,0,1.863368781705952e-05
1.6.0,core/src/main/java/org/apache/calcite/rel/type/RelDataTypeComparability.java,0,0,1.0311466776427293e-05
1.6.0,core/src/main/java/org/apache/calcite/rel/type/RelDataTypeFieldImpl.java,0,0,0.0791986559728615
1.6.0,core/src/main/java/org/apache/calcite/rel/type/RelProtoDataType.java,0,0,1.0002028256219442e-11
1.6.0,core/src/main/java/org/apache/calcite/rel/type/RelRecordType.java,0,0,0.029407087074971198
1.6.0,core/src/main/java/org/apache/calcite/schema/impl/AbstractTable.java,0,0,1.9826216849031764e-08
1.6.0,core/src/main/java/org/apache/calcite/schema/impl/AbstractTableQueryable.java,0,0,0.041123405714106206
1.6.0,core/src/main/java/org/apache/calcite/schema/impl/DelegatingSchema.java,0,0,0.10951343785082572
1.6.0,core/src/main/java/org/apache/calcite/schema/impl/ScalarFunctionImpl.java,0,0,0.04226355887663127
1.6.0,core/src/main/java/org/apache/calcite/schema/impl/TableMacroImpl.java,0,0,0.020310985025117585
1.6.0,core/src/main/java/org/apache/calcite/sql/advise/SqlAdvisorHint.java,0,0,1.1720940513088466e-05
1.6.0,core/src/main/java/org/apache/calcite/sql/advise/SqlSimpleParser.java,0,0,0.0022397055841949015
1.6.0,core/src/main/java/org/apache/calcite/sql/fun/SqlArrayQueryConstructor.java,0,0,2.2435832361642046e-11
1.6.0,core/src/main/java/org/apache/calcite/sql/fun/SqlArrayValueConstructor.java,0,0,2.8484676871666115e-05
1.6.0,core/src/main/java/org/apache/calcite/sql/fun/SqlCase.java,0,0,0.08687065113342064
1.6.0,core/src/main/java/org/apache/calcite/sql/fun/SqlCaseOperator.java,0,0,0.391753687580471
1.6.0,core/src/main/java/org/apache/calcite/sql/fun/SqlCoalesceFunction.java,0,0,0.02134569844798026
1.6.0,core/src/main/java/org/apache/calcite/sql/fun/SqlColumnListConstructor.java,0,0,0.004520079594383412
1.6.0,core/src/main/java/org/apache/calcite/sql/fun/SqlConvertFunction.java,0,0,0.06342479950385456
1.6.0,core/src/main/java/org/apache/calcite/sql/fun/SqlCursorConstructor.java,0,0,0.0003805211805930776
1.6.0,core/src/main/java/org/apache/calcite/sql/fun/SqlMapQueryConstructor.java,0,0,2.7178076911455736e-11
1.6.0,core/src/main/java/org/apache/calcite/sql/fun/SqlMultisetSetOperator.java,0,0,3.5895183420689272e-06
1.6.0,core/src/main/java/org/apache/calcite/sql/fun/SqlNewOperator.java,0,0,0.00016814820606361682
1.6.0,core/src/main/java/org/apache/calcite/sql/fun/SqlNullifFunction.java,0,0,0.002866223476512184
1.6.0,core/src/main/java/org/apache/calcite/sql/fun/SqlOverlayFunction.java,0,0,0.0358554205207023
1.6.0,core/src/main/java/org/apache/calcite/sql/fun/SqlPositionFunction.java,0,0,0.0002939603097732307
1.6.0,core/src/main/java/org/apache/calcite/sql/fun/SqlRowOperator.java,0,0,1.923686757548077e-05
1.6.0,core/src/main/java/org/apache/calcite/sql/parser/SqlParseException.java,0,0,0.00024601635655659946
1.6.0,core/src/main/java/org/apache/calcite/sql/parser/SqlParserImplFactory.java,0,0,2.1015842395575657e-20
1.6.0,core/src/main/java/org/apache/calcite/sql/type/AbstractSqlType.java,0,0,0.031841443264258196
1.6.0,core/src/main/java/org/apache/calcite/sql/type/CursorReturnTypeInference.java,0,0,0.03136355741893089
1.6.0,core/src/main/java/org/apache/calcite/sql/type/ExplicitOperandTypeInference.java,1,1,0.9064847006055966
1.6.0,core/src/main/java/org/apache/calcite/sql/type/ExplicitReturnTypeInference.java,0,0,0.0002183267985637907
1.6.0,core/src/main/java/org/apache/calcite/sql/type/JavaToSqlTypeConversionRules.java,0,0,4.3659006454318544e-10
1.6.0,core/src/main/java/org/apache/calcite/sql/type/MapSqlType.java,0,0,0.01110331928624192
1.6.0,core/src/main/java/org/apache/calcite/sql/type/MatchReturnTypeInference.java,0,0,0.3659414042363961
1.6.0,core/src/main/java/org/apache/calcite/sql/type/MultisetSqlType.java,0,0,0.002127797781200307
1.6.0,core/src/main/java/org/apache/calcite/sql/type/ObjectSqlType.java,0,0,0.03847250285266169
1.6.0,core/src/main/java/org/apache/calcite/sql/type/OperandsTypeChecking.java,0,0,2.881399771091548e-07
1.6.0,core/src/main/java/org/apache/calcite/sql/type/OrdinalReturnTypeInference.java,0,0,0.0008260330998058363
1.6.0,core/src/main/java/org/apache/calcite/sql/type/SqlOperandTypeInference.java,0,0,6.52105401572382e-18
1.6.0,core/src/main/java/org/apache/calcite/sql/type/SqlReturnTypeInference.java,0,0,6.29580895082623e-17
1.6.0,core/src/main/java/org/apache/calcite/sql/type/SqlReturnTypeInferenceChain.java,0,0,0.005728240088163147
1.6.0,core/src/main/java/org/apache/calcite/sql/type/SqlSingleOperandTypeChecker.java,0,0,2.6622868766830125e-25
1.6.0,core/src/main/java/org/apache/calcite/sql/type/SqlTypeAssignmentRules.java,0,0,0.002189348199523511
1.6.0,core/src/main/java/org/apache/calcite/sql/type/SqlTypeFamily.java,0,0,5.278694060979257e-19
1.6.0,core/src/main/java/org/apache/calcite/sql/type/SqlTypeTransform.java,0,0,5.772301430824918e-17
1.6.0,core/src/main/java/org/apache/calcite/sql/type/SqlTypeTransformCascade.java,0,0,0.07674550731288494
1.6.0,core/src/main/java/org/apache/calcite/sql/type/TableFunctionReturnTypeInference.java,0,0,0.06317543906282076
1.6.0,core/src/main/java/org/apache/calcite/sql/util/ListSqlOperatorTable.java,0,0,0.07032176650351855
1.6.0,core/src/main/java/org/apache/calcite/sql/util/ReflectiveSqlOperatorTable.java,0,0,0.008376726774872842
1.6.0,core/src/main/java/org/apache/calcite/sql/util/SqlBasicVisitor.java,0,0,1.2087300645751296e-06
1.6.0,core/src/main/java/org/apache/calcite/sql/util/SqlBuilder.java,0,0,1.7858021296486355e-05
1.6.0,core/src/main/java/org/apache/calcite/sql/util/SqlString.java,0,0,1.7191620386563094e-05
1.6.0,core/src/main/java/org/apache/calcite/sql/util/SqlVisitor.java,0,0,2.3261380231759077e-13
1.6.0,core/src/main/java/org/apache/calcite/sql/validate/AggFinder.java,0,1,0.7875015215882903
1.6.0,core/src/main/java/org/apache/calcite/sql/validate/AggregatingScope.java,0,0,1.5497367269825012e-23
1.6.0,core/src/main/java/org/apache/calcite/sql/validate/CollectNamespace.java,1,1,0.9941068924271369
1.6.0,core/src/main/java/org/apache/calcite/sql/validate/CollectScope.java,0,0,1.4011820036924897e-06
1.6.0,core/src/main/java/org/apache/calcite/sql/validate/DelegatingNamespace.java,1,1,0.915079427267259
1.6.0,core/src/main/java/org/apache/calcite/sql/validate/DelegatingSqlValidatorCatalogReader.java,0,0,0.008222735805855384
1.6.0,core/src/main/java/org/apache/calcite/sql/validate/DelegatingSqlValidatorTable.java,0,0,0.002782225483294667
1.6.0,core/src/main/java/org/apache/calcite/sql/validate/FieldNamespace.java,1,1,0.9950917112055933
1.6.0,core/src/main/java/org/apache/calcite/sql/validate/JoinNamespace.java,1,1,0.9998470052737432
1.6.0,core/src/main/java/org/apache/calcite/sql/validate/JoinScope.java,0,0,0.06779069393634181
1.6.0,core/src/main/java/org/apache/calcite/sql/validate/OverScope.java,0,0,0.0024289923810345455
1.6.0,core/src/main/java/org/apache/calcite/sql/validate/ParameterNamespace.java,1,1,0.9707974113049594
1.6.0,core/src/main/java/org/apache/calcite/sql/validate/SqlIdentifierMoniker.java,0,0,0.0035483507502590736
1.6.0,core/src/main/java/org/apache/calcite/sql/validate/SqlUserDefinedTableFunction.java,0,0,0.0001444616075961003
1.6.0,core/src/main/java/org/apache/calcite/sql/validate/SqlValidatorException.java,0,0,8.230121566468798e-06
1.6.0,core/src/main/java/org/apache/calcite/sql/validate/SqlValidatorWithHints.java,0,0,2.66384543090479e-16
1.6.0,core/src/main/java/org/apache/calcite/sql/validate/WithItemNamespace.java,1,1,0.9997486547684199
1.6.0,core/src/main/java/org/apache/calcite/sql/validate/WithNamespace.java,1,1,0.9946129587593846
1.6.0,core/src/main/java/org/apache/calcite/util/graph/CycleDetector.java,0,0,3.846904864701879e-05
1.6.0,core/src/main/java/org/apache/calcite/util/graph/DefaultDirectedGraph.java,0,0,0.008476248788955807
1.6.0,core/src/main/java/org/apache/calcite/util/graph/DefaultEdge.java,0,0,0.024976313526703833
1.6.0,core/src/main/java/org/apache/calcite/util/graph/DepthFirstIterator.java,0,0,0.06744501848788503
1.6.0,core/src/main/java/org/apache/calcite/util/graph/Graphs.java,0,0,3.695133200759206e-08
1.6.0,core/src/main/java/org/apache/calcite/util/graph/TopologicalOrderIterator.java,0,0,0.18253466049085473
1.6.0,core/src/main/java/org/apache/calcite/util/javac/JaninoCompiler.java,0,0,3.990736482658e-05
1.6.0,core/src/main/java/org/apache/calcite/util/javac/JavaCompilerArgs.java,0,0,0.06825095436467139
1.6.0,core/src/main/java/org/apache/calcite/util/mapping/Mapping.java,0,0,3.389067123110152e-17
1.6.0,core/src/main/java/org/apache/calcite/util/trace/CalciteLogger.java,0,0,0.4292461598609196
1.6.0,core/src/main/java/org/apache/calcite/util/trace/CalciteTimingTracer.java,0,0,0.00041958413623872606
1.6.0,core/src/main/java/org/apache/calcite/adapter/enumerable/impl/AggAddContextImpl.java,0,0,0.06919191479460667
1.6.0,core/src/main/java/org/apache/calcite/adapter/enumerable/impl/AggResetContextImpl.java,0,0,0.00443255143860826
1.6.0,core/src/main/java/org/apache/calcite/adapter/enumerable/impl/AggResultContextImpl.java,0,0,2.2695790412485171e-13
1.6.0,core/src/main/java/org/apache/calcite/adapter/enumerable/impl/WinAggResetContextImpl.java,0,0,0.04223332080865977
1.6.0,core/src/main/java/org/apache/calcite/adapter/enumerable/impl/WinAggResultContextImpl.java,0,0,0.036820319845935784
1.6.0,avatica/src/main/java/org/apache/calcite/avatica/ConnectStringParser.java,1,1,0.8550863025974991
1.6.0,mongodb/src/main/java/org/apache/calcite/adapter/mongodb/MongoMethod.java,0,0,1.042973971664262e-08
1.6.0,mongodb/src/main/java/org/apache/calcite/adapter/mongodb/MongoRel.java,0,0,2.546557256549576e-18
1.6.0,mongodb/src/main/java/org/apache/calcite/adapter/mongodb/MongoSchema.java,0,0,9.448496600821648e-05
1.6.0,mongodb/src/main/java/org/apache/calcite/adapter/mongodb/MongoSchemaFactory.java,0,0,0.03093591658490761
1.6.0,mongodb/src/main/java/org/apache/calcite/adapter/mongodb/MongoToEnumerableConverterRule.java,0,0,7.668768115767518e-05
1.6.0,plus/src/main/java/org/apache/calcite/adapter/tpcds/TpcdsSchemaFactory.java,0,0,0.010888723282866622
1.6.0,plus/src/main/java/org/apache/calcite/adapter/tpch/TpchSchema.java,0,0,2.85240405209435e-08
1.6.0,plus/src/main/java/org/apache/calcite/adapter/tpch/TpchSchemaFactory.java,0,0,0.005253741853140555
1.6.0,spark/src/main/java/org/apache/calcite/adapter/spark/EnumerableToSparkConverterRule.java,0,0,2.3523196568422186e-05
1.6.0,spark/src/main/java/org/apache/calcite/adapter/spark/JdbcToSparkConverterRule.java,0,0,7.912439336358407e-05
1.6.0,spark/src/main/java/org/apache/calcite/adapter/spark/SparkMethod.java,0,0,2.4353149857771306e-11
1.6.0,spark/src/main/java/org/apache/calcite/adapter/spark/SparkRel.java,0,0,4.296609884383119e-24
1.6.0,spark/src/main/java/org/apache/calcite/adapter/spark/SparkRuntime.java,0,0,0.0005004449331978543
1.6.0,splunk/src/main/java/org/apache/calcite/adapter/splunk/SplunkDriver.java,0,0,0.03056431486837255
1.6.0,splunk/src/main/java/org/apache/calcite/adapter/splunk/SplunkDriverVersion.java,0,0,3.106358670921421e-10
1.6.0,splunk/src/main/java/org/apache/calcite/adapter/splunk/SplunkSchema.java,0,0,3.937116161988416e-07
1.6.0,splunk/src/main/java/org/apache/calcite/adapter/splunk/SplunkTable.java,0,0,0.00997525237507299
1.6.0,splunk/src/main/java/org/apache/calcite/adapter/splunk/search/SplunkConnection.java,0,0,2.9321467085674424e-14
1.6.0,splunk/src/main/java/org/apache/calcite/adapter/splunk/search/SplunkConnectionImpl.java,0,0,5.2438092249220586e-05
1.6.0,splunk/src/main/java/org/apache/calcite/adapter/splunk/util/HttpUtils.java,0,0,2.2381089622045906e-06
1.6.0,splunk/src/main/java/org/apache/calcite/adapter/splunk/util/SocketFactoryImpl.java,0,0,9.38284646939497e-05
1.6.0,splunk/src/main/java/org/apache/calcite/adapter/splunk/util/TrustAllSslSocketFactory.java,0,0,4.5293596073987526e-08
1.6.0,linq4j/src/main/java/org/apache/calcite/linq4j/BaseQueryable.java,0,0,9.010922869418844e-06
1.6.0,linq4j/src/main/java/org/apache/calcite/linq4j/EnumerableOrderedQueryable.java,0,0,0.0025125640082443125
1.6.0,linq4j/src/main/java/org/apache/calcite/linq4j/ExtendedOrderedEnumerable.java,0,0,1.393661394636144e-24
1.6.0,linq4j/src/main/java/org/apache/calcite/linq4j/ExtendedOrderedQueryable.java,0,0,4.896788778008549e-32
1.6.0,linq4j/src/main/java/org/apache/calcite/linq4j/Extensions.java,0,0,0.0011570216873598058
1.6.0,linq4j/src/main/java/org/apache/calcite/linq4j/GroupingImpl.java,0,0,0.003582125736686479
1.6.0,linq4j/src/main/java/org/apache/calcite/linq4j/Lookup.java,0,0,2.335965995027137e-33
1.6.0,linq4j/src/main/java/org/apache/calcite/linq4j/LookupImpl.java,0,0,0.018660920374709067
1.6.0,linq4j/src/main/java/org/apache/calcite/linq4j/QueryProvider.java,0,0,1.398914226821665e-16
1.6.0,linq4j/src/main/java/org/apache/calcite/linq4j/QueryProviderImpl.java,0,0,7.179352149781643e-08
1.6.0,linq4j/src/main/java/org/apache/calcite/linq4j/RawQueryable.java,0,0,1.0268319464437692e-29
1.6.0,linq4j/src/main/java/org/apache/calcite/linq4j/tree/AbstractNode.java,0,0,0.00013271302835598408
1.6.0,linq4j/src/main/java/org/apache/calcite/linq4j/tree/ArrayLengthRecordField.java,0,0,4.070447990204336e-05
1.6.0,linq4j/src/main/java/org/apache/calcite/linq4j/tree/BinaryExpression.java,0,0,0.00012237150959147142
1.6.0,linq4j/src/main/java/org/apache/calcite/linq4j/tree/BlockBuilder.java,0,0,0.034322710894432784
1.6.0,linq4j/src/main/java/org/apache/calcite/linq4j/tree/Blocks.java,0,0,0.0007894606428599453
1.6.0,linq4j/src/main/java/org/apache/calcite/linq4j/tree/BlockStatement.java,0,0,5.441059288455965e-05
1.6.0,linq4j/src/main/java/org/apache/calcite/linq4j/tree/CatchBlock.java,0,0,0.010210820787254549
1.6.0,linq4j/src/main/java/org/apache/calcite/linq4j/tree/ClassDeclaration.java,0,0,2.7364492619771324e-05
1.6.0,linq4j/src/main/java/org/apache/calcite/linq4j/tree/ClassDeclarationFinder.java,0,0,0.01043985428107348
1.6.0,linq4j/src/main/java/org/apache/calcite/linq4j/tree/ConditionalStatement.java,0,0,0.0003241183453864804
1.6.0,linq4j/src/main/java/org/apache/calcite/linq4j/tree/ConstantUntypedNull.java,0,0,0.0001608492309204601
1.6.0,linq4j/src/main/java/org/apache/calcite/linq4j/tree/DeclarationStatement.java,0,0,1.641505003276743e-05
1.6.0,linq4j/src/main/java/org/apache/calcite/linq4j/tree/DefaultExpression.java,0,0,1.662447248601224e-07
1.6.0,linq4j/src/main/java/org/apache/calcite/linq4j/tree/DynamicExpression.java,0,0,1.662447248601224e-07
1.6.0,linq4j/src/main/java/org/apache/calcite/linq4j/tree/Expression.java,0,0,8.245369080221795e-10
1.6.0,linq4j/src/main/java/org/apache/calcite/linq4j/tree/ExpressionVisitor.java,0,0,2.573090440295279e-15
1.6.0,linq4j/src/main/java/org/apache/calcite/linq4j/tree/ExpressionWriter.java,0,0,3.8547030204866835e-07
1.6.0,linq4j/src/main/java/org/apache/calcite/linq4j/tree/FieldDeclaration.java,0,0,0.0009531491471958986
1.6.0,linq4j/src/main/java/org/apache/calcite/linq4j/tree/ForStatement.java,0,0,0.0003324127144003209
1.6.0,linq4j/src/main/java/org/apache/calcite/linq4j/tree/GotoStatement.java,0,0,1.3762110127032473e-05
1.6.0,linq4j/src/main/java/org/apache/calcite/linq4j/tree/IndexExpression.java,0,0,2.7606331731435885e-08
1.6.0,linq4j/src/main/java/org/apache/calcite/linq4j/tree/InvocationExpression.java,0,0,5.254102344835901e-07
1.6.0,linq4j/src/main/java/org/apache/calcite/linq4j/tree/LabelStatement.java,0,0,5.222280462410482e-05
1.6.0,linq4j/src/main/java/org/apache/calcite/linq4j/tree/LabelTarget.java,0,0,0.028284255380080774
1.6.0,linq4j/src/main/java/org/apache/calcite/linq4j/tree/LambdaExpression.java,0,0,1.0252596513388492e-08
1.6.0,linq4j/src/main/java/org/apache/calcite/linq4j/tree/ListInitExpression.java,0,0,4.533335501726183e-07
1.6.0,linq4j/src/main/java/org/apache/calcite/linq4j/tree/MemberExpression.java,0,0,3.0811724044796016e-06
1.6.0,linq4j/src/main/java/org/apache/calcite/linq4j/tree/MemberInitExpression.java,0,0,2.0670470927742343e-07
1.6.0,linq4j/src/main/java/org/apache/calcite/linq4j/tree/MethodCallExpression.java,0,0,2.7609123750107567e-06
1.6.0,linq4j/src/main/java/org/apache/calcite/linq4j/tree/NewArrayExpression.java,0,0,1.5629563286089554e-06
1.6.0,linq4j/src/main/java/org/apache/calcite/linq4j/tree/NewExpression.java,0,0,2.1237162550767783e-06
1.6.0,linq4j/src/main/java/org/apache/calcite/linq4j/tree/OptimizeVisitor.java,0,0,0.00310922816332321
1.6.0,linq4j/src/main/java/org/apache/calcite/linq4j/tree/ParameterExpression.java,0,0,9.064391919855301e-07
1.6.0,linq4j/src/main/java/org/apache/calcite/linq4j/tree/ReflectedPseudoField.java,0,0,0.0001457542526254405
1.6.0,linq4j/src/main/java/org/apache/calcite/linq4j/tree/Statement.java,0,0,1.1164694368388844e-05
1.6.0,linq4j/src/main/java/org/apache/calcite/linq4j/tree/SwitchStatement.java,0,0,2.3077508555298667e-07
1.6.0,linq4j/src/main/java/org/apache/calcite/linq4j/tree/TernaryExpression.java,0,0,6.902448684572069e-06
1.6.0,linq4j/src/main/java/org/apache/calcite/linq4j/tree/ThrowStatement.java,0,0,0.00019674471829916787
1.6.0,linq4j/src/main/java/org/apache/calcite/linq4j/tree/TryStatement.java,0,0,8.285570761445157e-09
1.6.0,linq4j/src/main/java/org/apache/calcite/linq4j/tree/TypeBinaryExpression.java,0,0,1.812212557501589e-05
1.6.0,linq4j/src/main/java/org/apache/calcite/linq4j/tree/UnaryExpression.java,0,0,2.5875865904707083e-05
1.6.0,linq4j/src/main/java/org/apache/calcite/linq4j/tree/WhileStatement.java,0,0,4.118419301510065e-08
1.6.0,core/src/main/java/org/apache/calcite/plan/RelImplementor.java,0,0,2.590124710317546e-09
1.6.0,core/src/main/java/org/apache/calcite/sql/SemiJoinType.java,0,0,2.290361635903177e-06
1.6.0,core/src/main/java/org/apache/calcite/adapter/enumerable/EnumerableCorrelateRule.java,0,0,0.00019920715032517946
1.6.0,core/src/main/java/org/apache/calcite/rel/rules/ProjectJoinTransposeRule.java,0,0,0.002070892396538706
1.6.0,core/src/main/java/org/apache/calcite/rel/rules/PushProjector.java,0,0,9.993559806727143e-09
1.6.0,core/src/main/java/org/apache/calcite/util/trace/CalciteTrace.java,0,0,8.514175537737383e-06
1.6.0,core/src/main/java/org/apache/calcite/plan/RelOptAbstractTable.java,0,0,0.003337442295032762
1.6.0,core/src/main/java/org/apache/calcite/rel/RelDistribution.java,0,0,0.008778768018937521
1.6.0,core/src/main/java/org/apache/calcite/rel/RelDistributions.java,0,0,0.035554212859399886
1.6.0,core/src/main/java/org/apache/calcite/rel/RelDistributionTraitDef.java,0,0,0.203055856134579
1.6.0,core/src/main/java/org/apache/calcite/rel/RelHomogeneousShuttle.java,0,0,0.00228802026563678
1.6.0,core/src/main/java/org/apache/calcite/rel/RelShuttle.java,0,0,7.491058906078135e-16
1.6.0,core/src/main/java/org/apache/calcite/rel/RelShuttleImpl.java,0,0,0.04832177357012005
1.6.0,core/src/main/java/org/apache/calcite/schema/Statistic.java,0,0,2.6607383762565404e-12
1.6.0,core/src/main/java/org/apache/calcite/schema/Statistics.java,0,0,0.04941395061727471
1.6.0,core/src/main/java/org/apache/calcite/rel/core/SortExchange.java,0,0,2.3080776605872664e-05
1.6.0,core/src/main/java/org/apache/calcite/rel/logical/LogicalExchange.java,0,0,1.3024871393147156e-06
1.6.0,core/src/main/java/org/apache/calcite/rel/rules/CalcMergeRule.java,0,0,0.00920468477825157
1.6.0,core/src/main/java/org/apache/calcite/rel/rules/CalcRemoveRule.java,0,0,0.0007400143299416159
1.6.0,core/src/main/java/org/apache/calcite/rel/rules/ReduceExpressionsRule.java,1,1,0.9999976534983137
1.6.0,piglet/src/main/java/org/apache/calcite/piglet/Ast.java,1,1,0.9993090409137187
1.6.0,piglet/src/main/java/org/apache/calcite/piglet/Handler.java,0,0,0.009464379436845399
1.6.0,core/src/main/java/org/apache/calcite/rel/rules/FilterJoinRule.java,0,1,0.966291368703202
1.6.0,core/src/main/java/org/apache/calcite/plan/RelOptRuleOperand.java,0,0,0.01382051309633571
1.6.0,core/src/main/java/org/apache/calcite/sql2rel/StandardConvertletTable.java,1,1,0.999993477450771
1.6.0,core/src/main/java/org/apache/calcite/sql/fun/SqlSequenceValueOperator.java,0,0,0.04341118134881881
1.6.0,core/src/main/java/org/apache/calcite/sql/validate/SqlValidator.java,1,1,1.0
1.6.0,core/src/main/java/org/apache/calcite/sql/validate/SqlScopedShuttle.java,0,0,0.00037392900463558034
1.6.0,core/src/main/java/org/apache/calcite/plan/RexImplicationChecker.java,1,1,0.9999754207855712
1.6.0,core/src/main/java/org/apache/calcite/plan/VisitorDataContext.java,0,0,0.21894468254209024
1.6.0,core/src/main/java/org/apache/calcite/adapter/clone/ArrayTable.java,0,0,0.01049295454002781
1.6.0,core/src/main/java/org/apache/calcite/adapter/clone/CloneSchema.java,0,0,0.0064940224746439556
1.6.0,core/src/main/java/org/apache/calcite/sql/fun/SqlGroupIdFunction.java,0,0,2.6047158970442664e-07
1.6.0,core/src/main/java/org/apache/calcite/sql/fun/SqlGroupingFunction.java,0,0,2.414996017266905e-07
1.6.0,core/src/main/java/org/apache/calcite/sql/fun/SqlGroupingIdFunction.java,0,0,2.6047158970442664e-07
1.6.0,core/src/main/java/org/apache/calcite/jdbc/JavaRecordType.java,0,0,0.009349996234743894
1.6.0,core/src/main/java/org/apache/calcite/jdbc/JavaTypeFactoryImpl.java,1,1,0.9981819328855033
1.6.0,core/src/main/java/org/apache/calcite/adapter/enumerable/EnumerableTableScan.java,1,1,0.8724648984988606
1.6.0,core/src/main/java/org/apache/calcite/adapter/java/Array.java,0,0,3.5266684639580346e-33
1.6.0,core/src/main/java/org/apache/calcite/adapter/java/Map.java,0,0,6.254336328609454e-35
1.6.0,core/src/main/java/org/apache/calcite/rel/type/RelDataTypeFactoryImpl.java,1,1,0.995637619367791
1.6.0,core/src/main/java/org/apache/calcite/sql/type/ArraySqlType.java,0,0,0.0006174759634789357
1.6.0,avatica/src/main/java/org/apache/calcite/avatica/util/ArrayImpl.java,0,0,0.06109492407259099
1.6.0,avatica/src/main/java/org/apache/calcite/avatica/util/StructImpl.java,0,0,0.00034361438157152314
1.6.0,linq4j/src/main/java/org/apache/calcite/linq4j/tree/Types.java,0,0,1.964495725933849e-06
1.6.0,core/src/main/java/org/apache/calcite/schema/Schema.java,0,0,0.19407938726262997
1.6.0,core/src/main/java/org/apache/calcite/plan/Contexts.java,0,0,6.671267739478819e-05
1.6.0,core/src/main/java/org/apache/calcite/plan/RelOptRule.java,0,0,9.561485073644325e-13
1.6.0,core/src/main/java/org/apache/calcite/tools/RelBuilderFactory.java,0,0,3.940547800382885e-18
1.6.0,core/src/main/java/org/apache/calcite/rel/rules/CalcSplitRule.java,0,0,0.00026458752055532144
1.6.0,core/src/main/java/org/apache/calcite/rel/rules/FilterAggregateTransposeRule.java,0,0,0.023971488939111104
1.6.0,core/src/main/java/org/apache/calcite/rel/rules/FilterCorrelateRule.java,0,0,0.0012043655138831283
1.6.0,core/src/main/java/org/apache/calcite/rel/rules/FilterMergeRule.java,0,0,1.1124932423292068e-06
1.6.0,core/src/main/java/org/apache/calcite/rel/rules/FilterProjectTransposeRule.java,0,1,0.7087946557193318
1.6.0,core/src/main/java/org/apache/calcite/rel/rules/FilterSetOpTransposeRule.java,0,0,0.00013769573141770712
1.6.0,core/src/main/java/org/apache/calcite/rel/rules/JoinCommuteRule.java,0,0,0.08418908966749349
1.6.0,core/src/main/java/org/apache/calcite/rel/rules/JoinProjectTransposeRule.java,0,0,0.1908107125351291
1.6.0,core/src/main/java/org/apache/calcite/rel/rules/JoinPushExpressionsRule.java,0,0,9.066741310464824e-05
1.6.0,core/src/main/java/org/apache/calcite/rel/rules/JoinPushThroughJoinRule.java,0,0,0.08656116887937652
1.6.0,core/src/main/java/org/apache/calcite/rel/rules/ProjectMultiJoinMergeRule.java,0,0,0.0034919815246585197
1.6.0,core/src/main/java/org/apache/calcite/rel/rules/ProjectSortTransposeRule.java,0,0,0.0050251848569153185
1.6.0,core/src/main/java/org/apache/calcite/rel/rules/SemiJoinProjectTransposeRule.java,0,0,0.0015588599675406363
1.6.0,core/src/main/java/org/apache/calcite/rel/rules/UnionMergeRule.java,0,0,0.0003777750018132837
1.6.0,core/src/main/java/org/apache/calcite/rel/rules/UnionToDistinctRule.java,0,0,4.850860759664865e-06
1.6.0,core/src/main/java/org/apache/calcite/tools/RelBuilder.java,1,1,1.0
1.6.0,core/src/main/java/org/apache/calcite/interpreter/Interpreter.java,0,0,1.7607508536912307e-05
1.6.0,core/src/main/java/org/apache/calcite/interpreter/TableScanNode.java,0,0,0.0007210790472516662
1.6.0,linq4j/src/main/java/org/apache/calcite/linq4j/Ord.java,0,0,2.641119400866974e-09
1.6.0,linq4j/src/main/java/org/apache/calcite/linq4j/TransformedEnumerator.java,0,0,4.291573215964035e-10
1.6.0,core/src/main/java/org/apache/calcite/sql2rel/SqlToRelConverter.java,1,1,0.9999999999999956
1.6.0,core/src/main/java/org/apache/calcite/sql/type/SqlTypeUtil.java,1,1,0.9996068095424403
1.6.0,core/src/main/java/org/apache/calcite/interpreter/Bindables.java,0,0,0.009392959894716309
1.6.0,core/src/main/java/org/apache/calcite/plan/AbstractRelOptPlanner.java,0,0,0.07907794744204927
1.6.0,core/src/main/java/org/apache/calcite/plan/ConventionTraitDef.java,1,1,0.9953631886309573
1.6.0,core/src/main/java/org/apache/calcite/rel/AbstractRelNode.java,1,1,0.9797250849006922
1.6.0,core/src/main/java/org/apache/calcite/rel/RelNode.java,0,1,0.5848927021010668
1.6.0,core/src/main/java/org/apache/calcite/rel/SingleRel.java,0,0,0.07606096295679714
1.6.0,core/src/main/java/org/apache/calcite/runtime/FlatLists.java,0,0,0.00039920760233664877
1.6.0,core/src/main/java/org/apache/calcite/sql2rel/RelDecorrelator.java,1,0,0.0031752458883243
1.6.0,core/src/main/java/org/apache/calcite/sql2rel/RelFieldTrimmer.java,0,1,0.9930497382487248
1.6.0,core/src/main/java/org/apache/calcite/util/NumberUtil.java,0,0,0.04939930206061835
1.6.0,core/src/main/java/org/apache/calcite/adapter/enumerable/EnumerableCalc.java,0,0,2.6824004409201207e-05
1.6.0,core/src/main/java/org/apache/calcite/adapter/enumerable/EnumerableFilter.java,0,0,1.1056592844489282e-08
1.6.0,core/src/main/java/org/apache/calcite/adapter/enumerable/EnumerableInterpreter.java,0,0,0.0003874357126357598
1.6.0,core/src/main/java/org/apache/calcite/adapter/enumerable/EnumerableJoin.java,0,0,0.0011781479180460687
1.6.0,core/src/main/java/org/apache/calcite/adapter/enumerable/EnumerableLimit.java,0,0,2.718708704091704e-07
1.6.0,core/src/main/java/org/apache/calcite/adapter/enumerable/EnumerableMergeJoin.java,1,1,0.8998053894380238
1.6.0,core/src/main/java/org/apache/calcite/adapter/enumerable/EnumerableProject.java,0,0,0.08558497110284798
1.6.0,core/src/main/java/org/apache/calcite/adapter/enumerable/EnumerableSemiJoin.java,0,0,0.03528305048196226
1.6.0,core/src/main/java/org/apache/calcite/adapter/enumerable/EnumerableThetaJoin.java,0,0,0.03982531447693511
1.6.0,core/src/main/java/org/apache/calcite/adapter/enumerable/EnumerableValues.java,0,0,1.2504792311514856e-05
1.6.0,core/src/main/java/org/apache/calcite/adapter/enumerable/EnumerableWindow.java,0,0,0.021313711371359297
1.6.0,core/src/main/java/org/apache/calcite/adapter/jdbc/JdbcRules.java,0,0,0.004113574247291884
1.6.0,core/src/main/java/org/apache/calcite/adapter/jdbc/JdbcToEnumerableConverter.java,0,0,0.02557745926342026
1.6.0,core/src/main/java/org/apache/calcite/plan/hep/HepPlanner.java,1,1,0.9980146773333072
1.6.0,core/src/main/java/org/apache/calcite/plan/hep/HepRelMetadataProvider.java,0,0,1.6599669720018968e-06
1.6.0,core/src/main/java/org/apache/calcite/plan/hep/HepRelVertex.java,0,0,0.00025631708408501374
1.6.0,core/src/main/java/org/apache/calcite/plan/volcano/AbstractConverter.java,0,0,3.2955489972382583e-06
1.6.0,core/src/main/java/org/apache/calcite/plan/volcano/RelSet.java,1,1,0.9208086055275757
1.6.0,core/src/main/java/org/apache/calcite/plan/volcano/RelSubset.java,0,1,0.8935787366379137
1.6.0,core/src/main/java/org/apache/calcite/plan/volcano/RuleQueue.java,0,0,8.727881991021477e-05
1.6.0,core/src/main/java/org/apache/calcite/plan/volcano/VolcanoPlanner.java,1,1,0.9999695794724404
1.6.0,core/src/main/java/org/apache/calcite/plan/volcano/VolcanoRelMetadataProvider.java,0,0,1.0784904652958886e-07
1.6.0,core/src/main/java/org/apache/calcite/rel/convert/ConverterImpl.java,0,0,0.004924808230093521
1.6.0,core/src/main/java/org/apache/calcite/rel/core/Aggregate.java,0,1,0.9995191696507756
1.6.0,core/src/main/java/org/apache/calcite/rel/core/Calc.java,0,0,1.9741215161431583e-06
1.6.0,core/src/main/java/org/apache/calcite/rel/core/Correlate.java,0,0,0.00206833374319757
1.6.0,core/src/main/java/org/apache/calcite/rel/core/Exchange.java,0,0,9.136947232819783e-05
1.6.0,core/src/main/java/org/apache/calcite/rel/core/Filter.java,0,0,0.0011115330032776987
1.6.0,core/src/main/java/org/apache/calcite/rel/core/Intersect.java,0,0,0.003000152783587176
1.6.0,core/src/main/java/org/apache/calcite/rel/core/Join.java,0,0,0.0002056638112244047
1.6.0,core/src/main/java/org/apache/calcite/rel/core/Minus.java,0,0,0.043448031929457204
1.6.0,core/src/main/java/org/apache/calcite/rel/core/Project.java,1,0,0.003410640968792591
1.6.0,core/src/main/java/org/apache/calcite/rel/core/SemiJoin.java,0,0,5.0375411575248374e-06
1.6.0,core/src/main/java/org/apache/calcite/rel/core/Sort.java,0,0,0.0005277473909504718
1.6.0,core/src/main/java/org/apache/calcite/rel/core/TableFunctionScan.java,0,0,0.0190528484734317
1.6.0,core/src/main/java/org/apache/calcite/rel/core/TableModify.java,0,0,0.016581878608351006
1.6.0,core/src/main/java/org/apache/calcite/rel/core/TableScan.java,0,0,0.06532159531547797
1.6.0,core/src/main/java/org/apache/calcite/rel/core/Union.java,0,0,0.15375502601324065
1.6.0,core/src/main/java/org/apache/calcite/rel/core/Values.java,0,0,0.04265090392987794
1.6.0,core/src/main/java/org/apache/calcite/rel/core/Window.java,0,0,0.002608297216115124
1.6.0,core/src/main/java/org/apache/calcite/rel/externalize/RelWriterImpl.java,0,0,0.010366275045529491
1.6.0,core/src/main/java/org/apache/calcite/rel/logical/LogicalCalc.java,0,0,5.897851474114724e-11
1.6.0,core/src/main/java/org/apache/calcite/rel/logical/LogicalFilter.java,0,0,7.943637059125934e-05
1.6.0,core/src/main/java/org/apache/calcite/rel/logical/LogicalProject.java,0,0,0.00020649395223038073
1.6.0,core/src/main/java/org/apache/calcite/rel/logical/LogicalTableFunctionScan.java,0,0,1.5477648997727586e-05
1.6.0,core/src/main/java/org/apache/calcite/rel/logical/LogicalValues.java,0,0,6.848232321606689e-07
1.6.0,core/src/main/java/org/apache/calcite/rel/metadata/BuiltInMetadata.java,0,0,1.950041584521564e-30
1.6.0,core/src/main/java/org/apache/calcite/rel/metadata/CachingRelMetadataProvider.java,0,1,0.5236009954329063
1.6.0,core/src/main/java/org/apache/calcite/rel/metadata/ChainedRelMetadataProvider.java,0,0,0.012256607924551998
1.6.0,core/src/main/java/org/apache/calcite/rel/metadata/CyclicMetadataException.java,0,0,8.186330281768182e-06
1.6.0,core/src/main/java/org/apache/calcite/rel/metadata/MetadataFactory.java,0,0,8.773528676756428e-18
1.6.0,core/src/main/java/org/apache/calcite/rel/metadata/MetadataFactoryImpl.java,0,0,0.007366785534658389
1.6.0,core/src/main/java/org/apache/calcite/rel/metadata/RelMdCollation.java,1,1,0.9984239265359343
1.6.0,core/src/main/java/org/apache/calcite/rel/metadata/RelMdColumnOrigins.java,0,0,0.030126130509775827
1.6.0,core/src/main/java/org/apache/calcite/rel/metadata/RelMdColumnUniqueness.java,1,0,0.39004359850360587
1.6.0,core/src/main/java/org/apache/calcite/rel/metadata/RelMdDistinctRowCount.java,0,0,0.0010503251556023099
1.6.0,core/src/main/java/org/apache/calcite/rel/metadata/RelMdDistribution.java,1,0,0.00021593225099438996
1.6.0,core/src/main/java/org/apache/calcite/rel/metadata/RelMdExplainVisibility.java,0,0,0.0007319301276867882
1.6.0,core/src/main/java/org/apache/calcite/rel/metadata/RelMdMaxRowCount.java,0,0,0.023832066895454602
1.6.0,core/src/main/java/org/apache/calcite/rel/metadata/RelMdMemory.java,0,0,0.005386265551712876
1.6.0,core/src/main/java/org/apache/calcite/rel/metadata/RelMdParallelism.java,0,0,0.0006094103987430782
1.6.0,core/src/main/java/org/apache/calcite/rel/metadata/RelMdPercentageOriginalRows.java,0,0,0.0010445014974820846
1.6.0,core/src/main/java/org/apache/calcite/rel/metadata/RelMdPopulationSize.java,0,0,0.0008935213223497536
1.6.0,core/src/main/java/org/apache/calcite/rel/metadata/RelMdPredicates.java,1,0,2.475513076103438e-06
1.6.0,core/src/main/java/org/apache/calcite/rel/metadata/RelMdRowCount.java,0,1,0.8665124052986779
1.6.0,core/src/main/java/org/apache/calcite/rel/metadata/RelMdSelectivity.java,0,0,0.02564804235125022
1.6.0,core/src/main/java/org/apache/calcite/rel/metadata/RelMdSize.java,0,0,0.0028822615548078417
1.6.0,core/src/main/java/org/apache/calcite/rel/metadata/RelMdUniqueKeys.java,0,0,0.4303457624846091
1.6.0,core/src/main/java/org/apache/calcite/rel/metadata/RelMdUtil.java,1,1,0.9999994216371283
1.6.0,core/src/main/java/org/apache/calcite/rel/metadata/RelMetadataProvider.java,0,0,3.6528232460480276e-20
1.6.0,core/src/main/java/org/apache/calcite/rel/metadata/RelMetadataQuery.java,0,0,8.898499616247066e-06
1.6.0,core/src/main/java/org/apache/calcite/rel/metadata/UnboundMetadata.java,0,0,3.006929598820309e-12
1.6.0,core/src/main/java/org/apache/calcite/rel/rules/AggregateFilterTransposeRule.java,0,0,0.0803240013675431
1.6.0,core/src/main/java/org/apache/calcite/rel/rules/AggregateJoinTransposeRule.java,1,1,0.9888678601377209
1.6.0,core/src/main/java/org/apache/calcite/rel/rules/AggregateProjectPullUpConstantsRule.java,1,0,0.4447719816118896
1.6.0,core/src/main/java/org/apache/calcite/rel/rules/AggregateRemoveRule.java,0,0,0.031079071341726838
1.6.0,core/src/main/java/org/apache/calcite/rel/rules/AggregateStarTableRule.java,0,0,0.0004728767353027069
1.6.0,core/src/main/java/org/apache/calcite/rel/rules/AggregateUnionTransposeRule.java,0,0,0.0634610481116779
1.6.0,core/src/main/java/org/apache/calcite/rel/rules/JoinPushTransitivePredicatesRule.java,0,0,0.0008263972240799147
1.6.0,core/src/main/java/org/apache/calcite/rel/rules/LoptMultiJoin.java,0,0,6.664848005686221e-10
1.6.0,core/src/main/java/org/apache/calcite/rel/rules/LoptOptimizeJoinRule.java,0,0,0.00021328511233921545
1.6.0,core/src/main/java/org/apache/calcite/rel/rules/LoptSemiJoinOptimizer.java,0,0,0.00036607195841509407
1.6.0,core/src/main/java/org/apache/calcite/rel/rules/MultiJoinOptimizeBushyRule.java,0,0,0.017439158419873486
1.6.0,core/src/main/java/org/apache/calcite/rel/rules/SortJoinTransposeRule.java,0,0,0.24079238512010626
1.6.0,core/src/main/java/org/apache/calcite/rel/rules/SortUnionTransposeRule.java,0,0,0.0009287102003772861
1.6.0,core/src/main/java/org/apache/calcite/schema/impl/StarTable.java,0,0,0.006828401655361363
1.6.0,mongodb/src/main/java/org/apache/calcite/adapter/mongodb/MongoFilter.java,0,1,0.9468902805979242
1.6.0,mongodb/src/main/java/org/apache/calcite/adapter/mongodb/MongoProject.java,0,0,0.04675124379514289
1.6.0,mongodb/src/main/java/org/apache/calcite/adapter/mongodb/MongoSort.java,0,0,0.0005848902892650447
1.6.0,mongodb/src/main/java/org/apache/calcite/adapter/mongodb/MongoTableScan.java,0,0,0.05068816249999476
1.6.0,mongodb/src/main/java/org/apache/calcite/adapter/mongodb/MongoToEnumerableConverter.java,0,0,0.11428045286619538
1.6.0,spark/src/main/java/org/apache/calcite/adapter/spark/EnumerableToSparkConverter.java,0,0,0.00020804358088396605
1.6.0,spark/src/main/java/org/apache/calcite/adapter/spark/JdbcToSparkConverter.java,0,0,0.17643414007807706
1.6.0,spark/src/main/java/org/apache/calcite/adapter/spark/SparkRules.java,0,0,0.0122608562557909
1.6.0,spark/src/main/java/org/apache/calcite/adapter/spark/SparkToEnumerableConverter.java,0,0,4.5604655812372533e-07
1.6.0,core/src/main/java/org/apache/calcite/materialize/Lattice.java,0,0,0.0031048536388471617
1.6.0,core/src/main/java/org/apache/calcite/plan/RelOptCluster.java,0,0,0.324565848508249
1.6.0,core/src/main/java/org/apache/calcite/plan/RelOptQuery.java,0,0,0.007490476333717108
1.6.0,core/src/main/java/org/apache/calcite/plan/RelOptUtil.java,1,1,0.9999998213897777
1.6.0,core/src/main/java/org/apache/calcite/plan/SubstitutionVisitor.java,0,1,0.9999999999689675
1.6.0,core/src/main/java/org/apache/calcite/prepare/Prepare.java,0,0,1.9837129363392973e-05
1.6.0,core/src/main/java/org/apache/calcite/rex/LogicVisitor.java,1,0,0.00233758379499531
1.6.0,core/src/main/java/org/apache/calcite/rex/RexBiVisitor.java,0,0,7.788002343639535e-14
1.6.0,core/src/main/java/org/apache/calcite/rex/RexBuilder.java,1,1,0.9875429715897229
1.6.0,core/src/main/java/org/apache/calcite/rex/RexCall.java,0,0,0.012311366188518042
1.6.0,core/src/main/java/org/apache/calcite/rex/RexDynamicParam.java,0,0,0.0012197931060421569
1.6.0,core/src/main/java/org/apache/calcite/rex/RexFieldAccess.java,0,0,7.62479505428218e-06
1.6.0,core/src/main/java/org/apache/calcite/rex/RexInputRef.java,0,0,4.423903272729469e-05
1.6.0,core/src/main/java/org/apache/calcite/rex/RexLiteral.java,0,0,0.000509481345346336
1.6.0,core/src/main/java/org/apache/calcite/rex/RexLocalRef.java,0,0,0.0002467616581253318
1.6.0,core/src/main/java/org/apache/calcite/rex/RexNode.java,0,0,1.2726610679410163e-07
1.6.0,core/src/main/java/org/apache/calcite/rex/RexOver.java,0,0,0.02012942216382116
1.6.0,core/src/main/java/org/apache/calcite/rex/RexProgram.java,0,0,6.301769798576413e-07
1.6.0,core/src/main/java/org/apache/calcite/rex/RexRangeRef.java,0,0,0.003229498123786569
1.6.0,core/src/main/java/org/apache/calcite/rex/RexShuttle.java,0,0,7.354737373382455e-06
1.6.0,core/src/main/java/org/apache/calcite/rex/RexSubQuery.java,0,0,0.0001566312289773174
1.6.0,core/src/main/java/org/apache/calcite/rex/RexUtil.java,1,1,0.6299520772625714
1.6.0,core/src/main/java/org/apache/calcite/rex/RexVisitor.java,0,0,1.0763469472583783e-13
1.6.0,core/src/main/java/org/apache/calcite/rex/RexVisitorImpl.java,0,0,0.0054210737397452306
1.6.0,core/src/main/java/org/apache/calcite/sql2rel/DeduplicateCorrelateVariables.java,0,0,2.570811203392722e-06
1.6.0,core/src/main/java/org/apache/calcite/sql2rel/RelStructuredTypeFlattener.java,0,0,3.148125877005181e-11
1.6.0,core/src/main/java/org/apache/calcite/util/Bug.java,0,0,2.5370925802506442e-14
1.6.0,core/src/main/java/org/apache/calcite/adapter/enumerable/EnumerableJoinRule.java,0,0,0.036791683362440285
1.6.0,core/src/main/java/org/apache/calcite/adapter/enumerable/RexImpTable.java,1,1,0.9999999999998566
1.6.0,core/src/main/java/org/apache/calcite/rel/core/CorrelationId.java,0,1,0.5032047727059445
1.6.0,core/src/main/java/org/apache/calcite/rel/core/EquiJoin.java,0,0,0.0038563033199729172
1.6.0,core/src/main/java/org/apache/calcite/rel/core/RelFactories.java,0,0,0.004858666197821596
1.6.0,core/src/main/java/org/apache/calcite/rel/externalize/RelJson.java,0,0,0.11827496434901699
1.6.0,core/src/main/java/org/apache/calcite/rel/logical/LogicalCorrelate.java,0,0,0.00013163922843643355
1.6.0,core/src/main/java/org/apache/calcite/rel/logical/LogicalJoin.java,0,0,0.0015776435834077625
1.6.0,core/src/main/java/org/apache/calcite/rel/rules/EquiJoin.java,0,0,2.7005770400006004e-09
1.6.0,core/src/main/java/org/apache/calcite/rel/rules/JoinToCorrelateRule.java,0,0,7.813046207485093e-09
1.6.0,core/src/main/java/org/apache/calcite/rel/stream/StreamRules.java,0,0,4.4680131796808644e-06
1.6.0,core/src/main/java/org/apache/calcite/sql/validate/SqlValidatorImpl.java,1,1,1.0
1.6.0,core/src/main/java/org/apache/calcite/rel/metadata/ReflectiveRelMetadataProvider.java,0,1,0.9005075187848658
1.6.0,core/src/main/java/org/apache/calcite/rel/rules/PruneEmptyRules.java,1,0,4.865137660883763e-05
1.6.0,core/src/main/java/org/apache/calcite/materialize/TileKey.java,0,0,0.004706128505653027
1.6.0,core/src/main/java/org/apache/calcite/materialize/TileSuggester.java,0,0,0.0002496279797554391
1.6.0,core/src/main/java/org/apache/calcite/rel/RelNodes.java,0,0,4.9470694017726515e-08
1.6.0,core/src/main/java/org/apache/calcite/adapter/jdbc/JdbcConvention.java,0,0,7.274617056235475e-07
1.6.0,avatica/src/main/java/org/apache/calcite/avatica/util/TimeUnit.java,0,0,0.0001548457067609577
1.6.0,core/src/main/java/org/apache/calcite/sql/SqlJoin.java,0,0,0.010141365055795505
1.6.0,core/src/main/java/org/apache/calcite/sql/SqlWriter.java,0,0,1.836732532831557e-17
1.6.0,core/src/main/java/org/apache/calcite/sql/pretty/SqlPrettyWriter.java,0,0,3.866207564306911e-15
1.6.0,core/src/main/java/org/apache/calcite/sql/SqlSetOption.java,1,1,0.9983920799992496
1.6.0,core/src/main/java/org/apache/calcite/rel/rules/LoptJoinTree.java,0,0,7.687393210173021e-06
1.6.0,avatica-server/src/main/java/org/apache/calcite/avatica/server/HttpServer.java,0,0,0.005108635059749365
1.6.0,avatica/src/main/java/org/apache/calcite/avatica/AvaticaClientRuntimeException.java,0,0,0.004851170807803879
1.6.0,avatica/src/main/java/org/apache/calcite/avatica/AvaticaSqlException.java,0,0,0.0001413571885270494
1.6.0,avatica/src/main/java/org/apache/calcite/avatica/Helper.java,0,0,0.02010587472821255
1.6.0,avatica/src/main/java/org/apache/calcite/avatica/remote/Handler.java,0,0,0.0005006449974374431
1.6.0,avatica/src/main/java/org/apache/calcite/avatica/remote/MockProtobufService.java,1,1,0.9999566515418471
1.6.0,core/src/main/java/org/apache/calcite/rex/RexChecker.java,0,0,6.688382634248487e-05
1.6.0,core/src/main/java/org/apache/calcite/schema/SchemaPlus.java,0,0,0.002176173982465419
1.6.0,core/src/main/java/org/apache/calcite/sql/SqlBinaryOperator.java,0,1,0.9155569020492077
1.6.0,core/src/main/java/org/apache/calcite/sql/SqlCall.java,1,1,0.9801084979573236
1.6.0,core/src/main/java/org/apache/calcite/sql/SqlDataTypeSpec.java,0,0,0.0004245935528126763
1.6.0,core/src/main/java/org/apache/calcite/sql/SqlDynamicParam.java,0,1,0.5056688208041537
1.6.0,core/src/main/java/org/apache/calcite/sql/SqlIdentifier.java,0,0,4.2041494739074306e-07
1.6.0,core/src/main/java/org/apache/calcite/sql/SqlIntervalQualifier.java,1,1,0.9999999999999984
1.6.0,core/src/main/java/org/apache/calcite/sql/SqlLiteral.java,1,1,0.9173170006955974
1.6.0,core/src/main/java/org/apache/calcite/sql/SqlNode.java,0,0,2.021156517236926e-06
1.6.0,core/src/main/java/org/apache/calcite/sql/SqlNodeList.java,0,0,0.042444653279612415
1.6.0,core/src/main/java/org/apache/calcite/sql/SqlOperator.java,0,0,7.524849819225027e-08
1.6.0,core/src/main/java/org/apache/calcite/sql/SqlPostfixOperator.java,0,0,0.495234579945343
1.6.0,core/src/main/java/org/apache/calcite/sql/SqlPrefixOperator.java,0,0,0.4511052777736242
1.6.0,core/src/main/java/org/apache/calcite/sql/SqlWindow.java,0,1,0.9538388217014987
1.6.0,core/src/main/java/org/apache/calcite/util/Litmus.java,0,0,3.820041372463392e-15
1.6.0,core/src/main/java/org/apache/calcite/util/Util.java,0,0,0.02919203856720567
1.6.0,core/src/main/java/org/apache/calcite/rel/logical/LogicalWindow.java,0,0,0.33629633075417115
1.6.0,core/src/main/java/org/apache/calcite/rel/rules/CalcRelSplitter.java,0,0,0.0006427155667665012
1.6.0,core/src/main/java/org/apache/calcite/sql/fun/SqlInOperator.java,0,0,0.14016024940544405
1.6.0,core/src/main/java/org/apache/calcite/sql/type/BasicSqlType.java,0,0,0.358151207423618
1.6.0,core/src/main/java/org/apache/calcite/jdbc/CalcitePreparedStatement.java,0,0,0.2800116094330878
1.6.0,core/src/main/java/org/apache/calcite/jdbc/MetadataSchema.java,0,0,4.6972996824094e-09
1.6.0,core/src/main/java/org/apache/calcite/runtime/ArrayEnumeratorCursor.java,0,0,2.8383630148020666e-06
1.6.0,core/src/main/java/org/apache/calcite/runtime/EnumeratorCursor.java,0,0,6.395787817861128e-05
1.6.0,core/src/main/java/org/apache/calcite/runtime/ObjectEnumeratorCursor.java,0,0,6.721034672986735e-05
1.6.0,core/src/main/java/org/apache/calcite/runtime/RecordEnumeratorCursor.java,0,0,0.0005697863307055724
1.6.0,core/src/main/java/org/apache/calcite/server/CalciteServer.java,0,0,7.202788129328283e-13
1.6.0,core/src/main/java/org/apache/calcite/sql/SqlDateLiteral.java,0,0,0.014635816606567563
1.6.0,core/src/main/java/org/apache/calcite/util/ZonelessDate.java,0,0,2.2031169616412017e-05
1.6.0,core/src/main/java/org/apache/calcite/util/ZonelessDatetime.java,0,0,0.003098624724458932
1.6.0,core/src/main/java/org/apache/calcite/util/ZonelessTime.java,0,0,0.0004029543824806251
1.6.0,core/src/main/java/org/apache/calcite/util/ZonelessTimestamp.java,0,0,0.030260423303762097
1.6.0,core/src/main/java/org/apache/calcite/adapter/clone/ListTable.java,0,0,0.0014925642315604662
1.6.0,core/src/main/java/org/apache/calcite/sql/parser/SqlParserUtil.java,0,0,0.002355742886241412
1.6.0,core/src/main/java/org/apache/calcite/sql/type/IntervalSqlType.java,0,0,0.05660940185929228
1.6.0,avatica/src/main/java/org/apache/calcite/avatica/AvaticaResultSetMetaData.java,0,0,0.0392100903914123
1.6.0,avatica/src/main/java/org/apache/calcite/avatica/ConnectionProperty.java,0,0,1.2594420969423395e-09
1.6.0,avatica/src/main/java/org/apache/calcite/avatica/InternalProperty.java,0,0,1.855891730876208e-13
1.6.0,avatica/src/main/java/org/apache/calcite/avatica/remote/AvaticaRemoteConnectionConfigImpl.java,0,0,1.9288898255030025e-05
1.6.0,avatica/src/main/java/org/apache/calcite/avatica/util/ArrayIteratorCursor.java,0,0,0.0030970183479050585
1.6.0,avatica/src/main/java/org/apache/calcite/avatica/util/Casing.java,0,0,0.000260544408655403
1.6.0,avatica/src/main/java/org/apache/calcite/avatica/util/ListIteratorCursor.java,0,0,0.005934875806187242
1.6.0,avatica/src/main/java/org/apache/calcite/avatica/util/MapIteratorCursor.java,0,0,0.011234091644986722
1.6.0,avatica/src/main/java/org/apache/calcite/avatica/util/PositionedCursor.java,0,0,0.05608518891027163
1.6.0,avatica/src/main/java/org/apache/calcite/avatica/util/Quoting.java,0,0,0.04345293201387365
1.6.0,avatica/src/main/java/org/apache/calcite/avatica/util/RecordIteratorCursor.java,0,0,0.04989583771265267
1.6.0,avatica/src/main/java/org/apache/calcite/avatica/util/Spacer.java,0,0,0.0012452662023650632
1.6.0,avatica/src/main/java/org/apache/calcite/avatica/util/Spaces.java,0,0,6.384364895100626e-05
1.6.0,avatica/src/main/java/org/apache/calcite/avatica/util/TimeUnitRange.java,0,0,0.00020334909990809877
1.6.0,splunk/src/main/java/org/apache/calcite/adapter/splunk/SplunkQuery.java,0,0,0.0023904936366602654
1.6.0,linq4j/src/main/java/org/apache/calcite/linq4j/AbstractEnumerable2.java,0,0,2.5900691166906356e-11
1.6.0,core/src/main/java/org/apache/calcite/rel/rules/AggregateReduceFunctionsRule.java,1,1,0.9482845536357718
1.6.0,core/src/main/java/org/apache/calcite/rel/type/RelDataTypeSystem.java,0,0,2.65698960948336e-10
1.6.0,core/src/main/java/org/apache/calcite/rel/type/RelDataTypeSystemImpl.java,0,0,0.27903399253335803
1.6.0,core/src/main/java/org/apache/calcite/rex/RexCallBinding.java,1,1,0.9620376114241495
1.6.0,core/src/main/java/org/apache/calcite/rel/BiRel.java,0,0,0.00993968014964541
1.6.0,avatica/src/main/java/org/apache/calcite/avatica/SqlType.java,0,0,2.281734935189997e-21
1.6.0,avatica/src/main/java/org/apache/calcite/avatica/AvaticaSite.java,0,0,7.756182858209942e-05
1.6.0,linq4j/src/main/java/org/apache/calcite/linq4j/CorrelateJoinType.java,0,0,9.051354307183556e-10
1.6.0,core/src/main/java/org/apache/calcite/util/TryThreadLocal.java,0,0,1.7551655985435925e-10
1.6.0,core/src/main/java/org/apache/calcite/adapter/enumerable/AggImplementor.java,0,0,1.6238134615839465e-15
1.6.0,core/src/main/java/org/apache/calcite/adapter/enumerable/EnumerableCorrelate.java,0,0,0.024483857353299786
1.6.0,core/src/main/java/org/apache/calcite/adapter/enumerable/impl/WinAggAddContextImpl.java,0,0,0.062730230086269
1.6.0,linq4j/src/main/java/org/apache/calcite/linq4j/QueryableDefaults.java,0,0,3.755769540732389e-34
1.6.0,core/src/main/java/org/apache/calcite/sql/parser/SqlParser.java,0,0,3.7379958410468305e-17
1.6.0,ubenchmark/src/main/java/org/apache/calcite/benchmarks/FlightRecorderProfiler.java,0,0,0.008613708924369348
1.6.0,ubenchmark/src/main/java/org/apache/calcite/benchmarks/ParserBenchmark.java,0,0,0.009038426992467007
1.6.0,ubenchmark/src/main/java/org/apache/calcite/benchmarks/PreconditionTest.java,0,0,0.11562442293827596
1.6.0,ubenchmark/src/main/java/org/apache/calcite/benchmarks/StatementTest.java,0,0,1.2040927972027794e-07
1.6.0,core/src/main/java/org/apache/calcite/sql/type/SqlTypeFactoryImpl.java,0,1,0.9387738848005166
1.6.0,core/src/main/java/org/apache/calcite/jdbc/CalcitePrepare.java,0,0,5.1672342847021e-12
1.6.0,core/src/main/java/org/apache/calcite/jdbc/CalciteStatement.java,1,1,0.9466973204947131
1.6.0,core/src/main/java/org/apache/calcite/tools/RelRunner.java,0,0,1.3696784623078885e-16
1.6.0,core/src/main/java/org/apache/calcite/tools/RelRunners.java,0,0,0.0025336570333865343
1.6.0,core/src/main/java/org/apache/calcite/rel/rules/JoinUnionTransposeRule.java,0,0,4.414609934975055e-05
1.6.0,core/src/main/java/org/apache/calcite/runtime/CalciteResource.java,0,0,7.535076649518467e-83
1.6.0,linq4j/src/main/java/org/apache/calcite/linq4j/tree/DeterministicCodeOptimizer.java,0,1,0.915119486245888
1.6.0,avatica/src/main/java/org/apache/calcite/avatica/DriverVersion.java,0,0,5.044878166038055e-13
1.6.0,avatica/src/main/java/org/apache/calcite/avatica/Handler.java,0,0,0.00016828151549800057
1.6.0,avatica/src/main/java/org/apache/calcite/avatica/HandlerImpl.java,0,0,7.50019143653914e-06
1.6.0,core/src/main/java/org/apache/calcite/Demo.java,0,0,0.0027355952438603472
1.6.0,core/src/main/java/org/apache/calcite/schema/Function.java,0,0,1.974705694419736e-18
1.6.0,core/src/main/java/org/apache/calcite/schema/SemiMutableSchema.java,0,0,7.551734796714352e-12
1.6.0,core/src/main/java/org/apache/calcite/schema/TableMacro.java,0,0,5.214881791507418e-21
1.6.0,core/src/main/java/org/apache/calcite/util/CancelFlag.java,0,0,1.0523632888965572e-06
1.6.0,core/src/main/java/org/apache/calcite/util/ClosableAllocation.java,0,0,5.701990925692951e-19
1.6.0,core/src/main/java/org/apache/calcite/util/ClosableAllocationOwner.java,0,0,1.856485647620065e-18
1.6.0,core/src/main/java/org/apache/calcite/util/ControlFlowException.java,0,0,0.006042197776427435
1.6.0,core/src/main/java/org/apache/calcite/util/Glossary.java,0,0,0.00024914579069381775
1.6.0,core/src/main/java/org/apache/calcite/util/Holder.java,0,0,1.1630532983259688e-05
1.6.0,core/src/main/java/org/apache/calcite/util/ReflectiveVisitor.java,0,0,5.057478685507639e-10
1.6.0,core/src/main/java/org/apache/calcite/interpreter/Node.java,0,0,8.081127298900616e-14
1.6.0,core/src/main/java/org/apache/calcite/jdbc/SqlTimeoutException.java,0,0,1.7795827131199197e-08
1.6.0,core/src/main/java/org/apache/calcite/runtime/ArrayComparator.java,0,0,0.0005187620690899321
1.6.0,core/src/main/java/org/apache/calcite/runtime/Hook.java,0,0,1.4462875752460151e-09
1.6.0,core/src/main/java/org/apache/calcite/runtime/Like.java,1,1,0.9973878800822946
1.6.0,core/src/main/java/org/apache/calcite/runtime/Typed.java,0,0,4.236081524225185e-21
1.6.0,core/src/main/java/org/apache/calcite/runtime/Unit.java,0,0,1.958853032196993e-06
1.6.0,core/src/main/java/org/apache/calcite/tools/RelConversionException.java,0,0,6.634618150267438e-06
1.6.0,core/src/main/java/org/apache/calcite/tools/ValidationException.java,0,0,7.911753061235382e-07
1.6.0,core/src/main/java/org/apache/calcite/plan/CommonRelSubExprRule.java,0,0,1.3646247660156073e-13
1.6.0,core/src/main/java/org/apache/calcite/plan/RelOptConnection.java,0,0,8.76609796094539e-16
1.6.0,core/src/main/java/org/apache/calcite/plan/RelOptCost.java,0,0,1.4352357705905648e-10
1.6.0,core/src/main/java/org/apache/calcite/plan/RelOptCostFactory.java,0,0,1.2131593314769288e-16
1.6.0,core/src/main/java/org/apache/calcite/plan/RelOptRuleOperandChildPolicy.java,0,0,3.4149047854112358e-06
1.6.0,core/src/main/java/org/apache/calcite/plan/RelOptRuleOperandChildren.java,0,0,8.312058976396936e-06
1.6.0,core/src/main/java/org/apache/calcite/plan/RelOptSamplingParameters.java,0,0,1.7266936845472673e-05
1.6.0,core/src/main/java/org/apache/calcite/plan/RelOptSchemaWithSampling.java,0,0,7.707353518211996e-24
1.6.0,core/src/main/java/org/apache/calcite/rel/InvalidRelException.java,0,0,3.11261192752266e-07
1.6.0,core/src/main/java/org/apache/calcite/rel/RelVisitor.java,0,0,0.000537345833923191
1.6.0,core/src/main/java/org/apache/calcite/rex/RexAction.java,0,0,2.6271786409474937e-14
1.6.0,core/src/main/java/org/apache/calcite/rex/RexPattern.java,0,0,4.867180764876314e-15
1.6.0,core/src/main/java/org/apache/calcite/rex/RexSqlConvertletTable.java,0,0,3.282568490145617e-19
1.6.0,core/src/main/java/org/apache/calcite/sql/SqlAccessEnum.java,0,0,1.7577093416546117e-05
1.6.0,core/src/main/java/org/apache/calcite/sql/SqlNullSemantics.java,0,0,2.809447125756544e-06
1.6.0,core/src/main/java/org/apache/calcite/sql/SqlOperandCountRange.java,0,0,3.214047932823691e-16
1.6.0,core/src/main/java/org/apache/calcite/sql/SqlValuesOperator.java,0,0,0.027940853194046926
1.6.0,core/src/main/java/org/apache/calcite/util/graph/BreadthFirstIterator.java,0,0,0.005033338117462999
1.6.0,core/src/main/java/org/apache/calcite/util/graph/DirectedGraph.java,0,0,3.440936387844284e-07
1.6.0,core/src/main/java/org/apache/calcite/util/mapping/AbstractSourceMapping.java,0,0,0.0015396560318060863
1.6.0,core/src/main/java/org/apache/calcite/util/mapping/AbstractTargetMapping.java,0,0,0.014119836575050403
1.6.0,core/src/main/java/org/apache/calcite/util/mapping/IntPair.java,0,0,1.1452251370672833e-09
1.6.0,core/src/main/java/org/apache/calcite/util/mapping/MappingType.java,0,0,5.5520594862888506e-11
1.6.0,core/src/main/java/org/apache/calcite/util/javac/JavaCompiler.java,0,0,3.221374205883419e-07
1.6.0,core/src/main/java/org/apache/calcite/adapter/enumerable/WinAggContext.java,0,0,1.6822198868469698e-12
1.6.0,core/src/main/java/org/apache/calcite/adapter/enumerable/WinAggImplementor.java,0,0,9.695372323614631e-09
1.6.0,core/src/main/java/org/apache/calcite/plan/hep/HepMatchOrder.java,0,0,7.6215107281305775e-06
1.6.0,core/src/main/java/org/apache/calcite/plan/volcano/VolcanoPlannerPhase.java,0,0,1.6807721790827454e-06
1.6.0,core/src/main/java/org/apache/calcite/rel/core/JoinRelType.java,0,0,0.030619735213771027
1.6.0,core/src/main/java/org/apache/calcite/rel/metadata/RelColumnMapping.java,0,0,1.2847921190369114e-06
1.6.0,core/src/main/java/org/apache/calcite/rel/type/RelDataTypeFamily.java,0,0,9.777933749560727e-09
1.6.0,core/src/main/java/org/apache/calcite/rel/type/RelDataTypeField.java,0,0,2.2228376779532754e-19
1.6.0,core/src/main/java/org/apache/calcite/rel/type/RelDataTypePrecedenceList.java,0,0,8.735574711454579e-13
1.6.0,core/src/main/java/org/apache/calcite/sql/pretty/SqlFormatOptions.java,0,0,0.0001735742292576769
1.6.0,core/src/main/java/org/apache/calcite/sql/type/ExtraSqlTypes.java,0,0,4.537288937435477e-16
1.6.0,core/src/main/java/org/apache/calcite/sql/validate/SqlConformance.java,0,0,1.5528500155764947e-07
1.6.0,core/src/main/java/org/apache/calcite/sql/validate/SqlMonotonicity.java,0,0,2.2369815117300966e-19
1.6.0,splunk/src/main/java/org/apache/calcite/adapter/splunk/search/SearchResultListener.java,0,0,0.011170154035070611
1.6.0,splunk/src/main/java/org/apache/calcite/adapter/splunk/util/StringUtils.java,0,0,0.00014018784539927002
1.6.0,linq4j/src/main/java/org/apache/calcite/linq4j/AbstractEnumerable.java,0,0,6.021760766370496e-05
1.6.0,linq4j/src/main/java/org/apache/calcite/linq4j/AbstractQueryable.java,0,0,2.962954155529037e-10
1.6.0,linq4j/src/main/java/org/apache/calcite/linq4j/Enumerable.java,0,0,2.93759160777672e-40
1.6.0,linq4j/src/main/java/org/apache/calcite/linq4j/Grouping.java,0,0,2.2810415778545777e-35
1.6.0,linq4j/src/main/java/org/apache/calcite/linq4j/OpType.java,0,0,1.1352793941240823e-11
1.6.0,linq4j/src/main/java/org/apache/calcite/linq4j/OrderedEnumerable.java,0,0,5.752642550642085e-26
1.6.0,linq4j/src/main/java/org/apache/calcite/linq4j/OrderedQueryable.java,0,0,1.4641566379000953e-32
1.6.0,linq4j/src/main/java/org/apache/calcite/linq4j/Queryable.java,0,0,3.582103368814961e-30
1.6.0,linq4j/src/main/java/org/apache/calcite/linq4j/RawEnumerable.java,0,0,2.757424302851436e-30
1.6.0,linq4j/src/main/java/org/apache/calcite/linq4j/function/BigDecimalFunction1.java,0,0,1.8963086302270097e-12
1.6.0,linq4j/src/main/java/org/apache/calcite/linq4j/function/Deterministic.java,0,0,1.9316686421347755e-19
1.6.0,linq4j/src/main/java/org/apache/calcite/linq4j/function/DoubleFunction1.java,0,0,2.181267828669217e-16
1.6.0,linq4j/src/main/java/org/apache/calcite/linq4j/function/EqualityComparer.java,0,0,1.2990634416889576e-10
1.6.0,linq4j/src/main/java/org/apache/calcite/linq4j/function/FloatFunction1.java,0,0,2.181267828669217e-16
1.6.0,linq4j/src/main/java/org/apache/calcite/linq4j/function/Function.java,0,0,3.023015238850036e-09
1.6.0,linq4j/src/main/java/org/apache/calcite/linq4j/function/Function0.java,0,0,3.471755820342655e-17
1.6.0,linq4j/src/main/java/org/apache/calcite/linq4j/function/Function1.java,0,0,3.1268766224810766e-17
1.6.0,linq4j/src/main/java/org/apache/calcite/linq4j/function/Function2.java,0,0,4.7721161186026415e-17
1.6.0,linq4j/src/main/java/org/apache/calcite/linq4j/function/IntegerFunction1.java,0,0,1.2270210234087155e-15
1.6.0,linq4j/src/main/java/org/apache/calcite/linq4j/function/LongFunction1.java,0,0,2.181267828669217e-16
1.6.0,linq4j/src/main/java/org/apache/calcite/linq4j/function/NonDeterministic.java,0,0,1.7213946178324723e-19
1.6.0,linq4j/src/main/java/org/apache/calcite/linq4j/function/NullableBigDecimalFunction1.java,0,0,1.1317594126126645e-12
1.6.0,linq4j/src/main/java/org/apache/calcite/linq4j/function/NullableDoubleFunction1.java,0,0,3.0102060701464314e-12
1.6.0,linq4j/src/main/java/org/apache/calcite/linq4j/function/NullableFloatFunction1.java,0,0,3.0102060701464314e-12
1.6.0,linq4j/src/main/java/org/apache/calcite/linq4j/function/NullableIntegerFunction1.java,0,0,3.0102060701464314e-12
1.6.0,linq4j/src/main/java/org/apache/calcite/linq4j/function/NullableLongFunction1.java,0,0,3.0102060701464314e-12
1.6.0,linq4j/src/main/java/org/apache/calcite/linq4j/function/Predicate1.java,0,0,1.3140974140086378e-15
1.6.0,linq4j/src/main/java/org/apache/calcite/linq4j/function/Predicate2.java,0,0,1.7337552229792599e-15
1.6.0,linq4j/src/main/java/org/apache/calcite/linq4j/tree/CallSiteBinder.java,0,0,4.881167534898134e-11
1.6.0,linq4j/src/main/java/org/apache/calcite/linq4j/tree/ElementInit.java,0,0,3.351543048559023e-08
1.6.0,linq4j/src/main/java/org/apache/calcite/linq4j/tree/Evaluator.java,0,0,0.0008854682073479665
1.6.0,linq4j/src/main/java/org/apache/calcite/linq4j/tree/ExpressionType.java,0,0,0.0073124307346553955
1.6.0,linq4j/src/main/java/org/apache/calcite/linq4j/tree/GotoExpressionKind.java,0,0,0.0002496498468611113
1.6.0,core/src/main/java/org/apache/calcite/sql/util/ChainedSqlOperatorTable.java,0,1,0.5401033856519362
1.6.0,linq4j/src/main/java/org/apache/calcite/linq4j/tree/MemberAssignment.java,0,0,6.611362130122808e-08
1.6.0,linq4j/src/main/java/org/apache/calcite/linq4j/tree/MemberBinding.java,0,0,3.3232388109244004e-08
1.6.0,linq4j/src/main/java/org/apache/calcite/linq4j/tree/MemberDeclaration.java,0,0,4.18981385114476e-08
1.6.0,linq4j/src/main/java/org/apache/calcite/linq4j/tree/MemberListBinding.java,0,0,7.574143748732176e-08
1.6.0,linq4j/src/main/java/org/apache/calcite/linq4j/tree/MemberMemberBinding.java,0,0,6.611362130122808e-08
1.6.0,linq4j/src/main/java/org/apache/calcite/linq4j/tree/Node.java,0,0,5.178615836286578e-13
1.6.0,linq4j/src/main/java/org/apache/calcite/linq4j/tree/PseudoField.java,0,0,2.599116387127323e-13
1.6.0,linq4j/src/main/java/org/apache/calcite/linq4j/tree/SwitchCase.java,0,0,2.9255141445517838e-08
1.6.0,core/src/main/java/org/apache/calcite/rel/logical/LogicalAggregate.java,0,0,3.243199031620041e-05
1.6.0,core/src/main/java/org/apache/calcite/config/Lex.java,0,0,0.00044574435934832554
1.6.0,core/src/main/java/org/apache/calcite/rel/metadata/DefaultRelMetadataProvider.java,0,0,2.460375700026576e-06
1.6.0,core/src/main/java/org/apache/calcite/rel/rules/SortProjectTransposeRule.java,1,0,0.024455367187489488
1.6.0,core/src/main/java/org/apache/calcite/sql/SqlInsert.java,0,0,0.07429938844344655
1.6.0,core/src/main/java/org/apache/calcite/sql/SqlInsertKeyword.java,0,0,1.6290983666050136e-13
1.6.0,core/src/main/java/org/apache/calcite/sql2rel/SqlNodeToRexConverterImpl.java,0,1,0.902678380911321
1.6.0,core/src/main/java/org/apache/calcite/plan/RelOptPredicateList.java,0,0,0.0002893051106899366
1.6.0,avatica/src/main/java/org/apache/calcite/avatica/AvaticaSeverity.java,0,0,8.142761252745439e-28
1.6.0,avatica/src/main/java/org/apache/calcite/avatica/remote/AvaticaRuntimeException.java,0,0,3.5494281891512216e-06
1.6.0,avatica/src/main/java/org/apache/calcite/avatica/remote/JsonHandler.java,0,0,0.04538219321834457
1.6.0,avatica/src/main/java/org/apache/calcite/avatica/remote/MockJsonService.java,0,0,0.008570126047749111
1.6.0,avatica/src/main/java/org/apache/calcite/avatica/remote/ProtobufHandler.java,0,0,0.0007076839703355134
1.6.0,core/src/main/java/org/apache/calcite/util/ImmutableNullableList.java,0,0,0.013385575833969515
1.6.0,core/src/main/java/org/apache/calcite/adapter/jdbc/JdbcTable.java,0,1,0.9787458327175952
1.6.0,core/src/main/java/org/apache/calcite/adapter/enumerable/EnumerableTableFunctionScan.java,0,0,0.11379374980882342
1.6.0,core/src/main/java/org/apache/calcite/schema/impl/TableFunctionImpl.java,0,0,0.00034942043991124716
1.6.0,spark/src/main/java/org/apache/calcite/adapter/spark/HttpServer.java,0,0,0.08033820422239808
1.6.0,core/src/main/java/org/apache/calcite/util/BitSets.java,0,0,6.345410386555291e-10
1.6.0,core/src/main/java/org/apache/calcite/sql/SqlInfixOperator.java,0,1,0.8323805833694637
1.6.0,core/src/main/java/org/apache/calcite/sql/SqlInternalOperator.java,0,0,0.4030550153725322
1.6.0,core/src/main/java/org/apache/calcite/sql/SqlSpecialOperator.java,0,1,0.5255618377125676
1.6.0,core/src/main/java/org/apache/calcite/sql/SqlUpdate.java,1,1,0.8827247007106611
1.6.0,core/src/main/java/org/apache/calcite/sql/SqlWith.java,0,1,0.8138462165021041
1.6.0,core/src/main/java/org/apache/calcite/sql/SqlWithItem.java,0,1,0.8762569943586086
1.6.0,core/src/main/java/org/apache/calcite/sql/fun/SqlExtendOperator.java,0,0,0.3287559851801195
1.6.0,core/src/main/java/org/apache/calcite/sql/fun/SqlRollupOperator.java,0,0,5.2938428090836014e-05
1.6.0,core/src/main/java/org/apache/calcite/sql/SqlSplittableAggFunction.java,1,1,0.9999999999970213
1.6.0,core/src/main/java/org/apache/calcite/rel/core/AggregateCall.java,0,0,0.0010580834418571076
1.6.0,core/src/main/java/org/apache/calcite/rex/RexCopier.java,0,0,0.01644519814114875
1.6.0,core/src/main/java/org/apache/calcite/schema/ModifiableTable.java,0,0,4.754863778449578e-10
1.6.0,core/src/main/java/org/apache/calcite/schema/ModifiableView.java,0,0,1.6596852031933752e-12
1.6.0,linq4j/src/main/java/org/apache/calcite/linq4j/tree/ConstantExpression.java,0,0,0.00020966867954276392
1.6.0,linq4j/src/main/java/org/apache/calcite/linq4j/tree/Expressions.java,0,0,0.006829499773861877
1.6.0,core/src/main/java/org/apache/calcite/rel/core/SetOp.java,0,0,0.0022589299804793065
1.6.0,core/src/main/java/org/apache/calcite/rel/metadata/NullSentinel.java,0,0,4.7074891595297245e-09
1.6.0,core/src/main/java/org/apache/calcite/rel/rel2sql/SqlImplementor.java,1,1,0.9995117100077705
1.6.0,avatica-server/src/main/java/org/apache/calcite/avatica/server/AvaticaHandler.java,0,0,6.571311345626256e-07
1.6.0,avatica-server/src/main/java/org/apache/calcite/avatica/server/AvaticaJsonHandler.java,0,1,0.8852944777984642
1.6.0,avatica-server/src/main/java/org/apache/calcite/avatica/server/AvaticaProtobufHandler.java,0,1,0.9775232257843948
1.6.0,avatica-server/src/main/java/org/apache/calcite/avatica/server/DelegatingAvaticaHandler.java,0,0,3.644993711415589e-05
1.6.0,avatica/src/main/java/org/apache/calcite/avatica/remote/AbstractHandler.java,0,1,0.6769951641171271
1.6.0,avatica/src/main/java/org/apache/calcite/avatica/remote/AbstractService.java,0,0,0.009968321616052468
1.6.0,core/src/main/java/org/apache/calcite/tools/Programs.java,0,0,2.3622681182431855e-08
1.6.0,core/src/main/java/org/apache/calcite/sql/SqlTimeLiteral.java,0,0,0.0005205295288320539
1.6.0,core/src/main/java/org/apache/calcite/sql/SqlTimestampLiteral.java,0,0,5.876962108110447e-06
1.6.0,core/src/main/java/org/apache/calcite/sql/fun/SqlBetweenOperator.java,1,1,0.9997883802235207
1.6.0,core/src/main/java/org/apache/calcite/sql/type/ComparableOperandTypeChecker.java,0,0,0.0008083161741302152
1.6.0,core/src/main/java/org/apache/calcite/jdbc/Driver.java,0,0,0.17062225820917123
1.6.0,avatica/src/main/java/org/apache/calcite/avatica/UnregisteredDriver.java,0,0,0.0002681587007482238
1.6.0,avatica/src/main/java/org/apache/calcite/avatica/util/Cursor.java,0,0,7.28545003440476e-05
1.6.0,avatica/src/main/java/org/apache/calcite/avatica/util/IteratorCursor.java,0,0,0.39124998046241016
1.6.0,linq4j/src/main/java/org/apache/calcite/linq4j/Enumerator.java,0,0,9.15912074102951e-16
1.6.0,linq4j/src/main/java/org/apache/calcite/linq4j/Linq4j.java,0,0,2.4019734884964714e-13
1.6.0,core/src/main/java/org/apache/calcite/rel/rules/ProjectWindowTransposeRule.java,0,0,0.13035057173625653
1.6.0,avatica/src/main/java/org/apache/calcite/avatica/util/AbstractCursor.java,0,0,0.22791982085116103
1.6.0,core/src/main/java/org/apache/calcite/interpreter/Sink.java,0,0,0.005846936033133784
1.6.0,core/src/main/java/org/apache/calcite/sql/validate/SelectNamespace.java,0,1,0.99586752215583
1.6.0,core/src/main/java/org/apache/calcite/sql/validate/SqlValidatorUtil.java,0,0,0.010940107956576316
1.6.0,linq4j/src/main/java/org/apache/calcite/linq4j/DelegatingEnumerator.java,0,0,3.269444291246201e-08
1.6.0,core/src/main/java/org/apache/calcite/adapter/enumerable/EnumerableSemiJoinRule.java,0,0,0.00014359331381343858
1.6.0,core/src/main/java/org/apache/calcite/rel/rules/JoinAddRedundantSemiJoinRule.java,0,0,0.014843064718260033
1.6.0,core/src/main/java/org/apache/calcite/rel/rules/SemiJoinFilterTransposeRule.java,0,0,0.0009258654033557219
1.6.0,core/src/main/java/org/apache/calcite/rel/rules/SemiJoinJoinTransposeRule.java,0,0,0.0003771309513137415
1.6.0,core/src/main/java/org/apache/calcite/sql/validate/AggChecker.java,0,0,0.2118270636990227
1.6.0,core/src/main/java/org/apache/calcite/interpreter/Source.java,0,0,3.824243504195775e-11
1.6.0,avatica/src/main/java/org/apache/calcite/avatica/BuiltInConnectionProperty.java,0,0,4.3600925385836065e-11
1.6.0,avatica/src/main/java/org/apache/calcite/avatica/ConnectionConfig.java,0,0,2.3864893079780812e-15
1.6.0,core/src/main/java/org/apache/calcite/jdbc/CalciteMetaImpl.java,0,1,0.5659810659474735
1.6.0,core/src/main/java/org/apache/calcite/rex/RexMultisetUtil.java,0,0,8.150688483066994e-07
1.6.0,core/src/main/java/org/apache/calcite/rel/externalize/RelXmlWriter.java,0,0,0.00021411789156213355
1.6.0,core/src/main/java/org/apache/calcite/rex/RexCorrelVariable.java,0,0,0.0006203394991637193
1.6.0,core/src/main/java/org/apache/calcite/sql2rel/CorrelationReferenceFinder.java,0,0,0.015074910805099977
1.6.0,avatica-server/src/main/java/org/apache/calcite/avatica/jdbc/JdbcMeta.java,1,1,0.9999999749401538
1.6.0,avatica/src/main/java/org/apache/calcite/avatica/remote/JsonService.java,0,1,0.9546392004950371
1.6.0,avatica/src/main/java/org/apache/calcite/avatica/remote/LocalService.java,0,0,0.0021501128610200487
1.6.0,avatica/src/main/java/org/apache/calcite/avatica/remote/ProtobufService.java,0,0,0.4925931689639337
1.6.0,avatica/src/main/java/org/apache/calcite/avatica/remote/ProtobufTranslationImpl.java,0,0,0.052537882691705264
1.6.0,avatica/src/main/java/org/apache/calcite/avatica/remote/RemoteMeta.java,0,0,3.48737175885257e-05
1.6.0,avatica/src/main/java/org/apache/calcite/avatica/AvaticaConnection.java,0,0,0.03622968618905637
1.6.0,avatica/src/main/java/org/apache/calcite/avatica/proto/Requests.java,0,0,9.435152653501185e-54
1.6.0,avatica/src/main/java/org/apache/calcite/avatica/proto/Responses.java,0,0,9.165470284947384e-39
1.6.0,avatica/src/main/java/org/apache/calcite/avatica/util/DateTimeUtils.java,0,0,0.05085680207230738
1.6.0,core/src/main/java/org/apache/calcite/jdbc/CachingCalciteSchema.java,1,1,0.9634981065972698
1.6.0,core/src/main/java/org/apache/calcite/jdbc/CalciteConnectionImpl.java,0,0,0.3234314752306736
1.6.0,core/src/main/java/org/apache/calcite/jdbc/CalciteRootSchema.java,0,0,1.57939162182319e-08
1.6.0,core/src/main/java/org/apache/calcite/jdbc/CalciteSchema.java,1,1,0.9802246171600154
1.6.0,core/src/main/java/org/apache/calcite/jdbc/SimpleCalciteSchema.java,0,1,0.923828982363033
1.6.0,core/src/main/java/org/apache/calcite/schema/Schemas.java,0,0,0.03884060975265807
1.6.0,core/src/main/java/org/apache/calcite/sql/SqlUnresolvedFunction.java,0,0,7.135163719178369e-05
1.6.0,core/src/main/java/org/apache/calcite/model/JsonColumn.java,0,0,3.1962201032185683e-07
1.6.0,core/src/main/java/org/apache/calcite/model/JsonCustomSchema.java,0,0,0.0059438400780532094
1.6.0,core/src/main/java/org/apache/calcite/model/JsonCustomTable.java,0,0,0.0012276076203586235
1.6.0,core/src/main/java/org/apache/calcite/model/JsonFunction.java,0,0,1.81524351704813e-07
1.6.0,core/src/main/java/org/apache/calcite/model/JsonJdbcSchema.java,0,0,0.0002515917314283826
1.6.0,core/src/main/java/org/apache/calcite/prepare/RelOptTableImpl.java,0,0,0.047163562173325894
1.6.0,core/src/main/java/org/apache/calcite/model/JsonLattice.java,0,0,0.0006175851548694851
1.6.0,core/src/main/java/org/apache/calcite/model/JsonMapSchema.java,0,0,0.17479045361058917
1.6.0,core/src/main/java/org/apache/calcite/model/JsonMeasure.java,0,0,3.825239332268361e-07
1.6.0,core/src/main/java/org/apache/calcite/model/JsonRoot.java,0,0,2.8593070161501187e-08
1.6.0,core/src/main/java/org/apache/calcite/model/JsonSchema.java,0,0,5.703112509701576e-06
1.6.0,core/src/main/java/org/apache/calcite/model/JsonStream.java,0,0,2.0057334418295428e-07
1.6.0,core/src/main/java/org/apache/calcite/model/JsonTable.java,0,0,8.003054864575171e-09
1.6.0,core/src/main/java/org/apache/calcite/model/JsonTile.java,0,0,3.8295445992243333e-07
1.6.0,core/src/main/java/org/apache/calcite/model/JsonView.java,0,0,3.0119768402810287e-05
1.6.0,core/src/main/java/org/apache/calcite/rel/rules/UnionEliminatorRule.java,0,0,0.00011563486123678937
1.6.0,core/src/main/java/org/apache/calcite/sql/parser/SqlAbstractParserImpl.java,0,0,0.0011749600527982144
1.6.0,mongodb/src/main/java/org/apache/calcite/adapter/mongodb/MongoRules.java,0,0,2.5697455170384637e-06
1.6.0,core/src/main/java/org/apache/calcite/interpreter/AggregateNode.java,1,1,0.9994878520217452
1.6.0,core/src/main/java/org/apache/calcite/interpreter/JaninoRexCompiler.java,0,0,4.073489105227173e-08
1.6.0,core/src/main/java/org/apache/calcite/interpreter/JoinNode.java,0,0,0.14804763660996287
1.6.0,core/src/main/java/org/apache/calcite/interpreter/Nodes.java,0,0,2.0153948984701244e-09
1.6.0,core/src/main/java/org/apache/calcite/interpreter/ProjectNode.java,0,0,0.0005995383578960746
1.6.0,core/src/main/java/org/apache/calcite/interpreter/ValuesNode.java,0,0,0.013098429160701178
1.6.0,core/src/main/java/org/apache/calcite/sql/SqlFilterOperator.java,0,0,0.05294439758102694
1.6.0,core/src/main/java/org/apache/calcite/sql/SqlOverOperator.java,0,0,0.002400222489947171
1.6.0,core/src/main/java/org/apache/calcite/adapter/enumerable/AggAddContext.java,0,0,1.199640645725152e-19
1.6.0,core/src/main/java/org/apache/calcite/adapter/enumerable/EnumerableAggregate.java,1,1,0.9992662499583274
1.6.0,core/src/main/java/org/apache/calcite/adapter/enumerable/EnumerableInterpreterRule.java,0,0,9.966271678649522e-06
1.6.0,core/src/main/java/org/apache/calcite/adapter/enumerable/EnumerableRel.java,0,0,2.460747528372448e-30
1.6.0,core/src/main/java/org/apache/calcite/adapter/enumerable/EnumerableRules.java,0,0,9.176359979103124e-13
1.6.0,core/src/main/java/org/apache/calcite/adapter/enumerable/EnumerableTableScanRule.java,0,0,0.0001239802981415355
1.6.0,core/src/main/java/org/apache/calcite/rel/logical/LogicalTableScan.java,0,0,1.1174862194219792e-08
1.6.0,core/src/main/java/org/apache/calcite/rel/rules/FilterTableScanRule.java,0,0,1.5385281738506525e-10
1.6.0,core/src/main/java/org/apache/calcite/rel/rules/ProjectTableScanRule.java,0,0,1.9936284790949202e-05
1.6.0,core/src/main/java/org/apache/calcite/prepare/QueryableRelBuilder.java,0,0,0.0007154916632715315
1.6.0,avatica/src/main/java/org/apache/calcite/avatica/ColumnMetaData.java,0,0,1.1904637134436628e-06
1.6.0,linq4j/src/main/java/org/apache/calcite/linq4j/DefaultEnumerable.java,0,0,7.44798733312375e-25
1.6.0,linq4j/src/main/java/org/apache/calcite/linq4j/DefaultQueryable.java,0,0,0.0004967100743517471
1.6.0,linq4j/src/main/java/org/apache/calcite/linq4j/EnumerableDefaults.java,0,0,1.2330366069100572e-10
1.6.0,linq4j/src/main/java/org/apache/calcite/linq4j/EnumerableQueryable.java,0,0,4.895968089786748e-05
1.6.0,linq4j/src/main/java/org/apache/calcite/linq4j/ExtendedEnumerable.java,0,0,0.003963682747664473
1.6.0,linq4j/src/main/java/org/apache/calcite/linq4j/ExtendedQueryable.java,0,0,1.2053005653592986e-18
1.6.0,linq4j/src/main/java/org/apache/calcite/linq4j/QueryableFactory.java,0,0,3.5558543461646486e-15
1.6.0,linq4j/src/main/java/org/apache/calcite/linq4j/QueryableRecorder.java,0,0,2.3572205234854926e-28
1.6.0,avatica/src/main/java/org/apache/calcite/avatica/util/ByteString.java,0,1,0.5310661167294634
1.6.0,core/src/main/java/org/apache/calcite/plan/RelOptMaterialization.java,0,0,1.8917793949609267e-06
1.6.0,core/src/main/java/org/apache/calcite/tools/Planner.java,0,0,2.663547465521077e-07
1.6.0,core/src/main/java/org/apache/calcite/adapter/enumerable/JavaRowFormat.java,1,1,0.697968600954505
1.6.0,avatica/src/main/java/org/apache/calcite/avatica/util/Base64.java,0,0,3.568907469585189e-25
1.6.0,core/src/main/java/org/apache/calcite/sql/SqlJdbcFunctionCall.java,0,0,3.1139017725060997e-06
1.6.0,core/src/main/java/org/apache/calcite/schema/Path.java,0,0,1.5443471621532033e-12
1.6.0,core/src/main/java/org/apache/calcite/util/Stacks.java,0,0,5.3666115371651344e-05
1.6.0,core/src/main/java/org/apache/calcite/model/ModelHandler.java,0,1,0.9926290559083344
1.6.0,avatica/src/main/java/org/apache/calcite/avatica/remote/LocalJsonService.java,0,0,0.010675849510076028
1.6.0,core/src/main/java/org/apache/calcite/rel/RelRoot.java,0,0,0.009942485527964378
1.6.0,mongodb/src/main/java/org/apache/calcite/adapter/mongodb/MongoTable.java,0,0,1.4449179802445305e-07
1.6.0,core/src/main/java/org/apache/calcite/jdbc/CalciteJdbc41Factory.java,0,0,2.0847769264424345e-08
1.6.0,core/src/main/java/org/apache/calcite/jdbc/CalciteResultSet.java,0,0,0.0024075373742126352
1.6.0,core/src/main/java/org/apache/calcite/adapter/jdbc/JdbcSchema.java,1,1,0.9917966856424502
1.6.0,avatica-server/src/main/java/org/apache/calcite/avatica/jdbc/JdbcResultSet.java,0,0,0.37705141772458683
1.6.0,avatica-server/src/main/java/org/apache/calcite/avatica/jdbc/StatementInfo.java,1,1,0.9863543598893942
1.6.0,avatica/src/main/java/org/apache/calcite/avatica/AvaticaDatabaseMetaData.java,0,0,0.029873492422127678
1.6.0,avatica/src/main/java/org/apache/calcite/avatica/AvaticaFactory.java,0,0,2.6307802055661363e-09
1.6.0,avatica/src/main/java/org/apache/calcite/avatica/AvaticaJdbc41Factory.java,0,0,2.477760387673028e-05
1.6.0,avatica/src/main/java/org/apache/calcite/avatica/AvaticaPreparedStatement.java,0,1,0.7065144072577322
1.6.0,avatica/src/main/java/org/apache/calcite/avatica/AvaticaResultSet.java,0,0,0.002733045997465338
1.6.0,avatica/src/main/java/org/apache/calcite/avatica/AvaticaStatement.java,0,0,0.3886681800832922
1.6.0,avatica/src/main/java/org/apache/calcite/avatica/MetaImpl.java,1,1,0.9999999919465375
1.6.0,avatica/src/main/java/org/apache/calcite/avatica/MissingResultsException.java,0,0,1.1344611185985622e-07
1.6.0,avatica/src/main/java/org/apache/calcite/avatica/NoSuchConnectionException.java,0,0,3.6873062323189126e-06
1.6.0,avatica/src/main/java/org/apache/calcite/avatica/NoSuchStatementException.java,0,0,8.072236837539797e-08
1.6.0,avatica/src/main/java/org/apache/calcite/avatica/QueryState.java,0,0,6.376522537071601e-07
1.6.0,avatica/src/main/java/org/apache/calcite/avatica/remote/AvaticaHttpClient.java,0,0,1.4805971511010534e-18
1.6.0,avatica/src/main/java/org/apache/calcite/avatica/remote/AvaticaHttpClientImpl.java,0,0,0.37342634447559453
1.6.0,avatica/src/main/java/org/apache/calcite/avatica/remote/Driver.java,0,1,0.5218352457183203
1.6.0,avatica/src/main/java/org/apache/calcite/avatica/remote/MetaDataOperation.java,0,0,4.55890717669306e-78
1.6.0,avatica/src/main/java/org/apache/calcite/avatica/remote/RemoteProtobufService.java,0,1,0.5252180420001495
1.6.0,avatica/src/main/java/org/apache/calcite/avatica/remote/RemoteService.java,0,0,0.00011523346863245977
1.6.0,core/src/main/java/org/apache/calcite/rel/type/RelDataType.java,0,0,0.0009906582654486602
1.6.0,core/src/main/java/org/apache/calcite/rel/type/RelDataTypeImpl.java,0,0,0.0025566410637652332
1.6.0,splunk/src/main/java/org/apache/calcite/adapter/splunk/SplunkTableScan.java,0,0,0.015907048439502792
1.6.0,core/src/main/java/org/apache/calcite/schema/FunctionParameter.java,0,0,2.4604209305605378e-12
1.6.0,core/src/main/java/org/apache/calcite/sql/SqlAsOperator.java,0,0,0.001454870790774823
1.6.0,core/src/main/java/org/apache/calcite/sql/SqlFunction.java,0,0,0.09604553546248565
1.6.0,core/src/main/java/org/apache/calcite/rex/RexProgramBuilder.java,0,0,8.199537736579036e-06
1.6.0,core/src/main/java/org/apache/calcite/util/Compatible.java,0,0,1.2252719569521885e-05
1.6.0,core/src/main/java/org/apache/calcite/util/ImmutableIntList.java,0,0,3.413678806318437e-12
1.6.0,core/src/main/java/org/apache/calcite/util/ReflectUtil.java,0,0,0.0031448844784213504
1.6.0,core/src/main/java/org/apache/calcite/sql/SqlKind.java,1,0,1.4805870557007451e-05
1.6.0,core/src/main/java/org/apache/calcite/sql/SqlMerge.java,0,0,0.2873003881523361
1.6.0,core/src/main/java/org/apache/calcite/adapter/jdbc/JdbcImplementor.java,1,0,0.06262105430093107
1.6.0,core/src/main/java/org/apache/calcite/plan/RelOptNode.java,0,0,2.476436281273905e-10
1.6.0,core/src/main/java/org/apache/calcite/schema/SchemaFactory.java,0,0,1.740405108153031e-12
1.6.0,core/src/main/java/org/apache/calcite/schema/impl/AggregateFunctionImpl.java,1,1,0.8573393905923228
1.6.0,core/src/main/java/org/apache/calcite/schema/impl/ReflectiveFunctionBase.java,1,1,0.929662410112959
1.6.0,core/src/main/java/org/apache/calcite/sql/advise/SqlAdvisorGetHintsFunction.java,0,0,4.4358393064423875e-06
1.6.0,core/src/main/java/org/apache/calcite/sql/fun/SqlArgumentAssignmentOperator.java,0,0,0.00010899267275975053
1.6.0,core/src/main/java/org/apache/calcite/sql/fun/SqlCastFunction.java,0,0,0.028390488458946192
1.6.0,core/src/main/java/org/apache/calcite/sql/fun/SqlDefaultOperator.java,0,0,0.0007707193916357773
1.6.0,core/src/main/java/org/apache/calcite/sql/fun/SqlItemOperator.java,0,0,0.0008614724810235844
1.6.0,core/src/main/java/org/apache/calcite/sql/fun/SqlLikeOperator.java,0,0,0.013379370583017953
1.6.0,core/src/main/java/org/apache/calcite/sql/fun/SqlLiteralChainOperator.java,0,0,0.03322637155989906
1.6.0,core/src/main/java/org/apache/calcite/sql/fun/SqlMapValueConstructor.java,0,0,0.00022071636972834143
1.6.0,core/src/main/java/org/apache/calcite/sql/fun/SqlMultisetMemberOfOperator.java,0,0,0.0001877446526602152
1.6.0,core/src/main/java/org/apache/calcite/sql/fun/SqlMultisetValueConstructor.java,0,0,0.0006551305627998162
1.6.0,core/src/main/java/org/apache/calcite/rel/rules/ProjectToWindowRule.java,0,0,0.17625791550290998
1.6.0,core/src/main/java/org/apache/calcite/sql/fun/SqlOverlapsOperator.java,0,0,0.0037322880212746954
1.6.0,core/src/main/java/org/apache/calcite/sql/fun/SqlQuarterFunction.java,0,0,0.027720920324461693
1.6.0,core/src/main/java/org/apache/calcite/sql/fun/SqlSubstringFunction.java,0,0,0.07632835233770748
1.6.0,core/src/main/java/org/apache/calcite/sql/fun/SqlTrimFunction.java,1,1,0.9978165002310618
1.6.0,core/src/main/java/org/apache/calcite/util/ImmutableBitSet.java,0,1,0.9999999996495528
1.6.0,core/src/main/java/org/apache/calcite/sql/type/AssignableOperandTypeChecker.java,0,1,0.6764490670478284
1.6.0,core/src/main/java/org/apache/calcite/sql/type/CompositeOperandTypeChecker.java,1,1,0.9998539616172205
1.6.0,core/src/main/java/org/apache/calcite/sql/type/FamilyOperandTypeChecker.java,0,0,0.0023654780368593336
1.6.0,core/src/main/java/org/apache/calcite/sql/type/InferTypes.java,0,0,0.008975389627510192
1.6.0,core/src/main/java/org/apache/calcite/sql/type/LiteralOperandTypeChecker.java,0,0,0.00032434104759765343
1.6.0,core/src/main/java/org/apache/calcite/sql/type/MultisetOperandTypeChecker.java,0,0,0.29670085576171734
1.6.0,core/src/main/java/org/apache/calcite/sql/type/OperandTypes.java,0,0,0.009903543432301352
1.6.0,core/src/main/java/org/apache/calcite/sql/type/SameOperandTypeChecker.java,0,0,0.004875616526429667
1.6.0,core/src/main/java/org/apache/calcite/sql/type/SetopOperandTypeChecker.java,0,0,0.0002598418195964935
1.6.0,core/src/main/java/org/apache/calcite/sql/type/SqlOperandCountRanges.java,0,0,0.0015812699972003463
1.6.0,core/src/main/java/org/apache/calcite/sql/type/SqlOperandTypeChecker.java,0,0,0.04858710677652496
1.6.0,core/src/main/java/org/apache/calcite/adapter/enumerable/AggContext.java,0,0,2.1833179903902188e-13
1.6.0,core/src/main/java/org/apache/calcite/adapter/enumerable/CallImplementor.java,0,0,6.827240096757515e-19
1.6.0,core/src/main/java/org/apache/calcite/sql/validate/SqlUserDefinedFunction.java,0,0,0.012214203180811626
1.6.0,core/src/main/java/org/apache/calcite/adapter/enumerable/JavaRelImplementor.java,0,0,4.3088581110441916e-07
1.6.0,core/src/main/java/org/apache/calcite/util/mapping/Mappings.java,0,0,0.0007467830095012198
1.6.0,core/src/main/java/org/apache/calcite/rel/type/RelDataTypeFactory.java,0,0,0.000764837744208022
1.6.0,core/src/main/java/org/apache/calcite/schema/impl/AbstractSchema.java,0,0,0.01340613626157146
1.6.0,linq4j/src/main/java/org/apache/calcite/linq4j/function/Functions.java,0,0,1.9403935606016653e-07
1.6.0,linq4j/src/main/java/org/apache/calcite/linq4j/function/Parameter.java,0,0,5.831716451182495e-47
