version,file,true_label,predicted,probability
1.7.0,linq4j/src/main/java/org/apache/calcite/linq4j/CartesianProductEnumerator.java,0,0,2.0667192418588116e-08
1.7.0,core/src/main/java/org/apache/calcite/interpreter/AbstractSingleNode.java,0,0,5.778433735668128e-10
1.7.0,core/src/main/java/org/apache/calcite/interpreter/Row.java,0,0,4.452809294781974e-05
1.7.0,core/src/main/java/org/apache/calcite/sql/SqlOperatorBinding.java,0,0,0.00022957512378208022
1.7.0,core/src/main/java/org/apache/calcite/sql/fun/SqlAbstractTimeFunction.java,0,0,0.001960590767448189
1.7.0,core/src/main/java/org/apache/calcite/sql/fun/SqlCurrentDateFunction.java,0,0,0.1421991011843964
1.7.0,core/src/main/java/org/apache/calcite/sql/fun/SqlDatetimeSubtractionOperator.java,0,0,0.0005621030970272508
1.7.0,core/src/main/java/org/apache/calcite/sql/fun/SqlExtractFunction.java,0,0,0.0250437437591841
1.7.0,core/src/main/java/org/apache/calcite/sql/fun/SqlFloorFunction.java,0,0,0.04568665907923771
1.7.0,core/src/main/java/org/apache/calcite/sql/fun/SqlMonotonicBinaryOperator.java,0,0,0.08024128672612277
1.7.0,core/src/main/java/org/apache/calcite/sql/fun/SqlMonotonicUnaryFunction.java,0,0,0.005878455855858392
1.7.0,core/src/main/java/org/apache/calcite/sql/fun/SqlStringContextVariable.java,0,0,0.007046068055608295
1.7.0,core/src/main/java/org/apache/calcite/server/CalciteServerStatement.java,0,0,0.0032475416146097954
1.7.0,core/src/main/java/org/apache/calcite/rel/rules/SemiJoinRule.java,0,1,0.6481228011557573
1.7.0,core/src/main/java/org/apache/calcite/sql/fun/SqlAbstractGroupFunction.java,0,1,0.5931837157186126
1.7.0,core/src/main/java/org/apache/calcite/sql/validate/DelegatingScope.java,0,0,0.13165784615087786
1.7.0,core/src/main/java/org/apache/calcite/interpreter/SortNode.java,1,1,0.9804325690190826
1.7.0,core/src/main/java/org/apache/calcite/plan/RelCompositeTrait.java,0,0,0.0007642708443540497
1.7.0,core/src/main/java/org/apache/calcite/plan/RelMultipleTrait.java,0,0,4.6613677122970674e-23
1.7.0,core/src/main/java/org/apache/calcite/plan/RelTrait.java,0,0,3.9798447672878723e-13
1.7.0,core/src/main/java/org/apache/calcite/plan/RelTraitDef.java,0,0,2.5910034908753803e-07
1.7.0,core/src/main/java/org/apache/calcite/rel/RelCollation.java,0,0,1.9453943524168947e-27
1.7.0,core/src/main/java/org/apache/calcite/adapter/enumerable/EnumerableCalcRule.java,0,0,3.1424091844625267e-07
1.7.0,core/src/main/java/org/apache/calcite/adapter/enumerable/EnumerableFilterToCalcRule.java,0,0,2.3775315655856348e-09
1.7.0,core/src/main/java/org/apache/calcite/adapter/enumerable/EnumerableMergeJoinRule.java,0,0,0.1294319914324255
1.7.0,core/src/main/java/org/apache/calcite/adapter/enumerable/EnumerableProjectToCalcRule.java,0,0,1.85353764144574e-07
1.7.0,core/src/main/java/org/apache/calcite/adapter/enumerable/EnumerableSort.java,0,0,0.09633589222117708
1.7.0,core/src/main/java/org/apache/calcite/adapter/enumerable/EnumerableSortRule.java,0,0,0.002339965541932292
1.7.0,core/src/main/java/org/apache/calcite/adapter/enumerable/EnumerableValuesRule.java,0,0,2.025632535783252e-05
1.7.0,core/src/main/java/org/apache/calcite/runtime/FlatLists.java,1,0,0.06717667675675154
1.7.0,core/src/main/java/org/apache/calcite/rel/core/JoinInfo.java,0,0,7.3167732350779e-06
1.7.0,core/src/main/java/org/apache/calcite/rel/logical/LogicalIntersect.java,0,0,0.09453669032301526
1.7.0,core/src/main/java/org/apache/calcite/rel/logical/LogicalMinus.java,0,0,0.029686516665694995
1.7.0,core/src/main/java/org/apache/calcite/rel/logical/LogicalSort.java,0,0,3.0435313847649263e-06
1.7.0,core/src/main/java/org/apache/calcite/rel/logical/LogicalTableModify.java,0,0,0.045293090844764655
1.7.0,core/src/main/java/org/apache/calcite/rel/logical/LogicalUnion.java,0,0,0.003547741504813491
1.7.0,core/src/main/java/org/apache/calcite/rel/rules/FilterCalcMergeRule.java,0,0,0.0022336270252373944
1.7.0,core/src/main/java/org/apache/calcite/util/BuiltInMethod.java,1,1,1.0
1.7.0,core/src/main/java/org/apache/calcite/rel/rules/FilterTableFunctionTransposeRule.java,0,0,0.06393365069433612
1.7.0,core/src/main/java/org/apache/calcite/rel/rules/FilterToCalcRule.java,0,0,7.549830204644736e-06
1.7.0,core/src/main/java/org/apache/calcite/rel/rules/ProjectCalcMergeRule.java,0,0,0.011964881783045202
1.7.0,core/src/main/java/org/apache/calcite/rel/rules/ProjectToCalcRule.java,0,0,3.3291017853521135e-05
1.7.0,core/src/main/java/org/apache/calcite/rel/rules/ReduceDecimalsRule.java,0,0,0.04527389066233349
1.7.0,core/src/main/java/org/apache/calcite/adapter/enumerable/JavaRowFormat.java,1,0,3.5666261668670245e-07
1.7.0,core/src/main/java/org/apache/calcite/adapter/enumerable/PhysTypeImpl.java,1,1,0.9999645084605366
1.7.0,core/src/main/java/org/apache/calcite/sql/util/SqlShuttle.java,0,0,0.014001806035844649
1.7.0,core/src/main/java/org/apache/calcite/util/ChunkList.java,0,1,0.6234011621826061
1.7.0,core/src/main/java/org/apache/calcite/plan/MaterializedViewSubstitutionVisitor.java,0,0,1.2293204113083368e-06
1.7.0,core/src/main/java/org/apache/calcite/interpreter/BindableConvention.java,0,0,8.271574084304723e-06
1.7.0,core/src/main/java/org/apache/calcite/interpreter/BindableRel.java,0,0,2.190182791699722e-19
1.7.0,core/src/main/java/org/apache/calcite/interpreter/Context.java,0,0,7.237396336393745e-07
1.7.0,core/src/main/java/org/apache/calcite/interpreter/FilterNode.java,0,0,0.0049599101981400075
1.7.0,core/src/main/java/org/apache/calcite/interpreter/InterpretableConvention.java,0,0,1.7565024010601738e-07
1.7.0,core/src/main/java/org/apache/calcite/interpreter/InterpretableConverter.java,0,0,0.04925804199838122
1.7.0,core/src/main/java/org/apache/calcite/interpreter/InterpretableRel.java,0,0,1.0917232951636074e-09
1.7.0,core/src/main/java/org/apache/calcite/interpreter/Interpreters.java,0,0,1.7185286233452143e-06
1.7.0,core/src/main/java/org/apache/calcite/interpreter/NoneToBindableConverterRule.java,0,0,3.8278948950709836e-05
1.7.0,core/src/main/java/org/apache/calcite/interpreter/Scalar.java,0,0,1.024201221695116e-12
1.7.0,core/src/main/java/org/apache/calcite/interpreter/UnionNode.java,0,0,0.0005376864535329526
1.7.0,core/src/main/java/org/apache/calcite/interpreter/WindowNode.java,0,0,0.00026873148335872373
1.7.0,core/src/main/java/org/apache/calcite/rex/RexExecutorImpl.java,0,0,2.7271020729550356e-10
1.7.0,core/src/main/java/org/apache/calcite/runtime/ArrayBindable.java,0,0,5.136257472755119e-21
1.7.0,core/src/main/java/org/apache/calcite/prepare/CalciteCatalogReader.java,0,0,1.932483863811512e-08
1.7.0,core/src/main/java/org/apache/calcite/adapter/enumerable/AggImpState.java,0,0,7.0786205895975676e-09
1.7.0,core/src/main/java/org/apache/calcite/adapter/enumerable/EnumerableBindable.java,0,0,0.0358104538144265
1.7.0,core/src/main/java/org/apache/calcite/adapter/enumerable/EnumerableConvention.java,0,0,0.002744359833375238
1.7.0,core/src/main/java/org/apache/calcite/runtime/SqlFunctions.java,1,1,0.996622455611811
1.7.0,core/src/main/java/org/apache/calcite/adapter/enumerable/EnumerableFilterRule.java,0,0,0.0003930191683219589
1.7.0,core/src/main/java/org/apache/calcite/adapter/enumerable/EnumerableInterpretable.java,0,0,0.06009418533911753
1.7.0,core/src/main/java/org/apache/calcite/adapter/java/ReflectiveSchema.java,0,0,0.010609798136134276
1.7.0,core/src/main/java/org/apache/calcite/rel/convert/ConverterRule.java,0,0,0.00210522750531214
1.7.0,core/src/main/java/org/apache/calcite/adapter/enumerable/EnumUtils.java,0,0,0.09162764850828396
1.7.0,core/src/main/java/org/apache/calcite/adapter/enumerable/ReflectiveCallNotNullImplementor.java,0,0,0.00292712880243272
1.7.0,core/src/main/java/org/apache/calcite/adapter/enumerable/RexToLixTranslator.java,1,1,0.9837411352247141
1.7.0,core/src/main/java/org/apache/calcite/adapter/enumerable/StrictAggImplementor.java,0,0,0.05301024062631839
1.7.0,core/src/main/java/org/apache/calcite/rel/rules/SubQueryRemoveRule.java,1,1,0.9999999988949273
1.7.0,spark/src/main/java/org/apache/calcite/adapter/spark/SparkHandlerImpl.java,0,0,0.4067016296775507
1.7.0,core/src/main/java/org/apache/calcite/sql/type/SqlTypeExplicitPrecedenceList.java,1,1,0.8585306675140407
1.7.0,core/src/main/java/org/apache/calcite/prepare/PlannerImpl.java,0,0,0.0922927487521696
1.7.0,core/src/main/java/org/apache/calcite/tools/FrameworkConfig.java,0,0,4.623170521327679e-11
1.7.0,core/src/main/java/org/apache/calcite/tools/Frameworks.java,0,0,0.00360826192356497
1.7.0,core/src/main/java/org/apache/calcite/sql/SqlFunction.java,0,0,0.30412885189364
1.7.0,core/src/main/java/org/apache/calcite/sql/SqlOperator.java,0,0,1.842539118226259e-05
1.7.0,core/src/main/java/org/apache/calcite/sql/SqlRankFunction.java,0,0,0.0007473251761751095
1.7.0,core/src/main/java/org/apache/calcite/sql/SqlUtil.java,0,0,0.1609192077156865
1.7.0,core/src/main/java/org/apache/calcite/sql/util/ReflectiveSqlOperatorTable.java,0,1,0.5198378087572973
1.7.0,mongodb/src/main/java/org/apache/calcite/adapter/mongodb/MongoAggregate.java,0,0,0.00019442177610474445
1.7.0,core/src/main/java/org/apache/calcite/adapter/jdbc/JdbcUtils.java,0,1,0.991116225298231
1.7.0,core/src/main/java/org/apache/calcite/plan/RexImplicationChecker.java,1,1,0.9996385305860486
1.7.0,core/src/main/java/org/apache/calcite/sql/SqlSelectOperator.java,1,1,0.9746028943363803
1.7.0,core/src/main/java/org/apache/calcite/rel/rel2sql/RelToSqlConverter.java,1,1,0.9998225348342934
1.7.0,core/src/main/java/org/apache/calcite/config/NullCollation.java,0,0,3.038259278514222e-18
1.7.0,core/src/main/java/org/apache/calcite/rel/RelCollationImpl.java,0,0,0.07657497652040778
1.7.0,core/src/main/java/org/apache/calcite/rel/RelCollations.java,0,0,6.328116166490758e-06
1.7.0,core/src/main/java/org/apache/calcite/rex/RexFieldCollation.java,0,0,0.02589600971996651
1.7.0,core/src/main/java/org/apache/calcite/schema/ExtensibleTable.java,0,0,4.5622189198439255e-20
1.7.0,core/src/main/java/org/apache/calcite/sql/SqlDelete.java,0,1,0.5557139344095048
1.7.0,core/src/main/java/org/apache/calcite/plan/RelTraitSet.java,0,0,0.026989144233651972
1.7.0,core/src/main/java/org/apache/calcite/materialize/MaterializationService.java,0,0,2.320909316177442e-06
1.7.0,core/src/main/java/org/apache/calcite/model/JsonMaterialization.java,0,0,2.4634966974124933e-05
1.7.0,core/src/main/java/org/apache/calcite/schema/impl/MaterializedViewTable.java,0,0,0.012462669795259947
1.7.0,linq4j/src/main/java/org/apache/calcite/linq4j/tree/Primitive.java,0,0,0.04126068669394644
1.7.0,core/src/main/java/org/apache/calcite/sql/validate/ProcedureNamespace.java,1,1,0.9970923892378359
1.7.0,core/src/main/java/org/apache/calcite/sql/validate/SqlUserDefinedTableMacro.java,0,0,0.271296753607892
1.7.0,core/src/main/java/org/apache/calcite/sql/SqlJdbcFunctionCall.java,0,0,8.992694113285982e-07
1.7.0,core/src/main/java/org/apache/calcite/sql2rel/StandardConvertletTable.java,1,1,0.9999764797406291
1.7.0,core/src/main/java/org/apache/calcite/adapter/enumerable/RexImpTable.java,1,1,0.9999999718350333
1.7.0,core/src/main/java/org/apache/calcite/sql/fun/SqlStdOperatorTable.java,1,0,0.23182460056050375
1.7.0,core/src/main/java/org/apache/calcite/sql/SqlDialect.java,0,0,3.0672845571572756e-05
1.7.0,core/src/main/java/org/apache/calcite/adapter/clone/ColumnLoader.java,0,0,5.7859880618720336e-05
1.7.0,core/src/main/java/org/apache/calcite/rel/type/RelCrossType.java,0,0,0.38367940788647026
1.7.0,core/src/main/java/org/apache/calcite/sql/SqlUnnestOperator.java,0,0,0.012233025935500592
1.7.0,mongodb/src/main/java/org/apache/calcite/adapter/mongodb/MongoEnumerator.java,0,1,0.6023123150086384
1.7.0,core/src/main/java/org/apache/calcite/adapter/enumerable/EnumerableUncollect.java,0,0,0.025944776871027683
1.7.0,core/src/main/java/org/apache/calcite/adapter/enumerable/EnumerableUncollectRule.java,0,0,1.0414701022990986e-05
1.7.0,core/src/main/java/org/apache/calcite/adapter/enumerable/PhysType.java,0,0,8.364525122053318e-10
1.7.0,core/src/main/java/org/apache/calcite/rel/core/Uncollect.java,0,0,0.0012749130935966388
1.7.0,core/src/main/java/org/apache/calcite/rel/rules/ProjectMergeRule.java,0,0,0.00017096825330352631
1.7.0,core/src/main/java/org/apache/calcite/sql/fun/SqlMultisetQueryConstructor.java,0,0,0.033794803586891554
1.7.0,core/src/main/java/org/apache/calcite/sql/validate/AbstractNamespace.java,1,1,0.973010068570837
1.7.0,core/src/main/java/org/apache/calcite/sql/validate/AliasNamespace.java,1,1,0.999885156048732
1.7.0,core/src/main/java/org/apache/calcite/sql/validate/UnnestNamespace.java,1,1,0.9992851122844135
1.7.0,core/src/main/java/org/apache/calcite/rel/rules/MultiJoin.java,0,0,0.01948529378746075
1.7.0,core/src/main/java/org/apache/calcite/rel/rules/AggregateProjectMergeRule.java,0,0,0.30626507795920804
1.7.0,core/src/main/java/org/apache/calcite/rel/rules/ProjectFilterTransposeRule.java,0,0,0.011389091002696416
1.7.0,core/src/main/java/org/apache/calcite/materialize/CachingLatticeStatisticProvider.java,0,0,0.05611894865361787
1.7.0,core/src/main/java/org/apache/calcite/plan/hep/HepRelMetadataProvider.java,0,0,0.012340588230800564
1.7.0,core/src/main/java/org/apache/calcite/plan/volcano/VolcanoRelMetadataProvider.java,0,0,0.49958104494956224
1.7.0,core/src/main/java/org/apache/calcite/rel/metadata/CachingRelMetadataProvider.java,0,1,0.8676044606784783
1.7.0,core/src/main/java/org/apache/calcite/rel/metadata/ChainedRelMetadataProvider.java,0,1,0.6655930756151095
1.7.0,core/src/main/java/org/apache/calcite/rel/metadata/JaninoRelMetadataProvider.java,1,1,0.8037951129295692
1.7.0,core/src/main/java/org/apache/calcite/rel/metadata/MetadataFactoryImpl.java,0,0,0.01629780120239119
1.7.0,core/src/main/java/org/apache/calcite/rel/metadata/ReflectiveRelMetadataProvider.java,0,1,0.7856475922984772
1.7.0,core/src/main/java/org/apache/calcite/rel/metadata/RelMetadataProvider.java,0,0,7.654409268866782e-06
1.7.0,core/src/main/java/org/apache/calcite/rel/metadata/RelMetadataQuery.java,0,1,0.9997868189669871
1.7.0,core/src/main/java/org/apache/calcite/plan/RelOptTable.java,0,0,4.477568567584705e-07
1.7.0,core/src/main/java/org/apache/calcite/prepare/CalciteMaterializer.java,0,0,0.05858001766003538
1.7.0,core/src/main/java/org/apache/calcite/prepare/LixToRelTranslator.java,0,0,0.06284619991928764
1.7.0,core/src/main/java/org/apache/calcite/rel/RelCollationTraitDef.java,1,1,0.9460000910355634
1.7.0,core/src/main/java/org/apache/calcite/rel/RelInput.java,0,0,0.09596434864729513
1.7.0,core/src/main/java/org/apache/calcite/tools/RuleSets.java,0,0,0.00012198166704999945
1.7.0,core/src/main/java/org/apache/calcite/adapter/enumerable/EnumerableProjectRule.java,0,0,0.0007129962356762763
1.7.0,core/src/main/java/org/apache/calcite/rel/externalize/RelJsonReader.java,0,1,0.6198453113396301
1.7.0,core/src/main/java/org/apache/calcite/schema/impl/ViewTable.java,0,0,0.2080740651257906
1.7.0,core/src/main/java/org/apache/calcite/util/JsonBuilder.java,0,1,0.7873734579839851
1.7.0,core/src/main/java/org/apache/calcite/materialize/DelegatingLatticeStatisticProvider.java,0,0,0.11008436814748966
1.7.0,core/src/main/java/org/apache/calcite/materialize/Lattices.java,0,0,1.3502077262331273e-05
1.7.0,core/src/main/java/org/apache/calcite/materialize/LatticeStatisticProvider.java,0,0,7.740913308081957e-19
1.7.0,core/src/main/java/org/apache/calcite/materialize/SqlLatticeStatisticProvider.java,0,0,0.35833171978173367
1.7.0,core/src/main/java/org/apache/calcite/sql/SqlAggFunction.java,0,1,0.9993509331156923
1.7.0,core/src/main/java/org/apache/calcite/sql/fun/SqlAvgAggFunction.java,0,0,0.005336172957851668
1.7.0,core/src/main/java/org/apache/calcite/sql/fun/SqlCovarAggFunction.java,0,0,0.02252862856615883
1.7.0,core/src/main/java/org/apache/calcite/sql/fun/SqlFirstLastValueAggFunction.java,0,0,0.0008042806773500843
1.7.0,core/src/main/java/org/apache/calcite/sql/fun/SqlHistogramAggFunction.java,0,0,0.16164576552967833
1.7.0,core/src/main/java/org/apache/calcite/sql/fun/SqlLeadLagAggFunction.java,0,0,0.046803244195910886
1.7.0,core/src/main/java/org/apache/calcite/sql/fun/SqlMinMaxAggFunction.java,0,0,0.047863891646063014
1.7.0,core/src/main/java/org/apache/calcite/sql/fun/SqlNtileAggFunction.java,0,0,4.5874889159159646e-05
1.7.0,core/src/main/java/org/apache/calcite/sql/fun/SqlSingleValueAggFunction.java,0,1,0.5429792273603005
1.7.0,core/src/main/java/org/apache/calcite/sql/fun/SqlSumAggFunction.java,0,1,0.8174446245114163
1.7.0,core/src/main/java/org/apache/calcite/tools/PigRelBuilder.java,0,0,0.20991107850759186
1.7.0,core/src/main/java/org/apache/calcite/config/CalciteConnectionConfig.java,0,0,4.574935722130187e-22
1.7.0,core/src/main/java/org/apache/calcite/config/CalciteConnectionConfigImpl.java,0,0,0.00680949559920457
1.7.0,core/src/main/java/org/apache/calcite/config/CalciteConnectionProperty.java,0,0,2.097698691460368e-09
1.7.0,core/src/main/java/org/apache/calcite/prepare/CalcitePrepareImpl.java,1,1,0.9625595734269928
1.7.0,core/src/main/java/org/apache/calcite/util/Util.java,0,0,0.0029418765262418795
1.7.0,core/src/main/java/org/apache/calcite/rel/rules/AggregateReduceFunctionsRule.java,0,0,0.055641723687984604
1.7.0,core/src/main/java/org/apache/calcite/sql/fun/OracleSqlOperatorTable.java,0,0,1.5399912509178148e-13
1.7.0,core/src/main/java/org/apache/calcite/sql/type/SqlTypeTransforms.java,0,0,7.443716852104894e-05
1.7.0,core/src/main/java/org/apache/calcite/sql/type/SqlTypeUtil.java,1,1,0.9995784821271372
1.7.0,core/src/main/java/org/apache/calcite/schema/StreamableTable.java,0,0,5.8218510723246494e-21
1.7.0,linq4j/src/main/java/org/apache/calcite/linq4j/PackageMarker.java,0,0,1.1448996947752742e-14
1.7.0,core/src/main/java/org/apache/calcite/rel/stream/Chi.java,0,0,3.4127280913071716e-11
1.7.0,core/src/main/java/org/apache/calcite/rel/stream/Delta.java,0,0,3.1590850845945403e-07
1.7.0,core/src/main/java/org/apache/calcite/rel/stream/LogicalChi.java,0,0,1.3908622779532873e-08
1.7.0,core/src/main/java/org/apache/calcite/rel/stream/LogicalDelta.java,0,0,1.6258397273023698e-06
1.7.0,core/src/main/java/org/apache/calcite/sql/advise/SqlAdvisorValidator.java,1,1,0.9924125713926988
1.7.0,core/src/main/java/org/apache/calcite/sql/fun/SqlCollectionTableOperator.java,0,0,2.668180526050773e-06
1.7.0,core/src/main/java/org/apache/calcite/sql/type/CompositeSingleOperandTypeChecker.java,0,0,0.12555579399393413
1.7.0,core/src/main/java/org/apache/calcite/sql/validate/IdentifierNamespace.java,1,1,0.9999651790309745
1.7.0,core/src/main/java/org/apache/calcite/sql/validate/SetopNamespace.java,1,1,0.9997065722076444
1.7.0,core/src/main/java/org/apache/calcite/sql/validate/SqlModality.java,0,0,8.24571632550763e-06
1.7.0,core/src/main/java/org/apache/calcite/sql/validate/SqlValidatorNamespace.java,1,1,0.9975198822611223
1.7.0,core/src/main/java/org/apache/calcite/sql/validate/SqlValidatorTable.java,0,0,7.074895045731019e-09
1.7.0,core/src/main/java/org/apache/calcite/sql/validate/TableConstructorNamespace.java,1,1,0.9985812463955387
1.7.0,core/src/main/java/org/apache/calcite/sql/validate/TableNamespace.java,1,1,0.9921969829106158
1.7.0,linq4j/src/main/java/org/apache/calcite/linq4j/tree/Visitor.java,0,0,1.8467833273343002e-06
1.7.0,core/src/main/java/org/apache/calcite/sql/fun/SqlCountAggFunction.java,0,1,0.6623631261474335
1.7.0,core/src/main/java/org/apache/calcite/sql/fun/SqlSumEmptyIsZeroAggFunction.java,1,1,0.8782373130949613
1.7.0,core/src/main/java/org/apache/calcite/sql/validate/SqlUserDefinedAggFunction.java,0,1,0.8057834535952916
1.7.0,core/src/main/java/org/apache/calcite/rel/rules/AggregateExpandDistinctAggregatesRule.java,1,1,0.9999715058273737
1.7.0,core/src/main/java/org/apache/calcite/rel/rules/AggregateUnionAggregateRule.java,0,0,0.021539153118768122
1.7.0,core/src/main/java/org/apache/calcite/util/Static.java,0,0,7.967231648842112e-06
1.7.0,core/src/main/java/org/apache/calcite/sql/validate/CatalogScope.java,0,0,0.0364844442568914
1.7.0,core/src/main/java/org/apache/calcite/sql/validate/EmptyScope.java,0,0,0.006569484264092368
1.7.0,core/src/main/java/org/apache/calcite/sql/validate/ListScope.java,0,1,0.651887819337285
1.7.0,core/src/main/java/org/apache/calcite/sql/validate/OrderByScope.java,0,0,0.08998982562500632
1.7.0,core/src/main/java/org/apache/calcite/sql/validate/ParameterScope.java,0,1,0.713240831449736
1.7.0,core/src/main/java/org/apache/calcite/sql/validate/SchemaNamespace.java,1,1,0.9994888133146157
1.7.0,core/src/main/java/org/apache/calcite/sql/validate/SqlMoniker.java,0,0,7.360577672356208e-09
1.7.0,core/src/main/java/org/apache/calcite/sql/validate/SqlMonikerType.java,0,0,0.00020813068982045396
1.7.0,core/src/main/java/org/apache/calcite/sql/validate/SqlValidatorCatalogReader.java,0,0,5.68979719834571e-05
1.7.0,core/src/main/java/org/apache/calcite/sql/validate/SqlValidatorScope.java,0,0,8.58781400092529e-08
1.7.0,core/src/main/java/org/apache/calcite/sql/validate/WithScope.java,1,1,0.9060505895686946
1.7.0,core/src/main/java/org/apache/calcite/rel/rules/ProjectRemoveRule.java,0,0,1.506318432039633e-06
1.7.0,avatica/core/src/main/java/org/apache/calcite/avatica/util/TimeUnit.java,0,0,0.003375865436466981
1.7.0,avatica/core/src/main/java/org/apache/calcite/avatica/util/TimeUnitRange.java,0,0,6.9879599458628595e-06
1.7.0,core/src/main/java/org/apache/calcite/rex/RexBuilder.java,1,1,0.9954670307972077
1.7.0,core/src/main/java/org/apache/calcite/util/Pair.java,0,0,1.5312472325885074e-05
1.7.0,linq4j/src/main/java/org/apache/calcite/linq4j/GroupingImpl.java,0,0,0.0003536855647253196
1.7.0,core/src/main/java/org/apache/calcite/rex/RexSlot.java,0,0,1.314984095535963e-06
1.7.0,core/src/main/java/org/apache/calcite/rel/rules/AggregateRemoveRule.java,0,0,0.08112613928868408
1.7.0,core/src/main/java/org/apache/calcite/adapter/enumerable/EnumerableAggregateRule.java,0,0,0.003097510539067781
1.7.0,core/src/main/java/org/apache/calcite/sql/fun/SqlThrowOperator.java,0,0,0.00019376452391525764
1.7.0,core/src/main/java/org/apache/calcite/sql/SqlCallBinding.java,1,1,0.9999959704162477
1.7.0,core/src/main/java/org/apache/calcite/plan/volcano/VolcanoRuleMatch.java,0,0,0.0014008235266103801
1.7.0,core/src/main/java/org/apache/calcite/plan/RelOptLattice.java,0,0,0.004516008413004042
1.7.0,core/src/main/java/org/apache/calcite/plan/Strong.java,0,0,0.08524211430738658
1.7.0,core/src/main/java/org/apache/calcite/rel/rules/JoinAssociateRule.java,0,0,0.021629276222820133
1.7.0,core/src/main/java/org/apache/calcite/rel/rules/JoinToMultiJoinRule.java,0,0,1.0574363512615823e-09
1.7.0,plus/src/main/java/org/apache/calcite/adapter/tpcds/TpcdsSchema.java,0,0,1.9108191986849147e-09
1.7.0,avatica/core/src/main/java/com/google/protobuf/HBaseZeroCopyByteString.java,0,1,0.7101442102799785
1.7.0,avatica/core/src/main/java/org/apache/calcite/avatica/AvaticaClientRuntimeException.java,0,0,0.0023064369199623565
1.7.0,avatica/core/src/main/java/org/apache/calcite/avatica/AvaticaConnection.java,0,0,0.07479038072912685
1.7.0,avatica/core/src/main/java/org/apache/calcite/avatica/AvaticaDatabaseMetaData.java,0,0,0.05042159969049371
1.7.0,avatica/core/src/main/java/org/apache/calcite/avatica/AvaticaFactory.java,0,0,6.112643602631007e-08
1.7.0,avatica/core/src/main/java/org/apache/calcite/avatica/AvaticaJdbc41Factory.java,0,0,1.6550808422469788e-05
1.7.0,avatica/core/src/main/java/org/apache/calcite/avatica/AvaticaParameter.java,0,0,0.0017092493136508635
1.7.0,avatica/core/src/main/java/org/apache/calcite/avatica/AvaticaPreparedStatement.java,0,1,0.8909670562555811
1.7.0,avatica/core/src/main/java/org/apache/calcite/avatica/AvaticaResultSet.java,0,0,0.0050322574720858115
1.7.0,avatica/core/src/main/java/org/apache/calcite/avatica/AvaticaResultSetMetaData.java,0,0,0.0725169612546196
1.7.0,avatica/core/src/main/java/org/apache/calcite/avatica/AvaticaSeverity.java,0,0,3.015680133347127e-22
1.7.0,avatica/core/src/main/java/org/apache/calcite/avatica/AvaticaSite.java,0,0,0.005794871226444016
1.7.0,avatica/core/src/main/java/org/apache/calcite/avatica/AvaticaSqlException.java,0,0,0.00037408646029881776
1.7.0,avatica/core/src/main/java/org/apache/calcite/avatica/AvaticaStatement.java,0,0,0.49524353318687303
1.7.0,avatica/core/src/main/java/org/apache/calcite/avatica/AvaticaUtils.java,0,0,5.1451571772558765e-11
1.7.0,avatica/core/src/main/java/org/apache/calcite/avatica/BuiltInConnectionProperty.java,0,0,3.8935590413221707e-10
1.7.0,avatica/core/src/main/java/org/apache/calcite/avatica/ColumnMetaData.java,0,0,3.230988313852936e-14
1.7.0,avatica/core/src/main/java/org/apache/calcite/avatica/ConnectionConfig.java,0,0,1.0511428399459433e-11
1.7.0,avatica/core/src/main/java/org/apache/calcite/avatica/ConnectionConfigImpl.java,0,0,0.0003690831184358495
1.7.0,avatica/core/src/main/java/org/apache/calcite/avatica/ConnectionPropertiesImpl.java,0,0,0.2032084832702651
1.7.0,avatica/core/src/main/java/org/apache/calcite/avatica/ConnectionProperty.java,0,0,4.976945257522376e-11
1.7.0,avatica/core/src/main/java/org/apache/calcite/avatica/ConnectStringParser.java,1,1,0.9203843536899445
1.7.0,avatica/core/src/main/java/org/apache/calcite/avatica/DriverVersion.java,0,0,2.445113514975559e-14
1.7.0,avatica/core/src/main/java/org/apache/calcite/avatica/Handler.java,0,0,6.67986339678226e-05
1.7.0,avatica/core/src/main/java/org/apache/calcite/avatica/HandlerImpl.java,0,0,3.734655695864312e-05
1.7.0,avatica/core/src/main/java/org/apache/calcite/avatica/Helper.java,0,0,0.1410811603860125
1.7.0,avatica/core/src/main/java/org/apache/calcite/avatica/InternalProperty.java,0,0,6.031238763556255e-12
1.7.0,avatica/core/src/main/java/org/apache/calcite/avatica/Meta.java,1,1,0.9999999965141662
1.7.0,avatica/core/src/main/java/org/apache/calcite/avatica/MetaImpl.java,1,1,0.9999999995073974
1.7.0,avatica/core/src/main/java/org/apache/calcite/avatica/MissingResultsException.java,0,0,2.8096363735781566e-06
1.7.0,avatica/core/src/main/java/org/apache/calcite/avatica/NoSuchConnectionException.java,0,0,8.694399621091688e-05
1.7.0,avatica/core/src/main/java/org/apache/calcite/avatica/NoSuchStatementException.java,0,0,1.8872905565964327e-06
1.7.0,avatica/core/src/main/java/org/apache/calcite/avatica/QueryState.java,0,0,2.1817360082116952e-09
1.7.0,avatica/core/src/main/java/org/apache/calcite/avatica/SqlType.java,0,0,3.915201100675778e-23
1.7.0,avatica/core/src/main/java/org/apache/calcite/avatica/UnregisteredDriver.java,0,0,1.6439751450261396e-06
1.7.0,avatica/core/src/main/java/org/apache/calcite/avatica/proto/Common.java,0,0,7.2635396509646675e-37
1.7.0,avatica/core/src/main/java/org/apache/calcite/avatica/proto/Requests.java,0,0,9.463185456918338e-38
1.7.0,avatica/core/src/main/java/org/apache/calcite/avatica/proto/Responses.java,0,0,1.4486356099062153e-22
1.7.0,avatica/core/src/main/java/org/apache/calcite/avatica/remote/AbstractHandler.java,0,0,0.32744810363174165
1.7.0,avatica/core/src/main/java/org/apache/calcite/avatica/remote/AbstractService.java,0,0,0.000941037030145276
1.7.0,avatica/core/src/main/java/org/apache/calcite/avatica/remote/AvaticaCommonsHttpClientImpl.java,0,0,0.24572222044936123
1.7.0,avatica/core/src/main/java/org/apache/calcite/avatica/remote/AvaticaHttpClient.java,0,0,9.834535298550283e-19
1.7.0,avatica/core/src/main/java/org/apache/calcite/avatica/remote/AvaticaHttpClientFactory.java,0,0,1.0057890718052912e-20
1.7.0,avatica/core/src/main/java/org/apache/calcite/avatica/remote/AvaticaHttpClientFactoryImpl.java,0,0,0.00043475162362509377
1.7.0,avatica/core/src/main/java/org/apache/calcite/avatica/remote/AvaticaHttpClientImpl.java,0,0,0.04400732538804865
1.7.0,avatica/core/src/main/java/org/apache/calcite/avatica/remote/AvaticaRemoteConnectionConfigImpl.java,0,0,2.1324561334039727e-05
1.7.0,avatica/core/src/main/java/org/apache/calcite/avatica/remote/AvaticaRemoteConnectionProperty.java,0,0,2.3661009351895033e-13
1.7.0,avatica/core/src/main/java/org/apache/calcite/avatica/remote/AvaticaRuntimeException.java,0,0,1.0003672501802962e-07
1.7.0,avatica/core/src/main/java/org/apache/calcite/avatica/remote/Driver.java,0,0,0.2829803702170611
1.7.0,avatica/core/src/main/java/org/apache/calcite/avatica/remote/Handler.java,0,0,0.00016705848037404177
1.7.0,avatica/core/src/main/java/org/apache/calcite/avatica/remote/JsonHandler.java,0,0,0.23469131719870837
1.7.0,avatica/core/src/main/java/org/apache/calcite/avatica/remote/JsonService.java,0,1,0.8285840797368272
1.7.0,avatica/core/src/main/java/org/apache/calcite/avatica/remote/LocalJsonService.java,0,0,0.0018309331663958132
1.7.0,avatica/core/src/main/java/org/apache/calcite/avatica/remote/LocalProtobufService.java,0,0,0.05080870073323214
1.7.0,avatica/core/src/main/java/org/apache/calcite/avatica/remote/LocalService.java,0,0,3.454300650354135e-05
1.7.0,avatica/core/src/main/java/org/apache/calcite/avatica/remote/MetaDataOperation.java,0,0,9.303966318662948e-32
1.7.0,avatica/core/src/main/java/org/apache/calcite/avatica/remote/MetricsHelper.java,0,0,0.002009437892858733
1.7.0,avatica/core/src/main/java/org/apache/calcite/avatica/remote/MockJsonService.java,0,0,0.00014571021854505256
1.7.0,avatica/core/src/main/java/org/apache/calcite/avatica/remote/MockProtobufService.java,1,1,0.9949487250046882
1.7.0,avatica/core/src/main/java/org/apache/calcite/avatica/remote/ProtobufHandler.java,0,0,0.04043134369180984
1.7.0,avatica/core/src/main/java/org/apache/calcite/avatica/remote/ProtobufService.java,0,0,0.38273588668704633
1.7.0,avatica/core/src/main/java/org/apache/calcite/avatica/remote/ProtobufTranslation.java,0,0,5.402641178532791e-15
1.7.0,avatica/core/src/main/java/org/apache/calcite/avatica/remote/ProtobufTranslationImpl.java,0,0,2.719310463342175e-08
1.7.0,avatica/core/src/main/java/org/apache/calcite/avatica/remote/RemoteMeta.java,0,0,7.158697324635001e-05
1.7.0,avatica/core/src/main/java/org/apache/calcite/avatica/remote/RemoteProtobufService.java,0,0,0.0830524782789061
1.7.0,avatica/core/src/main/java/org/apache/calcite/avatica/remote/RemoteService.java,0,0,1.9487618566058558e-05
1.7.0,avatica/core/src/main/java/org/apache/calcite/avatica/remote/RequestTranslator.java,0,0,4.887158195660943e-05
1.7.0,avatica/core/src/main/java/org/apache/calcite/avatica/remote/ResponseTranslator.java,0,0,0.00012143987596869178
1.7.0,avatica/core/src/main/java/org/apache/calcite/avatica/remote/Service.java,0,0,1.2947976154880429e-10
1.7.0,avatica/core/src/main/java/org/apache/calcite/avatica/remote/TypedValue.java,1,0,6.163449197757813e-05
1.7.0,avatica/core/src/main/java/org/apache/calcite/avatica/util/AbstractCursor.java,1,0,0.15850648307870382
1.7.0,avatica/core/src/main/java/org/apache/calcite/avatica/util/ArrayImpl.java,0,0,0.019584171106220023
1.7.0,avatica/core/src/main/java/org/apache/calcite/avatica/util/ArrayIteratorCursor.java,0,0,0.003950655952967577
1.7.0,avatica/core/src/main/java/org/apache/calcite/avatica/util/Base64.java,0,0,2.173290769193221e-21
1.7.0,avatica/core/src/main/java/org/apache/calcite/avatica/util/ByteString.java,0,1,0.605711838536464
1.7.0,avatica/core/src/main/java/org/apache/calcite/avatica/util/Casing.java,0,0,0.00011369220095206691
1.7.0,avatica/core/src/main/java/org/apache/calcite/avatica/util/Cursor.java,0,0,0.00023395811795509853
1.7.0,avatica/core/src/main/java/org/apache/calcite/avatica/util/DateTimeUtils.java,0,0,0.03899072799346362
1.7.0,avatica/core/src/main/java/org/apache/calcite/avatica/util/IteratorCursor.java,0,0,0.24420135178348948
1.7.0,avatica/core/src/main/java/org/apache/calcite/avatica/util/ListIteratorCursor.java,0,0,0.010681338754221439
1.7.0,avatica/core/src/main/java/org/apache/calcite/avatica/util/MapIteratorCursor.java,0,0,0.06078595181002065
1.7.0,avatica/core/src/main/java/org/apache/calcite/avatica/util/PackageMarker.java,0,0,1.1448996947752742e-14
1.7.0,avatica/core/src/main/java/org/apache/calcite/avatica/util/PositionedCursor.java,0,0,0.03207091005399524
1.7.0,avatica/core/src/main/java/org/apache/calcite/avatica/util/Quoting.java,0,0,0.013194027987656232
1.7.0,avatica/core/src/main/java/org/apache/calcite/avatica/util/RecordIteratorCursor.java,0,0,0.11370959110421691
1.7.0,avatica/core/src/main/java/org/apache/calcite/avatica/util/Spacer.java,0,0,0.0024783782540594517
1.7.0,avatica/core/src/main/java/org/apache/calcite/avatica/util/Spaces.java,0,0,7.415664004073269e-05
1.7.0,avatica/core/src/main/java/org/apache/calcite/avatica/util/StructImpl.java,0,0,0.00023296316107690665
1.7.0,avatica/core/src/main/java/org/apache/calcite/avatica/util/UnsynchronizedBuffer.java,0,0,0.4846113871133324
1.7.0,avatica/server/src/main/java/org/apache/calcite/avatica/jdbc/JdbcMeta.java,1,1,0.9997280062884947
1.7.0,avatica/server/src/main/java/org/apache/calcite/avatica/jdbc/JdbcResultSet.java,0,0,0.22032798158970848
1.7.0,avatica/server/src/main/java/org/apache/calcite/avatica/jdbc/StatementInfo.java,1,1,0.9915279944329215
1.7.0,avatica/server/src/main/java/org/apache/calcite/avatica/server/AvaticaHandler.java,0,0,1.0229034007348606e-06
1.7.0,avatica/server/src/main/java/org/apache/calcite/avatica/server/AvaticaJsonHandler.java,0,0,2.5965713193419927e-09
1.7.0,avatica/server/src/main/java/org/apache/calcite/avatica/server/AvaticaProtobufHandler.java,0,0,1.9755684467719873e-10
1.7.0,avatica/server/src/main/java/org/apache/calcite/avatica/server/DelegatingAvaticaHandler.java,0,0,3.419140799566182e-05
1.7.0,avatica/server/src/main/java/org/apache/calcite/avatica/server/HandlerFactory.java,0,0,0.020511724797291787
1.7.0,avatica/server/src/main/java/org/apache/calcite/avatica/server/HttpServer.java,0,0,0.005104982332036205
1.7.0,avatica/server/src/main/java/org/apache/calcite/avatica/server/Main.java,0,0,4.031843722592178e-12
1.7.0,avatica/server/src/main/java/org/apache/calcite/avatica/server/MetricsAwareAvaticaHandler.java,0,0,2.8180217499587056e-15
1.7.0,avatica/metrics/src/main/java/org/apache/calcite/avatica/metrics/Counter.java,0,0,5.324033062334198e-13
1.7.0,avatica/metrics/src/main/java/org/apache/calcite/avatica/metrics/Gauge.java,0,0,2.8571619891541295e-17
1.7.0,avatica/metrics/src/main/java/org/apache/calcite/avatica/metrics/Histogram.java,0,0,3.9961601362629974e-19
1.7.0,avatica/metrics/src/main/java/org/apache/calcite/avatica/metrics/Meter.java,0,0,1.1507522348732602e-17
1.7.0,avatica/metrics/src/main/java/org/apache/calcite/avatica/metrics/Metric.java,0,0,2.043319583968175e-11
1.7.0,avatica/metrics/src/main/java/org/apache/calcite/avatica/metrics/MetricsSystem.java,0,0,2.1272519123675196e-13
1.7.0,avatica/metrics/src/main/java/org/apache/calcite/avatica/metrics/MetricsSystemConfiguration.java,0,0,4.288652761053158e-14
1.7.0,avatica/metrics/src/main/java/org/apache/calcite/avatica/metrics/MetricsSystemFactory.java,0,0,2.356180592746282e-18
1.7.0,avatica/metrics/src/main/java/org/apache/calcite/avatica/metrics/MetricsSystemLoader.java,0,0,0.011942230483730535
1.7.0,avatica/metrics/src/main/java/org/apache/calcite/avatica/metrics/PackageMarker.java,0,0,1.1448996947752742e-14
1.7.0,avatica/metrics/src/main/java/org/apache/calcite/avatica/metrics/Timer.java,0,0,2.1120043019021845e-11
1.7.0,avatica/metrics/src/main/java/org/apache/calcite/avatica/metrics/noop/NoopCounter.java,0,0,0.005852392266060499
1.7.0,avatica/metrics/src/main/java/org/apache/calcite/avatica/metrics/noop/NoopHistogram.java,0,0,0.008415134362042876
1.7.0,avatica/metrics/src/main/java/org/apache/calcite/avatica/metrics/noop/NoopMeter.java,0,0,0.004181497681836356
1.7.0,avatica/metrics/src/main/java/org/apache/calcite/avatica/metrics/noop/NoopMetricsSystem.java,0,0,0.2040730628429547
1.7.0,avatica/metrics/src/main/java/org/apache/calcite/avatica/metrics/noop/NoopMetricsSystemConfiguration.java,0,0,1.957104002760772e-05
1.7.0,avatica/metrics/src/main/java/org/apache/calcite/avatica/metrics/noop/NoopMetricsSystemFactory.java,0,0,1.1128745867660868e-05
1.7.0,avatica/metrics/src/main/java/org/apache/calcite/avatica/metrics/noop/NoopTimer.java,0,0,4.759614806895598e-11
1.7.0,avatica/metrics-dropwizardmetrics3/src/main/java/org/apache/calcite/avatica/metrics/dropwizard3/DropwizardCounter.java,0,0,0.0014456902294099966
1.7.0,avatica/metrics-dropwizardmetrics3/src/main/java/org/apache/calcite/avatica/metrics/dropwizard3/DropwizardGauge.java,0,0,1.9286871191318867e-07
1.7.0,avatica/metrics-dropwizardmetrics3/src/main/java/org/apache/calcite/avatica/metrics/dropwizard3/DropwizardHistogram.java,0,0,9.279203027248644e-05
1.7.0,avatica/metrics-dropwizardmetrics3/src/main/java/org/apache/calcite/avatica/metrics/dropwizard3/DropwizardMeter.java,0,0,0.0003306452127151218
1.7.0,avatica/metrics-dropwizardmetrics3/src/main/java/org/apache/calcite/avatica/metrics/dropwizard3/DropwizardMetricsSystem.java,0,0,5.846502328098877e-06
1.7.0,avatica/metrics-dropwizardmetrics3/src/main/java/org/apache/calcite/avatica/metrics/dropwizard3/DropwizardMetricsSystemConfiguration.java,0,0,7.682492581053348e-05
1.7.0,avatica/metrics-dropwizardmetrics3/src/main/java/org/apache/calcite/avatica/metrics/dropwizard3/DropwizardMetricsSystemFactory.java,0,0,8.008768855450335e-09
1.7.0,avatica/metrics-dropwizardmetrics3/src/main/java/org/apache/calcite/avatica/metrics/dropwizard3/DropwizardTimer.java,0,0,2.4904158507997245e-06
1.7.0,avatica/noop-driver/src/main/java/org/apache/calcite/avatica/noop/AvaticaNoopConnection.java,0,0,2.386691624507103e-07
1.7.0,avatica/noop-driver/src/main/java/org/apache/calcite/avatica/noop/AvaticaNoopDatabaseMetaData.java,0,0,5.159914177231007e-16
1.7.0,avatica/noop-driver/src/main/java/org/apache/calcite/avatica/noop/AvaticaNoopDriver.java,0,0,0.007653717497599196
1.7.0,avatica/noop-driver/src/main/java/org/apache/calcite/avatica/noop/AvaticaNoopParameterMetaData.java,0,0,0.015820956069050728
1.7.0,avatica/noop-driver/src/main/java/org/apache/calcite/avatica/noop/AvaticaNoopPreparedStatement.java,0,0,2.4217407551836996e-13
1.7.0,avatica/noop-driver/src/main/java/org/apache/calcite/avatica/noop/AvaticaNoopResultSet.java,0,0,9.229287407930145e-15
1.7.0,avatica/noop-driver/src/main/java/org/apache/calcite/avatica/noop/AvaticaNoopResultSetMetaData.java,0,0,0.0013873260426212816
1.7.0,avatica/noop-driver/src/main/java/org/apache/calcite/avatica/noop/AvaticaNoopStatement.java,0,0,8.78587595626793e-05
1.7.0,avatica/noop-driver/src/main/java/org/apache/calcite/avatica/noop/PackageMarker.java,0,0,1.1448996947752742e-14
1.7.0,core/src/main/java/org/apache/calcite/sql/type/ReturnTypes.java,0,0,0.002404901761186658
1.7.0,core/src/main/java/org/apache/calcite/sql/type/SqlTypeName.java,0,0,0.0005385070761240967
1.7.0,core/src/main/java/org/apache/calcite/DataContext.java,0,0,4.5733020053706335e-22
1.7.0,core/src/main/java/org/apache/calcite/jdbc/CalciteConnection.java,0,0,6.34070440509311e-08
1.7.0,core/src/main/java/org/apache/calcite/jdbc/CalciteFactory.java,0,0,0.11479094427463336
1.7.0,core/src/main/java/org/apache/calcite/materialize/MaterializationKey.java,0,0,0.015919581542158986
1.7.0,core/src/main/java/org/apache/calcite/plan/Context.java,0,0,1.7615193863957103e-18
1.7.0,core/src/main/java/org/apache/calcite/plan/Convention.java,0,0,2.6285346560083073e-18
1.7.0,core/src/main/java/org/apache/calcite/plan/MulticastRelOptListener.java,0,0,0.3400284543017566
1.7.0,core/src/main/java/org/apache/calcite/plan/RelOptListener.java,0,0,1.640818926955149e-17
1.7.0,core/src/main/java/org/apache/calcite/plan/RelOptSchema.java,0,0,1.4966018726024835e-16
1.7.0,core/src/main/java/org/apache/calcite/plan/RelTraitPropagationVisitor.java,0,0,0.0573178584385561
1.7.0,core/src/main/java/org/apache/calcite/plan/TableAccessMap.java,0,0,1.4211096906902664e-07
1.7.0,core/src/main/java/org/apache/calcite/prepare/CalciteSqlValidator.java,0,0,0.22538932751107374
1.7.0,core/src/main/java/org/apache/calcite/rel/RelWriter.java,0,0,7.047619478473275e-11
1.7.0,core/src/main/java/org/apache/calcite/rex/RexExecutable.java,0,0,0.001481741008042607
1.7.0,core/src/main/java/org/apache/calcite/rex/RexPermutationShuttle.java,0,0,7.215930734661474e-05
1.7.0,core/src/main/java/org/apache/calcite/rex/RexPermuteInputsShuttle.java,0,0,0.10548670096780616
1.7.0,core/src/main/java/org/apache/calcite/rex/RexSqlConvertlet.java,0,0,2.081621059530811e-18
1.7.0,core/src/main/java/org/apache/calcite/rex/RexSqlReflectiveConvertletTable.java,0,0,0.021842222461706532
1.7.0,core/src/main/java/org/apache/calcite/rex/RexSqlStandardConvertletTable.java,0,0,0.0006707839831462099
1.7.0,core/src/main/java/org/apache/calcite/rex/RexToSqlNodeConverter.java,0,0,3.7779161364357084e-14
1.7.0,core/src/main/java/org/apache/calcite/rex/RexToSqlNodeConverterImpl.java,0,0,0.00019949466159263705
1.7.0,core/src/main/java/org/apache/calcite/rex/RexTransformer.java,0,0,0.14800769223081336
1.7.0,core/src/main/java/org/apache/calcite/rex/RexVariable.java,0,0,9.271132565866295e-08
1.7.0,core/src/main/java/org/apache/calcite/rex/RexWindow.java,0,0,0.029506803443496262
1.7.0,core/src/main/java/org/apache/calcite/rex/RexWindowBound.java,0,0,8.89195390707676e-08
1.7.0,core/src/main/java/org/apache/calcite/runtime/BinarySearch.java,0,0,0.002836340760714622
1.7.0,core/src/main/java/org/apache/calcite/runtime/Bindable.java,0,0,8.942928452255493e-20
1.7.0,core/src/main/java/org/apache/calcite/runtime/CalciteContextException.java,0,0,2.4173689864180313e-07
1.7.0,core/src/main/java/org/apache/calcite/runtime/Feature.java,0,0,0.0002352369049298347
1.7.0,core/src/main/java/org/apache/calcite/runtime/SortedMultiMap.java,0,0,0.008719060073875209
1.7.0,core/src/main/java/org/apache/calcite/schema/AggregateFunction.java,0,0,1.5852510577387706e-21
1.7.0,core/src/main/java/org/apache/calcite/schema/FilterableTable.java,0,0,7.650850430645442e-21
1.7.0,core/src/main/java/org/apache/calcite/schema/ImplementableAggFunction.java,0,0,2.4094721756556794e-21
1.7.0,core/src/main/java/org/apache/calcite/schema/ImplementableFunction.java,0,0,1.4702567546143185e-21
1.7.0,core/src/main/java/org/apache/calcite/schema/Member.java,0,0,7.377974220990113e-07
1.7.0,core/src/main/java/org/apache/calcite/schema/ProjectableFilterableTable.java,0,0,6.887397804024513e-19
1.7.0,core/src/main/java/org/apache/calcite/schema/QueryableTable.java,0,0,2.413601448277905e-13
1.7.0,core/src/main/java/org/apache/calcite/schema/ScalarFunction.java,0,0,1.4745357581360944e-21
1.7.0,core/src/main/java/org/apache/calcite/schema/ScannableTable.java,0,0,3.964325563259842e-21
1.7.0,core/src/main/java/org/apache/calcite/schema/Table.java,0,0,5.1963375472203314e-14
1.7.0,core/src/main/java/org/apache/calcite/schema/TableFactory.java,0,0,1.0535697300444641e-11
1.7.0,core/src/main/java/org/apache/calcite/schema/TableFunction.java,0,0,1.1237387631108818e-14
1.7.0,core/src/main/java/org/apache/calcite/schema/TranslatableTable.java,0,0,3.763453183352597e-19
1.7.0,core/src/main/java/org/apache/calcite/sql/ExplicitOperatorBinding.java,0,0,0.3502671576050064
1.7.0,core/src/main/java/org/apache/calcite/sql/SqlAbstractDateTimeLiteral.java,0,0,0.015067342578198759
1.7.0,core/src/main/java/org/apache/calcite/sql/SqlAbstractStringLiteral.java,0,0,4.763469424834386e-06
1.7.0,core/src/main/java/org/apache/calcite/sql/SqlAccessType.java,0,0,0.36559001097915156
1.7.0,core/src/main/java/org/apache/calcite/sql/SqlBasicCall.java,0,0,0.3347903216857105
1.7.0,core/src/main/java/org/apache/calcite/sql/SqlBinaryStringLiteral.java,0,0,8.109858337879307e-06
1.7.0,core/src/main/java/org/apache/calcite/sql/SqlCharStringLiteral.java,0,0,3.828192753036804e-05
1.7.0,core/src/main/java/org/apache/calcite/sql/SqlCollation.java,0,0,0.04040025614940865
1.7.0,core/src/main/java/org/apache/calcite/sql/SqlFunctionalOperator.java,0,0,0.0008198094583641248
1.7.0,core/src/main/java/org/apache/calcite/sql/SqlFunctionCategory.java,0,0,0.0017069183562493052
1.7.0,core/src/main/java/org/apache/calcite/sql/SqlNumericLiteral.java,0,0,0.22138726150718907
1.7.0,core/src/main/java/org/apache/calcite/sql/SqlOperatorTable.java,0,0,3.074056948997446e-11
1.7.0,core/src/main/java/org/apache/calcite/sql/SqlOrderBy.java,0,0,0.10554617197272376
1.7.0,core/src/main/java/org/apache/calcite/sql/SqlProcedureCallOperator.java,0,0,0.005969071639236015
1.7.0,core/src/main/java/org/apache/calcite/sql/SqlSampleSpec.java,0,0,0.00046537516640347674
1.7.0,core/src/main/java/org/apache/calcite/sql/SqlSetOperator.java,1,1,0.9599204596636007
1.7.0,core/src/main/java/org/apache/calcite/sql/SqlStateCodes.java,0,0,0.000595519492029238
1.7.0,core/src/main/java/org/apache/calcite/sql/SqlSyntax.java,0,0,4.00130627091598e-05
1.7.0,core/src/main/java/org/apache/calcite/sql2rel/DefaultValueFactory.java,0,0,8.22687994986756e-12
1.7.0,core/src/main/java/org/apache/calcite/sql2rel/ReflectiveConvertletTable.java,0,0,0.03330903350399799
1.7.0,core/src/main/java/org/apache/calcite/sql2rel/SqlNodeToRexConverter.java,0,0,1.6531636622883403e-15
1.7.0,core/src/main/java/org/apache/calcite/sql2rel/SqlRexContext.java,0,0,1.223241731505828e-12
1.7.0,core/src/main/java/org/apache/calcite/sql2rel/SqlRexConvertlet.java,0,0,1.9658995613160286e-17
1.7.0,core/src/main/java/org/apache/calcite/sql2rel/SqlRexConvertletTable.java,0,0,5.349452243924913e-19
1.7.0,core/src/main/java/org/apache/calcite/sql2rel/SubqueryConverter.java,0,0,1.9012726225889914e-09
1.7.0,core/src/main/java/org/apache/calcite/tools/Program.java,0,0,1.402115081776969e-13
1.7.0,core/src/main/java/org/apache/calcite/tools/RuleSet.java,0,0,1.9429332500435768e-12
1.7.0,core/src/main/java/org/apache/calcite/util/BarfingInvocationHandler.java,0,0,0.0023202600114817047
1.7.0,core/src/main/java/org/apache/calcite/util/BasicDatetime.java,0,0,0.00044891198047766225
1.7.0,core/src/main/java/org/apache/calcite/util/BitString.java,0,0,0.00023608683233027373
1.7.0,core/src/main/java/org/apache/calcite/util/CalciteParserException.java,0,0,3.1623199339528154e-12
1.7.0,core/src/main/java/org/apache/calcite/util/CalciteValidatorException.java,0,0,3.1623199339528154e-12
1.7.0,core/src/main/java/org/apache/calcite/util/CastingList.java,0,0,0.03295540535614623
1.7.0,core/src/main/java/org/apache/calcite/util/CompatibleGuava11.java,0,0,0.005196894059207794
1.7.0,core/src/main/java/org/apache/calcite/util/CompositeList.java,0,0,0.06795877030395114
1.7.0,core/src/main/java/org/apache/calcite/util/CompositeMap.java,0,0,0.001548301364878036
1.7.0,core/src/main/java/org/apache/calcite/util/CompoundClosableAllocation.java,0,0,0.0003818836866503037
1.7.0,core/src/main/java/org/apache/calcite/util/ConversionUtil.java,0,0,0.02725127827095645
1.7.0,core/src/main/java/org/apache/calcite/util/DelegatingInvocationHandler.java,0,0,0.002942015161596826
1.7.0,core/src/main/java/org/apache/calcite/util/Filterator.java,0,0,0.0037667206326248925
1.7.0,core/src/main/java/org/apache/calcite/util/IntegerIntervalSet.java,0,0,0.0003551139806319085
1.7.0,core/src/main/java/org/apache/calcite/util/IntList.java,0,0,1.4802243366408677e-09
1.7.0,core/src/main/java/org/apache/calcite/util/Permutation.java,0,0,8.85647469494261e-05
1.7.0,core/src/main/java/org/apache/calcite/util/ReflectiveVisitDispatcher.java,0,0,9.055337598503887e-11
1.7.0,core/src/main/java/org/apache/calcite/util/SaffronProperties.java,0,0,5.0812760772238786e-05
1.7.0,core/src/main/java/org/apache/calcite/util/SerializableCharset.java,0,0,9.600151562864531e-05
1.7.0,core/src/main/java/org/apache/calcite/util/Template.java,0,0,0.0032803616571883084
1.7.0,core/src/main/java/org/apache/calcite/util/UnmodifiableArrayList.java,0,0,0.0004552488412551266
1.7.0,core/src/main/java/org/apache/calcite/adapter/enumerable/AggResetContext.java,0,0,2.4999079653755746e-24
1.7.0,core/src/main/java/org/apache/calcite/adapter/enumerable/AggResultContext.java,0,0,2.300138430698454e-15
1.7.0,core/src/main/java/org/apache/calcite/adapter/enumerable/EnumerableCollect.java,0,0,0.003377427375708705
1.7.0,core/src/main/java/org/apache/calcite/adapter/enumerable/EnumerableCollectRule.java,0,0,0.00011354174926099506
1.7.0,core/src/main/java/org/apache/calcite/adapter/enumerable/EnumerableIntersect.java,1,1,0.9975344405068127
1.7.0,core/src/main/java/org/apache/calcite/adapter/enumerable/EnumerableIntersectRule.java,0,0,3.3561011271148185e-05
1.7.0,core/src/main/java/org/apache/calcite/adapter/enumerable/EnumerableLimitRule.java,0,0,0.0029963816896532163
1.7.0,core/src/main/java/org/apache/calcite/adapter/enumerable/EnumerableMinus.java,1,1,0.9987859247986346
1.7.0,core/src/main/java/org/apache/calcite/adapter/enumerable/EnumerableMinusRule.java,0,0,4.900295808385201e-05
1.7.0,core/src/main/java/org/apache/calcite/adapter/enumerable/EnumerableTableFunctionScanRule.java,0,0,0.00013600514000504125
1.7.0,core/src/main/java/org/apache/calcite/adapter/enumerable/EnumerableTableModify.java,1,1,0.7991108857261991
1.7.0,core/src/main/java/org/apache/calcite/adapter/enumerable/EnumerableTableModifyRule.java,0,0,0.0067830776939859306
1.7.0,core/src/main/java/org/apache/calcite/adapter/enumerable/EnumerableUnion.java,1,1,0.989261585210098
1.7.0,core/src/main/java/org/apache/calcite/adapter/enumerable/EnumerableUnionRule.java,0,0,1.131542356981814e-05
1.7.0,core/src/main/java/org/apache/calcite/adapter/enumerable/EnumerableWindowRule.java,0,0,4.1814705077062306e-08
1.7.0,core/src/main/java/org/apache/calcite/adapter/enumerable/NestedBlockBuilder.java,0,0,1.1990002584877331e-11
1.7.0,core/src/main/java/org/apache/calcite/adapter/enumerable/NestedBlockBuilderImpl.java,0,0,0.00039112476969412676
1.7.0,core/src/main/java/org/apache/calcite/adapter/enumerable/NotNullImplementor.java,0,0,1.5824671119881388e-17
1.7.0,core/src/main/java/org/apache/calcite/adapter/enumerable/NullPolicy.java,0,0,3.387446158479607e-07
1.7.0,core/src/main/java/org/apache/calcite/adapter/enumerable/StrictWinAggImplementor.java,0,0,0.0038213004012730574
1.7.0,core/src/main/java/org/apache/calcite/adapter/enumerable/WinAggAddContext.java,0,0,7.656598857137953e-28
1.7.0,core/src/main/java/org/apache/calcite/adapter/enumerable/WinAggFrameContext.java,0,0,4.8240112317269415e-14
1.7.0,core/src/main/java/org/apache/calcite/adapter/enumerable/WinAggFrameResultContext.java,0,0,4.726332612905913e-16
1.7.0,core/src/main/java/org/apache/calcite/adapter/enumerable/WinAggResetContext.java,0,0,3.957222262910568e-16
1.7.0,core/src/main/java/org/apache/calcite/adapter/enumerable/WinAggResultContext.java,0,0,9.960116566366805e-23
1.7.0,core/src/main/java/org/apache/calcite/adapter/java/AbstractQueryableTable.java,0,0,1.1593773587956984e-05
1.7.0,core/src/main/java/org/apache/calcite/adapter/java/JavaTypeFactory.java,0,0,1.0228267206583017e-16
1.7.0,core/src/main/java/org/apache/calcite/adapter/jdbc/JdbcQueryProvider.java,0,0,1.0080627121830538e-06
1.7.0,core/src/main/java/org/apache/calcite/adapter/jdbc/JdbcRel.java,0,0,5.603059975762432e-15
1.7.0,core/src/main/java/org/apache/calcite/adapter/jdbc/JdbcTableScan.java,1,0,0.36284648299757666
1.7.0,core/src/main/java/org/apache/calcite/adapter/jdbc/JdbcToEnumerableConverterRule.java,0,0,1.548702499671675e-06
1.7.0,core/src/main/java/org/apache/calcite/plan/hep/HepInstruction.java,0,0,0.0016059424918879715
1.7.0,core/src/main/java/org/apache/calcite/plan/hep/HepProgram.java,0,0,0.27482947526798307
1.7.0,core/src/main/java/org/apache/calcite/plan/hep/HepProgramBuilder.java,0,0,0.0001258407699427994
1.7.0,core/src/main/java/org/apache/calcite/plan/hep/HepRuleCall.java,0,1,0.8594462403491845
1.7.0,core/src/main/java/org/apache/calcite/plan/volcano/ChainedPhaseRuleMappingInitializer.java,0,0,0.0005135111810062533
1.7.0,core/src/main/java/org/apache/calcite/plan/volcano/VolcanoPlannerPhaseRuleMappingInitializer.java,0,0,2.0821048714570825e-17
1.7.0,core/src/main/java/org/apache/calcite/rel/convert/Converter.java,0,0,1.3527867078821017e-17
1.7.0,core/src/main/java/org/apache/calcite/rel/convert/NoneConverter.java,0,0,2.2611916797748963e-06
1.7.0,core/src/main/java/org/apache/calcite/rel/convert/TraitMatchingRule.java,0,0,0.007128080403626784
1.7.0,core/src/main/java/org/apache/calcite/rel/core/Collect.java,0,0,0.0003475300371116832
1.7.0,core/src/main/java/org/apache/calcite/rel/core/Sample.java,0,0,0.02911064415217966
1.7.0,core/src/main/java/org/apache/calcite/rel/externalize/RelJsonWriter.java,0,0,0.3748098605851998
1.7.0,core/src/main/java/org/apache/calcite/rel/metadata/Metadata.java,0,0,3.3119033808734037e-15
1.7.0,core/src/main/java/org/apache/calcite/rel/metadata/RelColumnOrigin.java,0,1,0.5674542762107646
1.7.0,core/src/main/java/org/apache/calcite/rel/rules/CoerceInputsRule.java,0,0,0.011484281375249587
1.7.0,core/src/main/java/org/apache/calcite/rel/rules/FilterMultiJoinMergeRule.java,0,0,0.04208382891856544
1.7.0,core/src/main/java/org/apache/calcite/rel/rules/FilterRemoveIsNotDistinctFromRule.java,0,0,7.020512833166494e-07
1.7.0,core/src/main/java/org/apache/calcite/rel/rules/JoinExtractFilterRule.java,0,0,0.010613469418801638
1.7.0,core/src/main/java/org/apache/calcite/rel/rules/MultiJoinProjectTransposeRule.java,0,0,0.028367493825837135
1.7.0,core/src/main/java/org/apache/calcite/rel/rules/ProjectSetOpTransposeRule.java,0,0,0.0009619445140409362
1.7.0,core/src/main/java/org/apache/calcite/rel/rules/SemiJoinRemoveRule.java,0,0,2.173966460063625e-06
1.7.0,core/src/main/java/org/apache/calcite/rel/rules/SortRemoveRule.java,0,0,0.04291759658349394
1.7.0,core/src/main/java/org/apache/calcite/rel/rules/TableScanRule.java,0,0,5.12433730585372e-05
1.7.0,core/src/main/java/org/apache/calcite/rel/type/RelDataTypeComparability.java,0,0,1.893467386411262e-05
1.7.0,core/src/main/java/org/apache/calcite/rel/type/RelDataTypeFieldImpl.java,0,0,0.034317212072580205
1.7.0,core/src/main/java/org/apache/calcite/rel/type/RelProtoDataType.java,0,0,7.441129449369795e-13
1.7.0,core/src/main/java/org/apache/calcite/rel/type/RelRecordType.java,0,0,0.003929368662555396
1.7.0,core/src/main/java/org/apache/calcite/schema/impl/AbstractTable.java,0,0,9.940565553737927e-09
1.7.0,core/src/main/java/org/apache/calcite/schema/impl/AbstractTableQueryable.java,0,0,0.0700256008353984
1.7.0,core/src/main/java/org/apache/calcite/schema/impl/DelegatingSchema.java,0,0,0.16330634434783284
1.7.0,core/src/main/java/org/apache/calcite/schema/impl/ScalarFunctionImpl.java,0,0,0.08093220819624865
1.7.0,core/src/main/java/org/apache/calcite/schema/impl/TableMacroImpl.java,0,0,0.004374627769384723
1.7.0,core/src/main/java/org/apache/calcite/sql/advise/SqlAdvisorHint.java,0,0,3.4308172338836925e-06
1.7.0,core/src/main/java/org/apache/calcite/sql/advise/SqlSimpleParser.java,0,0,1.0584100963303892e-07
1.7.0,core/src/main/java/org/apache/calcite/sql/fun/SqlArrayQueryConstructor.java,0,0,1.4435650784553905e-11
1.7.0,core/src/main/java/org/apache/calcite/sql/fun/SqlArrayValueConstructor.java,0,0,4.07978801538465e-05
1.7.0,core/src/main/java/org/apache/calcite/sql/fun/SqlCase.java,0,0,0.01818848806117747
1.7.0,core/src/main/java/org/apache/calcite/sql/fun/SqlCaseOperator.java,0,0,0.37143620242519576
1.7.0,core/src/main/java/org/apache/calcite/sql/fun/SqlCoalesceFunction.java,0,0,0.006826225978915181
1.7.0,core/src/main/java/org/apache/calcite/sql/fun/SqlColumnListConstructor.java,0,0,0.0016732898862672674
1.7.0,core/src/main/java/org/apache/calcite/sql/fun/SqlConvertFunction.java,0,0,0.07719996350802691
1.7.0,core/src/main/java/org/apache/calcite/sql/fun/SqlCursorConstructor.java,0,0,0.0008917220169280714
1.7.0,core/src/main/java/org/apache/calcite/sql/fun/SqlMapQueryConstructor.java,0,0,1.5012831318406453e-11
1.7.0,core/src/main/java/org/apache/calcite/sql/fun/SqlMultisetSetOperator.java,0,0,4.757902014109488e-07
1.7.0,core/src/main/java/org/apache/calcite/sql/fun/SqlNewOperator.java,0,0,0.0003499789001249992
1.7.0,core/src/main/java/org/apache/calcite/sql/fun/SqlNullifFunction.java,0,0,0.0005142493226843723
1.7.0,core/src/main/java/org/apache/calcite/sql/fun/SqlOverlayFunction.java,0,0,0.04241497522506499
1.7.0,core/src/main/java/org/apache/calcite/sql/fun/SqlPositionFunction.java,0,0,0.0015295343361633163
1.7.0,core/src/main/java/org/apache/calcite/sql/fun/SqlRowOperator.java,0,0,2.183067917738791e-06
1.7.0,core/src/main/java/org/apache/calcite/sql/parser/SqlParseException.java,0,0,0.0005514554845895154
1.7.0,core/src/main/java/org/apache/calcite/sql/parser/SqlParserImplFactory.java,0,0,6.415140523815277e-19
1.7.0,core/src/main/java/org/apache/calcite/sql/type/AbstractSqlType.java,0,0,0.002593571642163772
1.7.0,core/src/main/java/org/apache/calcite/sql/type/CursorReturnTypeInference.java,0,0,0.07818463188328148
1.7.0,core/src/main/java/org/apache/calcite/sql/type/ExplicitOperandTypeInference.java,1,1,0.914454629738266
1.7.0,core/src/main/java/org/apache/calcite/sql/type/ExplicitReturnTypeInference.java,0,0,0.0008935105110278617
1.7.0,core/src/main/java/org/apache/calcite/sql/type/JavaToSqlTypeConversionRules.java,0,0,1.2322786635463385e-10
1.7.0,core/src/main/java/org/apache/calcite/sql/type/MapSqlType.java,0,0,0.0059509736110177885
1.7.0,core/src/main/java/org/apache/calcite/sql/type/MatchReturnTypeInference.java,0,0,0.3091756638271493
1.7.0,core/src/main/java/org/apache/calcite/sql/type/MultisetSqlType.java,0,0,0.00038675334016349756
1.7.0,core/src/main/java/org/apache/calcite/sql/type/ObjectSqlType.java,0,0,0.01789521186759779
1.7.0,core/src/main/java/org/apache/calcite/sql/type/OperandsTypeChecking.java,0,0,9.599686623774818e-09
1.7.0,core/src/main/java/org/apache/calcite/sql/type/OrdinalReturnTypeInference.java,0,0,0.0009673817589058424
1.7.0,core/src/main/java/org/apache/calcite/sql/type/SqlOperandTypeInference.java,0,0,2.847893075761921e-17
1.7.0,core/src/main/java/org/apache/calcite/sql/type/SqlReturnTypeInference.java,0,0,2.6025457185990674e-17
1.7.0,core/src/main/java/org/apache/calcite/sql/type/SqlReturnTypeInferenceChain.java,0,0,0.002044054018331167
1.7.0,core/src/main/java/org/apache/calcite/sql/type/SqlSingleOperandTypeChecker.java,0,0,2.5942551062578563e-19
1.7.0,core/src/main/java/org/apache/calcite/sql/type/SqlTypeAssignmentRules.java,0,0,0.0023707771128387996
1.7.0,core/src/main/java/org/apache/calcite/sql/type/SqlTypeFamily.java,0,0,0.0013994725317218223
1.7.0,core/src/main/java/org/apache/calcite/sql/type/SqlTypeTransform.java,0,0,2.578503623170319e-16
1.7.0,core/src/main/java/org/apache/calcite/sql/type/SqlTypeTransformCascade.java,0,0,0.05325445458265081
1.7.0,core/src/main/java/org/apache/calcite/sql/type/TableFunctionReturnTypeInference.java,0,0,0.06061551141831243
1.7.0,core/src/main/java/org/apache/calcite/sql/util/ListSqlOperatorTable.java,0,0,0.07015729315418724
1.7.0,core/src/main/java/org/apache/calcite/sql/util/SqlBasicVisitor.java,0,0,5.254537912454018e-07
1.7.0,core/src/main/java/org/apache/calcite/sql/util/SqlBuilder.java,0,0,0.00013397708961971708
1.7.0,core/src/main/java/org/apache/calcite/sql/util/SqlVisitor.java,0,0,3.8098406671170166e-14
1.7.0,core/src/main/java/org/apache/calcite/sql/validate/AggFinder.java,0,1,0.9398296459371812
1.7.0,core/src/main/java/org/apache/calcite/sql/validate/AggregatingScope.java,0,0,3.861174925660698e-19
1.7.0,core/src/main/java/org/apache/calcite/sql/validate/CollectNamespace.java,1,1,0.9865113998986735
1.7.0,core/src/main/java/org/apache/calcite/sql/validate/CollectScope.java,0,0,3.0288318718940837e-06
1.7.0,core/src/main/java/org/apache/calcite/sql/validate/DelegatingNamespace.java,1,1,0.9082296967394776
1.7.0,core/src/main/java/org/apache/calcite/sql/validate/DelegatingSqlValidatorCatalogReader.java,0,0,0.02155459135769772
1.7.0,core/src/main/java/org/apache/calcite/sql/validate/DelegatingSqlValidatorTable.java,0,0,0.011330200606632188
1.7.0,core/src/main/java/org/apache/calcite/sql/validate/FieldNamespace.java,1,1,0.9966127597233142
1.7.0,core/src/main/java/org/apache/calcite/sql/validate/JoinNamespace.java,1,1,0.999690807612425
1.7.0,core/src/main/java/org/apache/calcite/sql/validate/JoinScope.java,0,0,0.05547226385816992
1.7.0,core/src/main/java/org/apache/calcite/sql/validate/ParameterNamespace.java,1,1,0.9790911619644135
1.7.0,core/src/main/java/org/apache/calcite/sql/validate/SqlIdentifierMoniker.java,0,0,0.008948210212868658
1.7.0,core/src/main/java/org/apache/calcite/sql/validate/SqlUserDefinedTableFunction.java,0,0,0.0008258290348049542
1.7.0,core/src/main/java/org/apache/calcite/sql/validate/SqlValidatorWithHints.java,0,0,1.0217808310181328e-11
1.7.0,core/src/main/java/org/apache/calcite/sql/validate/WithItemNamespace.java,1,1,0.999790517163872
1.7.0,core/src/main/java/org/apache/calcite/sql/validate/WithNamespace.java,1,1,0.9865870744767642
1.7.0,core/src/main/java/org/apache/calcite/util/graph/CycleDetector.java,0,0,0.000361193505019396
1.7.0,core/src/main/java/org/apache/calcite/util/graph/DefaultDirectedGraph.java,0,0,0.006478936435402193
1.7.0,core/src/main/java/org/apache/calcite/util/graph/DefaultEdge.java,0,0,0.04129815280256865
1.7.0,core/src/main/java/org/apache/calcite/util/graph/DepthFirstIterator.java,0,0,0.13259062863684185
1.7.0,core/src/main/java/org/apache/calcite/util/graph/Graphs.java,0,0,3.3116986488142875e-09
1.7.0,core/src/main/java/org/apache/calcite/util/graph/TopologicalOrderIterator.java,0,0,0.10931830233652565
1.7.0,core/src/main/java/org/apache/calcite/util/javac/JaninoCompiler.java,0,0,0.0001877108270615632
1.7.0,core/src/main/java/org/apache/calcite/util/javac/JavaCompilerArgs.java,0,0,0.05448168431657011
1.7.0,core/src/main/java/org/apache/calcite/util/mapping/Mapping.java,0,0,6.540896709385407e-18
1.7.0,core/src/main/java/org/apache/calcite/adapter/enumerable/impl/AggAddContextImpl.java,0,0,0.08248787285730272
1.7.0,core/src/main/java/org/apache/calcite/adapter/enumerable/impl/AggResetContextImpl.java,0,0,0.0042743583603607905
1.7.0,core/src/main/java/org/apache/calcite/adapter/enumerable/impl/AggResultContextImpl.java,0,0,2.1471092034542688e-13
1.7.0,core/src/main/java/org/apache/calcite/adapter/enumerable/impl/WinAggResetContextImpl.java,0,0,0.03418102984664004
1.7.0,core/src/main/java/org/apache/calcite/adapter/enumerable/impl/WinAggResultContextImpl.java,0,0,0.06884677652457952
1.7.0,mongodb/src/main/java/org/apache/calcite/adapter/mongodb/MongoMethod.java,0,0,2.6101504158217395e-08
1.7.0,mongodb/src/main/java/org/apache/calcite/adapter/mongodb/MongoRel.java,0,0,5.91560244344872e-16
1.7.0,mongodb/src/main/java/org/apache/calcite/adapter/mongodb/MongoSchema.java,0,0,5.70981293775052e-05
1.7.0,mongodb/src/main/java/org/apache/calcite/adapter/mongodb/MongoSchemaFactory.java,0,0,0.026107136750594433
1.7.0,mongodb/src/main/java/org/apache/calcite/adapter/mongodb/MongoToEnumerableConverterRule.java,0,0,0.000146812249609684
1.7.0,plus/src/main/java/org/apache/calcite/adapter/tpcds/TpcdsSchemaFactory.java,0,0,0.05023813420292862
1.7.0,plus/src/main/java/org/apache/calcite/adapter/tpch/TpchSchema.java,0,0,8.922140017492982e-08
1.7.0,plus/src/main/java/org/apache/calcite/adapter/tpch/TpchSchemaFactory.java,0,0,0.026512874560620292
1.7.0,spark/src/main/java/org/apache/calcite/adapter/spark/EnumerableToSparkConverterRule.java,0,0,0.0001415333244391525
1.7.0,spark/src/main/java/org/apache/calcite/adapter/spark/JdbcToSparkConverterRule.java,0,0,0.0003172851116599781
1.7.0,spark/src/main/java/org/apache/calcite/adapter/spark/SparkMethod.java,0,0,1.3925523794739529e-12
1.7.0,spark/src/main/java/org/apache/calcite/adapter/spark/SparkRel.java,0,0,1.5757093684856918e-22
1.7.0,spark/src/main/java/org/apache/calcite/adapter/spark/SparkRuntime.java,0,0,0.010188460716628222
1.7.0,splunk/src/main/java/org/apache/calcite/adapter/splunk/SplunkDriver.java,0,0,0.031278664345313324
1.7.0,splunk/src/main/java/org/apache/calcite/adapter/splunk/SplunkDriverVersion.java,0,0,1.7923439063540639e-10
1.7.0,splunk/src/main/java/org/apache/calcite/adapter/splunk/SplunkSchema.java,0,0,4.5580601577588784e-07
1.7.0,splunk/src/main/java/org/apache/calcite/adapter/splunk/SplunkTable.java,0,0,0.023951778517377533
1.7.0,splunk/src/main/java/org/apache/calcite/adapter/splunk/search/SplunkConnection.java,0,0,3.1039926383904314e-13
1.7.0,splunk/src/main/java/org/apache/calcite/adapter/splunk/util/SocketFactoryImpl.java,0,0,0.0002447470998606417
1.7.0,splunk/src/main/java/org/apache/calcite/adapter/splunk/util/TrustAllSslSocketFactory.java,0,0,6.6632600068632886e-06
1.7.0,linq4j/src/main/java/org/apache/calcite/linq4j/BaseQueryable.java,0,0,4.774112168656119e-06
1.7.0,linq4j/src/main/java/org/apache/calcite/linq4j/EnumerableOrderedQueryable.java,0,0,0.0220777279132239
1.7.0,linq4j/src/main/java/org/apache/calcite/linq4j/ExtendedOrderedEnumerable.java,0,0,3.366056015683573e-23
1.7.0,linq4j/src/main/java/org/apache/calcite/linq4j/ExtendedOrderedQueryable.java,0,0,2.2154892115278017e-29
1.7.0,linq4j/src/main/java/org/apache/calcite/linq4j/Extensions.java,0,0,5.650093294077824e-06
1.7.0,linq4j/src/main/java/org/apache/calcite/linq4j/Lookup.java,0,0,6.909883563957818e-31
1.7.0,linq4j/src/main/java/org/apache/calcite/linq4j/LookupImpl.java,0,0,0.019057799756318248
1.7.0,linq4j/src/main/java/org/apache/calcite/linq4j/QueryProvider.java,0,0,6.009237209822341e-17
1.7.0,linq4j/src/main/java/org/apache/calcite/linq4j/QueryProviderImpl.java,0,0,8.10040009553684e-09
1.7.0,linq4j/src/main/java/org/apache/calcite/linq4j/RawQueryable.java,0,0,5.813369750437556e-29
1.7.0,linq4j/src/main/java/org/apache/calcite/linq4j/tree/BlockBuilder.java,0,0,0.03169116483152548
1.7.0,linq4j/src/main/java/org/apache/calcite/linq4j/tree/Blocks.java,0,0,0.016005741336885804
1.7.0,linq4j/src/main/java/org/apache/calcite/linq4j/tree/ClassDeclarationFinder.java,0,0,0.04035515481654727
1.7.0,linq4j/src/main/java/org/apache/calcite/linq4j/tree/ConstantUntypedNull.java,0,0,0.00045944866938137997
1.7.0,linq4j/src/main/java/org/apache/calcite/linq4j/tree/DefaultExpression.java,0,0,6.955635927255808e-07
1.7.0,linq4j/src/main/java/org/apache/calcite/linq4j/tree/DynamicExpression.java,0,0,6.955635927255808e-07
1.7.0,linq4j/src/main/java/org/apache/calcite/linq4j/tree/Expression.java,0,0,6.626543994561262e-09
1.7.0,linq4j/src/main/java/org/apache/calcite/linq4j/tree/ExpressionVisitor.java,0,0,4.494391562804396e-16
1.7.0,linq4j/src/main/java/org/apache/calcite/linq4j/tree/ExpressionWriter.java,0,0,1.9617765214810637e-06
1.7.0,linq4j/src/main/java/org/apache/calcite/linq4j/tree/InvocationExpression.java,0,0,3.602637240185952e-06
1.7.0,linq4j/src/main/java/org/apache/calcite/linq4j/tree/LambdaExpression.java,0,0,1.0205690435314877e-07
1.7.0,linq4j/src/main/java/org/apache/calcite/linq4j/tree/ListInitExpression.java,0,0,3.458377823536727e-06
1.7.0,linq4j/src/main/java/org/apache/calcite/linq4j/tree/MemberInitExpression.java,0,0,8.653617648426369e-07
1.7.0,linq4j/src/main/java/org/apache/calcite/linq4j/tree/OptimizeVisitor.java,0,0,0.0016940925544659282
1.7.0,linq4j/src/main/java/org/apache/calcite/linq4j/tree/ParameterExpression.java,0,0,4.249769783857352e-06
1.7.0,linq4j/src/main/java/org/apache/calcite/linq4j/tree/ReflectedPseudoField.java,0,0,9.69891915160511e-05
1.7.0,linq4j/src/main/java/org/apache/calcite/linq4j/tree/Statement.java,0,0,0.00017793067941326602
1.7.0,linq4j/src/main/java/org/apache/calcite/linq4j/tree/SwitchStatement.java,0,0,7.818423742161534e-07
1.7.0,core/src/main/java/org/apache/calcite/plan/RelImplementor.java,0,0,2.0148042390344496e-11
1.7.0,core/src/main/java/org/apache/calcite/adapter/enumerable/EnumerableCorrelateRule.java,0,0,0.00027315679200111425
1.7.0,core/src/main/java/org/apache/calcite/rel/rules/ProjectJoinTransposeRule.java,0,0,0.021352443816440726
1.7.0,core/src/main/java/org/apache/calcite/rel/rules/PushProjector.java,0,0,9.662700816323168e-07
1.7.0,core/src/main/java/org/apache/calcite/plan/RelOptAbstractTable.java,0,0,0.0005000289950151727
1.7.0,core/src/main/java/org/apache/calcite/rel/RelDistribution.java,0,0,0.017931851987454773
1.7.0,core/src/main/java/org/apache/calcite/rel/RelDistributionTraitDef.java,0,0,0.44455273701953346
1.7.0,core/src/main/java/org/apache/calcite/rel/RelHomogeneousShuttle.java,0,0,0.0036620343994879013
1.7.0,core/src/main/java/org/apache/calcite/rel/RelShuttle.java,0,0,1.2296147026347388e-15
1.7.0,core/src/main/java/org/apache/calcite/schema/Statistic.java,0,0,4.82227220415184e-13
1.7.0,core/src/main/java/org/apache/calcite/schema/Statistics.java,0,0,0.0016809415233239454
1.7.0,core/src/main/java/org/apache/calcite/rel/core/SortExchange.java,0,0,3.684911959870576e-05
1.7.0,core/src/main/java/org/apache/calcite/rel/logical/LogicalExchange.java,0,0,9.672318963261542e-07
1.7.0,core/src/main/java/org/apache/calcite/rel/rules/CalcMergeRule.java,0,0,0.04628930630103307
1.7.0,core/src/main/java/org/apache/calcite/rel/rules/CalcRemoveRule.java,0,0,0.0017206787886005904
1.7.0,core/src/main/java/org/apache/calcite/rel/rules/JoinUnionTransposeRule.java,0,0,0.00015920862938376552
1.7.0,piglet/src/main/java/org/apache/calcite/piglet/Ast.java,1,1,0.9990964667463699
1.7.0,piglet/src/main/java/org/apache/calcite/piglet/Handler.java,0,0,0.01946059154244863
1.7.0,core/src/main/java/org/apache/calcite/rel/rules/FilterJoinRule.java,0,1,0.8906812327302803
1.7.0,core/src/main/java/org/apache/calcite/sql/fun/SqlSequenceValueOperator.java,0,0,0.06684886901999498
1.7.0,core/src/main/java/org/apache/calcite/sql/validate/SqlValidator.java,1,1,1.0
1.7.0,core/src/main/java/org/apache/calcite/sql/validate/SqlScopedShuttle.java,0,0,9.937327396803223e-05
1.7.0,core/src/main/java/org/apache/calcite/adapter/clone/ArrayTable.java,0,0,0.0013676214576889725
1.7.0,core/src/main/java/org/apache/calcite/adapter/clone/CloneSchema.java,0,0,0.006464420685437636
1.7.0,core/src/main/java/org/apache/calcite/sql/fun/SqlGroupIdFunction.java,0,0,4.123458652707601e-07
1.7.0,core/src/main/java/org/apache/calcite/sql/fun/SqlGroupingFunction.java,0,0,4.0772503785187703e-07
1.7.0,core/src/main/java/org/apache/calcite/sql/fun/SqlGroupingIdFunction.java,0,0,4.123458652707601e-07
1.7.0,core/src/main/java/org/apache/calcite/jdbc/JavaTypeFactoryImpl.java,1,1,0.9990609702465602
1.7.0,core/src/main/java/org/apache/calcite/adapter/enumerable/EnumerableTableScan.java,1,1,0.9200065246601024
1.7.0,core/src/main/java/org/apache/calcite/adapter/java/Array.java,0,0,7.623559129527327e-29
1.7.0,core/src/main/java/org/apache/calcite/adapter/java/Map.java,0,0,1.3248414292999695e-30
1.7.0,core/src/main/java/org/apache/calcite/rel/type/RelDataTypeFactoryImpl.java,1,1,0.9956808817180492
1.7.0,core/src/main/java/org/apache/calcite/sql/type/ArraySqlType.java,0,0,6.871511680067392e-05
1.7.0,linq4j/src/main/java/org/apache/calcite/linq4j/tree/Types.java,0,0,1.1644727232206643e-05
1.7.0,core/src/main/java/org/apache/calcite/schema/Schema.java,0,0,0.07861827415080645
1.7.0,core/src/main/java/org/apache/calcite/plan/Contexts.java,0,0,0.011734680683741344
1.7.0,core/src/main/java/org/apache/calcite/plan/RelOptRule.java,0,0,3.097514094178105e-13
1.7.0,core/src/main/java/org/apache/calcite/tools/RelBuilderFactory.java,0,0,4.909504538590018e-19
1.7.0,core/src/main/java/org/apache/calcite/rel/rules/CalcSplitRule.java,0,0,0.001957255003486641
1.7.0,core/src/main/java/org/apache/calcite/rel/rules/FilterCorrelateRule.java,0,0,0.03708308120386558
1.7.0,core/src/main/java/org/apache/calcite/rel/rules/FilterMergeRule.java,0,0,2.9456080522410456e-05
1.7.0,core/src/main/java/org/apache/calcite/rel/rules/FilterProjectTransposeRule.java,0,1,0.8818822687005378
1.7.0,core/src/main/java/org/apache/calcite/rel/rules/FilterSetOpTransposeRule.java,0,0,0.0010843778715017589
1.7.0,core/src/main/java/org/apache/calcite/rel/rules/JoinCommuteRule.java,0,0,0.10712205522887736
1.7.0,core/src/main/java/org/apache/calcite/rel/rules/JoinProjectTransposeRule.java,1,0,0.25583838171666645
1.7.0,core/src/main/java/org/apache/calcite/rel/rules/JoinPushExpressionsRule.java,0,0,0.00018475226637645645
1.7.0,core/src/main/java/org/apache/calcite/rel/rules/JoinPushThroughJoinRule.java,0,0,0.10088090955596694
1.7.0,core/src/main/java/org/apache/calcite/rel/rules/ProjectMultiJoinMergeRule.java,0,0,0.005229229514334448
1.7.0,core/src/main/java/org/apache/calcite/rel/rules/ProjectSortTransposeRule.java,0,0,0.017380370875900997
1.7.0,core/src/main/java/org/apache/calcite/rel/rules/SemiJoinProjectTransposeRule.java,1,0,0.02007119940412997
1.7.0,core/src/main/java/org/apache/calcite/rel/rules/UnionMergeRule.java,0,0,0.0014991747616408726
1.7.0,core/src/main/java/org/apache/calcite/rel/rules/UnionToDistinctRule.java,0,0,6.268835371997815e-05
1.7.0,core/src/main/java/org/apache/calcite/interpreter/Interpreter.java,0,0,2.5430530377048085e-05
1.7.0,linq4j/src/main/java/org/apache/calcite/linq4j/Ord.java,0,0,2.6519436629353864e-13
1.7.0,linq4j/src/main/java/org/apache/calcite/linq4j/TransformedEnumerator.java,0,0,1.299585678269384e-09
1.7.0,core/src/main/java/org/apache/calcite/interpreter/Bindables.java,0,0,0.05433849027519985
1.7.0,core/src/main/java/org/apache/calcite/plan/ConventionTraitDef.java,1,1,0.9710632102752433
1.7.0,core/src/main/java/org/apache/calcite/rel/RelNode.java,0,0,0.003910043022758708
1.7.0,core/src/main/java/org/apache/calcite/rel/SingleRel.java,0,0,0.09079036327328417
1.7.0,core/src/main/java/org/apache/calcite/util/NumberUtil.java,0,0,0.12656004598214415
1.7.0,core/src/main/java/org/apache/calcite/adapter/enumerable/EnumerableCalc.java,0,0,4.692525962190463e-06
1.7.0,core/src/main/java/org/apache/calcite/adapter/enumerable/EnumerableFilter.java,0,0,2.0254571477819257e-08
1.7.0,core/src/main/java/org/apache/calcite/adapter/enumerable/EnumerableInterpreter.java,0,0,0.0036280012956270828
1.7.0,core/src/main/java/org/apache/calcite/adapter/enumerable/EnumerableJoin.java,0,0,0.0003863157133392284
1.7.0,core/src/main/java/org/apache/calcite/adapter/enumerable/EnumerableLimit.java,0,0,2.485415776922833e-07
1.7.0,core/src/main/java/org/apache/calcite/adapter/enumerable/EnumerableMergeJoin.java,1,1,0.9672614193663344
1.7.0,core/src/main/java/org/apache/calcite/adapter/enumerable/EnumerableProject.java,0,0,0.03951997341331118
1.7.0,core/src/main/java/org/apache/calcite/adapter/enumerable/EnumerableSemiJoin.java,0,0,0.01985613738928293
1.7.0,core/src/main/java/org/apache/calcite/adapter/enumerable/EnumerableThetaJoin.java,0,0,0.048369716734508024
1.7.0,core/src/main/java/org/apache/calcite/adapter/enumerable/EnumerableValues.java,0,0,2.504530863741103e-05
1.7.0,core/src/main/java/org/apache/calcite/adapter/enumerable/EnumerableWindow.java,0,0,0.020203346777578547
1.7.0,core/src/main/java/org/apache/calcite/adapter/jdbc/JdbcToEnumerableConverter.java,0,0,0.01580354583069032
1.7.0,core/src/main/java/org/apache/calcite/plan/hep/HepRelVertex.java,0,0,0.0003177721445554076
1.7.0,core/src/main/java/org/apache/calcite/plan/volcano/AbstractConverter.java,0,0,8.804272127384525e-07
1.7.0,core/src/main/java/org/apache/calcite/rel/convert/ConverterImpl.java,0,0,0.0017370851637634464
1.7.0,core/src/main/java/org/apache/calcite/rel/core/Calc.java,0,0,1.4751821489321807e-05
1.7.0,core/src/main/java/org/apache/calcite/rel/core/Correlate.java,0,0,0.0028072811439096147
1.7.0,core/src/main/java/org/apache/calcite/rel/core/Exchange.java,0,0,0.00025794748399491865
1.7.0,core/src/main/java/org/apache/calcite/rel/core/Filter.java,0,0,0.004503043538565712
1.7.0,core/src/main/java/org/apache/calcite/rel/core/Intersect.java,0,0,0.00040423781373788843
1.7.0,core/src/main/java/org/apache/calcite/rel/core/Minus.java,0,0,0.006365006579370869
1.7.0,core/src/main/java/org/apache/calcite/rel/core/SemiJoin.java,1,0,5.9906937357573944e-05
1.7.0,core/src/main/java/org/apache/calcite/rel/core/Sort.java,0,0,0.0019357421818157632
1.7.0,core/src/main/java/org/apache/calcite/rel/core/TableFunctionScan.java,0,0,0.009994053221024982
1.7.0,core/src/main/java/org/apache/calcite/rel/core/TableModify.java,0,0,0.021440724496693608
1.7.0,core/src/main/java/org/apache/calcite/rel/core/TableScan.java,0,0,0.0754437437710773
1.7.0,core/src/main/java/org/apache/calcite/rel/core/Union.java,0,0,0.15920921101545515
1.7.0,core/src/main/java/org/apache/calcite/rel/core/Values.java,0,0,0.08897871354099991
1.7.0,core/src/main/java/org/apache/calcite/rel/core/Window.java,0,0,0.008351442449235679
1.7.0,core/src/main/java/org/apache/calcite/rel/externalize/RelWriterImpl.java,0,0,0.030880370003983387
1.7.0,core/src/main/java/org/apache/calcite/rel/logical/LogicalCalc.java,0,0,1.7766642389470781e-10
1.7.0,core/src/main/java/org/apache/calcite/rel/logical/LogicalFilter.java,0,0,0.0005860824941467134
1.7.0,core/src/main/java/org/apache/calcite/rel/logical/LogicalProject.java,0,0,0.0006709390554684052
1.7.0,core/src/main/java/org/apache/calcite/rel/logical/LogicalTableFunctionScan.java,0,0,0.0001360473592280889
1.7.0,core/src/main/java/org/apache/calcite/rel/logical/LogicalValues.java,0,0,3.0432251534463836e-07
1.7.0,core/src/main/java/org/apache/calcite/rel/metadata/CyclicMetadataException.java,0,0,7.901898769921718e-05
1.7.0,core/src/main/java/org/apache/calcite/rel/metadata/MetadataFactory.java,0,0,6.568514021391608e-15
1.7.0,core/src/main/java/org/apache/calcite/rel/metadata/RelMdUtil.java,1,1,0.9999998307007447
1.7.0,core/src/main/java/org/apache/calcite/rel/metadata/UnboundMetadata.java,0,0,6.628886603032234e-11
1.7.0,core/src/main/java/org/apache/calcite/rel/rules/AggregateFilterTransposeRule.java,0,0,0.025878553506888696
1.7.0,core/src/main/java/org/apache/calcite/rel/rules/AggregateJoinTransposeRule.java,1,1,0.9869098347202866
1.7.0,core/src/main/java/org/apache/calcite/rel/rules/AggregateProjectPullUpConstantsRule.java,1,1,0.925743393426465
1.7.0,core/src/main/java/org/apache/calcite/rel/rules/AggregateStarTableRule.java,0,0,5.5313214394053275e-05
1.7.0,core/src/main/java/org/apache/calcite/rel/rules/AggregateUnionTransposeRule.java,0,0,0.13454878275935453
1.7.0,core/src/main/java/org/apache/calcite/rel/rules/JoinPushTransitivePredicatesRule.java,0,0,0.0017192961004804676
1.7.0,core/src/main/java/org/apache/calcite/rel/rules/LoptMultiJoin.java,0,0,2.3109679496199545e-06
1.7.0,core/src/main/java/org/apache/calcite/rel/rules/LoptOptimizeJoinRule.java,0,0,0.003524271045152101
1.7.0,core/src/main/java/org/apache/calcite/rel/rules/LoptSemiJoinOptimizer.java,0,0,0.004460195535087197
1.7.0,core/src/main/java/org/apache/calcite/rel/rules/MultiJoinOptimizeBushyRule.java,0,0,0.04258045245141704
1.7.0,core/src/main/java/org/apache/calcite/rel/rules/SortJoinTransposeRule.java,0,0,0.2813884187011432
1.7.0,core/src/main/java/org/apache/calcite/rel/rules/SortUnionTransposeRule.java,0,0,0.0018357786734543656
1.7.0,core/src/main/java/org/apache/calcite/schema/impl/StarTable.java,0,0,0.0073411678253086235
1.7.0,mongodb/src/main/java/org/apache/calcite/adapter/mongodb/MongoFilter.java,0,0,0.05225638783052864
1.7.0,mongodb/src/main/java/org/apache/calcite/adapter/mongodb/MongoProject.java,0,0,0.02078529707470347
1.7.0,mongodb/src/main/java/org/apache/calcite/adapter/mongodb/MongoSort.java,0,0,0.0053965393097070965
1.7.0,mongodb/src/main/java/org/apache/calcite/adapter/mongodb/MongoTableScan.java,0,0,0.08872226472616734
1.7.0,mongodb/src/main/java/org/apache/calcite/adapter/mongodb/MongoToEnumerableConverter.java,0,1,0.9638793788360476
1.7.0,spark/src/main/java/org/apache/calcite/adapter/spark/EnumerableToSparkConverter.java,0,0,0.0005604368236178507
1.7.0,spark/src/main/java/org/apache/calcite/adapter/spark/JdbcToSparkConverter.java,0,0,0.3789524211294033
1.7.0,spark/src/main/java/org/apache/calcite/adapter/spark/SparkRules.java,0,0,0.11073235943244952
1.7.0,spark/src/main/java/org/apache/calcite/adapter/spark/SparkToEnumerableConverter.java,0,0,0.0004386330587860865
1.7.0,core/src/main/java/org/apache/calcite/plan/RelOptQuery.java,0,0,0.0069241542515805585
1.7.0,core/src/main/java/org/apache/calcite/rex/LogicVisitor.java,1,0,0.4564104348223305
1.7.0,core/src/main/java/org/apache/calcite/rex/RexBiVisitor.java,0,0,3.2904292802573313e-13
1.7.0,core/src/main/java/org/apache/calcite/rex/RexCall.java,0,0,0.0016158637889237468
1.7.0,core/src/main/java/org/apache/calcite/rex/RexDynamicParam.java,0,0,0.01100730147340674
1.7.0,core/src/main/java/org/apache/calcite/rex/RexFieldAccess.java,0,0,1.9427598699644283e-05
1.7.0,core/src/main/java/org/apache/calcite/rex/RexInputRef.java,0,0,0.0006147118771973725
1.7.0,core/src/main/java/org/apache/calcite/rex/RexNode.java,0,0,3.8362866068181283e-07
1.7.0,core/src/main/java/org/apache/calcite/rex/RexOver.java,0,0,0.03860450740121393
1.7.0,core/src/main/java/org/apache/calcite/rex/RexRangeRef.java,0,0,0.009383042957278953
1.7.0,core/src/main/java/org/apache/calcite/rex/RexShuttle.java,0,0,1.4057332918707682e-05
1.7.0,core/src/main/java/org/apache/calcite/rex/RexSubQuery.java,0,0,0.029353730738721516
1.7.0,core/src/main/java/org/apache/calcite/rex/RexVisitor.java,0,0,2.0965657006099216e-13
1.7.0,core/src/main/java/org/apache/calcite/rex/RexVisitorImpl.java,0,0,0.008111897510846396
1.7.0,core/src/main/java/org/apache/calcite/sql2rel/DeduplicateCorrelateVariables.java,0,0,2.277864400601534e-06
1.7.0,core/src/main/java/org/apache/calcite/sql2rel/RelStructuredTypeFlattener.java,0,0,1.3221692673566964e-12
1.7.0,core/src/main/java/org/apache/calcite/util/Bug.java,0,0,3.4061937280451727e-12
1.7.0,core/src/main/java/org/apache/calcite/adapter/enumerable/EnumerableJoinRule.java,0,0,0.0015103140174810928
1.7.0,core/src/main/java/org/apache/calcite/rel/core/CorrelationId.java,0,1,0.6350404213827736
1.7.0,core/src/main/java/org/apache/calcite/rel/core/EquiJoin.java,0,0,0.007759521670749609
1.7.0,core/src/main/java/org/apache/calcite/rel/core/RelFactories.java,0,0,0.003888591970581588
1.7.0,core/src/main/java/org/apache/calcite/rel/externalize/RelJson.java,0,0,0.07865331408673028
1.7.0,core/src/main/java/org/apache/calcite/rel/logical/LogicalCorrelate.java,0,0,0.0022553104945985656
1.7.0,core/src/main/java/org/apache/calcite/rel/logical/LogicalJoin.java,0,0,0.004148514946144635
1.7.0,core/src/main/java/org/apache/calcite/rel/rules/EquiJoin.java,0,0,3.5761094619657575e-08
1.7.0,core/src/main/java/org/apache/calcite/rel/rules/JoinToCorrelateRule.java,0,0,1.236195678840247e-10
1.7.0,core/src/main/java/org/apache/calcite/rel/stream/StreamRules.java,0,0,0.0011139170724830496
1.7.0,core/src/main/java/org/apache/calcite/materialize/TileSuggester.java,0,0,0.0005822888216740633
1.7.0,core/src/main/java/org/apache/calcite/rel/RelNodes.java,0,0,7.109863626287734e-06
1.7.0,core/src/main/java/org/apache/calcite/adapter/jdbc/JdbcConvention.java,0,0,1.145580494039474e-05
1.7.0,core/src/main/java/org/apache/calcite/sql/SqlWriter.java,0,0,1.314413531813118e-13
1.7.0,core/src/main/java/org/apache/calcite/sql/SqlSetOption.java,1,1,0.991031943429985
1.7.0,core/src/main/java/org/apache/calcite/rel/rules/LoptJoinTree.java,0,0,9.757157550553719e-06
1.7.0,core/src/main/java/org/apache/calcite/schema/SchemaPlus.java,0,0,0.0018863073238365139
1.7.0,core/src/main/java/org/apache/calcite/sql/SqlNode.java,0,0,6.394133571571315e-06
1.7.0,core/src/main/java/org/apache/calcite/sql/type/BasicSqlType.java,0,0,0.42145640803407297
1.7.0,core/src/main/java/org/apache/calcite/jdbc/CalcitePreparedStatement.java,0,0,0.23106523089102177
1.7.0,core/src/main/java/org/apache/calcite/jdbc/MetadataSchema.java,0,0,9.228175006837463e-09
1.7.0,core/src/main/java/org/apache/calcite/runtime/ArrayEnumeratorCursor.java,0,0,8.268085329640312e-06
1.7.0,core/src/main/java/org/apache/calcite/runtime/EnumeratorCursor.java,0,0,4.0209676913712685e-05
1.7.0,core/src/main/java/org/apache/calcite/runtime/ObjectEnumeratorCursor.java,0,0,0.0003878310708608716
1.7.0,core/src/main/java/org/apache/calcite/runtime/RecordEnumeratorCursor.java,0,0,0.006098569928259069
1.7.0,core/src/main/java/org/apache/calcite/server/CalciteServer.java,0,0,1.5122118062971238e-12
1.7.0,core/src/main/java/org/apache/calcite/sql/SqlDateLiteral.java,0,0,0.1645337414115237
1.7.0,core/src/main/java/org/apache/calcite/util/ZonelessDate.java,0,0,7.50762561304586e-05
1.7.0,core/src/main/java/org/apache/calcite/util/ZonelessDatetime.java,0,0,5.1543843914726496e-05
1.7.0,core/src/main/java/org/apache/calcite/util/ZonelessTime.java,0,0,0.00020201144912668193
1.7.0,core/src/main/java/org/apache/calcite/util/ZonelessTimestamp.java,0,0,0.025495120599002632
1.7.0,core/src/main/java/org/apache/calcite/adapter/clone/ListTable.java,0,0,0.00022926897935497022
1.7.0,core/src/main/java/org/apache/calcite/sql/type/IntervalSqlType.java,0,0,0.01914557694347529
1.7.0,splunk/src/main/java/org/apache/calcite/adapter/splunk/SplunkQuery.java,0,0,0.009562738275805895
1.7.0,linq4j/src/main/java/org/apache/calcite/linq4j/AbstractEnumerable2.java,0,0,2.790752923698436e-11
1.7.0,core/src/main/java/org/apache/calcite/rel/type/RelDataTypeSystem.java,0,0,4.078708799306001e-11
1.7.0,core/src/main/java/org/apache/calcite/rel/type/RelDataTypeSystemImpl.java,1,0,0.02844154227781462
1.7.0,core/src/main/java/org/apache/calcite/jdbc/CalcitePrepare.java,0,0,5.663642739887104e-09
1.7.0,core/src/main/java/org/apache/calcite/model/ModelHandler.java,0,1,0.9484130948753559
1.7.0,core/src/main/java/org/apache/calcite/rel/RelShuttleImpl.java,0,0,0.19983433075206938
1.7.0,core/src/main/java/org/apache/calcite/util/PartiallyOrderedSet.java,0,0,2.8729724160375208e-06
1.7.0,core/src/main/java/org/apache/calcite/util/Stacks.java,0,0,0.0035883293767011346
1.7.0,core/src/main/java/org/apache/calcite/util/StackWriter.java,0,0,0.01102960718111208
1.7.0,core/src/main/java/org/apache/calcite/util/XmlOutput.java,0,0,3.137475350786136e-16
1.7.0,core/src/main/java/org/apache/calcite/sql/validate/AggChecker.java,0,0,0.14053052835291885
1.7.0,core/src/main/java/org/apache/calcite/sql/validate/AggregatingSelectScope.java,0,0,0.13323339555167277
1.7.0,core/src/main/java/org/apache/calcite/sql/validate/OverScope.java,0,0,0.001107879462481698
1.7.0,core/src/main/java/org/apache/calcite/sql/validate/SelectScope.java,0,1,0.5240752406273228
1.7.0,core/src/main/java/org/apache/calcite/sql/validate/SqlValidatorUtil.java,1,0,0.024531428989408185
1.7.0,core/src/main/java/org/apache/calcite/rex/RexCallBinding.java,1,1,0.9811081991639954
1.7.0,core/src/main/java/org/apache/calcite/plan/RelOptUtil.java,1,1,0.9999967599199678
1.7.0,core/src/main/java/org/apache/calcite/rex/RexChecker.java,0,0,6.786888890883591e-05
1.7.0,core/src/main/java/org/apache/calcite/rex/RexLiteral.java,0,0,0.0013672735563952138
1.7.0,core/src/main/java/org/apache/calcite/rex/RexProgram.java,0,0,6.387861332193319e-05
1.7.0,core/src/main/java/org/apache/calcite/sql/SqlBinaryOperator.java,0,1,0.8669908385394031
1.7.0,core/src/main/java/org/apache/calcite/sql/SqlCall.java,1,1,0.958762673565986
1.7.0,core/src/main/java/org/apache/calcite/sql/SqlDataTypeSpec.java,0,0,0.008649538526152963
1.7.0,core/src/main/java/org/apache/calcite/sql/SqlDynamicParam.java,0,0,0.35617773039808337
1.7.0,core/src/main/java/org/apache/calcite/sql/SqlIdentifier.java,0,0,7.984076268013081e-08
1.7.0,core/src/main/java/org/apache/calcite/sql/SqlIntervalQualifier.java,1,1,0.9999999998409015
1.7.0,core/src/main/java/org/apache/calcite/sql/SqlNodeList.java,0,0,0.017510162722091212
1.7.0,core/src/main/java/org/apache/calcite/sql/SqlPostfixOperator.java,0,0,0.3701036714525014
1.7.0,core/src/main/java/org/apache/calcite/sql/SqlPrefixOperator.java,0,0,0.31248238908677056
1.7.0,core/src/main/java/org/apache/calcite/sql2rel/RelDecorrelator.java,1,1,0.9646687422645183
1.7.0,core/src/main/java/org/apache/calcite/util/Litmus.java,0,0,1.2312634684635497e-14
1.7.0,core/src/main/java/org/apache/calcite/rel/core/Aggregate.java,0,1,0.9988762086215717
1.7.0,core/src/main/java/org/apache/calcite/rel/core/Join.java,1,0,0.0004802539138264495
1.7.0,core/src/main/java/org/apache/calcite/rel/core/Project.java,1,1,0.8807312970645147
1.7.0,core/src/main/java/org/apache/calcite/sql/fun/SqlInOperator.java,0,0,0.09806764857056949
1.7.0,core/src/main/java/org/apache/calcite/rel/BiRel.java,0,0,0.06021730694371451
1.7.0,linq4j/src/main/java/org/apache/calcite/linq4j/CorrelateJoinType.java,0,0,1.0972964315904297e-10
1.7.0,core/src/main/java/org/apache/calcite/util/TryThreadLocal.java,0,0,8.542262634293439e-11
1.7.0,core/src/main/java/org/apache/calcite/adapter/enumerable/AggImplementor.java,0,0,2.19442646010287e-14
1.7.0,core/src/main/java/org/apache/calcite/adapter/enumerable/EnumerableCorrelate.java,0,0,0.08363925096904917
1.7.0,core/src/main/java/org/apache/calcite/adapter/enumerable/impl/WinAggAddContextImpl.java,0,0,0.08606955985781098
1.7.0,linq4j/src/main/java/org/apache/calcite/linq4j/QueryableDefaults.java,0,0,8.080633583622853e-28
1.7.0,core/src/main/java/org/apache/calcite/sql/parser/SqlParser.java,0,0,4.226709109903099e-14
1.7.0,ubenchmark/src/main/java/org/apache/calcite/benchmarks/FlightRecorderProfiler.java,0,0,0.015357387740215514
1.7.0,ubenchmark/src/main/java/org/apache/calcite/benchmarks/ParserBenchmark.java,0,0,0.019773976629686673
1.7.0,ubenchmark/src/main/java/org/apache/calcite/benchmarks/PreconditionTest.java,0,0,0.15356260758455345
1.7.0,ubenchmark/src/main/java/org/apache/calcite/benchmarks/StatementTest.java,0,0,2.477135424597822e-08
1.7.0,core/src/main/java/org/apache/calcite/sql/type/SqlTypeFactoryImpl.java,0,1,0.8222220997971117
1.7.0,core/src/main/java/org/apache/calcite/rel/rules/FilterAggregateTransposeRule.java,0,0,0.20835494726478102
1.7.0,core/src/main/java/org/apache/calcite/jdbc/CalciteStatement.java,1,1,0.9545726731644338
1.7.0,core/src/main/java/org/apache/calcite/tools/RelRunner.java,0,0,2.906610283240014e-17
1.7.0,core/src/main/java/org/apache/calcite/tools/RelRunners.java,0,0,0.06856768124691445
1.7.0,core/src/main/java/org/apache/calcite/jdbc/CalciteMetaImpl.java,0,1,0.9834693894387707
1.7.0,core/src/main/java/org/apache/calcite/runtime/Enumerables.java,0,0,2.0068135448543106e-10
1.7.0,core/src/main/java/org/apache/calcite/runtime/CalciteResource.java,0,0,3.8495321289103124e-79
1.7.0,linq4j/src/main/java/org/apache/calcite/linq4j/tree/DeterministicCodeOptimizer.java,0,1,0.9059941710873917
1.7.0,core/src/main/java/org/apache/calcite/Demo.java,0,0,6.06431007866784e-10
1.7.0,core/src/main/java/org/apache/calcite/schema/Function.java,0,0,2.472388041702586e-19
1.7.0,core/src/main/java/org/apache/calcite/schema/SemiMutableSchema.java,0,0,2.2107587382967635e-13
1.7.0,core/src/main/java/org/apache/calcite/schema/TableMacro.java,0,0,5.8917643694202744e-21
1.7.0,core/src/main/java/org/apache/calcite/util/CancelFlag.java,0,0,6.630061723962951e-06
1.7.0,core/src/main/java/org/apache/calcite/util/ClosableAllocation.java,0,0,1.684588527732531e-19
1.7.0,core/src/main/java/org/apache/calcite/util/ClosableAllocationOwner.java,0,0,3.58023999522125e-18
1.7.0,core/src/main/java/org/apache/calcite/util/ControlFlowException.java,0,0,0.00906619598678651
1.7.0,core/src/main/java/org/apache/calcite/util/Glossary.java,0,0,0.00029454017427012316
1.7.0,core/src/main/java/org/apache/calcite/util/Holder.java,0,0,1.2365226337137007e-05
1.7.0,core/src/main/java/org/apache/calcite/util/ReflectiveVisitor.java,0,0,5.5302149463795e-12
1.7.0,core/src/main/java/org/apache/calcite/interpreter/Node.java,0,0,4.31667289165971e-14
1.7.0,core/src/main/java/org/apache/calcite/jdbc/SqlTimeoutException.java,0,0,3.2907125552842127e-10
1.7.0,core/src/main/java/org/apache/calcite/runtime/ArrayComparator.java,0,0,0.010372171690649004
1.7.0,core/src/main/java/org/apache/calcite/runtime/Hook.java,0,0,7.416505837789995e-09
1.7.0,core/src/main/java/org/apache/calcite/runtime/Like.java,1,1,0.9965579765760001
1.7.0,core/src/main/java/org/apache/calcite/runtime/Typed.java,0,0,4.415749918689992e-21
1.7.0,core/src/main/java/org/apache/calcite/runtime/Unit.java,0,0,4.623793779325937e-05
1.7.0,core/src/main/java/org/apache/calcite/tools/RelConversionException.java,0,0,3.198134567607822e-05
1.7.0,core/src/main/java/org/apache/calcite/tools/ValidationException.java,0,0,1.075538997850316e-05
1.7.0,core/src/main/java/org/apache/calcite/plan/CommonRelSubExprRule.java,0,0,4.549500677361053e-13
1.7.0,core/src/main/java/org/apache/calcite/plan/RelOptConnection.java,0,0,5.682040403605612e-17
1.7.0,core/src/main/java/org/apache/calcite/plan/RelOptCost.java,0,0,4.36963960901823e-11
1.7.0,core/src/main/java/org/apache/calcite/plan/RelOptCostFactory.java,0,0,5.555032711862105e-17
1.7.0,core/src/main/java/org/apache/calcite/plan/RelOptRuleOperandChildPolicy.java,0,0,7.443581010136461e-07
1.7.0,core/src/main/java/org/apache/calcite/plan/RelOptRuleOperandChildren.java,0,0,6.0054669597140755e-06
1.7.0,core/src/main/java/org/apache/calcite/plan/RelOptSamplingParameters.java,0,0,6.798837652969993e-06
1.7.0,core/src/main/java/org/apache/calcite/plan/RelOptSchemaWithSampling.java,0,0,1.9611580957849062e-21
1.7.0,core/src/main/java/org/apache/calcite/rel/InvalidRelException.java,0,0,1.6968156647639373e-05
1.7.0,core/src/main/java/org/apache/calcite/rel/RelVisitor.java,0,0,0.004102761814418204
1.7.0,core/src/main/java/org/apache/calcite/rex/RexAction.java,0,0,4.024180183379827e-15
1.7.0,core/src/main/java/org/apache/calcite/rex/RexPattern.java,0,0,6.473577625319623e-15
1.7.0,core/src/main/java/org/apache/calcite/rex/RexSqlConvertletTable.java,0,0,4.899188447170919e-19
1.7.0,core/src/main/java/org/apache/calcite/sql/SqlAccessEnum.java,0,0,3.142121514639299e-06
1.7.0,core/src/main/java/org/apache/calcite/sql/SqlNullSemantics.java,0,0,3.619993898848519e-07
1.7.0,core/src/main/java/org/apache/calcite/sql/SqlOperandCountRange.java,0,0,2.950505096379765e-16
1.7.0,core/src/main/java/org/apache/calcite/sql/SqlValuesOperator.java,0,0,0.017109119011582984
1.7.0,core/src/main/java/org/apache/calcite/util/graph/BreadthFirstIterator.java,0,0,0.004344342105221518
1.7.0,core/src/main/java/org/apache/calcite/util/graph/DirectedGraph.java,0,0,3.0358219408658944e-06
1.7.0,core/src/main/java/org/apache/calcite/util/mapping/AbstractSourceMapping.java,0,0,0.0003236326483564952
1.7.0,core/src/main/java/org/apache/calcite/util/mapping/AbstractTargetMapping.java,0,0,0.01124857022677602
1.7.0,core/src/main/java/org/apache/calcite/util/mapping/MappingType.java,0,0,7.690810884732448e-15
1.7.0,core/src/main/java/org/apache/calcite/util/javac/JavaCompiler.java,0,0,1.2319956427842452e-07
1.7.0,core/src/main/java/org/apache/calcite/adapter/enumerable/WinAggContext.java,0,0,1.1157594055159742e-13
1.7.0,core/src/main/java/org/apache/calcite/adapter/enumerable/WinAggImplementor.java,0,0,4.651893237183862e-08
1.7.0,core/src/main/java/org/apache/calcite/plan/hep/HepMatchOrder.java,0,0,1.1574886524979826e-06
1.7.0,core/src/main/java/org/apache/calcite/plan/volcano/VolcanoPlannerPhase.java,0,0,3.12870491189248e-07
1.7.0,core/src/main/java/org/apache/calcite/rel/core/JoinRelType.java,0,0,0.006525994133214698
1.7.0,core/src/main/java/org/apache/calcite/rel/metadata/RelColumnMapping.java,0,0,2.7378933224451964e-05
1.7.0,core/src/main/java/org/apache/calcite/rel/type/RelDataTypeFamily.java,0,0,9.584100963434963e-11
1.7.0,core/src/main/java/org/apache/calcite/rel/type/RelDataTypeField.java,0,0,1.1241539139553674e-20
1.7.0,core/src/main/java/org/apache/calcite/rel/type/RelDataTypePrecedenceList.java,0,0,7.819702442064588e-13
1.7.0,core/src/main/java/org/apache/calcite/sql/pretty/SqlFormatOptions.java,0,0,0.006840710946371585
1.7.0,core/src/main/java/org/apache/calcite/sql/type/ExtraSqlTypes.java,0,0,4.2308475983986446e-17
1.7.0,core/src/main/java/org/apache/calcite/sql/validate/SqlConformance.java,0,0,7.530769383672077e-08
1.7.0,core/src/main/java/org/apache/calcite/sql/validate/SqlMonotonicity.java,0,0,1.0463529203295167e-16
1.7.0,splunk/src/main/java/org/apache/calcite/adapter/splunk/search/SearchResultListener.java,0,0,0.0038961243236575135
1.7.0,linq4j/src/main/java/org/apache/calcite/linq4j/AbstractEnumerable.java,0,0,8.95581206659104e-06
1.7.0,linq4j/src/main/java/org/apache/calcite/linq4j/AbstractQueryable.java,0,0,2.3146935335491315e-12
1.7.0,linq4j/src/main/java/org/apache/calcite/linq4j/Enumerable.java,0,0,9.200379844942658e-41
1.7.0,linq4j/src/main/java/org/apache/calcite/linq4j/Grouping.java,0,0,2.0582517541901403e-34
1.7.0,linq4j/src/main/java/org/apache/calcite/linq4j/OpType.java,0,0,8.372268784914047e-13
1.7.0,linq4j/src/main/java/org/apache/calcite/linq4j/OrderedEnumerable.java,0,0,1.0069092250684039e-25
1.7.0,linq4j/src/main/java/org/apache/calcite/linq4j/OrderedQueryable.java,0,0,8.250519006978375e-31
1.7.0,linq4j/src/main/java/org/apache/calcite/linq4j/Queryable.java,0,0,3.109288463145105e-29
1.7.0,linq4j/src/main/java/org/apache/calcite/linq4j/RawEnumerable.java,0,0,1.466231579376751e-33
1.7.0,linq4j/src/main/java/org/apache/calcite/linq4j/function/BigDecimalFunction1.java,0,0,1.6226967823668644e-13
1.7.0,linq4j/src/main/java/org/apache/calcite/linq4j/function/Deterministic.java,0,0,3.9140952661488555e-15
1.7.0,linq4j/src/main/java/org/apache/calcite/linq4j/function/DoubleFunction1.java,0,0,2.6125824068248055e-16
1.7.0,linq4j/src/main/java/org/apache/calcite/linq4j/function/EqualityComparer.java,0,0,2.339686150043378e-10
1.7.0,linq4j/src/main/java/org/apache/calcite/linq4j/function/FloatFunction1.java,0,0,2.6125824068248055e-16
1.7.0,linq4j/src/main/java/org/apache/calcite/linq4j/function/Function.java,0,0,1.159153911772796e-11
1.7.0,linq4j/src/main/java/org/apache/calcite/linq4j/function/Function0.java,0,0,7.707623295457794e-18
1.7.0,linq4j/src/main/java/org/apache/calcite/linq4j/function/Function1.java,0,0,4.4244798256117e-17
1.7.0,linq4j/src/main/java/org/apache/calcite/linq4j/function/Function2.java,0,0,5.4185170097792924e-18
1.7.0,linq4j/src/main/java/org/apache/calcite/linq4j/function/IntegerFunction1.java,0,0,2.6656289299356886e-15
1.7.0,linq4j/src/main/java/org/apache/calcite/linq4j/function/LongFunction1.java,0,0,2.6125824068248055e-16
1.7.0,linq4j/src/main/java/org/apache/calcite/linq4j/function/NonDeterministic.java,0,0,3.5493812686252334e-15
1.7.0,linq4j/src/main/java/org/apache/calcite/linq4j/function/NullableBigDecimalFunction1.java,0,0,1.0624502552266327e-13
1.7.0,linq4j/src/main/java/org/apache/calcite/linq4j/function/NullableDoubleFunction1.java,0,0,2.4461726828521256e-13
1.7.0,linq4j/src/main/java/org/apache/calcite/linq4j/function/NullableFloatFunction1.java,0,0,2.4461726828521256e-13
1.7.0,linq4j/src/main/java/org/apache/calcite/linq4j/function/NullableIntegerFunction1.java,0,0,2.4461726828521256e-13
1.7.0,linq4j/src/main/java/org/apache/calcite/linq4j/function/NullableLongFunction1.java,0,0,2.4461726828521256e-13
1.7.0,linq4j/src/main/java/org/apache/calcite/linq4j/function/Predicate1.java,0,0,8.61847307868974e-15
1.7.0,linq4j/src/main/java/org/apache/calcite/linq4j/function/Predicate2.java,0,0,3.97769170654147e-14
1.7.0,linq4j/src/main/java/org/apache/calcite/linq4j/tree/CallSiteBinder.java,0,0,7.209628631919158e-13
1.7.0,linq4j/src/main/java/org/apache/calcite/linq4j/tree/ElementInit.java,0,0,2.0223612860815737e-09
1.7.0,linq4j/src/main/java/org/apache/calcite/linq4j/tree/Evaluator.java,0,0,0.006054534553996255
1.7.0,linq4j/src/main/java/org/apache/calcite/linq4j/tree/ExpressionType.java,0,0,0.011174766062997245
1.7.0,linq4j/src/main/java/org/apache/calcite/linq4j/tree/GotoExpressionKind.java,0,0,0.0001321519233440807
1.7.0,core/src/main/java/org/apache/calcite/sql/util/ChainedSqlOperatorTable.java,0,0,0.24634296818303297
1.7.0,linq4j/src/main/java/org/apache/calcite/linq4j/tree/MemberAssignment.java,0,0,1.4634824846501241e-09
1.7.0,linq4j/src/main/java/org/apache/calcite/linq4j/tree/MemberBinding.java,0,0,9.165418778866465e-10
1.7.0,linq4j/src/main/java/org/apache/calcite/linq4j/tree/MemberDeclaration.java,0,0,1.622046999014072e-06
1.7.0,linq4j/src/main/java/org/apache/calcite/linq4j/tree/MemberListBinding.java,0,0,1.517268759103054e-09
1.7.0,linq4j/src/main/java/org/apache/calcite/linq4j/tree/MemberMemberBinding.java,0,0,1.4634824846501241e-09
1.7.0,linq4j/src/main/java/org/apache/calcite/linq4j/tree/Node.java,0,0,1.3946042390509822e-12
1.7.0,linq4j/src/main/java/org/apache/calcite/linq4j/tree/PseudoField.java,0,0,1.7441707800309126e-12
1.7.0,linq4j/src/main/java/org/apache/calcite/linq4j/tree/SwitchCase.java,0,0,1.9506697822062327e-09
1.7.0,core/src/main/java/org/apache/calcite/rel/logical/LogicalAggregate.java,0,0,0.00026795855301981554
1.7.0,core/src/main/java/org/apache/calcite/config/Lex.java,0,0,2.9549622678118378e-05
1.7.0,core/src/main/java/org/apache/calcite/rel/rules/SortProjectTransposeRule.java,1,1,0.6425389980846371
1.7.0,core/src/main/java/org/apache/calcite/sql2rel/SqlNodeToRexConverterImpl.java,0,1,0.8976731410911827
1.7.0,core/src/main/java/org/apache/calcite/plan/RelOptPredicateList.java,0,0,0.0011709532059692442
1.7.0,core/src/main/java/org/apache/calcite/util/ImmutableNullableList.java,0,0,0.029676313056258393
1.7.0,core/src/main/java/org/apache/calcite/plan/RelOptCluster.java,0,0,0.23934871241184358
1.7.0,core/src/main/java/org/apache/calcite/plan/RelOptMaterialization.java,0,0,3.9619875807638705e-08
1.7.0,core/src/main/java/org/apache/calcite/sql2rel/SqlToRelConverter.java,1,1,0.9999999999994902
1.7.0,core/src/main/java/org/apache/calcite/tools/Programs.java,0,0,1.1905988839560903e-08
1.7.0,core/src/main/java/org/apache/calcite/plan/volcano/VolcanoPlanner.java,1,1,0.9994430307354549
1.7.0,core/src/main/java/org/apache/calcite/rel/metadata/BuiltInMetadata.java,0,0,3.3868601799620056e-59
1.7.0,core/src/main/java/org/apache/calcite/rel/metadata/DefaultRelMetadataProvider.java,0,0,0.06838813677938368
1.7.0,core/src/main/java/org/apache/calcite/rel/metadata/MetadataDef.java,0,0,0.0029081829185796113
1.7.0,core/src/main/java/org/apache/calcite/rel/metadata/MetadataHandler.java,0,0,2.4837738948458416e-08
1.7.0,core/src/main/java/org/apache/calcite/rel/metadata/NullSentinel.java,0,0,2.593347533105111e-16
1.7.0,core/src/main/java/org/apache/calcite/rel/metadata/RelMdCollation.java,1,1,0.9997124873326481
1.7.0,core/src/main/java/org/apache/calcite/rel/metadata/RelMdColumnOrigins.java,0,1,0.6018936308588609
1.7.0,core/src/main/java/org/apache/calcite/rel/metadata/RelMdColumnUniqueness.java,1,1,0.9309865149516812
1.7.0,core/src/main/java/org/apache/calcite/rel/metadata/RelMdDistinctRowCount.java,0,0,0.013936099185818179
1.7.0,core/src/main/java/org/apache/calcite/rel/metadata/RelMdDistribution.java,0,0,0.425866222287549
1.7.0,core/src/main/java/org/apache/calcite/rel/metadata/RelMdExplainVisibility.java,0,0,0.003356712718923719
1.7.0,core/src/main/java/org/apache/calcite/rel/metadata/RelMdMaxRowCount.java,0,0,0.007344900221052375
1.7.0,core/src/main/java/org/apache/calcite/rel/metadata/RelMdMemory.java,0,0,0.4167247022075659
1.7.0,core/src/main/java/org/apache/calcite/rel/metadata/RelMdParallelism.java,0,0,0.12648804524569796
1.7.0,core/src/main/java/org/apache/calcite/rel/metadata/RelMdPercentageOriginalRows.java,0,1,0.5008330627667964
1.7.0,core/src/main/java/org/apache/calcite/rel/metadata/RelMdPopulationSize.java,0,0,0.02327614318646041
1.7.0,core/src/main/java/org/apache/calcite/rel/metadata/RelMdPredicates.java,1,0,0.47429773925294383
1.7.0,core/src/main/java/org/apache/calcite/rel/metadata/RelMdRowCount.java,0,1,0.7392897580423982
1.7.0,core/src/main/java/org/apache/calcite/rel/metadata/RelMdSelectivity.java,0,0,0.34307973763700367
1.7.0,core/src/main/java/org/apache/calcite/rel/metadata/RelMdSize.java,0,1,0.5029735163132887
1.7.0,core/src/main/java/org/apache/calcite/rel/metadata/RelMdUniqueKeys.java,0,1,0.9117230839562239
1.7.0,core/src/main/java/org/apache/calcite/rel/rules/PruneEmptyRules.java,0,0,0.1454580296645476
1.7.0,core/src/main/java/org/apache/calcite/adapter/jdbc/JdbcTable.java,0,1,0.919857706142332
1.7.0,core/src/main/java/org/apache/calcite/adapter/enumerable/EnumerableTableFunctionScan.java,0,0,0.26452251941794164
1.7.0,core/src/main/java/org/apache/calcite/schema/impl/TableFunctionImpl.java,0,0,0.00039500132011818984
1.7.0,spark/src/main/java/org/apache/calcite/adapter/spark/HttpServer.java,0,0,0.04418559341283287
1.7.0,core/src/main/java/org/apache/calcite/util/BitSets.java,0,0,1.3367900469395513e-10
1.7.0,core/src/main/java/org/apache/calcite/sql/SqlInfixOperator.java,0,1,0.6347868863069895
1.7.0,core/src/main/java/org/apache/calcite/sql/SqlInternalOperator.java,0,1,0.5196777461111579
1.7.0,core/src/main/java/org/apache/calcite/sql/SqlSpecialOperator.java,0,0,0.3558319034039159
1.7.0,core/src/main/java/org/apache/calcite/sql/SqlUpdate.java,1,1,0.8320320086380415
1.7.0,core/src/main/java/org/apache/calcite/sql/SqlWith.java,0,1,0.6753162947515269
1.7.0,core/src/main/java/org/apache/calcite/sql/SqlWithItem.java,0,1,0.8106835881269043
1.7.0,core/src/main/java/org/apache/calcite/sql/fun/SqlExtendOperator.java,0,0,0.30054673736149196
1.7.0,core/src/main/java/org/apache/calcite/sql/fun/SqlRollupOperator.java,0,0,0.0008332651278151691
1.7.0,core/src/main/java/org/apache/calcite/sql/SqlSplittableAggFunction.java,1,1,0.999999999999994
1.7.0,core/src/main/java/org/apache/calcite/rex/RexCopier.java,0,0,0.10738461151913659
1.7.0,core/src/main/java/org/apache/calcite/schema/ModifiableTable.java,0,0,5.496173579151409e-09
1.7.0,core/src/main/java/org/apache/calcite/schema/ModifiableView.java,0,0,1.9196390413550086e-13
1.7.0,linq4j/src/main/java/org/apache/calcite/linq4j/tree/Expressions.java,0,0,0.004570019289254464
1.7.0,core/src/main/java/org/apache/calcite/rel/core/SetOp.java,0,0,0.0008868551801459825
1.7.0,core/src/main/java/org/apache/calcite/sql/SqlTimeLiteral.java,0,0,0.0004265775684199233
1.7.0,core/src/main/java/org/apache/calcite/sql/SqlTimestampLiteral.java,0,0,7.07945249459033e-06
1.7.0,core/src/main/java/org/apache/calcite/sql/type/ComparableOperandTypeChecker.java,0,0,0.0033525537740717926
1.7.0,core/src/main/java/org/apache/calcite/jdbc/Driver.java,0,0,0.16455301399932154
1.7.0,linq4j/src/main/java/org/apache/calcite/linq4j/Enumerator.java,0,0,6.675504072731073e-17
1.7.0,linq4j/src/main/java/org/apache/calcite/linq4j/Linq4j.java,0,0,4.536837951959105e-13
1.7.0,core/src/main/java/org/apache/calcite/rel/rules/ProjectWindowTransposeRule.java,0,0,0.11117506621484502
1.7.0,core/src/main/java/org/apache/calcite/interpreter/Sink.java,0,0,0.021222097590846766
1.7.0,core/src/main/java/org/apache/calcite/sql/validate/SelectNamespace.java,0,1,0.9964085767675335
1.7.0,linq4j/src/main/java/org/apache/calcite/linq4j/DelegatingEnumerator.java,0,0,2.6164479973639557e-08
1.7.0,core/src/main/java/org/apache/calcite/adapter/enumerable/EnumerableSemiJoinRule.java,0,0,5.382427030505457e-05
1.7.0,core/src/main/java/org/apache/calcite/rel/rules/JoinAddRedundantSemiJoinRule.java,0,0,0.041405139716130905
1.7.0,core/src/main/java/org/apache/calcite/rel/rules/SemiJoinFilterTransposeRule.java,0,0,0.0035035789103948305
1.7.0,core/src/main/java/org/apache/calcite/rel/rules/SemiJoinJoinTransposeRule.java,0,0,0.011555879231460354
1.7.0,core/src/main/java/org/apache/calcite/interpreter/Source.java,0,0,1.531496169624557e-11
1.7.0,core/src/main/java/org/apache/calcite/rex/RexMultisetUtil.java,0,0,4.775296889854004e-06
1.7.0,core/src/main/java/org/apache/calcite/sql/JoinConditionType.java,0,0,2.5087780250461353e-19
1.7.0,core/src/main/java/org/apache/calcite/sql/JoinType.java,0,0,2.717730254809852e-19
1.7.0,core/src/main/java/org/apache/calcite/sql/SemiJoinType.java,0,0,2.741675556716706e-10
1.7.0,core/src/main/java/org/apache/calcite/sql/SqlExplain.java,0,0,9.529202410054298e-06
1.7.0,core/src/main/java/org/apache/calcite/sql/SqlExplainLevel.java,0,0,1.2542923217160205e-13
1.7.0,core/src/main/java/org/apache/calcite/sql/SqlInsert.java,0,0,0.0012888584338357513
1.7.0,core/src/main/java/org/apache/calcite/sql/SqlInsertKeyword.java,0,0,8.143103860444522e-16
1.7.0,core/src/main/java/org/apache/calcite/sql/SqlJoin.java,0,0,0.010739433184774041
1.7.0,core/src/main/java/org/apache/calcite/sql/SqlLiteral.java,1,1,0.5737411602859753
1.7.0,core/src/main/java/org/apache/calcite/sql/SqlSelect.java,1,1,0.9852403973961757
1.7.0,core/src/main/java/org/apache/calcite/sql/SqlSelectKeyword.java,0,0,9.374456452899573e-20
1.7.0,core/src/main/java/org/apache/calcite/rel/externalize/RelXmlWriter.java,0,0,9.551734558780153e-05
1.7.0,core/src/main/java/org/apache/calcite/rex/RexCorrelVariable.java,0,0,0.005210030240944452
1.7.0,core/src/main/java/org/apache/calcite/sql/SqlWindow.java,0,0,0.0009263081781104404
1.7.0,core/src/main/java/org/apache/calcite/sql2rel/CorrelationReferenceFinder.java,0,0,0.029941424029329103
1.7.0,core/src/main/java/org/apache/calcite/rel/rel2sql/SqlImplementor.java,1,1,0.9940380034892558
1.7.0,core/src/main/java/org/apache/calcite/sql/fun/SqlBetweenOperator.java,1,1,0.8246310598419225
1.7.0,core/src/main/java/org/apache/calcite/sql/fun/SqlTrimFunction.java,1,0,0.11599495434993815
1.7.0,core/src/main/java/org/apache/calcite/jdbc/CachingCalciteSchema.java,1,1,0.9703100040502611
1.7.0,core/src/main/java/org/apache/calcite/jdbc/CalciteConnectionImpl.java,0,0,0.18781929227076075
1.7.0,core/src/main/java/org/apache/calcite/jdbc/CalciteRootSchema.java,0,0,5.716285848130392e-09
1.7.0,core/src/main/java/org/apache/calcite/jdbc/CalciteSchema.java,1,1,0.9849261110435558
1.7.0,core/src/main/java/org/apache/calcite/jdbc/SimpleCalciteSchema.java,0,1,0.7853468591936265
1.7.0,core/src/main/java/org/apache/calcite/schema/Schemas.java,0,0,0.1073422959935665
1.7.0,core/src/main/java/org/apache/calcite/sql/SqlUnresolvedFunction.java,0,0,0.010939432511219798
1.7.0,core/src/main/java/org/apache/calcite/plan/AbstractRelOptPlanner.java,0,0,0.002184132860720618
1.7.0,core/src/main/java/org/apache/calcite/plan/RelOptPlanner.java,0,0,3.451401872575246e-32
1.7.0,core/src/main/java/org/apache/calcite/plan/RelOptRuleCall.java,0,0,0.3830943214714079
1.7.0,core/src/main/java/org/apache/calcite/plan/VisitorDataContext.java,0,0,0.027341974651638304
1.7.0,core/src/main/java/org/apache/calcite/prepare/Prepare.java,1,0,0.00010503793633636974
1.7.0,core/src/main/java/org/apache/calcite/rel/AbstractRelNode.java,1,1,0.9979660365151112
1.7.0,core/src/main/java/org/apache/calcite/runtime/CalciteException.java,0,0,9.206347774766351e-12
1.7.0,core/src/main/java/org/apache/calcite/runtime/ResultSetEnumerable.java,0,0,0.030995650297530864
1.7.0,core/src/main/java/org/apache/calcite/sql2rel/RelFieldTrimmer.java,0,0,0.11572492705993778
1.7.0,core/src/main/java/org/apache/calcite/util/Benchmark.java,0,0,0.019989207075816834
1.7.0,core/src/main/java/org/apache/calcite/adapter/enumerable/EnumerableRules.java,0,0,2.4536482028146344e-10
1.7.0,core/src/main/java/org/apache/calcite/adapter/jdbc/JdbcRules.java,0,0,0.0005840818336518413
1.7.0,core/src/main/java/org/apache/calcite/plan/hep/HepPlanner.java,1,1,0.998043634926356
1.7.0,core/src/main/java/org/apache/calcite/plan/volcano/RelSet.java,1,1,0.8991551146538218
1.7.0,core/src/main/java/org/apache/calcite/plan/volcano/RelSubset.java,0,1,0.7847277663939929
1.7.0,core/src/main/java/org/apache/calcite/plan/volcano/RuleQueue.java,0,0,0.0006576256023880497
1.7.0,core/src/main/java/org/apache/calcite/plan/volcano/VolcanoRuleCall.java,0,1,0.9450102068450584
1.7.0,core/src/main/java/org/apache/calcite/rel/rules/CalcRelSplitter.java,1,0,0.0036730697872187
1.7.0,core/src/main/java/org/apache/calcite/rel/rules/ValuesReduceRule.java,1,1,0.9961960510881206
1.7.0,core/src/main/java/org/apache/calcite/sql/advise/SqlAdvisor.java,0,0,7.564470907574233e-05
1.7.0,core/src/main/java/org/apache/calcite/sql/parser/SqlParserUtil.java,0,0,0.0040602729354682595
1.7.0,core/src/main/java/org/apache/calcite/sql/pretty/SqlPrettyWriter.java,0,0,5.84430963309404e-14
1.7.0,core/src/main/java/org/apache/calcite/sql/validate/SqlValidatorException.java,0,0,6.5106865534181454e-06
1.7.0,core/src/main/java/org/apache/calcite/sql/validate/SqlValidatorImpl.java,1,1,1.0
1.7.0,core/src/main/java/org/apache/calcite/util/trace/CalciteLogger.java,0,0,0.43000103496837716
1.7.0,core/src/main/java/org/apache/calcite/util/trace/CalciteTimingTracer.java,0,0,0.007143899572675898
1.7.0,core/src/main/java/org/apache/calcite/util/trace/CalciteTrace.java,0,0,1.2577273231779793e-07
1.7.0,mongodb/src/main/java/org/apache/calcite/adapter/mongodb/MongoRules.java,0,0,0.0002603510799858743
1.7.0,splunk/src/main/java/org/apache/calcite/adapter/splunk/SplunkPushDownRule.java,0,0,0.3476562284518929
1.7.0,splunk/src/main/java/org/apache/calcite/adapter/splunk/search/SplunkConnectionImpl.java,0,0,0.001933431536714058
1.7.0,splunk/src/main/java/org/apache/calcite/adapter/splunk/util/HttpUtils.java,0,0,1.4284860386314596e-06
1.7.0,splunk/src/main/java/org/apache/calcite/adapter/splunk/util/StringUtils.java,0,0,0.0006602982121036201
1.7.0,core/src/main/java/org/apache/calcite/model/JsonColumn.java,0,0,2.478130928342509e-09
1.7.0,core/src/main/java/org/apache/calcite/model/JsonCustomSchema.java,0,0,0.019413297447173267
1.7.0,core/src/main/java/org/apache/calcite/model/JsonCustomTable.java,0,0,0.001817004303100641
1.7.0,core/src/main/java/org/apache/calcite/model/JsonFunction.java,0,0,2.2335713470673866e-07
1.7.0,core/src/main/java/org/apache/calcite/model/JsonJdbcSchema.java,0,0,0.0005604082631324135
1.7.0,core/src/main/java/org/apache/calcite/prepare/RelOptTableImpl.java,0,0,0.035871723137021354
1.7.0,core/src/main/java/org/apache/calcite/model/JsonLattice.java,0,0,7.837907202473306e-05
1.7.0,core/src/main/java/org/apache/calcite/model/JsonMapSchema.java,0,0,0.22305727997544783
1.7.0,core/src/main/java/org/apache/calcite/model/JsonMeasure.java,0,0,4.01012568818676e-07
1.7.0,core/src/main/java/org/apache/calcite/model/JsonRoot.java,0,0,9.714800947027912e-11
1.7.0,core/src/main/java/org/apache/calcite/model/JsonSchema.java,0,0,1.3208397009992816e-05
1.7.0,core/src/main/java/org/apache/calcite/model/JsonStream.java,0,0,1.5013004337729755e-09
1.7.0,core/src/main/java/org/apache/calcite/model/JsonTable.java,0,0,8.620015817449466e-08
1.7.0,core/src/main/java/org/apache/calcite/model/JsonTile.java,0,0,4.931941658355286e-07
1.7.0,core/src/main/java/org/apache/calcite/model/JsonView.java,0,0,2.066198522125017e-05
1.7.0,core/src/main/java/org/apache/calcite/rel/rules/UnionEliminatorRule.java,0,0,0.00021931180031883792
1.7.0,core/src/main/java/org/apache/calcite/sql/parser/SqlAbstractParserImpl.java,0,0,0.005094031766469905
1.7.0,core/src/main/java/org/apache/calcite/interpreter/AggregateNode.java,1,1,0.9998550081960115
1.7.0,core/src/main/java/org/apache/calcite/interpreter/JaninoRexCompiler.java,0,0,1.8523140337561176e-08
1.7.0,core/src/main/java/org/apache/calcite/interpreter/JoinNode.java,0,0,0.15483312824258708
1.7.0,core/src/main/java/org/apache/calcite/interpreter/Nodes.java,0,0,8.345743193006225e-10
1.7.0,core/src/main/java/org/apache/calcite/interpreter/ProjectNode.java,0,0,0.004323372626085938
1.7.0,core/src/main/java/org/apache/calcite/interpreter/ValuesNode.java,0,0,0.012537567260252912
1.7.0,core/src/main/java/org/apache/calcite/sql/SqlFilterOperator.java,0,0,0.021687332700105255
1.7.0,core/src/main/java/org/apache/calcite/sql/SqlOverOperator.java,0,0,0.001213773981376411
1.7.0,core/src/main/java/org/apache/calcite/adapter/enumerable/AggAddContext.java,0,0,1.015407544360202e-19
1.7.0,core/src/main/java/org/apache/calcite/adapter/enumerable/EnumerableInterpreterRule.java,0,0,1.3827469876521257e-05
1.7.0,core/src/main/java/org/apache/calcite/adapter/enumerable/EnumerableRel.java,1,0,6.309277856630563e-33
1.7.0,core/src/main/java/org/apache/calcite/adapter/enumerable/EnumerableTableScanRule.java,0,0,0.00039909173585422355
1.7.0,core/src/main/java/org/apache/calcite/rel/logical/LogicalTableScan.java,0,0,1.1559242557485408e-07
1.7.0,core/src/main/java/org/apache/calcite/rel/rules/FilterTableScanRule.java,0,0,6.3224466021565544e-12
1.7.0,core/src/main/java/org/apache/calcite/rel/rules/ProjectTableScanRule.java,0,0,1.1967409437184924e-06
1.7.0,core/src/main/java/org/apache/calcite/prepare/QueryableRelBuilder.java,0,0,0.005600085579719138
1.7.0,core/src/main/java/org/apache/calcite/rex/RexUtil.java,1,0,0.013470520367796677
1.7.0,core/src/main/java/org/apache/calcite/sql/SqlKind.java,1,1,0.9999997542506955
1.7.0,core/src/main/java/org/apache/calcite/tools/RelBuilder.java,1,1,1.0
1.7.0,linq4j/src/main/java/org/apache/calcite/linq4j/DefaultEnumerable.java,0,0,6.698474769137984e-24
1.7.0,linq4j/src/main/java/org/apache/calcite/linq4j/DefaultQueryable.java,0,0,0.00010296824481959169
1.7.0,linq4j/src/main/java/org/apache/calcite/linq4j/EnumerableDefaults.java,0,0,1.806564264366528e-14
1.7.0,linq4j/src/main/java/org/apache/calcite/linq4j/EnumerableQueryable.java,0,0,0.00011074399816826562
1.7.0,linq4j/src/main/java/org/apache/calcite/linq4j/ExtendedEnumerable.java,0,0,0.002938928878617079
1.7.0,linq4j/src/main/java/org/apache/calcite/linq4j/ExtendedQueryable.java,0,0,1.082859955052753e-18
1.7.0,linq4j/src/main/java/org/apache/calcite/linq4j/QueryableFactory.java,0,0,1.54862901948017e-15
1.7.0,linq4j/src/main/java/org/apache/calcite/linq4j/QueryableRecorder.java,0,0,2.4549668004569854e-31
1.7.0,core/src/main/java/org/apache/calcite/rel/rules/ReduceExpressionsRule.java,1,1,0.9984665088458214
1.7.0,core/src/main/java/org/apache/calcite/tools/Planner.java,0,0,1.0974675839372112e-07
1.7.0,core/src/main/java/org/apache/calcite/schema/Path.java,0,0,5.3974493967052784e-14
1.7.0,core/src/main/java/org/apache/calcite/interpreter/TableScanNode.java,0,0,0.00021052255769130377
1.7.0,core/src/main/java/org/apache/calcite/jdbc/JavaRecordType.java,0,0,0.002748770214078737
1.7.0,core/src/main/java/org/apache/calcite/materialize/Lattice.java,1,0,0.0002509456490370791
1.7.0,core/src/main/java/org/apache/calcite/materialize/MaterializationActor.java,0,0,1.775899153065144e-06
1.7.0,core/src/main/java/org/apache/calcite/materialize/TileKey.java,0,0,0.015509803101267802
1.7.0,core/src/main/java/org/apache/calcite/plan/RelOptCostImpl.java,0,0,0.0014491730699052166
1.7.0,core/src/main/java/org/apache/calcite/plan/RelOptRuleOperand.java,0,0,0.0009996293936810705
1.7.0,core/src/main/java/org/apache/calcite/plan/SubstitutionVisitor.java,1,1,0.9017273129371906
1.7.0,core/src/main/java/org/apache/calcite/rel/RelDistributions.java,0,0,0.18269180836028906
1.7.0,core/src/main/java/org/apache/calcite/rel/RelFieldCollation.java,0,0,3.65042065278404e-11
1.7.0,core/src/main/java/org/apache/calcite/rex/RexLocalRef.java,0,0,0.0007293567832746923
1.7.0,core/src/main/java/org/apache/calcite/runtime/Utilities.java,0,0,0.002987867294102164
1.7.0,core/src/main/java/org/apache/calcite/sql/SqlIntervalLiteral.java,0,0,0.003194929720245412
1.7.0,core/src/main/java/org/apache/calcite/util/NlsString.java,0,0,0.0006145633487732022
1.7.0,core/src/main/java/org/apache/calcite/plan/volcano/VolcanoCost.java,0,0,0.3329086203863439
1.7.0,core/src/main/java/org/apache/calcite/rel/core/AggregateCall.java,0,0,0.003935346582917996
1.7.0,core/src/main/java/org/apache/calcite/rel/logical/LogicalWindow.java,0,0,0.17285297057106544
1.7.0,core/src/main/java/org/apache/calcite/sql/fun/SqlCastFunction.java,0,0,0.0005719266246007768
1.7.0,core/src/main/java/org/apache/calcite/sql/parser/SqlParserPos.java,0,0,0.00013521816119526953
1.7.0,core/src/main/java/org/apache/calcite/sql/util/SqlString.java,0,0,1.3511880167234635e-05
1.7.0,core/src/main/java/org/apache/calcite/sql/validate/SqlMonikerImpl.java,0,0,0.05663246211474063
1.7.0,core/src/main/java/org/apache/calcite/util/mapping/IntPair.java,0,0,7.133317743020336e-07
1.7.0,linq4j/src/main/java/org/apache/calcite/linq4j/tree/AbstractNode.java,0,0,4.3858755080119e-05
1.7.0,linq4j/src/main/java/org/apache/calcite/linq4j/tree/ArrayLengthRecordField.java,0,0,4.1145188066812025e-06
1.7.0,linq4j/src/main/java/org/apache/calcite/linq4j/tree/BinaryExpression.java,0,0,6.931114824296938e-07
1.7.0,linq4j/src/main/java/org/apache/calcite/linq4j/tree/BlockStatement.java,0,0,0.00011463146041471366
1.7.0,linq4j/src/main/java/org/apache/calcite/linq4j/tree/CatchBlock.java,0,0,0.00852454840426751
1.7.0,linq4j/src/main/java/org/apache/calcite/linq4j/tree/ClassDeclaration.java,0,0,8.512877535151394e-06
1.7.0,linq4j/src/main/java/org/apache/calcite/linq4j/tree/ConditionalExpression.java,0,0,9.504042440613453e-05
1.7.0,linq4j/src/main/java/org/apache/calcite/linq4j/tree/ConditionalStatement.java,0,0,0.0002465717122109418
1.7.0,linq4j/src/main/java/org/apache/calcite/linq4j/tree/ConstantExpression.java,0,0,4.459894233976395e-06
1.7.0,linq4j/src/main/java/org/apache/calcite/linq4j/tree/ConstructorDeclaration.java,0,0,0.001635612756812393
1.7.0,linq4j/src/main/java/org/apache/calcite/linq4j/tree/DeclarationStatement.java,0,0,7.56061310673167e-06
1.7.0,linq4j/src/main/java/org/apache/calcite/linq4j/tree/FieldDeclaration.java,0,0,0.0003988520914051067
1.7.0,linq4j/src/main/java/org/apache/calcite/linq4j/tree/ForStatement.java,0,0,8.323913051990758e-05
1.7.0,linq4j/src/main/java/org/apache/calcite/linq4j/tree/FunctionExpression.java,0,0,1.1892209780376517e-06
1.7.0,linq4j/src/main/java/org/apache/calcite/linq4j/tree/GotoStatement.java,0,0,5.966178833921645e-06
1.7.0,linq4j/src/main/java/org/apache/calcite/linq4j/tree/IndexExpression.java,0,0,4.3250858382112374e-08
1.7.0,linq4j/src/main/java/org/apache/calcite/linq4j/tree/LabelStatement.java,0,0,0.00027157778831727
1.7.0,linq4j/src/main/java/org/apache/calcite/linq4j/tree/LabelTarget.java,0,0,0.05024569853975806
1.7.0,linq4j/src/main/java/org/apache/calcite/linq4j/tree/MemberExpression.java,0,0,4.429183740061628e-06
1.7.0,linq4j/src/main/java/org/apache/calcite/linq4j/tree/MethodCallExpression.java,0,0,0.00032188459977904624
1.7.0,linq4j/src/main/java/org/apache/calcite/linq4j/tree/MethodDeclaration.java,0,0,0.00025953128784129243
1.7.0,linq4j/src/main/java/org/apache/calcite/linq4j/tree/NewArrayExpression.java,0,0,1.8346457795540876e-05
1.7.0,linq4j/src/main/java/org/apache/calcite/linq4j/tree/NewExpression.java,0,0,0.00010083356436630417
1.7.0,linq4j/src/main/java/org/apache/calcite/linq4j/tree/TernaryExpression.java,0,0,3.458624132173563e-05
1.7.0,linq4j/src/main/java/org/apache/calcite/linq4j/tree/ThrowStatement.java,0,0,0.001388038491642274
1.7.0,linq4j/src/main/java/org/apache/calcite/linq4j/tree/TryStatement.java,0,0,1.6899262385733008e-07
1.7.0,linq4j/src/main/java/org/apache/calcite/linq4j/tree/TypeBinaryExpression.java,0,0,0.00010331470545090069
1.7.0,linq4j/src/main/java/org/apache/calcite/linq4j/tree/UnaryExpression.java,0,0,0.00010983815841299934
1.7.0,linq4j/src/main/java/org/apache/calcite/linq4j/tree/WhileStatement.java,0,0,1.2801672047440464e-07
1.7.0,cassandra/src/main/java/org/apache/calcite/adapter/cassandra/CassandraEnumerator.java,1,0,0.031537966853145485
1.7.0,cassandra/src/main/java/org/apache/calcite/adapter/cassandra/CassandraFilter.java,1,0,0.00019351391061259648
1.7.0,cassandra/src/main/java/org/apache/calcite/adapter/cassandra/CassandraMethod.java,1,0,1.8244570269955757e-08
1.7.0,cassandra/src/main/java/org/apache/calcite/adapter/cassandra/CassandraProject.java,1,0,0.04514294222114129
1.7.0,cassandra/src/main/java/org/apache/calcite/adapter/cassandra/CassandraRel.java,1,0,8.558734692300907e-08
1.7.0,cassandra/src/main/java/org/apache/calcite/adapter/cassandra/CassandraRules.java,0,0,0.023107463730263303
1.7.0,cassandra/src/main/java/org/apache/calcite/adapter/cassandra/CassandraSort.java,0,0,0.22613926426566458
1.7.0,cassandra/src/main/java/org/apache/calcite/adapter/cassandra/CassandraTableScan.java,0,0,0.16219988204694402
1.7.0,cassandra/src/main/java/org/apache/calcite/adapter/cassandra/CassandraToEnumerableConverter.java,1,0,0.23916499387593002
1.7.0,cassandra/src/main/java/org/apache/calcite/adapter/cassandra/CassandraToEnumerableConverterRule.java,0,0,0.00011312925761308267
1.7.0,core/src/main/java/org/apache/calcite/adapter/enumerable/EnumerableAggregate.java,0,1,0.9999700200751214
1.7.0,core/src/main/java/org/apache/calcite/adapter/enumerable/EnumerableRelImplementor.java,0,1,0.9958099900431067
1.7.0,core/src/main/java/org/apache/calcite/rel/RelRoot.java,0,0,0.19702562714138322
1.7.0,mongodb/src/main/java/org/apache/calcite/adapter/mongodb/MongoTable.java,0,0,5.7359295097750635e-08
1.7.0,core/src/main/java/org/apache/calcite/jdbc/CalciteJdbc41Factory.java,0,0,1.8687304100628992e-09
1.7.0,core/src/main/java/org/apache/calcite/jdbc/CalciteResultSet.java,0,0,0.002697196491955428
1.7.0,core/src/main/java/org/apache/calcite/adapter/jdbc/JdbcSchema.java,1,1,0.993337882505039
1.7.0,core/src/main/java/org/apache/calcite/rel/type/RelDataTypeFactory.java,1,0,0.017235767621007057
1.7.0,core/src/main/java/org/apache/calcite/sql/validate/SqlQualified.java,0,0,0.06254450348862353
1.7.0,core/src/main/java/org/apache/calcite/rel/type/RelDataType.java,0,0,0.00015034509169570926
1.7.0,core/src/main/java/org/apache/calcite/rel/type/RelDataTypeImpl.java,0,0,0.0077093728329140875
1.7.0,splunk/src/main/java/org/apache/calcite/adapter/splunk/SplunkTableScan.java,0,0,0.025320720492812056
1.7.0,core/src/main/java/org/apache/calcite/schema/FunctionParameter.java,0,0,2.6115284744745e-11
1.7.0,core/src/main/java/org/apache/calcite/sql/SqlAsOperator.java,0,0,0.0016174546985859104
1.7.0,core/src/main/java/org/apache/calcite/rex/RexProgramBuilder.java,1,0,0.0001794730480119994
1.7.0,core/src/main/java/org/apache/calcite/util/Compatible.java,0,0,8.577519120957935e-05
1.7.0,core/src/main/java/org/apache/calcite/util/ImmutableIntList.java,0,0,4.776888823917764e-10
1.7.0,core/src/main/java/org/apache/calcite/util/ReflectUtil.java,0,0,0.03734039359081127
1.7.0,core/src/main/java/org/apache/calcite/sql/SqlMerge.java,0,0,0.30174466200749606
1.7.0,core/src/main/java/org/apache/calcite/adapter/jdbc/JdbcImplementor.java,1,1,0.6323491498979275
1.7.0,core/src/main/java/org/apache/calcite/plan/RelOptNode.java,0,0,3.4457856824396835e-10
1.7.0,core/src/main/java/org/apache/calcite/schema/SchemaFactory.java,0,0,1.7541612684334338e-12
1.7.0,core/src/main/java/org/apache/calcite/schema/impl/AggregateFunctionImpl.java,1,1,0.8825628811557064
1.7.0,core/src/main/java/org/apache/calcite/schema/impl/ReflectiveFunctionBase.java,1,1,0.9514147298156637
1.7.0,core/src/main/java/org/apache/calcite/sql/advise/SqlAdvisorGetHintsFunction.java,0,0,3.036284225036228e-06
1.7.0,core/src/main/java/org/apache/calcite/sql/fun/SqlArgumentAssignmentOperator.java,0,0,0.00019185234922839716
1.7.0,core/src/main/java/org/apache/calcite/sql/fun/SqlDefaultOperator.java,0,0,0.005577000510111322
1.7.0,core/src/main/java/org/apache/calcite/sql/fun/SqlItemOperator.java,0,0,0.0017246283359685644
1.7.0,core/src/main/java/org/apache/calcite/sql/fun/SqlLikeOperator.java,0,0,0.0059491782995872225
1.7.0,core/src/main/java/org/apache/calcite/sql/fun/SqlLiteralChainOperator.java,0,0,0.09693686816778842
1.7.0,core/src/main/java/org/apache/calcite/sql/fun/SqlMapValueConstructor.java,0,0,0.0015391408069992747
1.7.0,core/src/main/java/org/apache/calcite/sql/fun/SqlMultisetMemberOfOperator.java,0,0,0.0010044702774535958
1.7.0,core/src/main/java/org/apache/calcite/sql/fun/SqlMultisetValueConstructor.java,0,0,0.002162342214429524
1.7.0,core/src/main/java/org/apache/calcite/rel/rules/ProjectToWindowRule.java,0,0,0.1810803296151571
1.7.0,core/src/main/java/org/apache/calcite/sql/fun/SqlOverlapsOperator.java,0,0,0.00977125475720043
1.7.0,core/src/main/java/org/apache/calcite/sql/fun/SqlQuarterFunction.java,0,0,0.10077697297208496
1.7.0,core/src/main/java/org/apache/calcite/sql/fun/SqlSubstringFunction.java,0,0,0.04196182679090191
1.7.0,core/src/main/java/org/apache/calcite/util/ImmutableBitSet.java,0,1,0.7488102909906388
1.7.0,core/src/main/java/org/apache/calcite/sql/type/AssignableOperandTypeChecker.java,0,1,0.772220481574766
1.7.0,core/src/main/java/org/apache/calcite/sql/type/CompositeOperandTypeChecker.java,1,1,0.9997492504127652
1.7.0,core/src/main/java/org/apache/calcite/sql/type/FamilyOperandTypeChecker.java,0,0,0.0016275304488071604
1.7.0,core/src/main/java/org/apache/calcite/sql/type/InferTypes.java,0,0,0.012962529909871517
1.7.0,core/src/main/java/org/apache/calcite/sql/type/LiteralOperandTypeChecker.java,0,0,0.0010970089437765528
1.7.0,core/src/main/java/org/apache/calcite/sql/type/MultisetOperandTypeChecker.java,0,0,0.15052389246961068
1.7.0,core/src/main/java/org/apache/calcite/sql/type/OperandTypes.java,0,0,0.06199402145390314
1.7.0,core/src/main/java/org/apache/calcite/sql/type/SameOperandTypeChecker.java,0,0,0.010214553461522113
1.7.0,core/src/main/java/org/apache/calcite/sql/type/SetopOperandTypeChecker.java,0,0,0.001559938550658557
1.7.0,core/src/main/java/org/apache/calcite/sql/type/SqlOperandCountRanges.java,0,0,0.006242899045596151
1.7.0,core/src/main/java/org/apache/calcite/sql/type/SqlOperandTypeChecker.java,0,0,0.06401728657525588
1.7.0,core/src/main/java/org/apache/calcite/adapter/enumerable/AggContext.java,0,0,5.5146556171319825e-14
1.7.0,core/src/main/java/org/apache/calcite/adapter/enumerable/CallImplementor.java,0,0,2.6236645684079163e-18
1.7.0,core/src/main/java/org/apache/calcite/sql/validate/SqlUserDefinedFunction.java,0,0,0.08145560130581471
1.7.0,core/src/main/java/org/apache/calcite/adapter/enumerable/JavaRelImplementor.java,0,0,6.737618196642573e-07
1.7.0,core/src/main/java/org/apache/calcite/util/mapping/Mappings.java,0,0,0.00021115650276638242
1.7.0,core/src/main/java/org/apache/calcite/schema/impl/AbstractSchema.java,0,0,0.001627578478626853
1.7.0,linq4j/src/main/java/org/apache/calcite/linq4j/function/Functions.java,0,0,0.0006797233865092064
1.7.0,linq4j/src/main/java/org/apache/calcite/linq4j/function/Parameter.java,0,0,9.502602515511092e-34
1.7.0,cassandra/src/main/java/org/apache/calcite/adapter/cassandra/CassandraSchema.java,1,0,0.0008918625795463252
1.7.0,cassandra/src/main/java/org/apache/calcite/adapter/cassandra/CassandraSchemaFactory.java,0,0,0.004818056800268266
1.7.0,cassandra/src/main/java/org/apache/calcite/adapter/cassandra/CassandraTable.java,1,0,1.506350736028383e-07
