version,file,true_label,predicted,probability
1.5.0,core/src/main/java/org/apache/calcite/adapter/jdbc/JdbcToEnumerableConverter.java,0,0,0.07023092546488302
1.5.0,linq4j/src/main/java/org/apache/calcite/linq4j/CartesianProductEnumerator.java,0,0,0.00809166949622703
1.5.0,core/src/main/java/org/apache/calcite/interpreter/AbstractSingleNode.java,0,0,0.1783201037210767
1.5.0,core/src/main/java/org/apache/calcite/interpreter/Row.java,0,0,0.338996609052668
1.5.0,core/src/main/java/org/apache/calcite/sql/SqlBinaryOperator.java,0,1,0.7044397819162889
1.5.0,core/src/main/java/org/apache/calcite/sql/SqlOperatorBinding.java,0,1,0.5131882808925378
1.5.0,core/src/main/java/org/apache/calcite/sql/SqlPrefixOperator.java,0,0,0.34556229225059176
1.5.0,core/src/main/java/org/apache/calcite/sql/fun/SqlAbstractTimeFunction.java,0,1,0.6818140626549825
1.5.0,core/src/main/java/org/apache/calcite/sql/fun/SqlCurrentDateFunction.java,0,0,0.2597316563698719
1.5.0,core/src/main/java/org/apache/calcite/sql/fun/SqlDatetimeSubtractionOperator.java,0,0,0.2536441959744457
1.5.0,core/src/main/java/org/apache/calcite/sql/fun/SqlExtractFunction.java,0,1,0.8493015054397913
1.5.0,core/src/main/java/org/apache/calcite/sql/fun/SqlFloorFunction.java,0,1,0.659072452863757
1.5.0,core/src/main/java/org/apache/calcite/sql/fun/SqlMonotonicBinaryOperator.java,0,0,0.4350489590948
1.5.0,core/src/main/java/org/apache/calcite/sql/fun/SqlMonotonicUnaryFunction.java,0,0,0.34744306778525763
1.5.0,core/src/main/java/org/apache/calcite/sql/fun/SqlStringContextVariable.java,0,0,0.2597316563698719
1.5.0,core/src/main/java/org/apache/calcite/plan/RelOptPlanner.java,0,0,3.5445069264257656e-05
1.5.0,core/src/main/java/org/apache/calcite/server/CalciteServerStatement.java,0,0,0.17287917592097593
1.5.0,core/src/main/java/org/apache/calcite/rel/logical/LogicalProject.java,0,1,0.5134856712156908
1.5.0,core/src/main/java/org/apache/calcite/rel/rules/SemiJoinRule.java,0,0,0.45411508633204994
1.5.0,core/src/main/java/org/apache/calcite/sql/fun/SqlAbstractGroupFunction.java,0,1,0.6788431151105178
1.5.0,core/src/main/java/org/apache/calcite/sql/validate/AggregatingSelectScope.java,0,1,0.6975169599659876
1.5.0,core/src/main/java/org/apache/calcite/sql/validate/DelegatingScope.java,0,1,0.9372246545395133
1.5.0,core/src/main/java/org/apache/calcite/interpreter/SortNode.java,1,1,0.9235118831757556
1.5.0,core/src/main/java/org/apache/calcite/plan/RelCompositeTrait.java,0,0,0.10154850186144027
1.5.0,core/src/main/java/org/apache/calcite/plan/RelMultipleTrait.java,0,0,0.21283326051406987
1.5.0,core/src/main/java/org/apache/calcite/plan/RelTrait.java,0,0,0.20916966849215757
1.5.0,core/src/main/java/org/apache/calcite/plan/RelTraitDef.java,0,0,0.008954213086462942
1.5.0,core/src/main/java/org/apache/calcite/rel/RelCollation.java,0,0,0.20916966849215757
1.5.0,core/src/main/java/org/apache/calcite/rex/RexProgram.java,0,0,0.24573951233542868
1.5.0,core/src/main/java/org/apache/calcite/adapter/enumerable/EnumerableCalcRule.java,0,0,0.1100740035671272
1.5.0,core/src/main/java/org/apache/calcite/adapter/enumerable/EnumerableFilterToCalcRule.java,0,0,0.17350313071856663
1.5.0,core/src/main/java/org/apache/calcite/adapter/enumerable/EnumerableMergeJoinRule.java,0,1,0.5300359255595868
1.5.0,core/src/main/java/org/apache/calcite/adapter/enumerable/EnumerableProjectToCalcRule.java,0,0,0.17350313071856663
1.5.0,core/src/main/java/org/apache/calcite/adapter/enumerable/EnumerableSort.java,0,0,0.43762543784593366
1.5.0,core/src/main/java/org/apache/calcite/adapter/enumerable/EnumerableSortRule.java,0,1,0.569230033348523
1.5.0,core/src/main/java/org/apache/calcite/adapter/enumerable/EnumerableValuesRule.java,0,0,0.17582186261630192
1.5.0,core/src/main/java/org/apache/calcite/plan/volcano/AbstractConverter.java,0,1,0.5444637607914752
1.5.0,core/src/main/java/org/apache/calcite/rel/core/Calc.java,0,0,0.09745946147997853
1.5.0,core/src/main/java/org/apache/calcite/rel/core/Correlate.java,0,0,0.3614663574936174
1.5.0,core/src/main/java/org/apache/calcite/rel/core/JoinInfo.java,0,0,0.22343786723024361
1.5.0,core/src/main/java/org/apache/calcite/rel/logical/LogicalCorrelate.java,0,0,0.312161497680318
1.5.0,core/src/main/java/org/apache/calcite/rel/logical/LogicalIntersect.java,0,0,0.17260522240403856
1.5.0,core/src/main/java/org/apache/calcite/rel/logical/LogicalJoin.java,0,0,0.31463157712840795
1.5.0,core/src/main/java/org/apache/calcite/rel/logical/LogicalMinus.java,0,0,0.22667371756950866
1.5.0,core/src/main/java/org/apache/calcite/rel/logical/LogicalSort.java,0,1,0.5093805489405849
1.5.0,core/src/main/java/org/apache/calcite/rel/logical/LogicalTableModify.java,0,0,0.3633418722121447
1.5.0,core/src/main/java/org/apache/calcite/rel/logical/LogicalUnion.java,0,0,0.36330866456745564
1.5.0,core/src/main/java/org/apache/calcite/rel/logical/LogicalValues.java,0,0,0.42413272779031674
1.5.0,core/src/main/java/org/apache/calcite/rel/rules/FilterCalcMergeRule.java,0,0,0.06753131696718631
1.5.0,core/src/main/java/org/apache/calcite/rel/rules/FilterTableFunctionTransposeRule.java,0,0,0.1427413260085824
1.5.0,core/src/main/java/org/apache/calcite/rel/rules/FilterToCalcRule.java,0,0,0.11672989218205583
1.5.0,core/src/main/java/org/apache/calcite/rel/rules/ProjectCalcMergeRule.java,0,0,0.06666073467219459
1.5.0,core/src/main/java/org/apache/calcite/rel/rules/ProjectToCalcRule.java,0,0,0.11672989218205583
1.5.0,core/src/main/java/org/apache/calcite/rel/rules/PruneEmptyRules.java,0,0,0.10148835472741496
1.5.0,core/src/main/java/org/apache/calcite/rel/rules/ReduceDecimalsRule.java,0,1,0.8497787948787889
1.5.0,core/src/main/java/org/apache/calcite/rel/rules/ValuesReduceRule.java,1,1,0.5438931243138476
1.5.0,core/src/main/java/org/apache/calcite/sql/util/SqlShuttle.java,0,1,0.5993068416049502
1.5.0,splunk/src/main/java/org/apache/calcite/adapter/splunk/SplunkPushDownRule.java,0,0,2.1732423623612447e-05
1.5.0,core/src/main/java/org/apache/calcite/rex/RexBuilder.java,1,1,0.954666619582548
1.5.0,core/src/main/java/org/apache/calcite/rex/RexLiteral.java,0,0,0.04856039319991523
1.5.0,core/src/main/java/org/apache/calcite/sql/type/SqlTypeTransforms.java,0,0,0.31223834398696876
1.5.0,core/src/main/java/org/apache/calcite/plan/MaterializedViewSubstitutionVisitor.java,0,0,0.16045537698075024
1.5.0,core/src/main/java/org/apache/calcite/plan/SubstitutionVisitor.java,1,1,0.9997290579591108
1.5.0,core/src/main/java/org/apache/calcite/interpreter/BindableConvention.java,0,0,0.353681124666592
1.5.0,core/src/main/java/org/apache/calcite/interpreter/BindableRel.java,0,0,0.21210536668025323
1.5.0,core/src/main/java/org/apache/calcite/interpreter/Context.java,0,0,0.17379171171090488
1.5.0,core/src/main/java/org/apache/calcite/interpreter/FilterNode.java,0,1,0.6574458433764006
1.5.0,core/src/main/java/org/apache/calcite/interpreter/InterpretableConvention.java,0,0,0.09871849042603531
1.5.0,core/src/main/java/org/apache/calcite/interpreter/InterpretableConverter.java,0,0,0.21210536668025323
1.5.0,core/src/main/java/org/apache/calcite/interpreter/InterpretableRel.java,0,0,0.21210536668025323
1.5.0,core/src/main/java/org/apache/calcite/interpreter/Interpreters.java,0,0,0.14491554503776857
1.5.0,core/src/main/java/org/apache/calcite/interpreter/NoneToBindableConverterRule.java,0,0,0.14190350816566918
1.5.0,core/src/main/java/org/apache/calcite/interpreter/Scalar.java,0,0,0.2077297866828286
1.5.0,core/src/main/java/org/apache/calcite/interpreter/UnionNode.java,0,1,0.6784717652728546
1.5.0,core/src/main/java/org/apache/calcite/interpreter/WindowNode.java,0,0,0.2969444943298591
1.5.0,core/src/main/java/org/apache/calcite/rex/RexExecutorImpl.java,0,1,0.6238186879791948
1.5.0,core/src/main/java/org/apache/calcite/runtime/ArrayBindable.java,0,0,0.21210536668025323
1.5.0,core/src/main/java/org/apache/calcite/adapter/enumerable/AggImpState.java,0,0,0.4346404825367702
1.5.0,core/src/main/java/org/apache/calcite/adapter/enumerable/EnumerableBindable.java,0,0,0.21210536668025323
1.5.0,core/src/main/java/org/apache/calcite/adapter/enumerable/EnumerableConvention.java,0,0,0.31130010955632437
1.5.0,core/src/main/java/org/apache/calcite/adapter/enumerable/EnumerableFilterRule.java,0,0,0.17582186261630192
1.5.0,core/src/main/java/org/apache/calcite/adapter/enumerable/EnumerableInterpretable.java,0,1,0.6502097689197317
1.5.0,core/src/main/java/org/apache/calcite/adapter/enumerable/EnumUtils.java,0,1,0.5295080649951305
1.5.0,core/src/main/java/org/apache/calcite/adapter/java/ReflectiveSchema.java,0,0,0.029908789006437696
1.5.0,core/src/main/java/org/apache/calcite/rel/convert/ConverterRule.java,0,1,0.6178867628244807
1.5.0,spark/src/main/java/org/apache/calcite/adapter/spark/SparkHandlerImpl.java,0,0,1.6792905967295598e-08
1.5.0,linq4j/src/main/java/org/apache/calcite/linq4j/tree/ConditionalExpression.java,0,0,0.09635626950834686
1.5.0,mongodb/src/main/java/org/apache/calcite/adapter/mongodb/MongoAggregate.java,0,1,0.8505190352048606
1.5.0,core/src/main/java/org/apache/calcite/rel/metadata/ReflectiveRelMetadataProvider.java,0,0,0.4536178619306503
1.5.0,core/src/main/java/org/apache/calcite/schema/ExtensibleTable.java,0,0,0.2103148474353659
1.5.0,core/src/main/java/org/apache/calcite/sql/SqlDelete.java,0,0,0.45964367916697535
1.5.0,core/src/main/java/org/apache/calcite/plan/RelTraitSet.java,0,0,0.2943788071320649
1.5.0,core/src/main/java/org/apache/calcite/adapter/jdbc/JdbcImplementor.java,0,1,0.9955498880403125
1.5.0,core/src/main/java/org/apache/calcite/adapter/jdbc/JdbcRules.java,0,1,0.6338021594440176
1.5.0,core/src/main/java/org/apache/calcite/plan/volcano/RelSet.java,1,1,0.8302322780918219
1.5.0,core/src/main/java/org/apache/calcite/prepare/CalciteCatalogReader.java,0,1,0.9951743909969019
1.5.0,core/src/main/java/org/apache/calcite/sql2rel/SqlToRelConverter.java,1,1,0.9885742978452241
1.5.0,linq4j/src/main/java/org/apache/calcite/linq4j/tree/Primitive.java,0,0,0.1660706632232301
1.5.0,core/src/main/java/org/apache/calcite/sql/validate/ProcedureNamespace.java,1,1,0.7375600920238689
1.5.0,core/src/main/java/org/apache/calcite/sql/validate/SqlUserDefinedTableMacro.java,0,1,0.8398872535921718
1.5.0,core/src/main/java/org/apache/calcite/adapter/clone/ColumnLoader.java,0,1,0.981194765794659
1.5.0,core/src/main/java/org/apache/calcite/rel/core/Project.java,1,0,0.32155919015470447
1.5.0,core/src/main/java/org/apache/calcite/rel/core/Values.java,0,0,0.03272980980985817
1.5.0,linq4j/src/main/java/org/apache/calcite/linq4j/tree/ConstructorDeclaration.java,0,0,0.1391482082390643
1.5.0,linq4j/src/main/java/org/apache/calcite/linq4j/tree/MethodDeclaration.java,0,0,0.326820179980048
1.5.0,core/src/main/java/org/apache/calcite/rel/type/RelCrossType.java,0,1,0.5414967503661885
1.5.0,mongodb/src/main/java/org/apache/calcite/adapter/mongodb/MongoEnumerator.java,0,1,0.6982813024048193
1.5.0,core/src/main/java/org/apache/calcite/rel/core/Join.java,0,0,0.12843960732963278
1.5.0,core/src/main/java/org/apache/calcite/rel/core/TableFunctionScan.java,0,0,0.3219579444956387
1.5.0,core/src/main/java/org/apache/calcite/rel/externalize/RelWriterImpl.java,0,1,0.7324775733747361
1.5.0,core/src/main/java/org/apache/calcite/rel/rules/MultiJoin.java,0,0,0.4467946679674753
1.5.0,core/src/main/java/org/apache/calcite/rel/rules/AggregateProjectMergeRule.java,0,1,0.7569643636174939
1.5.0,core/src/main/java/org/apache/calcite/rel/rules/ProjectFilterTransposeRule.java,0,1,0.6517521436248085
1.5.0,core/src/main/java/org/apache/calcite/rel/rules/SortProjectTransposeRule.java,1,1,0.7175402194517366
1.5.0,core/src/main/java/org/apache/calcite/util/ImmutableNullableList.java,0,0,0.15140845474080988
1.5.0,core/src/main/java/org/apache/calcite/rel/metadata/DefaultRelMetadataProvider.java,0,0,0.17582186261630192
1.5.0,core/src/main/java/org/apache/calcite/plan/RelOptTable.java,0,0,0.27037982500464675
1.5.0,core/src/main/java/org/apache/calcite/prepare/CalciteMaterializer.java,0,1,0.8603842440692833
1.5.0,core/src/main/java/org/apache/calcite/prepare/LixToRelTranslator.java,0,1,0.7077304305034586
1.5.0,core/src/main/java/org/apache/calcite/prepare/PlannerImpl.java,0,1,0.9999852349115422
1.5.0,core/src/main/java/org/apache/calcite/rel/RelCollations.java,0,0,0.16548287965934824
1.5.0,core/src/main/java/org/apache/calcite/rel/RelCollationTraitDef.java,1,0,0.47250989421133033
1.5.0,core/src/main/java/org/apache/calcite/rel/RelInput.java,0,0,0.10139067109939989
1.5.0,core/src/main/java/org/apache/calcite/rel/RelRoot.java,0,0,0.2752925979551301
1.5.0,core/src/main/java/org/apache/calcite/sql/fun/SqlSequenceValueOperator.java,0,0,0.35933380947318666
1.5.0,core/src/main/java/org/apache/calcite/sql2rel/RelStructuredTypeFlattener.java,0,1,0.7419150648683268
1.5.0,core/src/main/java/org/apache/calcite/tools/Planner.java,0,0,0.2972237929318564
1.5.0,core/src/main/java/org/apache/calcite/tools/Programs.java,0,1,0.5745140180720663
1.5.0,core/src/main/java/org/apache/calcite/tools/RuleSets.java,0,0,0.3804355788813488
1.5.0,core/src/main/java/org/apache/calcite/adapter/enumerable/EnumerableProject.java,0,0,0.4535733145820051
1.5.0,core/src/main/java/org/apache/calcite/adapter/enumerable/EnumerableProjectRule.java,0,0,0.25608048177055454
1.5.0,core/src/main/java/org/apache/calcite/rel/externalize/RelJsonReader.java,0,0,0.030304473832781148
1.5.0,core/src/main/java/org/apache/calcite/schema/impl/ViewTable.java,0,0,0.05442685260062266
1.5.0,core/src/main/java/org/apache/calcite/util/JsonBuilder.java,0,1,0.7808354507872254
1.5.0,core/src/main/java/org/apache/calcite/materialize/CachingLatticeStatisticProvider.java,0,0,0.07874307214612815
1.5.0,core/src/main/java/org/apache/calcite/materialize/DelegatingLatticeStatisticProvider.java,0,0,0.4103788751007739
1.5.0,core/src/main/java/org/apache/calcite/materialize/Lattices.java,0,0,0.06859530048676123
1.5.0,core/src/main/java/org/apache/calcite/materialize/LatticeStatisticProvider.java,0,0,0.22647214717863587
1.5.0,core/src/main/java/org/apache/calcite/materialize/SqlLatticeStatisticProvider.java,0,0,0.1562196769086065
1.5.0,core/src/main/java/org/apache/calcite/tools/PigRelBuilder.java,0,1,0.7257426000467836
1.5.0,core/src/main/java/org/apache/calcite/runtime/FlatLists.java,0,0,0.13472275387710295
1.5.0,core/src/main/java/org/apache/calcite/schema/StreamableTable.java,0,0,0.2140361138065699
1.5.0,core/src/main/java/org/apache/calcite/sql/SqlSelectKeyword.java,0,0,0.17582186261630192
1.5.0,avatica/src/main/java/org/apache/calcite/avatica/util/PackageMarker.java,0,0,0.21142195353571888
1.5.0,linq4j/src/main/java/org/apache/calcite/linq4j/PackageMarker.java,0,0,0.21142195353571888
1.5.0,core/src/main/java/org/apache/calcite/rel/stream/Chi.java,0,0,0.06955343077462202
1.5.0,core/src/main/java/org/apache/calcite/rel/stream/Delta.java,0,0,0.2268779148428813
1.5.0,core/src/main/java/org/apache/calcite/rel/stream/LogicalChi.java,0,0,0.2140361138065699
1.5.0,core/src/main/java/org/apache/calcite/rel/stream/LogicalDelta.java,0,0,0.13784558894343418
1.5.0,core/src/main/java/org/apache/calcite/rel/stream/StreamRules.java,0,0,0.21215714726930537
1.5.0,core/src/main/java/org/apache/calcite/sql/advise/SqlAdvisorValidator.java,1,0,0.4124222161452017
1.5.0,core/src/main/java/org/apache/calcite/sql/fun/SqlCollectionTableOperator.java,0,0,0.25910611463238176
1.5.0,core/src/main/java/org/apache/calcite/sql/type/CompositeSingleOperandTypeChecker.java,0,0,0.41367265591491437
1.5.0,core/src/main/java/org/apache/calcite/sql/validate/AbstractNamespace.java,1,1,0.6005596442473723
1.5.0,core/src/main/java/org/apache/calcite/sql/validate/IdentifierNamespace.java,1,1,0.7368626420449699
1.5.0,core/src/main/java/org/apache/calcite/sql/validate/SetopNamespace.java,1,0,0.3615405620182348
1.5.0,core/src/main/java/org/apache/calcite/sql/validate/SqlModality.java,0,0,0.18008913207632013
1.5.0,core/src/main/java/org/apache/calcite/sql/validate/SqlValidatorNamespace.java,1,0,0.20916966849215757
1.5.0,core/src/main/java/org/apache/calcite/sql/validate/SqlValidatorTable.java,0,0,0.20916966849215757
1.5.0,core/src/main/java/org/apache/calcite/sql/validate/TableConstructorNamespace.java,1,1,0.621881761101356
1.5.0,core/src/main/java/org/apache/calcite/sql/validate/TableNamespace.java,1,1,0.569230033348523
1.5.0,linq4j/src/main/java/org/apache/calcite/linq4j/tree/Visitor.java,0,0,0.1918979165991477
1.5.0,core/src/main/java/org/apache/calcite/sql/SqlAggFunction.java,0,0,0.4619933941776825
1.5.0,core/src/main/java/org/apache/calcite/sql/SqlRankFunction.java,0,1,0.9576653997080016
1.5.0,core/src/main/java/org/apache/calcite/sql/fun/SqlCovarAggFunction.java,0,0,0.3699811563798593
1.5.0,core/src/main/java/org/apache/calcite/sql/fun/SqlAvgAggFunction.java,0,0,0.34029869078735886
1.5.0,core/src/main/java/org/apache/calcite/sql/fun/SqlCountAggFunction.java,0,1,0.5261640071532476
1.5.0,core/src/main/java/org/apache/calcite/sql/fun/SqlFirstLastValueAggFunction.java,0,0,0.42907590765944587
1.5.0,core/src/main/java/org/apache/calcite/sql/fun/SqlHistogramAggFunction.java,0,0,0.3370169124616327
1.5.0,core/src/main/java/org/apache/calcite/sql/fun/SqlLeadLagAggFunction.java,0,1,0.6567885466737643
1.5.0,core/src/main/java/org/apache/calcite/sql/fun/SqlMinMaxAggFunction.java,0,0,0.3271666701583502
1.5.0,core/src/main/java/org/apache/calcite/sql/fun/SqlNtileAggFunction.java,0,0,0.3016086338628608
1.5.0,core/src/main/java/org/apache/calcite/sql/fun/SqlSingleValueAggFunction.java,0,0,0.3370169124616327
1.5.0,core/src/main/java/org/apache/calcite/sql/fun/SqlSumAggFunction.java,0,1,0.6321848132853134
1.5.0,core/src/main/java/org/apache/calcite/sql/fun/SqlSumEmptyIsZeroAggFunction.java,1,1,0.5069459322300905
1.5.0,core/src/main/java/org/apache/calcite/sql/validate/SqlUserDefinedAggFunction.java,0,0,0.40792123137647796
1.5.0,core/src/main/java/org/apache/calcite/sql2rel/RelFieldTrimmer.java,0,1,0.9876243443501098
1.5.0,core/src/main/java/org/apache/calcite/tools/RelBuilder.java,1,1,0.9999994145348615
1.5.0,core/src/main/java/org/apache/calcite/rel/metadata/RelMdMemory.java,0,0,0.02326368876495891
1.5.0,core/src/main/java/org/apache/calcite/rel/metadata/RelMdParallelism.java,0,0,0.02415732109726169
1.5.0,core/src/main/java/org/apache/calcite/rel/rules/AggregateExpandDistinctAggregatesRule.java,1,1,0.9296446225399336
1.5.0,core/src/main/java/org/apache/calcite/rel/rules/AggregateJoinTransposeRule.java,1,1,0.9467860467055181
1.5.0,core/src/main/java/org/apache/calcite/rel/rules/AggregateProjectPullUpConstantsRule.java,0,1,0.6020696594214366
1.5.0,core/src/main/java/org/apache/calcite/rel/rules/AggregateUnionAggregateRule.java,0,1,0.6902850703121296
1.5.0,core/src/main/java/org/apache/calcite/rel/rules/AggregateUnionTransposeRule.java,0,1,0.9163850708276792
1.5.0,core/src/main/java/org/apache/calcite/util/Static.java,0,0,0.013981503346308042
1.5.0,core/src/main/java/org/apache/calcite/sql/advise/SqlAdvisor.java,0,0,0.003323158803118952
1.5.0,core/src/main/java/org/apache/calcite/sql/parser/SqlParserPos.java,0,1,0.8501214489366727
1.5.0,core/src/main/java/org/apache/calcite/sql/validate/CatalogScope.java,0,1,0.6464262628360382
1.5.0,core/src/main/java/org/apache/calcite/sql/validate/EmptyScope.java,0,0,0.027329273423539097
1.5.0,core/src/main/java/org/apache/calcite/sql/validate/ListScope.java,0,0,0.4075784684530551
1.5.0,core/src/main/java/org/apache/calcite/sql/validate/OrderByScope.java,0,1,0.5533340772771657
1.5.0,core/src/main/java/org/apache/calcite/sql/validate/ParameterScope.java,0,0,0.31091698635824494
1.5.0,core/src/main/java/org/apache/calcite/sql/validate/SchemaNamespace.java,1,0,0.20683364666213716
1.5.0,core/src/main/java/org/apache/calcite/sql/validate/SelectScope.java,0,0,0.4980704964472738
1.5.0,core/src/main/java/org/apache/calcite/sql/validate/SqlMoniker.java,0,0,0.3320146649399603
1.5.0,core/src/main/java/org/apache/calcite/sql/validate/SqlMonikerImpl.java,0,0,0.2845320441241581
1.5.0,core/src/main/java/org/apache/calcite/sql/validate/SqlMonikerType.java,0,0,0.17582186261630192
1.5.0,core/src/main/java/org/apache/calcite/sql/validate/SqlQualified.java,0,0,0.35309481645057034
1.5.0,core/src/main/java/org/apache/calcite/sql/validate/SqlValidatorCatalogReader.java,0,0,0.20916966849215757
1.5.0,core/src/main/java/org/apache/calcite/sql/validate/SqlValidatorScope.java,0,0,0.2100555926172475
1.5.0,core/src/main/java/org/apache/calcite/sql/validate/WithScope.java,1,0,0.49752323474126015
1.5.0,core/src/main/java/org/apache/calcite/runtime/Enumerables.java,0,0,0.00020139592814082832
1.5.0,core/src/main/java/org/apache/calcite/adapter/enumerable/EnumerableJoinRule.java,0,0,0.4633543013642634
1.5.0,core/src/main/java/org/apache/calcite/adapter/enumerable/EnumerableThetaJoin.java,0,1,0.532942832543013
1.5.0,linq4j/src/main/java/org/apache/calcite/linq4j/tree/FunctionExpression.java,0,0,0.4540452003546577
1.5.0,core/src/main/java/org/apache/calcite/sql/SqlDialect.java,0,0,7.3564638212467664e-09
1.5.0,avatica-server/src/main/java/org/apache/calcite/avatica/server/HandlerFactory.java,0,1,0.5164096020475398
1.5.0,avatica-server/src/main/java/org/apache/calcite/avatica/server/Main.java,0,0,0.11025026812296579
1.5.0,avatica/src/main/java/org/apache/calcite/avatica/AvaticaParameter.java,0,0,0.003689443589927119
1.5.0,avatica/src/main/java/org/apache/calcite/avatica/AvaticaUtils.java,0,0,0.0005519570163303993
1.5.0,avatica/src/main/java/org/apache/calcite/avatica/BuiltInConnectionProperty.java,0,0,0.04127931237677708
1.5.0,avatica/src/main/java/org/apache/calcite/avatica/ConnectionConfig.java,0,0,0.34163247457257107
1.5.0,avatica/src/main/java/org/apache/calcite/avatica/ConnectionConfigImpl.java,0,0,0.3484312012180422
1.5.0,avatica/src/main/java/org/apache/calcite/avatica/ConnectionPropertiesImpl.java,0,0,0.022552605086429794
1.5.0,avatica/src/main/java/org/apache/calcite/avatica/remote/AvaticaRemoteConnectionProperty.java,0,0,0.03323513723367761
1.5.0,avatica/src/main/java/org/apache/calcite/avatica/remote/LocalProtobufService.java,0,0,0.15096979860452167
1.5.0,avatica/src/main/java/org/apache/calcite/avatica/remote/ProtobufTranslation.java,0,0,0.2958174802528107
1.5.0,avatica/src/main/java/org/apache/calcite/avatica/remote/RequestTranslator.java,0,0,0.21045733520470727
1.5.0,avatica/src/main/java/org/apache/calcite/avatica/remote/ResponseTranslator.java,0,0,0.21045733520470727
1.5.0,avatica/src/main/java/org/apache/calcite/avatica/remote/TypedValue.java,0,0,0.014350828692736762
1.5.0,core/src/main/java/org/apache/calcite/adapter/enumerable/EnumerableAggregateRule.java,0,0,0.18127378643459707
1.5.0,core/src/main/java/org/apache/calcite/adapter/enumerable/PhysType.java,0,0,0.181914194683242
1.5.0,core/src/main/java/org/apache/calcite/sql/fun/SqlThrowOperator.java,0,0,0.1341587031877464
1.5.0,core/src/main/java/org/apache/calcite/plan/RelOptLattice.java,0,0,0.4830979391585877
1.5.0,core/src/main/java/org/apache/calcite/plan/Strong.java,0,0,0.1698633496275254
1.5.0,core/src/main/java/org/apache/calcite/rel/metadata/RelMdSelectivity.java,0,0,0.09128913311855211
1.5.0,core/src/main/java/org/apache/calcite/rel/rules/JoinAssociateRule.java,0,1,0.5630899264359099
1.5.0,core/src/main/java/org/apache/calcite/rel/rules/JoinToMultiJoinRule.java,0,0,0.015224781694780342
1.5.0,plus/src/main/java/org/apache/calcite/adapter/tpcds/TpcdsSchema.java,0,0,0.00010242500365368865
1.5.0,core/src/main/java/org/apache/calcite/sql/type/SqlTypeName.java,0,0,1.3065497094759114e-07
1.5.0,core/src/main/java/org/apache/calcite/adapter/jdbc/JdbcUtils.java,0,1,0.8177353388207826
1.5.0,core/src/main/java/org/apache/calcite/DataContext.java,0,0,0.3664172724685516
1.5.0,core/src/main/java/org/apache/calcite/jdbc/CalciteConnection.java,0,0,0.17287917592097593
1.5.0,core/src/main/java/org/apache/calcite/jdbc/CalciteFactory.java,0,0,0.4163263239692464
1.5.0,core/src/main/java/org/apache/calcite/materialize/MaterializationKey.java,0,0,0.07353984579972125
1.5.0,core/src/main/java/org/apache/calcite/plan/AbstractRelOptPlanner.java,0,0,0.0012214446143276323
1.5.0,core/src/main/java/org/apache/calcite/plan/Context.java,0,0,0.20916966849215757
1.5.0,core/src/main/java/org/apache/calcite/plan/Convention.java,0,0,0.12860416937435434
1.5.0,core/src/main/java/org/apache/calcite/plan/ConventionTraitDef.java,1,1,0.8529414146771914
1.5.0,core/src/main/java/org/apache/calcite/plan/MulticastRelOptListener.java,0,0,0.20916966849215757
1.5.0,core/src/main/java/org/apache/calcite/plan/RelOptCostImpl.java,0,0,0.00039582181894928526
1.5.0,core/src/main/java/org/apache/calcite/plan/RelOptListener.java,0,0,0.20916966849215757
1.5.0,core/src/main/java/org/apache/calcite/plan/RelOptSchema.java,0,0,0.09576550780735828
1.5.0,core/src/main/java/org/apache/calcite/plan/RelTraitPropagationVisitor.java,0,0,0.43972507981244896
1.5.0,core/src/main/java/org/apache/calcite/plan/TableAccessMap.java,0,0,0.20916966849215757
1.5.0,core/src/main/java/org/apache/calcite/prepare/CalciteSqlValidator.java,0,0,0.16395319076067902
1.5.0,core/src/main/java/org/apache/calcite/rel/RelWriter.java,0,0,0.20916966849215757
1.5.0,core/src/main/java/org/apache/calcite/rel/SingleRel.java,0,1,0.5278717000732014
1.5.0,core/src/main/java/org/apache/calcite/rex/RexChecker.java,0,0,0.3596617079495828
1.5.0,core/src/main/java/org/apache/calcite/rex/RexCorrelVariable.java,0,0,0.17582186261630192
1.5.0,core/src/main/java/org/apache/calcite/rex/RexDynamicParam.java,0,0,0.17582186261630192
1.5.0,core/src/main/java/org/apache/calcite/rex/RexExecutable.java,0,1,0.5202851928153425
1.5.0,core/src/main/java/org/apache/calcite/rex/RexFieldAccess.java,0,0,0.4152269690603933
1.5.0,core/src/main/java/org/apache/calcite/rex/RexFieldCollation.java,0,0,0.24603559554307972
1.5.0,core/src/main/java/org/apache/calcite/rex/RexLocalRef.java,0,1,0.5781267659921806
1.5.0,core/src/main/java/org/apache/calcite/rex/RexMultisetUtil.java,0,0,0.038776407347495184
1.5.0,core/src/main/java/org/apache/calcite/rex/RexNode.java,0,1,0.5432350226968334
1.5.0,core/src/main/java/org/apache/calcite/rex/RexOver.java,0,0,0.31733911364188494
1.5.0,core/src/main/java/org/apache/calcite/rex/RexPermutationShuttle.java,0,0,0.20916966849215757
1.5.0,core/src/main/java/org/apache/calcite/rex/RexPermuteInputsShuttle.java,0,0,0.11828610560805614
1.5.0,core/src/main/java/org/apache/calcite/rex/RexRangeRef.java,0,0,0.23989204374504577
1.5.0,core/src/main/java/org/apache/calcite/rex/RexSlot.java,0,1,0.6209926596298574
1.5.0,core/src/main/java/org/apache/calcite/rex/RexSqlConvertlet.java,0,0,0.20916966849215757
1.5.0,core/src/main/java/org/apache/calcite/rex/RexSqlReflectiveConvertletTable.java,0,0,0.09286732945972546
1.5.0,core/src/main/java/org/apache/calcite/rex/RexSqlStandardConvertletTable.java,0,0,0.20916966849215757
1.5.0,core/src/main/java/org/apache/calcite/rex/RexToSqlNodeConverter.java,0,0,0.20916966849215757
1.5.0,core/src/main/java/org/apache/calcite/rex/RexToSqlNodeConverterImpl.java,0,0,0.20916966849215757
1.5.0,core/src/main/java/org/apache/calcite/rex/RexTransformer.java,0,1,0.529378754638229
1.5.0,core/src/main/java/org/apache/calcite/rex/RexVariable.java,0,1,0.5523258789734439
1.5.0,core/src/main/java/org/apache/calcite/rex/RexVisitor.java,0,0,0.20916966849215757
1.5.0,core/src/main/java/org/apache/calcite/rex/RexVisitorImpl.java,0,0,0.4492556359477458
1.5.0,core/src/main/java/org/apache/calcite/rex/RexWindow.java,0,1,0.719756129304147
1.5.0,core/src/main/java/org/apache/calcite/rex/RexWindowBound.java,0,1,0.571372359234909
1.5.0,core/src/main/java/org/apache/calcite/runtime/BinarySearch.java,0,1,0.5319041557473244
1.5.0,core/src/main/java/org/apache/calcite/runtime/Bindable.java,0,0,0.17475326137794814
1.5.0,core/src/main/java/org/apache/calcite/runtime/CalciteContextException.java,0,0,0.33278576262716664
1.5.0,core/src/main/java/org/apache/calcite/runtime/CalciteException.java,0,0,0.17582186261630192
1.5.0,core/src/main/java/org/apache/calcite/runtime/Feature.java,0,0,0.17582186261630192
1.5.0,core/src/main/java/org/apache/calcite/runtime/ResultSetEnumerable.java,0,0,0.03540647608499464
1.5.0,core/src/main/java/org/apache/calcite/runtime/SortedMultiMap.java,0,0,0.002136446704565188
1.5.0,core/src/main/java/org/apache/calcite/schema/AggregateFunction.java,0,0,0.20000968524034762
1.5.0,core/src/main/java/org/apache/calcite/schema/FilterableTable.java,0,0,0.20832434896158766
1.5.0,core/src/main/java/org/apache/calcite/schema/ImplementableAggFunction.java,0,0,0.20297396163611478
1.5.0,core/src/main/java/org/apache/calcite/schema/ImplementableFunction.java,0,0,0.2011585850838442
1.5.0,core/src/main/java/org/apache/calcite/schema/Member.java,0,0,0.17287917592097593
1.5.0,core/src/main/java/org/apache/calcite/schema/ProjectableFilterableTable.java,0,0,0.20920763992971972
1.5.0,core/src/main/java/org/apache/calcite/schema/QueryableTable.java,0,0,0.19630978379948508
1.5.0,core/src/main/java/org/apache/calcite/schema/ScalarFunction.java,0,0,0.19679470645738287
1.5.0,core/src/main/java/org/apache/calcite/schema/ScannableTable.java,0,0,0.20832434896158766
1.5.0,core/src/main/java/org/apache/calcite/schema/SchemaPlus.java,0,0,0.19630978379948508
1.5.0,core/src/main/java/org/apache/calcite/schema/Table.java,0,0,0.17564070975062107
1.5.0,core/src/main/java/org/apache/calcite/schema/TableFactory.java,0,0,0.1841718392922875
1.5.0,core/src/main/java/org/apache/calcite/schema/TableFunction.java,0,0,0.2011585850838442
1.5.0,core/src/main/java/org/apache/calcite/schema/TranslatableTable.java,0,0,0.1762343098799623
1.5.0,core/src/main/java/org/apache/calcite/sql/ExplicitOperatorBinding.java,0,0,0.21078618329832396
1.5.0,core/src/main/java/org/apache/calcite/sql/JoinConditionType.java,0,0,0.17582186261630192
1.5.0,core/src/main/java/org/apache/calcite/sql/JoinType.java,0,0,0.17582186261630192
1.5.0,core/src/main/java/org/apache/calcite/sql/SqlAbstractDateTimeLiteral.java,0,0,0.2466517653523362
1.5.0,core/src/main/java/org/apache/calcite/sql/SqlAbstractStringLiteral.java,0,0,0.17582186261630192
1.5.0,core/src/main/java/org/apache/calcite/sql/SqlAccessType.java,0,0,0.33533354548173505
1.5.0,core/src/main/java/org/apache/calcite/sql/SqlBasicCall.java,0,1,0.6152764932358474
1.5.0,core/src/main/java/org/apache/calcite/sql/SqlBinaryStringLiteral.java,0,0,0.4473311901788236
1.5.0,core/src/main/java/org/apache/calcite/sql/SqlCharStringLiteral.java,0,0,0.3066978155460603
1.5.0,core/src/main/java/org/apache/calcite/sql/SqlCollation.java,0,0,1.6363187233460743e-05
1.5.0,core/src/main/java/org/apache/calcite/sql/SqlDynamicParam.java,0,0,0.23328341832756955
1.5.0,core/src/main/java/org/apache/calcite/sql/SqlExplain.java,0,0,0.41864893941612996
1.5.0,core/src/main/java/org/apache/calcite/sql/SqlExplainLevel.java,0,0,0.17582186261630192
1.5.0,core/src/main/java/org/apache/calcite/sql/SqlFunctionalOperator.java,0,0,0.17582186261630192
1.5.0,core/src/main/java/org/apache/calcite/sql/SqlFunctionCategory.java,0,0,0.17582186261630192
1.5.0,core/src/main/java/org/apache/calcite/sql/SqlIntervalLiteral.java,0,0,0.07207131946730574
1.5.0,core/src/main/java/org/apache/calcite/sql/SqlJoin.java,0,1,0.5870092495918712
1.5.0,core/src/main/java/org/apache/calcite/sql/SqlMerge.java,0,1,0.5878053651464291
1.5.0,core/src/main/java/org/apache/calcite/sql/SqlNodeList.java,0,1,0.7007706221477639
1.5.0,core/src/main/java/org/apache/calcite/sql/SqlNumericLiteral.java,0,0,0.02529165648515437
1.5.0,core/src/main/java/org/apache/calcite/sql/SqlOperatorTable.java,0,0,0.20916966849215757
1.5.0,core/src/main/java/org/apache/calcite/sql/SqlOrderBy.java,0,1,0.6742242450670861
1.5.0,core/src/main/java/org/apache/calcite/sql/SqlPostfixOperator.java,0,1,0.5666883751277915
1.5.0,core/src/main/java/org/apache/calcite/sql/SqlProcedureCallOperator.java,0,0,0.15700948805676665
1.5.0,core/src/main/java/org/apache/calcite/sql/SqlSampleSpec.java,0,0,9.67768078235566e-07
1.5.0,core/src/main/java/org/apache/calcite/sql/SqlSelect.java,1,1,0.6239851643423917
1.5.0,core/src/main/java/org/apache/calcite/sql/SqlSetOperator.java,1,0,0.2353227570716804
1.5.0,core/src/main/java/org/apache/calcite/sql/SqlStateCodes.java,0,0,6.437132800224033e-06
1.5.0,core/src/main/java/org/apache/calcite/sql/SqlSyntax.java,0,0,0.42295552428262123
1.5.0,core/src/main/java/org/apache/calcite/sql/SqlUnnestOperator.java,0,1,0.5804422301361242
1.5.0,core/src/main/java/org/apache/calcite/sql/SqlWriter.java,0,0,0.0023524680029282457
1.5.0,core/src/main/java/org/apache/calcite/sql2rel/DefaultValueFactory.java,0,0,0.20916966849215757
1.5.0,core/src/main/java/org/apache/calcite/sql2rel/ReflectiveConvertletTable.java,0,0,0.009334514035157115
1.5.0,core/src/main/java/org/apache/calcite/sql2rel/SqlNodeToRexConverter.java,0,0,0.20916966849215757
1.5.0,core/src/main/java/org/apache/calcite/sql2rel/SqlRexContext.java,0,0,0.20916966849215757
1.5.0,core/src/main/java/org/apache/calcite/sql2rel/SqlRexConvertlet.java,0,0,0.20916966849215757
1.5.0,core/src/main/java/org/apache/calcite/sql2rel/SqlRexConvertletTable.java,0,0,0.20916966849215757
1.5.0,core/src/main/java/org/apache/calcite/sql2rel/SubqueryConverter.java,0,0,0.20916966849215757
1.5.0,core/src/main/java/org/apache/calcite/tools/Program.java,0,0,0.20916966849215757
1.5.0,core/src/main/java/org/apache/calcite/tools/RuleSet.java,0,0,0.195584093942292
1.5.0,core/src/main/java/org/apache/calcite/util/BarfingInvocationHandler.java,0,0,0.08104513003596245
1.5.0,core/src/main/java/org/apache/calcite/util/BasicDatetime.java,0,0,0.20916966849215757
1.5.0,core/src/main/java/org/apache/calcite/util/Benchmark.java,0,0,0.07887877803974046
1.5.0,core/src/main/java/org/apache/calcite/util/BitString.java,0,1,0.5814649485122083
1.5.0,core/src/main/java/org/apache/calcite/util/CalciteParserException.java,0,0,0.20916966849215757
1.5.0,core/src/main/java/org/apache/calcite/util/CalciteValidatorException.java,0,0,0.20916966849215757
1.5.0,core/src/main/java/org/apache/calcite/util/CastingList.java,0,0,0.2151339752661458
1.5.0,core/src/main/java/org/apache/calcite/util/ChunkList.java,1,1,0.7186422949316409
1.5.0,core/src/main/java/org/apache/calcite/util/CompatibleGuava11.java,0,0,0.16086669268504689
1.5.0,core/src/main/java/org/apache/calcite/util/CompositeList.java,0,0,0.18876235613150827
1.5.0,core/src/main/java/org/apache/calcite/util/CompositeMap.java,0,0,0.39165084205390466
1.5.0,core/src/main/java/org/apache/calcite/util/CompoundClosableAllocation.java,0,0,0.20916966849215757
1.5.0,core/src/main/java/org/apache/calcite/util/ConversionUtil.java,0,0,1.826559113035279e-06
1.5.0,core/src/main/java/org/apache/calcite/util/DelegatingInvocationHandler.java,0,0,0.2100555926172475
1.5.0,core/src/main/java/org/apache/calcite/util/Filterator.java,0,1,0.742138666547609
1.5.0,core/src/main/java/org/apache/calcite/util/IntegerIntervalSet.java,0,0,0.4135756058652273
1.5.0,core/src/main/java/org/apache/calcite/util/IntList.java,0,0,0.005793266034069551
1.5.0,core/src/main/java/org/apache/calcite/util/NlsString.java,0,0,1.2193122204945682e-07
1.5.0,core/src/main/java/org/apache/calcite/util/NumberUtil.java,0,0,0.06977355093018192
1.5.0,core/src/main/java/org/apache/calcite/util/Pair.java,0,0,2.811212266179594e-07
1.5.0,core/src/main/java/org/apache/calcite/util/PartiallyOrderedSet.java,0,1,0.519063598603239
1.5.0,core/src/main/java/org/apache/calcite/util/Permutation.java,0,0,0.004701557653519746
1.5.0,core/src/main/java/org/apache/calcite/util/ReflectiveVisitDispatcher.java,0,0,0.20916966849215757
1.5.0,core/src/main/java/org/apache/calcite/util/SaffronProperties.java,0,0,1.5769859154013203e-06
1.5.0,core/src/main/java/org/apache/calcite/util/SerializableCharset.java,0,0,0.033565212465617354
1.5.0,core/src/main/java/org/apache/calcite/util/StackWriter.java,0,0,0.08130974482327973
1.5.0,core/src/main/java/org/apache/calcite/util/Template.java,0,0,0.0012282927458053903
1.5.0,core/src/main/java/org/apache/calcite/util/UnmodifiableArrayList.java,0,0,0.04833149309608003
1.5.0,core/src/main/java/org/apache/calcite/util/XmlOutput.java,0,0,2.0345700881223775e-05
1.5.0,core/src/main/java/org/apache/calcite/adapter/enumerable/AggResetContext.java,0,0,0.20297396163611478
1.5.0,core/src/main/java/org/apache/calcite/adapter/enumerable/AggResultContext.java,0,0,0.20297396163611478
1.5.0,core/src/main/java/org/apache/calcite/adapter/enumerable/EnumerableCollect.java,0,0,0.10861266558965121
1.5.0,core/src/main/java/org/apache/calcite/adapter/enumerable/EnumerableCollectRule.java,0,0,0.17582186261630192
1.5.0,core/src/main/java/org/apache/calcite/adapter/enumerable/EnumerableIntersect.java,1,0,0.22598235717704546
1.5.0,core/src/main/java/org/apache/calcite/adapter/enumerable/EnumerableIntersectRule.java,0,0,0.1463798188641125
1.5.0,core/src/main/java/org/apache/calcite/adapter/enumerable/EnumerableLimitRule.java,0,1,0.569230033348523
1.5.0,core/src/main/java/org/apache/calcite/adapter/enumerable/EnumerableMinus.java,1,0,0.302172392793337
1.5.0,core/src/main/java/org/apache/calcite/adapter/enumerable/EnumerableMinusRule.java,0,0,0.136074516569127
1.5.0,core/src/main/java/org/apache/calcite/adapter/enumerable/EnumerableTableFunctionScanRule.java,0,0,0.17582186261630192
1.5.0,core/src/main/java/org/apache/calcite/adapter/enumerable/EnumerableTableModify.java,1,1,0.561830625149688
1.5.0,core/src/main/java/org/apache/calcite/adapter/enumerable/EnumerableTableModifyRule.java,0,0,0.40673662669978017
1.5.0,core/src/main/java/org/apache/calcite/adapter/enumerable/EnumerableUncollect.java,0,0,0.40155015465817556
1.5.0,core/src/main/java/org/apache/calcite/adapter/enumerable/EnumerableUncollectRule.java,0,0,0.17582186261630192
1.5.0,core/src/main/java/org/apache/calcite/adapter/enumerable/EnumerableUnion.java,1,1,0.5932724960361782
1.5.0,core/src/main/java/org/apache/calcite/adapter/enumerable/EnumerableUnionRule.java,0,0,0.17582186261630192
1.5.0,core/src/main/java/org/apache/calcite/adapter/enumerable/EnumerableWindowRule.java,0,0,0.17350313071856663
1.5.0,core/src/main/java/org/apache/calcite/adapter/enumerable/NestedBlockBuilder.java,0,0,0.20297396163611478
1.5.0,core/src/main/java/org/apache/calcite/adapter/enumerable/NestedBlockBuilderImpl.java,0,1,0.5147102122006633
1.5.0,core/src/main/java/org/apache/calcite/adapter/enumerable/NotNullImplementor.java,0,0,0.2011585850838442
1.5.0,core/src/main/java/org/apache/calcite/adapter/enumerable/NullPolicy.java,0,0,0.16881534258767314
1.5.0,core/src/main/java/org/apache/calcite/adapter/enumerable/ReflectiveCallNotNullImplementor.java,0,1,0.5571440422301246
1.5.0,core/src/main/java/org/apache/calcite/adapter/enumerable/StrictWinAggImplementor.java,0,0,0.02785642117953899
1.5.0,core/src/main/java/org/apache/calcite/adapter/enumerable/WinAggAddContext.java,0,0,0.20297396163611478
1.5.0,core/src/main/java/org/apache/calcite/adapter/enumerable/WinAggFrameContext.java,0,0,0.20322245675550216
1.5.0,core/src/main/java/org/apache/calcite/adapter/enumerable/WinAggFrameResultContext.java,0,0,0.20322245675550216
1.5.0,core/src/main/java/org/apache/calcite/adapter/enumerable/WinAggResetContext.java,0,0,0.20297396163611478
1.5.0,core/src/main/java/org/apache/calcite/adapter/enumerable/WinAggResultContext.java,0,0,0.20297396163611478
1.5.0,core/src/main/java/org/apache/calcite/adapter/java/AbstractQueryableTable.java,0,0,0.15879364581657188
1.5.0,core/src/main/java/org/apache/calcite/adapter/java/JavaTypeFactory.java,0,0,0.1729157694042729
1.5.0,core/src/main/java/org/apache/calcite/adapter/jdbc/JdbcQueryProvider.java,0,0,0.17512260128332768
1.5.0,core/src/main/java/org/apache/calcite/adapter/jdbc/JdbcRel.java,0,0,0.18757938419470754
1.5.0,core/src/main/java/org/apache/calcite/adapter/jdbc/JdbcTableScan.java,0,0,0.38676279936764324
1.5.0,core/src/main/java/org/apache/calcite/adapter/jdbc/JdbcToEnumerableConverterRule.java,0,0,0.15699039725134117
1.5.0,core/src/main/java/org/apache/calcite/plan/hep/HepInstruction.java,0,1,0.8855624322326937
1.5.0,core/src/main/java/org/apache/calcite/plan/hep/HepPlanner.java,1,1,0.8230790016948191
1.5.0,core/src/main/java/org/apache/calcite/plan/hep/HepProgram.java,0,1,0.7341731142856065
1.5.0,core/src/main/java/org/apache/calcite/plan/hep/HepProgramBuilder.java,0,0,0.0019297762234585084
1.5.0,core/src/main/java/org/apache/calcite/plan/hep/HepRelMetadataProvider.java,0,1,0.569230033348523
1.5.0,core/src/main/java/org/apache/calcite/plan/hep/HepRuleCall.java,0,0,0.07492223929557391
1.5.0,core/src/main/java/org/apache/calcite/plan/volcano/ChainedPhaseRuleMappingInitializer.java,0,0,0.20916966849215757
1.5.0,core/src/main/java/org/apache/calcite/plan/volcano/VolcanoCost.java,0,0,0.0014568834726163887
1.5.0,core/src/main/java/org/apache/calcite/plan/volcano/VolcanoPlannerPhaseRuleMappingInitializer.java,0,0,0.20916966849215757
1.5.0,core/src/main/java/org/apache/calcite/plan/volcano/VolcanoRelMetadataProvider.java,0,0,0.20916966849215757
1.5.0,core/src/main/java/org/apache/calcite/plan/volcano/VolcanoRuleCall.java,0,0,5.124225456312551e-06
1.5.0,core/src/main/java/org/apache/calcite/plan/volcano/VolcanoRuleMatch.java,0,1,0.699060601908057
1.5.0,core/src/main/java/org/apache/calcite/rel/convert/Converter.java,0,0,0.20916966849215757
1.5.0,core/src/main/java/org/apache/calcite/rel/convert/NoneConverter.java,0,0,0.20916966849215757
1.5.0,core/src/main/java/org/apache/calcite/rel/convert/TraitMatchingRule.java,0,0,0.20916966849215757
1.5.0,core/src/main/java/org/apache/calcite/rel/core/Collect.java,0,0,0.4102884971353602
1.5.0,core/src/main/java/org/apache/calcite/rel/core/Sample.java,0,0,0.11704594311227921
1.5.0,core/src/main/java/org/apache/calcite/rel/core/TableModify.java,0,0,0.21119807673936802
1.5.0,core/src/main/java/org/apache/calcite/rel/core/Union.java,0,0,0.18057217274449203
1.5.0,core/src/main/java/org/apache/calcite/rel/externalize/RelJsonWriter.java,0,0,0.44931170216890565
1.5.0,core/src/main/java/org/apache/calcite/rel/externalize/RelXmlWriter.java,0,0,0.0076335845640062416
1.5.0,core/src/main/java/org/apache/calcite/rel/metadata/ChainedRelMetadataProvider.java,0,0,0.33320167134071804
1.5.0,core/src/main/java/org/apache/calcite/rel/metadata/Metadata.java,0,0,0.20916966849215757
1.5.0,core/src/main/java/org/apache/calcite/rel/metadata/MetadataFactory.java,0,0,0.20916966849215757
1.5.0,core/src/main/java/org/apache/calcite/rel/metadata/MetadataFactoryImpl.java,0,0,0.11332184020831562
1.5.0,core/src/main/java/org/apache/calcite/rel/metadata/RelColumnOrigin.java,0,0,0.3346402368740107
1.5.0,core/src/main/java/org/apache/calcite/rel/metadata/RelMdExplainVisibility.java,0,0,0.11839858537191807
1.5.0,core/src/main/java/org/apache/calcite/rel/metadata/RelMdPercentageOriginalRows.java,0,0,0.37472565719357503
1.5.0,core/src/main/java/org/apache/calcite/rel/metadata/RelMetadataProvider.java,0,0,0.20916966849215757
1.5.0,core/src/main/java/org/apache/calcite/rel/rules/CoerceInputsRule.java,0,1,0.6090897088454006
1.5.0,core/src/main/java/org/apache/calcite/rel/rules/FilterMultiJoinMergeRule.java,0,0,0.1427413260085824
1.5.0,core/src/main/java/org/apache/calcite/rel/rules/FilterRemoveIsNotDistinctFromRule.java,0,0,0.23081695884506723
1.5.0,core/src/main/java/org/apache/calcite/rel/rules/JoinExtractFilterRule.java,0,0,0.45051154317444225
1.5.0,core/src/main/java/org/apache/calcite/rel/rules/MultiJoinProjectTransposeRule.java,0,0,0.20916966849215757
1.5.0,core/src/main/java/org/apache/calcite/rel/rules/ProjectSetOpTransposeRule.java,0,0,0.23693968473646027
1.5.0,core/src/main/java/org/apache/calcite/rel/rules/SemiJoinRemoveRule.java,0,0,0.11839858537191807
1.5.0,core/src/main/java/org/apache/calcite/rel/rules/SortRemoveRule.java,0,0,0.4066392402412485
1.5.0,core/src/main/java/org/apache/calcite/rel/rules/TableScanRule.java,0,0,0.000488326539523896
1.5.0,core/src/main/java/org/apache/calcite/rel/type/RelDataTypeComparability.java,0,0,0.17582186261630192
1.5.0,core/src/main/java/org/apache/calcite/rel/type/RelDataTypeFieldImpl.java,0,0,0.20054162796092959
1.5.0,core/src/main/java/org/apache/calcite/rel/type/RelProtoDataType.java,0,0,0.20916966849215757
1.5.0,core/src/main/java/org/apache/calcite/rel/type/RelRecordType.java,0,0,0.018982427588903457
1.5.0,core/src/main/java/org/apache/calcite/schema/impl/AbstractTable.java,0,0,0.020732419628766832
1.5.0,core/src/main/java/org/apache/calcite/schema/impl/AbstractTableQueryable.java,0,0,0.3045864335270823
1.5.0,core/src/main/java/org/apache/calcite/schema/impl/DelegatingSchema.java,0,0,0.17512260128332768
1.5.0,core/src/main/java/org/apache/calcite/schema/impl/ScalarFunctionImpl.java,0,1,0.6117227311188744
1.5.0,core/src/main/java/org/apache/calcite/schema/impl/StarTable.java,0,0,0.31460488382552093
1.5.0,core/src/main/java/org/apache/calcite/schema/impl/TableMacroImpl.java,0,0,0.3244650659788949
1.5.0,core/src/main/java/org/apache/calcite/sql/advise/SqlAdvisorHint.java,0,1,0.7584743996644238
1.5.0,core/src/main/java/org/apache/calcite/sql/advise/SqlSimpleParser.java,0,0,1.1570934742126414e-06
1.5.0,core/src/main/java/org/apache/calcite/sql/fun/SqlArrayQueryConstructor.java,0,0,0.17582186261630192
1.5.0,core/src/main/java/org/apache/calcite/sql/fun/SqlArrayValueConstructor.java,0,0,0.17522737889333218
1.5.0,core/src/main/java/org/apache/calcite/sql/fun/SqlCase.java,0,0,0.4404506862594645
1.5.0,core/src/main/java/org/apache/calcite/sql/fun/SqlCaseOperator.java,0,0,0.16548766098831658
1.5.0,core/src/main/java/org/apache/calcite/sql/fun/SqlCoalesceFunction.java,0,1,0.5085517854636313
1.5.0,core/src/main/java/org/apache/calcite/sql/fun/SqlColumnListConstructor.java,0,0,0.1293199052488588
1.5.0,core/src/main/java/org/apache/calcite/sql/fun/SqlConvertFunction.java,0,0,0.4084268354401565
1.5.0,core/src/main/java/org/apache/calcite/sql/fun/SqlCursorConstructor.java,0,0,0.404965212562098
1.5.0,core/src/main/java/org/apache/calcite/sql/fun/SqlInOperator.java,0,0,0.45767831343910415
1.5.0,core/src/main/java/org/apache/calcite/sql/fun/SqlMapQueryConstructor.java,0,0,0.17582186261630192
1.5.0,core/src/main/java/org/apache/calcite/sql/fun/SqlMultisetSetOperator.java,0,0,0.2726816745711279
1.5.0,core/src/main/java/org/apache/calcite/sql/fun/SqlNewOperator.java,0,0,0.17961506773654806
1.5.0,core/src/main/java/org/apache/calcite/sql/fun/SqlNullifFunction.java,0,0,0.44326614368182704
1.5.0,core/src/main/java/org/apache/calcite/sql/fun/SqlOverlayFunction.java,0,1,0.7580361377445326
1.5.0,core/src/main/java/org/apache/calcite/sql/fun/SqlPositionFunction.java,0,0,0.38686395280195746
1.5.0,core/src/main/java/org/apache/calcite/sql/fun/SqlRowOperator.java,0,0,0.18063195666942417
1.5.0,core/src/main/java/org/apache/calcite/sql/parser/SqlParseException.java,0,1,0.527191298170184
1.5.0,core/src/main/java/org/apache/calcite/sql/parser/SqlParserImplFactory.java,0,0,0.20916966849215757
1.5.0,core/src/main/java/org/apache/calcite/sql/type/AbstractSqlType.java,0,0,0.19612111789853032
1.5.0,core/src/main/java/org/apache/calcite/sql/type/CursorReturnTypeInference.java,0,0,0.20916966849215757
1.5.0,core/src/main/java/org/apache/calcite/sql/type/ExplicitOperandTypeInference.java,1,0,0.4942541642466769
1.5.0,core/src/main/java/org/apache/calcite/sql/type/ExplicitReturnTypeInference.java,0,1,0.5037640224022266
1.5.0,core/src/main/java/org/apache/calcite/sql/type/JavaToSqlTypeConversionRules.java,0,0,0.11619625307019465
1.5.0,core/src/main/java/org/apache/calcite/sql/type/MapSqlType.java,0,1,0.570656973105044
1.5.0,core/src/main/java/org/apache/calcite/sql/type/MatchReturnTypeInference.java,0,1,0.630404956904017
1.5.0,core/src/main/java/org/apache/calcite/sql/type/MultisetSqlType.java,0,1,0.5400387152196968
1.5.0,core/src/main/java/org/apache/calcite/sql/type/ObjectSqlType.java,0,0,0.2105516382375849
1.5.0,core/src/main/java/org/apache/calcite/sql/type/OperandsTypeChecking.java,0,0,0.00042539058635502496
1.5.0,core/src/main/java/org/apache/calcite/sql/type/OrdinalReturnTypeInference.java,0,0,0.17582186261630192
1.5.0,core/src/main/java/org/apache/calcite/sql/type/SqlOperandTypeInference.java,0,0,0.2100555926172475
1.5.0,core/src/main/java/org/apache/calcite/sql/type/SqlReturnTypeInference.java,0,0,0.20916966849215757
1.5.0,core/src/main/java/org/apache/calcite/sql/type/SqlReturnTypeInferenceChain.java,0,1,0.6320755155497885
1.5.0,core/src/main/java/org/apache/calcite/sql/type/SqlSingleOperandTypeChecker.java,0,0,0.20916966849215757
1.5.0,core/src/main/java/org/apache/calcite/sql/type/SqlTypeAssignmentRules.java,0,0,0.0011828600497582628
1.5.0,core/src/main/java/org/apache/calcite/sql/type/SqlTypeExplicitPrecedenceList.java,1,0,0.23081695884506723
1.5.0,core/src/main/java/org/apache/calcite/sql/type/SqlTypeFamily.java,0,0,7.0397953361893154e-12
1.5.0,core/src/main/java/org/apache/calcite/sql/type/SqlTypeTransform.java,0,0,0.20916966849215757
1.5.0,core/src/main/java/org/apache/calcite/sql/type/SqlTypeTransformCascade.java,0,1,0.6075048926548875
1.5.0,core/src/main/java/org/apache/calcite/sql/type/TableFunctionReturnTypeInference.java,0,0,0.20916966849215757
1.5.0,core/src/main/java/org/apache/calcite/sql/util/ListSqlOperatorTable.java,0,0,0.4953625103568824
1.5.0,core/src/main/java/org/apache/calcite/sql/util/ReflectiveSqlOperatorTable.java,0,0,0.011549067239369994
1.5.0,core/src/main/java/org/apache/calcite/sql/util/SqlBasicVisitor.java,0,0,0.4534775923284816
1.5.0,core/src/main/java/org/apache/calcite/sql/util/SqlBuilder.java,0,0,0.3921631891346759
1.5.0,core/src/main/java/org/apache/calcite/sql/util/SqlString.java,0,0,0.23307661055310638
1.5.0,core/src/main/java/org/apache/calcite/sql/util/SqlVisitor.java,0,0,0.20916966849215757
1.5.0,core/src/main/java/org/apache/calcite/sql/validate/AggFinder.java,0,1,0.5577933659299421
1.5.0,core/src/main/java/org/apache/calcite/sql/validate/AggregatingScope.java,0,0,0.20916966849215757
1.5.0,core/src/main/java/org/apache/calcite/sql/validate/AliasNamespace.java,1,1,0.5501558064629379
1.5.0,core/src/main/java/org/apache/calcite/sql/validate/CollectNamespace.java,1,1,0.5400387152196968
1.5.0,core/src/main/java/org/apache/calcite/sql/validate/CollectScope.java,0,0,0.44604616311279277
1.5.0,core/src/main/java/org/apache/calcite/sql/validate/DelegatingNamespace.java,1,0,0.20916966849215757
1.5.0,core/src/main/java/org/apache/calcite/sql/validate/DelegatingSqlValidatorCatalogReader.java,0,0,0.20916966849215757
1.5.0,core/src/main/java/org/apache/calcite/sql/validate/DelegatingSqlValidatorTable.java,0,0,0.20916966849215757
1.5.0,core/src/main/java/org/apache/calcite/sql/validate/FieldNamespace.java,1,0,0.40513313159325537
1.5.0,core/src/main/java/org/apache/calcite/sql/validate/JoinNamespace.java,1,1,0.5293931161060084
1.5.0,core/src/main/java/org/apache/calcite/sql/validate/JoinScope.java,0,0,0.44169684296000883
1.5.0,core/src/main/java/org/apache/calcite/sql/validate/OverScope.java,0,0,0.20916966849215757
1.5.0,core/src/main/java/org/apache/calcite/sql/validate/ParameterNamespace.java,1,0,0.20916966849215757
1.5.0,core/src/main/java/org/apache/calcite/sql/validate/SqlIdentifierMoniker.java,0,0,0.05777030061617545
1.5.0,core/src/main/java/org/apache/calcite/sql/validate/SqlUserDefinedTableFunction.java,0,0,0.17582186261630192
1.5.0,core/src/main/java/org/apache/calcite/sql/validate/SqlValidatorException.java,0,0,0.194868350696404
1.5.0,core/src/main/java/org/apache/calcite/sql/validate/SqlValidatorWithHints.java,0,0,0.20916966849215757
1.5.0,core/src/main/java/org/apache/calcite/sql/validate/UnnestNamespace.java,1,1,0.5519454870295283
1.5.0,core/src/main/java/org/apache/calcite/sql/validate/WithItemNamespace.java,1,1,0.5826093542091842
1.5.0,core/src/main/java/org/apache/calcite/sql/validate/WithNamespace.java,1,1,0.569230033348523
1.5.0,core/src/main/java/org/apache/calcite/util/graph/CycleDetector.java,0,0,0.17582186261630192
1.5.0,core/src/main/java/org/apache/calcite/util/graph/DefaultDirectedGraph.java,0,1,0.5731988173538396
1.5.0,core/src/main/java/org/apache/calcite/util/graph/DefaultEdge.java,0,0,0.49716421673837086
1.5.0,core/src/main/java/org/apache/calcite/util/graph/DepthFirstIterator.java,0,0,0.3099227418424539
1.5.0,core/src/main/java/org/apache/calcite/util/graph/Graphs.java,0,1,0.5641173546312471
1.5.0,core/src/main/java/org/apache/calcite/util/graph/TopologicalOrderIterator.java,0,1,0.6862576553306124
1.5.0,core/src/main/java/org/apache/calcite/util/javac/JaninoCompiler.java,0,0,0.22640059225538595
1.5.0,core/src/main/java/org/apache/calcite/util/javac/JavaCompilerArgs.java,0,0,0.029373961515699397
1.5.0,core/src/main/java/org/apache/calcite/util/mapping/Mapping.java,0,0,0.20916966849215757
1.5.0,core/src/main/java/org/apache/calcite/util/trace/CalciteLogger.java,0,0,0.0036850452416833826
1.5.0,core/src/main/java/org/apache/calcite/util/trace/CalciteTimingTracer.java,0,0,0.0001941611405030591
1.5.0,core/src/main/java/org/apache/calcite/adapter/enumerable/impl/AggAddContextImpl.java,0,0,0.17061824998987357
1.5.0,core/src/main/java/org/apache/calcite/adapter/enumerable/impl/AggResetContextImpl.java,0,0,0.11251640349517972
1.5.0,core/src/main/java/org/apache/calcite/adapter/enumerable/impl/AggResultContextImpl.java,0,0,0.17061824998987357
1.5.0,core/src/main/java/org/apache/calcite/adapter/enumerable/impl/WinAggResetContextImpl.java,0,0,0.43804335550055584
1.5.0,core/src/main/java/org/apache/calcite/adapter/enumerable/impl/WinAggResultContextImpl.java,0,0,0.19823071152065713
1.5.0,avatica/src/main/java/org/apache/calcite/avatica/ConnectStringParser.java,1,1,0.9985415554153582
1.5.0,mongodb/src/main/java/org/apache/calcite/adapter/mongodb/MongoMethod.java,0,0,0.20916966849215757
1.5.0,mongodb/src/main/java/org/apache/calcite/adapter/mongodb/MongoRel.java,0,0,0.22625078220157252
1.5.0,mongodb/src/main/java/org/apache/calcite/adapter/mongodb/MongoSchema.java,0,0,0.24659294904398707
1.5.0,mongodb/src/main/java/org/apache/calcite/adapter/mongodb/MongoSchemaFactory.java,0,0,0.15605592451996475
1.5.0,mongodb/src/main/java/org/apache/calcite/adapter/mongodb/MongoSort.java,0,0,0.36831585583441967
1.5.0,mongodb/src/main/java/org/apache/calcite/adapter/mongodb/MongoTableScan.java,0,0,0.25903981720237157
1.5.0,mongodb/src/main/java/org/apache/calcite/adapter/mongodb/MongoToEnumerableConverter.java,0,0,0.198939601869344
1.5.0,mongodb/src/main/java/org/apache/calcite/adapter/mongodb/MongoToEnumerableConverterRule.java,0,0,0.1427413260085824
1.5.0,plus/src/main/java/org/apache/calcite/adapter/tpcds/TpcdsSchemaFactory.java,0,1,0.7006897558357331
1.5.0,plus/src/main/java/org/apache/calcite/adapter/tpch/TpchSchema.java,0,0,6.18621081974895e-06
1.5.0,plus/src/main/java/org/apache/calcite/adapter/tpch/TpchSchemaFactory.java,0,0,0.15605592451996475
1.5.0,spark/src/main/java/org/apache/calcite/adapter/spark/EnumerableToSparkConverter.java,0,1,0.8058859410594024
1.5.0,spark/src/main/java/org/apache/calcite/adapter/spark/EnumerableToSparkConverterRule.java,0,0,0.1427413260085824
1.5.0,spark/src/main/java/org/apache/calcite/adapter/spark/JdbcToSparkConverter.java,0,0,0.23592124207652318
1.5.0,spark/src/main/java/org/apache/calcite/adapter/spark/JdbcToSparkConverterRule.java,0,0,0.20916966849215757
1.5.0,spark/src/main/java/org/apache/calcite/adapter/spark/SparkMethod.java,0,0,0.16573749223231776
1.5.0,spark/src/main/java/org/apache/calcite/adapter/spark/SparkRel.java,0,0,0.20063302763085178
1.5.0,spark/src/main/java/org/apache/calcite/adapter/spark/SparkRuntime.java,0,0,0.2100555926172475
1.5.0,splunk/src/main/java/org/apache/calcite/adapter/splunk/SplunkDriver.java,0,0,0.06489968110263211
1.5.0,splunk/src/main/java/org/apache/calcite/adapter/splunk/SplunkDriverVersion.java,0,0,0.17582186261630192
1.5.0,splunk/src/main/java/org/apache/calcite/adapter/splunk/SplunkSchema.java,0,0,0.20916966849215757
1.5.0,splunk/src/main/java/org/apache/calcite/adapter/splunk/SplunkTable.java,0,0,0.20916966849215757
1.5.0,splunk/src/main/java/org/apache/calcite/adapter/splunk/search/SplunkConnection.java,0,0,0.20916966849215757
1.5.0,splunk/src/main/java/org/apache/calcite/adapter/splunk/search/SplunkConnectionImpl.java,0,0,5.50184670054587e-09
1.5.0,splunk/src/main/java/org/apache/calcite/adapter/splunk/util/HttpUtils.java,0,0,0.2744129671608627
1.5.0,splunk/src/main/java/org/apache/calcite/adapter/splunk/util/SocketFactoryImpl.java,0,0,0.1891926856380172
1.5.0,splunk/src/main/java/org/apache/calcite/adapter/splunk/util/TrustAllSslSocketFactory.java,0,0,4.979434834227236e-07
1.5.0,linq4j/src/main/java/org/apache/calcite/linq4j/BaseQueryable.java,0,0,0.0053984361118704
1.5.0,linq4j/src/main/java/org/apache/calcite/linq4j/EnumerableOrderedQueryable.java,0,0,0.20916966849215757
1.5.0,linq4j/src/main/java/org/apache/calcite/linq4j/ExtendedOrderedEnumerable.java,0,0,0.20916966849215757
1.5.0,linq4j/src/main/java/org/apache/calcite/linq4j/ExtendedOrderedQueryable.java,0,0,0.20916966849215757
1.5.0,linq4j/src/main/java/org/apache/calcite/linq4j/Extensions.java,0,0,0.31516725515733185
1.5.0,linq4j/src/main/java/org/apache/calcite/linq4j/GroupingImpl.java,0,0,0.2749006825245501
1.5.0,linq4j/src/main/java/org/apache/calcite/linq4j/Lookup.java,0,0,0.20916966849215757
1.5.0,linq4j/src/main/java/org/apache/calcite/linq4j/LookupImpl.java,0,0,0.34633605191751565
1.5.0,linq4j/src/main/java/org/apache/calcite/linq4j/QueryProvider.java,0,0,0.20916966849215757
1.5.0,linq4j/src/main/java/org/apache/calcite/linq4j/QueryProviderImpl.java,0,1,0.7047952214942802
1.5.0,linq4j/src/main/java/org/apache/calcite/linq4j/RawQueryable.java,0,0,0.20916966849215757
1.5.0,linq4j/src/main/java/org/apache/calcite/linq4j/tree/AbstractNode.java,0,0,0.4903390561948889
1.5.0,linq4j/src/main/java/org/apache/calcite/linq4j/tree/ArrayLengthRecordField.java,0,0,0.25264108283733
1.5.0,linq4j/src/main/java/org/apache/calcite/linq4j/tree/BinaryExpression.java,0,0,0.013078233871426518
1.5.0,linq4j/src/main/java/org/apache/calcite/linq4j/tree/BlockBuilder.java,0,0,3.2789883802257343e-06
1.5.0,linq4j/src/main/java/org/apache/calcite/linq4j/tree/Blocks.java,0,0,0.06097898224525285
1.5.0,linq4j/src/main/java/org/apache/calcite/linq4j/tree/BlockStatement.java,0,0,0.002457791060875823
1.5.0,linq4j/src/main/java/org/apache/calcite/linq4j/tree/CatchBlock.java,0,0,0.17559288546491986
1.5.0,linq4j/src/main/java/org/apache/calcite/linq4j/tree/ClassDeclaration.java,0,1,0.8733638458870776
1.5.0,linq4j/src/main/java/org/apache/calcite/linq4j/tree/ClassDeclarationFinder.java,0,1,0.6522279808667247
1.5.0,linq4j/src/main/java/org/apache/calcite/linq4j/tree/ConditionalStatement.java,0,0,0.32096406105004904
1.5.0,linq4j/src/main/java/org/apache/calcite/linq4j/tree/ConstantUntypedNull.java,0,0,0.4855480875836347
1.5.0,linq4j/src/main/java/org/apache/calcite/linq4j/tree/DeclarationStatement.java,0,0,0.30694678438427636
1.5.0,linq4j/src/main/java/org/apache/calcite/linq4j/tree/DefaultExpression.java,0,0,0.20916966849215757
1.5.0,linq4j/src/main/java/org/apache/calcite/linq4j/tree/DeterministicCodeOptimizer.java,1,0,0.47115068319852715
1.5.0,linq4j/src/main/java/org/apache/calcite/linq4j/tree/DynamicExpression.java,0,0,0.20916966849215757
1.5.0,linq4j/src/main/java/org/apache/calcite/linq4j/tree/Expression.java,0,1,0.6497824253156128
1.5.0,linq4j/src/main/java/org/apache/calcite/linq4j/tree/ExpressionVisitor.java,0,0,0.20916966849215757
1.5.0,linq4j/src/main/java/org/apache/calcite/linq4j/tree/ExpressionWriter.java,0,0,0.21177124121824895
1.5.0,linq4j/src/main/java/org/apache/calcite/linq4j/tree/FieldDeclaration.java,0,0,0.24885438280209782
1.5.0,linq4j/src/main/java/org/apache/calcite/linq4j/tree/ForStatement.java,0,0,0.031494155620185094
1.5.0,linq4j/src/main/java/org/apache/calcite/linq4j/tree/GotoStatement.java,0,1,0.5293041021093163
1.5.0,linq4j/src/main/java/org/apache/calcite/linq4j/tree/IndexExpression.java,0,0,0.26949451172927386
1.5.0,linq4j/src/main/java/org/apache/calcite/linq4j/tree/InvocationExpression.java,0,0,0.20916966849215757
1.5.0,linq4j/src/main/java/org/apache/calcite/linq4j/tree/LabelStatement.java,0,0,0.07499152969894425
1.5.0,linq4j/src/main/java/org/apache/calcite/linq4j/tree/LabelTarget.java,0,0,0.13911716967648122
1.5.0,linq4j/src/main/java/org/apache/calcite/linq4j/tree/LambdaExpression.java,0,0,0.2888145582434189
1.5.0,linq4j/src/main/java/org/apache/calcite/linq4j/tree/ListInitExpression.java,0,0,0.20916966849215757
1.5.0,linq4j/src/main/java/org/apache/calcite/linq4j/tree/MemberExpression.java,0,1,0.5460934177597039
1.5.0,linq4j/src/main/java/org/apache/calcite/linq4j/tree/MemberInitExpression.java,0,0,0.20916966849215757
1.5.0,linq4j/src/main/java/org/apache/calcite/linq4j/tree/MethodCallExpression.java,0,1,0.5130286514535762
1.5.0,linq4j/src/main/java/org/apache/calcite/linq4j/tree/NewArrayExpression.java,0,0,0.2544148417249463
1.5.0,linq4j/src/main/java/org/apache/calcite/linq4j/tree/NewExpression.java,0,0,0.14998235582407077
1.5.0,linq4j/src/main/java/org/apache/calcite/linq4j/tree/OptimizeVisitor.java,0,0,0.3550161317414254
1.5.0,linq4j/src/main/java/org/apache/calcite/linq4j/tree/ParameterExpression.java,0,1,0.6754524594071571
1.5.0,linq4j/src/main/java/org/apache/calcite/linq4j/tree/ReflectedPseudoField.java,0,0,0.36351128690478
1.5.0,linq4j/src/main/java/org/apache/calcite/linq4j/tree/Statement.java,0,1,0.6415852319713643
1.5.0,linq4j/src/main/java/org/apache/calcite/linq4j/tree/SwitchStatement.java,0,0,0.20916966849215757
1.5.0,linq4j/src/main/java/org/apache/calcite/linq4j/tree/TernaryExpression.java,0,0,0.23103825204890394
1.5.0,linq4j/src/main/java/org/apache/calcite/linq4j/tree/ThrowStatement.java,0,0,0.15223685947171375
1.5.0,linq4j/src/main/java/org/apache/calcite/linq4j/tree/TryStatement.java,0,0,0.12850725409678862
1.5.0,linq4j/src/main/java/org/apache/calcite/linq4j/tree/TypeBinaryExpression.java,0,0,0.3412440730440633
1.5.0,linq4j/src/main/java/org/apache/calcite/linq4j/tree/UnaryExpression.java,0,1,0.7598124902576433
1.5.0,linq4j/src/main/java/org/apache/calcite/linq4j/tree/WhileStatement.java,0,0,0.014870927381165522
1.5.0,core/src/main/java/org/apache/calcite/config/CalciteConnectionConfig.java,0,0,0.19906963300051486
1.5.0,core/src/main/java/org/apache/calcite/config/CalciteConnectionConfigImpl.java,0,0,0.173241256926481
1.5.0,core/src/main/java/org/apache/calcite/config/CalciteConnectionProperty.java,0,0,0.09985879279703642
1.5.0,core/src/main/java/org/apache/calcite/plan/RelImplementor.java,0,0,0.20916966849215757
1.5.0,core/src/main/java/org/apache/calcite/sql/SemiJoinType.java,0,0,0.30646858473352667
1.5.0,core/src/main/java/org/apache/calcite/adapter/enumerable/EnumerableCorrelateRule.java,0,0,0.17686253927756365
1.5.0,core/src/main/java/org/apache/calcite/rel/core/CorrelationId.java,0,0,0.4504862587638252
1.5.0,core/src/main/java/org/apache/calcite/rel/core/Uncollect.java,0,0,0.4457712196666914
1.5.0,core/src/main/java/org/apache/calcite/rel/rules/ProjectJoinTransposeRule.java,0,0,0.38552601341422593
1.5.0,core/src/main/java/org/apache/calcite/rel/rules/PushProjector.java,0,0,0.014241789414639869
1.5.0,core/src/main/java/org/apache/calcite/util/trace/CalciteTrace.java,0,0,0.02217637456908702
1.5.0,spark/src/main/java/org/apache/calcite/adapter/spark/SparkToEnumerableConverter.java,0,0,0.23081695884506723
1.5.0,core/src/main/java/org/apache/calcite/plan/RelOptAbstractTable.java,0,0,0.48569287617456136
1.5.0,core/src/main/java/org/apache/calcite/rel/RelDistribution.java,0,0,0.21326228394202973
1.5.0,core/src/main/java/org/apache/calcite/rel/RelDistributions.java,0,0,0.0993349186345815
1.5.0,core/src/main/java/org/apache/calcite/rel/RelDistributionTraitDef.java,0,0,0.1191572312282953
1.5.0,core/src/main/java/org/apache/calcite/rel/RelHomogeneousShuttle.java,0,0,0.18765402237287054
1.5.0,core/src/main/java/org/apache/calcite/rel/RelShuttle.java,0,0,0.20916966849215757
1.5.0,core/src/main/java/org/apache/calcite/rel/RelShuttleImpl.java,0,1,0.7321175897279235
1.5.0,core/src/main/java/org/apache/calcite/plan/volcano/VolcanoPlanner.java,1,1,0.9999999952764098
1.5.0,core/src/main/java/org/apache/calcite/schema/Statistic.java,0,0,0.18521221070562038
1.5.0,core/src/main/java/org/apache/calcite/schema/Statistics.java,0,0,0.18640515006632472
1.5.0,core/src/main/java/org/apache/calcite/adapter/enumerable/EnumerableCalc.java,0,1,0.5326388326571649
1.5.0,core/src/main/java/org/apache/calcite/adapter/enumerable/EnumerableFilter.java,0,0,0.3834979896381043
1.5.0,core/src/main/java/org/apache/calcite/adapter/enumerable/EnumerableLimit.java,0,1,0.6360198809402859
1.5.0,core/src/main/java/org/apache/calcite/adapter/enumerable/EnumerableValues.java,0,0,0.38340792256778033
1.5.0,core/src/main/java/org/apache/calcite/rel/core/Exchange.java,0,0,0.21326228394202973
1.5.0,core/src/main/java/org/apache/calcite/rel/core/Sort.java,0,0,0.3042607366984669
1.5.0,core/src/main/java/org/apache/calcite/rel/core/SortExchange.java,0,0,0.21326228394202973
1.5.0,core/src/main/java/org/apache/calcite/rel/externalize/RelJson.java,0,0,0.0039014375835023374
1.5.0,core/src/main/java/org/apache/calcite/rel/logical/LogicalCalc.java,0,0,0.15628024895223594
1.5.0,core/src/main/java/org/apache/calcite/rel/logical/LogicalExchange.java,0,0,0.3073774281616235
1.5.0,core/src/main/java/org/apache/calcite/rel/logical/LogicalFilter.java,0,0,0.3476846374556495
1.5.0,core/src/main/java/org/apache/calcite/rel/metadata/RelMdColumnOrigins.java,0,0,0.33431615613510085
1.5.0,core/src/main/java/org/apache/calcite/rel/metadata/RelMdDistinctRowCount.java,0,0,0.053787484281963664
1.5.0,core/src/main/java/org/apache/calcite/rel/metadata/RelMdPopulationSize.java,0,0,0.14700217340664848
1.5.0,core/src/main/java/org/apache/calcite/rel/rules/CalcMergeRule.java,0,0,0.3650496127082819
1.5.0,core/src/main/java/org/apache/calcite/rel/rules/CalcRemoveRule.java,0,0,0.06286787737523028
1.5.0,core/src/main/java/org/apache/calcite/rel/RelCollationImpl.java,0,0,0.206846953694619
1.5.0,avatica-server/src/main/java/org/apache/calcite/avatica/server/HttpServer.java,0,0,0.45363620298208984
1.5.0,piglet/src/main/java/org/apache/calcite/piglet/Ast.java,1,0,3.177640925598072e-18
1.5.0,piglet/src/main/java/org/apache/calcite/piglet/Handler.java,0,0,0.15451994975477104
1.5.0,core/src/main/java/org/apache/calcite/sql/SqlCall.java,1,1,0.887914378280355
1.5.0,core/src/main/java/org/apache/calcite/plan/RelOptRuleOperand.java,0,0,0.36541460219950683
1.5.0,core/src/main/java/org/apache/calcite/rel/metadata/RelMdUniqueKeys.java,0,0,0.27796338084177163
1.5.0,core/src/main/java/org/apache/calcite/sql/pretty/SqlPrettyWriter.java,0,0,9.558818634968043e-10
1.5.0,core/src/main/java/org/apache/calcite/sql/validate/SqlScopedShuttle.java,0,0,0.28442034042970715
1.5.0,core/src/main/java/org/apache/calcite/materialize/MaterializationService.java,0,1,0.955046935700546
1.5.0,core/src/main/java/org/apache/calcite/plan/RexImplicationChecker.java,1,0,0.0027968690732179976
1.5.0,core/src/main/java/org/apache/calcite/plan/VisitorDataContext.java,0,0,0.03149411756717427
1.5.0,core/src/main/java/org/apache/calcite/adapter/clone/ArrayTable.java,0,0,0.00018462635845039216
1.5.0,core/src/main/java/org/apache/calcite/adapter/clone/CloneSchema.java,0,1,0.7503914350552914
1.5.0,core/src/main/java/org/apache/calcite/sql/fun/SqlGroupIdFunction.java,0,0,0.17678804513033883
1.5.0,core/src/main/java/org/apache/calcite/sql/fun/SqlGroupingFunction.java,0,0,0.17608157933668983
1.5.0,core/src/main/java/org/apache/calcite/sql/fun/SqlGroupingIdFunction.java,0,0,0.17678804513033883
1.5.0,core/src/main/java/org/apache/calcite/jdbc/JavaRecordType.java,0,1,0.6763540573649752
1.5.0,core/src/main/java/org/apache/calcite/jdbc/JavaTypeFactoryImpl.java,1,1,0.5933451791578158
1.5.0,core/src/main/java/org/apache/calcite/adapter/enumerable/EnumerableRelImplementor.java,1,0,0.34930956516669853
1.5.0,core/src/main/java/org/apache/calcite/adapter/enumerable/EnumerableTableScan.java,1,1,0.6066023327358643
1.5.0,core/src/main/java/org/apache/calcite/adapter/java/Array.java,0,0,0.17865735122648763
1.5.0,core/src/main/java/org/apache/calcite/adapter/java/Map.java,0,0,0.17936808580432495
1.5.0,core/src/main/java/org/apache/calcite/rel/type/RelDataTypeFactoryImpl.java,1,1,0.745648088966503
1.5.0,core/src/main/java/org/apache/calcite/sql/type/ArraySqlType.java,0,1,0.5457945665846139
1.5.0,core/src/main/java/org/apache/calcite/rel/rules/ReduceExpressionsRule.java,1,1,0.9944946278647259
1.5.0,avatica/src/main/java/org/apache/calcite/avatica/util/ArrayImpl.java,0,0,0.0396779053813022
1.5.0,avatica/src/main/java/org/apache/calcite/avatica/util/StructImpl.java,0,0,0.18782358057642878
1.5.0,linq4j/src/main/java/org/apache/calcite/linq4j/tree/Types.java,0,0,0.06527650613741365
1.5.0,core/src/main/java/org/apache/calcite/schema/Schema.java,0,1,0.7084957130137923
1.5.0,core/src/main/java/org/apache/calcite/plan/Contexts.java,0,0,0.4699924380075763
1.5.0,core/src/main/java/org/apache/calcite/plan/RelOptRule.java,0,0,0.38885812085596255
1.5.0,core/src/main/java/org/apache/calcite/plan/RelOptRuleCall.java,0,1,0.9369500081378592
1.5.0,core/src/main/java/org/apache/calcite/tools/RelBuilderFactory.java,0,0,0.2929928335891403
1.5.0,core/src/main/java/org/apache/calcite/rel/core/RelFactories.java,0,1,0.8629937615834579
1.5.0,core/src/main/java/org/apache/calcite/rel/logical/LogicalWindow.java,0,1,0.5883579629105556
1.5.0,core/src/main/java/org/apache/calcite/rel/rules/AggregateStarTableRule.java,0,0,0.22242563372617674
1.5.0,core/src/main/java/org/apache/calcite/rel/rules/CalcRelSplitter.java,0,0,0.25261100266320613
1.5.0,core/src/main/java/org/apache/calcite/rel/rules/CalcSplitRule.java,0,0,0.07001365129884284
1.5.0,core/src/main/java/org/apache/calcite/rel/rules/FilterAggregateTransposeRule.java,0,1,0.9157990877826501
1.5.0,core/src/main/java/org/apache/calcite/rel/rules/FilterCorrelateRule.java,0,1,0.7575372412902704
1.5.0,core/src/main/java/org/apache/calcite/rel/rules/FilterMergeRule.java,0,0,0.25154060356810665
1.5.0,core/src/main/java/org/apache/calcite/rel/rules/FilterProjectTransposeRule.java,0,1,0.8536160568069523
1.5.0,core/src/main/java/org/apache/calcite/rel/rules/FilterSetOpTransposeRule.java,0,1,0.7176298781062596
1.5.0,core/src/main/java/org/apache/calcite/rel/rules/JoinCommuteRule.java,0,0,0.4288165306469376
1.5.0,core/src/main/java/org/apache/calcite/rel/rules/JoinProjectTransposeRule.java,0,1,0.8170000305546788
1.5.0,core/src/main/java/org/apache/calcite/rel/rules/JoinPushExpressionsRule.java,0,1,0.7191325451415215
1.5.0,core/src/main/java/org/apache/calcite/rel/rules/JoinPushThroughJoinRule.java,0,1,0.5079132322420813
1.5.0,core/src/main/java/org/apache/calcite/rel/rules/JoinPushTransitivePredicatesRule.java,0,1,0.9747423900126391
1.5.0,core/src/main/java/org/apache/calcite/rel/rules/JoinToCorrelateRule.java,0,0,0.24703287406570906
1.5.0,core/src/main/java/org/apache/calcite/rel/rules/LoptOptimizeJoinRule.java,0,0,0.37499605195923325
1.5.0,core/src/main/java/org/apache/calcite/rel/rules/MultiJoinOptimizeBushyRule.java,0,0,0.24872429246910252
1.5.0,core/src/main/java/org/apache/calcite/rel/rules/ProjectMergeRule.java,0,1,0.8549046223520412
1.5.0,core/src/main/java/org/apache/calcite/rel/rules/ProjectMultiJoinMergeRule.java,0,0,0.15897850293185853
1.5.0,core/src/main/java/org/apache/calcite/rel/rules/ProjectSortTransposeRule.java,0,0,0.20195853504789202
1.5.0,core/src/main/java/org/apache/calcite/rel/rules/ProjectToWindowRule.java,0,1,0.6189817567980911
1.5.0,core/src/main/java/org/apache/calcite/rel/rules/SemiJoinProjectTransposeRule.java,0,0,0.4633494614249432
1.5.0,core/src/main/java/org/apache/calcite/rel/rules/UnionMergeRule.java,0,0,0.14010071392643192
1.5.0,core/src/main/java/org/apache/calcite/rel/rules/UnionToDistinctRule.java,0,1,0.6650764684458642
1.5.0,core/src/main/java/org/apache/calcite/interpreter/Interpreter.java,0,0,0.0015430110898167033
1.5.0,core/src/main/java/org/apache/calcite/interpreter/TableScanNode.java,0,1,0.9658706561406459
1.5.0,linq4j/src/main/java/org/apache/calcite/linq4j/Ord.java,0,0,0.23230429305452993
1.5.0,mongodb/src/main/java/org/apache/calcite/adapter/mongodb/MongoTable.java,0,0,0.17930481264490064
1.5.0,linq4j/src/main/java/org/apache/calcite/linq4j/Linq4j.java,0,0,9.57332760292795e-07
1.5.0,linq4j/src/main/java/org/apache/calcite/linq4j/TransformedEnumerator.java,0,0,0.15563032158936804
1.5.0,core/src/main/java/org/apache/calcite/util/Litmus.java,0,0,0.2125917289542173
1.5.0,core/src/main/java/org/apache/calcite/materialize/TileKey.java,0,1,0.6151529570357198
1.5.0,core/src/main/java/org/apache/calcite/materialize/TileSuggester.java,0,1,0.6557271490236867
1.5.0,core/src/main/java/org/apache/calcite/rel/RelNodes.java,0,1,0.5121190187967029
1.5.0,core/src/main/java/org/apache/calcite/adapter/jdbc/JdbcConvention.java,0,0,0.3025961797544964
1.5.0,core/src/main/java/org/apache/calcite/plan/volcano/RuleQueue.java,0,1,0.8945350559294979
1.5.0,avatica/src/main/java/org/apache/calcite/avatica/util/DateTimeUtils.java,0,0,0.00040090618742835514
1.5.0,core/src/main/java/org/apache/calcite/sql/SqlSetOption.java,1,0,0.4441841023158182
1.5.0,core/src/main/java/org/apache/calcite/rel/rules/LoptJoinTree.java,0,0,0.061154984991533816
1.5.0,core/src/main/java/org/apache/calcite/rel/rules/LoptMultiJoin.java,0,0,0.0005495783689220221
1.5.0,ubenchmark/src/main/java/org/apache/calcite/StatementTest.java,0,0,1.0673234393072262e-08
1.5.0,core/src/main/java/org/apache/calcite/sql/type/BasicSqlType.java,0,0,0.027496599765765854
1.5.0,core/src/main/java/org/apache/calcite/jdbc/CalcitePreparedStatement.java,0,0,0.14426171402798027
1.5.0,core/src/main/java/org/apache/calcite/jdbc/MetadataSchema.java,0,0,0.12855845617720763
1.5.0,core/src/main/java/org/apache/calcite/runtime/ArrayEnumeratorCursor.java,0,0,0.17302558661223996
1.5.0,core/src/main/java/org/apache/calcite/runtime/EnumeratorCursor.java,0,0,0.20140541931093592
1.5.0,core/src/main/java/org/apache/calcite/runtime/ObjectEnumeratorCursor.java,0,0,0.12187932902586728
1.5.0,core/src/main/java/org/apache/calcite/runtime/RecordEnumeratorCursor.java,0,0,0.181914194683242
1.5.0,core/src/main/java/org/apache/calcite/server/CalciteServer.java,0,0,0.17287917592097593
1.5.0,core/src/main/java/org/apache/calcite/sql/SqlDateLiteral.java,0,1,0.5789832397595991
1.5.0,core/src/main/java/org/apache/calcite/sql/SqlIntervalQualifier.java,1,1,0.9999279255397596
1.5.0,core/src/main/java/org/apache/calcite/util/ZonelessDate.java,0,0,0.20210584883345134
1.5.0,core/src/main/java/org/apache/calcite/util/ZonelessDatetime.java,0,0,0.40969374806556347
1.5.0,core/src/main/java/org/apache/calcite/util/ZonelessTime.java,0,0,0.233453999927206
1.5.0,core/src/main/java/org/apache/calcite/util/ZonelessTimestamp.java,0,0,0.26668520449536093
1.5.0,core/src/main/java/org/apache/calcite/adapter/clone/ListTable.java,0,0,0.18013117725737296
1.5.0,core/src/main/java/org/apache/calcite/rel/AbstractRelNode.java,1,1,0.9682433587943378
1.5.0,core/src/main/java/org/apache/calcite/sql/parser/SqlParserUtil.java,0,0,0.004037804122094751
1.5.0,core/src/main/java/org/apache/calcite/sql/type/IntervalSqlType.java,0,0,0.35301668329128555
1.5.0,avatica/src/main/java/org/apache/calcite/avatica/AvaticaResultSetMetaData.java,0,0,0.24348880222760808
1.5.0,avatica/src/main/java/org/apache/calcite/avatica/ConnectionProperty.java,0,0,0.17287917592097302
1.5.0,avatica/src/main/java/org/apache/calcite/avatica/InternalProperty.java,0,0,0.021876444580258995
1.5.0,avatica/src/main/java/org/apache/calcite/avatica/remote/AvaticaRemoteConnectionConfigImpl.java,0,0,0.21022986184999043
1.5.0,avatica/src/main/java/org/apache/calcite/avatica/util/ArrayIteratorCursor.java,0,0,0.21022986184999043
1.5.0,avatica/src/main/java/org/apache/calcite/avatica/util/Casing.java,0,0,0.19695654817991692
1.5.0,avatica/src/main/java/org/apache/calcite/avatica/util/Cursor.java,0,0,0.019977721535712617
1.5.0,avatica/src/main/java/org/apache/calcite/avatica/util/IteratorCursor.java,0,0,0.12458305002547802
1.5.0,avatica/src/main/java/org/apache/calcite/avatica/util/ListIteratorCursor.java,0,0,0.21022986184999043
1.5.0,avatica/src/main/java/org/apache/calcite/avatica/util/MapIteratorCursor.java,0,0,0.21022986184999043
1.5.0,avatica/src/main/java/org/apache/calcite/avatica/util/PositionedCursor.java,0,0,0.19017597346357365
1.5.0,avatica/src/main/java/org/apache/calcite/avatica/util/Quoting.java,0,0,0.19695654817991692
1.5.0,avatica/src/main/java/org/apache/calcite/avatica/util/RecordIteratorCursor.java,0,0,0.21022986184999043
1.5.0,avatica/src/main/java/org/apache/calcite/avatica/util/Spacer.java,0,0,0.20916966849215757
1.5.0,avatica/src/main/java/org/apache/calcite/avatica/util/Spaces.java,0,0,0.02040207006806065
1.5.0,avatica/src/main/java/org/apache/calcite/avatica/util/TimeUnit.java,0,0,0.21022986184999043
1.5.0,avatica/src/main/java/org/apache/calcite/avatica/util/TimeUnitRange.java,0,0,0.008076588422241696
1.5.0,splunk/src/main/java/org/apache/calcite/adapter/splunk/SplunkQuery.java,0,0,0.20916966849215757
1.5.0,linq4j/src/main/java/org/apache/calcite/linq4j/AbstractEnumerable2.java,0,0,0.17582186261630192
1.5.0,core/src/main/java/org/apache/calcite/rel/rules/AggregateReduceFunctionsRule.java,1,1,0.7126775976771385
1.5.0,core/src/main/java/org/apache/calcite/rel/type/RelDataTypeSystem.java,0,0,0.02885322513370176
1.5.0,core/src/main/java/org/apache/calcite/rel/type/RelDataTypeSystemImpl.java,0,0,0.1249092522888879
1.5.0,core/src/main/java/org/apache/calcite/sql/type/ReturnTypes.java,0,0,1.4486589981270673e-08
1.5.0,core/src/main/java/org/apache/calcite/rex/RexCallBinding.java,1,1,0.9542443846761446
1.5.0,core/src/main/java/org/apache/calcite/sql2rel/StandardConvertletTable.java,1,0,0.46389143074779726
1.5.0,core/src/main/java/org/apache/calcite/rel/BiRel.java,0,0,0.4222853205919051
1.5.0,core/src/main/java/org/apache/calcite/sql2rel/DeduplicateCorrelateVariables.java,0,1,0.5709860546791237
1.5.0,core/src/main/java/org/apache/calcite/rel/metadata/CachingRelMetadataProvider.java,0,1,0.664011478878565
1.5.0,avatica/src/main/java/org/apache/calcite/avatica/SqlType.java,0,0,4.986588850596269e-15
1.5.0,avatica/src/main/java/org/apache/calcite/avatica/AvaticaSite.java,0,0,2.1261001771808786e-16
1.5.0,linq4j/src/main/java/org/apache/calcite/linq4j/CorrelateJoinType.java,0,0,0.17686253927756365
1.5.0,core/src/main/java/org/apache/calcite/rel/rules/SortUnionTransposeRule.java,0,0,0.18013224184747084
1.5.0,core/src/main/java/org/apache/calcite/sql/SqlDataTypeSpec.java,0,0,0.45437082047501026
1.5.0,core/src/main/java/org/apache/calcite/adapter/enumerable/AggImplementor.java,0,0,0.20000968524034762
1.5.0,core/src/main/java/org/apache/calcite/adapter/enumerable/EnumerableCorrelate.java,0,1,0.5282676450222409
1.5.0,core/src/main/java/org/apache/calcite/adapter/enumerable/impl/WinAggAddContextImpl.java,0,0,0.17061824998987357
1.5.0,linq4j/src/main/java/org/apache/calcite/linq4j/QueryableDefaults.java,0,0,0.16265224216421317
1.5.0,core/src/main/java/org/apache/calcite/sql/type/SqlTypeFactoryImpl.java,0,1,0.8835766060211656
1.5.0,core/src/main/java/org/apache/calcite/jdbc/CalcitePrepare.java,0,1,0.9241025414908444
1.5.0,core/src/main/java/org/apache/calcite/plan/RelOptUtil.java,1,1,0.9999513927299588
1.5.0,core/src/main/java/org/apache/calcite/jdbc/CalciteStatement.java,1,1,0.6881378575391619
1.5.0,core/src/main/java/org/apache/calcite/tools/RelRunner.java,0,0,0.27074304844288943
1.5.0,core/src/main/java/org/apache/calcite/tools/RelRunners.java,0,0,0.05592563611696523
1.5.0,core/src/main/java/org/apache/calcite/rel/rules/JoinUnionTransposeRule.java,0,0,0.3791505333241267
1.5.0,core/src/main/java/org/apache/calcite/util/ImmutableBitSet.java,0,0,0.4046238374526565
1.5.0,avatica/src/main/java/org/apache/calcite/avatica/DriverVersion.java,0,0,1.0465029784278123e-05
1.5.0,avatica/src/main/java/org/apache/calcite/avatica/Handler.java,0,0,0.09921984655262155
1.5.0,avatica/src/main/java/org/apache/calcite/avatica/HandlerImpl.java,0,0,0.12389578752715472
1.5.0,core/src/main/java/org/apache/calcite/Demo.java,0,0,0.04303750164638795
1.5.0,core/src/main/java/org/apache/calcite/schema/Function.java,0,0,0.19960055835404428
1.5.0,core/src/main/java/org/apache/calcite/schema/SemiMutableSchema.java,0,0,0.18965494306212496
1.5.0,core/src/main/java/org/apache/calcite/schema/TableMacro.java,0,0,0.20916966849215757
1.5.0,core/src/main/java/org/apache/calcite/util/CancelFlag.java,0,0,0.1251237418609803
1.5.0,core/src/main/java/org/apache/calcite/util/ClosableAllocation.java,0,0,0.20916966849215757
1.5.0,core/src/main/java/org/apache/calcite/util/ClosableAllocationOwner.java,0,0,0.20916966849215757
1.5.0,core/src/main/java/org/apache/calcite/util/ControlFlowException.java,0,0,0.17582186261630192
1.5.0,core/src/main/java/org/apache/calcite/util/Glossary.java,0,0,0.0010860349306390108
1.5.0,core/src/main/java/org/apache/calcite/util/Holder.java,0,0,0.0742811855037601
1.5.0,core/src/main/java/org/apache/calcite/util/ReflectiveVisitor.java,0,0,0.20916966849215757
1.5.0,core/src/main/java/org/apache/calcite/interpreter/Node.java,0,0,0.06680632123555832
1.5.0,core/src/main/java/org/apache/calcite/jdbc/SqlTimeoutException.java,0,0,0.17287917592097593
1.5.0,core/src/main/java/org/apache/calcite/runtime/ArrayComparator.java,0,0,0.10775004855622174
1.5.0,core/src/main/java/org/apache/calcite/runtime/Hook.java,0,0,0.2675914442590172
1.5.0,core/src/main/java/org/apache/calcite/runtime/Like.java,1,1,0.9428566315399809
1.5.0,core/src/main/java/org/apache/calcite/runtime/Typed.java,0,0,0.181914194683242
1.5.0,core/src/main/java/org/apache/calcite/runtime/Unit.java,0,0,0.025347950073035735
1.5.0,core/src/main/java/org/apache/calcite/runtime/Utilities.java,0,0,0.07653034661492629
1.5.0,core/src/main/java/org/apache/calcite/tools/RelConversionException.java,0,0,0.20916966849215757
1.5.0,core/src/main/java/org/apache/calcite/tools/ValidationException.java,0,0,0.20507511661587302
1.5.0,core/src/main/java/org/apache/calcite/plan/CommonRelSubExprRule.java,0,0,0.20916966849215757
1.5.0,core/src/main/java/org/apache/calcite/plan/RelOptConnection.java,0,0,0.20916966849215757
1.5.0,core/src/main/java/org/apache/calcite/plan/RelOptCost.java,0,0,0.05596454111541071
1.5.0,core/src/main/java/org/apache/calcite/plan/RelOptCostFactory.java,0,0,0.20916966849215757
1.5.0,core/src/main/java/org/apache/calcite/plan/RelOptRuleOperandChildPolicy.java,0,0,0.17582186261630192
1.5.0,core/src/main/java/org/apache/calcite/plan/RelOptRuleOperandChildren.java,0,0,0.2767850945224913
1.5.0,core/src/main/java/org/apache/calcite/plan/RelOptSamplingParameters.java,0,0,0.14461879295156357
1.5.0,core/src/main/java/org/apache/calcite/plan/RelOptSchemaWithSampling.java,0,0,0.2100555926172475
1.5.0,core/src/main/java/org/apache/calcite/rel/InvalidRelException.java,0,0,0.2081376972465344
1.5.0,core/src/main/java/org/apache/calcite/rel/RelVisitor.java,0,0,0.007244330325977564
1.5.0,core/src/main/java/org/apache/calcite/rex/RexAction.java,0,0,0.2100555926172475
1.5.0,core/src/main/java/org/apache/calcite/rex/RexPattern.java,0,0,0.20916966849215757
1.5.0,core/src/main/java/org/apache/calcite/rex/RexSqlConvertletTable.java,0,0,0.20916966849215757
1.5.0,core/src/main/java/org/apache/calcite/sql/SqlAccessEnum.java,0,0,0.17582186261630192
1.5.0,core/src/main/java/org/apache/calcite/sql/SqlNullSemantics.java,0,0,0.20916966849215757
1.5.0,core/src/main/java/org/apache/calcite/sql/SqlOperandCountRange.java,0,0,0.20916966849215757
1.5.0,core/src/main/java/org/apache/calcite/sql/SqlValuesOperator.java,0,1,0.569230033348523
1.5.0,core/src/main/java/org/apache/calcite/prepare/CalcitePrepareImpl.java,1,1,0.9999932748975463
1.5.0,core/src/main/java/org/apache/calcite/prepare/Prepare.java,0,1,0.9892628134095235
1.5.0,core/src/main/java/org/apache/calcite/util/graph/BreadthFirstIterator.java,0,0,0.3639555162326256
1.5.0,core/src/main/java/org/apache/calcite/util/graph/DirectedGraph.java,0,0,0.39136909064383535
1.5.0,core/src/main/java/org/apache/calcite/util/mapping/AbstractSourceMapping.java,0,0,0.00035361020066872943
1.5.0,core/src/main/java/org/apache/calcite/util/mapping/AbstractTargetMapping.java,0,0,0.00030001529487012907
1.5.0,core/src/main/java/org/apache/calcite/util/mapping/IntPair.java,0,0,0.1128516780448582
1.5.0,core/src/main/java/org/apache/calcite/util/mapping/MappingType.java,0,0,0.2618774481043696
1.5.0,core/src/main/java/org/apache/calcite/util/javac/JavaCompiler.java,0,0,0.20916966849215757
1.5.0,core/src/main/java/org/apache/calcite/adapter/enumerable/WinAggContext.java,0,0,0.20322245675550216
1.5.0,core/src/main/java/org/apache/calcite/adapter/enumerable/WinAggImplementor.java,0,0,0.16781236311910494
1.5.0,core/src/main/java/org/apache/calcite/plan/hep/HepMatchOrder.java,0,0,0.17582186261630192
1.5.0,core/src/main/java/org/apache/calcite/plan/volcano/VolcanoPlannerPhase.java,0,0,0.17582186261630192
1.5.0,core/src/main/java/org/apache/calcite/rel/core/JoinRelType.java,0,0,0.42136752368922153
1.5.0,core/src/main/java/org/apache/calcite/rel/metadata/RelColumnMapping.java,0,0,0.05101081757116716
1.5.0,core/src/main/java/org/apache/calcite/rel/type/RelDataTypeFamily.java,0,0,0.20916966849215757
1.5.0,core/src/main/java/org/apache/calcite/rel/type/RelDataTypeField.java,0,0,0.20916966849215757
1.5.0,core/src/main/java/org/apache/calcite/rel/type/RelDataTypePrecedenceList.java,0,0,0.20916966849215757
1.5.0,core/src/main/java/org/apache/calcite/sql/pretty/SqlFormatOptions.java,0,0,1.2943867208970413e-06
1.5.0,core/src/main/java/org/apache/calcite/sql/type/ExtraSqlTypes.java,0,0,0.0010860349306390108
1.5.0,core/src/main/java/org/apache/calcite/sql/validate/SqlConformance.java,0,0,0.31613575129445926
1.5.0,core/src/main/java/org/apache/calcite/sql/validate/SqlMonotonicity.java,0,0,0.008818294321713051
1.5.0,splunk/src/main/java/org/apache/calcite/adapter/splunk/search/SearchResultListener.java,0,0,0.19646334127916673
1.5.0,splunk/src/main/java/org/apache/calcite/adapter/splunk/util/StringUtils.java,0,0,2.2623300989554534e-13
1.5.0,linq4j/src/main/java/org/apache/calcite/linq4j/AbstractEnumerable.java,0,0,0.17582186261630192
1.5.0,linq4j/src/main/java/org/apache/calcite/linq4j/AbstractQueryable.java,0,0,0.0035051674913963746
1.5.0,linq4j/src/main/java/org/apache/calcite/linq4j/Enumerable.java,0,0,0.20916966849215757
1.5.0,linq4j/src/main/java/org/apache/calcite/linq4j/Enumerator.java,0,0,0.20916966849215757
1.5.0,linq4j/src/main/java/org/apache/calcite/linq4j/Grouping.java,0,0,0.20916966849215757
1.5.0,linq4j/src/main/java/org/apache/calcite/linq4j/OpType.java,0,0,0.20916966849215757
1.5.0,linq4j/src/main/java/org/apache/calcite/linq4j/OrderedEnumerable.java,0,0,0.20916966849215757
1.5.0,linq4j/src/main/java/org/apache/calcite/linq4j/OrderedQueryable.java,0,0,0.20916966849215757
1.5.0,linq4j/src/main/java/org/apache/calcite/linq4j/Queryable.java,0,0,0.20916966849215757
1.5.0,linq4j/src/main/java/org/apache/calcite/linq4j/RawEnumerable.java,0,0,0.20916966849215757
1.5.0,linq4j/src/main/java/org/apache/calcite/linq4j/function/BigDecimalFunction1.java,0,0,0.002149716331595355
1.5.0,linq4j/src/main/java/org/apache/calcite/linq4j/function/Deterministic.java,0,0,0.20916966849215757
1.5.0,linq4j/src/main/java/org/apache/calcite/linq4j/function/DoubleFunction1.java,0,0,0.0023991612586558436
1.5.0,linq4j/src/main/java/org/apache/calcite/linq4j/function/EqualityComparer.java,0,0,0.20916966849215757
1.5.0,linq4j/src/main/java/org/apache/calcite/linq4j/function/FloatFunction1.java,0,0,0.0023991612586558436
1.5.0,linq4j/src/main/java/org/apache/calcite/linq4j/function/Function.java,0,0,0.20301536175670626
1.5.0,linq4j/src/main/java/org/apache/calcite/linq4j/function/Function0.java,0,0,0.20916966849215757
1.5.0,linq4j/src/main/java/org/apache/calcite/linq4j/function/Function1.java,0,0,0.0019359647120809034
1.5.0,linq4j/src/main/java/org/apache/calcite/linq4j/function/Function2.java,0,0,4.562620069954406e-05
1.5.0,linq4j/src/main/java/org/apache/calcite/linq4j/function/IntegerFunction1.java,0,0,0.0023991612586558436
1.5.0,linq4j/src/main/java/org/apache/calcite/linq4j/function/LongFunction1.java,0,0,0.0023991612586558436
1.5.0,linq4j/src/main/java/org/apache/calcite/linq4j/function/NonDeterministic.java,0,0,0.20916966849215757
1.5.0,linq4j/src/main/java/org/apache/calcite/linq4j/function/NullableBigDecimalFunction1.java,0,0,0.0023991612586558436
1.5.0,linq4j/src/main/java/org/apache/calcite/linq4j/function/NullableDoubleFunction1.java,0,0,0.0023991612586558436
1.5.0,linq4j/src/main/java/org/apache/calcite/linq4j/function/NullableFloatFunction1.java,0,0,0.0023991612586558436
1.5.0,linq4j/src/main/java/org/apache/calcite/linq4j/function/NullableIntegerFunction1.java,0,0,0.0023991612586558436
1.5.0,linq4j/src/main/java/org/apache/calcite/linq4j/function/NullableLongFunction1.java,0,0,0.0023991612586558436
1.5.0,linq4j/src/main/java/org/apache/calcite/linq4j/function/Predicate1.java,0,0,0.0019359647120809034
1.5.0,linq4j/src/main/java/org/apache/calcite/linq4j/function/Predicate2.java,0,0,3.672190284130573e-05
1.5.0,linq4j/src/main/java/org/apache/calcite/linq4j/tree/CallSiteBinder.java,0,0,0.20916966849215757
1.5.0,linq4j/src/main/java/org/apache/calcite/linq4j/tree/ElementInit.java,0,0,0.20916966849215757
1.5.0,linq4j/src/main/java/org/apache/calcite/linq4j/tree/Evaluator.java,0,0,0.2026050180936902
1.5.0,linq4j/src/main/java/org/apache/calcite/linq4j/tree/ExpressionType.java,0,1,0.569230033348523
1.5.0,linq4j/src/main/java/org/apache/calcite/linq4j/tree/GotoExpressionKind.java,0,0,0.17582186261630192
1.5.0,core/src/main/java/org/apache/calcite/sql/util/ChainedSqlOperatorTable.java,0,0,0.28039372263728213
1.5.0,linq4j/src/main/java/org/apache/calcite/linq4j/tree/MemberAssignment.java,0,0,0.195584093942292
1.5.0,linq4j/src/main/java/org/apache/calcite/linq4j/tree/MemberBinding.java,0,0,0.20916966849215757
1.5.0,linq4j/src/main/java/org/apache/calcite/linq4j/tree/MemberDeclaration.java,0,0,0.17582186261630192
1.5.0,linq4j/src/main/java/org/apache/calcite/linq4j/tree/MemberListBinding.java,0,0,0.20916966849215757
1.5.0,linq4j/src/main/java/org/apache/calcite/linq4j/tree/MemberMemberBinding.java,0,0,0.195584093942292
1.5.0,linq4j/src/main/java/org/apache/calcite/linq4j/tree/Node.java,0,0,0.06768910936625461
1.5.0,linq4j/src/main/java/org/apache/calcite/linq4j/tree/PseudoField.java,0,0,0.20916966849215757
1.5.0,linq4j/src/main/java/org/apache/calcite/linq4j/tree/SwitchCase.java,0,0,0.19154983444961374
1.5.0,core/src/main/java/org/apache/calcite/rel/logical/LogicalAggregate.java,0,1,0.5878235098433847
1.5.0,core/src/main/java/org/apache/calcite/config/Lex.java,0,0,0.3698620067615808
1.5.0,avatica/src/main/java/org/apache/calcite/avatica/AvaticaSqlException.java,0,0,4.909884063730685e-06
1.5.0,core/src/main/java/org/apache/calcite/rel/core/Window.java,0,0,4.746296321070162e-08
1.5.0,core/src/main/java/org/apache/calcite/sql/SqlInsert.java,0,0,0.42302932159385176
1.5.0,core/src/main/java/org/apache/calcite/sql/SqlInsertKeyword.java,0,0,0.17582186261630192
1.5.0,core/src/main/java/org/apache/calcite/sql/SqlLiteral.java,1,1,0.6255592509476146
1.5.0,core/src/main/java/org/apache/calcite/sql2rel/SqlNodeToRexConverterImpl.java,0,1,0.9613407911611802
1.5.0,avatica-server/src/main/java/org/apache/calcite/avatica/server/AvaticaHandler.java,0,0,2.025622756467896e-06
1.5.0,avatica-server/src/main/java/org/apache/calcite/avatica/server/AvaticaProtobufHandler.java,0,0,3.608351665041633e-07
1.5.0,avatica/src/main/java/org/apache/calcite/avatica/AvaticaClientRuntimeException.java,0,0,1.7999377214484405e-06
1.5.0,avatica/src/main/java/org/apache/calcite/avatica/AvaticaSeverity.java,0,0,2.455884378273734e-10
1.5.0,avatica/src/main/java/org/apache/calcite/avatica/Helper.java,0,0,3.1097029316628624e-06
1.5.0,avatica/src/main/java/org/apache/calcite/avatica/remote/AvaticaRuntimeException.java,0,0,2.229159404507781e-06
1.5.0,avatica/src/main/java/org/apache/calcite/avatica/remote/JsonHandler.java,0,0,6.620847878915195e-07
1.5.0,avatica/src/main/java/org/apache/calcite/avatica/remote/MockJsonService.java,0,0,6.815870977647071e-06
1.5.0,avatica/src/main/java/org/apache/calcite/avatica/remote/ProtobufHandler.java,0,0,3.620980860093791e-07
1.5.0,core/src/main/java/org/apache/calcite/sql/SqlIdentifier.java,0,0,0.026227670311403654
1.5.0,core/src/main/java/org/apache/calcite/sql/SqlSelectOperator.java,1,1,0.6742540759027364
1.5.0,core/src/main/java/org/apache/calcite/adapter/jdbc/JdbcTable.java,0,1,0.9392005634394561
1.5.0,core/src/main/java/org/apache/calcite/model/ModelHandler.java,1,1,0.9915433873804286
1.5.0,core/src/main/java/org/apache/calcite/util/BuiltInMethod.java,1,1,0.5698566552908851
1.5.0,core/src/main/java/org/apache/calcite/adapter/enumerable/EnumerableTableFunctionScan.java,0,1,0.7110074141480169
1.5.0,core/src/main/java/org/apache/calcite/rel/logical/LogicalTableFunctionScan.java,0,1,0.5010841803365277
1.5.0,core/src/main/java/org/apache/calcite/schema/impl/TableFunctionImpl.java,0,0,0.17736349847576793
1.5.0,core/src/main/java/org/apache/calcite/rex/RexUtil.java,1,1,0.9999996572718581
1.5.0,core/src/main/java/org/apache/calcite/rel/metadata/RelMdPredicates.java,0,1,0.9990257762274919
1.5.0,core/src/main/java/org/apache/calcite/rel/rules/FilterJoinRule.java,1,1,0.9280081356748944
1.5.0,spark/src/main/java/org/apache/calcite/adapter/spark/HttpServer.java,0,0,0.10734666139659808
1.5.0,core/src/main/java/org/apache/calcite/rel/metadata/RelMdDistribution.java,0,0,0.1457737846253595
1.5.0,core/src/main/java/org/apache/calcite/util/BitSets.java,0,0,0.0099631623626956
1.5.0,core/src/main/java/org/apache/calcite/rel/rules/ProjectRemoveRule.java,0,0,0.3215120715987942
1.5.0,core/src/main/java/org/apache/calcite/sql/SqlInfixOperator.java,0,0,0.4745918284964486
1.5.0,core/src/main/java/org/apache/calcite/sql/SqlInternalOperator.java,0,0,0.1498150251276737
1.5.0,core/src/main/java/org/apache/calcite/sql/SqlSpecialOperator.java,0,0,0.19731743564078105
1.5.0,core/src/main/java/org/apache/calcite/sql/SqlUpdate.java,1,1,0.5505002107653376
1.5.0,core/src/main/java/org/apache/calcite/sql/SqlWith.java,0,0,0.4664292188385328
1.5.0,core/src/main/java/org/apache/calcite/sql/SqlWithItem.java,0,0,0.19590968932770517
1.5.0,core/src/main/java/org/apache/calcite/sql/fun/SqlExtendOperator.java,0,1,0.5861205346706742
1.5.0,core/src/main/java/org/apache/calcite/sql/fun/SqlRollupOperator.java,0,1,0.5710857022339755
1.5.0,core/src/main/java/org/apache/calcite/sql/SqlSplittableAggFunction.java,1,1,0.8247553515246928
1.5.0,core/src/main/java/org/apache/calcite/rel/core/AggregateCall.java,0,1,0.8328933460583704
1.5.0,core/src/main/java/org/apache/calcite/rex/RexCopier.java,0,0,0.26891188522708714
1.5.0,core/src/main/java/org/apache/calcite/schema/ModifiableTable.java,0,0,0.3742829325844441
1.5.0,core/src/main/java/org/apache/calcite/schema/ModifiableView.java,0,0,0.25385020341515063
1.5.0,core/src/main/java/org/apache/calcite/adapter/enumerable/RexToLixTranslator.java,1,0,0.4012256216050632
1.5.0,linq4j/src/main/java/org/apache/calcite/linq4j/tree/ConstantExpression.java,0,1,0.6046763962793291
1.5.0,linq4j/src/main/java/org/apache/calcite/linq4j/tree/Expressions.java,0,0,0.04326050162828624
1.5.0,core/src/main/java/org/apache/calcite/rel/RelNode.java,0,0,0.29369616920249103
1.5.0,core/src/main/java/org/apache/calcite/runtime/SqlFunctions.java,1,1,0.9992039890810336
1.5.0,core/src/main/java/org/apache/calcite/plan/hep/HepRelVertex.java,0,0,0.4895167362340462
1.5.0,core/src/main/java/org/apache/calcite/rel/convert/ConverterImpl.java,0,0,0.29955603788549995
1.5.0,core/src/main/java/org/apache/calcite/rel/core/Aggregate.java,1,1,0.9201347518784386
1.5.0,core/src/main/java/org/apache/calcite/rel/core/Intersect.java,0,0,0.144457246433749
1.5.0,core/src/main/java/org/apache/calcite/rel/core/Minus.java,0,0,0.19395202262437955
1.5.0,core/src/main/java/org/apache/calcite/rel/core/SetOp.java,0,0,0.32986273837299146
1.5.0,core/src/main/java/org/apache/calcite/rel/core/TableScan.java,0,1,0.5298052183121225
1.5.0,core/src/main/java/org/apache/calcite/rel/metadata/BuiltInMetadata.java,0,0,0.000580135191955853
1.5.0,core/src/main/java/org/apache/calcite/rel/metadata/NullSentinel.java,0,0,0.27927971933184687
1.5.0,core/src/main/java/org/apache/calcite/rel/metadata/RelMetadataQuery.java,0,0,0.174182781874132
1.5.0,core/src/main/java/org/apache/calcite/rel/rules/AggregateRemoveRule.java,0,1,0.756413389109834
1.5.0,mongodb/src/main/java/org/apache/calcite/adapter/mongodb/MongoFilter.java,0,0,0.0011187646701486381
1.5.0,core/src/main/java/org/apache/calcite/sql/SqlTimeLiteral.java,0,1,0.8866084147359146
1.5.0,core/src/main/java/org/apache/calcite/sql/SqlTimestampLiteral.java,0,1,0.9439349242417643
1.5.0,core/src/main/java/org/apache/calcite/sql/fun/SqlBetweenOperator.java,1,1,0.9474130456569676
1.5.0,core/src/main/java/org/apache/calcite/sql/type/ComparableOperandTypeChecker.java,0,0,0.4387447875792708
1.5.0,core/src/main/java/org/apache/calcite/sql/type/SqlTypeUtil.java,1,1,0.6157169419132952
1.5.0,core/src/main/java/org/apache/calcite/jdbc/Driver.java,0,0,0.27533253397945534
1.5.0,avatica/src/main/java/org/apache/calcite/avatica/UnregisteredDriver.java,0,0,0.0002636918048584307
1.5.0,core/src/main/java/org/apache/calcite/rel/rules/ProjectWindowTransposeRule.java,0,1,0.6173394384321715
1.5.0,avatica/src/main/java/org/apache/calcite/avatica/util/AbstractCursor.java,0,1,0.9289374662086438
1.5.0,core/src/main/java/org/apache/calcite/interpreter/Sink.java,0,0,0.10361724464305774
1.5.0,core/src/main/java/org/apache/calcite/sql/SqlNode.java,0,0,0.011142109504207503
1.5.0,core/src/main/java/org/apache/calcite/adapter/enumerable/PhysTypeImpl.java,1,1,0.6178533062875229
1.5.0,core/src/main/java/org/apache/calcite/sql/validate/SelectNamespace.java,0,0,0.22896350497874451
1.5.0,core/src/main/java/org/apache/calcite/sql/validate/SqlValidatorUtil.java,0,1,0.9975928885032515
1.5.0,linq4j/src/main/java/org/apache/calcite/linq4j/DelegatingEnumerator.java,0,0,0.22769531248243619
1.5.0,core/src/main/java/org/apache/calcite/adapter/enumerable/EnumerableSemiJoin.java,0,0,0.3454289661085339
1.5.0,core/src/main/java/org/apache/calcite/adapter/enumerable/EnumerableSemiJoinRule.java,0,1,0.569230033348523
1.5.0,core/src/main/java/org/apache/calcite/rel/core/SemiJoin.java,0,0,0.48666746940779987
1.5.0,mongodb/src/main/java/org/apache/calcite/adapter/mongodb/MongoProject.java,0,0,0.20916966849215757
1.5.0,spark/src/main/java/org/apache/calcite/adapter/spark/SparkRules.java,0,0,0.0007952613154730578
1.5.0,core/src/main/java/org/apache/calcite/rel/rules/JoinAddRedundantSemiJoinRule.java,0,0,0.33637737769307274
1.5.0,core/src/main/java/org/apache/calcite/rel/rules/LoptSemiJoinOptimizer.java,0,0,0.2356182553722969
1.5.0,core/src/main/java/org/apache/calcite/rel/rules/SemiJoinFilterTransposeRule.java,0,0,0.11839858537191807
1.5.0,core/src/main/java/org/apache/calcite/rel/rules/SemiJoinJoinTransposeRule.java,0,0,0.4607955000771256
1.5.0,core/src/main/java/org/apache/calcite/rel/metadata/RelMdSize.java,0,0,0.2561921036555673
1.5.0,core/src/main/java/org/apache/calcite/sql/validate/AggChecker.java,0,0,0.1766398696673434
1.5.0,core/src/main/java/org/apache/calcite/interpreter/Source.java,0,0,0.3109326627083479
1.5.0,core/src/main/java/org/apache/calcite/rel/metadata/RelMdColumnUniqueness.java,1,1,0.9998582673455754
1.5.0,core/src/main/java/org/apache/calcite/rel/metadata/RelMdRowCount.java,0,0,0.17021716718570878
1.5.0,core/src/main/java/org/apache/calcite/jdbc/CachingCalciteSchema.java,1,1,0.7576276472676042
1.5.0,core/src/main/java/org/apache/calcite/jdbc/CalciteConnectionImpl.java,0,1,0.825641660620675
1.5.0,core/src/main/java/org/apache/calcite/jdbc/CalciteRootSchema.java,0,0,0.3468696378626652
1.5.0,core/src/main/java/org/apache/calcite/jdbc/CalciteSchema.java,1,0,0.04877113905442831
1.5.0,core/src/main/java/org/apache/calcite/jdbc/SimpleCalciteSchema.java,0,0,0.40645565121257077
1.5.0,core/src/main/java/org/apache/calcite/materialize/Lattice.java,0,0,0.17892837214814614
1.5.0,core/src/main/java/org/apache/calcite/materialize/MaterializationActor.java,0,1,0.8737194378137125
1.5.0,core/src/main/java/org/apache/calcite/schema/Schemas.java,0,1,0.9603587488308896
1.5.0,core/src/main/java/org/apache/calcite/tools/Frameworks.java,0,1,0.8035434733697716
1.5.0,core/src/main/java/org/apache/calcite/sql/SqlUnresolvedFunction.java,0,0,0.1452960850706796
1.5.0,core/src/main/java/org/apache/calcite/model/JsonColumn.java,0,0,0.3639748518113371
1.5.0,core/src/main/java/org/apache/calcite/model/JsonCustomSchema.java,0,0,0.33936606674085046
1.5.0,core/src/main/java/org/apache/calcite/model/JsonCustomTable.java,0,0,0.3517973174089176
1.5.0,core/src/main/java/org/apache/calcite/model/JsonFunction.java,0,0,0.2956516503418005
1.5.0,core/src/main/java/org/apache/calcite/model/JsonJdbcSchema.java,0,0,0.3098697171960279
1.5.0,core/src/main/java/org/apache/calcite/prepare/RelOptTableImpl.java,0,1,0.7981153987390036
1.5.0,core/src/main/java/org/apache/calcite/model/JsonLattice.java,0,1,0.863846880164699
1.5.0,core/src/main/java/org/apache/calcite/model/JsonMapSchema.java,0,1,0.7589306748739969
1.5.0,core/src/main/java/org/apache/calcite/model/JsonMaterialization.java,0,0,0.342075504075946
1.5.0,core/src/main/java/org/apache/calcite/model/JsonMeasure.java,0,0,0.29116596818021195
1.5.0,core/src/main/java/org/apache/calcite/model/JsonRoot.java,0,1,0.5782425815318696
1.5.0,core/src/main/java/org/apache/calcite/model/JsonSchema.java,0,1,0.7431777269933499
1.5.0,core/src/main/java/org/apache/calcite/model/JsonStream.java,0,0,0.2503152412680841
1.5.0,core/src/main/java/org/apache/calcite/model/JsonTable.java,0,0,0.34850209289817874
1.5.0,core/src/main/java/org/apache/calcite/model/JsonTile.java,0,0,0.24009159636089333
1.5.0,core/src/main/java/org/apache/calcite/model/JsonView.java,0,1,0.5568429264144407
1.5.0,core/src/main/java/org/apache/calcite/rel/RelFieldCollation.java,0,0,0.04558388333516001
1.5.0,core/src/main/java/org/apache/calcite/rel/rules/UnionEliminatorRule.java,0,0,0.1427413260085824
1.5.0,core/src/main/java/org/apache/calcite/rel/metadata/RelMdCollation.java,1,1,0.8531043861785942
1.5.0,core/src/main/java/org/apache/calcite/sql/parser/SqlAbstractParserImpl.java,0,0,0.022266152423303494
1.5.0,core/src/main/java/org/apache/calcite/sql/parser/SqlParser.java,0,0,3.0575457916808994e-06
1.5.0,mongodb/src/main/java/org/apache/calcite/adapter/mongodb/MongoRules.java,0,0,0.11465223428785346
1.5.0,core/src/main/java/org/apache/calcite/interpreter/AggregateNode.java,1,1,0.5998478065050815
1.5.0,core/src/main/java/org/apache/calcite/interpreter/Bindables.java,0,0,0.009583378421152977
1.5.0,core/src/main/java/org/apache/calcite/interpreter/JaninoRexCompiler.java,0,0,0.1946894269937831
1.5.0,core/src/main/java/org/apache/calcite/interpreter/JoinNode.java,0,0,0.4049227491275506
1.5.0,core/src/main/java/org/apache/calcite/interpreter/Nodes.java,0,0,0.19546356999212908
1.5.0,core/src/main/java/org/apache/calcite/interpreter/ProjectNode.java,0,1,0.7700796839303621
1.5.0,core/src/main/java/org/apache/calcite/interpreter/ValuesNode.java,0,1,0.5657756712840771
1.5.0,core/src/main/java/org/apache/calcite/sql/SqlFilterOperator.java,0,0,0.498173121331239
1.5.0,core/src/main/java/org/apache/calcite/sql/SqlOverOperator.java,0,1,0.5171851046055504
1.5.0,core/src/main/java/org/apache/calcite/util/Bug.java,0,0,0.010086593653103758
1.5.0,core/src/main/java/org/apache/calcite/adapter/enumerable/AggAddContext.java,0,0,0.20297396163611478
1.5.0,core/src/main/java/org/apache/calcite/adapter/enumerable/EnumerableAggregate.java,1,1,0.7651741191204825
1.5.0,core/src/main/java/org/apache/calcite/adapter/enumerable/EnumerableWindow.java,0,0,0.04514731169304578
1.5.0,core/src/main/java/org/apache/calcite/adapter/enumerable/StrictAggImplementor.java,0,1,0.5060400417805717
1.5.0,core/src/main/java/org/apache/calcite/rel/rules/AggregateFilterTransposeRule.java,0,0,0.36787045676918556
1.5.0,core/src/main/java/org/apache/calcite/adapter/enumerable/EnumerableInterpreter.java,0,1,0.5096021086005591
1.5.0,core/src/main/java/org/apache/calcite/adapter/enumerable/EnumerableInterpreterRule.java,0,0,0.12109577998871719
1.5.0,core/src/main/java/org/apache/calcite/adapter/enumerable/EnumerableRel.java,0,0,0.3824989726899567
1.5.0,core/src/main/java/org/apache/calcite/adapter/enumerable/EnumerableRules.java,0,0,5.9703146736323546e-05
1.5.0,core/src/main/java/org/apache/calcite/adapter/enumerable/EnumerableTableScanRule.java,0,1,0.5754932385254453
1.5.0,core/src/main/java/org/apache/calcite/rel/logical/LogicalTableScan.java,0,0,0.42868695902129295
1.5.0,core/src/main/java/org/apache/calcite/rel/rules/FilterTableScanRule.java,0,0,0.4690773226790184
1.5.0,core/src/main/java/org/apache/calcite/rel/rules/ProjectTableScanRule.java,0,0,0.38186510112374505
1.5.0,core/src/main/java/org/apache/calcite/prepare/QueryableRelBuilder.java,0,1,0.8061320026538905
1.5.0,core/src/main/java/org/apache/calcite/rel/metadata/RelMdUtil.java,1,0,0.033930865432476226
1.5.0,avatica/src/main/java/org/apache/calcite/avatica/ColumnMetaData.java,0,0,0.0799627444140996
1.5.0,avatica/src/main/java/org/apache/calcite/avatica/remote/MockProtobufService.java,1,0,1.738955865717718e-05
1.5.0,linq4j/src/main/java/org/apache/calcite/linq4j/DefaultEnumerable.java,0,0,0.16235155163373724
1.5.0,linq4j/src/main/java/org/apache/calcite/linq4j/DefaultQueryable.java,0,0,0.1827234084786209
1.5.0,linq4j/src/main/java/org/apache/calcite/linq4j/EnumerableDefaults.java,0,1,0.6230419660670362
1.5.0,linq4j/src/main/java/org/apache/calcite/linq4j/EnumerableQueryable.java,0,0,0.17048944344533445
1.5.0,linq4j/src/main/java/org/apache/calcite/linq4j/ExtendedEnumerable.java,0,0,0.0020196465311725547
1.5.0,linq4j/src/main/java/org/apache/calcite/linq4j/ExtendedQueryable.java,0,0,0.0019494800565585434
1.5.0,linq4j/src/main/java/org/apache/calcite/linq4j/QueryableFactory.java,0,0,0.15385751976252177
1.5.0,linq4j/src/main/java/org/apache/calcite/linq4j/QueryableRecorder.java,0,0,0.10393585881026027
1.5.0,avatica/src/main/java/org/apache/calcite/avatica/util/ByteString.java,0,1,0.8970422179504352
1.5.0,core/src/main/java/org/apache/calcite/rex/RexCall.java,0,1,0.6513837336237185
1.5.0,core/src/main/java/org/apache/calcite/rex/RexProgramBuilder.java,0,0,0.0024104199524651072
1.5.0,core/src/main/java/org/apache/calcite/plan/RelOptMaterialization.java,0,0,0.29302955555315635
1.5.0,core/src/main/java/org/apache/calcite/schema/impl/MaterializedViewTable.java,0,0,0.3330414983962623
1.5.0,core/src/main/java/org/apache/calcite/adapter/enumerable/JavaRowFormat.java,1,1,0.7085217756216297
1.5.0,avatica/src/main/java/org/apache/calcite/avatica/util/Base64.java,0,0,0.000166161405914714
1.5.0,core/src/main/java/org/apache/calcite/sql/SqlJdbcFunctionCall.java,0,0,0.007335642261071283
1.5.0,core/src/main/java/org/apache/calcite/tools/FrameworkConfig.java,0,0,0.20916966849215757
1.5.0,core/src/main/java/org/apache/calcite/schema/Path.java,0,0,0.10033406156686914
1.5.0,core/src/main/java/org/apache/calcite/util/Stacks.java,0,0,0.41016013160726844
1.5.0,core/src/main/java/org/apache/calcite/plan/RelOptCluster.java,0,0,0.32144310348658717
1.5.0,core/src/main/java/org/apache/calcite/plan/RelOptQuery.java,0,0,0.25903981720237157
1.5.0,core/src/main/java/org/apache/calcite/rel/rules/SortJoinTransposeRule.java,0,1,0.7386204199888866
1.5.0,avatica/src/main/java/org/apache/calcite/avatica/remote/LocalJsonService.java,0,0,0.11635264467327765
1.5.0,core/src/main/java/org/apache/calcite/sql2rel/RelDecorrelator.java,0,0,0.22798400381817063
1.5.0,core/src/main/java/org/apache/calcite/rel/core/Filter.java,0,0,0.333352480534744
1.5.0,core/src/main/java/org/apache/calcite/sql/SqlWindow.java,0,1,0.9999994533997282
1.5.0,core/src/main/java/org/apache/calcite/plan/RelOptPredicateList.java,0,0,0.16531963508028194
1.5.0,core/src/main/java/org/apache/calcite/rex/RexInputRef.java,0,0,0.2806303522922407
1.5.0,core/src/main/java/org/apache/calcite/rex/RexShuttle.java,0,0,0.32754498885388345
1.5.0,core/src/main/java/org/apache/calcite/util/Util.java,0,1,0.988802290803875
1.5.0,core/src/main/java/org/apache/calcite/jdbc/CalciteJdbc41Factory.java,0,0,0.34930595193879566
1.5.0,core/src/main/java/org/apache/calcite/jdbc/CalciteMetaImpl.java,0,1,0.9691054084440107
1.5.0,core/src/main/java/org/apache/calcite/jdbc/CalciteResultSet.java,0,1,0.7011326623101845
1.5.0,core/src/main/java/org/apache/calcite/adapter/jdbc/JdbcSchema.java,1,1,0.9425013289672808
1.5.0,avatica-server/src/main/java/org/apache/calcite/avatica/jdbc/JdbcMeta.java,1,0,2.600589025850146e-10
1.5.0,avatica-server/src/main/java/org/apache/calcite/avatica/jdbc/JdbcResultSet.java,0,0,0.12270589118674363
1.5.0,avatica-server/src/main/java/org/apache/calcite/avatica/jdbc/StatementInfo.java,1,0,0.018999235021988668
1.5.0,avatica/src/main/java/org/apache/calcite/avatica/AvaticaConnection.java,0,1,0.5519618115250088
1.5.0,avatica/src/main/java/org/apache/calcite/avatica/AvaticaDatabaseMetaData.java,0,1,0.999947239653573
1.5.0,avatica/src/main/java/org/apache/calcite/avatica/AvaticaFactory.java,0,1,0.5343757410850198
1.5.0,avatica/src/main/java/org/apache/calcite/avatica/AvaticaJdbc41Factory.java,0,1,0.5583459592434136
1.5.0,avatica/src/main/java/org/apache/calcite/avatica/AvaticaPreparedStatement.java,0,1,0.9731459870721018
1.5.0,avatica/src/main/java/org/apache/calcite/avatica/AvaticaResultSet.java,0,0,0.047313639441318826
1.5.0,avatica/src/main/java/org/apache/calcite/avatica/AvaticaStatement.java,0,0,0.00010387287425430647
1.5.0,avatica/src/main/java/org/apache/calcite/avatica/Meta.java,1,0,0.22969745693870755
1.5.0,avatica/src/main/java/org/apache/calcite/avatica/MetaImpl.java,1,1,1.0
1.5.0,avatica/src/main/java/org/apache/calcite/avatica/MissingResultsException.java,0,0,0.1637549020033243
1.5.0,avatica/src/main/java/org/apache/calcite/avatica/NoSuchConnectionException.java,0,0,0.17153347265256855
1.5.0,avatica/src/main/java/org/apache/calcite/avatica/NoSuchStatementException.java,0,0,0.17673867263529025
1.5.0,avatica/src/main/java/org/apache/calcite/avatica/QueryState.java,0,1,0.8815403549946633
1.5.0,avatica/src/main/java/org/apache/calcite/avatica/remote/AbstractHandler.java,0,0,0.0001579613160680133
1.5.0,avatica/src/main/java/org/apache/calcite/avatica/remote/AbstractService.java,0,1,0.7831252978060529
1.5.0,avatica/src/main/java/org/apache/calcite/avatica/remote/AvaticaHttpClient.java,0,0,0.17064851582940377
1.5.0,avatica/src/main/java/org/apache/calcite/avatica/remote/AvaticaHttpClientImpl.java,0,1,0.5797020453709087
1.5.0,avatica/src/main/java/org/apache/calcite/avatica/remote/Driver.java,0,0,2.1213995558802736e-05
1.5.0,avatica/src/main/java/org/apache/calcite/avatica/remote/Handler.java,0,0,2.5005877453324435e-05
1.5.0,avatica/src/main/java/org/apache/calcite/avatica/remote/JsonService.java,0,0,2.538711562491079e-06
1.5.0,avatica/src/main/java/org/apache/calcite/avatica/remote/LocalService.java,0,0,4.9790280610360925e-09
1.5.0,avatica/src/main/java/org/apache/calcite/avatica/remote/MetaDataOperation.java,0,0,0.0
1.5.0,avatica/src/main/java/org/apache/calcite/avatica/remote/ProtobufService.java,0,0,9.198285111763033e-06
1.5.0,avatica/src/main/java/org/apache/calcite/avatica/remote/ProtobufTranslationImpl.java,0,1,0.7253486905117857
1.5.0,avatica/src/main/java/org/apache/calcite/avatica/remote/RemoteMeta.java,0,0,0.017170637097521
1.5.0,avatica/src/main/java/org/apache/calcite/avatica/remote/RemoteProtobufService.java,0,0,6.9274978912373685e-06
1.5.0,avatica/src/main/java/org/apache/calcite/avatica/remote/RemoteService.java,0,0,1.159745515781405e-05
1.5.0,avatica/src/main/java/org/apache/calcite/avatica/remote/Service.java,1,1,0.9481812749376338
1.5.0,avatica/src/main/java/org/apache/calcite/avatica/proto/Common.java,0,0,1.2618677052117765e-119
1.5.0,avatica/src/main/java/org/apache/calcite/avatica/proto/Requests.java,0,0,4.966794292809439e-65
1.5.0,avatica/src/main/java/org/apache/calcite/avatica/proto/Responses.java,0,0,5.869349816492557e-28
1.5.0,core/src/main/java/org/apache/calcite/plan/volcano/RelSubset.java,0,1,0.9770531980274164
1.5.0,core/src/main/java/org/apache/calcite/adapter/enumerable/EnumerableJoin.java,0,0,0.3484805917129687
1.5.0,core/src/main/java/org/apache/calcite/adapter/enumerable/EnumerableMergeJoin.java,1,1,0.8490939343336767
1.5.0,core/src/main/java/org/apache/calcite/rel/core/EquiJoin.java,0,0,0.17941001887304317
1.5.0,core/src/main/java/org/apache/calcite/rel/rules/EquiJoin.java,0,0,0.20916966849215757
1.5.0,core/src/main/java/org/apache/calcite/rel/type/RelDataType.java,0,0,0.20916966849215757
1.5.0,core/src/main/java/org/apache/calcite/rel/type/RelDataTypeImpl.java,0,0,0.10211460899156438
1.5.0,splunk/src/main/java/org/apache/calcite/adapter/splunk/SplunkTableScan.java,0,0,0.32954654022307284
1.5.0,core/src/main/java/org/apache/calcite/runtime/CalciteResource.java,0,0,0.41465983823387276
1.5.0,core/src/main/java/org/apache/calcite/schema/FunctionParameter.java,0,0,0.4302533088360712
1.5.0,core/src/main/java/org/apache/calcite/sql/SqlAsOperator.java,0,1,0.8273147546791165
1.5.0,core/src/main/java/org/apache/calcite/sql/SqlCallBinding.java,1,1,0.9044709737993822
1.5.0,core/src/main/java/org/apache/calcite/sql/SqlFunction.java,0,1,0.5951597017761707
1.5.0,core/src/main/java/org/apache/calcite/sql/SqlKind.java,1,0,0.07284364677024685
1.5.0,core/src/main/java/org/apache/calcite/sql/SqlOperator.java,0,1,0.9052718809611326
1.5.0,core/src/main/java/org/apache/calcite/sql/SqlUtil.java,0,0,0.1897649222014332
1.5.0,core/src/main/java/org/apache/calcite/util/Compatible.java,0,0,0.09994123105365299
1.5.0,core/src/main/java/org/apache/calcite/util/ImmutableIntList.java,0,0,8.42398732708724e-09
1.5.0,core/src/main/java/org/apache/calcite/util/ReflectUtil.java,0,0,0.00011187287327501307
1.5.0,core/src/main/java/org/apache/calcite/adapter/enumerable/RexImpTable.java,1,1,0.9990379258931792
1.5.0,core/src/main/java/org/apache/calcite/plan/RelOptNode.java,0,0,0.20916966849215757
1.5.0,core/src/main/java/org/apache/calcite/schema/SchemaFactory.java,0,0,0.18726761445141707
1.5.0,core/src/main/java/org/apache/calcite/schema/impl/AggregateFunctionImpl.java,1,1,0.5528602279336616
1.5.0,core/src/main/java/org/apache/calcite/schema/impl/ReflectiveFunctionBase.java,1,1,0.5727516449798311
1.5.0,core/src/main/java/org/apache/calcite/sql/advise/SqlAdvisorGetHintsFunction.java,0,1,0.6867114490563284
1.5.0,core/src/main/java/org/apache/calcite/sql/fun/SqlArgumentAssignmentOperator.java,0,0,0.08898777624760629
1.5.0,core/src/main/java/org/apache/calcite/sql/fun/SqlCastFunction.java,0,1,0.7911036678688826
1.5.0,core/src/main/java/org/apache/calcite/sql/fun/SqlDefaultOperator.java,0,0,0.237335801045941
1.5.0,core/src/main/java/org/apache/calcite/sql/fun/SqlItemOperator.java,0,1,0.5897148815448807
1.5.0,core/src/main/java/org/apache/calcite/sql/fun/SqlLikeOperator.java,0,1,0.6701015713446148
1.5.0,core/src/main/java/org/apache/calcite/sql/fun/SqlLiteralChainOperator.java,0,1,0.6837341035978142
1.5.0,core/src/main/java/org/apache/calcite/sql/fun/SqlMapValueConstructor.java,0,1,0.6362979147440271
1.5.0,core/src/main/java/org/apache/calcite/sql/fun/SqlMultisetMemberOfOperator.java,0,1,0.5855260299078987
1.5.0,core/src/main/java/org/apache/calcite/sql/fun/SqlMultisetQueryConstructor.java,0,0,0.25146971195158524
1.5.0,core/src/main/java/org/apache/calcite/sql/fun/SqlMultisetValueConstructor.java,0,1,0.5510677266081887
1.5.0,core/src/main/java/org/apache/calcite/sql/fun/SqlOverlapsOperator.java,0,0,0.3564360021669481
1.5.0,core/src/main/java/org/apache/calcite/sql/fun/SqlQuarterFunction.java,0,0,0.30044947580392023
1.5.0,core/src/main/java/org/apache/calcite/sql/fun/SqlStdOperatorTable.java,0,1,0.8692106193251358
1.5.0,core/src/main/java/org/apache/calcite/sql/fun/SqlSubstringFunction.java,0,1,0.6617858243531877
1.5.0,core/src/main/java/org/apache/calcite/sql/fun/SqlTrimFunction.java,1,1,0.8760493208511703
1.5.0,core/src/main/java/org/apache/calcite/sql/type/AssignableOperandTypeChecker.java,0,0,0.0020678970175340384
1.5.0,core/src/main/java/org/apache/calcite/sql/type/CompositeOperandTypeChecker.java,1,1,0.6675394534103928
1.5.0,core/src/main/java/org/apache/calcite/sql/type/FamilyOperandTypeChecker.java,0,1,0.7112411577332662
1.5.0,core/src/main/java/org/apache/calcite/sql/type/InferTypes.java,0,0,0.09408378150522795
1.5.0,core/src/main/java/org/apache/calcite/sql/type/LiteralOperandTypeChecker.java,0,1,0.5671491163823706
1.5.0,core/src/main/java/org/apache/calcite/sql/type/MultisetOperandTypeChecker.java,0,1,0.5532023333357893
1.5.0,core/src/main/java/org/apache/calcite/sql/type/OperandTypes.java,0,0,1.8231115060769297e-11
1.5.0,core/src/main/java/org/apache/calcite/sql/type/SameOperandTypeChecker.java,0,1,0.7132512687703764
1.5.0,core/src/main/java/org/apache/calcite/sql/type/SetopOperandTypeChecker.java,0,1,0.6661113843933292
1.5.0,core/src/main/java/org/apache/calcite/sql/type/SqlOperandCountRanges.java,0,0,0.06604640350474865
1.5.0,core/src/main/java/org/apache/calcite/sql/type/SqlOperandTypeChecker.java,0,0,0.2742159563541428
1.5.0,core/src/main/java/org/apache/calcite/adapter/enumerable/AggContext.java,0,0,0.20297396163611478
1.5.0,core/src/main/java/org/apache/calcite/adapter/enumerable/CallImplementor.java,0,0,0.2011585850838442
1.5.0,core/src/main/java/org/apache/calcite/sql/validate/SqlUserDefinedFunction.java,0,0,0.27587493905018423
1.5.0,core/src/main/java/org/apache/calcite/adapter/enumerable/JavaRelImplementor.java,0,0,0.4814724890269083
1.5.0,core/src/main/java/org/apache/calcite/sql/validate/SqlValidator.java,1,1,0.726205891902034
1.5.0,core/src/main/java/org/apache/calcite/sql/validate/SqlValidatorImpl.java,1,1,0.906324468349054
1.5.0,core/src/main/java/org/apache/calcite/util/mapping/Mappings.java,0,0,0.009895168865535531
1.5.0,core/src/main/java/org/apache/calcite/rel/type/RelDataTypeFactory.java,0,0,0.09455526969480561
1.5.0,core/src/main/java/org/apache/calcite/schema/impl/AbstractSchema.java,0,0,0.12105985824244306
1.5.0,linq4j/src/main/java/org/apache/calcite/linq4j/function/Functions.java,0,0,2.5274969095199766e-07
1.5.0,linq4j/src/main/java/org/apache/calcite/linq4j/function/Parameter.java,0,0,0.30663117301854614
