version,file,true_label,predicted,probability
1.15.0,core/src/main/java/org/apache/calcite/util/Source.java,0,0,0.19205512025918525
1.15.0,druid/src/main/java/org/apache/calcite/adapter/druid/DruidSchemaFactory.java,0,0,0.4449819916999846
1.15.0,druid/src/main/java/org/apache/calcite/adapter/druid/QueryType.java,0,0,0.15694574436714756
1.15.0,core/src/main/java/org/apache/calcite/rel/type/RelDataTypeFactoryImpl.java,0,1,0.528459372968262
1.15.0,file/src/main/java/org/apache/calcite/adapter/file/FileEnumerator.java,0,0,0.24113206006294502
1.15.0,file/src/main/java/org/apache/calcite/adapter/file/FileTable.java,0,0,0.05354477204046463
1.15.0,core/src/main/java/org/apache/calcite/rex/LogicVisitor.java,0,1,0.6648285024639399
1.15.0,core/src/main/java/org/apache/calcite/rex/RexBiVisitor.java,0,0,0.13250698963710467
1.15.0,core/src/main/java/org/apache/calcite/sql/validate/GroupByScope.java,0,0,0.18532893425243618
1.15.0,core/src/main/java/org/apache/calcite/rex/RexShuttle.java,0,0,0.3416084593941992
1.15.0,core/src/main/java/org/apache/calcite/sql/validate/SqlDelegatingConformance.java,0,0,0.17712069412037465
1.15.0,core/src/main/java/org/apache/calcite/rex/RexVisitor.java,0,0,0.08815517606508688
1.15.0,core/src/main/java/org/apache/calcite/rex/RexVisitorImpl.java,0,0,0.25077014796082653
1.15.0,core/src/main/java/org/apache/calcite/schema/Schema.java,0,0,0.15909077597203314
1.15.0,core/src/main/java/org/apache/calcite/plan/RelOptUtil.java,1,1,0.9914329406509925
1.15.0,cassandra/src/main/java/org/apache/calcite/adapter/cassandra/CassandraEnumerator.java,0,0,0.14202605365094867
1.15.0,core/src/main/java/org/apache/calcite/rel/metadata/RelMdNodeTypes.java,0,0,0.4656193303490872
1.15.0,core/src/main/java/org/apache/calcite/sql/SqlSplittableAggFunction.java,1,1,0.6219869825799265
1.15.0,core/src/main/java/org/apache/calcite/tools/PigRelBuilder.java,0,0,0.4692746536119303
1.15.0,core/src/main/java/org/apache/calcite/tools/RelBuilder.java,1,1,0.9997918414374699
1.15.0,core/src/main/java/org/apache/calcite/rel/rules/UnionMergeRule.java,0,1,0.5808619479810667
1.15.0,core/src/main/java/org/apache/calcite/rel/core/AggregateCall.java,0,1,0.725067763161913
1.15.0,core/src/main/java/org/apache/calcite/rel/core/Match.java,0,0,0.3115957788391687
1.15.0,core/src/main/java/org/apache/calcite/rel/core/Window.java,0,0,3.6698798603886024e-05
1.15.0,core/src/main/java/org/apache/calcite/rel/externalize/RelJsonReader.java,0,0,0.360576656231774
1.15.0,core/src/main/java/org/apache/calcite/rel/rules/AggregateUnionTransposeRule.java,0,1,0.7558547051089629
1.15.0,core/src/main/java/org/apache/calcite/sql/fun/SqlCountAggFunction.java,0,1,0.5094588171989739
1.15.0,linq4j/src/main/java/org/apache/calcite/linq4j/tree/ConstantExpression.java,0,1,0.7828924501183333
1.15.0,core/src/main/java/org/apache/calcite/adapter/enumerable/EnumerableMergeJoin.java,0,1,0.5191043707922767
1.15.0,core/src/main/java/org/apache/calcite/sql/fun/SqlOverlapsOperator.java,0,1,0.7690253255017362
1.15.0,core/src/main/java/org/apache/calcite/schema/TranslatableTable.java,0,0,0.03795036173017638
1.15.0,core/src/main/java/org/apache/calcite/rel/mutable/Holder.java,0,0,0.08746467227788211
1.15.0,core/src/main/java/org/apache/calcite/rel/mutable/MutableBiRel.java,0,0,0.4766936832945292
1.15.0,core/src/main/java/org/apache/calcite/rel/mutable/MutableCalc.java,0,0,0.12345191720615219
1.15.0,core/src/main/java/org/apache/calcite/rel/mutable/MutableCollect.java,0,0,0.13136740994893928
1.15.0,core/src/main/java/org/apache/calcite/rel/mutable/MutableCorrelate.java,0,0,0.16343645571699927
1.15.0,core/src/main/java/org/apache/calcite/rel/mutable/MutableExchange.java,0,0,0.09926642419358968
1.15.0,core/src/main/java/org/apache/calcite/rel/mutable/MutableFilter.java,0,0,0.34367940108687295
1.15.0,core/src/main/java/org/apache/calcite/rel/mutable/MutableIntersect.java,0,0,0.24709880652923047
1.15.0,core/src/main/java/org/apache/calcite/rel/mutable/MutableJoin.java,0,0,0.3428046136590346
1.15.0,core/src/main/java/org/apache/calcite/rel/mutable/MutableLeafRel.java,0,0,0.27155964533193405
1.15.0,core/src/main/java/org/apache/calcite/rel/mutable/MutableMinus.java,0,0,0.24709880652923047
1.15.0,core/src/main/java/org/apache/calcite/rel/mutable/MutableProject.java,0,0,0.2940334499580641
1.15.0,core/src/main/java/org/apache/calcite/rel/mutable/MutableRel.java,0,1,0.682469548479121
1.15.0,core/src/main/java/org/apache/calcite/rel/mutable/MutableRelType.java,0,0,0.12610620810627043
1.15.0,core/src/main/java/org/apache/calcite/rel/mutable/MutableRelVisitor.java,0,0,0.044481989647408744
1.15.0,core/src/main/java/org/apache/calcite/rel/mutable/MutableSample.java,0,0,0.23516536866370116
1.15.0,core/src/main/java/org/apache/calcite/rel/mutable/MutableScan.java,0,0,0.3227328245372814
1.15.0,core/src/main/java/org/apache/calcite/rel/mutable/MutableSemiJoin.java,0,0,0.1465894367464825
1.15.0,core/src/main/java/org/apache/calcite/rel/mutable/MutableSetOp.java,0,0,0.459323768076932
1.15.0,core/src/main/java/org/apache/calcite/rel/mutable/MutableSingleRel.java,0,0,0.42560624981863493
1.15.0,core/src/main/java/org/apache/calcite/rel/mutable/MutableSort.java,0,0,0.19108155019450163
1.15.0,core/src/main/java/org/apache/calcite/rel/mutable/MutableTableFunctionScan.java,0,0,0.1671764465629322
1.15.0,core/src/main/java/org/apache/calcite/rel/mutable/MutableTableModify.java,0,0,0.26588900340405697
1.15.0,core/src/main/java/org/apache/calcite/rel/mutable/MutableUncollect.java,0,0,0.15208245896393752
1.15.0,core/src/main/java/org/apache/calcite/rel/mutable/MutableUnion.java,0,0,0.24709880652923047
1.15.0,core/src/main/java/org/apache/calcite/rel/mutable/MutableValues.java,0,0,0.13867426863681548
1.15.0,core/src/main/java/org/apache/calcite/rel/mutable/MutableWindow.java,0,0,0.14586677493603564
1.15.0,core/src/main/java/org/apache/calcite/sql/SqlIdentifier.java,0,0,0.2567484422608477
1.15.0,core/src/main/java/org/apache/calcite/sql/validate/SqlNameMatcher.java,0,0,0.22283655696485513
1.15.0,core/src/main/java/org/apache/calcite/sql/validate/SqlNameMatchers.java,0,0,0.12553098743782137
1.15.0,core/src/main/java/org/apache/calcite/sql/validate/SqlValidatorScope.java,0,0,0.09504440089465307
1.15.0,core/src/main/java/org/apache/calcite/sql/validate/WithScope.java,0,0,0.25446342768710445
1.15.0,core/src/main/java/org/apache/calcite/rel/BiRel.java,0,0,0.239750137707857
1.15.0,core/src/main/java/org/apache/calcite/sql/SqlPostfixOperator.java,0,0,0.3947848057583974
1.15.0,core/src/main/java/org/apache/calcite/sql/SqlPrefixOperator.java,0,0,0.39368420145066824
1.15.0,core/src/main/java/org/apache/calcite/sql2rel/ReflectiveConvertletTable.java,0,0,0.25421815819031607
1.15.0,core/src/main/java/org/apache/calcite/tools/RelRunners.java,0,0,0.03010817046434138
1.15.0,core/src/main/java/org/apache/calcite/util/Closer.java,0,0,0.10323093627445236
1.15.0,core/src/main/java/org/apache/calcite/rel/convert/ConverterImpl.java,0,0,0.09359297289803027
1.15.0,core/src/main/java/org/apache/calcite/rel/metadata/CachingRelMetadataProvider.java,0,1,0.6361392857616267
1.15.0,core/src/main/java/org/apache/calcite/rel/metadata/ChainedRelMetadataProvider.java,0,1,0.6500399997488624
1.15.0,core/src/main/java/org/apache/calcite/rel/metadata/MetadataFactoryImpl.java,0,0,0.27075022139582317
1.15.0,core/src/main/java/org/apache/calcite/rel/rules/CalcRelSplitter.java,0,0,0.4962908365330138
1.15.0,core/src/main/java/org/apache/calcite/rel/rules/JoinCommuteRule.java,0,0,0.27133767141594983
1.15.0,core/src/main/java/org/apache/calcite/sql/fun/SqlLikeOperator.java,0,0,0.3536683191061998
1.15.0,core/src/main/java/org/apache/calcite/sql/type/BasicSqlType.java,0,1,0.5475965901704621
1.15.0,core/src/main/java/org/apache/calcite/sql/validate/SetopNamespace.java,0,0,0.284380233021266
1.15.0,core/src/main/java/org/apache/calcite/sql/validate/SqlIdentifierMoniker.java,0,0,0.07764304307480785
1.15.0,core/src/main/java/org/apache/calcite/rel/metadata/RelMdMaxRowCount.java,0,0,0.35511239129736266
1.15.0,core/src/main/java/org/apache/calcite/rel/metadata/RelMdMinRowCount.java,0,0,0.3539795956925459
1.15.0,core/src/main/java/org/apache/calcite/rel/core/Project.java,1,1,0.5953762674660521
1.15.0,core/src/main/java/org/apache/calcite/sql/SqlExplain.java,0,0,0.24330605853826254
1.15.0,core/src/main/java/org/apache/calcite/sql/SqlExplainFormat.java,0,0,0.1110905064134365
1.15.0,core/src/main/java/org/apache/calcite/rel/externalize/RelJsonWriter.java,0,0,0.37424997069432075
1.15.0,linq4j/src/main/java/org/apache/calcite/linq4j/DefaultEnumerable.java,0,0,0.06455157441301101
1.15.0,linq4j/src/main/java/org/apache/calcite/linq4j/ExtendedEnumerable.java,0,0,0.0003832941216957667
1.15.0,core/src/main/java/org/apache/calcite/schema/ModifiableTable.java,0,0,0.04438271490935419
1.15.0,core/src/main/java/org/apache/calcite/sql/SqlInsert.java,0,0,0.24856748940033216
1.15.0,core/src/main/java/org/apache/calcite/sql/SqlValuesOperator.java,0,0,0.312537848218043
1.15.0,core/src/main/java/org/apache/calcite/sql/SqlWriter.java,0,0,0.13034411171973176
1.15.0,core/src/main/java/org/apache/calcite/rel/core/TableModify.java,0,0,0.3506638402790121
1.15.0,core/src/main/java/org/apache/calcite/rel/logical/LogicalTableModify.java,0,0,0.1923181472605189
1.15.0,core/src/main/java/org/apache/calcite/sql/fun/SqlRowOperator.java,0,0,0.1954998975302316
1.15.0,core/src/main/java/org/apache/calcite/runtime/GeoFunctions.java,0,0,0.2874614446606381
1.15.0,core/src/main/java/org/apache/calcite/rel/mutable/MutableMultiRel.java,0,0,0.4284648845397712
1.15.0,linq4j/src/main/java/org/apache/calcite/linq4j/tree/Types.java,0,1,0.8936338810453507
1.15.0,core/src/main/java/org/apache/calcite/rel/core/RelFactories.java,0,1,0.7561530679580766
1.15.0,core/src/main/java/org/apache/calcite/rel/logical/LogicalMatch.java,0,0,0.19377490304175238
1.15.0,druid/src/main/java/org/apache/calcite/adapter/druid/DruidSchema.java,0,0,0.45572999195520647
1.15.0,core/src/main/java/org/apache/calcite/sql2rel/SqlToRelConverter.java,1,1,0.9998318448615434
1.15.0,core/src/main/java/org/apache/calcite/util/Pair.java,0,0,3.132407014749017e-06
1.15.0,core/src/main/java/org/apache/calcite/rel/type/DynamicRecordTypeImpl.java,0,1,0.5292053127467665
1.15.0,core/src/main/java/org/apache/calcite/rel/type/RelDataType.java,0,0,0.2721195712703555
1.15.0,core/src/main/java/org/apache/calcite/rel/type/RelDataTypeHolder.java,0,0,0.44325045924219936
1.15.0,core/src/main/java/org/apache/calcite/rel/type/RelDataTypeImpl.java,0,1,0.6307036580513061
1.15.0,core/src/main/java/org/apache/calcite/sql/validate/CatalogScope.java,0,1,0.5473877916789746
1.15.0,core/src/main/java/org/apache/calcite/sql/validate/ParameterScope.java,0,0,0.22395236970975702
1.15.0,core/src/main/java/org/apache/calcite/sql/SqlStateCodes.java,0,0,0.09040853937651269
1.15.0,file/src/main/java/org/apache/calcite/adapter/file/FileSchema.java,0,1,0.5883276069151009
1.15.0,file/src/main/java/org/apache/calcite/adapter/file/FileSchemaFactory.java,0,1,0.5045449364148209
1.15.0,core/src/main/java/org/apache/calcite/rel/rules/AbstractMaterializedViewRule.java,1,1,0.9948535471236
1.15.0,core/src/main/java/org/apache/calcite/rel/type/RelRecordType.java,0,0,0.010051800327945724
1.15.0,core/src/main/java/org/apache/calcite/rel/type/StructKind.java,0,0,0.15526916587734985
1.15.0,core/src/main/java/org/apache/calcite/sql/validate/DelegatingScope.java,0,1,0.8852142291215731
1.15.0,core/src/main/java/org/apache/calcite/schema/impl/ViewTable.java,0,0,0.1970918482926885
1.15.0,core/src/main/java/org/apache/calcite/interpreter/Source.java,0,0,0.08349016925910611
1.15.0,core/src/main/java/org/apache/calcite/tools/Planner.java,0,0,0.08815517606508688
1.15.0,core/src/main/java/org/apache/calcite/jdbc/CalciteConnection.java,0,0,0.20066291446409593
1.15.0,core/src/main/java/org/apache/calcite/jdbc/CalciteStatement.java,1,0,0.06293618354806407
1.15.0,core/src/main/java/org/apache/calcite/jdbc/SimpleCalciteSchema.java,0,0,0.321528863149506
1.15.0,core/src/main/java/org/apache/calcite/model/JsonSchema.java,0,1,0.5276375346297529
1.15.0,core/src/main/java/org/apache/calcite/schema/SchemaVersion.java,0,0,0.14420472977871296
1.15.0,core/src/main/java/org/apache/calcite/rel/metadata/BuiltInMetadata.java,0,0,0.036486318715983936
1.15.0,core/src/main/java/org/apache/calcite/rel/metadata/RelMdExpressionLineage.java,0,1,0.5581645619492821
1.15.0,core/src/main/java/org/apache/calcite/rel/metadata/RelMdTableReferences.java,0,0,0.4826676749944514
1.15.0,core/src/main/java/org/apache/calcite/schema/impl/AbstractSchema.java,0,0,0.10177840567588801
1.15.0,core/src/main/java/org/apache/calcite/schema/impl/DelegatingSchema.java,0,0,0.20103055143992699
1.15.0,core/src/main/java/org/apache/calcite/schema/impl/LongSchemaVersion.java,0,0,0.18276783739020178
1.15.0,core/src/main/java/org/apache/calcite/rex/RexProgramBuilder.java,0,0,0.40373043784891666
1.15.0,core/src/main/java/org/apache/calcite/adapter/enumerable/EnumerableCalc.java,0,1,0.5586567238405016
1.15.0,core/src/main/java/org/apache/calcite/rel/metadata/RelMdPredicates.java,1,1,0.9984352388417744
1.15.0,core/src/main/java/org/apache/calcite/rel/rules/FilterProjectTransposeRule.java,1,1,0.5344174860072486
1.15.0,core/src/main/java/org/apache/calcite/sql/validate/EmptyScope.java,0,0,0.275663448902652
1.15.0,core/src/main/java/org/apache/calcite/prepare/PlannerImpl.java,0,1,0.5287950561102556
1.15.0,core/src/main/java/org/apache/calcite/schema/Table.java,0,0,0.3182772612784893
1.15.0,core/src/main/java/org/apache/calcite/sql/validate/SqlValidatorCatalogReader.java,0,0,0.19063631099965314
1.15.0,druid/src/main/java/org/apache/calcite/adapter/druid/ComplexMetric.java,0,0,0.19131550051580237
1.15.0,druid/src/main/java/org/apache/calcite/adapter/druid/DruidType.java,0,0,0.1972563662195437
1.15.0,plus/src/main/java/org/apache/calcite/adapter/os/DuTableFunction.java,0,0,0.12432562888933937
1.15.0,plus/src/main/java/org/apache/calcite/adapter/os/FilesTableFunction.java,1,1,0.5347284256198227
1.15.0,plus/src/main/java/org/apache/calcite/adapter/os/GitCommitsTableFunction.java,0,1,0.7073834971192109
1.15.0,plus/src/main/java/org/apache/calcite/adapter/os/StdinTableFunction.java,0,0,0.3147390463414093
1.15.0,core/src/main/java/org/apache/calcite/sql/SqlFunction.java,0,0,0.21661695334373657
1.15.0,core/src/main/java/org/apache/calcite/Demo.java,0,0,0.021306410402657548
1.15.0,core/src/main/java/org/apache/calcite/config/Lex.java,0,0,0.03836364685777327
1.15.0,core/src/main/java/org/apache/calcite/interpreter/AbstractSingleNode.java,0,0,0.12429290744664336
1.15.0,core/src/main/java/org/apache/calcite/interpreter/BindableRel.java,0,0,0.09433988798035133
1.15.0,core/src/main/java/org/apache/calcite/interpreter/Context.java,0,0,0.05245665201868841
1.15.0,core/src/main/java/org/apache/calcite/interpreter/FilterNode.java,0,0,0.32087535452018723
1.15.0,core/src/main/java/org/apache/calcite/interpreter/InterpretableConverter.java,0,0,0.09433988798035133
1.15.0,core/src/main/java/org/apache/calcite/interpreter/InterpretableRel.java,0,0,0.09433988798035133
1.15.0,core/src/main/java/org/apache/calcite/interpreter/Interpreters.java,0,0,0.0687690878116437
1.15.0,core/src/main/java/org/apache/calcite/interpreter/JaninoRexCompiler.java,0,0,0.2032309527388386
1.15.0,core/src/main/java/org/apache/calcite/interpreter/JoinNode.java,0,0,0.11160608922016528
1.15.0,core/src/main/java/org/apache/calcite/interpreter/Node.java,0,0,0.06693063552754593
1.15.0,core/src/main/java/org/apache/calcite/interpreter/Nodes.java,0,0,0.061584717851616885
1.15.0,core/src/main/java/org/apache/calcite/interpreter/ProjectNode.java,0,0,0.29494280612489054
1.15.0,core/src/main/java/org/apache/calcite/interpreter/Row.java,0,0,0.27238270120795216
1.15.0,core/src/main/java/org/apache/calcite/interpreter/Scalar.java,0,0,0.11667717498216804
1.15.0,core/src/main/java/org/apache/calcite/interpreter/Sink.java,0,0,0.06693063552754593
1.15.0,core/src/main/java/org/apache/calcite/interpreter/TableScanNode.java,0,1,0.8571472204269075
1.15.0,core/src/main/java/org/apache/calcite/interpreter/UnionNode.java,0,0,0.3235699864903856
1.15.0,core/src/main/java/org/apache/calcite/interpreter/ValuesNode.java,0,0,0.2999042400819033
1.15.0,core/src/main/java/org/apache/calcite/interpreter/WindowNode.java,0,0,0.09233068751792564
1.15.0,core/src/main/java/org/apache/calcite/jdbc/CalciteFactory.java,0,0,0.06155444019394199
1.15.0,core/src/main/java/org/apache/calcite/jdbc/CalciteJdbc41Factory.java,0,0,0.14930161649398943
1.15.0,core/src/main/java/org/apache/calcite/jdbc/CalcitePreparedStatement.java,0,0,0.021264364404080596
1.15.0,core/src/main/java/org/apache/calcite/jdbc/CalciteRootSchema.java,0,0,0.06460589423504799
1.15.0,core/src/main/java/org/apache/calcite/jdbc/Driver.java,0,0,0.03857992548305175
1.15.0,core/src/main/java/org/apache/calcite/jdbc/JavaRecordType.java,0,0,0.15942102447717416
1.15.0,core/src/main/java/org/apache/calcite/jdbc/MetadataSchema.java,0,0,0.03569197140241271
1.15.0,core/src/main/java/org/apache/calcite/jdbc/SqlTimeoutException.java,0,0,0.03451664131647291
1.15.0,core/src/main/java/org/apache/calcite/materialize/MaterializationActor.java,0,0,0.3306918567526261
1.15.0,core/src/main/java/org/apache/calcite/materialize/MaterializationKey.java,0,0,0.07551259598663565
1.15.0,core/src/main/java/org/apache/calcite/materialize/TileKey.java,0,0,0.3619185860535001
1.15.0,core/src/main/java/org/apache/calcite/model/JsonCustomSchema.java,0,0,0.03176083172098767
1.15.0,core/src/main/java/org/apache/calcite/model/JsonCustomTable.java,0,0,0.029205690107934598
1.15.0,core/src/main/java/org/apache/calcite/model/JsonFunction.java,0,0,0.040787848568872465
1.15.0,core/src/main/java/org/apache/calcite/model/JsonLattice.java,0,0,0.35171726997940683
1.15.0,core/src/main/java/org/apache/calcite/model/JsonMapSchema.java,0,0,0.18883169814404757
1.15.0,core/src/main/java/org/apache/calcite/model/JsonMaterialization.java,0,0,0.03385312101200689
1.15.0,core/src/main/java/org/apache/calcite/model/JsonMeasure.java,0,0,0.05213510450040146
1.15.0,core/src/main/java/org/apache/calcite/model/JsonRoot.java,0,0,0.029205690107934598
1.15.0,core/src/main/java/org/apache/calcite/model/JsonStream.java,0,0,0.09475404836634639
1.15.0,core/src/main/java/org/apache/calcite/model/JsonTable.java,0,0,0.029205690107934598
1.15.0,core/src/main/java/org/apache/calcite/model/JsonTile.java,0,0,0.05213510450040146
1.15.0,core/src/main/java/org/apache/calcite/model/JsonView.java,0,0,0.029236364133675235
1.15.0,core/src/main/java/org/apache/calcite/plan/CommonRelSubExprRule.java,0,0,0.08815517606508688
1.15.0,core/src/main/java/org/apache/calcite/plan/Contexts.java,0,0,0.20748849753213017
1.15.0,core/src/main/java/org/apache/calcite/plan/MulticastRelOptListener.java,0,0,0.08815517606508688
1.15.0,core/src/main/java/org/apache/calcite/plan/RelImplementor.java,0,0,0.08815517606508688
1.15.0,core/src/main/java/org/apache/calcite/plan/RelMultipleTrait.java,0,0,0.09601605357435311
1.15.0,core/src/main/java/org/apache/calcite/plan/RelOptConnection.java,0,0,0.08815517606508688
1.15.0,core/src/main/java/org/apache/calcite/plan/RelOptCost.java,0,0,0.008373589492827259
1.15.0,core/src/main/java/org/apache/calcite/plan/RelOptCostFactory.java,0,0,0.08815517606508688
1.15.0,core/src/main/java/org/apache/calcite/plan/RelOptCostImpl.java,0,0,7.700272246900497e-05
1.15.0,core/src/main/java/org/apache/calcite/plan/RelOptLattice.java,0,0,0.2892779942272274
1.15.0,core/src/main/java/org/apache/calcite/plan/RelOptListener.java,0,0,0.20048268183708398
1.15.0,core/src/main/java/org/apache/calcite/plan/RelOptNode.java,0,0,0.08815517606508688
1.15.0,core/src/main/java/org/apache/calcite/plan/RelOptQuery.java,0,0,0.09060259969649298
1.15.0,core/src/main/java/org/apache/calcite/plan/RelOptRule.java,0,0,0.2109715149648528
1.15.0,core/src/main/java/org/apache/calcite/plan/RelOptRuleOperand.java,0,0,0.24815701866814435
1.15.0,core/src/main/java/org/apache/calcite/plan/RelOptRuleOperandChildPolicy.java,0,0,0.055492653033033426
1.15.0,core/src/main/java/org/apache/calcite/plan/RelOptRuleOperandChildren.java,0,0,0.0731376699966197
1.15.0,core/src/main/java/org/apache/calcite/plan/RelOptSamplingParameters.java,0,0,0.06793134054837607
1.15.0,core/src/main/java/org/apache/calcite/plan/RelOptSchema.java,0,0,0.09992168815345234
1.15.0,core/src/main/java/org/apache/calcite/plan/RelOptSchemaWithSampling.java,0,0,0.12294775010743372
1.15.0,core/src/main/java/org/apache/calcite/plan/RelTrait.java,0,0,0.08815517606508688
1.15.0,core/src/main/java/org/apache/calcite/plan/RelTraitPropagationVisitor.java,0,0,0.2983730104415623
1.15.0,core/src/main/java/org/apache/calcite/plan/RelTraitSet.java,0,0,0.24890443078130245
1.15.0,core/src/main/java/org/apache/calcite/plan/TableAccessMap.java,0,0,0.19721347864654276
1.15.0,core/src/main/java/org/apache/calcite/prepare/QueryableRelBuilder.java,0,1,0.6217461820294022
1.15.0,core/src/main/java/org/apache/calcite/rel/InvalidRelException.java,0,0,0.07255864340356215
1.15.0,core/src/main/java/org/apache/calcite/rel/RelCollation.java,0,0,0.08815517606508688
1.15.0,core/src/main/java/org/apache/calcite/rel/RelCollationImpl.java,0,1,0.6503487958049129
1.15.0,core/src/main/java/org/apache/calcite/rel/RelCollations.java,0,0,0.09835055546417651
1.15.0,core/src/main/java/org/apache/calcite/rel/RelDistributionTraitDef.java,0,0,0.05442156385876276
1.15.0,core/src/main/java/org/apache/calcite/rel/RelInput.java,0,0,0.07292639843290602
1.15.0,core/src/main/java/org/apache/calcite/rel/RelNodes.java,0,0,0.4091125107957333
1.15.0,core/src/main/java/org/apache/calcite/rel/RelVisitor.java,0,0,0.007368206724873592
1.15.0,core/src/main/java/org/apache/calcite/rel/RelWriter.java,0,0,0.08815517606508688
1.15.0,core/src/main/java/org/apache/calcite/rel/SingleRel.java,0,0,0.17825171714261118
1.15.0,core/src/main/java/org/apache/calcite/rex/RexAction.java,0,0,0.12294775010743372
1.15.0,core/src/main/java/org/apache/calcite/rex/RexCopier.java,0,0,0.0846249404499413
1.15.0,core/src/main/java/org/apache/calcite/rex/RexCorrelVariable.java,0,0,0.0702372698598366
1.15.0,core/src/main/java/org/apache/calcite/rex/RexDynamicParam.java,0,0,0.06562686874845657
1.15.0,core/src/main/java/org/apache/calcite/rex/RexFieldAccess.java,0,0,0.38142084820026895
1.15.0,core/src/main/java/org/apache/calcite/rex/RexFieldCollation.java,0,1,0.6480506157509981
1.15.0,core/src/main/java/org/apache/calcite/rex/RexInputRef.java,0,0,0.23007864931581837
1.15.0,core/src/main/java/org/apache/calcite/rex/RexLocalRef.java,0,0,0.31352755417591455
1.15.0,core/src/main/java/org/apache/calcite/rex/RexMultisetUtil.java,0,0,0.315120588817316
1.15.0,core/src/main/java/org/apache/calcite/rex/RexNode.java,0,0,0.30987188202520005
1.15.0,core/src/main/java/org/apache/calcite/rex/RexPattern.java,0,0,0.08815517606508688
1.15.0,core/src/main/java/org/apache/calcite/rex/RexPermutationShuttle.java,0,0,0.08815517606508688
1.15.0,core/src/main/java/org/apache/calcite/rex/RexPermuteInputsShuttle.java,0,0,0.30321013683851034
1.15.0,core/src/main/java/org/apache/calcite/rex/RexRangeRef.java,0,0,0.0834656337051203
1.15.0,core/src/main/java/org/apache/calcite/rex/RexSlot.java,0,0,0.3847744562390485
1.15.0,core/src/main/java/org/apache/calcite/rex/RexSqlConvertlet.java,0,0,0.08815517606508688
1.15.0,core/src/main/java/org/apache/calcite/rex/RexSqlConvertletTable.java,0,0,0.08815517606508688
1.15.0,core/src/main/java/org/apache/calcite/rex/RexSqlReflectiveConvertletTable.java,0,0,0.09037473155800707
1.15.0,core/src/main/java/org/apache/calcite/rex/RexToSqlNodeConverter.java,0,0,0.08815517606508688
1.15.0,core/src/main/java/org/apache/calcite/rex/RexTransformer.java,0,0,0.35653422417177305
1.15.0,core/src/main/java/org/apache/calcite/rex/RexVariable.java,0,0,0.29378882105809756
1.15.0,core/src/main/java/org/apache/calcite/rex/RexWindow.java,0,1,0.5140270337535857
1.15.0,core/src/main/java/org/apache/calcite/runtime/AbstractImmutableList.java,0,0,0.4398347458956136
1.15.0,core/src/main/java/org/apache/calcite/runtime/ArrayBindable.java,0,0,0.09433988798035133
1.15.0,core/src/main/java/org/apache/calcite/runtime/ArrayComparator.java,0,0,0.058277886391044774
1.15.0,core/src/main/java/org/apache/calcite/runtime/ArrayEnumeratorCursor.java,0,0,0.03466107313553382
1.15.0,core/src/main/java/org/apache/calcite/runtime/BinarySearch.java,0,0,0.07501467023685832
1.15.0,core/src/main/java/org/apache/calcite/runtime/Bindable.java,0,0,0.03640237147483268
1.15.0,core/src/main/java/org/apache/calcite/runtime/CalciteContextException.java,0,0,0.1595292354015823
1.15.0,core/src/main/java/org/apache/calcite/runtime/CalciteException.java,0,0,0.055492653033033426
1.15.0,core/src/main/java/org/apache/calcite/runtime/Enumerables.java,0,0,0.16723909463585107
1.15.0,core/src/main/java/org/apache/calcite/runtime/EnumeratorCursor.java,0,0,0.07327094713462771
1.15.0,core/src/main/java/org/apache/calcite/runtime/Feature.java,0,0,0.055492653033033426
1.15.0,core/src/main/java/org/apache/calcite/runtime/ObjectEnumeratorCursor.java,0,0,0.02240786287713131
1.15.0,core/src/main/java/org/apache/calcite/runtime/RecordEnumeratorCursor.java,0,0,0.04438271490935419
1.15.0,core/src/main/java/org/apache/calcite/runtime/SortedMultiMap.java,0,0,0.00034605312099119317
1.15.0,core/src/main/java/org/apache/calcite/runtime/TrustAllSslSocketFactory.java,0,0,0.004921340117038352
1.15.0,core/src/main/java/org/apache/calcite/runtime/Typed.java,0,0,0.04438271490935419
1.15.0,core/src/main/java/org/apache/calcite/runtime/Unit.java,0,0,0.02650606918570262
1.15.0,core/src/main/java/org/apache/calcite/runtime/Utilities.java,0,0,0.04865896134873902
1.15.0,core/src/main/java/org/apache/calcite/schema/AggregateFunction.java,0,0,0.07081335554286167
1.15.0,core/src/main/java/org/apache/calcite/schema/FilterableTable.java,0,0,0.08643217347771026
1.15.0,core/src/main/java/org/apache/calcite/schema/Function.java,0,0,0.07010515207479207
1.15.0,core/src/main/java/org/apache/calcite/schema/FunctionParameter.java,0,0,0.021264364404080596
1.15.0,core/src/main/java/org/apache/calcite/schema/ImplementableAggFunction.java,0,0,0.07618652939349575
1.15.0,core/src/main/java/org/apache/calcite/schema/ImplementableFunction.java,0,0,0.07283161944986932
1.15.0,core/src/main/java/org/apache/calcite/schema/Member.java,0,0,0.03451664131647291
1.15.0,core/src/main/java/org/apache/calcite/schema/ModifiableView.java,0,0,0.1902028751288799
1.15.0,core/src/main/java/org/apache/calcite/schema/Path.java,0,0,0.08465536830032039
1.15.0,core/src/main/java/org/apache/calcite/schema/ProjectableFilterableTable.java,0,0,0.33307138666635444
1.15.0,core/src/main/java/org/apache/calcite/schema/QueryableTable.java,0,0,0.06460589423504799
1.15.0,core/src/main/java/org/apache/calcite/schema/ScalarFunction.java,0,0,0.06539449541097592
1.15.0,core/src/main/java/org/apache/calcite/schema/ScannableTable.java,0,0,0.08643217347771026
1.15.0,core/src/main/java/org/apache/calcite/schema/SchemaPlus.java,0,0,0.06460589423504799
1.15.0,core/src/main/java/org/apache/calcite/schema/SemiMutableSchema.java,0,0,0.054513922046794706
1.15.0,core/src/main/java/org/apache/calcite/schema/StreamableTable.java,0,0,0.09858021208831604
1.15.0,core/src/main/java/org/apache/calcite/schema/TableFunction.java,0,0,0.20540810533502163
1.15.0,core/src/main/java/org/apache/calcite/schema/TableMacro.java,0,0,0.08815517606508688
1.15.0,core/src/main/java/org/apache/calcite/server/CalciteServer.java,0,0,0.03451664131647291
1.15.0,core/src/main/java/org/apache/calcite/server/CalciteServerStatement.java,0,0,0.03451664131647291
1.15.0,core/src/main/java/org/apache/calcite/sql/ExplicitOperatorBinding.java,0,0,0.0850506730035014
1.15.0,core/src/main/java/org/apache/calcite/sql/JoinConditionType.java,0,0,0.055492653033033426
1.15.0,core/src/main/java/org/apache/calcite/sql/SqlAbstractStringLiteral.java,0,0,0.055492653033033426
1.15.0,core/src/main/java/org/apache/calcite/sql/SqlAccessEnum.java,0,0,0.055492653033033426
1.15.0,core/src/main/java/org/apache/calcite/sql/SqlAsOperator.java,0,0,0.33662034289536547
1.15.0,core/src/main/java/org/apache/calcite/sql/SqlDelete.java,0,0,0.17764012641206972
1.15.0,core/src/main/java/org/apache/calcite/sql/SqlDynamicParam.java,0,0,0.06815743331238108
1.15.0,core/src/main/java/org/apache/calcite/sql/SqlExplainLevel.java,0,0,0.055492653033033426
1.15.0,core/src/main/java/org/apache/calcite/sql/SqlFunctionalOperator.java,0,0,0.055492653033033426
1.15.0,core/src/main/java/org/apache/calcite/sql/SqlInfixOperator.java,0,0,0.2618947820237304
1.15.0,core/src/main/java/org/apache/calcite/sql/SqlInsertKeyword.java,0,0,0.055492653033033426
1.15.0,core/src/main/java/org/apache/calcite/sql/SqlInternalOperator.java,0,0,0.05541437192579492
1.15.0,core/src/main/java/org/apache/calcite/sql/SqlJoin.java,0,0,0.35182989183573066
1.15.0,core/src/main/java/org/apache/calcite/sql/SqlMerge.java,0,0,0.3374391195613372
1.15.0,core/src/main/java/org/apache/calcite/sql/SqlNullSemantics.java,0,0,0.08815517606508688
1.15.0,core/src/main/java/org/apache/calcite/sql/SqlOperandCountRange.java,0,0,0.08815517606508688
1.15.0,core/src/main/java/org/apache/calcite/sql/SqlOperatorTable.java,0,0,0.08815517606508688
1.15.0,core/src/main/java/org/apache/calcite/sql/SqlOrderBy.java,0,0,0.35904398111354446
1.15.0,core/src/main/java/org/apache/calcite/sql/SqlProcedureCallOperator.java,0,0,0.060758142036464576
1.15.0,core/src/main/java/org/apache/calcite/sql/SqlSelectKeyword.java,0,0,0.055492653033033426
1.15.0,core/src/main/java/org/apache/calcite/sql/SqlSelectOperator.java,0,0,0.24910190552728279
1.15.0,core/src/main/java/org/apache/calcite/sql/SqlSetOperator.java,0,0,0.0862721519566481
1.15.0,core/src/main/java/org/apache/calcite/sql/SqlUnnestOperator.java,0,1,0.6203461580971235
1.15.0,core/src/main/java/org/apache/calcite/sql/SqlUnresolvedFunction.java,0,0,0.06075323027579113
1.15.0,core/src/main/java/org/apache/calcite/sql/SqlUpdate.java,0,0,0.25261126918998567
1.15.0,core/src/main/java/org/apache/calcite/sql/SqlWith.java,0,0,0.22901314258342295
1.15.0,core/src/main/java/org/apache/calcite/sql/SqlWithItem.java,0,0,0.2677792012939213
1.15.0,core/src/main/java/org/apache/calcite/sql2rel/CorrelationReferenceFinder.java,0,0,0.4267717305563948
1.15.0,core/src/main/java/org/apache/calcite/sql2rel/DeduplicateCorrelateVariables.java,0,0,0.3129561298134563
1.15.0,core/src/main/java/org/apache/calcite/sql2rel/SqlNodeToRexConverter.java,0,0,0.08815517606508688
1.15.0,core/src/main/java/org/apache/calcite/sql2rel/SqlRexContext.java,0,0,0.08815517606508688
1.15.0,core/src/main/java/org/apache/calcite/sql2rel/SqlRexConvertlet.java,0,0,0.08815517606508688
1.15.0,core/src/main/java/org/apache/calcite/sql2rel/SqlRexConvertletTable.java,0,0,0.08815517606508688
1.15.0,core/src/main/java/org/apache/calcite/tools/RelBuilderFactory.java,0,0,0.11999147961333169
1.15.0,core/src/main/java/org/apache/calcite/tools/RelConversionException.java,0,0,0.08815517606508688
1.15.0,core/src/main/java/org/apache/calcite/tools/RelRunner.java,0,0,0.1170543571959668
1.15.0,core/src/main/java/org/apache/calcite/tools/RuleSet.java,0,0,0.06343957947446564
1.15.0,core/src/main/java/org/apache/calcite/tools/RuleSets.java,0,0,0.24013175039378717
1.15.0,core/src/main/java/org/apache/calcite/tools/ValidationException.java,0,0,0.07690628732546423
1.15.0,core/src/main/java/org/apache/calcite/util/BarfingInvocationHandler.java,0,0,0.049886989600744946
1.15.0,core/src/main/java/org/apache/calcite/util/Benchmark.java,0,0,0.1489681590781687
1.15.0,core/src/main/java/org/apache/calcite/util/BitSets.java,0,0,0.22707983212301278
1.15.0,core/src/main/java/org/apache/calcite/util/BitString.java,0,0,0.34428473185925296
1.15.0,core/src/main/java/org/apache/calcite/util/CalciteParserException.java,0,0,0.08815517606508688
1.15.0,core/src/main/java/org/apache/calcite/util/CalciteValidatorException.java,0,0,0.08815517606508688
1.15.0,core/src/main/java/org/apache/calcite/util/CastingList.java,0,0,0.07014141137903405
1.15.0,core/src/main/java/org/apache/calcite/util/ChunkList.java,0,0,0.23946021522211036
1.15.0,core/src/main/java/org/apache/calcite/util/ClosableAllocation.java,0,0,0.08815517606508688
1.15.0,core/src/main/java/org/apache/calcite/util/ClosableAllocationOwner.java,0,0,0.08815517606508688
1.15.0,core/src/main/java/org/apache/calcite/util/CompositeMap.java,0,0,0.4423147697898381
1.15.0,core/src/main/java/org/apache/calcite/util/CompoundClosableAllocation.java,0,0,0.08815517606508688
1.15.0,core/src/main/java/org/apache/calcite/util/ControlFlowException.java,0,0,0.055492653033033426
1.15.0,core/src/main/java/org/apache/calcite/util/DelegatingInvocationHandler.java,0,0,0.12294775010743372
1.15.0,core/src/main/java/org/apache/calcite/util/Filterator.java,0,0,0.377131083573667
1.15.0,core/src/main/java/org/apache/calcite/util/Glossary.java,0,0,0.00016065574817896922
1.15.0,core/src/main/java/org/apache/calcite/util/Holder.java,0,0,0.04468493146175873
1.15.0,core/src/main/java/org/apache/calcite/util/IntegerIntervalSet.java,0,0,0.23003164663311532
1.15.0,core/src/main/java/org/apache/calcite/util/IntList.java,0,0,0.031338026960540256
1.15.0,core/src/main/java/org/apache/calcite/util/Litmus.java,0,0,0.22172566292732165
1.15.0,core/src/main/java/org/apache/calcite/util/Permutation.java,0,0,0.0001344277884188659
1.15.0,core/src/main/java/org/apache/calcite/util/ReflectiveVisitDispatcher.java,0,0,0.08815517606508688
1.15.0,core/src/main/java/org/apache/calcite/util/ReflectiveVisitor.java,0,0,0.08815517606508688
1.15.0,core/src/main/java/org/apache/calcite/util/SerializableCharset.java,0,0,0.16210531255702051
1.15.0,core/src/main/java/org/apache/calcite/util/Stacks.java,0,0,0.064142014338162
1.15.0,core/src/main/java/org/apache/calcite/util/StackWriter.java,0,0,0.2061200609685072
1.15.0,core/src/main/java/org/apache/calcite/util/TryThreadLocal.java,0,0,0.3299745739475835
1.15.0,core/src/main/java/org/apache/calcite/util/UnmodifiableArrayList.java,0,0,0.045876780809801704
1.15.0,core/src/main/java/org/apache/calcite/adapter/clone/ColumnLoader.java,0,1,0.9797033634489669
1.15.0,core/src/main/java/org/apache/calcite/adapter/clone/ListTable.java,0,0,0.2227666629051475
1.15.0,core/src/main/java/org/apache/calcite/adapter/enumerable/AggAddContext.java,0,0,0.07618652939349575
1.15.0,core/src/main/java/org/apache/calcite/adapter/enumerable/AggImplementor.java,0,0,0.07081335554286167
1.15.0,core/src/main/java/org/apache/calcite/adapter/enumerable/AggImpState.java,0,0,0.2724784904427856
1.15.0,core/src/main/java/org/apache/calcite/adapter/enumerable/AggResetContext.java,0,0,0.20327101725479949
1.15.0,core/src/main/java/org/apache/calcite/adapter/enumerable/CallImplementor.java,0,0,0.07283161944986932
1.15.0,core/src/main/java/org/apache/calcite/adapter/enumerable/EnumerableAggregateRule.java,0,0,0.055492653033033426
1.15.0,core/src/main/java/org/apache/calcite/adapter/enumerable/EnumerableCollect.java,0,0,0.20442510041452944
1.15.0,core/src/main/java/org/apache/calcite/adapter/enumerable/EnumerableCollectRule.java,0,0,0.055492653033033426
1.15.0,core/src/main/java/org/apache/calcite/adapter/enumerable/EnumerableCorrelate.java,0,0,0.31215787777331666
1.15.0,core/src/main/java/org/apache/calcite/adapter/enumerable/EnumerableFilter.java,0,0,0.36239179980485164
1.15.0,core/src/main/java/org/apache/calcite/adapter/enumerable/EnumerableInterpretable.java,0,0,0.42739402509466434
1.15.0,core/src/main/java/org/apache/calcite/adapter/enumerable/EnumerableInterpreter.java,0,0,0.27154828104766277
1.15.0,core/src/main/java/org/apache/calcite/adapter/enumerable/EnumerableIntersectRule.java,0,0,0.23325432151467673
1.15.0,core/src/main/java/org/apache/calcite/adapter/enumerable/EnumerableJoin.java,0,1,0.5184947921105477
1.15.0,core/src/main/java/org/apache/calcite/adapter/enumerable/EnumerableJoinRule.java,0,0,0.26913123856173965
1.15.0,core/src/main/java/org/apache/calcite/adapter/enumerable/EnumerableLimitRule.java,0,0,0.312537848218043
1.15.0,core/src/main/java/org/apache/calcite/adapter/enumerable/EnumerableMergeJoinRule.java,0,0,0.36328664586763804
1.15.0,core/src/main/java/org/apache/calcite/adapter/enumerable/EnumerableMinusRule.java,0,0,0.23666081747487663
1.15.0,core/src/main/java/org/apache/calcite/adapter/enumerable/EnumerableProject.java,0,0,0.3403306159941613
1.15.0,core/src/main/java/org/apache/calcite/adapter/enumerable/EnumerableSemiJoin.java,0,0,0.2602196434007234
1.15.0,core/src/main/java/org/apache/calcite/adapter/enumerable/EnumerableSemiJoinRule.java,0,0,0.312537848218043
1.15.0,core/src/main/java/org/apache/calcite/adapter/enumerable/EnumerableSort.java,0,0,0.248081624304018
1.15.0,core/src/main/java/org/apache/calcite/adapter/enumerable/EnumerableSortRule.java,0,0,0.312537848218043
1.15.0,core/src/main/java/org/apache/calcite/adapter/enumerable/EnumerableThetaJoin.java,0,0,0.49978412273274253
1.15.0,core/src/main/java/org/apache/calcite/adapter/enumerable/EnumerableUncollect.java,0,0,0.3264610089453669
1.15.0,core/src/main/java/org/apache/calcite/adapter/enumerable/EnumerableUncollectRule.java,0,0,0.055492653033033426
1.15.0,core/src/main/java/org/apache/calcite/adapter/enumerable/EnumerableUnionRule.java,0,0,0.055492653033033426
1.15.0,core/src/main/java/org/apache/calcite/adapter/enumerable/EnumerableValues.java,0,0,0.3509811033906568
1.15.0,core/src/main/java/org/apache/calcite/adapter/enumerable/EnumerableWindowRule.java,0,0,0.055492653033033426
1.15.0,core/src/main/java/org/apache/calcite/adapter/enumerable/EnumUtils.java,0,1,0.6051717692852521
1.15.0,core/src/main/java/org/apache/calcite/adapter/enumerable/JavaRelImplementor.java,0,0,0.15942062601178117
1.15.0,core/src/main/java/org/apache/calcite/adapter/enumerable/NestedBlockBuilder.java,0,0,0.07618652939349575
1.15.0,core/src/main/java/org/apache/calcite/adapter/enumerable/NestedBlockBuilderImpl.java,0,0,0.25894347522106814
1.15.0,core/src/main/java/org/apache/calcite/adapter/enumerable/NotNullImplementor.java,0,0,0.07283161944986932
1.15.0,core/src/main/java/org/apache/calcite/adapter/enumerable/StrictAggImplementor.java,0,0,0.27840885207307203
1.15.0,core/src/main/java/org/apache/calcite/adapter/enumerable/StrictWinAggImplementor.java,0,0,0.0033372317564956304
1.15.0,core/src/main/java/org/apache/calcite/adapter/enumerable/WinAggAddContext.java,0,0,0.07618652939349575
1.15.0,core/src/main/java/org/apache/calcite/adapter/enumerable/WinAggContext.java,0,0,0.07656793114618392
1.15.0,core/src/main/java/org/apache/calcite/adapter/enumerable/WinAggFrameContext.java,0,0,0.07656793114618392
1.15.0,core/src/main/java/org/apache/calcite/adapter/enumerable/WinAggFrameResultContext.java,0,0,0.07656793114618392
1.15.0,core/src/main/java/org/apache/calcite/adapter/enumerable/WinAggImplementor.java,0,0,0.13662213517184357
1.15.0,core/src/main/java/org/apache/calcite/adapter/enumerable/WinAggResetContext.java,0,0,0.07618652939349575
1.15.0,core/src/main/java/org/apache/calcite/adapter/enumerable/WinAggResultContext.java,0,0,0.07618652939349575
1.15.0,core/src/main/java/org/apache/calcite/adapter/java/AbstractQueryableTable.java,0,0,0.03385312101200689
1.15.0,core/src/main/java/org/apache/calcite/adapter/java/Array.java,0,0,0.12102291118199188
1.15.0,core/src/main/java/org/apache/calcite/adapter/java/JavaTypeFactory.java,0,0,0.03455269477314267
1.15.0,core/src/main/java/org/apache/calcite/adapter/java/Map.java,0,0,0.12102291118199188
1.15.0,core/src/main/java/org/apache/calcite/adapter/jdbc/JdbcConvention.java,0,0,0.16931987299329515
1.15.0,core/src/main/java/org/apache/calcite/adapter/jdbc/JdbcQueryProvider.java,0,0,0.036783576582218605
1.15.0,core/src/main/java/org/apache/calcite/adapter/jdbc/JdbcRel.java,0,0,0.05163434431870674
1.15.0,core/src/main/java/org/apache/calcite/plan/hep/HepMatchOrder.java,0,0,0.055492653033033426
1.15.0,core/src/main/java/org/apache/calcite/plan/hep/HepProgram.java,0,0,0.41074410359481894
1.15.0,core/src/main/java/org/apache/calcite/plan/hep/HepProgramBuilder.java,0,0,0.05436171828878158
1.15.0,core/src/main/java/org/apache/calcite/plan/hep/HepRelMetadataProvider.java,0,0,0.1854102662027388
1.15.0,core/src/main/java/org/apache/calcite/plan/hep/HepRelVertex.java,0,0,0.09034769379981768
1.15.0,core/src/main/java/org/apache/calcite/plan/volcano/ChainedPhaseRuleMappingInitializer.java,0,0,0.08815517606508688
1.15.0,core/src/main/java/org/apache/calcite/plan/volcano/VolcanoCost.java,0,0,0.0002536529216978738
1.15.0,core/src/main/java/org/apache/calcite/plan/volcano/VolcanoPlannerPhase.java,0,0,0.055492653033033426
1.15.0,core/src/main/java/org/apache/calcite/plan/volcano/VolcanoPlannerPhaseRuleMappingInitializer.java,0,0,0.08815517606508688
1.15.0,core/src/main/java/org/apache/calcite/plan/volcano/VolcanoRelMetadataProvider.java,0,0,0.1988430291574321
1.15.0,core/src/main/java/org/apache/calcite/rel/convert/Converter.java,0,0,0.08815517606508688
1.15.0,core/src/main/java/org/apache/calcite/rel/convert/NoneConverter.java,0,0,0.08815517606508688
1.15.0,core/src/main/java/org/apache/calcite/rel/core/Collect.java,0,0,0.20225324243523646
1.15.0,core/src/main/java/org/apache/calcite/rel/core/CorrelationId.java,0,0,0.12740202555623165
1.15.0,core/src/main/java/org/apache/calcite/rel/core/EquiJoin.java,0,0,0.06055215903797351
1.15.0,core/src/main/java/org/apache/calcite/rel/core/Exchange.java,0,0,0.25487990502638563
1.15.0,core/src/main/java/org/apache/calcite/rel/core/Intersect.java,0,0,0.07938217880733747
1.15.0,core/src/main/java/org/apache/calcite/rel/core/JoinInfo.java,0,0,0.1729376520131816
1.15.0,core/src/main/java/org/apache/calcite/rel/core/Minus.java,0,0,0.07580562017252013
1.15.0,core/src/main/java/org/apache/calcite/rel/core/Sample.java,0,0,0.1302029311386672
1.15.0,core/src/main/java/org/apache/calcite/rel/core/SortExchange.java,0,0,0.09686408007334572
1.15.0,core/src/main/java/org/apache/calcite/rel/core/TableFunctionScan.java,0,0,0.18785691721793313
1.15.0,core/src/main/java/org/apache/calcite/rel/core/Uncollect.java,0,0,0.11580697334946538
1.15.0,core/src/main/java/org/apache/calcite/rel/logical/LogicalCalc.java,0,0,0.13774060025058896
1.15.0,core/src/main/java/org/apache/calcite/rel/logical/LogicalExchange.java,0,0,0.3162170331537468
1.15.0,core/src/main/java/org/apache/calcite/rel/logical/LogicalFilter.java,0,0,0.41357185599161167
1.15.0,core/src/main/java/org/apache/calcite/rel/logical/LogicalIntersect.java,0,0,0.05881048331149767
1.15.0,core/src/main/java/org/apache/calcite/rel/logical/LogicalJoin.java,0,0,0.1618333132399917
1.15.0,core/src/main/java/org/apache/calcite/rel/logical/LogicalMinus.java,0,0,0.18173045253975686
1.15.0,core/src/main/java/org/apache/calcite/rel/logical/LogicalSort.java,0,0,0.25288593823430755
1.15.0,core/src/main/java/org/apache/calcite/rel/logical/LogicalTableFunctionScan.java,0,0,0.18372064481195272
1.15.0,core/src/main/java/org/apache/calcite/rel/logical/LogicalUnion.java,0,0,0.18173045253975686
1.15.0,core/src/main/java/org/apache/calcite/rel/logical/LogicalValues.java,0,0,0.37127590583655984
1.15.0,core/src/main/java/org/apache/calcite/rel/metadata/CyclicMetadataException.java,0,0,0.061745123762437334
1.15.0,core/src/main/java/org/apache/calcite/rel/metadata/Metadata.java,0,0,0.08815517606508688
1.15.0,core/src/main/java/org/apache/calcite/rel/metadata/MetadataDef.java,0,0,0.42692151839823245
1.15.0,core/src/main/java/org/apache/calcite/rel/metadata/MetadataFactory.java,0,0,0.08815517606508688
1.15.0,core/src/main/java/org/apache/calcite/rel/metadata/MetadataHandler.java,0,0,0.13820104076188133
1.15.0,core/src/main/java/org/apache/calcite/rel/metadata/NullSentinel.java,0,0,0.39378133415226424
1.15.0,core/src/main/java/org/apache/calcite/rel/metadata/RelColumnMapping.java,0,0,0.06203137842425632
1.15.0,core/src/main/java/org/apache/calcite/rel/metadata/RelColumnOrigin.java,0,0,0.3171175821195002
1.15.0,core/src/main/java/org/apache/calcite/rel/metadata/RelMdColumnOrigins.java,0,0,0.20543426058914332
1.15.0,core/src/main/java/org/apache/calcite/rel/metadata/RelMdDistinctRowCount.java,0,0,0.008015129326486452
1.15.0,core/src/main/java/org/apache/calcite/rel/metadata/RelMdDistribution.java,0,0,0.06258595924323326
1.15.0,core/src/main/java/org/apache/calcite/rel/metadata/RelMdExplainVisibility.java,0,0,0.048230565415553005
1.15.0,core/src/main/java/org/apache/calcite/rel/metadata/RelMdMemory.java,0,0,0.02963267340062008
1.15.0,core/src/main/java/org/apache/calcite/rel/metadata/RelMdParallelism.java,0,0,0.013745483959824778
1.15.0,core/src/main/java/org/apache/calcite/rel/metadata/RelMdPercentageOriginalRows.java,0,0,0.2485847754648752
1.15.0,core/src/main/java/org/apache/calcite/rel/metadata/RelMdPopulationSize.java,0,0,0.07857362085865459
1.15.0,core/src/main/java/org/apache/calcite/rel/metadata/RelMdSelectivity.java,0,0,0.06176685279963312
1.15.0,core/src/main/java/org/apache/calcite/rel/metadata/RelMdUniqueKeys.java,0,0,0.19601191853290184
1.15.0,core/src/main/java/org/apache/calcite/rel/metadata/UnboundMetadata.java,0,0,0.13250698963710467
1.15.0,core/src/main/java/org/apache/calcite/rel/rules/EquiJoin.java,0,0,0.08815517606508688
1.15.0,core/src/main/java/org/apache/calcite/rel/rules/FilterCorrelateRule.java,0,0,0.3906194353342381
1.15.0,core/src/main/java/org/apache/calcite/rel/rules/FilterJoinRule.java,0,0,0.3304214059619125
1.15.0,core/src/main/java/org/apache/calcite/rel/rules/FilterMergeRule.java,0,0,0.0686843620539207
1.15.0,core/src/main/java/org/apache/calcite/rel/rules/FilterSetOpTransposeRule.java,0,0,0.35116007026676693
1.15.0,core/src/main/java/org/apache/calcite/rel/rules/JoinPushExpressionsRule.java,0,0,0.36626989301338864
1.15.0,core/src/main/java/org/apache/calcite/rel/rules/JoinPushTransitivePredicatesRule.java,0,1,0.8432983782921705
1.15.0,core/src/main/java/org/apache/calcite/rel/rules/LoptJoinTree.java,0,0,0.04003670074113456
1.15.0,core/src/main/java/org/apache/calcite/rel/rules/MultiJoin.java,0,0,0.3033246484219511
1.15.0,core/src/main/java/org/apache/calcite/rel/rules/ProjectMergeRule.java,0,0,0.19781997996795445
1.15.0,core/src/main/java/org/apache/calcite/rel/rules/SortUnionTransposeRule.java,0,1,0.5153098586791267
1.15.0,core/src/main/java/org/apache/calcite/rel/rules/UnionToDistinctRule.java,0,0,0.34585802389374004
1.15.0,core/src/main/java/org/apache/calcite/rel/stream/Chi.java,0,0,0.07928662260669375
1.15.0,core/src/main/java/org/apache/calcite/rel/stream/Delta.java,0,0,0.08356413105730603
1.15.0,core/src/main/java/org/apache/calcite/rel/stream/LogicalChi.java,0,0,0.09858021208831604
1.15.0,core/src/main/java/org/apache/calcite/rel/stream/LogicalDelta.java,0,0,0.060988166441523176
1.15.0,core/src/main/java/org/apache/calcite/rel/type/DynamicRecordType.java,0,0,0.09633696077089501
1.15.0,core/src/main/java/org/apache/calcite/rel/type/RelCrossType.java,0,0,0.4097533430910335
1.15.0,core/src/main/java/org/apache/calcite/rel/type/RelDataTypeComparability.java,0,0,0.055492653033033426
1.15.0,core/src/main/java/org/apache/calcite/rel/type/RelDataTypeFamily.java,0,0,0.08815517606508688
1.15.0,core/src/main/java/org/apache/calcite/rel/type/RelDataTypeFieldImpl.java,0,0,0.302415050167433
1.15.0,core/src/main/java/org/apache/calcite/rel/type/RelProtoDataType.java,0,0,0.08815517606508688
1.15.0,core/src/main/java/org/apache/calcite/schema/impl/AbstractTableQueryable.java,0,0,0.06601512196319982
1.15.0,core/src/main/java/org/apache/calcite/schema/impl/StarTable.java,0,0,0.19033206282142476
1.15.0,core/src/main/java/org/apache/calcite/sql/advise/SqlAdvisorGetHintsFunction.java,0,1,0.5428075070883939
1.15.0,core/src/main/java/org/apache/calcite/sql/advise/SqlAdvisorHint.java,0,0,0.46663373360349353
1.15.0,core/src/main/java/org/apache/calcite/sql/fun/SqlArgumentAssignmentOperator.java,0,0,0.1164934438443871
1.15.0,core/src/main/java/org/apache/calcite/sql/fun/SqlArrayQueryConstructor.java,0,0,0.055492653033033426
1.15.0,core/src/main/java/org/apache/calcite/sql/fun/SqlArrayValueConstructor.java,0,0,0.2400953434141945
1.15.0,core/src/main/java/org/apache/calcite/sql/fun/SqlCase.java,0,0,0.2983631556230188
1.15.0,core/src/main/java/org/apache/calcite/sql/fun/SqlCollectionTableOperator.java,0,0,0.08555763987509368
1.15.0,core/src/main/java/org/apache/calcite/sql/fun/SqlColumnListConstructor.java,0,0,0.07341869234024459
1.15.0,core/src/main/java/org/apache/calcite/sql/fun/SqlConvertFunction.java,0,0,0.23092522700061535
1.15.0,core/src/main/java/org/apache/calcite/sql/fun/SqlCovarAggFunction.java,0,0,0.4260256586909726
1.15.0,core/src/main/java/org/apache/calcite/sql/fun/SqlCurrentDateFunction.java,0,0,0.06279229993499022
1.15.0,core/src/main/java/org/apache/calcite/sql/fun/SqlCursorConstructor.java,0,0,0.20086796388942663
1.15.0,core/src/main/java/org/apache/calcite/sql/fun/SqlDefaultOperator.java,0,0,0.1164934438443871
1.15.0,core/src/main/java/org/apache/calcite/sql/fun/SqlExtendOperator.java,0,1,0.5442386527654072
1.15.0,core/src/main/java/org/apache/calcite/sql/fun/SqlLeadLagAggFunction.java,0,0,0.2514538492348534
1.15.0,core/src/main/java/org/apache/calcite/sql/fun/SqlMapQueryConstructor.java,0,0,0.055492653033033426
1.15.0,core/src/main/java/org/apache/calcite/sql/fun/SqlMapValueConstructor.java,0,0,0.3991545471597363
1.15.0,core/src/main/java/org/apache/calcite/sql/fun/SqlMonotonicUnaryFunction.java,0,0,0.08338761573644665
1.15.0,core/src/main/java/org/apache/calcite/sql/fun/SqlMultisetMemberOfOperator.java,0,0,0.3056083110098231
1.15.0,core/src/main/java/org/apache/calcite/sql/fun/SqlMultisetQueryConstructor.java,0,0,0.1224382702046369
1.15.0,core/src/main/java/org/apache/calcite/sql/fun/SqlMultisetSetOperator.java,0,0,0.12564992075637318
1.15.0,core/src/main/java/org/apache/calcite/sql/fun/SqlNewOperator.java,0,0,0.0653294335704973
1.15.0,core/src/main/java/org/apache/calcite/sql/fun/SqlNtileAggFunction.java,0,0,0.16448132163391077
1.15.0,core/src/main/java/org/apache/calcite/sql/fun/SqlOverlayFunction.java,0,1,0.571192946764283
1.15.0,core/src/main/java/org/apache/calcite/sql/fun/SqlRollupOperator.java,0,1,0.5388240042020487
1.15.0,core/src/main/java/org/apache/calcite/sql/fun/SqlSequenceValueOperator.java,0,0,0.35041564807515346
1.15.0,core/src/main/java/org/apache/calcite/sql/fun/SqlThrowOperator.java,0,0,0.05775405997766766
1.15.0,core/src/main/java/org/apache/calcite/sql/fun/SqlTranslate3Function.java,0,0,0.4158000463934108
1.15.0,core/src/main/java/org/apache/calcite/sql/fun/SqlTrimFunction.java,0,1,0.9310508610385257
1.15.0,core/src/main/java/org/apache/calcite/sql/parser/SqlParseException.java,0,0,0.35566649638640896
1.15.0,core/src/main/java/org/apache/calcite/sql/parser/SqlParserImplFactory.java,0,0,0.08815517606508688
1.15.0,core/src/main/java/org/apache/calcite/sql/pretty/SqlFormatOptions.java,0,0,0.03984091704277429
1.15.0,core/src/main/java/org/apache/calcite/sql/type/AbstractSqlType.java,0,0,0.30192804267960155
1.15.0,core/src/main/java/org/apache/calcite/sql/type/AssignableOperandTypeChecker.java,0,0,0.04835114651234265
1.15.0,core/src/main/java/org/apache/calcite/sql/type/ComparableOperandTypeChecker.java,0,0,0.28968207803179896
1.15.0,core/src/main/java/org/apache/calcite/sql/type/CompositeSingleOperandTypeChecker.java,0,0,0.3502098232777681
1.15.0,core/src/main/java/org/apache/calcite/sql/type/CursorReturnTypeInference.java,0,0,0.08815517606508688
1.15.0,core/src/main/java/org/apache/calcite/sql/type/ExplicitOperandTypeInference.java,0,0,0.3973025858172732
1.15.0,core/src/main/java/org/apache/calcite/sql/type/ExplicitReturnTypeInference.java,0,0,0.2488407360819582
1.15.0,core/src/main/java/org/apache/calcite/sql/type/FamilyOperandTypeChecker.java,0,0,0.312537848218043
1.15.0,core/src/main/java/org/apache/calcite/sql/type/InferTypes.java,0,0,0.06940774153123147
1.15.0,core/src/main/java/org/apache/calcite/sql/type/LiteralOperandTypeChecker.java,0,0,0.33857422147875293
1.15.0,core/src/main/java/org/apache/calcite/sql/type/MapSqlType.java,0,0,0.3196155283467937
1.15.0,core/src/main/java/org/apache/calcite/sql/type/MultisetOperandTypeChecker.java,0,0,0.22392260556398808
1.15.0,core/src/main/java/org/apache/calcite/sql/type/ObjectSqlType.java,0,0,0.07060571105557806
1.15.0,core/src/main/java/org/apache/calcite/sql/type/OperandsTypeChecking.java,0,0,9.857855165772267e-05
1.15.0,core/src/main/java/org/apache/calcite/sql/type/OrdinalReturnTypeInference.java,0,0,0.055492653033033426
1.15.0,core/src/main/java/org/apache/calcite/sql/type/SetopOperandTypeChecker.java,0,0,0.2998282887337582
1.15.0,core/src/main/java/org/apache/calcite/sql/type/SqlOperandCountRanges.java,0,0,0.11112301642250934
1.15.0,core/src/main/java/org/apache/calcite/sql/type/SqlOperandTypeChecker.java,0,0,0.055492653033033426
1.15.0,core/src/main/java/org/apache/calcite/sql/type/SqlOperandTypeInference.java,0,0,0.12294775010743372
1.15.0,core/src/main/java/org/apache/calcite/sql/type/SqlReturnTypeInference.java,0,0,0.08815517606508688
1.15.0,core/src/main/java/org/apache/calcite/sql/type/SqlReturnTypeInferenceChain.java,0,0,0.3985310277112864
1.15.0,core/src/main/java/org/apache/calcite/sql/type/SqlSingleOperandTypeChecker.java,0,0,0.19783547088098485
1.15.0,core/src/main/java/org/apache/calcite/sql/type/SqlTypeTransform.java,0,0,0.08815517606508688
1.15.0,core/src/main/java/org/apache/calcite/sql/type/SqlTypeTransformCascade.java,0,0,0.3683975360727511
1.15.0,core/src/main/java/org/apache/calcite/sql/type/SqlTypeTransforms.java,0,0,0.11779451878769767
1.15.0,core/src/main/java/org/apache/calcite/sql/type/TableFunctionReturnTypeInference.java,0,0,0.08815517606508688
1.15.0,core/src/main/java/org/apache/calcite/sql/util/ChainedSqlOperatorTable.java,0,0,0.11477275807645992
1.15.0,core/src/main/java/org/apache/calcite/sql/util/SqlBuilder.java,0,0,0.3923508117329499
1.15.0,core/src/main/java/org/apache/calcite/sql/util/SqlShuttle.java,0,0,0.3106359315060466
1.15.0,core/src/main/java/org/apache/calcite/sql/util/SqlString.java,0,0,0.21722007761372256
1.15.0,core/src/main/java/org/apache/calcite/sql/util/SqlVisitor.java,0,0,0.08815517606508688
1.15.0,core/src/main/java/org/apache/calcite/sql/validate/AggregatingScope.java,0,0,0.08815517606508688
1.15.0,core/src/main/java/org/apache/calcite/sql/validate/AliasNamespace.java,0,0,0.26977304246754513
1.15.0,core/src/main/java/org/apache/calcite/sql/validate/CollectNamespace.java,0,0,0.2873815507947917
1.15.0,core/src/main/java/org/apache/calcite/sql/validate/CollectScope.java,0,0,0.20418896602306386
1.15.0,core/src/main/java/org/apache/calcite/sql/validate/DelegatingSqlValidatorTable.java,0,0,0.08815517606508688
1.15.0,core/src/main/java/org/apache/calcite/sql/validate/FieldNamespace.java,0,0,0.2421577795575001
1.15.0,core/src/main/java/org/apache/calcite/sql/validate/JoinNamespace.java,0,0,0.3537563828274807
1.15.0,core/src/main/java/org/apache/calcite/sql/validate/OverScope.java,0,0,0.08815517606508688
1.15.0,core/src/main/java/org/apache/calcite/sql/validate/ParameterNamespace.java,0,0,0.1917979977791775
1.15.0,core/src/main/java/org/apache/calcite/sql/validate/ProcedureNamespace.java,0,0,0.35869785892558365
1.15.0,core/src/main/java/org/apache/calcite/sql/validate/SchemaNamespace.java,0,0,0.23866921662385931
1.15.0,core/src/main/java/org/apache/calcite/sql/validate/SelectNamespace.java,0,0,0.055492653033033426
1.15.0,core/src/main/java/org/apache/calcite/sql/validate/SelectScope.java,0,0,0.4732292765459313
1.15.0,core/src/main/java/org/apache/calcite/sql/validate/SqlModality.java,0,0,0.06231907654975764
1.15.0,core/src/main/java/org/apache/calcite/sql/validate/SqlMoniker.java,0,0,0.26575396588939326
1.15.0,core/src/main/java/org/apache/calcite/sql/validate/SqlMonikerImpl.java,0,0,0.2406906090525373
1.15.0,core/src/main/java/org/apache/calcite/sql/validate/SqlMonikerType.java,0,0,0.055492653033033426
1.15.0,core/src/main/java/org/apache/calcite/sql/validate/SqlMonotonicity.java,0,0,0.2593692825457329
1.15.0,core/src/main/java/org/apache/calcite/sql/validate/SqlScopedShuttle.java,0,0,0.055492653033033426
1.15.0,core/src/main/java/org/apache/calcite/sql/validate/SqlUserDefinedTableMacro.java,0,0,0.4920831234311379
1.15.0,core/src/main/java/org/apache/calcite/sql/validate/SqlValidatorException.java,0,0,0.05036502843722081
1.15.0,core/src/main/java/org/apache/calcite/sql/validate/SqlValidatorWithHints.java,0,0,0.08815517606508688
1.15.0,core/src/main/java/org/apache/calcite/sql/validate/TableConstructorNamespace.java,0,0,0.3303366292112819
1.15.0,core/src/main/java/org/apache/calcite/sql/validate/UnnestNamespace.java,0,0,0.31519461831646634
1.15.0,core/src/main/java/org/apache/calcite/sql/validate/WithItemNamespace.java,0,0,0.4135804747523719
1.15.0,core/src/main/java/org/apache/calcite/sql/validate/WithNamespace.java,0,0,0.312537848218043
1.15.0,core/src/main/java/org/apache/calcite/util/graph/BreadthFirstIterator.java,0,0,0.27187159860815036
1.15.0,core/src/main/java/org/apache/calcite/util/graph/CycleDetector.java,0,0,0.055492653033033426
1.15.0,core/src/main/java/org/apache/calcite/util/graph/DefaultDirectedGraph.java,0,1,0.8970930625438828
1.15.0,core/src/main/java/org/apache/calcite/util/graph/DefaultEdge.java,0,0,0.2995542093530449
1.15.0,core/src/main/java/org/apache/calcite/util/graph/DepthFirstIterator.java,0,0,0.24257578115254064
1.15.0,core/src/main/java/org/apache/calcite/util/graph/DirectedGraph.java,0,0,0.08815517606508688
1.15.0,core/src/main/java/org/apache/calcite/util/graph/TopologicalOrderIterator.java,0,0,0.4485532364798501
1.15.0,core/src/main/java/org/apache/calcite/util/javac/JavaCompiler.java,0,0,0.08815517606508688
1.15.0,core/src/main/java/org/apache/calcite/util/javac/JavaCompilerArgs.java,0,0,0.13158099009449603
1.15.0,core/src/main/java/org/apache/calcite/util/mapping/AbstractSourceMapping.java,0,0,0.010755780447623087
1.15.0,core/src/main/java/org/apache/calcite/util/mapping/AbstractTargetMapping.java,0,0,0.010260426269543113
1.15.0,core/src/main/java/org/apache/calcite/util/mapping/IntPair.java,0,0,0.09553610619898618
1.15.0,core/src/main/java/org/apache/calcite/util/mapping/Mapping.java,0,0,0.08815517606508688
1.15.0,core/src/main/java/org/apache/calcite/util/mapping/Mappings.java,0,0,0.21505871660639317
1.15.0,core/src/main/java/org/apache/calcite/util/mapping/MappingType.java,0,1,0.5030611719817889
1.15.0,core/src/main/java/org/apache/calcite/util/trace/CalciteLogger.java,0,0,0.0001795907110316951
1.15.0,core/src/main/java/org/apache/calcite/adapter/enumerable/impl/WinAggAddContextImpl.java,0,0,0.04797274922795725
1.15.0,core/src/main/java/org/apache/calcite/adapter/enumerable/impl/WinAggResetContextImpl.java,0,0,0.161943051763786
1.15.0,cassandra/src/main/java/org/apache/calcite/adapter/cassandra/CassandraFilter.java,0,0,0.4032108834122319
1.15.0,cassandra/src/main/java/org/apache/calcite/adapter/cassandra/CassandraMethod.java,0,0,0.1374301306342416
1.15.0,cassandra/src/main/java/org/apache/calcite/adapter/cassandra/CassandraProject.java,0,0,0.1374301306342416
1.15.0,cassandra/src/main/java/org/apache/calcite/adapter/cassandra/CassandraRel.java,0,0,0.3710661505329248
1.15.0,cassandra/src/main/java/org/apache/calcite/adapter/cassandra/CassandraTableScan.java,0,0,0.14103397121400954
1.15.0,cassandra/src/main/java/org/apache/calcite/adapter/cassandra/CassandraToEnumerableConverter.java,0,0,0.14131324407807086
1.15.0,druid/src/main/java/org/apache/calcite/adapter/druid/DruidConnection.java,0,0,0.14570690543437673
1.15.0,druid/src/main/java/org/apache/calcite/adapter/druid/DruidResultEnumerator.java,0,0,0.14570690543437673
1.15.0,mongodb/src/main/java/org/apache/calcite/adapter/mongodb/MongoAggregate.java,0,1,0.6251912443041928
1.15.0,mongodb/src/main/java/org/apache/calcite/adapter/mongodb/MongoEnumerator.java,0,0,0.3208823325690428
1.15.0,mongodb/src/main/java/org/apache/calcite/adapter/mongodb/MongoFilter.java,0,0,0.4083301130725809
1.15.0,mongodb/src/main/java/org/apache/calcite/adapter/mongodb/MongoMethod.java,0,0,0.08815517606508688
1.15.0,mongodb/src/main/java/org/apache/calcite/adapter/mongodb/MongoProject.java,0,0,0.08815517606508688
1.15.0,mongodb/src/main/java/org/apache/calcite/adapter/mongodb/MongoRel.java,0,0,0.11803248934233102
1.15.0,mongodb/src/main/java/org/apache/calcite/adapter/mongodb/MongoSchema.java,0,0,0.07712202407663472
1.15.0,mongodb/src/main/java/org/apache/calcite/adapter/mongodb/MongoSchemaFactory.java,0,0,0.07644486243996747
1.15.0,mongodb/src/main/java/org/apache/calcite/adapter/mongodb/MongoSort.java,0,0,0.31412780615764374
1.15.0,mongodb/src/main/java/org/apache/calcite/adapter/mongodb/MongoTableScan.java,0,0,0.09060259969649298
1.15.0,mongodb/src/main/java/org/apache/calcite/adapter/mongodb/MongoToEnumerableConverter.java,0,0,0.08557697608049931
1.15.0,plus/src/main/java/org/apache/calcite/adapter/tpcds/TpcdsSchemaFactory.java,0,0,0.201069264119895
1.15.0,plus/src/main/java/org/apache/calcite/adapter/tpch/TpchSchemaFactory.java,0,0,0.07644486243996747
1.15.0,spark/src/main/java/org/apache/calcite/adapter/spark/EnumerableToSparkConverter.java,0,0,0.3260085972318734
1.15.0,spark/src/main/java/org/apache/calcite/adapter/spark/HttpServer.java,0,0,0.007296104303593391
1.15.0,spark/src/main/java/org/apache/calcite/adapter/spark/JdbcToSparkConverter.java,0,0,0.0677998959093103
1.15.0,spark/src/main/java/org/apache/calcite/adapter/spark/SparkMethod.java,0,0,0.20986003923483862
1.15.0,spark/src/main/java/org/apache/calcite/adapter/spark/SparkRel.java,0,0,0.23011790702091442
1.15.0,spark/src/main/java/org/apache/calcite/adapter/spark/SparkToEnumerableConverter.java,0,0,0.1764281488943083
1.15.0,splunk/src/main/java/org/apache/calcite/adapter/splunk/SplunkDriver.java,0,0,0.09595046523826474
1.15.0,splunk/src/main/java/org/apache/calcite/adapter/splunk/SplunkDriverVersion.java,0,0,0.055492653033033426
1.15.0,splunk/src/main/java/org/apache/calcite/adapter/splunk/SplunkQuery.java,0,0,0.08815517606508688
1.15.0,splunk/src/main/java/org/apache/calcite/adapter/splunk/SplunkSchema.java,0,0,0.08815517606508688
1.15.0,splunk/src/main/java/org/apache/calcite/adapter/splunk/SplunkTableScan.java,0,0,0.30489755257064
1.15.0,splunk/src/main/java/org/apache/calcite/adapter/splunk/search/SearchResultListener.java,0,0,0.1260111746587299
1.15.0,splunk/src/main/java/org/apache/calcite/adapter/splunk/search/SplunkConnection.java,0,0,0.08815517606508688
1.15.0,splunk/src/main/java/org/apache/calcite/adapter/splunk/util/StringUtils.java,0,0,0.0027552434693150136
1.15.0,piglet/src/main/java/org/apache/calcite/piglet/Handler.java,0,1,0.6264811959554335
1.15.0,linq4j/src/main/java/org/apache/calcite/linq4j/AbstractEnumerable.java,0,0,0.055492653033033426
1.15.0,linq4j/src/main/java/org/apache/calcite/linq4j/AbstractEnumerable2.java,0,0,0.055492653033033426
1.15.0,linq4j/src/main/java/org/apache/calcite/linq4j/AbstractQueryable.java,0,0,0.00040827679859344377
1.15.0,linq4j/src/main/java/org/apache/calcite/linq4j/BaseQueryable.java,0,0,0.0005323407018195298
1.15.0,linq4j/src/main/java/org/apache/calcite/linq4j/CartesianProductEnumerator.java,0,0,0.07576727353025413
1.15.0,linq4j/src/main/java/org/apache/calcite/linq4j/CorrelateJoinType.java,0,0,0.05715933960904023
1.15.0,linq4j/src/main/java/org/apache/calcite/linq4j/DefaultQueryable.java,0,0,0.09191828215384175
1.15.0,linq4j/src/main/java/org/apache/calcite/linq4j/DelegatingEnumerator.java,0,0,0.1170543571959668
1.15.0,linq4j/src/main/java/org/apache/calcite/linq4j/Enumerable.java,0,0,0.08815517606508688
1.15.0,linq4j/src/main/java/org/apache/calcite/linq4j/EnumerableOrderedQueryable.java,0,0,0.08815517606508688
1.15.0,linq4j/src/main/java/org/apache/calcite/linq4j/EnumerableQueryable.java,0,0,0.08729117981306438
1.15.0,linq4j/src/main/java/org/apache/calcite/linq4j/Enumerator.java,0,0,0.27440604191810913
1.15.0,linq4j/src/main/java/org/apache/calcite/linq4j/ExtendedOrderedEnumerable.java,0,0,0.08815517606508688
1.15.0,linq4j/src/main/java/org/apache/calcite/linq4j/ExtendedOrderedQueryable.java,0,0,0.08815517606508688
1.15.0,linq4j/src/main/java/org/apache/calcite/linq4j/ExtendedQueryable.java,0,0,0.0003832941216957667
1.15.0,linq4j/src/main/java/org/apache/calcite/linq4j/Extensions.java,0,0,0.1255645606859485
1.15.0,linq4j/src/main/java/org/apache/calcite/linq4j/Grouping.java,0,0,0.08815517606508688
1.15.0,linq4j/src/main/java/org/apache/calcite/linq4j/GroupingImpl.java,0,0,0.10156964404972468
1.15.0,linq4j/src/main/java/org/apache/calcite/linq4j/Lookup.java,0,0,0.08815517606508688
1.15.0,linq4j/src/main/java/org/apache/calcite/linq4j/LookupImpl.java,0,0,0.16788266835873109
1.15.0,linq4j/src/main/java/org/apache/calcite/linq4j/OpType.java,0,0,0.08815517606508688
1.15.0,linq4j/src/main/java/org/apache/calcite/linq4j/OrderedEnumerable.java,0,0,0.08815517606508688
1.15.0,linq4j/src/main/java/org/apache/calcite/linq4j/OrderedQueryable.java,0,0,0.08815517606508688
1.15.0,linq4j/src/main/java/org/apache/calcite/linq4j/PackageMarker.java,0,0,0.09296315666381974
1.15.0,linq4j/src/main/java/org/apache/calcite/linq4j/Queryable.java,0,0,0.08815517606508688
1.15.0,linq4j/src/main/java/org/apache/calcite/linq4j/QueryableFactory.java,0,0,0.08815517606508688
1.15.0,linq4j/src/main/java/org/apache/calcite/linq4j/QueryableRecorder.java,0,0,0.09507156363754635
1.15.0,linq4j/src/main/java/org/apache/calcite/linq4j/QueryProvider.java,0,0,0.08815517606508688
1.15.0,linq4j/src/main/java/org/apache/calcite/linq4j/RawEnumerable.java,0,0,0.08815517606508688
1.15.0,linq4j/src/main/java/org/apache/calcite/linq4j/RawQueryable.java,0,0,0.08815517606508688
1.15.0,linq4j/src/main/java/org/apache/calcite/linq4j/TransformedEnumerator.java,0,0,0.07731673063985982
1.15.0,linq4j/src/main/java/org/apache/calcite/linq4j/function/BigDecimalFunction1.java,0,0,0.00024080242345656991
1.15.0,linq4j/src/main/java/org/apache/calcite/linq4j/function/Deterministic.java,0,0,0.19697421371595525
1.15.0,linq4j/src/main/java/org/apache/calcite/linq4j/function/DoubleFunction1.java,0,0,0.0003832941216957667
1.15.0,linq4j/src/main/java/org/apache/calcite/linq4j/function/EqualityComparer.java,0,0,0.08815517606508688
1.15.0,linq4j/src/main/java/org/apache/calcite/linq4j/function/FloatFunction1.java,0,0,0.0003832941216957667
1.15.0,linq4j/src/main/java/org/apache/calcite/linq4j/function/Function.java,0,0,0.07618652939349575
1.15.0,linq4j/src/main/java/org/apache/calcite/linq4j/function/Function0.java,0,0,0.08815517606508688
1.15.0,linq4j/src/main/java/org/apache/calcite/linq4j/function/Function1.java,0,0,0.00023297039265787186
1.15.0,linq4j/src/main/java/org/apache/calcite/linq4j/function/Function2.java,0,0,1.5771653697275634e-06
1.15.0,linq4j/src/main/java/org/apache/calcite/linq4j/function/IntegerFunction1.java,0,0,0.0003832941216957667
1.15.0,linq4j/src/main/java/org/apache/calcite/linq4j/function/LongFunction1.java,0,0,0.0003832941216957667
1.15.0,linq4j/src/main/java/org/apache/calcite/linq4j/function/NonDeterministic.java,0,0,0.08815517606508688
1.15.0,linq4j/src/main/java/org/apache/calcite/linq4j/function/NullableBigDecimalFunction1.java,0,0,0.0003832941216957667
1.15.0,linq4j/src/main/java/org/apache/calcite/linq4j/function/NullableDoubleFunction1.java,0,0,0.0003832941216957667
1.15.0,linq4j/src/main/java/org/apache/calcite/linq4j/function/NullableFloatFunction1.java,0,0,0.0003832941216957667
1.15.0,linq4j/src/main/java/org/apache/calcite/linq4j/function/NullableIntegerFunction1.java,0,0,0.0003832941216957667
1.15.0,linq4j/src/main/java/org/apache/calcite/linq4j/function/NullableLongFunction1.java,0,0,0.0003832941216957667
1.15.0,linq4j/src/main/java/org/apache/calcite/linq4j/function/Parameter.java,0,0,0.12392817563777207
1.15.0,linq4j/src/main/java/org/apache/calcite/linq4j/function/Predicate1.java,0,0,0.00023297039265787186
1.15.0,linq4j/src/main/java/org/apache/calcite/linq4j/function/Predicate2.java,0,0,1.0516346915908152e-06
1.15.0,linq4j/src/main/java/org/apache/calcite/linq4j/tree/AbstractNode.java,0,0,0.1826850797076241
1.15.0,linq4j/src/main/java/org/apache/calcite/linq4j/tree/ArrayLengthRecordField.java,0,0,0.14294719260852382
1.15.0,linq4j/src/main/java/org/apache/calcite/linq4j/tree/Blocks.java,0,0,0.12953310965268305
1.15.0,linq4j/src/main/java/org/apache/calcite/linq4j/tree/CallSiteBinder.java,0,0,0.08815517606508688
1.15.0,linq4j/src/main/java/org/apache/calcite/linq4j/tree/CatchBlock.java,0,0,0.13038684871066497
1.15.0,linq4j/src/main/java/org/apache/calcite/linq4j/tree/ConstantUntypedNull.java,0,0,0.4255670834044217
1.15.0,linq4j/src/main/java/org/apache/calcite/linq4j/tree/ElementInit.java,0,0,0.08815517606508688
1.15.0,linq4j/src/main/java/org/apache/calcite/linq4j/tree/Evaluator.java,0,0,0.08423329534552952
1.15.0,linq4j/src/main/java/org/apache/calcite/linq4j/tree/Expression.java,0,0,0.3401708353584743
1.15.0,linq4j/src/main/java/org/apache/calcite/linq4j/tree/ExpressionVisitor.java,0,0,0.08815517606508688
1.15.0,linq4j/src/main/java/org/apache/calcite/linq4j/tree/ExpressionWriter.java,0,0,0.3627389661653234
1.15.0,linq4j/src/main/java/org/apache/calcite/linq4j/tree/GotoExpressionKind.java,0,0,0.055492653033033426
1.15.0,linq4j/src/main/java/org/apache/calcite/linq4j/tree/LabelTarget.java,0,0,0.08815517606508688
1.15.0,linq4j/src/main/java/org/apache/calcite/linq4j/tree/MemberAssignment.java,0,0,0.06343957947446564
1.15.0,linq4j/src/main/java/org/apache/calcite/linq4j/tree/MemberBinding.java,0,0,0.08815517606508688
1.15.0,linq4j/src/main/java/org/apache/calcite/linq4j/tree/MemberDeclaration.java,0,0,0.055492653033033426
1.15.0,linq4j/src/main/java/org/apache/calcite/linq4j/tree/MemberListBinding.java,0,0,0.08815517606508688
1.15.0,linq4j/src/main/java/org/apache/calcite/linq4j/tree/MemberMemberBinding.java,0,0,0.06343957947446564
1.15.0,linq4j/src/main/java/org/apache/calcite/linq4j/tree/Primitive.java,0,0,0.2881359228457711
1.15.0,linq4j/src/main/java/org/apache/calcite/linq4j/tree/PseudoField.java,0,0,0.08815517606508688
1.15.0,linq4j/src/main/java/org/apache/calcite/linq4j/tree/ReflectedPseudoField.java,0,0,0.2621451381422635
1.15.0,linq4j/src/main/java/org/apache/calcite/linq4j/tree/Statement.java,0,0,0.3177709722689225
1.15.0,linq4j/src/main/java/org/apache/calcite/linq4j/tree/SwitchCase.java,0,0,0.05725182960784865
1.15.0,ubenchmark/src/main/java/org/apache/calcite/benchmarks/FlightRecorderProfiler.java,0,0,0.08029654648866515
1.15.0,ubenchmark/src/main/java/org/apache/calcite/benchmarks/ParserBenchmark.java,0,0,0.00046427595334692706
1.15.0,ubenchmark/src/main/java/org/apache/calcite/benchmarks/PreconditionTest.java,0,0,0.26442088630076893
1.15.0,core/src/main/java/org/apache/calcite/sql/SqlGroupedWindowFunction.java,0,1,0.5494708054052694
1.15.0,core/src/main/java/org/apache/calcite/rex/RexSimplify.java,1,1,0.9998757734567981
1.15.0,core/src/main/java/org/apache/calcite/runtime/Like.java,0,0,0.396760368261269
1.15.0,core/src/main/java/org/apache/calcite/rex/RexCallBinding.java,0,1,0.8757853249210393
1.15.0,core/src/main/java/org/apache/calcite/sql/SqlBinaryOperator.java,0,1,0.7256862881374081
1.15.0,core/src/main/java/org/apache/calcite/sql/SqlCallBinding.java,0,1,0.6463197108023411
1.15.0,core/src/main/java/org/apache/calcite/sql/SqlLiteral.java,0,1,0.831565347217244
1.15.0,core/src/main/java/org/apache/calcite/sql/SqlOperatorBinding.java,0,0,0.21728170332850252
1.15.0,core/src/main/java/org/apache/calcite/sql/fun/SqlAbstractTimeFunction.java,0,1,0.5545113799769541
1.15.0,core/src/main/java/org/apache/calcite/sql/fun/SqlExtractFunction.java,0,1,0.7999579078535984
1.15.0,core/src/main/java/org/apache/calcite/sql/fun/SqlMonotonicBinaryOperator.java,0,1,0.6372141311183154
1.15.0,core/src/main/java/org/apache/calcite/sql/fun/SqlSubstringFunction.java,0,1,0.5930970554892977
1.15.0,core/src/main/java/org/apache/calcite/sql/fun/SqlTimestampAddFunction.java,0,1,0.5474713714569505
1.15.0,core/src/main/java/org/apache/calcite/materialize/CachingLatticeStatisticProvider.java,0,1,0.7499648396634533
1.15.0,core/src/main/java/org/apache/calcite/materialize/DelegatingLatticeStatisticProvider.java,0,0,0.28070998833885974
1.15.0,core/src/main/java/org/apache/calcite/materialize/Lattice.java,0,1,0.739622419664085
1.15.0,core/src/main/java/org/apache/calcite/materialize/Lattices.java,0,0,0.10687725496036146
1.15.0,core/src/main/java/org/apache/calcite/materialize/LatticeStatisticProvider.java,0,0,0.26813081391986343
1.15.0,core/src/main/java/org/apache/calcite/materialize/ProfilerLatticeStatisticProvider.java,0,1,0.609291051069873
1.15.0,core/src/main/java/org/apache/calcite/materialize/SqlLatticeStatisticProvider.java,0,1,0.5602725929876008
1.15.0,core/src/main/java/org/apache/calcite/profile/Profiler.java,0,1,0.9478092052181366
1.15.0,core/src/main/java/org/apache/calcite/profile/ProfilerImpl.java,0,1,0.9998565858674506
1.15.0,core/src/main/java/org/apache/calcite/profile/SimpleProfiler.java,0,1,0.9067357786196613
1.15.0,core/src/main/java/org/apache/calcite/util/PartiallyOrderedSet.java,0,1,0.8876475524488461
1.15.0,core/src/main/java/org/apache/calcite/runtime/SocketFactoryImpl.java,0,0,0.18007203281792386
1.15.0,core/src/main/java/org/apache/calcite/schema/SchemaFactory.java,0,0,0.22010471114527716
1.15.0,core/src/main/java/org/apache/calcite/schema/TableFactory.java,0,0,0.22438725770561357
1.15.0,core/src/main/java/org/apache/calcite/util/NumberUtil.java,0,0,0.17996282169268066
1.15.0,core/src/main/java/org/apache/calcite/adapter/clone/CloneSchema.java,0,1,0.5677869703434634
1.15.0,core/src/main/java/org/apache/calcite/rel/externalize/RelXmlWriter.java,0,0,0.12384523793805988
1.15.0,core/src/main/java/org/apache/calcite/rel/rules/JoinPushThroughJoinRule.java,0,1,0.5249385263202583
1.15.0,core/src/main/java/org/apache/calcite/sql/type/CompositeOperandTypeChecker.java,1,1,0.5135641123777769
1.15.0,pig/src/main/java/org/apache/calcite/adapter/pig/PigAggregate.java,0,1,0.5165742531114542
1.15.0,piglet/src/main/java/org/apache/calcite/piglet/Ast.java,1,1,0.9999139583545598
1.15.0,core/src/main/java/org/apache/calcite/sql/type/SqlTypeUtil.java,0,1,0.8634860688469367
1.15.0,core/src/main/java/org/apache/calcite/sql/SqlLateralOperator.java,0,0,0.49672780558886587
1.15.0,core/src/main/java/org/apache/calcite/sql/SqlSpecialOperator.java,0,0,0.052423738038039965
1.15.0,core/src/main/java/org/apache/calcite/util/PrecedenceClimbingParser.java,0,0,0.0002812235555283297
1.15.0,core/src/main/java/org/apache/calcite/sql/fun/SqlBetweenOperator.java,0,0,0.2726935185177014
1.15.0,core/src/main/java/org/apache/calcite/prepare/CalciteCatalogReader.java,1,0,0.3937751757307873
1.15.0,core/src/main/java/org/apache/calcite/adapter/enumerable/NullPolicy.java,0,0,0.14433931836985375
1.15.0,core/src/main/java/org/apache/calcite/schema/impl/ScalarFunctionImpl.java,0,1,0.7977792363540946
1.15.0,core/src/main/java/org/apache/calcite/sql/type/SqlTypeExplicitPrecedenceList.java,1,1,0.8138131073162275
1.15.0,linq4j/src/main/java/org/apache/calcite/linq4j/function/SemiStrict.java,0,0,0.1820499107904084
1.15.0,linq4j/src/main/java/org/apache/calcite/linq4j/function/Strict.java,0,0,0.16959880907890926
1.15.0,core/src/main/java/org/apache/calcite/schema/impl/ViewTableMacro.java,0,1,0.555452827707865
1.15.0,core/src/main/java/org/apache/calcite/sql/validate/CyclicDefinitionException.java,0,0,0.13883990759554643
1.15.0,core/src/main/java/org/apache/calcite/rel/metadata/RelMetadataQuery.java,0,1,0.6544362974622415
1.15.0,core/src/main/java/org/apache/calcite/rel/rules/DateRangeRules.java,1,1,0.9994862340876856
1.15.0,core/src/main/java/org/apache/calcite/adapter/enumerable/EnumerableTableFunctionScan.java,0,1,0.5792268890187914
1.15.0,druid/src/main/java/org/apache/calcite/adapter/druid/DruidConnectionImpl.java,0,1,0.9998310734124707
1.15.0,druid/src/main/java/org/apache/calcite/adapter/druid/DruidDateTimeUtils.java,0,0,0.49859231630868006
1.15.0,druid/src/main/java/org/apache/calcite/adapter/druid/DruidQuery.java,1,1,0.9872925226292562
1.15.0,druid/src/main/java/org/apache/calcite/adapter/druid/DruidTable.java,0,1,0.9398874024616748
1.15.0,druid/src/main/java/org/apache/calcite/adapter/druid/DruidTableFactory.java,0,0,0.47236757812002994
1.15.0,cassandra/src/main/java/org/apache/calcite/adapter/cassandra/CassandraSchemaFactory.java,0,0,0.12003591755096726
1.15.0,core/src/main/java/org/apache/calcite/sql/fun/SqlDatePartFunction.java,0,0,0.09119019527362357
1.15.0,core/src/main/java/org/apache/calcite/plan/RelOptPredicateList.java,0,0,0.1823833429906931
1.15.0,core/src/main/java/org/apache/calcite/schema/impl/AggregateFunctionImpl.java,0,0,0.21134580406332282
1.15.0,linq4j/src/main/java/org/apache/calcite/linq4j/tree/BinaryExpression.java,0,0,0.24801012109162868
1.15.0,linq4j/src/main/java/org/apache/calcite/linq4j/tree/BlockStatement.java,0,0,0.27866974918053405
1.15.0,linq4j/src/main/java/org/apache/calcite/linq4j/tree/ClassDeclaration.java,0,0,0.37618347891447174
1.15.0,linq4j/src/main/java/org/apache/calcite/linq4j/tree/ConditionalExpression.java,0,0,0.09060259969649298
1.15.0,linq4j/src/main/java/org/apache/calcite/linq4j/tree/ConditionalStatement.java,0,0,0.24733122227656754
1.15.0,linq4j/src/main/java/org/apache/calcite/linq4j/tree/ConstructorDeclaration.java,0,0,0.11366267551083496
1.15.0,linq4j/src/main/java/org/apache/calcite/linq4j/tree/DeclarationStatement.java,0,0,0.2768555992919062
1.15.0,linq4j/src/main/java/org/apache/calcite/linq4j/tree/DefaultExpression.java,0,0,0.08815517606508688
1.15.0,linq4j/src/main/java/org/apache/calcite/linq4j/tree/DynamicExpression.java,0,0,0.08815517606508688
1.15.0,linq4j/src/main/java/org/apache/calcite/linq4j/tree/FieldDeclaration.java,0,0,0.2634768940159798
1.15.0,linq4j/src/main/java/org/apache/calcite/linq4j/tree/ForStatement.java,0,0,0.14559312359380427
1.15.0,linq4j/src/main/java/org/apache/calcite/linq4j/tree/GotoStatement.java,0,0,0.475585111157421
1.15.0,linq4j/src/main/java/org/apache/calcite/linq4j/tree/IndexExpression.java,0,0,0.37570770796353176
1.15.0,linq4j/src/main/java/org/apache/calcite/linq4j/tree/InvocationExpression.java,0,0,0.08815517606508688
1.15.0,linq4j/src/main/java/org/apache/calcite/linq4j/tree/LabelStatement.java,0,0,0.08815517606508688
1.15.0,linq4j/src/main/java/org/apache/calcite/linq4j/tree/LambdaExpression.java,0,0,0.09512546938612235
1.15.0,linq4j/src/main/java/org/apache/calcite/linq4j/tree/ListInitExpression.java,0,0,0.08815517606508688
1.15.0,linq4j/src/main/java/org/apache/calcite/linq4j/tree/MemberExpression.java,0,0,0.35421446851497346
1.15.0,linq4j/src/main/java/org/apache/calcite/linq4j/tree/MemberInitExpression.java,0,0,0.08815517606508688
1.15.0,linq4j/src/main/java/org/apache/calcite/linq4j/tree/MethodCallExpression.java,0,0,0.37101294532180396
1.15.0,linq4j/src/main/java/org/apache/calcite/linq4j/tree/MethodDeclaration.java,0,0,0.37066231260685556
1.15.0,linq4j/src/main/java/org/apache/calcite/linq4j/tree/NewArrayExpression.java,0,0,0.15754435526175542
1.15.0,linq4j/src/main/java/org/apache/calcite/linq4j/tree/NewExpression.java,0,0,0.19872733721018648
1.15.0,linq4j/src/main/java/org/apache/calcite/linq4j/tree/Node.java,0,0,0.07074179705088063
1.15.0,linq4j/src/main/java/org/apache/calcite/linq4j/tree/ParameterExpression.java,0,0,0.327482875646958
1.15.0,linq4j/src/main/java/org/apache/calcite/linq4j/tree/Shuttle.java,0,0,0.36457120079206
1.15.0,linq4j/src/main/java/org/apache/calcite/linq4j/tree/SwitchStatement.java,0,0,0.08815517606508688
1.15.0,linq4j/src/main/java/org/apache/calcite/linq4j/tree/TernaryExpression.java,0,0,0.28144291151808143
1.15.0,linq4j/src/main/java/org/apache/calcite/linq4j/tree/ThrowStatement.java,0,0,0.12368195243087902
1.15.0,linq4j/src/main/java/org/apache/calcite/linq4j/tree/TryStatement.java,0,0,0.13738564625496597
1.15.0,linq4j/src/main/java/org/apache/calcite/linq4j/tree/TypeBinaryExpression.java,0,0,0.30449583443518796
1.15.0,linq4j/src/main/java/org/apache/calcite/linq4j/tree/UnaryExpression.java,0,1,0.6714005127750963
1.15.0,linq4j/src/main/java/org/apache/calcite/linq4j/tree/Visitor.java,0,0,0.08815517606508688
1.15.0,linq4j/src/main/java/org/apache/calcite/linq4j/tree/VisitorImpl.java,0,0,2.4929241105027164e-08
1.15.0,linq4j/src/main/java/org/apache/calcite/linq4j/tree/WhileStatement.java,0,0,0.11089356659931525
1.15.0,core/src/main/java/org/apache/calcite/rel/core/Sort.java,0,1,0.5874317547805563
1.15.0,core/src/main/java/org/apache/calcite/tools/FrameworkConfig.java,0,0,0.24667477360168427
1.15.0,core/src/main/java/org/apache/calcite/rex/RexExecutable.java,0,0,0.2818113670745931
1.15.0,core/src/main/java/org/apache/calcite/config/CalciteConnectionConfig.java,0,0,0.06919427786102343
1.15.0,core/src/main/java/org/apache/calcite/config/CalciteConnectionConfigImpl.java,0,0,0.2095242799550483
1.15.0,core/src/main/java/org/apache/calcite/sql/type/ExtraSqlTypes.java,0,0,0.00023644953720164765
1.15.0,core/src/main/java/org/apache/calcite/sql/type/JavaToSqlTypeConversionRules.java,0,0,0.1773395345390617
1.15.0,core/src/main/java/org/apache/calcite/sql/validate/SqlAbstractConformance.java,0,0,0.17887475103074638
1.15.0,core/src/main/java/org/apache/calcite/sql/validate/SqlConformance.java,0,0,0.4375746482183529
1.15.0,core/src/main/java/org/apache/calcite/sql/validate/SqlConformanceEnum.java,0,1,0.9142610959930627
1.15.0,core/src/main/java/org/apache/calcite/sql/parser/SqlParser.java,0,0,4.058287681323075e-09
1.15.0,core/src/main/java/org/apache/calcite/sql/SqlAlter.java,0,1,0.5009936757104559
1.15.0,core/src/main/java/org/apache/calcite/sql/SqlSetOption.java,0,0,0.20230978007682815
1.15.0,core/src/main/java/org/apache/calcite/util/Bug.java,0,0,0.01152946751532295
1.15.0,core/src/main/java/org/apache/calcite/adapter/enumerable/EnumerableTableScan.java,0,1,0.6695796959685245
1.15.0,core/src/main/java/org/apache/calcite/adapter/enumerable/JavaRowFormat.java,0,0,0.3726537701110434
1.15.0,core/src/main/java/org/apache/calcite/adapter/enumerable/PhysTypeImpl.java,0,1,0.986701442104817
1.15.0,core/src/main/java/org/apache/calcite/sql/validate/TableNamespace.java,0,1,0.6043258630250334
1.15.0,core/src/main/java/org/apache/calcite/jdbc/JavaTypeFactoryImpl.java,0,1,0.8532735522681134
1.15.0,core/src/main/java/org/apache/calcite/rex/RexLiteral.java,0,1,0.720659152213626
1.15.0,core/src/main/java/org/apache/calcite/runtime/SqlFunctions.java,0,1,0.9132596026369507
1.15.0,core/src/main/java/org/apache/calcite/sql/SqlJdbcDataTypeName.java,0,1,0.5663490304313578
1.15.0,core/src/main/java/org/apache/calcite/util/BuiltInMethod.java,0,1,0.6475393366269456
1.15.0,core/src/main/java/org/apache/calcite/util/TimestampString.java,0,1,0.8407264603068364
1.15.0,core/src/main/java/org/apache/calcite/util/TimestampWithTimeZoneString.java,0,1,0.6436036082409154
1.15.0,core/src/main/java/org/apache/calcite/util/TimeWithTimeZoneString.java,0,1,0.8077541105184279
1.15.0,core/src/main/java/org/apache/calcite/adapter/enumerable/RexToLixTranslator.java,0,1,0.9380675720322892
1.15.0,core/src/main/java/org/apache/calcite/rel/metadata/RelMdSize.java,0,0,0.4337487127581255
1.15.0,core/src/main/java/org/apache/calcite/rel/type/RelDataTypeSystemImpl.java,0,1,0.8961465607895336
1.15.0,core/src/main/java/org/apache/calcite/sql/type/SqlTypeAssignmentRules.java,0,1,0.6591441345018848
1.15.0,core/src/main/java/org/apache/calcite/sql/type/SqlTypeFamily.java,0,1,0.5596537299333376
1.15.0,core/src/main/java/org/apache/calcite/sql/type/SqlTypeName.java,0,0,0.0013882631795600557
1.15.0,core/src/main/java/org/apache/calcite/plan/RelOptMaterialization.java,0,0,0.366569479219464
1.15.0,core/src/main/java/org/apache/calcite/plan/RelOptMaterializations.java,0,0,0.16060270749127026
1.15.0,druid/src/main/java/org/apache/calcite/adapter/druid/TimeExtractionDimensionSpec.java,0,0,0.199731437339817
1.15.0,druid/src/main/java/org/apache/calcite/adapter/druid/TimeExtractionFunction.java,0,0,0.20102142965010497
1.15.0,core/src/main/java/org/apache/calcite/sql/fun/SqlTimestampDiffFunction.java,0,0,0.10173895359324125
1.15.0,core/src/main/java/org/apache/calcite/sql/validate/SqlValidatorImpl.java,1,1,0.9999931974519467
1.15.0,core/src/main/java/org/apache/calcite/sql/SqlJdbcFunctionCall.java,0,0,0.0009808722490306132
1.15.0,core/src/main/java/org/apache/calcite/rel/logical/LogicalTableScan.java,0,1,0.5409173381481238
1.15.0,core/src/main/java/org/apache/calcite/util/SaffronProperties.java,0,1,0.796797680802786
1.15.0,core/src/main/java/org/apache/calcite/rel/metadata/JaninoRelMetadataProvider.java,0,1,0.9999993601605601
1.15.0,core/src/main/java/org/apache/calcite/rel/metadata/DefaultRelMetadataProvider.java,0,0,0.055492653033033426
1.15.0,core/src/main/java/org/apache/calcite/sql/fun/SqlDotOperator.java,0,1,0.8907136338739439
1.15.0,core/src/main/java/org/apache/calcite/sql/type/ArraySqlType.java,0,1,0.5956913527100555
1.15.0,core/src/main/java/org/apache/calcite/sql/type/MultisetSqlType.java,0,1,0.6038791449225146
1.15.0,druid/src/main/java/org/apache/calcite/adapter/druid/ExtractionDimensionSpec.java,0,0,0.20006481834869755
1.15.0,core/src/main/java/org/apache/calcite/sql/fun/SqlLiteralChainOperator.java,0,1,0.6921322902896521
1.15.0,cassandra/src/main/java/org/apache/calcite/adapter/cassandra/CassandraSort.java,0,0,0.28304993063374684
1.15.0,core/src/main/java/org/apache/calcite/util/ImmutableBitSet.java,0,1,0.7172473944886993
1.15.0,core/src/main/java/org/apache/calcite/sql/SqlBinaryStringLiteral.java,0,0,0.4127513579808391
1.15.0,core/src/main/java/org/apache/calcite/sql/SqlCharStringLiteral.java,0,0,0.46777878922692595
1.15.0,core/src/main/java/org/apache/calcite/sql/SqlIntervalLiteral.java,1,1,0.568280967364238
1.15.0,core/src/main/java/org/apache/calcite/sql/SqlNumericLiteral.java,0,0,0.4319292911193398
1.15.0,core/src/main/java/org/apache/calcite/util/NlsString.java,0,0,0.002894782375596489
1.15.0,core/src/main/java/org/apache/calcite/util/XmlOutput.java,0,0,0.0011165235557862353
1.15.0,core/src/main/java/org/apache/calcite/sql/fun/SqlCoalesceFunction.java,1,1,0.5953525361520368
1.15.0,core/src/main/java/org/apache/calcite/sql/fun/SqlNullifFunction.java,0,0,0.4642313354268161
1.15.0,core/src/main/java/org/apache/calcite/sql/validate/SqlValidatorUtil.java,1,1,0.9913436489521753
1.15.0,core/src/main/java/org/apache/calcite/adapter/enumerable/ReflectiveCallNotNullImplementor.java,0,0,0.3288510184416576
1.15.0,core/src/main/java/org/apache/calcite/sql/validate/SqlUserDefinedAggFunction.java,0,0,0.2832341351982626
1.15.0,core/src/main/java/org/apache/calcite/sql/SqlIntervalQualifier.java,1,1,0.9910761003228131
1.15.0,core/src/main/java/org/apache/calcite/sql/SqlMatchRecognize.java,0,0,0.40922539487196435
1.15.0,linq4j/src/main/java/org/apache/calcite/linq4j/tree/BlockBuilder.java,0,0,0.49817196861779356
1.15.0,linq4j/src/main/java/org/apache/calcite/linq4j/tree/DeterministicCodeOptimizer.java,0,0,0.31140768789272627
1.15.0,druid/src/main/java/org/apache/calcite/adapter/druid/DruidRules.java,1,1,0.9633332622811906
1.15.0,core/src/main/java/org/apache/calcite/model/JsonJdbcSchema.java,0,0,0.1208261555137052
1.15.0,core/src/main/java/org/apache/calcite/model/ModelHandler.java,0,0,0.36404278747874086
1.15.0,core/src/main/java/org/apache/calcite/sql/SqlAbstractDateTimeLiteral.java,0,0,0.11667142018068011
1.15.0,core/src/main/java/org/apache/calcite/sql/SqlDateLiteral.java,0,0,0.13931614115305177
1.15.0,core/src/main/java/org/apache/calcite/sql/SqlDialectFactory.java,0,0,0.1303039836951922
1.15.0,core/src/main/java/org/apache/calcite/sql/SqlNode.java,0,0,0.03661548605308994
1.15.0,core/src/main/java/org/apache/calcite/sql/SqlNodeList.java,0,0,0.34277532127248944
1.15.0,core/src/main/java/org/apache/calcite/sql/SqlSampleSpec.java,0,0,0.0005359340073413419
1.15.0,core/src/main/java/org/apache/calcite/sql/SqlTimeLiteral.java,0,0,0.38479819186935804
1.15.0,core/src/main/java/org/apache/calcite/sql/SqlTimestampLiteral.java,0,1,0.5157129759109371
1.15.0,core/src/main/java/org/apache/calcite/adapter/jdbc/JdbcSchema.java,0,1,0.9302180925203918
1.15.0,core/src/main/java/org/apache/calcite/adapter/jdbc/JdbcToEnumerableConverter.java,0,1,0.6896271778362962
1.15.0,core/src/main/java/org/apache/calcite/adapter/jdbc/JdbcUtils.java,0,0,0.40982110828650004
1.15.0,core/src/main/java/org/apache/calcite/sql/dialect/AccessSqlDialect.java,0,0,0.12805998238871244
1.15.0,core/src/main/java/org/apache/calcite/sql/dialect/AnsiSqlDialect.java,0,0,0.08996102726282831
1.15.0,core/src/main/java/org/apache/calcite/sql/dialect/CalciteSqlDialect.java,0,0,0.09050501924330648
1.15.0,core/src/main/java/org/apache/calcite/sql/dialect/Db2SqlDialect.java,0,0,0.08319323076961181
1.15.0,core/src/main/java/org/apache/calcite/sql/dialect/DerbySqlDialect.java,0,0,0.12769046677699775
1.15.0,core/src/main/java/org/apache/calcite/sql/dialect/FirebirdSqlDialect.java,0,0,0.12769046677699775
1.15.0,core/src/main/java/org/apache/calcite/sql/dialect/H2SqlDialect.java,0,0,0.12917209222703582
1.15.0,core/src/main/java/org/apache/calcite/sql/dialect/HsqldbSqlDialect.java,0,1,0.6052212249610328
1.15.0,core/src/main/java/org/apache/calcite/sql/dialect/InfobrightSqlDialect.java,0,0,0.12805998238871244
1.15.0,core/src/main/java/org/apache/calcite/sql/dialect/InformixSqlDialect.java,0,0,0.12769046677699775
1.15.0,core/src/main/java/org/apache/calcite/sql/dialect/IngresSqlDialect.java,0,0,0.12769046677699775
1.15.0,core/src/main/java/org/apache/calcite/sql/dialect/InterbaseSqlDialect.java,0,0,0.12769046677699775
1.15.0,core/src/main/java/org/apache/calcite/sql/dialect/LucidDbSqlDialect.java,0,0,0.12805998238871244
1.15.0,core/src/main/java/org/apache/calcite/sql/dialect/MssqlSqlDialect.java,0,1,0.9369388580820037
1.15.0,core/src/main/java/org/apache/calcite/sql/dialect/NeoviewSqlDialect.java,0,0,0.12769046677699775
1.15.0,core/src/main/java/org/apache/calcite/sql/dialect/NetezzaSqlDialect.java,0,0,0.12805998238871244
1.15.0,core/src/main/java/org/apache/calcite/sql/dialect/ParaccelSqlDialect.java,0,0,0.12805998238871244
1.15.0,core/src/main/java/org/apache/calcite/sql/dialect/PhoenixSqlDialect.java,0,0,0.12917209222703582
1.15.0,core/src/main/java/org/apache/calcite/sql/dialect/PostgresqlSqlDialect.java,0,1,0.6858695577048112
1.15.0,core/src/main/java/org/apache/calcite/sql/dialect/RedshiftSqlDialect.java,0,0,0.12917209222703582
1.15.0,core/src/main/java/org/apache/calcite/sql/dialect/SybaseSqlDialect.java,0,0,0.12769046677699775
1.15.0,core/src/main/java/org/apache/calcite/sql/dialect/TeradataSqlDialect.java,0,0,0.12805998238871244
1.15.0,core/src/main/java/org/apache/calcite/sql/dialect/VerticaSqlDialect.java,0,0,0.08269048194045285
1.15.0,core/src/main/java/org/apache/calcite/sql/pretty/SqlPrettyWriter.java,0,0,0.01461069453760515
1.15.0,core/src/main/java/org/apache/calcite/sql/type/IntervalSqlType.java,0,1,0.5384096844550862
1.15.0,cassandra/src/main/java/org/apache/calcite/adapter/cassandra/CassandraSchema.java,0,1,0.5026610723732271
1.15.0,file/src/main/java/org/apache/calcite/adapter/file/FileFieldType.java,0,0,0.15913162456788574
1.15.0,file/src/main/java/org/apache/calcite/adapter/file/FileReaderException.java,0,0,0.1262254216718527
1.15.0,file/src/main/java/org/apache/calcite/adapter/file/FileTableScan.java,0,0,0.47474348140485084
1.15.0,core/src/main/java/org/apache/calcite/adapter/elasticsearch/AbstractElasticsearchTable.java,0,0,0.19922348866394868
1.15.0,core/src/main/java/org/apache/calcite/adapter/elasticsearch/ElasticsearchFilter.java,1,1,0.5536282625750052
1.15.0,core/src/main/java/org/apache/calcite/adapter/elasticsearch/ElasticsearchMethod.java,0,0,0.16891913469754372
1.15.0,core/src/main/java/org/apache/calcite/adapter/elasticsearch/ElasticsearchProject.java,0,0,0.19519358996423417
1.15.0,core/src/main/java/org/apache/calcite/adapter/elasticsearch/ElasticsearchRel.java,0,0,0.2189917974732488
1.15.0,core/src/main/java/org/apache/calcite/adapter/elasticsearch/ElasticsearchRules.java,0,0,0.29669040975173394
1.15.0,core/src/main/java/org/apache/calcite/adapter/elasticsearch/ElasticsearchSchema.java,0,0,0.15793300999261792
1.15.0,core/src/main/java/org/apache/calcite/adapter/elasticsearch/ElasticsearchSort.java,0,0,0.17515488856883168
1.15.0,core/src/main/java/org/apache/calcite/adapter/elasticsearch/ElasticsearchTableScan.java,0,0,0.17131594140392284
1.15.0,core/src/main/java/org/apache/calcite/adapter/elasticsearch/ElasticsearchToEnumerableConverter.java,0,0,0.1322346997761459
1.15.0,core/src/main/java/org/apache/calcite/adapter/elasticsearch/MapProjectionFieldVisitor.java,0,0,0.12016410965492463
1.15.0,elasticsearch2/src/main/java/org/apache/calcite/adapter/elasticsearch2/Elasticsearch2Enumerator.java,0,0,0.22297572092815784
1.15.0,elasticsearch2/src/main/java/org/apache/calcite/adapter/elasticsearch2/Elasticsearch2Schema.java,0,0,0.029743291237662027
1.15.0,elasticsearch2/src/main/java/org/apache/calcite/adapter/elasticsearch2/Elasticsearch2SchemaFactory.java,0,0,0.1363681202611856
1.15.0,elasticsearch2/src/main/java/org/apache/calcite/adapter/elasticsearch2/Elasticsearch2Table.java,0,0,0.1830124336915716
1.15.0,elasticsearch5/src/main/java/org/apache/calcite/adapter/elasticsearch5/Elasticsearch5Enumerator.java,0,0,0.20771712262030928
1.15.0,elasticsearch5/src/main/java/org/apache/calcite/adapter/elasticsearch5/Elasticsearch5Schema.java,0,0,0.023992035490041475
1.15.0,elasticsearch5/src/main/java/org/apache/calcite/adapter/elasticsearch5/Elasticsearch5SchemaFactory.java,0,0,0.12310392348209666
1.15.0,elasticsearch5/src/main/java/org/apache/calcite/adapter/elasticsearch5/Elasticsearch5Table.java,0,0,0.17656774036390274
1.15.0,core/src/main/java/org/apache/calcite/sql/fun/SqlStdOperatorTable.java,1,1,0.9082102685954453
1.15.0,core/src/main/java/org/apache/calcite/config/NullCollation.java,0,1,0.6773426919893535
1.15.0,core/src/main/java/org/apache/calcite/rel/RelFieldCollation.java,0,1,0.5212583612784362
1.15.0,core/src/main/java/org/apache/calcite/rex/RexCall.java,0,1,0.5413447939528785
1.15.0,core/src/main/java/org/apache/calcite/sql/SqlDialect.java,0,1,0.8787433558907002
1.15.0,core/src/main/java/org/apache/calcite/sql/SqlDialectFactoryImpl.java,0,1,0.5440312059394955
1.15.0,core/src/main/java/org/apache/calcite/rel/rel2sql/RelToSqlConverter.java,1,1,0.985618889953225
1.15.0,core/src/main/java/org/apache/calcite/rel/rel2sql/SqlImplementor.java,1,1,0.9988634012608318
1.15.0,core/src/main/java/org/apache/calcite/sql/dialect/BigQuerySqlDialect.java,0,0,0.2583034918320928
1.15.0,core/src/main/java/org/apache/calcite/sql/dialect/HiveSqlDialect.java,0,1,0.5750548482875226
1.15.0,core/src/main/java/org/apache/calcite/sql/dialect/MysqlSqlDialect.java,0,1,0.7925507428469076
1.15.0,core/src/main/java/org/apache/calcite/rel/RelNode.java,0,0,0.08815517606508688
1.15.0,core/src/main/java/org/apache/calcite/rex/RexChecker.java,0,0,0.31396926665439295
1.15.0,core/src/main/java/org/apache/calcite/rel/core/Calc.java,0,0,0.1274954453306787
1.15.0,core/src/main/java/org/apache/calcite/rel/core/Filter.java,0,0,0.2572179900090675
1.15.0,core/src/main/java/org/apache/calcite/rel/logical/LogicalCorrelate.java,0,0,0.16441430010847471
1.15.0,core/src/main/java/org/apache/calcite/sql/type/SameOperandTypeChecker.java,0,0,0.2842375931672034
1.15.0,core/src/main/java/org/apache/calcite/sql/type/SqlTypeFactoryImpl.java,0,1,0.7525091915496664
1.15.0,core/src/main/java/org/apache/calcite/rel/AbstractRelNode.java,1,1,0.6917258667956478
1.15.0,core/src/main/java/org/apache/calcite/sql/SqlFilterOperator.java,0,0,0.3513818877318978
1.15.0,core/src/main/java/org/apache/calcite/sql/SqlOverOperator.java,0,0,0.33394135931767177
1.15.0,core/src/main/java/org/apache/calcite/rel/core/TableScan.java,0,0,0.19953508511177787
1.15.0,core/src/main/java/org/apache/calcite/schema/impl/TableFunctionImpl.java,0,0,0.17976025439219323
1.15.0,core/src/main/java/org/apache/calcite/schema/impl/TableMacroImpl.java,0,0,0.15682527732810725
1.15.0,core/src/main/java/org/apache/calcite/sql/fun/SqlCaseOperator.java,0,0,0.23865659207161527
1.15.0,core/src/main/java/org/apache/calcite/sql/fun/SqlCastFunction.java,0,0,0.31511056352362665
1.15.0,core/src/main/java/org/apache/calcite/sql/fun/SqlFirstLastValueAggFunction.java,0,0,0.18540874871973423
1.15.0,core/src/main/java/org/apache/calcite/sql/fun/SqlHistogramAggFunction.java,0,0,0.09365263411866634
1.15.0,core/src/main/java/org/apache/calcite/sql/fun/SqlMinMaxAggFunction.java,0,0,0.15249221705872906
1.15.0,core/src/main/java/org/apache/calcite/sql/fun/SqlSingleValueAggFunction.java,0,0,0.09365263411866634
1.15.0,core/src/main/java/org/apache/calcite/sql/fun/SqlSumAggFunction.java,0,0,0.22532377472091938
1.15.0,core/src/main/java/org/apache/calcite/sql/fun/SqlSumEmptyIsZeroAggFunction.java,1,0,0.18220129554254638
1.15.0,core/src/main/java/org/apache/calcite/sql/validate/AbstractNamespace.java,0,0,0.32242620395815463
1.15.0,core/src/main/java/org/apache/calcite/sql/validate/JoinScope.java,0,0,0.21270854239315046
1.15.0,core/src/main/java/org/apache/calcite/sql/validate/ScopeChild.java,0,0,0.19224684483380763
1.15.0,core/src/main/java/org/apache/calcite/sql/validate/TableScope.java,0,1,0.5235139927422898
1.15.0,core/src/main/java/org/apache/calcite/adapter/enumerable/EnumerableIntersect.java,0,0,0.3793181738266147
1.15.0,core/src/main/java/org/apache/calcite/adapter/enumerable/EnumerableMinus.java,0,0,0.3793181738266147
1.15.0,core/src/main/java/org/apache/calcite/adapter/enumerable/EnumerableUnion.java,1,0,0.3761850648952834
1.15.0,core/src/main/java/org/apache/calcite/rel/externalize/RelJson.java,0,1,0.6638684071439839
1.15.0,core/src/main/java/org/apache/calcite/sql/validate/ListScope.java,0,1,0.5171938487307574
1.15.0,core/src/main/java/org/apache/calcite/sql/SqlCall.java,0,1,0.6692783120563882
1.15.0,core/src/main/java/org/apache/calcite/sql/fun/OracleSqlOperatorTable.java,0,0,0.26805194312298114
1.15.0,core/src/main/java/org/apache/calcite/sql/fun/SqlFloorFunction.java,0,1,0.7614007286136197
1.15.0,core/src/main/java/org/apache/calcite/sql/dialect/OracleSqlDialect.java,0,1,0.7930120037442482
1.15.0,core/src/main/java/org/apache/calcite/sql/type/MatchReturnTypeInference.java,0,0,0.32563549963175054
1.15.0,core/src/main/java/org/apache/calcite/rex/RexBuilder.java,0,0,0.45554437306722684
1.15.0,core/src/main/java/org/apache/calcite/rel/RelDistribution.java,0,0,0.18576156811474043
1.15.0,core/src/main/java/org/apache/calcite/rel/RelDistributions.java,0,0,0.40150270340421323
1.15.0,linq4j/src/main/java/org/apache/calcite/linq4j/tree/ExpressionType.java,0,1,0.553664379458484
1.15.0,core/src/main/java/org/apache/calcite/rel/RelReferentialConstraint.java,0,0,0.20284804844510368
1.15.0,core/src/main/java/org/apache/calcite/rel/RelReferentialConstraintImpl.java,0,0,0.10761015657191357
1.15.0,core/src/main/java/org/apache/calcite/schema/Statistic.java,0,0,0.04849825352489428
1.15.0,core/src/main/java/org/apache/calcite/schema/Statistics.java,0,0,0.07228269543599214
1.15.0,core/src/main/java/org/apache/calcite/interpreter/Bindables.java,0,1,0.5071427324847166
1.15.0,core/src/main/java/org/apache/calcite/interpreter/NoneToBindableConverterRule.java,0,0,0.19013620851215657
1.15.0,core/src/main/java/org/apache/calcite/plan/SubstitutionVisitor.java,0,0,0.4974908490326284
1.15.0,core/src/main/java/org/apache/calcite/adapter/elasticsearch/ElasticsearchToEnumerableConverterRule.java,0,0,0.22810601064232466
1.15.0,core/src/main/java/org/apache/calcite/adapter/enumerable/EnumerableBindable.java,0,0,0.24957309953485618
1.15.0,core/src/main/java/org/apache/calcite/adapter/enumerable/EnumerableCalcRule.java,0,0,0.1456689084404894
1.15.0,core/src/main/java/org/apache/calcite/adapter/enumerable/EnumerableCorrelateRule.java,0,0,0.1689105825092554
1.15.0,core/src/main/java/org/apache/calcite/adapter/enumerable/EnumerableFilterRule.java,0,0,0.15633686295719185
1.15.0,core/src/main/java/org/apache/calcite/adapter/enumerable/EnumerableFilterToCalcRule.java,0,0,0.168037286325116
1.15.0,core/src/main/java/org/apache/calcite/adapter/enumerable/EnumerableInterpreterRule.java,0,0,0.16701311258157542
1.15.0,core/src/main/java/org/apache/calcite/adapter/enumerable/EnumerableProjectRule.java,0,0,0.15633686295719185
1.15.0,core/src/main/java/org/apache/calcite/adapter/enumerable/EnumerableProjectToCalcRule.java,0,0,0.168037286325116
1.15.0,core/src/main/java/org/apache/calcite/adapter/enumerable/EnumerableRules.java,0,0,0.009596375237270941
1.15.0,core/src/main/java/org/apache/calcite/adapter/enumerable/EnumerableTableFunctionScanRule.java,0,0,0.20134965875305544
1.15.0,core/src/main/java/org/apache/calcite/adapter/enumerable/EnumerableTableModifyRule.java,0,1,0.6127580441165289
1.15.0,core/src/main/java/org/apache/calcite/adapter/enumerable/EnumerableTableScanRule.java,0,1,0.6008496344042977
1.15.0,core/src/main/java/org/apache/calcite/adapter/enumerable/EnumerableValuesRule.java,0,0,0.16935722354094554
1.15.0,core/src/main/java/org/apache/calcite/adapter/jdbc/JdbcRules.java,0,0,0.21972615630000494
1.15.0,core/src/main/java/org/apache/calcite/adapter/jdbc/JdbcToEnumerableConverterRule.java,0,0,0.18811009881499874
1.15.0,core/src/main/java/org/apache/calcite/plan/hep/HepPlanner.java,1,1,0.8767187095705395
1.15.0,core/src/main/java/org/apache/calcite/plan/volcano/AbstractConverter.java,0,1,0.5826498436234565
1.15.0,core/src/main/java/org/apache/calcite/rel/convert/ConverterRule.java,0,1,0.5542123430837976
1.15.0,core/src/main/java/org/apache/calcite/rel/convert/TraitMatchingRule.java,0,0,0.24419378227266111
1.15.0,core/src/main/java/org/apache/calcite/rel/rules/AggregateReduceFunctionsRule.java,0,1,0.9940009230237209
1.15.0,core/src/main/java/org/apache/calcite/rel/rules/AggregateRemoveRule.java,0,1,0.6308927726438402
1.15.0,core/src/main/java/org/apache/calcite/rel/rules/AggregateStarTableRule.java,0,0,0.39447856342940435
1.15.0,core/src/main/java/org/apache/calcite/rel/rules/AggregateValuesRule.java,0,1,0.5470997196506808
1.15.0,core/src/main/java/org/apache/calcite/rel/rules/CalcMergeRule.java,0,1,0.6189413401622322
1.15.0,core/src/main/java/org/apache/calcite/rel/rules/CalcRemoveRule.java,0,0,0.17348010612486098
1.15.0,core/src/main/java/org/apache/calcite/rel/rules/CalcSplitRule.java,0,0,0.1260267202775256
1.15.0,core/src/main/java/org/apache/calcite/rel/rules/CoerceInputsRule.java,0,1,0.6040581625942859
1.15.0,core/src/main/java/org/apache/calcite/rel/rules/FilterCalcMergeRule.java,0,0,0.1805309868714992
1.15.0,core/src/main/java/org/apache/calcite/rel/rules/FilterMultiJoinMergeRule.java,0,0,0.23965433732008357
1.15.0,core/src/main/java/org/apache/calcite/rel/rules/FilterRemoveIsNotDistinctFromRule.java,0,0,0.231843971640368
1.15.0,core/src/main/java/org/apache/calcite/rel/rules/FilterTableFunctionTransposeRule.java,0,0,0.23965433732008357
1.15.0,core/src/main/java/org/apache/calcite/rel/rules/FilterTableScanRule.java,0,1,0.5508983190559805
1.15.0,core/src/main/java/org/apache/calcite/rel/rules/FilterToCalcRule.java,0,0,0.16933486200813763
1.15.0,core/src/main/java/org/apache/calcite/rel/rules/JoinAddRedundantSemiJoinRule.java,0,1,0.5869864584841941
1.15.0,core/src/main/java/org/apache/calcite/rel/rules/JoinAssociateRule.java,0,1,0.6141477272587454
1.15.0,core/src/main/java/org/apache/calcite/rel/rules/JoinExtractFilterRule.java,0,1,0.5802809760691667
1.15.0,core/src/main/java/org/apache/calcite/rel/rules/JoinToCorrelateRule.java,0,0,0.24151100752305427
1.15.0,core/src/main/java/org/apache/calcite/rel/rules/JoinToMultiJoinRule.java,0,1,0.5173964080691488
1.15.0,core/src/main/java/org/apache/calcite/rel/rules/JoinUnionTransposeRule.java,0,1,0.6595171013899483
1.15.0,core/src/main/java/org/apache/calcite/rel/rules/MaterializedViewFilterScanRule.java,0,1,0.5676813185024878
1.15.0,core/src/main/java/org/apache/calcite/rel/rules/MultiJoinProjectTransposeRule.java,0,0,0.26081227809479657
1.15.0,core/src/main/java/org/apache/calcite/rel/rules/ProjectCalcMergeRule.java,0,0,0.20652853475131008
1.15.0,core/src/main/java/org/apache/calcite/rel/rules/ProjectMultiJoinMergeRule.java,0,0,0.23254905799900508
1.15.0,core/src/main/java/org/apache/calcite/rel/rules/ProjectRemoveRule.java,0,0,0.4237701815710231
1.15.0,core/src/main/java/org/apache/calcite/rel/rules/ProjectSortTransposeRule.java,0,0,0.25832910514527785
1.15.0,core/src/main/java/org/apache/calcite/rel/rules/ProjectTableScanRule.java,0,1,0.5887922296188038
1.15.0,core/src/main/java/org/apache/calcite/rel/rules/ProjectToCalcRule.java,0,0,0.16933486200813763
1.15.0,core/src/main/java/org/apache/calcite/rel/rules/ProjectToWindowRule.java,0,1,0.7317187356296811
1.15.0,core/src/main/java/org/apache/calcite/rel/rules/ProjectWindowTransposeRule.java,0,1,0.6384529514247465
1.15.0,core/src/main/java/org/apache/calcite/rel/rules/ReduceDecimalsRule.java,0,1,0.8467051474962264
1.15.0,core/src/main/java/org/apache/calcite/rel/rules/SemiJoinFilterTransposeRule.java,0,0,0.16033272395573192
1.15.0,core/src/main/java/org/apache/calcite/rel/rules/SemiJoinJoinTransposeRule.java,0,1,0.6131321254927933
1.15.0,core/src/main/java/org/apache/calcite/rel/rules/SemiJoinRemoveRule.java,0,0,0.16033272395573192
1.15.0,core/src/main/java/org/apache/calcite/rel/rules/SortJoinTransposeRule.java,0,1,0.5996988186624596
1.15.0,core/src/main/java/org/apache/calcite/rel/rules/SortProjectTransposeRule.java,0,1,0.6372952259356491
1.15.0,core/src/main/java/org/apache/calcite/rel/rules/SortRemoveRule.java,0,1,0.6335222174664132
1.15.0,core/src/main/java/org/apache/calcite/rel/rules/SubQueryRemoveRule.java,0,1,0.9849623342653593
1.15.0,core/src/main/java/org/apache/calcite/rel/rules/TableScanRule.java,0,0,0.04248374991133396
1.15.0,core/src/main/java/org/apache/calcite/rel/rules/UnionEliminatorRule.java,0,0,0.23965433732008357
1.15.0,core/src/main/java/org/apache/calcite/rel/rules/UnionPullUpConstantsRule.java,0,1,0.5626090640352833
1.15.0,core/src/main/java/org/apache/calcite/rel/stream/StreamRules.java,0,1,0.6753074577933504
1.15.0,cassandra/src/main/java/org/apache/calcite/adapter/cassandra/CassandraRules.java,0,0,0.3767468045153263
1.15.0,cassandra/src/main/java/org/apache/calcite/adapter/cassandra/CassandraToEnumerableConverterRule.java,0,0,0.2369009433841286
1.15.0,mongodb/src/main/java/org/apache/calcite/adapter/mongodb/MongoToEnumerableConverterRule.java,0,0,0.2523661807929086
1.15.0,spark/src/main/java/org/apache/calcite/adapter/spark/EnumerableToSparkConverterRule.java,0,0,0.25233618852021245
1.15.0,spark/src/main/java/org/apache/calcite/adapter/spark/JdbcToSparkConverterRule.java,0,0,0.2493584171725984
1.15.0,splunk/src/main/java/org/apache/calcite/adapter/splunk/SplunkPushDownRule.java,0,0,0.10163284234335265
1.15.0,pig/src/main/java/org/apache/calcite/adapter/pig/PigFilter.java,0,0,0.45023483748379994
1.15.0,core/src/main/java/org/apache/calcite/adapter/enumerable/RexImpTable.java,1,1,0.9056274264268382
1.15.0,core/src/main/java/org/apache/calcite/util/CancelFlag.java,0,0,0.08815517606508688
1.15.0,core/src/main/java/org/apache/calcite/rex/RexSubQuery.java,0,0,0.020120096173121178
1.15.0,core/src/main/java/org/apache/calcite/sql/util/ListSqlOperatorTable.java,0,0,0.3105291045187709
1.15.0,core/src/main/java/org/apache/calcite/sql/validate/SqlUserDefinedFunction.java,0,0,0.055492653033033426
1.15.0,core/src/main/java/org/apache/calcite/sql/validate/SqlUserDefinedTableFunction.java,0,0,0.13106410352491668
1.15.0,core/src/main/java/org/apache/calcite/sql/fun/SqlInOperator.java,0,1,0.6459379786932491
1.15.0,core/src/main/java/org/apache/calcite/sql/fun/SqlQuantifyOperator.java,0,1,0.6304291196577839
1.15.0,core/src/main/java/org/apache/calcite/sql/SqlSelect.java,0,1,0.5770344833984649
1.15.0,core/src/main/java/org/apache/calcite/sql/SqlWindow.java,0,1,0.8776213765015414
1.15.0,core/src/main/java/org/apache/calcite/util/Compatible.java,0,0,0.2088016379824561
1.15.0,core/src/main/java/org/apache/calcite/model/JsonColumn.java,0,0,0.2476749527165847
1.15.0,core/src/main/java/org/apache/calcite/rel/type/RelDataTypeFactory.java,0,1,0.9434387873099571
1.15.0,core/src/main/java/org/apache/calcite/interpreter/Interpreter.java,0,0,0.056475243711587915
1.15.0,core/src/main/java/org/apache/calcite/runtime/PredicateImpl.java,0,0,0.1222259325082325
1.15.0,core/src/main/java/org/apache/calcite/plan/volcano/VolcanoRuleMatch.java,0,1,0.5740891922208404
1.15.0,core/src/main/java/org/apache/calcite/rel/type/RelDataTypePrecedenceList.java,0,0,0.08815517606508688
1.15.0,core/src/main/java/org/apache/calcite/rel/core/Values.java,0,0,0.34281298706029717
1.15.0,core/src/main/java/org/apache/calcite/schema/ExtensibleTable.java,0,0,0.09053042931079683
1.15.0,core/src/main/java/org/apache/calcite/rel/type/RelDataTypeField.java,0,0,0.08815517606508688
1.15.0,core/src/main/java/org/apache/calcite/sql/validate/DelegatingSqlValidatorCatalogReader.java,0,0,0.08815517606508688
1.15.0,core/src/main/java/org/apache/calcite/prepare/LixToRelTranslator.java,0,1,0.5111918779158965
1.15.0,core/src/main/java/org/apache/calcite/schema/impl/MaterializedViewTable.java,0,0,0.06203441575889004
1.15.0,core/src/main/java/org/apache/calcite/runtime/RandomFunction.java,0,0,0.47295148578043783
1.15.0,core/src/main/java/org/apache/calcite/sql/fun/SqlRandFunction.java,0,0,0.14477288216185205
1.15.0,core/src/main/java/org/apache/calcite/sql/fun/SqlRandIntegerFunction.java,0,0,0.14504085282697599
1.15.0,core/src/main/java/org/apache/calcite/sql/fun/SqlMultisetValueConstructor.java,0,0,0.3633598822128633
1.15.0,core/src/main/java/org/apache/calcite/jdbc/CachingCalciteSchema.java,0,1,0.9215492971992568
1.15.0,core/src/main/java/org/apache/calcite/jdbc/CalciteConnectionImpl.java,0,1,0.7546663881435679
1.15.0,core/src/main/java/org/apache/calcite/jdbc/CalciteMetaImpl.java,0,1,0.9579399103423544
1.15.0,core/src/main/java/org/apache/calcite/jdbc/CalcitePrepare.java,0,0,0.10097641104548238
1.15.0,core/src/main/java/org/apache/calcite/jdbc/CalciteResultSet.java,0,0,0.45338631447192673
1.15.0,core/src/main/java/org/apache/calcite/jdbc/CalciteSchema.java,0,1,0.6789594660036231
1.15.0,core/src/main/java/org/apache/calcite/materialize/MaterializationService.java,0,1,0.6216597450903344
1.15.0,core/src/main/java/org/apache/calcite/plan/RelOptAbstractTable.java,0,0,0.48962639545200204
1.15.0,core/src/main/java/org/apache/calcite/plan/RelOptTable.java,0,0,0.25623398589471247
1.15.0,core/src/main/java/org/apache/calcite/prepare/CalcitePrepareImpl.java,0,1,0.8042152071118227
1.15.0,core/src/main/java/org/apache/calcite/prepare/Prepare.java,0,0,0.13126420716211284
1.15.0,core/src/main/java/org/apache/calcite/prepare/RelOptTableImpl.java,0,1,0.8792976007198606
1.15.0,core/src/main/java/org/apache/calcite/rex/RexProgram.java,0,0,0.449519650776078
1.15.0,core/src/main/java/org/apache/calcite/runtime/CalciteResource.java,0,1,0.8801238799574891
1.15.0,core/src/main/java/org/apache/calcite/runtime/ConsList.java,0,1,0.6111489064901143
1.15.0,core/src/main/java/org/apache/calcite/schema/ColumnStrategy.java,0,0,0.14050242635622545
1.15.0,core/src/main/java/org/apache/calcite/schema/Schemas.java,0,1,0.7151460644819879
1.15.0,core/src/main/java/org/apache/calcite/sql/SqlCreate.java,0,1,0.5139923790635219
1.15.0,core/src/main/java/org/apache/calcite/sql/SqlDdl.java,0,0,0.1388727864451365
1.15.0,core/src/main/java/org/apache/calcite/sql/SqlDrop.java,0,0,0.23325725420478946
1.15.0,core/src/main/java/org/apache/calcite/sql/SqlExecutableStatement.java,0,0,0.22507175096788015
1.15.0,core/src/main/java/org/apache/calcite/sql/SqlKind.java,0,1,0.8905290455961179
1.15.0,core/src/main/java/org/apache/calcite/sql2rel/InitializerContext.java,0,0,0.2152801879171601
1.15.0,core/src/main/java/org/apache/calcite/sql2rel/InitializerExpressionFactory.java,0,0,0.2758560090942378
1.15.0,core/src/main/java/org/apache/calcite/sql2rel/NullInitializerExpressionFactory.java,0,0,0.32549428978719763
1.15.0,core/src/main/java/org/apache/calcite/sql2rel/StandardConvertletTable.java,1,0,0.3490677883079632
1.15.0,core/src/main/java/org/apache/calcite/util/NameMap.java,0,1,0.6055518260825193
1.15.0,core/src/main/java/org/apache/calcite/util/NameMultimap.java,0,1,0.5753289623141574
1.15.0,core/src/main/java/org/apache/calcite/util/Static.java,0,0,0.025225897523052
1.15.0,core/src/main/java/org/apache/calcite/util/Util.java,0,1,0.8423679337559551
1.15.0,core/src/main/java/org/apache/calcite/schema/impl/AbstractTable.java,0,0,0.18535660469309673
1.15.0,core/src/main/java/org/apache/calcite/rel/rules/AggregateExpandDistinctAggregatesRule.java,1,1,0.8194232521016519
1.15.0,core/src/main/java/org/apache/calcite/rel/rules/AggregateFilterTransposeRule.java,0,1,0.859045382716282
1.15.0,core/src/main/java/org/apache/calcite/schema/impl/ModifiableViewTable.java,0,1,0.8571321505908879
1.15.0,core/src/main/java/org/apache/calcite/rel/rules/AggregateProjectMergeRule.java,0,1,0.6797060169715645
1.15.0,core/src/main/java/org/apache/calcite/rel/rules/FilterAggregateTransposeRule.java,0,1,0.6724561464009159
1.15.0,core/src/main/java/org/apache/calcite/sql/validate/SqlValidatorTable.java,0,0,0.25731165050427757
1.15.0,core/src/main/java/org/apache/calcite/util/graph/Graphs.java,0,1,0.7148406304807577
1.15.0,mongodb/src/main/java/org/apache/calcite/adapter/mongodb/MongoTable.java,0,0,0.2938952699651555
1.15.0,server/src/main/java/org/apache/calcite/sql/ddl/SqlCheckConstraint.java,0,1,0.5293813378658734
1.15.0,server/src/main/java/org/apache/calcite/sql/ddl/SqlColumnDeclaration.java,0,1,0.6615477149724269
1.15.0,server/src/main/java/org/apache/calcite/sql/ddl/SqlCreateForeignSchema.java,0,1,0.8289993043650918
1.15.0,server/src/main/java/org/apache/calcite/sql/ddl/SqlCreateMaterializedView.java,0,1,0.6567781026935771
1.15.0,server/src/main/java/org/apache/calcite/sql/ddl/SqlCreateSchema.java,0,1,0.6455727370146439
1.15.0,server/src/main/java/org/apache/calcite/sql/ddl/SqlCreateTable.java,0,1,0.9654326296084778
1.15.0,server/src/main/java/org/apache/calcite/sql/ddl/SqlCreateView.java,0,1,0.6061165699056454
1.15.0,server/src/main/java/org/apache/calcite/sql/ddl/SqlDdlNodes.java,0,1,0.620339237344052
1.15.0,server/src/main/java/org/apache/calcite/sql/ddl/SqlDropMaterializedView.java,0,1,0.6166330205048179
1.15.0,server/src/main/java/org/apache/calcite/sql/ddl/SqlDropObject.java,0,1,0.6087497928858446
1.15.0,server/src/main/java/org/apache/calcite/sql/ddl/SqlDropSchema.java,0,1,0.6039077411018058
1.15.0,server/src/main/java/org/apache/calcite/sql/ddl/SqlDropTable.java,0,0,0.13767657915024165
1.15.0,server/src/main/java/org/apache/calcite/sql/ddl/SqlDropView.java,0,0,0.13767657915024165
1.15.0,server/src/main/java/org/apache/calcite/sql/ddl/SqlKeyConstraint.java,0,0,0.2961652025182104
1.15.0,pig/src/main/java/org/apache/calcite/adapter/pig/PigAggFunction.java,0,0,0.44752647677219176
1.15.0,pig/src/main/java/org/apache/calcite/adapter/pig/PigDataType.java,0,0,0.4353205937729076
1.15.0,pig/src/main/java/org/apache/calcite/adapter/pig/PigJoin.java,0,1,0.7220461548387149
1.15.0,pig/src/main/java/org/apache/calcite/adapter/pig/PigProject.java,0,0,0.36548554916101683
1.15.0,pig/src/main/java/org/apache/calcite/adapter/pig/PigRel.java,0,0,0.3889628073409938
1.15.0,pig/src/main/java/org/apache/calcite/adapter/pig/PigRelFactories.java,0,0,0.1347142309947566
1.15.0,pig/src/main/java/org/apache/calcite/adapter/pig/PigRules.java,0,0,0.13065695047440154
1.15.0,pig/src/main/java/org/apache/calcite/adapter/pig/PigSchema.java,0,0,0.14813851839881248
1.15.0,pig/src/main/java/org/apache/calcite/adapter/pig/PigSchemaFactory.java,0,0,0.09344674597327551
1.15.0,pig/src/main/java/org/apache/calcite/adapter/pig/PigTable.java,0,1,0.8092936252116633
1.15.0,pig/src/main/java/org/apache/calcite/adapter/pig/PigTableFactory.java,0,0,0.4126159675918037
1.15.0,pig/src/main/java/org/apache/calcite/adapter/pig/PigTableScan.java,0,0,0.28314305221863423
1.15.0,pig/src/main/java/org/apache/calcite/adapter/pig/PigToEnumerableConverter.java,0,0,0.12694272920238317
1.15.0,pig/src/main/java/org/apache/calcite/adapter/pig/PigToEnumerableConverterRule.java,0,0,0.07862907023316085
1.15.0,core/src/main/java/org/apache/calcite/sql/SqlOperator.java,0,1,0.712580052685925
1.15.0,core/src/main/java/org/apache/calcite/interpreter/SortNode.java,1,1,0.6097254045763068
1.15.0,core/src/main/java/org/apache/calcite/plan/RelOptCluster.java,0,0,0.3609530955726831
1.15.0,core/src/main/java/org/apache/calcite/plan/RelOptRuleCall.java,0,1,0.7811725381414115
1.15.0,core/src/main/java/org/apache/calcite/plan/Strong.java,0,1,0.8388661680827456
1.15.0,core/src/main/java/org/apache/calcite/rex/RexToSqlNodeConverterImpl.java,0,0,0.115736494166674
1.15.0,core/src/main/java/org/apache/calcite/sql2rel/SqlNodeToRexConverterImpl.java,0,0,0.3725220418995056
1.15.0,core/src/main/java/org/apache/calcite/adapter/enumerable/PhysType.java,0,0,0.22903964283417166
1.15.0,core/src/main/java/org/apache/calcite/plan/hep/HepRuleCall.java,0,0,0.11458919993351613
1.15.0,core/src/main/java/org/apache/calcite/plan/volcano/RelSet.java,0,1,0.8812875602676383
1.15.0,core/src/main/java/org/apache/calcite/plan/volcano/RelSubset.java,0,1,0.9026478316427661
1.15.0,core/src/main/java/org/apache/calcite/plan/volcano/RuleQueue.java,0,0,0.01740924639694318
1.15.0,core/src/main/java/org/apache/calcite/plan/volcano/VolcanoRuleCall.java,0,1,0.679412259552026
1.15.0,core/src/main/java/org/apache/calcite/sql/SqlAggFunction.java,0,0,0.22335202769496001
1.15.0,core/src/main/java/org/apache/calcite/rel/core/Union.java,0,0,0.16931666512957083
1.15.0,core/src/main/java/org/apache/calcite/rel/externalize/RelWriterImpl.java,0,1,0.8215091521700091
1.15.0,core/src/main/java/org/apache/calcite/sql2rel/RelDecorrelator.java,0,1,0.7136672222545255
1.15.0,core/src/main/java/org/apache/calcite/rel/metadata/RelMdCollation.java,1,1,0.5245704676717226
1.15.0,core/src/main/java/org/apache/calcite/rel/metadata/RelMdColumnUniqueness.java,1,1,0.88955356334246
1.15.0,core/src/main/java/org/apache/calcite/rel/metadata/RelMdUtil.java,0,1,0.9486894209043663
1.15.0,core/src/main/java/org/apache/calcite/rel/rules/LoptMultiJoin.java,0,0,0.37733495483322194
1.15.0,core/src/main/java/org/apache/calcite/rel/rules/LoptOptimizeJoinRule.java,0,1,0.5838572138260242
1.15.0,core/src/main/java/org/apache/calcite/rel/rules/LoptSemiJoinOptimizer.java,0,0,0.14926179007844226
1.15.0,core/src/main/java/org/apache/calcite/adapter/enumerable/AggContext.java,0,0,0.21289980752477491
1.15.0,core/src/main/java/org/apache/calcite/adapter/enumerable/AggResultContext.java,0,0,0.20985469397667894
1.15.0,core/src/main/java/org/apache/calcite/adapter/enumerable/EnumerableAggregate.java,0,1,0.8811229961273859
1.15.0,core/src/main/java/org/apache/calcite/adapter/enumerable/EnumerableWindow.java,1,1,0.8926492775801635
1.15.0,core/src/main/java/org/apache/calcite/plan/volcano/VolcanoPlanner.java,0,1,0.9812738578911683
1.15.0,core/src/main/java/org/apache/calcite/rel/core/Aggregate.java,0,1,0.6620399186806782
1.15.0,core/src/main/java/org/apache/calcite/rel/logical/LogicalAggregate.java,0,0,0.3684363456024304
1.15.0,core/src/main/java/org/apache/calcite/sql/parser/SqlParserUtil.java,0,1,0.7888253742411975
1.15.0,core/src/main/java/org/apache/calcite/rel/mutable/MutableAggregate.java,0,0,0.30336590986354983
1.15.0,core/src/main/java/org/apache/calcite/rel/mutable/MutableRels.java,0,0,0.13321733619726728
1.15.0,core/src/main/java/org/apache/calcite/rel/rules/AggregateJoinTransposeRule.java,1,1,0.8608930027353419
1.15.0,core/src/main/java/org/apache/calcite/rel/rules/AggregateProjectPullUpConstantsRule.java,0,1,0.5591510341061862
1.15.0,core/src/main/java/org/apache/calcite/rel/rules/AggregateUnionAggregateRule.java,0,1,0.5361761001285635
1.15.0,core/src/main/java/org/apache/calcite/rel/rules/IntersectToDistinctRule.java,0,1,0.5697349645410096
1.15.0,core/src/main/java/org/apache/calcite/sql/fun/SqlAbstractGroupFunction.java,0,1,0.5593505970332497
1.15.0,core/src/main/java/org/apache/calcite/sql/fun/SqlGroupIdFunction.java,0,0,0.18074971775244114
1.15.0,core/src/main/java/org/apache/calcite/sql/fun/SqlGroupingFunction.java,0,0,0.18245683199714657
1.15.0,core/src/main/java/org/apache/calcite/sql/validate/AggFinder.java,1,1,0.5080155792282294
1.15.0,core/src/main/java/org/apache/calcite/sql/validate/AggregatingSelectScope.java,0,0,0.4403304360816087
1.15.0,core/src/main/java/org/apache/calcite/sql/validate/DelegatingNamespace.java,0,0,0.06476905226709041
1.15.0,core/src/main/java/org/apache/calcite/sql/validate/IdentifierNamespace.java,0,1,0.910117877080078
1.15.0,core/src/main/java/org/apache/calcite/sql/validate/SqlQualified.java,0,0,0.11907561050048057
1.15.0,core/src/main/java/org/apache/calcite/sql/validate/SqlValidatorNamespace.java,0,0,0.0566954567778366
1.15.0,core/src/main/java/org/apache/calcite/adapter/enumerable/impl/AggAddContextImpl.java,0,0,0.1297355450647287
1.15.0,core/src/main/java/org/apache/calcite/adapter/enumerable/impl/AggResetContextImpl.java,0,0,0.19435970796814575
1.15.0,core/src/main/java/org/apache/calcite/adapter/enumerable/impl/AggResultContextImpl.java,0,0,0.1837219421343642
1.15.0,core/src/main/java/org/apache/calcite/adapter/enumerable/impl/WinAggResultContextImpl.java,0,0,0.1493152751587839
1.15.0,core/src/main/java/org/apache/calcite/rel/RelRoot.java,0,0,0.22174362725954733
1.15.0,core/src/main/java/org/apache/calcite/sql/SqlSyntax.java,0,0,0.18718135992708496
1.15.0,core/src/main/java/org/apache/calcite/plan/Context.java,0,0,0.08815517606508688
1.15.0,core/src/main/java/org/apache/calcite/prepare/CalciteSqlValidator.java,0,0,0.13587007321404312
1.15.0,core/src/main/java/org/apache/calcite/schema/Wrapper.java,0,0,0.18543281215938195
1.15.0,core/src/main/java/org/apache/calcite/sql/advise/SqlAdvisorValidator.java,0,0,0.21501139348349
1.15.0,core/src/main/java/org/apache/calcite/sql/fun/SqlGroupingIdFunction.java,0,0,0.19096522966398144
1.15.0,core/src/main/java/org/apache/calcite/config/CalciteConnectionProperty.java,0,0,0.2379140867544812
1.15.0,core/src/main/java/org/apache/calcite/materialize/TileSuggester.java,0,1,0.5863041253779172
1.15.0,core/src/main/java/org/apache/calcite/tools/Program.java,0,0,0.08815517606508688
1.15.0,core/src/main/java/org/apache/calcite/runtime/HttpUtils.java,0,0,0.3560375937671236
1.15.0,core/src/main/java/org/apache/calcite/sql/JoinType.java,0,0,0.055492653033033426
1.15.0,core/src/main/java/org/apache/calcite/sql/SemiJoinType.java,0,0,0.43762475583500654
1.15.0,core/src/main/java/org/apache/calcite/sql/SqlAccessType.java,0,0,0.18317848554149957
1.15.0,core/src/main/java/org/apache/calcite/sql/SqlCollation.java,0,0,0.05930770413615692
1.15.0,core/src/main/java/org/apache/calcite/util/ConversionUtil.java,0,0,0.045996272024755334
1.15.0,core/src/main/java/org/apache/calcite/util/NameSet.java,0,1,0.521461457395167
1.15.0,core/src/main/java/org/apache/calcite/util/Sources.java,0,0,0.02656685922375563
1.15.0,core/src/main/java/org/apache/calcite/util/Template.java,0,0,0.02531879312829906
1.15.0,core/src/main/java/org/apache/calcite/util/Unsafe.java,0,1,0.715956868635371
1.15.0,core/src/main/java/org/apache/calcite/rel/core/Correlate.java,0,0,0.23393398121279343
1.15.0,core/src/main/java/org/apache/calcite/rel/core/Join.java,0,0,0.21767094447965787
1.15.0,core/src/main/java/org/apache/calcite/rel/core/JoinRelType.java,0,0,0.27586662468521117
1.15.0,core/src/main/java/org/apache/calcite/rel/rules/MultiJoinOptimizeBushyRule.java,0,0,0.20990102428997753
1.15.0,core/src/main/java/org/apache/calcite/sql/advise/SqlAdvisor.java,0,0,0.15738936952472735
1.15.0,core/src/main/java/org/apache/calcite/sql/advise/SqlSimpleParser.java,0,0,5.4883675263791026e-05
1.15.0,core/src/main/java/org/apache/calcite/sql/util/ReflectiveSqlOperatorTable.java,0,0,0.11890788575262443
1.15.0,core/src/main/java/org/apache/calcite/util/javac/JaninoCompiler.java,0,0,0.16762458653737966
1.15.0,core/src/main/java/org/apache/calcite/util/trace/CalciteTimingTracer.java,0,0,0.00014681472997222968
1.15.0,druid/src/main/java/org/apache/calcite/adapter/druid/Granularity.java,0,0,0.1864147985109417
1.15.0,file/src/main/java/org/apache/calcite/adapter/file/FileReader.java,0,0,0.04069139405963196
1.15.0,file/src/main/java/org/apache/calcite/adapter/file/FileRowConverter.java,0,0,0.4401341353914634
1.15.0,spark/src/main/java/org/apache/calcite/adapter/spark/SparkHandlerImpl.java,0,0,1.5946803791887446e-05
1.15.0,splunk/src/main/java/org/apache/calcite/adapter/splunk/search/SplunkConnectionImpl.java,0,0,0.10895882977184317
1.15.0,core/src/main/java/org/apache/calcite/sql/SqlBasicCall.java,0,0,0.13303577173371983
1.15.0,core/src/main/java/org/apache/calcite/sql2rel/AuxiliaryConverter.java,0,0,0.41647602590301747
1.15.0,core/src/main/java/org/apache/calcite/sql/validate/AggChecker.java,0,0,0.27342633735295924
1.15.0,core/src/main/java/org/apache/calcite/plan/AbstractRelOptPlanner.java,0,0,0.08666650066113557
1.15.0,core/src/main/java/org/apache/calcite/plan/RelOptPlanner.java,0,0,0.055492653033033426
1.15.0,core/src/main/java/org/apache/calcite/rex/RexExecutor.java,0,0,0.19222296479125014
1.15.0,core/src/main/java/org/apache/calcite/rex/RexExecutorImpl.java,0,1,0.5778280211379353
1.15.0,core/src/main/java/org/apache/calcite/adapter/jdbc/JdbcImplementor.java,0,0,0.04530521412328465
1.15.0,core/src/main/java/org/apache/calcite/adapter/jdbc/JdbcTableScan.java,0,0,0.09706392098814183
1.15.0,core/src/main/java/org/apache/calcite/interpreter/BindableConvention.java,0,0,0.22084776086053534
1.15.0,core/src/main/java/org/apache/calcite/interpreter/InterpretableConvention.java,0,0,0.0561938960510859
1.15.0,core/src/main/java/org/apache/calcite/plan/Convention.java,0,0,0.17490685499750153
1.15.0,core/src/main/java/org/apache/calcite/plan/RelTraitDef.java,0,0,0.030667303471937742
1.15.0,core/src/main/java/org/apache/calcite/rel/RelCollationTraitDef.java,0,0,0.11918934220792467
1.15.0,core/src/main/java/org/apache/calcite/adapter/enumerable/EnumerableConvention.java,0,0,0.11219832874143756
1.15.0,core/src/main/java/org/apache/calcite/rel/core/SetOp.java,0,0,0.2136309497172138
1.15.0,core/src/main/java/org/apache/calcite/sql/validate/OrderByScope.java,0,0,0.3055504253995172
1.15.0,core/src/main/java/org/apache/calcite/sql/SqlDataTypeSpec.java,0,1,0.672933953998664
1.15.0,core/src/main/java/org/apache/calcite/adapter/enumerable/EnumerableTableModify.java,0,0,0.42067279208569164
1.15.0,core/src/main/java/org/apache/calcite/rex/RexUtil.java,0,1,0.9999576493066835
1.15.0,core/src/main/java/org/apache/calcite/rel/rules/ReduceExpressionsRule.java,0,1,0.6248706103668368
1.15.0,core/src/main/java/org/apache/calcite/rel/rules/ValuesReduceRule.java,0,1,0.6946581461685661
1.15.0,core/src/main/java/org/apache/calcite/sql/fun/SqlItemOperator.java,0,0,0.4627288085469584
1.15.0,core/src/main/java/org/apache/calcite/sql/parser/Span.java,0,0,0.2203254183651229
1.15.0,core/src/main/java/org/apache/calcite/sql/parser/SqlAbstractParserImpl.java,0,0,0.009134170479871605
1.15.0,core/src/main/java/org/apache/calcite/sql/parser/SqlParserPos.java,0,0,0.36163243377662024
1.15.0,core/src/main/java/org/apache/calcite/sql/validate/MatchRecognizeScope.java,1,1,0.7609072276907652
1.15.0,linq4j/src/main/java/org/apache/calcite/linq4j/function/Experimental.java,0,0,0.24015486639090922
1.15.0,core/src/main/java/org/apache/calcite/rex/RexOver.java,0,0,0.47151786010754554
1.15.0,core/src/main/java/org/apache/calcite/rel/logical/LogicalWindow.java,0,1,0.5558626461922072
1.15.0,spark/src/main/java/org/apache/calcite/adapter/spark/SparkRules.java,0,0,0.032931281064225645
1.15.0,core/src/main/java/org/apache/calcite/plan/MaterializedViewSubstitutionVisitor.java,0,0,0.012141834835135546
1.15.0,core/src/main/java/org/apache/calcite/DataContext.java,0,1,0.5296906123789911
1.15.0,core/src/main/java/org/apache/calcite/runtime/Hook.java,0,0,0.4100470887787756
1.15.0,core/src/main/java/org/apache/calcite/util/JsonBuilder.java,0,1,0.6178421202871083
1.15.0,core/src/main/java/org/apache/calcite/util/DateString.java,0,1,0.5790045783847705
1.15.0,core/src/main/java/org/apache/calcite/util/DateTimeStringUtils.java,0,0,0.4315049615871777
1.15.0,core/src/main/java/org/apache/calcite/util/TimeString.java,0,1,0.8641606592596738
1.15.0,core/src/main/java/org/apache/calcite/sql/SqlRankFunction.java,0,0,0.1734144764882009
1.15.0,plus/src/main/java/org/apache/calcite/adapter/os/Processes.java,0,1,0.8448137268118648
1.15.0,core/src/main/java/org/apache/calcite/adapter/enumerable/EnumerableRel.java,0,0,0.24968827889566567
1.15.0,core/src/main/java/org/apache/calcite/rel/core/SemiJoin.java,0,0,0.24475065726492348
1.15.0,core/src/main/java/org/apache/calcite/rel/logical/LogicalProject.java,0,0,0.3111979618209717
1.15.0,core/src/main/java/org/apache/calcite/rel/rules/JoinProjectTransposeRule.java,0,0,0.31737201608901355
1.15.0,core/src/main/java/org/apache/calcite/rel/rules/SemiJoinProjectTransposeRule.java,0,0,0.24374166052630758
1.15.0,core/src/main/java/org/apache/calcite/sql/fun/SqlBaseContextVariable.java,0,0,0.1357566015344993
1.15.0,core/src/main/java/org/apache/calcite/sql/fun/SqlStringContextVariable.java,0,0,0.055492653033033426
1.15.0,core/src/main/java/org/apache/calcite/sql/fun/SqlPositionFunction.java,0,0,0.2760797530888824
1.15.0,core/src/main/java/org/apache/calcite/sql/type/SameOperandTypeExceptLastOperandChecker.java,0,0,0.4664829946682865
1.15.0,core/src/main/java/org/apache/calcite/util/CompositeList.java,0,0,0.14855341182509538
1.15.0,core/src/main/java/org/apache/calcite/interpreter/AggregateNode.java,0,1,0.6470211251401872
1.15.0,core/src/main/java/org/apache/calcite/rex/RexTableInputRef.java,0,0,0.3147717025489139
1.15.0,core/src/main/java/org/apache/calcite/rel/metadata/RelMdAllPredicates.java,1,1,0.5530575837211568
1.15.0,core/src/main/java/org/apache/calcite/sql2rel/SubQueryConverter.java,0,0,0.08815517606508688
1.15.0,core/src/main/java/org/apache/calcite/schema/CustomColumnResolvingTable.java,0,0,0.17164132015481218
1.15.0,core/src/main/java/org/apache/calcite/sql2rel/RelFieldTrimmer.java,0,1,0.8390056213833678
1.15.0,core/src/main/java/org/apache/calcite/adapter/enumerable/EnumerableLimit.java,0,0,0.24992695704083495
1.15.0,core/src/main/java/org/apache/calcite/rel/metadata/RelMdRowCount.java,0,0,0.03602053974403439
1.15.0,core/src/main/java/org/apache/calcite/rel/rules/PruneEmptyRules.java,0,0,0.28714244575519754
1.15.0,druid/src/main/java/org/apache/calcite/adapter/druid/DefaultDimensionSpec.java,0,0,0.20006481834869755
1.15.0,druid/src/main/java/org/apache/calcite/adapter/druid/DimensionSpec.java,0,0,0.20006481834869755
1.15.0,druid/src/main/java/org/apache/calcite/adapter/druid/ExtractionFunction.java,0,0,0.20006481834869755
1.15.0,core/src/main/java/org/apache/calcite/prepare/CalciteMaterializer.java,0,0,0.4895858244407864
1.15.0,core/src/main/java/org/apache/calcite/rel/RelHomogeneousShuttle.java,0,0,0.06322400587746727
1.15.0,core/src/main/java/org/apache/calcite/rel/RelShuttle.java,0,0,0.08815517606508688
1.15.0,core/src/main/java/org/apache/calcite/rel/RelShuttleImpl.java,0,0,0.39960692555256727
1.15.0,core/src/main/java/org/apache/calcite/rex/RexPatternFieldRef.java,0,0,0.11048737740552596
1.15.0,core/src/main/java/org/apache/calcite/sql/SqlFunctionCategory.java,0,0,0.312537848218043
1.15.0,core/src/main/java/org/apache/calcite/sql2rel/RelStructuredTypeFlattener.java,0,0,0.4430157298073088
1.15.0,core/src/main/java/org/apache/calcite/sql/validate/MatchRecognizeNamespace.java,0,0,0.12742286732588107
1.15.0,core/src/main/java/org/apache/calcite/sql/validate/SqlValidator.java,0,0,0.18602122656399847
1.15.0,core/src/main/java/org/apache/calcite/schema/impl/ReflectiveFunctionBase.java,0,0,0.28990161167890655
1.15.0,plus/src/main/java/org/apache/calcite/adapter/os/SqlShell.java,0,1,0.9994281362971531
1.15.0,core/src/main/java/org/apache/calcite/plan/ConventionTraitDef.java,0,1,0.7451677370027249
1.15.0,core/src/main/java/org/apache/calcite/plan/RelCompositeTrait.java,0,0,0.3136773738342579
1.15.0,core/src/main/java/org/apache/calcite/plan/RexImplicationChecker.java,0,1,0.9801968435980252
1.15.0,core/src/main/java/org/apache/calcite/rex/RexWindowBound.java,0,1,0.6513093081819987
1.15.0,core/src/main/java/org/apache/calcite/rex/RexSqlStandardConvertletTable.java,0,0,0.1154109935394857
1.15.0,core/src/main/java/org/apache/calcite/runtime/FlatLists.java,1,0,0.3915386125617415
1.15.0,core/src/main/java/org/apache/calcite/runtime/ResultSetEnumerable.java,0,1,0.547351503706236
1.15.0,core/src/main/java/org/apache/calcite/sql/SqlDescribeSchema.java,0,0,0.349964214625689
1.15.0,core/src/main/java/org/apache/calcite/sql/SqlDescribeTable.java,0,0,0.3248900216987613
1.15.0,core/src/main/java/org/apache/calcite/sql/SqlUtil.java,0,1,0.7717530584975841
1.15.0,core/src/main/java/org/apache/calcite/tools/Frameworks.java,0,1,0.7481458251925969
1.15.0,core/src/main/java/org/apache/calcite/util/CompatibleGuava11.java,0,0,0.49372631236769093
1.15.0,core/src/main/java/org/apache/calcite/util/ImmutableIntList.java,0,0,8.859280150191517e-08
1.15.0,core/src/main/java/org/apache/calcite/util/ImmutableNullableList.java,0,0,0.3794034421222035
1.15.0,core/src/main/java/org/apache/calcite/util/ReflectUtil.java,0,0,0.017441324385509813
1.15.0,core/src/main/java/org/apache/calcite/adapter/clone/ArrayTable.java,0,0,0.006184623669278967
1.15.0,core/src/main/java/org/apache/calcite/adapter/enumerable/EnumerableRelImplementor.java,1,1,0.9360243457331758
1.15.0,core/src/main/java/org/apache/calcite/adapter/java/ReflectiveSchema.java,0,0,0.0849922367877941
1.15.0,core/src/main/java/org/apache/calcite/adapter/jdbc/JdbcTable.java,0,1,0.5629928485393414
1.15.0,core/src/main/java/org/apache/calcite/plan/hep/HepInstruction.java,0,1,0.8145046566153898
1.15.0,core/src/main/java/org/apache/calcite/rel/metadata/ReflectiveRelMetadataProvider.java,0,1,0.8713061227546979
1.15.0,core/src/main/java/org/apache/calcite/rel/metadata/RelMetadataProvider.java,0,0,0.19885290160138316
1.15.0,core/src/main/java/org/apache/calcite/sql/fun/SqlDatetimeSubtractionOperator.java,1,0,0.055492653033033426
1.15.0,core/src/main/java/org/apache/calcite/sql/type/OperandTypes.java,0,0,3.999351556894314e-06
1.15.0,core/src/main/java/org/apache/calcite/sql/util/SqlBasicVisitor.java,0,1,0.568161467706957
1.15.0,core/src/main/java/org/apache/calcite/util/trace/CalciteTrace.java,0,0,0.026606653215433193
1.15.0,cassandra/src/main/java/org/apache/calcite/adapter/cassandra/CassandraLimit.java,0,0,0.17800832598562225
1.15.0,cassandra/src/main/java/org/apache/calcite/adapter/cassandra/CassandraTable.java,0,1,0.9712507630524695
1.15.0,mongodb/src/main/java/org/apache/calcite/adapter/mongodb/MongoRules.java,0,0,0.3098916421480254
1.15.0,plus/src/main/java/org/apache/calcite/adapter/os/PsTableFunction.java,0,1,0.8882717814333875
1.15.0,plus/src/main/java/org/apache/calcite/adapter/os/VmstatTableFunction.java,0,1,0.8632274091835461
1.15.0,plus/src/main/java/org/apache/calcite/adapter/tpcds/TpcdsSchema.java,0,0,0.33966185454573916
1.15.0,plus/src/main/java/org/apache/calcite/adapter/tpch/TpchSchema.java,0,0,0.08542061168429917
1.15.0,spark/src/main/java/org/apache/calcite/adapter/spark/SparkRuntime.java,0,0,0.05013473514221608
1.15.0,splunk/src/main/java/org/apache/calcite/adapter/splunk/SplunkTable.java,0,0,0.20074402353907772
1.15.0,linq4j/src/main/java/org/apache/calcite/linq4j/EnumerableDefaults.java,0,1,0.9353792886692913
1.15.0,linq4j/src/main/java/org/apache/calcite/linq4j/Linq4j.java,0,0,0.005516370439799221
1.15.0,linq4j/src/main/java/org/apache/calcite/linq4j/Ord.java,0,1,0.6417652249012417
1.15.0,linq4j/src/main/java/org/apache/calcite/linq4j/QueryableDefaults.java,0,0,0.20489712402177707
1.15.0,linq4j/src/main/java/org/apache/calcite/linq4j/QueryProviderImpl.java,0,1,0.5771369068597781
1.15.0,linq4j/src/main/java/org/apache/calcite/linq4j/function/Functions.java,0,0,6.68291660443675e-08
1.15.0,linq4j/src/main/java/org/apache/calcite/linq4j/tree/ClassDeclarationFinder.java,0,0,0.4337781158635138
1.15.0,linq4j/src/main/java/org/apache/calcite/linq4j/tree/Expressions.java,0,0,0.2845899741017891
1.15.0,linq4j/src/main/java/org/apache/calcite/linq4j/tree/FunctionExpression.java,0,1,0.626847851993971
1.15.0,linq4j/src/main/java/org/apache/calcite/linq4j/tree/OptimizeShuttle.java,0,1,0.8657038176308086
1.15.0,ubenchmark/src/main/java/org/apache/calcite/benchmarks/StatementTest.java,0,0,0.00042422744371276076
1.15.0,core/src/main/java/org/apache/calcite/rel/type/RelDataTypeSystem.java,0,0,0.16827316415843765
1.15.0,core/src/main/java/org/apache/calcite/sql/fun/SqlAvgAggFunction.java,0,0,0.18431600752637534
1.15.0,core/src/main/java/org/apache/calcite/sql/type/ReturnTypes.java,0,0,0.0003116231493429973
1.15.0,core/src/main/java/org/apache/calcite/plan/VisitorDataContext.java,0,0,0.36553325591194913
1.15.0,core/src/main/java/org/apache/calcite/tools/Programs.java,0,0,0.20879450535201172
1.15.0,core/src/main/java/org/apache/calcite/rel/rules/ProjectFilterTransposeRule.java,0,0,0.3078904406171403
1.15.0,core/src/main/java/org/apache/calcite/rel/rules/ProjectJoinTransposeRule.java,0,0,0.3244831462336656
1.15.0,core/src/main/java/org/apache/calcite/rel/rules/ProjectSetOpTransposeRule.java,0,0,0.29853114988074975
1.15.0,core/src/main/java/org/apache/calcite/rel/rules/PushProjector.java,0,1,0.7752318708791478
1.15.0,core/src/main/java/org/apache/calcite/rel/rules/SemiJoinRule.java,0,0,0.3099792459948822
