version,file,true_label,predicted,probability
1.6.0,linq4j/src/main/java/org/apache/calcite/linq4j/CartesianProductEnumerator.java,0,0,0.008454494982087233
1.6.0,core/src/main/java/org/apache/calcite/interpreter/AbstractSingleNode.java,0,0,0.15189391808913272
1.6.0,core/src/main/java/org/apache/calcite/interpreter/Row.java,0,0,0.26541120777310206
1.6.0,core/src/main/java/org/apache/calcite/sql/SqlOperatorBinding.java,0,0,0.27934794570002475
1.6.0,core/src/main/java/org/apache/calcite/sql/fun/SqlAbstractTimeFunction.java,0,1,0.628629466187984
1.6.0,core/src/main/java/org/apache/calcite/sql/fun/SqlCurrentDateFunction.java,0,0,0.19019289373125622
1.6.0,core/src/main/java/org/apache/calcite/sql/fun/SqlDatetimeSubtractionOperator.java,0,0,0.1805354118861739
1.6.0,core/src/main/java/org/apache/calcite/sql/fun/SqlExtractFunction.java,0,1,0.7863843022692693
1.6.0,core/src/main/java/org/apache/calcite/sql/fun/SqlFloorFunction.java,0,1,0.6144952011175351
1.6.0,core/src/main/java/org/apache/calcite/sql/fun/SqlMonotonicBinaryOperator.java,0,0,0.4585398906057303
1.6.0,core/src/main/java/org/apache/calcite/sql/fun/SqlMonotonicUnaryFunction.java,0,0,0.26347175732681516
1.6.0,core/src/main/java/org/apache/calcite/sql/fun/SqlStringContextVariable.java,0,0,0.19019289373125622
1.6.0,core/src/main/java/org/apache/calcite/server/CalciteServerStatement.java,0,0,0.14476829110740758
1.6.0,core/src/main/java/org/apache/calcite/rel/rules/SemiJoinRule.java,0,0,0.44303559385497837
1.6.0,core/src/main/java/org/apache/calcite/sql/fun/SqlAbstractGroupFunction.java,0,1,0.6501415269840145
1.6.0,core/src/main/java/org/apache/calcite/sql/validate/AggregatingSelectScope.java,0,1,0.6717984297506804
1.6.0,core/src/main/java/org/apache/calcite/sql/validate/DelegatingScope.java,0,1,0.9011077162537153
1.6.0,core/src/main/java/org/apache/calcite/interpreter/SortNode.java,1,1,0.8400697265522523
1.6.0,core/src/main/java/org/apache/calcite/plan/RelCompositeTrait.java,0,0,0.08751881916452857
1.6.0,core/src/main/java/org/apache/calcite/plan/RelMultipleTrait.java,0,0,0.20834656917183603
1.6.0,core/src/main/java/org/apache/calcite/plan/RelTrait.java,0,0,0.2021984460120215
1.6.0,core/src/main/java/org/apache/calcite/plan/RelTraitDef.java,0,0,0.00768515968010551
1.6.0,core/src/main/java/org/apache/calcite/rel/RelCollation.java,0,0,0.2021984460120215
1.6.0,core/src/main/java/org/apache/calcite/adapter/enumerable/EnumerableCalcRule.java,0,0,0.1060972641808612
1.6.0,core/src/main/java/org/apache/calcite/adapter/enumerable/EnumerableFilterToCalcRule.java,0,0,0.14888552360558768
1.6.0,core/src/main/java/org/apache/calcite/adapter/enumerable/EnumerableMergeJoinRule.java,0,0,0.044456593849887455
1.6.0,core/src/main/java/org/apache/calcite/adapter/enumerable/EnumerableProjectToCalcRule.java,0,0,0.14888552360558768
1.6.0,core/src/main/java/org/apache/calcite/adapter/enumerable/EnumerableSort.java,0,0,0.4412414387347472
1.6.0,core/src/main/java/org/apache/calcite/adapter/enumerable/EnumerableSortRule.java,0,1,0.5689257401808008
1.6.0,core/src/main/java/org/apache/calcite/adapter/enumerable/EnumerableValuesRule.java,0,0,0.14814988848866176
1.6.0,core/src/main/java/org/apache/calcite/rel/core/JoinInfo.java,0,0,0.20329090649190104
1.6.0,core/src/main/java/org/apache/calcite/rel/logical/LogicalIntersect.java,0,0,0.15580836042005133
1.6.0,core/src/main/java/org/apache/calcite/rel/logical/LogicalMinus.java,0,0,0.20924235435053418
1.6.0,core/src/main/java/org/apache/calcite/rel/logical/LogicalSort.java,0,0,0.4860101520635858
1.6.0,core/src/main/java/org/apache/calcite/rel/logical/LogicalTableModify.java,0,0,0.36428247271085434
1.6.0,core/src/main/java/org/apache/calcite/rel/logical/LogicalUnion.java,0,0,0.3614645185133849
1.6.0,core/src/main/java/org/apache/calcite/rel/rules/FilterCalcMergeRule.java,0,0,0.06927927971319905
1.6.0,core/src/main/java/org/apache/calcite/rel/rules/FilterTableFunctionTransposeRule.java,0,0,0.13251170571554802
1.6.0,core/src/main/java/org/apache/calcite/rel/rules/FilterToCalcRule.java,0,0,0.09537623478338662
1.6.0,core/src/main/java/org/apache/calcite/rel/rules/ProjectCalcMergeRule.java,0,0,0.07255167851511363
1.6.0,core/src/main/java/org/apache/calcite/rel/rules/ProjectToCalcRule.java,0,0,0.09537623478338662
1.6.0,core/src/main/java/org/apache/calcite/rel/rules/ReduceDecimalsRule.java,0,1,0.9148389474367596
1.6.0,core/src/main/java/org/apache/calcite/rel/rules/ValuesReduceRule.java,1,1,0.5625916836116084
1.6.0,core/src/main/java/org/apache/calcite/sql/util/SqlShuttle.java,0,1,0.5985095076985624
1.6.0,splunk/src/main/java/org/apache/calcite/adapter/splunk/SplunkPushDownRule.java,0,0,0.0019326105041518598
1.6.0,core/src/main/java/org/apache/calcite/sql/type/SqlTypeTransforms.java,0,0,0.32030694781278285
1.6.0,core/src/main/java/org/apache/calcite/util/ChunkList.java,0,0,0.2897902219903538
1.6.0,core/src/main/java/org/apache/calcite/plan/MaterializedViewSubstitutionVisitor.java,0,0,0.009804760345351025
1.6.0,core/src/main/java/org/apache/calcite/interpreter/BindableConvention.java,0,0,0.3020914200391704
1.6.0,core/src/main/java/org/apache/calcite/interpreter/BindableRel.java,0,0,0.20712040943669147
1.6.0,core/src/main/java/org/apache/calcite/interpreter/Context.java,0,0,0.14513368936108814
1.6.0,core/src/main/java/org/apache/calcite/interpreter/FilterNode.java,0,1,0.6249363478144824
1.6.0,core/src/main/java/org/apache/calcite/interpreter/InterpretableConvention.java,0,0,0.07674351120551529
1.6.0,core/src/main/java/org/apache/calcite/interpreter/InterpretableConverter.java,0,0,0.20712040943669147
1.6.0,core/src/main/java/org/apache/calcite/interpreter/InterpretableRel.java,0,0,0.20712040943669147
1.6.0,core/src/main/java/org/apache/calcite/interpreter/Interpreters.java,0,0,0.1360265651640079
1.6.0,core/src/main/java/org/apache/calcite/interpreter/NoneToBindableConverterRule.java,0,0,0.1215530008769645
1.6.0,core/src/main/java/org/apache/calcite/interpreter/Scalar.java,0,0,0.20169038338846823
1.6.0,core/src/main/java/org/apache/calcite/interpreter/UnionNode.java,0,1,0.6398756613519101
1.6.0,core/src/main/java/org/apache/calcite/interpreter/WindowNode.java,0,0,0.25440495879704117
1.6.0,core/src/main/java/org/apache/calcite/rex/RexExecutorImpl.java,0,1,0.6008849012882109
1.6.0,core/src/main/java/org/apache/calcite/runtime/ArrayBindable.java,0,0,0.20712040943669147
1.6.0,core/src/main/java/org/apache/calcite/prepare/CalciteCatalogReader.java,0,1,0.983793281546024
1.6.0,core/src/main/java/org/apache/calcite/adapter/enumerable/AggImpState.java,0,0,0.4696669085694472
1.6.0,core/src/main/java/org/apache/calcite/adapter/enumerable/EnumerableBindable.java,0,0,0.20712040943669147
1.6.0,core/src/main/java/org/apache/calcite/adapter/enumerable/EnumerableConvention.java,0,0,0.23780874880128133
1.6.0,core/src/main/java/org/apache/calcite/runtime/SqlFunctions.java,1,1,0.9999999732859735
1.6.0,core/src/main/java/org/apache/calcite/runtime/Utilities.java,0,0,0.09552277466307837
1.6.0,core/src/main/java/org/apache/calcite/adapter/enumerable/EnumerableFilterRule.java,0,0,0.14814988848866176
1.6.0,core/src/main/java/org/apache/calcite/adapter/enumerable/EnumerableInterpretable.java,0,1,0.6953942734757803
1.6.0,core/src/main/java/org/apache/calcite/adapter/java/ReflectiveSchema.java,0,0,0.027363299866260442
1.6.0,core/src/main/java/org/apache/calcite/rel/convert/ConverterRule.java,0,1,0.5580783016403187
1.6.0,core/src/main/java/org/apache/calcite/sql/SqlUtil.java,0,0,0.4818959594975241
1.6.0,core/src/main/java/org/apache/calcite/util/BuiltInMethod.java,1,1,0.8329456426685441
1.6.0,core/src/main/java/org/apache/calcite/adapter/enumerable/EnumerableRelImplementor.java,1,1,0.5693895900374255
1.6.0,core/src/main/java/org/apache/calcite/adapter/enumerable/EnumUtils.java,0,1,0.7397558854124906
1.6.0,core/src/main/java/org/apache/calcite/adapter/enumerable/ReflectiveCallNotNullImplementor.java,0,1,0.6662686403646343
1.6.0,core/src/main/java/org/apache/calcite/adapter/enumerable/RexToLixTranslator.java,1,1,0.7410282707574045
1.6.0,core/src/main/java/org/apache/calcite/adapter/enumerable/StrictAggImplementor.java,0,1,0.5540824254764241
1.6.0,core/src/main/java/org/apache/calcite/rel/rules/SubQueryRemoveRule.java,1,1,0.8992120348342526
1.6.0,spark/src/main/java/org/apache/calcite/adapter/spark/SparkHandlerImpl.java,0,0,6.733805014098595e-06
1.6.0,core/src/main/java/org/apache/calcite/sql/type/SqlTypeExplicitPrecedenceList.java,1,1,0.5801320307175417
1.6.0,linq4j/src/main/java/org/apache/calcite/linq4j/tree/ConditionalExpression.java,0,0,0.09341895152532628
1.6.0,core/src/main/java/org/apache/calcite/plan/RelOptPlanner.java,0,0,0.008830688080777117
1.6.0,core/src/main/java/org/apache/calcite/prepare/PlannerImpl.java,0,1,0.9880039752499377
1.6.0,core/src/main/java/org/apache/calcite/tools/FrameworkConfig.java,0,0,0.27115443981382936
1.6.0,core/src/main/java/org/apache/calcite/tools/Frameworks.java,0,1,0.5565249175605365
1.6.0,mongodb/src/main/java/org/apache/calcite/adapter/mongodb/MongoAggregate.java,0,1,0.7499795800741006
1.6.0,core/src/main/java/org/apache/calcite/adapter/jdbc/JdbcUtils.java,0,1,0.7806083691348018
1.6.0,core/src/main/java/org/apache/calcite/sql/SqlDialect.java,0,0,0.000796574323136156
1.6.0,core/src/main/java/org/apache/calcite/sql/SqlSelectOperator.java,1,1,0.7067707110485235
1.6.0,core/src/main/java/org/apache/calcite/rel/rel2sql/RelToSqlConverter.java,1,0,0.01455427130934944
1.6.0,core/src/main/java/org/apache/calcite/config/CalciteConnectionConfig.java,0,0,0.3025065264894172
1.6.0,core/src/main/java/org/apache/calcite/config/CalciteConnectionConfigImpl.java,0,0,0.20782210888395294
1.6.0,core/src/main/java/org/apache/calcite/config/CalciteConnectionProperty.java,0,0,0.3593908777201576
1.6.0,core/src/main/java/org/apache/calcite/config/NullCollation.java,0,1,0.5180157957183844
1.6.0,core/src/main/java/org/apache/calcite/rel/RelCollationImpl.java,0,0,0.2601391575184852
1.6.0,core/src/main/java/org/apache/calcite/rel/RelCollations.java,0,0,0.23168574755807614
1.6.0,core/src/main/java/org/apache/calcite/rel/RelFieldCollation.java,0,0,0.16425853801690726
1.6.0,core/src/main/java/org/apache/calcite/rex/RexFieldCollation.java,0,1,0.5521244960381024
1.6.0,core/src/main/java/org/apache/calcite/schema/ExtensibleTable.java,0,0,0.20404277695038606
1.6.0,core/src/main/java/org/apache/calcite/sql/SqlDelete.java,0,0,0.2995238617840295
1.6.0,core/src/main/java/org/apache/calcite/plan/RelTraitSet.java,0,0,0.297618320150147
1.6.0,core/src/main/java/org/apache/calcite/materialize/MaterializationActor.java,0,0,0.35883012921175234
1.6.0,core/src/main/java/org/apache/calcite/materialize/MaterializationService.java,0,0,0.19786847264863103
1.6.0,core/src/main/java/org/apache/calcite/model/JsonMaterialization.java,0,0,0.04443044408011591
1.6.0,core/src/main/java/org/apache/calcite/schema/impl/MaterializedViewTable.java,0,0,0.04800613589775585
1.6.0,linq4j/src/main/java/org/apache/calcite/linq4j/tree/Primitive.java,0,0,0.12479787270729935
1.6.0,core/src/main/java/org/apache/calcite/sql/validate/ProcedureNamespace.java,1,1,0.7078822917746377
1.6.0,core/src/main/java/org/apache/calcite/sql/validate/SqlUserDefinedTableMacro.java,0,1,0.8604676957660623
1.6.0,core/src/main/java/org/apache/calcite/adapter/clone/ColumnLoader.java,0,1,0.9877601029543306
1.6.0,linq4j/src/main/java/org/apache/calcite/linq4j/tree/ConstructorDeclaration.java,0,0,0.12515226673547739
1.6.0,linq4j/src/main/java/org/apache/calcite/linq4j/tree/MethodDeclaration.java,0,0,0.3392014291012006
1.6.0,core/src/main/java/org/apache/calcite/rel/type/RelCrossType.java,0,1,0.6125987392366512
1.6.0,core/src/main/java/org/apache/calcite/prepare/CalcitePrepareImpl.java,1,1,0.9998643136202648
1.6.0,core/src/main/java/org/apache/calcite/sql/SqlUnnestOperator.java,0,1,0.6939928612207732
1.6.0,mongodb/src/main/java/org/apache/calcite/adapter/mongodb/MongoEnumerator.java,0,0,0.4633513171804866
1.6.0,core/src/main/java/org/apache/calcite/adapter/enumerable/EnumerableUncollect.java,0,1,0.6833638872253608
1.6.0,core/src/main/java/org/apache/calcite/adapter/enumerable/EnumerableUncollectRule.java,0,0,0.18326963097643664
1.6.0,core/src/main/java/org/apache/calcite/adapter/enumerable/PhysType.java,0,0,0.35755631216701844
1.6.0,core/src/main/java/org/apache/calcite/adapter/enumerable/PhysTypeImpl.java,1,1,0.997432662353906
1.6.0,core/src/main/java/org/apache/calcite/rel/core/Uncollect.java,0,0,0.2736381267743807
1.6.0,core/src/main/java/org/apache/calcite/rel/rules/ProjectMergeRule.java,0,1,0.9574281474116821
1.6.0,core/src/main/java/org/apache/calcite/sql/fun/SqlMultisetQueryConstructor.java,0,0,0.35130026364203065
1.6.0,core/src/main/java/org/apache/calcite/sql/fun/SqlStdOperatorTable.java,0,1,0.8555554627658893
1.6.0,core/src/main/java/org/apache/calcite/sql/validate/AbstractNamespace.java,1,1,0.6726850003144176
1.6.0,core/src/main/java/org/apache/calcite/sql/validate/AliasNamespace.java,1,1,0.6481247588230099
1.6.0,core/src/main/java/org/apache/calcite/sql/validate/UnnestNamespace.java,1,1,0.5322602408663983
1.6.0,core/src/main/java/org/apache/calcite/rel/rules/MultiJoin.java,0,0,0.4532030874942939
1.6.0,core/src/main/java/org/apache/calcite/rel/rules/AggregateProjectMergeRule.java,0,1,0.7616109128093524
1.6.0,core/src/main/java/org/apache/calcite/rel/rules/ProjectFilterTransposeRule.java,0,1,0.6675800973609262
1.6.0,core/src/main/java/org/apache/calcite/plan/RelOptTable.java,0,0,0.16874259094727517
1.6.0,core/src/main/java/org/apache/calcite/prepare/CalciteMaterializer.java,0,1,0.8253017295299655
1.6.0,core/src/main/java/org/apache/calcite/prepare/LixToRelTranslator.java,0,1,0.6381914157363869
1.6.0,core/src/main/java/org/apache/calcite/rel/RelCollationTraitDef.java,1,0,0.4243193948289697
1.6.0,core/src/main/java/org/apache/calcite/rel/RelInput.java,0,0,0.11464144898992495
1.6.0,core/src/main/java/org/apache/calcite/tools/RuleSets.java,0,0,0.3215189539048446
1.6.0,avatica/src/main/java/org/apache/calcite/avatica/Meta.java,1,1,0.999999896052345
1.6.0,avatica/src/main/java/org/apache/calcite/avatica/proto/Common.java,0,0,1.05469339830747e-24
1.6.0,core/src/main/java/org/apache/calcite/adapter/enumerable/EnumerableProjectRule.java,0,0,0.21500091209236907
1.6.0,core/src/main/java/org/apache/calcite/rel/externalize/RelJsonReader.java,0,0,0.044998266021337385
1.6.0,core/src/main/java/org/apache/calcite/schema/impl/ViewTable.java,0,0,0.02680208901455902
1.6.0,core/src/main/java/org/apache/calcite/util/JsonBuilder.java,0,1,0.6857774053926439
1.6.0,core/src/main/java/org/apache/calcite/materialize/CachingLatticeStatisticProvider.java,0,0,0.038049203400708116
1.6.0,core/src/main/java/org/apache/calcite/materialize/DelegatingLatticeStatisticProvider.java,0,0,0.3510808629800682
1.6.0,core/src/main/java/org/apache/calcite/materialize/Lattices.java,0,0,0.05792118577543621
1.6.0,core/src/main/java/org/apache/calcite/materialize/LatticeStatisticProvider.java,0,0,0.2174518696545869
1.6.0,core/src/main/java/org/apache/calcite/materialize/SqlLatticeStatisticProvider.java,0,0,0.11573177004717591
1.6.0,core/src/main/java/org/apache/calcite/sql/SqlAggFunction.java,0,1,0.5626760222722634
1.6.0,core/src/main/java/org/apache/calcite/sql/SqlRankFunction.java,0,0,0.1938409450402751
1.6.0,core/src/main/java/org/apache/calcite/sql/fun/SqlAvgAggFunction.java,0,1,0.6251348338755972
1.6.0,core/src/main/java/org/apache/calcite/sql/fun/SqlCovarAggFunction.java,0,1,0.5754925584141786
1.6.0,core/src/main/java/org/apache/calcite/sql/fun/SqlFirstLastValueAggFunction.java,0,1,0.5172282282048699
1.6.0,core/src/main/java/org/apache/calcite/sql/fun/SqlHistogramAggFunction.java,0,0,0.34349583881960055
1.6.0,core/src/main/java/org/apache/calcite/sql/fun/SqlLeadLagAggFunction.java,0,1,0.6010074164309441
1.6.0,core/src/main/java/org/apache/calcite/sql/fun/SqlMinMaxAggFunction.java,0,1,0.5157251833369005
1.6.0,core/src/main/java/org/apache/calcite/sql/fun/SqlNtileAggFunction.java,0,0,0.20789349519017164
1.6.0,core/src/main/java/org/apache/calcite/sql/fun/SqlSingleValueAggFunction.java,0,0,0.34609024145275563
1.6.0,core/src/main/java/org/apache/calcite/sql/fun/SqlSumAggFunction.java,0,1,0.6544876430628483
1.6.0,avatica/src/main/java/org/apache/calcite/avatica/remote/Service.java,0,1,0.9999999998561901
1.6.0,core/src/main/java/org/apache/calcite/tools/PigRelBuilder.java,0,1,0.7394668730958961
1.6.0,core/src/main/java/org/apache/calcite/schema/StreamableTable.java,0,0,0.21037776791327403
1.6.0,core/src/main/java/org/apache/calcite/sql/SqlSelectKeyword.java,0,0,0.14814988848866176
1.6.0,avatica/src/main/java/org/apache/calcite/avatica/util/PackageMarker.java,0,0,0.20597125422567422
1.6.0,linq4j/src/main/java/org/apache/calcite/linq4j/PackageMarker.java,0,0,0.20597125422567422
1.6.0,core/src/main/java/org/apache/calcite/rel/stream/Chi.java,0,0,0.07859752966107182
1.6.0,core/src/main/java/org/apache/calcite/rel/stream/Delta.java,0,0,0.2074444985266424
1.6.0,core/src/main/java/org/apache/calcite/rel/stream/LogicalChi.java,0,0,0.21037776791327403
1.6.0,core/src/main/java/org/apache/calcite/rel/stream/LogicalDelta.java,0,0,0.12490299881699472
1.6.0,core/src/main/java/org/apache/calcite/sql/advise/SqlAdvisorValidator.java,1,0,0.4229065373889139
1.6.0,core/src/main/java/org/apache/calcite/sql/fun/SqlCollectionTableOperator.java,0,0,0.22456510518946637
1.6.0,core/src/main/java/org/apache/calcite/sql/type/CompositeSingleOperandTypeChecker.java,0,0,0.4750607345552615
1.6.0,core/src/main/java/org/apache/calcite/sql/validate/IdentifierNamespace.java,1,1,0.7089798999141596
1.6.0,core/src/main/java/org/apache/calcite/sql/validate/SetopNamespace.java,1,0,0.4071713279661466
1.6.0,core/src/main/java/org/apache/calcite/sql/validate/SqlModality.java,0,0,0.15456642895268222
1.6.0,core/src/main/java/org/apache/calcite/sql/validate/SqlValidatorNamespace.java,1,0,0.2021984460120215
1.6.0,core/src/main/java/org/apache/calcite/sql/validate/SqlValidatorTable.java,0,0,0.2021984460120215
1.6.0,core/src/main/java/org/apache/calcite/sql/validate/TableConstructorNamespace.java,1,1,0.6119712039357228
1.6.0,core/src/main/java/org/apache/calcite/sql/validate/TableNamespace.java,1,1,0.5689257401808008
1.6.0,linq4j/src/main/java/org/apache/calcite/linq4j/tree/Visitor.java,0,0,0.19943042668519512
1.6.0,core/src/main/java/org/apache/calcite/sql/fun/SqlCountAggFunction.java,0,1,0.6076504116312389
1.6.0,core/src/main/java/org/apache/calcite/sql/fun/SqlSumEmptyIsZeroAggFunction.java,1,1,0.544406761924052
1.6.0,core/src/main/java/org/apache/calcite/sql/validate/SqlUserDefinedAggFunction.java,0,0,0.32819299262070284
1.6.0,core/src/main/java/org/apache/calcite/rel/rules/AggregateExpandDistinctAggregatesRule.java,1,1,0.7341201017458306
1.6.0,core/src/main/java/org/apache/calcite/rel/rules/AggregateUnionAggregateRule.java,0,1,0.6223402185020175
1.6.0,core/src/main/java/org/apache/calcite/util/Static.java,0,0,0.01044007759414735
1.6.0,core/src/main/java/org/apache/calcite/sql/advise/SqlAdvisor.java,0,0,0.013292830429923365
1.6.0,core/src/main/java/org/apache/calcite/sql/parser/SqlParserPos.java,0,1,0.8483246424490337
1.6.0,core/src/main/java/org/apache/calcite/sql/validate/CatalogScope.java,0,1,0.6484983586838758
1.6.0,core/src/main/java/org/apache/calcite/sql/validate/EmptyScope.java,0,0,0.01452401352683941
1.6.0,core/src/main/java/org/apache/calcite/sql/validate/ListScope.java,0,0,0.43091865304483135
1.6.0,core/src/main/java/org/apache/calcite/sql/validate/OrderByScope.java,0,1,0.5527349773546035
1.6.0,core/src/main/java/org/apache/calcite/sql/validate/ParameterScope.java,0,0,0.2890496355148787
1.6.0,core/src/main/java/org/apache/calcite/sql/validate/SchemaNamespace.java,1,0,0.20122389730476456
1.6.0,core/src/main/java/org/apache/calcite/sql/validate/SelectScope.java,0,1,0.6045988504275281
1.6.0,core/src/main/java/org/apache/calcite/sql/validate/SqlMoniker.java,0,0,0.332305626955365
1.6.0,core/src/main/java/org/apache/calcite/sql/validate/SqlMonikerImpl.java,0,0,0.28554405819985346
1.6.0,core/src/main/java/org/apache/calcite/sql/validate/SqlMonikerType.java,0,0,0.14814988848866176
1.6.0,core/src/main/java/org/apache/calcite/sql/validate/SqlQualified.java,0,0,0.3544587508679497
1.6.0,core/src/main/java/org/apache/calcite/sql/validate/SqlValidatorCatalogReader.java,0,0,0.2021984460120215
1.6.0,core/src/main/java/org/apache/calcite/sql/validate/SqlValidatorScope.java,0,0,0.20559927307636597
1.6.0,core/src/main/java/org/apache/calcite/sql/validate/WithScope.java,1,1,0.5109723630461357
1.6.0,core/src/main/java/org/apache/calcite/rel/rules/ProjectRemoveRule.java,0,0,0.4212226123568483
1.6.0,core/src/main/java/org/apache/calcite/runtime/Enumerables.java,0,0,5.566159058165786e-05
1.6.0,linq4j/src/main/java/org/apache/calcite/linq4j/tree/FunctionExpression.java,0,0,0.46322524907997953
1.6.0,core/src/main/java/org/apache/calcite/rex/RexSlot.java,0,1,0.8003342712775202
1.6.0,avatica-server/src/main/java/org/apache/calcite/avatica/server/HandlerFactory.java,0,1,0.7316408920634633
1.6.0,avatica-server/src/main/java/org/apache/calcite/avatica/server/Main.java,0,0,0.22973214554617913
1.6.0,avatica/src/main/java/org/apache/calcite/avatica/AvaticaParameter.java,0,0,0.004848912098027489
1.6.0,avatica/src/main/java/org/apache/calcite/avatica/AvaticaUtils.java,0,0,2.7492498098795264e-07
1.6.0,avatica/src/main/java/org/apache/calcite/avatica/ConnectionConfigImpl.java,0,0,0.45395274198561025
1.6.0,avatica/src/main/java/org/apache/calcite/avatica/ConnectionPropertiesImpl.java,0,0,0.0521500854582119
1.6.0,avatica/src/main/java/org/apache/calcite/avatica/remote/AvaticaRemoteConnectionProperty.java,0,0,0.06065128803642569
1.6.0,avatica/src/main/java/org/apache/calcite/avatica/remote/LocalProtobufService.java,0,0,0.14940063096110837
1.6.0,avatica/src/main/java/org/apache/calcite/avatica/remote/ProtobufTranslation.java,0,0,0.289525779167048
1.6.0,avatica/src/main/java/org/apache/calcite/avatica/remote/RequestTranslator.java,0,0,0.17422240374638254
1.6.0,avatica/src/main/java/org/apache/calcite/avatica/remote/ResponseTranslator.java,0,0,0.17422240374638254
1.6.0,avatica/src/main/java/org/apache/calcite/avatica/remote/TypedValue.java,0,0,0.0015921927095975767
1.6.0,core/src/main/java/org/apache/calcite/adapter/enumerable/EnumerableAggregateRule.java,0,0,0.14046709321541065
1.6.0,core/src/main/java/org/apache/calcite/sql/fun/SqlThrowOperator.java,0,0,0.12632632020073067
1.6.0,core/src/main/java/org/apache/calcite/sql/SqlCallBinding.java,1,1,0.9231997049829369
1.6.0,core/src/main/java/org/apache/calcite/plan/RelOptRuleCall.java,0,1,0.9648988919229339
1.6.0,core/src/main/java/org/apache/calcite/plan/volcano/VolcanoRuleCall.java,0,0,1.3021626651237504e-05
1.6.0,core/src/main/java/org/apache/calcite/plan/volcano/VolcanoRuleMatch.java,0,1,0.7562797787721611
1.6.0,core/src/main/java/org/apache/calcite/plan/RelOptLattice.java,0,0,0.4961799615130759
1.6.0,core/src/main/java/org/apache/calcite/plan/Strong.java,0,0,0.1563437977146189
1.6.0,core/src/main/java/org/apache/calcite/rel/rules/JoinAssociateRule.java,0,0,0.47831288504077224
1.6.0,core/src/main/java/org/apache/calcite/rel/rules/JoinToMultiJoinRule.java,0,0,0.01942560414671332
1.6.0,plus/src/main/java/org/apache/calcite/adapter/tpcds/TpcdsSchema.java,0,0,0.05803067098505083
1.6.0,core/src/main/java/org/apache/calcite/sql/type/ReturnTypes.java,0,0,1.0311871428420377e-06
1.6.0,core/src/main/java/org/apache/calcite/sql/type/SqlTypeName.java,0,0,9.313665737177271e-06
1.6.0,core/src/main/java/org/apache/calcite/DataContext.java,0,0,0.32656744484846967
1.6.0,core/src/main/java/org/apache/calcite/jdbc/CalciteConnection.java,0,0,0.14476829110740758
1.6.0,core/src/main/java/org/apache/calcite/jdbc/CalciteFactory.java,0,0,0.3275879048514102
1.6.0,core/src/main/java/org/apache/calcite/materialize/MaterializationKey.java,0,0,0.07933806766240283
1.6.0,core/src/main/java/org/apache/calcite/plan/Context.java,0,0,0.2021984460120215
1.6.0,core/src/main/java/org/apache/calcite/plan/Convention.java,0,0,0.11852168402168463
1.6.0,core/src/main/java/org/apache/calcite/plan/MulticastRelOptListener.java,0,0,0.2021984460120215
1.6.0,core/src/main/java/org/apache/calcite/plan/RelOptCostImpl.java,0,0,0.00016457822794217937
1.6.0,core/src/main/java/org/apache/calcite/plan/RelOptListener.java,0,0,0.2021984460120215
1.6.0,core/src/main/java/org/apache/calcite/plan/RelOptSchema.java,0,0,0.08806380521014687
1.6.0,core/src/main/java/org/apache/calcite/plan/RelTraitPropagationVisitor.java,0,0,0.47305945152035606
1.6.0,core/src/main/java/org/apache/calcite/plan/TableAccessMap.java,0,0,0.2021984460120215
1.6.0,core/src/main/java/org/apache/calcite/prepare/CalciteSqlValidator.java,0,0,0.13086068809402351
1.6.0,core/src/main/java/org/apache/calcite/rel/RelWriter.java,0,0,0.2021984460120215
1.6.0,core/src/main/java/org/apache/calcite/rex/RexExecutable.java,0,1,0.5072437629018962
1.6.0,core/src/main/java/org/apache/calcite/rex/RexPermutationShuttle.java,0,0,0.2021984460120215
1.6.0,core/src/main/java/org/apache/calcite/rex/RexPermuteInputsShuttle.java,0,0,0.13349951195276333
1.6.0,core/src/main/java/org/apache/calcite/rex/RexSqlConvertlet.java,0,0,0.2021984460120215
1.6.0,core/src/main/java/org/apache/calcite/rex/RexSqlReflectiveConvertletTable.java,0,0,0.09741774847173562
1.6.0,core/src/main/java/org/apache/calcite/rex/RexSqlStandardConvertletTable.java,0,0,0.2021984460120215
1.6.0,core/src/main/java/org/apache/calcite/rex/RexToSqlNodeConverter.java,0,0,0.2021984460120215
1.6.0,core/src/main/java/org/apache/calcite/rex/RexToSqlNodeConverterImpl.java,0,0,0.2021984460120215
1.6.0,core/src/main/java/org/apache/calcite/rex/RexTransformer.java,0,1,0.559450603535913
1.6.0,core/src/main/java/org/apache/calcite/rex/RexVariable.java,0,1,0.5557629798266728
1.6.0,core/src/main/java/org/apache/calcite/rex/RexWindow.java,0,1,0.5806956419301493
1.6.0,core/src/main/java/org/apache/calcite/rex/RexWindowBound.java,0,1,0.5719116818492046
1.6.0,core/src/main/java/org/apache/calcite/runtime/BinarySearch.java,0,1,0.5326222707353294
1.6.0,core/src/main/java/org/apache/calcite/runtime/Bindable.java,0,0,0.14755757326721672
1.6.0,core/src/main/java/org/apache/calcite/runtime/CalciteContextException.java,0,0,0.3293552051983705
1.6.0,core/src/main/java/org/apache/calcite/runtime/CalciteException.java,0,0,0.14814988848866176
1.6.0,core/src/main/java/org/apache/calcite/runtime/Feature.java,0,0,0.14814988848866176
1.6.0,core/src/main/java/org/apache/calcite/runtime/ResultSetEnumerable.java,0,0,0.03633627587011936
1.6.0,core/src/main/java/org/apache/calcite/runtime/SortedMultiMap.java,0,0,0.0008659187141297968
1.6.0,core/src/main/java/org/apache/calcite/schema/AggregateFunction.java,0,0,0.18702419067820533
1.6.0,core/src/main/java/org/apache/calcite/schema/FilterableTable.java,0,0,0.20071790104817874
1.6.0,core/src/main/java/org/apache/calcite/schema/ImplementableAggFunction.java,0,0,0.19193725669061848
1.6.0,core/src/main/java/org/apache/calcite/schema/ImplementableFunction.java,0,0,0.18896427138969696
1.6.0,core/src/main/java/org/apache/calcite/schema/Member.java,0,0,0.14476829110740758
1.6.0,core/src/main/java/org/apache/calcite/schema/ProjectableFilterableTable.java,0,0,0.20410019699972232
1.6.0,core/src/main/java/org/apache/calcite/schema/QueryableTable.java,0,0,0.18110100570102727
1.6.0,core/src/main/java/org/apache/calcite/schema/ScalarFunction.java,0,0,0.1818822407807496
1.6.0,core/src/main/java/org/apache/calcite/schema/ScannableTable.java,0,0,0.20071790104817874
1.6.0,core/src/main/java/org/apache/calcite/schema/Table.java,0,0,0.14894102429145903
1.6.0,core/src/main/java/org/apache/calcite/schema/TableFactory.java,0,0,0.16193689961415533
1.6.0,core/src/main/java/org/apache/calcite/schema/TableFunction.java,0,0,0.18896427138969696
1.6.0,core/src/main/java/org/apache/calcite/schema/TranslatableTable.java,0,0,0.149832037023573
1.6.0,core/src/main/java/org/apache/calcite/sql/ExplicitOperatorBinding.java,0,0,0.1917457328586502
1.6.0,core/src/main/java/org/apache/calcite/sql/JoinConditionType.java,0,0,0.14814988848866176
1.6.0,core/src/main/java/org/apache/calcite/sql/JoinType.java,0,0,0.14814988848866176
1.6.0,core/src/main/java/org/apache/calcite/sql/SqlAbstractDateTimeLiteral.java,0,0,0.2535971375708958
1.6.0,core/src/main/java/org/apache/calcite/sql/SqlAbstractStringLiteral.java,0,0,0.14814988848866176
1.6.0,core/src/main/java/org/apache/calcite/sql/SqlAccessType.java,0,0,0.3107897103591673
1.6.0,core/src/main/java/org/apache/calcite/sql/SqlBasicCall.java,0,1,0.5291353357154438
1.6.0,core/src/main/java/org/apache/calcite/sql/SqlBinaryStringLiteral.java,0,0,0.43111660133904944
1.6.0,core/src/main/java/org/apache/calcite/sql/SqlCharStringLiteral.java,0,0,0.409923747363755
1.6.0,core/src/main/java/org/apache/calcite/sql/SqlCollation.java,0,0,2.9679031544281013e-05
1.6.0,core/src/main/java/org/apache/calcite/sql/SqlExplain.java,0,0,0.4283346191649668
1.6.0,core/src/main/java/org/apache/calcite/sql/SqlExplainLevel.java,0,0,0.14814988848866176
1.6.0,core/src/main/java/org/apache/calcite/sql/SqlFunctionalOperator.java,0,0,0.14814988848866176
1.6.0,core/src/main/java/org/apache/calcite/sql/SqlFunctionCategory.java,0,0,0.14814988848866176
1.6.0,core/src/main/java/org/apache/calcite/sql/SqlIntervalLiteral.java,0,0,0.09665585891768083
1.6.0,core/src/main/java/org/apache/calcite/sql/SqlNumericLiteral.java,0,0,0.02604183393075648
1.6.0,core/src/main/java/org/apache/calcite/sql/SqlOperatorTable.java,0,0,0.2021984460120215
1.6.0,core/src/main/java/org/apache/calcite/sql/SqlOrderBy.java,0,1,0.6645543256572561
1.6.0,core/src/main/java/org/apache/calcite/sql/SqlProcedureCallOperator.java,0,0,0.1475521697984408
1.6.0,core/src/main/java/org/apache/calcite/sql/SqlSampleSpec.java,0,0,1.5659267225693962e-07
1.6.0,core/src/main/java/org/apache/calcite/sql/SqlSelect.java,1,1,0.5794914332468328
1.6.0,core/src/main/java/org/apache/calcite/sql/SqlSetOperator.java,1,0,0.21671899251644322
1.6.0,core/src/main/java/org/apache/calcite/sql/SqlStateCodes.java,0,0,0.003179770361989249
1.6.0,core/src/main/java/org/apache/calcite/sql/SqlSyntax.java,0,0,0.40606778004056227
1.6.0,core/src/main/java/org/apache/calcite/sql2rel/DefaultValueFactory.java,0,0,0.2021984460120215
1.6.0,core/src/main/java/org/apache/calcite/sql2rel/ReflectiveConvertletTable.java,0,0,0.018675070984902887
1.6.0,core/src/main/java/org/apache/calcite/sql2rel/SqlNodeToRexConverter.java,0,0,0.2021984460120215
1.6.0,core/src/main/java/org/apache/calcite/sql2rel/SqlRexContext.java,0,0,0.2021984460120215
1.6.0,core/src/main/java/org/apache/calcite/sql2rel/SqlRexConvertlet.java,0,0,0.2021984460120215
1.6.0,core/src/main/java/org/apache/calcite/sql2rel/SqlRexConvertletTable.java,0,0,0.2021984460120215
1.6.0,core/src/main/java/org/apache/calcite/sql2rel/SubqueryConverter.java,0,0,0.2021984460120215
1.6.0,core/src/main/java/org/apache/calcite/tools/Program.java,0,0,0.2021984460120215
1.6.0,core/src/main/java/org/apache/calcite/tools/RuleSet.java,0,0,0.1799340573432374
1.6.0,core/src/main/java/org/apache/calcite/util/BarfingInvocationHandler.java,0,0,0.157567660687592
1.6.0,core/src/main/java/org/apache/calcite/util/BasicDatetime.java,0,0,0.2021984460120215
1.6.0,core/src/main/java/org/apache/calcite/util/Benchmark.java,0,0,0.10948375607234996
1.6.0,core/src/main/java/org/apache/calcite/util/BitString.java,0,1,0.6214885726470513
1.6.0,core/src/main/java/org/apache/calcite/util/CalciteParserException.java,0,0,0.2021984460120215
1.6.0,core/src/main/java/org/apache/calcite/util/CalciteValidatorException.java,0,0,0.2021984460120215
1.6.0,core/src/main/java/org/apache/calcite/util/CastingList.java,0,0,0.18756310645722682
1.6.0,core/src/main/java/org/apache/calcite/util/CompatibleGuava11.java,0,0,0.13741464431366013
1.6.0,core/src/main/java/org/apache/calcite/util/CompositeList.java,0,0,0.12267498688323471
1.6.0,core/src/main/java/org/apache/calcite/util/CompositeMap.java,0,0,0.4080711648356105
1.6.0,core/src/main/java/org/apache/calcite/util/CompoundClosableAllocation.java,0,0,0.2021984460120215
1.6.0,core/src/main/java/org/apache/calcite/util/ConversionUtil.java,0,0,5.437598640341949e-06
1.6.0,core/src/main/java/org/apache/calcite/util/DelegatingInvocationHandler.java,0,0,0.20559927307636597
1.6.0,core/src/main/java/org/apache/calcite/util/Filterator.java,0,1,0.7108916079685575
1.6.0,core/src/main/java/org/apache/calcite/util/IntegerIntervalSet.java,0,0,0.363185961906622
1.6.0,core/src/main/java/org/apache/calcite/util/IntList.java,0,0,0.004852734606340513
1.6.0,core/src/main/java/org/apache/calcite/util/NlsString.java,0,0,7.140446109167504e-08
1.6.0,core/src/main/java/org/apache/calcite/util/Pair.java,0,0,6.201046077060145e-07
1.6.0,core/src/main/java/org/apache/calcite/util/PartiallyOrderedSet.java,0,0,0.45370829778154015
1.6.0,core/src/main/java/org/apache/calcite/util/Permutation.java,0,0,0.003972591637578763
1.6.0,core/src/main/java/org/apache/calcite/util/ReflectiveVisitDispatcher.java,0,0,0.2021984460120215
1.6.0,core/src/main/java/org/apache/calcite/util/SaffronProperties.java,0,0,4.6353855503261535e-07
1.6.0,core/src/main/java/org/apache/calcite/util/SerializableCharset.java,0,0,0.04488098642453259
1.6.0,core/src/main/java/org/apache/calcite/util/StackWriter.java,0,0,0.0762504157915658
1.6.0,core/src/main/java/org/apache/calcite/util/Template.java,0,0,0.0007342502618488189
1.6.0,core/src/main/java/org/apache/calcite/util/UnmodifiableArrayList.java,0,0,0.03879857105653334
1.6.0,core/src/main/java/org/apache/calcite/util/XmlOutput.java,0,0,1.272700348456948e-05
1.6.0,core/src/main/java/org/apache/calcite/adapter/enumerable/AggResetContext.java,0,0,0.19193725669061848
1.6.0,core/src/main/java/org/apache/calcite/adapter/enumerable/AggResultContext.java,0,0,0.19193725669061848
1.6.0,core/src/main/java/org/apache/calcite/adapter/enumerable/EnumerableCollect.java,0,0,0.18460797714791058
1.6.0,core/src/main/java/org/apache/calcite/adapter/enumerable/EnumerableCollectRule.java,0,0,0.14814988848866176
1.6.0,core/src/main/java/org/apache/calcite/adapter/enumerable/EnumerableIntersect.java,1,0,0.2048965169996404
1.6.0,core/src/main/java/org/apache/calcite/adapter/enumerable/EnumerableIntersectRule.java,0,0,0.14986850531160187
1.6.0,core/src/main/java/org/apache/calcite/adapter/enumerable/EnumerableLimitRule.java,0,1,0.5689257401808008
1.6.0,core/src/main/java/org/apache/calcite/adapter/enumerable/EnumerableMinus.java,1,0,0.2761580847802171
1.6.0,core/src/main/java/org/apache/calcite/adapter/enumerable/EnumerableMinusRule.java,0,0,0.14044547641839658
1.6.0,core/src/main/java/org/apache/calcite/adapter/enumerable/EnumerableTableFunctionScanRule.java,0,0,0.14814988848866176
1.6.0,core/src/main/java/org/apache/calcite/adapter/enumerable/EnumerableTableModify.java,1,1,0.6017394516709134
1.6.0,core/src/main/java/org/apache/calcite/adapter/enumerable/EnumerableTableModifyRule.java,0,0,0.4215598878190411
1.6.0,core/src/main/java/org/apache/calcite/adapter/enumerable/EnumerableUnion.java,1,1,0.5730026645106117
1.6.0,core/src/main/java/org/apache/calcite/adapter/enumerable/EnumerableUnionRule.java,0,0,0.14814988848866176
1.6.0,core/src/main/java/org/apache/calcite/adapter/enumerable/EnumerableWindowRule.java,0,0,0.14888552360558768
1.6.0,core/src/main/java/org/apache/calcite/adapter/enumerable/NestedBlockBuilder.java,0,0,0.19193725669061848
1.6.0,core/src/main/java/org/apache/calcite/adapter/enumerable/NestedBlockBuilderImpl.java,0,1,0.5103451206783313
1.6.0,core/src/main/java/org/apache/calcite/adapter/enumerable/NotNullImplementor.java,0,0,0.18896427138969696
1.6.0,core/src/main/java/org/apache/calcite/adapter/enumerable/NullPolicy.java,0,0,0.1378420590876901
1.6.0,core/src/main/java/org/apache/calcite/adapter/enumerable/StrictWinAggImplementor.java,0,0,0.003581481039019305
1.6.0,core/src/main/java/org/apache/calcite/adapter/enumerable/WinAggAddContext.java,0,0,0.19193725669061848
1.6.0,core/src/main/java/org/apache/calcite/adapter/enumerable/WinAggFrameContext.java,0,0,0.19234541499879962
1.6.0,core/src/main/java/org/apache/calcite/adapter/enumerable/WinAggFrameResultContext.java,0,0,0.19234541499879962
1.6.0,core/src/main/java/org/apache/calcite/adapter/enumerable/WinAggResetContext.java,0,0,0.19193725669061848
1.6.0,core/src/main/java/org/apache/calcite/adapter/enumerable/WinAggResultContext.java,0,0,0.19193725669061848
1.6.0,core/src/main/java/org/apache/calcite/adapter/java/AbstractQueryableTable.java,0,0,0.12361113433282235
1.6.0,core/src/main/java/org/apache/calcite/adapter/java/JavaTypeFactory.java,0,0,0.144876844595993
1.6.0,core/src/main/java/org/apache/calcite/adapter/jdbc/JdbcQueryProvider.java,0,0,0.14816497810146337
1.6.0,core/src/main/java/org/apache/calcite/adapter/jdbc/JdbcRel.java,0,0,0.16723928701938526
1.6.0,core/src/main/java/org/apache/calcite/adapter/jdbc/JdbcTableScan.java,1,0,0.36514279064393595
1.6.0,core/src/main/java/org/apache/calcite/adapter/jdbc/JdbcToEnumerableConverterRule.java,0,0,0.1211168153920831
1.6.0,core/src/main/java/org/apache/calcite/plan/hep/HepInstruction.java,0,1,0.895690949348564
1.6.0,core/src/main/java/org/apache/calcite/plan/hep/HepProgram.java,0,1,0.7077695674667165
1.6.0,core/src/main/java/org/apache/calcite/plan/hep/HepProgramBuilder.java,0,0,0.0017599133673836234
1.6.0,core/src/main/java/org/apache/calcite/plan/hep/HepRuleCall.java,0,0,0.06059668270167308
1.6.0,core/src/main/java/org/apache/calcite/plan/volcano/ChainedPhaseRuleMappingInitializer.java,0,0,0.2021984460120215
1.6.0,core/src/main/java/org/apache/calcite/plan/volcano/VolcanoCost.java,0,0,0.0015014167935400976
1.6.0,core/src/main/java/org/apache/calcite/plan/volcano/VolcanoPlannerPhaseRuleMappingInitializer.java,0,0,0.2021984460120215
1.6.0,core/src/main/java/org/apache/calcite/rel/convert/Converter.java,0,0,0.2021984460120215
1.6.0,core/src/main/java/org/apache/calcite/rel/convert/NoneConverter.java,0,0,0.2021984460120215
1.6.0,core/src/main/java/org/apache/calcite/rel/convert/TraitMatchingRule.java,0,0,0.2021984460120215
1.6.0,core/src/main/java/org/apache/calcite/rel/core/Collect.java,0,0,0.4072207063005696
1.6.0,core/src/main/java/org/apache/calcite/rel/core/Sample.java,0,0,0.12033274551864016
1.6.0,core/src/main/java/org/apache/calcite/rel/externalize/RelJsonWriter.java,0,0,0.47403187892414367
1.6.0,core/src/main/java/org/apache/calcite/rel/metadata/Metadata.java,0,0,0.2764141703606532
1.6.0,core/src/main/java/org/apache/calcite/rel/metadata/RelColumnOrigin.java,0,0,0.35471833894134697
1.6.0,core/src/main/java/org/apache/calcite/rel/rules/CoerceInputsRule.java,0,1,0.6045045595407522
1.6.0,core/src/main/java/org/apache/calcite/rel/rules/FilterMultiJoinMergeRule.java,0,0,0.13251170571554802
1.6.0,core/src/main/java/org/apache/calcite/rel/rules/FilterRemoveIsNotDistinctFromRule.java,0,0,0.22398008041012027
1.6.0,core/src/main/java/org/apache/calcite/rel/rules/JoinExtractFilterRule.java,0,0,0.4772403083637559
1.6.0,core/src/main/java/org/apache/calcite/rel/rules/MultiJoinProjectTransposeRule.java,0,0,0.2021984460120215
1.6.0,core/src/main/java/org/apache/calcite/rel/rules/ProjectSetOpTransposeRule.java,0,0,0.24122398801602396
1.6.0,core/src/main/java/org/apache/calcite/rel/rules/SemiJoinRemoveRule.java,0,0,0.09487551438627863
1.6.0,core/src/main/java/org/apache/calcite/rel/rules/SortRemoveRule.java,0,0,0.4173193664245323
1.6.0,core/src/main/java/org/apache/calcite/rel/rules/TableScanRule.java,0,0,0.0003123892057293133
1.6.0,core/src/main/java/org/apache/calcite/rel/type/RelDataTypeComparability.java,0,0,0.14814988848866176
1.6.0,core/src/main/java/org/apache/calcite/rel/type/RelDataTypeFieldImpl.java,0,0,0.24478307389488324
1.6.0,core/src/main/java/org/apache/calcite/rel/type/RelProtoDataType.java,0,0,0.2021984460120215
1.6.0,core/src/main/java/org/apache/calcite/rel/type/RelRecordType.java,0,0,0.0178584532747604
1.6.0,core/src/main/java/org/apache/calcite/schema/impl/AbstractTable.java,0,0,0.019878002166399192
1.6.0,core/src/main/java/org/apache/calcite/schema/impl/AbstractTableQueryable.java,0,0,0.24975538238169587
1.6.0,core/src/main/java/org/apache/calcite/schema/impl/DelegatingSchema.java,0,0,0.14816497810146337
1.6.0,core/src/main/java/org/apache/calcite/schema/impl/ScalarFunctionImpl.java,0,1,0.5590059854071135
1.6.0,core/src/main/java/org/apache/calcite/schema/impl/TableMacroImpl.java,0,0,0.24843410583036932
1.6.0,core/src/main/java/org/apache/calcite/sql/advise/SqlAdvisorHint.java,0,1,0.7354486115365655
1.6.0,core/src/main/java/org/apache/calcite/sql/advise/SqlSimpleParser.java,0,0,2.3936784133920238e-06
1.6.0,core/src/main/java/org/apache/calcite/sql/fun/SqlArrayQueryConstructor.java,0,0,0.19656793632823583
1.6.0,core/src/main/java/org/apache/calcite/sql/fun/SqlArrayValueConstructor.java,0,0,0.43013686672807105
1.6.0,core/src/main/java/org/apache/calcite/sql/fun/SqlCase.java,0,0,0.4140728668926542
1.6.0,core/src/main/java/org/apache/calcite/sql/fun/SqlCaseOperator.java,0,0,0.22930587169779404
1.6.0,core/src/main/java/org/apache/calcite/sql/fun/SqlCoalesceFunction.java,0,1,0.5303895739780724
1.6.0,core/src/main/java/org/apache/calcite/sql/fun/SqlColumnListConstructor.java,0,0,0.13394368863415887
1.6.0,core/src/main/java/org/apache/calcite/sql/fun/SqlConvertFunction.java,0,0,0.3708479918784504
1.6.0,core/src/main/java/org/apache/calcite/sql/fun/SqlCursorConstructor.java,0,0,0.41363498437307566
1.6.0,core/src/main/java/org/apache/calcite/sql/fun/SqlMapQueryConstructor.java,0,0,0.14814988848866176
1.6.0,core/src/main/java/org/apache/calcite/sql/fun/SqlMultisetSetOperator.java,0,0,0.31092206027080815
1.6.0,core/src/main/java/org/apache/calcite/sql/fun/SqlNewOperator.java,0,0,0.15711125853041155
1.6.0,core/src/main/java/org/apache/calcite/sql/fun/SqlNullifFunction.java,0,0,0.4430983493093327
1.6.0,core/src/main/java/org/apache/calcite/sql/fun/SqlOverlayFunction.java,0,1,0.7517598429500446
1.6.0,core/src/main/java/org/apache/calcite/sql/fun/SqlPositionFunction.java,0,0,0.38917746815059284
1.6.0,core/src/main/java/org/apache/calcite/sql/fun/SqlRowOperator.java,0,0,0.15404113473334205
1.6.0,core/src/main/java/org/apache/calcite/sql/parser/SqlParseException.java,0,0,0.48246215598492703
1.6.0,core/src/main/java/org/apache/calcite/sql/parser/SqlParserImplFactory.java,0,0,0.2021984460120215
1.6.0,core/src/main/java/org/apache/calcite/sql/type/AbstractSqlType.java,0,0,0.37834092163509553
1.6.0,core/src/main/java/org/apache/calcite/sql/type/CursorReturnTypeInference.java,0,0,0.2021984460120215
1.6.0,core/src/main/java/org/apache/calcite/sql/type/ExplicitOperandTypeInference.java,1,0,0.49478398196329454
1.6.0,core/src/main/java/org/apache/calcite/sql/type/ExplicitReturnTypeInference.java,0,0,0.49969711571764897
1.6.0,core/src/main/java/org/apache/calcite/sql/type/JavaToSqlTypeConversionRules.java,0,0,0.09588579334938786
1.6.0,core/src/main/java/org/apache/calcite/sql/type/MapSqlType.java,0,1,0.5757542417761929
1.6.0,core/src/main/java/org/apache/calcite/sql/type/MatchReturnTypeInference.java,0,1,0.6352150419263047
1.6.0,core/src/main/java/org/apache/calcite/sql/type/MultisetSqlType.java,0,1,0.539919490100894
1.6.0,core/src/main/java/org/apache/calcite/sql/type/ObjectSqlType.java,0,0,0.18228352223711106
1.6.0,core/src/main/java/org/apache/calcite/sql/type/OperandsTypeChecking.java,0,0,0.0005296274297728835
1.6.0,core/src/main/java/org/apache/calcite/sql/type/OrdinalReturnTypeInference.java,0,0,0.14814988848866176
1.6.0,core/src/main/java/org/apache/calcite/sql/type/SqlOperandTypeInference.java,0,0,0.20559927307636597
1.6.0,core/src/main/java/org/apache/calcite/sql/type/SqlReturnTypeInference.java,0,0,0.2021984460120215
1.6.0,core/src/main/java/org/apache/calcite/sql/type/SqlReturnTypeInferenceChain.java,0,1,0.6488092487474656
1.6.0,core/src/main/java/org/apache/calcite/sql/type/SqlSingleOperandTypeChecker.java,0,0,0.2021984460120215
1.6.0,core/src/main/java/org/apache/calcite/sql/type/SqlTypeAssignmentRules.java,0,0,0.00131089704281054
1.6.0,core/src/main/java/org/apache/calcite/sql/type/SqlTypeFamily.java,0,0,0.019340314750568365
1.6.0,core/src/main/java/org/apache/calcite/sql/type/SqlTypeTransform.java,0,0,0.2021984460120215
1.6.0,core/src/main/java/org/apache/calcite/sql/type/SqlTypeTransformCascade.java,0,1,0.6205329391541581
1.6.0,core/src/main/java/org/apache/calcite/sql/type/TableFunctionReturnTypeInference.java,0,0,0.2021984460120215
1.6.0,core/src/main/java/org/apache/calcite/sql/util/ListSqlOperatorTable.java,0,1,0.5077869610159622
1.6.0,core/src/main/java/org/apache/calcite/sql/util/ReflectiveSqlOperatorTable.java,0,0,0.03876285389245439
1.6.0,core/src/main/java/org/apache/calcite/sql/util/SqlBasicVisitor.java,0,0,0.4513231410378831
1.6.0,core/src/main/java/org/apache/calcite/sql/util/SqlBuilder.java,0,0,0.43490407369725254
1.6.0,core/src/main/java/org/apache/calcite/sql/util/SqlString.java,0,0,0.22080505783523696
1.6.0,core/src/main/java/org/apache/calcite/sql/util/SqlVisitor.java,0,0,0.2021984460120215
1.6.0,core/src/main/java/org/apache/calcite/sql/validate/AggFinder.java,0,1,0.5647169184859545
1.6.0,core/src/main/java/org/apache/calcite/sql/validate/AggregatingScope.java,0,0,0.2021984460120215
1.6.0,core/src/main/java/org/apache/calcite/sql/validate/CollectNamespace.java,1,1,0.539919490100894
1.6.0,core/src/main/java/org/apache/calcite/sql/validate/CollectScope.java,0,0,0.48970679570974557
1.6.0,core/src/main/java/org/apache/calcite/sql/validate/DelegatingNamespace.java,1,0,0.2021984460120215
1.6.0,core/src/main/java/org/apache/calcite/sql/validate/DelegatingSqlValidatorCatalogReader.java,0,0,0.2021984460120215
1.6.0,core/src/main/java/org/apache/calcite/sql/validate/DelegatingSqlValidatorTable.java,0,0,0.2021984460120215
1.6.0,core/src/main/java/org/apache/calcite/sql/validate/FieldNamespace.java,1,0,0.39026720413748334
1.6.0,core/src/main/java/org/apache/calcite/sql/validate/JoinNamespace.java,1,1,0.5606517710814013
1.6.0,core/src/main/java/org/apache/calcite/sql/validate/JoinScope.java,0,0,0.4332395119348386
1.6.0,core/src/main/java/org/apache/calcite/sql/validate/OverScope.java,0,0,0.2021984460120215
1.6.0,core/src/main/java/org/apache/calcite/sql/validate/ParameterNamespace.java,1,0,0.2021984460120215
1.6.0,core/src/main/java/org/apache/calcite/sql/validate/SqlIdentifierMoniker.java,0,0,0.055072014396143495
1.6.0,core/src/main/java/org/apache/calcite/sql/validate/SqlUserDefinedTableFunction.java,0,0,0.14814988848866176
1.6.0,core/src/main/java/org/apache/calcite/sql/validate/SqlValidatorException.java,0,0,0.16531566187448232
1.6.0,core/src/main/java/org/apache/calcite/sql/validate/SqlValidatorWithHints.java,0,0,0.2021984460120215
1.6.0,core/src/main/java/org/apache/calcite/sql/validate/WithItemNamespace.java,1,1,0.5889519665565788
1.6.0,core/src/main/java/org/apache/calcite/sql/validate/WithNamespace.java,1,1,0.5689257401808008
1.6.0,core/src/main/java/org/apache/calcite/util/graph/CycleDetector.java,0,0,0.14814988848866176
1.6.0,core/src/main/java/org/apache/calcite/util/graph/DefaultDirectedGraph.java,0,1,0.7080070088077703
1.6.0,core/src/main/java/org/apache/calcite/util/graph/DefaultEdge.java,0,1,0.5099236151156752
1.6.0,core/src/main/java/org/apache/calcite/util/graph/DepthFirstIterator.java,0,0,0.307490868764616
1.6.0,core/src/main/java/org/apache/calcite/util/graph/Graphs.java,0,1,0.5993687477790719
1.6.0,core/src/main/java/org/apache/calcite/util/graph/TopologicalOrderIterator.java,0,1,0.640926452680739
1.6.0,core/src/main/java/org/apache/calcite/util/javac/JaninoCompiler.java,0,0,0.22089394292627265
1.6.0,core/src/main/java/org/apache/calcite/util/javac/JavaCompilerArgs.java,0,0,0.04809900917303933
1.6.0,core/src/main/java/org/apache/calcite/util/mapping/Mapping.java,0,0,0.2021984460120215
1.6.0,core/src/main/java/org/apache/calcite/util/trace/CalciteLogger.java,0,0,0.0023779144818457916
1.6.0,core/src/main/java/org/apache/calcite/util/trace/CalciteTimingTracer.java,0,0,0.00046859343715405325
1.6.0,core/src/main/java/org/apache/calcite/adapter/enumerable/impl/AggAddContextImpl.java,0,0,0.14046689775932025
1.6.0,core/src/main/java/org/apache/calcite/adapter/enumerable/impl/AggResetContextImpl.java,0,0,0.0906248488264949
1.6.0,core/src/main/java/org/apache/calcite/adapter/enumerable/impl/AggResultContextImpl.java,0,0,0.14046689775932025
1.6.0,core/src/main/java/org/apache/calcite/adapter/enumerable/impl/WinAggResetContextImpl.java,0,0,0.31359730468353275
1.6.0,core/src/main/java/org/apache/calcite/adapter/enumerable/impl/WinAggResultContextImpl.java,0,0,0.16688446630566564
1.6.0,avatica/src/main/java/org/apache/calcite/avatica/ConnectStringParser.java,1,1,0.9972091256368731
1.6.0,mongodb/src/main/java/org/apache/calcite/adapter/mongodb/MongoMethod.java,0,0,0.2021984460120215
1.6.0,mongodb/src/main/java/org/apache/calcite/adapter/mongodb/MongoRel.java,0,0,0.21230145499805236
1.6.0,mongodb/src/main/java/org/apache/calcite/adapter/mongodb/MongoSchema.java,0,0,0.27568092284169055
1.6.0,mongodb/src/main/java/org/apache/calcite/adapter/mongodb/MongoSchemaFactory.java,0,0,0.16277828038156758
1.6.0,mongodb/src/main/java/org/apache/calcite/adapter/mongodb/MongoToEnumerableConverterRule.java,0,0,0.13251170571554802
1.6.0,plus/src/main/java/org/apache/calcite/adapter/tpcds/TpcdsSchemaFactory.java,0,1,0.568368763408457
1.6.0,plus/src/main/java/org/apache/calcite/adapter/tpch/TpchSchema.java,0,0,0.0055272172735095215
1.6.0,plus/src/main/java/org/apache/calcite/adapter/tpch/TpchSchemaFactory.java,0,0,0.16277828038156758
1.6.0,spark/src/main/java/org/apache/calcite/adapter/spark/EnumerableToSparkConverterRule.java,0,0,0.13251170571554802
1.6.0,spark/src/main/java/org/apache/calcite/adapter/spark/JdbcToSparkConverterRule.java,0,0,0.2021984460120215
1.6.0,spark/src/main/java/org/apache/calcite/adapter/spark/SparkMethod.java,0,0,0.17497632480225864
1.6.0,spark/src/main/java/org/apache/calcite/adapter/spark/SparkRel.java,0,0,0.19303830918141526
1.6.0,spark/src/main/java/org/apache/calcite/adapter/spark/SparkRuntime.java,0,0,0.20559927307636597
1.6.0,splunk/src/main/java/org/apache/calcite/adapter/splunk/SplunkDriver.java,0,0,0.05077695712536002
1.6.0,splunk/src/main/java/org/apache/calcite/adapter/splunk/SplunkDriverVersion.java,0,0,0.14814988848866176
1.6.0,splunk/src/main/java/org/apache/calcite/adapter/splunk/SplunkSchema.java,0,0,0.2021984460120215
1.6.0,splunk/src/main/java/org/apache/calcite/adapter/splunk/SplunkTable.java,0,0,0.2021984460120215
1.6.0,splunk/src/main/java/org/apache/calcite/adapter/splunk/search/SplunkConnection.java,0,0,0.2021984460120215
1.6.0,splunk/src/main/java/org/apache/calcite/adapter/splunk/search/SplunkConnectionImpl.java,0,0,3.1336952163603256e-07
1.6.0,splunk/src/main/java/org/apache/calcite/adapter/splunk/util/HttpUtils.java,0,0,0.3657952750880803
1.6.0,splunk/src/main/java/org/apache/calcite/adapter/splunk/util/SocketFactoryImpl.java,0,0,0.18494427178598896
1.6.0,splunk/src/main/java/org/apache/calcite/adapter/splunk/util/TrustAllSslSocketFactory.java,0,0,1.6847624300216435e-09
1.6.0,linq4j/src/main/java/org/apache/calcite/linq4j/BaseQueryable.java,0,0,0.004102235177719637
1.6.0,linq4j/src/main/java/org/apache/calcite/linq4j/EnumerableOrderedQueryable.java,0,0,0.2021984460120215
1.6.0,linq4j/src/main/java/org/apache/calcite/linq4j/ExtendedOrderedEnumerable.java,0,0,0.2021984460120215
1.6.0,linq4j/src/main/java/org/apache/calcite/linq4j/ExtendedOrderedQueryable.java,0,0,0.2021984460120215
1.6.0,linq4j/src/main/java/org/apache/calcite/linq4j/Extensions.java,0,0,0.26489337954091857
1.6.0,linq4j/src/main/java/org/apache/calcite/linq4j/GroupingImpl.java,0,0,0.2573637492853129
1.6.0,linq4j/src/main/java/org/apache/calcite/linq4j/Lookup.java,0,0,0.2021984460120215
1.6.0,linq4j/src/main/java/org/apache/calcite/linq4j/LookupImpl.java,0,0,0.33994710747576756
1.6.0,linq4j/src/main/java/org/apache/calcite/linq4j/QueryProvider.java,0,0,0.2021984460120215
1.6.0,linq4j/src/main/java/org/apache/calcite/linq4j/QueryProviderImpl.java,0,1,0.6416384491494163
1.6.0,linq4j/src/main/java/org/apache/calcite/linq4j/RawQueryable.java,0,0,0.2021984460120215
1.6.0,linq4j/src/main/java/org/apache/calcite/linq4j/tree/AbstractNode.java,0,0,0.46969949748726386
1.6.0,linq4j/src/main/java/org/apache/calcite/linq4j/tree/ArrayLengthRecordField.java,0,0,0.2519829489135774
1.6.0,linq4j/src/main/java/org/apache/calcite/linq4j/tree/BinaryExpression.java,0,0,0.01568879753282
1.6.0,linq4j/src/main/java/org/apache/calcite/linq4j/tree/BlockBuilder.java,0,0,2.9895735600136675e-05
1.6.0,linq4j/src/main/java/org/apache/calcite/linq4j/tree/Blocks.java,0,0,0.054707757727387785
1.6.0,linq4j/src/main/java/org/apache/calcite/linq4j/tree/BlockStatement.java,0,0,0.004644875236825732
1.6.0,linq4j/src/main/java/org/apache/calcite/linq4j/tree/CatchBlock.java,0,0,0.18047826442324494
1.6.0,linq4j/src/main/java/org/apache/calcite/linq4j/tree/ClassDeclaration.java,0,1,0.8715572317485514
1.6.0,linq4j/src/main/java/org/apache/calcite/linq4j/tree/ClassDeclarationFinder.java,0,1,0.6016355370353523
1.6.0,linq4j/src/main/java/org/apache/calcite/linq4j/tree/ConditionalStatement.java,0,0,0.3229297667769301
1.6.0,linq4j/src/main/java/org/apache/calcite/linq4j/tree/ConstantUntypedNull.java,0,0,0.47530460473376335
1.6.0,linq4j/src/main/java/org/apache/calcite/linq4j/tree/DeclarationStatement.java,0,0,0.31988031399106154
1.6.0,linq4j/src/main/java/org/apache/calcite/linq4j/tree/DefaultExpression.java,0,0,0.2021984460120215
1.6.0,linq4j/src/main/java/org/apache/calcite/linq4j/tree/DynamicExpression.java,0,0,0.2021984460120215
1.6.0,linq4j/src/main/java/org/apache/calcite/linq4j/tree/Expression.java,0,1,0.6463945495221799
1.6.0,linq4j/src/main/java/org/apache/calcite/linq4j/tree/ExpressionVisitor.java,0,0,0.2021984460120215
1.6.0,linq4j/src/main/java/org/apache/calcite/linq4j/tree/ExpressionWriter.java,0,0,0.15191597907797105
1.6.0,linq4j/src/main/java/org/apache/calcite/linq4j/tree/FieldDeclaration.java,0,0,0.255526839452231
1.6.0,linq4j/src/main/java/org/apache/calcite/linq4j/tree/ForStatement.java,0,0,0.0283372707429111
1.6.0,linq4j/src/main/java/org/apache/calcite/linq4j/tree/GotoStatement.java,0,0,0.4213485749820888
1.6.0,linq4j/src/main/java/org/apache/calcite/linq4j/tree/IndexExpression.java,0,0,0.2956232544453579
1.6.0,linq4j/src/main/java/org/apache/calcite/linq4j/tree/InvocationExpression.java,0,0,0.2021984460120215
1.6.0,linq4j/src/main/java/org/apache/calcite/linq4j/tree/LabelStatement.java,0,0,0.07244575004466966
1.6.0,linq4j/src/main/java/org/apache/calcite/linq4j/tree/LabelTarget.java,0,0,0.1343456365800148
1.6.0,linq4j/src/main/java/org/apache/calcite/linq4j/tree/LambdaExpression.java,0,0,0.2523862344897832
1.6.0,linq4j/src/main/java/org/apache/calcite/linq4j/tree/ListInitExpression.java,0,0,0.2021984460120215
1.6.0,linq4j/src/main/java/org/apache/calcite/linq4j/tree/MemberExpression.java,0,1,0.5632317385297646
1.6.0,linq4j/src/main/java/org/apache/calcite/linq4j/tree/MemberInitExpression.java,0,0,0.2021984460120215
1.6.0,linq4j/src/main/java/org/apache/calcite/linq4j/tree/MethodCallExpression.java,0,0,0.4761613839232191
1.6.0,linq4j/src/main/java/org/apache/calcite/linq4j/tree/NewArrayExpression.java,0,0,0.24544875282191816
1.6.0,linq4j/src/main/java/org/apache/calcite/linq4j/tree/NewExpression.java,0,0,0.160491546063319
1.6.0,linq4j/src/main/java/org/apache/calcite/linq4j/tree/OptimizeVisitor.java,0,1,0.5378952930508464
1.6.0,linq4j/src/main/java/org/apache/calcite/linq4j/tree/ParameterExpression.java,0,1,0.6593228088755112
1.6.0,linq4j/src/main/java/org/apache/calcite/linq4j/tree/ReflectedPseudoField.java,0,0,0.379928415222272
1.6.0,linq4j/src/main/java/org/apache/calcite/linq4j/tree/Statement.java,0,1,0.6498297931594508
1.6.0,linq4j/src/main/java/org/apache/calcite/linq4j/tree/SwitchStatement.java,0,0,0.2021984460120215
1.6.0,linq4j/src/main/java/org/apache/calcite/linq4j/tree/TernaryExpression.java,0,0,0.2544335541456264
1.6.0,linq4j/src/main/java/org/apache/calcite/linq4j/tree/ThrowStatement.java,0,0,0.14807616907438775
1.6.0,linq4j/src/main/java/org/apache/calcite/linq4j/tree/TryStatement.java,0,0,0.13291775223396862
1.6.0,linq4j/src/main/java/org/apache/calcite/linq4j/tree/TypeBinaryExpression.java,0,0,0.36052466737420225
1.6.0,linq4j/src/main/java/org/apache/calcite/linq4j/tree/UnaryExpression.java,0,1,0.7460323333348446
1.6.0,linq4j/src/main/java/org/apache/calcite/linq4j/tree/WhileStatement.java,0,0,0.013037301066492129
1.6.0,core/src/main/java/org/apache/calcite/plan/RelImplementor.java,0,0,0.2021984460120215
1.6.0,core/src/main/java/org/apache/calcite/sql/SemiJoinType.java,0,0,0.44215413697228784
1.6.0,core/src/main/java/org/apache/calcite/adapter/enumerable/EnumerableCorrelateRule.java,0,0,0.14970520058476292
1.6.0,core/src/main/java/org/apache/calcite/rel/rules/ProjectJoinTransposeRule.java,0,0,0.39533892188944514
1.6.0,core/src/main/java/org/apache/calcite/rel/rules/PushProjector.java,0,0,0.01750147927631835
1.6.0,core/src/main/java/org/apache/calcite/util/trace/CalciteTrace.java,0,0,0.027002140849362137
1.6.0,core/src/main/java/org/apache/calcite/plan/RelOptAbstractTable.java,0,0,0.47078712705944387
1.6.0,core/src/main/java/org/apache/calcite/rel/RelDistribution.java,0,0,0.20907033411619755
1.6.0,core/src/main/java/org/apache/calcite/rel/RelDistributions.java,0,0,0.07758611725131265
1.6.0,core/src/main/java/org/apache/calcite/rel/RelDistributionTraitDef.java,0,0,0.11428976178343997
1.6.0,core/src/main/java/org/apache/calcite/rel/RelHomogeneousShuttle.java,0,0,0.16550389728243428
1.6.0,core/src/main/java/org/apache/calcite/rel/RelShuttle.java,0,0,0.2021984460120215
1.6.0,core/src/main/java/org/apache/calcite/rel/RelShuttleImpl.java,0,1,0.7153042288609073
1.6.0,core/src/main/java/org/apache/calcite/schema/Statistic.java,0,0,0.16354919013651487
1.6.0,core/src/main/java/org/apache/calcite/schema/Statistics.java,0,0,0.14615864430804953
1.6.0,core/src/main/java/org/apache/calcite/rel/core/SortExchange.java,0,0,0.20907033411619755
1.6.0,core/src/main/java/org/apache/calcite/rel/logical/LogicalExchange.java,0,0,0.2846467366946824
1.6.0,core/src/main/java/org/apache/calcite/rel/rules/CalcMergeRule.java,0,0,0.38566679917266095
1.6.0,core/src/main/java/org/apache/calcite/rel/rules/CalcRemoveRule.java,0,0,0.06351352801593128
1.6.0,core/src/main/java/org/apache/calcite/rel/rules/ReduceExpressionsRule.java,1,1,0.9260457165977549
1.6.0,piglet/src/main/java/org/apache/calcite/piglet/Ast.java,1,1,0.99815215514397
1.6.0,piglet/src/main/java/org/apache/calcite/piglet/Handler.java,0,0,0.10976520926503311
1.6.0,core/src/main/java/org/apache/calcite/rel/rules/FilterJoinRule.java,0,1,0.8770481375678705
1.6.0,core/src/main/java/org/apache/calcite/plan/RelOptRuleOperand.java,0,0,0.3136630055598232
1.6.0,core/src/main/java/org/apache/calcite/sql2rel/StandardConvertletTable.java,1,1,0.7831856545927754
1.6.0,core/src/main/java/org/apache/calcite/sql/fun/SqlSequenceValueOperator.java,0,1,0.7214116173804364
1.6.0,core/src/main/java/org/apache/calcite/sql/validate/SqlValidator.java,1,1,0.8024989788817997
1.6.0,core/src/main/java/org/apache/calcite/sql/validate/SqlScopedShuttle.java,0,0,0.20318043750312406
1.6.0,core/src/main/java/org/apache/calcite/plan/RexImplicationChecker.java,1,0,0.0735675791711309
1.6.0,core/src/main/java/org/apache/calcite/plan/VisitorDataContext.java,0,0,0.005785153962220581
1.6.0,core/src/main/java/org/apache/calcite/adapter/clone/ArrayTable.java,0,0,0.0014322720153510367
1.6.0,core/src/main/java/org/apache/calcite/adapter/clone/CloneSchema.java,0,1,0.6988107961185351
1.6.0,core/src/main/java/org/apache/calcite/sql/fun/SqlGroupIdFunction.java,0,0,0.2075747150144249
1.6.0,core/src/main/java/org/apache/calcite/sql/fun/SqlGroupingFunction.java,0,0,0.20942648635605962
1.6.0,core/src/main/java/org/apache/calcite/sql/fun/SqlGroupingIdFunction.java,0,0,0.2075747150144249
1.6.0,core/src/main/java/org/apache/calcite/jdbc/JavaRecordType.java,0,1,0.6769432422713583
1.6.0,core/src/main/java/org/apache/calcite/jdbc/JavaTypeFactoryImpl.java,1,1,0.6766326728652593
1.6.0,core/src/main/java/org/apache/calcite/adapter/enumerable/EnumerableTableScan.java,1,1,0.6850220822382975
1.6.0,core/src/main/java/org/apache/calcite/adapter/java/Array.java,0,0,0.17918605788658093
1.6.0,core/src/main/java/org/apache/calcite/adapter/java/Map.java,0,0,0.18038588889286736
1.6.0,core/src/main/java/org/apache/calcite/rel/type/RelDataTypeFactoryImpl.java,1,1,0.6950576176110185
1.6.0,core/src/main/java/org/apache/calcite/sql/type/ArraySqlType.java,0,1,0.5461346924041234
1.6.0,avatica/src/main/java/org/apache/calcite/avatica/util/ArrayImpl.java,0,0,0.02803220724767663
1.6.0,avatica/src/main/java/org/apache/calcite/avatica/util/StructImpl.java,0,0,0.19484832446558958
1.6.0,linq4j/src/main/java/org/apache/calcite/linq4j/tree/Types.java,0,0,0.04127572508368395
1.6.0,core/src/main/java/org/apache/calcite/schema/Schema.java,0,1,0.5477230735218604
1.6.0,core/src/main/java/org/apache/calcite/plan/Contexts.java,0,0,0.34026662213215464
1.6.0,core/src/main/java/org/apache/calcite/plan/RelOptRule.java,0,0,0.3487060998933088
1.6.0,core/src/main/java/org/apache/calcite/tools/RelBuilderFactory.java,0,0,0.2774024149654091
1.6.0,core/src/main/java/org/apache/calcite/rel/rules/CalcSplitRule.java,0,0,0.06274331280819427
1.6.0,core/src/main/java/org/apache/calcite/rel/rules/FilterAggregateTransposeRule.java,0,1,0.6553308730438793
1.6.0,core/src/main/java/org/apache/calcite/rel/rules/FilterCorrelateRule.java,0,1,0.77558580014066
1.6.0,core/src/main/java/org/apache/calcite/rel/rules/FilterMergeRule.java,0,0,0.21585425736444547
1.6.0,core/src/main/java/org/apache/calcite/rel/rules/FilterProjectTransposeRule.java,0,1,0.8546721720590124
1.6.0,core/src/main/java/org/apache/calcite/rel/rules/FilterSetOpTransposeRule.java,0,1,0.7037907988363692
1.6.0,core/src/main/java/org/apache/calcite/rel/rules/JoinCommuteRule.java,0,0,0.42150671233850995
1.6.0,core/src/main/java/org/apache/calcite/rel/rules/JoinProjectTransposeRule.java,0,1,0.8028104807020223
1.6.0,core/src/main/java/org/apache/calcite/rel/rules/JoinPushExpressionsRule.java,0,1,0.6848031072194467
1.6.0,core/src/main/java/org/apache/calcite/rel/rules/JoinPushThroughJoinRule.java,0,1,0.5068538179550445
1.6.0,core/src/main/java/org/apache/calcite/rel/rules/ProjectMultiJoinMergeRule.java,0,0,0.1461303707764127
1.6.0,core/src/main/java/org/apache/calcite/rel/rules/ProjectSortTransposeRule.java,0,0,0.17622426790435447
1.6.0,core/src/main/java/org/apache/calcite/rel/rules/SemiJoinProjectTransposeRule.java,0,0,0.46054663250363737
1.6.0,core/src/main/java/org/apache/calcite/rel/rules/UnionMergeRule.java,0,0,0.1660831423224969
1.6.0,core/src/main/java/org/apache/calcite/rel/rules/UnionToDistinctRule.java,0,1,0.6706837726301587
1.6.0,core/src/main/java/org/apache/calcite/tools/RelBuilder.java,1,1,0.7730643525373153
1.6.0,core/src/main/java/org/apache/calcite/interpreter/Interpreter.java,0,0,4.5420539248060405e-05
1.6.0,core/src/main/java/org/apache/calcite/interpreter/TableScanNode.java,0,1,0.955909830901991
1.6.0,linq4j/src/main/java/org/apache/calcite/linq4j/Ord.java,0,0,0.21886288414458382
1.6.0,linq4j/src/main/java/org/apache/calcite/linq4j/TransformedEnumerator.java,0,0,0.14025378077118036
1.6.0,core/src/main/java/org/apache/calcite/sql2rel/SqlToRelConverter.java,1,1,0.999998897863733
1.6.0,core/src/main/java/org/apache/calcite/sql/type/SqlTypeUtil.java,1,1,0.8299475120856571
1.6.0,core/src/main/java/org/apache/calcite/interpreter/Bindables.java,0,0,0.0015233694939264556
1.6.0,core/src/main/java/org/apache/calcite/plan/AbstractRelOptPlanner.java,0,0,0.0007675835251126662
1.6.0,core/src/main/java/org/apache/calcite/plan/ConventionTraitDef.java,1,1,0.8959887745582232
1.6.0,core/src/main/java/org/apache/calcite/rel/AbstractRelNode.java,1,1,0.6392590921798843
1.6.0,core/src/main/java/org/apache/calcite/rel/RelNode.java,0,0,0.04983697546671824
1.6.0,core/src/main/java/org/apache/calcite/rel/SingleRel.java,0,1,0.6120575346009964
1.6.0,core/src/main/java/org/apache/calcite/runtime/FlatLists.java,0,0,0.16803657558370436
1.6.0,core/src/main/java/org/apache/calcite/sql2rel/RelDecorrelator.java,1,0,0.03820708152144967
1.6.0,core/src/main/java/org/apache/calcite/sql2rel/RelFieldTrimmer.java,0,1,0.9884164524013634
1.6.0,core/src/main/java/org/apache/calcite/util/NumberUtil.java,0,0,0.12872781301170313
1.6.0,core/src/main/java/org/apache/calcite/adapter/enumerable/EnumerableCalc.java,0,1,0.745140978435174
1.6.0,core/src/main/java/org/apache/calcite/adapter/enumerable/EnumerableFilter.java,0,1,0.5027498249202339
1.6.0,core/src/main/java/org/apache/calcite/adapter/enumerable/EnumerableInterpreter.java,0,1,0.607115553719034
1.6.0,core/src/main/java/org/apache/calcite/adapter/enumerable/EnumerableJoin.java,0,0,0.07349748898139206
1.6.0,core/src/main/java/org/apache/calcite/adapter/enumerable/EnumerableLimit.java,0,1,0.6967264382050179
1.6.0,core/src/main/java/org/apache/calcite/adapter/enumerable/EnumerableMergeJoin.java,1,0,0.34996307692530243
1.6.0,core/src/main/java/org/apache/calcite/adapter/enumerable/EnumerableProject.java,0,1,0.5713504064995398
1.6.0,core/src/main/java/org/apache/calcite/adapter/enumerable/EnumerableSemiJoin.java,0,0,0.4602411688118989
1.6.0,core/src/main/java/org/apache/calcite/adapter/enumerable/EnumerableThetaJoin.java,0,0,0.04430360701935769
1.6.0,core/src/main/java/org/apache/calcite/adapter/enumerable/EnumerableValues.java,0,0,0.46207742829964227
1.6.0,core/src/main/java/org/apache/calcite/adapter/enumerable/EnumerableWindow.java,0,0,0.15315712670572562
1.6.0,core/src/main/java/org/apache/calcite/adapter/jdbc/JdbcRules.java,0,0,0.0008742150010492257
1.6.0,core/src/main/java/org/apache/calcite/adapter/jdbc/JdbcToEnumerableConverter.java,0,0,0.21157322738929596
1.6.0,core/src/main/java/org/apache/calcite/plan/hep/HepPlanner.java,1,1,0.893318881927595
1.6.0,core/src/main/java/org/apache/calcite/plan/hep/HepRelMetadataProvider.java,0,1,0.6094808739161592
1.6.0,core/src/main/java/org/apache/calcite/plan/hep/HepRelVertex.java,0,1,0.5235804129026489
1.6.0,core/src/main/java/org/apache/calcite/plan/volcano/AbstractConverter.java,0,1,0.6450432409137272
1.6.0,core/src/main/java/org/apache/calcite/plan/volcano/RelSet.java,1,0,0.20026027195852222
1.6.0,core/src/main/java/org/apache/calcite/plan/volcano/RelSubset.java,0,0,0.488589429467817
1.6.0,core/src/main/java/org/apache/calcite/plan/volcano/RuleQueue.java,0,1,0.868730799467233
1.6.0,core/src/main/java/org/apache/calcite/plan/volcano/VolcanoPlanner.java,1,1,0.9999972469653369
1.6.0,core/src/main/java/org/apache/calcite/plan/volcano/VolcanoRelMetadataProvider.java,0,0,0.21399906050190654
1.6.0,core/src/main/java/org/apache/calcite/rel/convert/ConverterImpl.java,0,0,0.42803970893343796
1.6.0,core/src/main/java/org/apache/calcite/rel/core/Aggregate.java,0,1,0.9218840039009942
1.6.0,core/src/main/java/org/apache/calcite/rel/core/Calc.java,0,0,0.1917407378081043
1.6.0,core/src/main/java/org/apache/calcite/rel/core/Correlate.java,0,0,0.04142829616276496
1.6.0,core/src/main/java/org/apache/calcite/rel/core/Exchange.java,0,0,0.2633267658704134
1.6.0,core/src/main/java/org/apache/calcite/rel/core/Filter.java,0,1,0.7462890767012049
1.6.0,core/src/main/java/org/apache/calcite/rel/core/Intersect.java,0,0,0.30008424334936507
1.6.0,core/src/main/java/org/apache/calcite/rel/core/Join.java,0,0,0.03963783285486565
1.6.0,core/src/main/java/org/apache/calcite/rel/core/Minus.java,0,0,0.42667433202165206
1.6.0,core/src/main/java/org/apache/calcite/rel/core/Project.java,1,0,0.31051192686994494
1.6.0,core/src/main/java/org/apache/calcite/rel/core/SemiJoin.java,0,0,0.09274242291461685
1.6.0,core/src/main/java/org/apache/calcite/rel/core/Sort.java,0,0,0.42919875083152786
1.6.0,core/src/main/java/org/apache/calcite/rel/core/TableFunctionScan.java,0,0,0.41159430588492857
1.6.0,core/src/main/java/org/apache/calcite/rel/core/TableModify.java,0,0,0.28519595663168207
1.6.0,core/src/main/java/org/apache/calcite/rel/core/TableScan.java,0,1,0.6871160423018473
1.6.0,core/src/main/java/org/apache/calcite/rel/core/Union.java,0,0,0.18977263094953892
1.6.0,core/src/main/java/org/apache/calcite/rel/core/Values.java,0,0,0.07098156800457582
1.6.0,core/src/main/java/org/apache/calcite/rel/core/Window.java,0,0,1.3749122435794545e-09
1.6.0,core/src/main/java/org/apache/calcite/rel/externalize/RelWriterImpl.java,0,1,0.6945822183833468
1.6.0,core/src/main/java/org/apache/calcite/rel/logical/LogicalCalc.java,0,0,0.01230383244847333
1.6.0,core/src/main/java/org/apache/calcite/rel/logical/LogicalFilter.java,0,0,0.05326577906342892
1.6.0,core/src/main/java/org/apache/calcite/rel/logical/LogicalProject.java,0,1,0.5251293783988146
1.6.0,core/src/main/java/org/apache/calcite/rel/logical/LogicalTableFunctionScan.java,0,1,0.5772437246489595
1.6.0,core/src/main/java/org/apache/calcite/rel/logical/LogicalValues.java,0,1,0.524178245775816
1.6.0,core/src/main/java/org/apache/calcite/rel/metadata/BuiltInMetadata.java,0,0,0.0010557659542779112
1.6.0,core/src/main/java/org/apache/calcite/rel/metadata/CachingRelMetadataProvider.java,0,1,0.5000575743118473
1.6.0,core/src/main/java/org/apache/calcite/rel/metadata/ChainedRelMetadataProvider.java,0,0,0.3295542782698059
1.6.0,core/src/main/java/org/apache/calcite/rel/metadata/CyclicMetadataException.java,0,0,0.07819458867457907
1.6.0,core/src/main/java/org/apache/calcite/rel/metadata/MetadataFactory.java,0,0,0.2771034971269269
1.6.0,core/src/main/java/org/apache/calcite/rel/metadata/MetadataFactoryImpl.java,0,0,0.12308253567370733
1.6.0,core/src/main/java/org/apache/calcite/rel/metadata/RelMdCollation.java,1,1,0.9084989830942374
1.6.0,core/src/main/java/org/apache/calcite/rel/metadata/RelMdColumnOrigins.java,0,0,0.0906014032074024
1.6.0,core/src/main/java/org/apache/calcite/rel/metadata/RelMdColumnUniqueness.java,1,0,0.09398641068194317
1.6.0,core/src/main/java/org/apache/calcite/rel/metadata/RelMdDistinctRowCount.java,0,1,0.9969271341472628
1.6.0,core/src/main/java/org/apache/calcite/rel/metadata/RelMdDistribution.java,1,0,0.1121304375691835
1.6.0,core/src/main/java/org/apache/calcite/rel/metadata/RelMdExplainVisibility.java,0,0,0.13586680442422078
1.6.0,core/src/main/java/org/apache/calcite/rel/metadata/RelMdMaxRowCount.java,0,1,0.8472940782225465
1.6.0,core/src/main/java/org/apache/calcite/rel/metadata/RelMdMemory.java,0,0,0.037986751427381206
1.6.0,core/src/main/java/org/apache/calcite/rel/metadata/RelMdParallelism.java,0,0,0.03245372278571164
1.6.0,core/src/main/java/org/apache/calcite/rel/metadata/RelMdPercentageOriginalRows.java,0,0,0.3367800422300616
1.6.0,core/src/main/java/org/apache/calcite/rel/metadata/RelMdPopulationSize.java,0,0,0.10978437868939679
1.6.0,core/src/main/java/org/apache/calcite/rel/metadata/RelMdPredicates.java,1,1,0.9996946285250715
1.6.0,core/src/main/java/org/apache/calcite/rel/metadata/RelMdRowCount.java,0,0,1.5765103944767193e-06
1.6.0,core/src/main/java/org/apache/calcite/rel/metadata/RelMdSelectivity.java,0,0,0.17662146521367864
1.6.0,core/src/main/java/org/apache/calcite/rel/metadata/RelMdSize.java,0,0,0.21156990590126892
1.6.0,core/src/main/java/org/apache/calcite/rel/metadata/RelMdUniqueKeys.java,0,0,0.02033797980478075
1.6.0,core/src/main/java/org/apache/calcite/rel/metadata/RelMdUtil.java,1,1,0.9783743988719358
1.6.0,core/src/main/java/org/apache/calcite/rel/metadata/RelMetadataProvider.java,0,0,0.25611610677169394
1.6.0,core/src/main/java/org/apache/calcite/rel/metadata/RelMetadataQuery.java,0,1,0.5127636406203195
1.6.0,core/src/main/java/org/apache/calcite/rel/metadata/UnboundMetadata.java,0,0,0.17794254478886698
1.6.0,core/src/main/java/org/apache/calcite/rel/rules/AggregateFilterTransposeRule.java,0,0,0.4524503480191251
1.6.0,core/src/main/java/org/apache/calcite/rel/rules/AggregateJoinTransposeRule.java,1,1,0.9455332990418731
1.6.0,core/src/main/java/org/apache/calcite/rel/rules/AggregateProjectPullUpConstantsRule.java,1,1,0.8736637900144363
1.6.0,core/src/main/java/org/apache/calcite/rel/rules/AggregateRemoveRule.java,0,1,0.8056811549912838
1.6.0,core/src/main/java/org/apache/calcite/rel/rules/AggregateStarTableRule.java,0,0,0.4567222095661333
1.6.0,core/src/main/java/org/apache/calcite/rel/rules/AggregateUnionTransposeRule.java,0,1,0.8786602947682912
1.6.0,core/src/main/java/org/apache/calcite/rel/rules/JoinPushTransitivePredicatesRule.java,0,1,0.9747383624878027
1.6.0,core/src/main/java/org/apache/calcite/rel/rules/LoptMultiJoin.java,0,0,0.00027580443770046066
1.6.0,core/src/main/java/org/apache/calcite/rel/rules/LoptOptimizeJoinRule.java,0,1,0.930759393545814
1.6.0,core/src/main/java/org/apache/calcite/rel/rules/LoptSemiJoinOptimizer.java,0,0,0.4493637222758857
1.6.0,core/src/main/java/org/apache/calcite/rel/rules/MultiJoinOptimizeBushyRule.java,0,0,0.4592293147534964
1.6.0,core/src/main/java/org/apache/calcite/rel/rules/SortJoinTransposeRule.java,0,1,0.8302925264007944
1.6.0,core/src/main/java/org/apache/calcite/rel/rules/SortUnionTransposeRule.java,0,0,0.17450779032708777
1.6.0,core/src/main/java/org/apache/calcite/schema/impl/StarTable.java,0,0,0.48759873859675573
1.6.0,mongodb/src/main/java/org/apache/calcite/adapter/mongodb/MongoFilter.java,0,0,0.006146454263858825
1.6.0,mongodb/src/main/java/org/apache/calcite/adapter/mongodb/MongoProject.java,0,0,0.27418634428978134
1.6.0,mongodb/src/main/java/org/apache/calcite/adapter/mongodb/MongoSort.java,0,1,0.5615416477537597
1.6.0,mongodb/src/main/java/org/apache/calcite/adapter/mongodb/MongoTableScan.java,0,0,0.3264650802950798
1.6.0,mongodb/src/main/java/org/apache/calcite/adapter/mongodb/MongoToEnumerableConverter.java,0,0,0.164490168238294
1.6.0,spark/src/main/java/org/apache/calcite/adapter/spark/EnumerableToSparkConverter.java,0,1,0.7885136381800124
1.6.0,spark/src/main/java/org/apache/calcite/adapter/spark/JdbcToSparkConverter.java,0,0,0.22269212714343214
1.6.0,spark/src/main/java/org/apache/calcite/adapter/spark/SparkRules.java,0,0,0.006921223390519961
1.6.0,spark/src/main/java/org/apache/calcite/adapter/spark/SparkToEnumerableConverter.java,0,0,0.3007989662246347
1.6.0,core/src/main/java/org/apache/calcite/materialize/Lattice.java,0,0,0.0015204826600079342
1.6.0,core/src/main/java/org/apache/calcite/plan/RelOptCluster.java,0,0,0.01610553134812495
1.6.0,core/src/main/java/org/apache/calcite/plan/RelOptQuery.java,0,0,0.013147834205109368
1.6.0,core/src/main/java/org/apache/calcite/plan/RelOptUtil.java,1,0,0.13064799487372006
1.6.0,core/src/main/java/org/apache/calcite/plan/SubstitutionVisitor.java,0,0,0.42100352599603325
1.6.0,core/src/main/java/org/apache/calcite/prepare/Prepare.java,0,1,0.5202766220180293
1.6.0,core/src/main/java/org/apache/calcite/rex/LogicVisitor.java,1,0,0.11346101368408414
1.6.0,core/src/main/java/org/apache/calcite/rex/RexBiVisitor.java,0,0,0.0057221828635111655
1.6.0,core/src/main/java/org/apache/calcite/rex/RexBuilder.java,1,0,0.38458945143100054
1.6.0,core/src/main/java/org/apache/calcite/rex/RexCall.java,0,0,0.12386476811088898
1.6.0,core/src/main/java/org/apache/calcite/rex/RexDynamicParam.java,0,0,0.009174556436559482
1.6.0,core/src/main/java/org/apache/calcite/rex/RexFieldAccess.java,0,0,0.03031009797441431
1.6.0,core/src/main/java/org/apache/calcite/rex/RexInputRef.java,0,0,0.014985016192650049
1.6.0,core/src/main/java/org/apache/calcite/rex/RexLiteral.java,0,0,0.002225209751410601
1.6.0,core/src/main/java/org/apache/calcite/rex/RexLocalRef.java,0,0,0.05508396983003067
1.6.0,core/src/main/java/org/apache/calcite/rex/RexNode.java,0,0,0.0495096275248299
1.6.0,core/src/main/java/org/apache/calcite/rex/RexOver.java,0,0,0.021201326487977682
1.6.0,core/src/main/java/org/apache/calcite/rex/RexProgram.java,0,0,0.11062602432431272
1.6.0,core/src/main/java/org/apache/calcite/rex/RexRangeRef.java,0,0,0.01358695034948708
1.6.0,core/src/main/java/org/apache/calcite/rex/RexShuttle.java,0,0,0.02753279834939595
1.6.0,core/src/main/java/org/apache/calcite/rex/RexSubQuery.java,0,0,7.634363115307047e-07
1.6.0,core/src/main/java/org/apache/calcite/rex/RexUtil.java,1,1,0.9998643066150474
1.6.0,core/src/main/java/org/apache/calcite/rex/RexVisitor.java,0,0,0.010602143909626499
1.6.0,core/src/main/java/org/apache/calcite/rex/RexVisitorImpl.java,0,0,0.03167245386358692
1.6.0,core/src/main/java/org/apache/calcite/sql2rel/DeduplicateCorrelateVariables.java,0,0,0.016797585910619264
1.6.0,core/src/main/java/org/apache/calcite/sql2rel/RelStructuredTypeFlattener.java,0,0,0.05239708361419921
1.6.0,core/src/main/java/org/apache/calcite/util/Bug.java,0,0,0.0016500068982007931
1.6.0,core/src/main/java/org/apache/calcite/adapter/enumerable/EnumerableJoinRule.java,0,0,0.02065338009076977
1.6.0,core/src/main/java/org/apache/calcite/adapter/enumerable/RexImpTable.java,1,1,0.9611616005809889
1.6.0,core/src/main/java/org/apache/calcite/rel/core/CorrelationId.java,0,0,0.01180174895121816
1.6.0,core/src/main/java/org/apache/calcite/rel/core/EquiJoin.java,0,0,0.0060008838181694205
1.6.0,core/src/main/java/org/apache/calcite/rel/core/RelFactories.java,0,0,0.1431298304347842
1.6.0,core/src/main/java/org/apache/calcite/rel/externalize/RelJson.java,0,0,0.0008067560379799207
1.6.0,core/src/main/java/org/apache/calcite/rel/logical/LogicalCorrelate.java,0,0,0.019377943046991
1.6.0,core/src/main/java/org/apache/calcite/rel/logical/LogicalJoin.java,0,0,0.01141454932175531
1.6.0,core/src/main/java/org/apache/calcite/rel/rules/EquiJoin.java,0,0,0.01030906898658327
1.6.0,core/src/main/java/org/apache/calcite/rel/rules/JoinToCorrelateRule.java,0,0,0.016308334064989265
1.6.0,core/src/main/java/org/apache/calcite/rel/stream/StreamRules.java,0,0,0.043879192606548295
1.6.0,core/src/main/java/org/apache/calcite/sql/validate/SqlValidatorImpl.java,1,1,0.7540000452987966
1.6.0,core/src/main/java/org/apache/calcite/rel/metadata/ReflectiveRelMetadataProvider.java,0,0,0.29499807193855676
1.6.0,core/src/main/java/org/apache/calcite/rel/rules/PruneEmptyRules.java,1,0,0.4313222402391893
1.6.0,core/src/main/java/org/apache/calcite/materialize/TileKey.java,0,1,0.622402095300982
1.6.0,core/src/main/java/org/apache/calcite/materialize/TileSuggester.java,0,1,0.6462397066838023
1.6.0,core/src/main/java/org/apache/calcite/rel/RelNodes.java,0,1,0.5334567893884226
1.6.0,core/src/main/java/org/apache/calcite/adapter/jdbc/JdbcConvention.java,0,0,0.282826153015532
1.6.0,avatica/src/main/java/org/apache/calcite/avatica/util/TimeUnit.java,0,0,0.3486590260014952
1.6.0,core/src/main/java/org/apache/calcite/sql/SqlJoin.java,0,1,0.5860416928210169
1.6.0,core/src/main/java/org/apache/calcite/sql/SqlWriter.java,0,0,0.0031176555144685923
1.6.0,core/src/main/java/org/apache/calcite/sql/pretty/SqlPrettyWriter.java,0,0,1.6084691128440777e-05
1.6.0,core/src/main/java/org/apache/calcite/sql/SqlSetOption.java,1,0,0.4958432939720993
1.6.0,core/src/main/java/org/apache/calcite/rel/rules/LoptJoinTree.java,0,0,0.036923354708236204
1.6.0,avatica-server/src/main/java/org/apache/calcite/avatica/server/HttpServer.java,0,0,0.3004975740248635
1.6.0,avatica/src/main/java/org/apache/calcite/avatica/AvaticaClientRuntimeException.java,0,0,0.02793498124958081
1.6.0,avatica/src/main/java/org/apache/calcite/avatica/AvaticaSqlException.java,0,0,0.061964314863504684
1.6.0,avatica/src/main/java/org/apache/calcite/avatica/Helper.java,0,0,0.03927709961367334
1.6.0,avatica/src/main/java/org/apache/calcite/avatica/remote/Handler.java,0,0,0.24265768637359528
1.6.0,avatica/src/main/java/org/apache/calcite/avatica/remote/MockProtobufService.java,1,0,0.3417260620635461
1.6.0,core/src/main/java/org/apache/calcite/rex/RexChecker.java,0,0,0.47023955122046496
1.6.0,core/src/main/java/org/apache/calcite/schema/SchemaPlus.java,0,0,0.018837312984055
1.6.0,core/src/main/java/org/apache/calcite/sql/SqlBinaryOperator.java,0,1,0.8362375188098427
1.6.0,core/src/main/java/org/apache/calcite/sql/SqlCall.java,1,1,0.8775224910194481
1.6.0,core/src/main/java/org/apache/calcite/sql/SqlDataTypeSpec.java,0,1,0.521383048972654
1.6.0,core/src/main/java/org/apache/calcite/sql/SqlDynamicParam.java,0,0,0.2686557492566748
1.6.0,core/src/main/java/org/apache/calcite/sql/SqlIdentifier.java,0,0,0.15053869533721384
1.6.0,core/src/main/java/org/apache/calcite/sql/SqlIntervalQualifier.java,1,1,0.9988112739677132
1.6.0,core/src/main/java/org/apache/calcite/sql/SqlLiteral.java,1,1,0.8352803052960758
1.6.0,core/src/main/java/org/apache/calcite/sql/SqlNode.java,0,0,0.011187545030383945
1.6.0,core/src/main/java/org/apache/calcite/sql/SqlNodeList.java,0,1,0.6534122337421496
1.6.0,core/src/main/java/org/apache/calcite/sql/SqlOperator.java,0,1,0.87337131550276
1.6.0,core/src/main/java/org/apache/calcite/sql/SqlPostfixOperator.java,0,1,0.6721903948013485
1.6.0,core/src/main/java/org/apache/calcite/sql/SqlPrefixOperator.java,0,1,0.5170587397449552
1.6.0,core/src/main/java/org/apache/calcite/sql/SqlWindow.java,0,1,0.9999978150671451
1.6.0,core/src/main/java/org/apache/calcite/util/Litmus.java,0,0,0.4085539661251951
1.6.0,core/src/main/java/org/apache/calcite/util/Util.java,0,1,0.8151586454515489
1.6.0,core/src/main/java/org/apache/calcite/rel/logical/LogicalWindow.java,0,1,0.7023104572843019
1.6.0,core/src/main/java/org/apache/calcite/rel/rules/CalcRelSplitter.java,0,0,0.3505037957603025
1.6.0,core/src/main/java/org/apache/calcite/sql/fun/SqlInOperator.java,0,1,0.5706303026419066
1.6.0,core/src/main/java/org/apache/calcite/sql/type/BasicSqlType.java,0,1,0.6135370079960375
1.6.0,core/src/main/java/org/apache/calcite/jdbc/CalcitePreparedStatement.java,0,0,0.10406858015754843
1.6.0,core/src/main/java/org/apache/calcite/jdbc/MetadataSchema.java,0,0,0.10320503313158516
1.6.0,core/src/main/java/org/apache/calcite/runtime/ArrayEnumeratorCursor.java,0,0,0.14503980158339308
1.6.0,core/src/main/java/org/apache/calcite/runtime/EnumeratorCursor.java,0,0,0.1893675891585752
1.6.0,core/src/main/java/org/apache/calcite/runtime/ObjectEnumeratorCursor.java,0,0,0.09280631121715271
1.6.0,core/src/main/java/org/apache/calcite/runtime/RecordEnumeratorCursor.java,0,0,0.15845839857562372
1.6.0,core/src/main/java/org/apache/calcite/server/CalciteServer.java,0,0,0.14476829110740758
1.6.0,core/src/main/java/org/apache/calcite/sql/SqlDateLiteral.java,0,1,0.5289498141337071
1.6.0,core/src/main/java/org/apache/calcite/util/ZonelessDate.java,0,0,0.21417824685148432
1.6.0,core/src/main/java/org/apache/calcite/util/ZonelessDatetime.java,0,0,0.4035284206036867
1.6.0,core/src/main/java/org/apache/calcite/util/ZonelessTime.java,0,0,0.23381195223116696
1.6.0,core/src/main/java/org/apache/calcite/util/ZonelessTimestamp.java,0,0,0.2626491060044509
1.6.0,core/src/main/java/org/apache/calcite/adapter/clone/ListTable.java,0,0,0.1556733779306897
1.6.0,core/src/main/java/org/apache/calcite/sql/parser/SqlParserUtil.java,0,0,0.007606948780613039
1.6.0,core/src/main/java/org/apache/calcite/sql/type/IntervalSqlType.java,0,0,0.30199836798409296
1.6.0,avatica/src/main/java/org/apache/calcite/avatica/AvaticaResultSetMetaData.java,0,0,0.19659863213969725
1.6.0,avatica/src/main/java/org/apache/calcite/avatica/ConnectionProperty.java,0,0,0.14476829110740555
1.6.0,avatica/src/main/java/org/apache/calcite/avatica/InternalProperty.java,0,0,0.052998991193982804
1.6.0,avatica/src/main/java/org/apache/calcite/avatica/remote/AvaticaRemoteConnectionConfigImpl.java,0,0,0.20397161039383913
1.6.0,avatica/src/main/java/org/apache/calcite/avatica/util/ArrayIteratorCursor.java,0,0,0.20397161039383913
1.6.0,avatica/src/main/java/org/apache/calcite/avatica/util/Casing.java,0,0,0.18214323421614806
1.6.0,avatica/src/main/java/org/apache/calcite/avatica/util/ListIteratorCursor.java,0,0,0.20397161039383913
1.6.0,avatica/src/main/java/org/apache/calcite/avatica/util/MapIteratorCursor.java,0,0,0.20397161039383913
1.6.0,avatica/src/main/java/org/apache/calcite/avatica/util/PositionedCursor.java,0,0,0.18660151737275169
1.6.0,avatica/src/main/java/org/apache/calcite/avatica/util/Quoting.java,0,0,0.18214323421614806
1.6.0,avatica/src/main/java/org/apache/calcite/avatica/util/RecordIteratorCursor.java,0,0,0.20397161039383913
1.6.0,avatica/src/main/java/org/apache/calcite/avatica/util/Spacer.java,0,0,0.2021984460120215
1.6.0,avatica/src/main/java/org/apache/calcite/avatica/util/Spaces.java,0,0,0.01277960797768014
1.6.0,avatica/src/main/java/org/apache/calcite/avatica/util/TimeUnitRange.java,0,0,0.00859208779457536
1.6.0,splunk/src/main/java/org/apache/calcite/adapter/splunk/SplunkQuery.java,0,0,0.2021984460120215
1.6.0,linq4j/src/main/java/org/apache/calcite/linq4j/AbstractEnumerable2.java,0,0,0.14814988848866176
1.6.0,core/src/main/java/org/apache/calcite/rel/rules/AggregateReduceFunctionsRule.java,1,1,0.70728224549756
1.6.0,core/src/main/java/org/apache/calcite/rel/type/RelDataTypeSystem.java,0,0,0.20461843825324708
1.6.0,core/src/main/java/org/apache/calcite/rel/type/RelDataTypeSystemImpl.java,0,1,0.7156790880896656
1.6.0,core/src/main/java/org/apache/calcite/rex/RexCallBinding.java,1,1,0.9295329035474096
1.6.0,core/src/main/java/org/apache/calcite/rel/BiRel.java,0,0,0.4223445943663124
1.6.0,avatica/src/main/java/org/apache/calcite/avatica/SqlType.java,0,0,4.432571489380935e-16
1.6.0,avatica/src/main/java/org/apache/calcite/avatica/AvaticaSite.java,0,0,1.6563874895502483e-17
1.6.0,linq4j/src/main/java/org/apache/calcite/linq4j/CorrelateJoinType.java,0,0,0.14970520058476292
1.6.0,core/src/main/java/org/apache/calcite/util/TryThreadLocal.java,0,0,0.12218872066565874
1.6.0,core/src/main/java/org/apache/calcite/adapter/enumerable/AggImplementor.java,0,0,0.18702419067820533
1.6.0,core/src/main/java/org/apache/calcite/adapter/enumerable/EnumerableCorrelate.java,0,1,0.5375753356707416
1.6.0,core/src/main/java/org/apache/calcite/adapter/enumerable/impl/WinAggAddContextImpl.java,0,0,0.14046689775932025
1.6.0,linq4j/src/main/java/org/apache/calcite/linq4j/QueryableDefaults.java,0,0,0.122082841951413
1.6.0,core/src/main/java/org/apache/calcite/sql/parser/SqlParser.java,0,0,5.120288786190116e-07
1.6.0,ubenchmark/src/main/java/org/apache/calcite/benchmarks/FlightRecorderProfiler.java,0,0,0.1245576567562782
1.6.0,ubenchmark/src/main/java/org/apache/calcite/benchmarks/ParserBenchmark.java,0,0,0.21538114031277503
1.6.0,ubenchmark/src/main/java/org/apache/calcite/benchmarks/PreconditionTest.java,0,0,0.42757511099834605
1.6.0,ubenchmark/src/main/java/org/apache/calcite/benchmarks/StatementTest.java,0,0,1.0740512013837902e-09
1.6.0,core/src/main/java/org/apache/calcite/sql/type/SqlTypeFactoryImpl.java,0,1,0.8269382253710339
1.6.0,core/src/main/java/org/apache/calcite/jdbc/CalcitePrepare.java,0,1,0.5963939982575237
1.6.0,core/src/main/java/org/apache/calcite/jdbc/CalciteStatement.java,1,1,0.6368200061910405
1.6.0,core/src/main/java/org/apache/calcite/tools/RelRunner.java,0,0,0.23811144393474964
1.6.0,core/src/main/java/org/apache/calcite/tools/RelRunners.java,0,0,0.04516626940105936
1.6.0,core/src/main/java/org/apache/calcite/rel/rules/JoinUnionTransposeRule.java,0,0,0.026899516706959812
1.6.0,core/src/main/java/org/apache/calcite/runtime/CalciteResource.java,0,0,0.030698238734958992
1.6.0,linq4j/src/main/java/org/apache/calcite/linq4j/tree/DeterministicCodeOptimizer.java,0,1,0.5139834543093326
1.6.0,avatica/src/main/java/org/apache/calcite/avatica/DriverVersion.java,0,0,1.711319564427576e-05
1.6.0,avatica/src/main/java/org/apache/calcite/avatica/Handler.java,0,0,0.08113618244688589
1.6.0,avatica/src/main/java/org/apache/calcite/avatica/HandlerImpl.java,0,0,0.10683673923358171
1.6.0,core/src/main/java/org/apache/calcite/Demo.java,0,0,0.026129329082822526
1.6.0,core/src/main/java/org/apache/calcite/schema/Function.java,0,0,0.18635876314274372
1.6.0,core/src/main/java/org/apache/calcite/schema/SemiMutableSchema.java,0,0,0.17049919850080117
1.6.0,core/src/main/java/org/apache/calcite/schema/TableMacro.java,0,0,0.2021984460120215
1.6.0,core/src/main/java/org/apache/calcite/util/CancelFlag.java,0,0,0.1182819921641378
1.6.0,core/src/main/java/org/apache/calcite/util/ClosableAllocation.java,0,0,0.2021984460120215
1.6.0,core/src/main/java/org/apache/calcite/util/ClosableAllocationOwner.java,0,0,0.2021984460120215
1.6.0,core/src/main/java/org/apache/calcite/util/ControlFlowException.java,0,0,0.14814988848866176
1.6.0,core/src/main/java/org/apache/calcite/util/Glossary.java,0,0,0.00027973255077350914
1.6.0,core/src/main/java/org/apache/calcite/util/Holder.java,0,0,0.06154703583319576
1.6.0,core/src/main/java/org/apache/calcite/util/ReflectiveVisitor.java,0,0,0.2021984460120215
1.6.0,core/src/main/java/org/apache/calcite/interpreter/Node.java,0,0,0.07339845100755098
1.6.0,core/src/main/java/org/apache/calcite/jdbc/SqlTimeoutException.java,0,0,0.14476829110740758
1.6.0,core/src/main/java/org/apache/calcite/runtime/ArrayComparator.java,0,0,0.09833659433176262
1.6.0,core/src/main/java/org/apache/calcite/runtime/Hook.java,0,0,0.2215738995592647
1.6.0,core/src/main/java/org/apache/calcite/runtime/Like.java,1,1,0.9343707239057331
1.6.0,core/src/main/java/org/apache/calcite/runtime/Typed.java,0,0,0.15845839857562372
1.6.0,core/src/main/java/org/apache/calcite/runtime/Unit.java,0,0,0.0248004145882995
1.6.0,core/src/main/java/org/apache/calcite/tools/RelConversionException.java,0,0,0.2021984460120215
1.6.0,core/src/main/java/org/apache/calcite/tools/ValidationException.java,0,0,0.18932416207664213
1.6.0,core/src/main/java/org/apache/calcite/plan/CommonRelSubExprRule.java,0,0,0.2021984460120215
1.6.0,core/src/main/java/org/apache/calcite/plan/RelOptConnection.java,0,0,0.2021984460120215
1.6.0,core/src/main/java/org/apache/calcite/plan/RelOptCost.java,0,0,0.07698280512695735
1.6.0,core/src/main/java/org/apache/calcite/plan/RelOptCostFactory.java,0,0,0.2021984460120215
1.6.0,core/src/main/java/org/apache/calcite/plan/RelOptRuleOperandChildPolicy.java,0,0,0.14814988848866176
1.6.0,core/src/main/java/org/apache/calcite/plan/RelOptRuleOperandChildren.java,0,0,0.22074004046716098
1.6.0,core/src/main/java/org/apache/calcite/plan/RelOptSamplingParameters.java,0,0,0.10963489771168192
1.6.0,core/src/main/java/org/apache/calcite/plan/RelOptSchemaWithSampling.java,0,0,0.20559927307636597
1.6.0,core/src/main/java/org/apache/calcite/rel/InvalidRelException.java,0,0,0.18752785098896121
1.6.0,core/src/main/java/org/apache/calcite/rel/RelVisitor.java,0,0,0.00870064487426955
1.6.0,core/src/main/java/org/apache/calcite/rex/RexAction.java,0,0,0.20559927307636597
1.6.0,core/src/main/java/org/apache/calcite/rex/RexPattern.java,0,0,0.2021984460120215
1.6.0,core/src/main/java/org/apache/calcite/rex/RexSqlConvertletTable.java,0,0,0.2021984460120215
1.6.0,core/src/main/java/org/apache/calcite/sql/SqlAccessEnum.java,0,0,0.14814988848866176
1.6.0,core/src/main/java/org/apache/calcite/sql/SqlNullSemantics.java,0,0,0.2021984460120215
1.6.0,core/src/main/java/org/apache/calcite/sql/SqlOperandCountRange.java,0,0,0.2021984460120215
1.6.0,core/src/main/java/org/apache/calcite/sql/SqlValuesOperator.java,0,1,0.5689257401808008
1.6.0,core/src/main/java/org/apache/calcite/util/graph/BreadthFirstIterator.java,0,0,0.35748956265979454
1.6.0,core/src/main/java/org/apache/calcite/util/graph/DirectedGraph.java,0,0,0.3646046474305161
1.6.0,core/src/main/java/org/apache/calcite/util/mapping/AbstractSourceMapping.java,0,0,9.135064595151774e-05
1.6.0,core/src/main/java/org/apache/calcite/util/mapping/AbstractTargetMapping.java,0,0,7.988978705287499e-05
1.6.0,core/src/main/java/org/apache/calcite/util/mapping/IntPair.java,0,0,0.11180236173934245
1.6.0,core/src/main/java/org/apache/calcite/util/mapping/MappingType.java,0,1,0.534596459773394
1.6.0,core/src/main/java/org/apache/calcite/util/javac/JavaCompiler.java,0,0,0.2021984460120215
1.6.0,core/src/main/java/org/apache/calcite/adapter/enumerable/WinAggContext.java,0,0,0.19234541499879962
1.6.0,core/src/main/java/org/apache/calcite/adapter/enumerable/WinAggImplementor.java,0,0,0.1363386134381336
1.6.0,core/src/main/java/org/apache/calcite/plan/hep/HepMatchOrder.java,0,0,0.14814988848866176
1.6.0,core/src/main/java/org/apache/calcite/plan/volcano/VolcanoPlannerPhase.java,0,0,0.14814988848866176
1.6.0,core/src/main/java/org/apache/calcite/rel/core/JoinRelType.java,0,0,0.44916384276756594
1.6.0,core/src/main/java/org/apache/calcite/rel/metadata/RelColumnMapping.java,0,0,0.06691254096099514
1.6.0,core/src/main/java/org/apache/calcite/rel/type/RelDataTypeFamily.java,0,0,0.2021984460120215
1.6.0,core/src/main/java/org/apache/calcite/rel/type/RelDataTypeField.java,0,0,0.2021984460120215
1.6.0,core/src/main/java/org/apache/calcite/rel/type/RelDataTypePrecedenceList.java,0,0,0.2021984460120215
1.6.0,core/src/main/java/org/apache/calcite/sql/pretty/SqlFormatOptions.java,0,0,0.007496045169255439
1.6.0,core/src/main/java/org/apache/calcite/sql/type/ExtraSqlTypes.java,0,0,0.00027973255077350914
1.6.0,core/src/main/java/org/apache/calcite/sql/validate/SqlConformance.java,0,0,0.3512319527909689
1.6.0,core/src/main/java/org/apache/calcite/sql/validate/SqlMonotonicity.java,0,0,0.17166949474228724
1.6.0,splunk/src/main/java/org/apache/calcite/adapter/splunk/search/SearchResultListener.java,0,0,0.20715711954462082
1.6.0,splunk/src/main/java/org/apache/calcite/adapter/splunk/util/StringUtils.java,0,0,1.1803424169969946e-11
1.6.0,linq4j/src/main/java/org/apache/calcite/linq4j/AbstractEnumerable.java,0,0,0.14814988848866176
1.6.0,linq4j/src/main/java/org/apache/calcite/linq4j/AbstractQueryable.java,0,0,0.002650568418646798
1.6.0,linq4j/src/main/java/org/apache/calcite/linq4j/Enumerable.java,0,0,0.2021984460120215
1.6.0,linq4j/src/main/java/org/apache/calcite/linq4j/Grouping.java,0,0,0.2021984460120215
1.6.0,linq4j/src/main/java/org/apache/calcite/linq4j/OpType.java,0,0,0.2021984460120215
1.6.0,linq4j/src/main/java/org/apache/calcite/linq4j/OrderedEnumerable.java,0,0,0.2021984460120215
1.6.0,linq4j/src/main/java/org/apache/calcite/linq4j/OrderedQueryable.java,0,0,0.2021984460120215
1.6.0,linq4j/src/main/java/org/apache/calcite/linq4j/Queryable.java,0,0,0.2021984460120215
1.6.0,linq4j/src/main/java/org/apache/calcite/linq4j/RawEnumerable.java,0,0,0.2021984460120215
1.6.0,linq4j/src/main/java/org/apache/calcite/linq4j/function/BigDecimalFunction1.java,0,0,0.0017275790423973
1.6.0,linq4j/src/main/java/org/apache/calcite/linq4j/function/Deterministic.java,0,0,0.2021984460120215
1.6.0,linq4j/src/main/java/org/apache/calcite/linq4j/function/DoubleFunction1.java,0,0,0.0020850859633808625
1.6.0,linq4j/src/main/java/org/apache/calcite/linq4j/function/EqualityComparer.java,0,0,0.2021984460120215
1.6.0,linq4j/src/main/java/org/apache/calcite/linq4j/function/FloatFunction1.java,0,0,0.0020850859633808625
1.6.0,linq4j/src/main/java/org/apache/calcite/linq4j/function/Function.java,0,0,0.19193725669061848
1.6.0,linq4j/src/main/java/org/apache/calcite/linq4j/function/Function0.java,0,0,0.2021984460120215
1.6.0,linq4j/src/main/java/org/apache/calcite/linq4j/function/Function1.java,0,0,0.0014317375616370654
1.6.0,linq4j/src/main/java/org/apache/calcite/linq4j/function/Function2.java,0,0,3.279597974453333e-05
1.6.0,linq4j/src/main/java/org/apache/calcite/linq4j/function/IntegerFunction1.java,0,0,0.0020850859633808625
1.6.0,linq4j/src/main/java/org/apache/calcite/linq4j/function/LongFunction1.java,0,0,0.0020850859633808625
1.6.0,linq4j/src/main/java/org/apache/calcite/linq4j/function/NonDeterministic.java,0,0,0.2021984460120215
1.6.0,linq4j/src/main/java/org/apache/calcite/linq4j/function/NullableBigDecimalFunction1.java,0,0,0.0020850859633808625
1.6.0,linq4j/src/main/java/org/apache/calcite/linq4j/function/NullableDoubleFunction1.java,0,0,0.0020850859633808625
1.6.0,linq4j/src/main/java/org/apache/calcite/linq4j/function/NullableFloatFunction1.java,0,0,0.0020850859633808625
1.6.0,linq4j/src/main/java/org/apache/calcite/linq4j/function/NullableIntegerFunction1.java,0,0,0.0020850859633808625
1.6.0,linq4j/src/main/java/org/apache/calcite/linq4j/function/NullableLongFunction1.java,0,0,0.0020850859633808625
1.6.0,linq4j/src/main/java/org/apache/calcite/linq4j/function/Predicate1.java,0,0,0.0014317375616370654
1.6.0,linq4j/src/main/java/org/apache/calcite/linq4j/function/Predicate2.java,0,0,2.3137042550896934e-05
1.6.0,linq4j/src/main/java/org/apache/calcite/linq4j/tree/CallSiteBinder.java,0,0,0.2021984460120215
1.6.0,linq4j/src/main/java/org/apache/calcite/linq4j/tree/ElementInit.java,0,0,0.2021984460120215
1.6.0,linq4j/src/main/java/org/apache/calcite/linq4j/tree/Evaluator.java,0,0,0.20896968501234467
1.6.0,linq4j/src/main/java/org/apache/calcite/linq4j/tree/ExpressionType.java,0,1,0.5689257401808008
1.6.0,linq4j/src/main/java/org/apache/calcite/linq4j/tree/GotoExpressionKind.java,0,0,0.14814988848866176
1.6.0,core/src/main/java/org/apache/calcite/sql/util/ChainedSqlOperatorTable.java,0,0,0.2514698082300726
1.6.0,linq4j/src/main/java/org/apache/calcite/linq4j/tree/MemberAssignment.java,0,0,0.1799340573432374
1.6.0,linq4j/src/main/java/org/apache/calcite/linq4j/tree/MemberBinding.java,0,0,0.2021984460120215
1.6.0,linq4j/src/main/java/org/apache/calcite/linq4j/tree/MemberDeclaration.java,0,0,0.14814988848866176
1.6.0,linq4j/src/main/java/org/apache/calcite/linq4j/tree/MemberListBinding.java,0,0,0.2021984460120215
1.6.0,linq4j/src/main/java/org/apache/calcite/linq4j/tree/MemberMemberBinding.java,0,0,0.1799340573432374
1.6.0,linq4j/src/main/java/org/apache/calcite/linq4j/tree/Node.java,0,0,0.07505472248939218
1.6.0,linq4j/src/main/java/org/apache/calcite/linq4j/tree/PseudoField.java,0,0,0.2021984460120215
1.6.0,linq4j/src/main/java/org/apache/calcite/linq4j/tree/SwitchCase.java,0,0,0.17349495376300209
1.6.0,core/src/main/java/org/apache/calcite/rel/logical/LogicalAggregate.java,0,1,0.5566218968371847
1.6.0,core/src/main/java/org/apache/calcite/config/Lex.java,0,0,0.2913265247113799
1.6.0,core/src/main/java/org/apache/calcite/rel/metadata/DefaultRelMetadataProvider.java,0,0,0.22176107656522337
1.6.0,core/src/main/java/org/apache/calcite/rel/rules/SortProjectTransposeRule.java,1,0,0.23275416335770555
1.6.0,core/src/main/java/org/apache/calcite/sql/SqlInsert.java,0,0,0.4186783569436805
1.6.0,core/src/main/java/org/apache/calcite/sql/SqlInsertKeyword.java,0,0,0.14814988848866176
1.6.0,core/src/main/java/org/apache/calcite/sql2rel/SqlNodeToRexConverterImpl.java,0,1,0.9348621552669852
1.6.0,core/src/main/java/org/apache/calcite/plan/RelOptPredicateList.java,0,0,0.4039454422135647
1.6.0,avatica/src/main/java/org/apache/calcite/avatica/AvaticaSeverity.java,0,0,0.03134023852074238
1.6.0,avatica/src/main/java/org/apache/calcite/avatica/remote/AvaticaRuntimeException.java,0,0,0.015350758648457558
1.6.0,avatica/src/main/java/org/apache/calcite/avatica/remote/JsonHandler.java,0,0,0.002340309876267494
1.6.0,avatica/src/main/java/org/apache/calcite/avatica/remote/MockJsonService.java,0,0,0.06463328211559
1.6.0,avatica/src/main/java/org/apache/calcite/avatica/remote/ProtobufHandler.java,0,0,0.0011697528101387558
1.6.0,core/src/main/java/org/apache/calcite/util/ImmutableNullableList.java,0,0,0.16007592747237043
1.6.0,core/src/main/java/org/apache/calcite/adapter/jdbc/JdbcTable.java,0,1,0.8650136105672525
1.6.0,core/src/main/java/org/apache/calcite/adapter/enumerable/EnumerableTableFunctionScan.java,0,1,0.6995460822654641
1.6.0,core/src/main/java/org/apache/calcite/schema/impl/TableFunctionImpl.java,0,0,0.27081636728106606
1.6.0,spark/src/main/java/org/apache/calcite/adapter/spark/HttpServer.java,0,0,0.04728370169543162
1.6.0,core/src/main/java/org/apache/calcite/util/BitSets.java,0,0,0.0355999828323481
1.6.0,core/src/main/java/org/apache/calcite/sql/SqlInfixOperator.java,0,0,0.46556518861582613
1.6.0,core/src/main/java/org/apache/calcite/sql/SqlInternalOperator.java,0,0,0.13182562220128546
1.6.0,core/src/main/java/org/apache/calcite/sql/SqlSpecialOperator.java,0,0,0.16888657941674606
1.6.0,core/src/main/java/org/apache/calcite/sql/SqlUpdate.java,1,0,0.3850159647233188
1.6.0,core/src/main/java/org/apache/calcite/sql/SqlWith.java,0,0,0.4612560885533289
1.6.0,core/src/main/java/org/apache/calcite/sql/SqlWithItem.java,0,0,0.20011566809187933
1.6.0,core/src/main/java/org/apache/calcite/sql/fun/SqlExtendOperator.java,0,1,0.6001425452666265
1.6.0,core/src/main/java/org/apache/calcite/sql/fun/SqlRollupOperator.java,0,1,0.5859383334440788
1.6.0,core/src/main/java/org/apache/calcite/sql/SqlSplittableAggFunction.java,1,1,0.8724247095833532
1.6.0,core/src/main/java/org/apache/calcite/rel/core/AggregateCall.java,0,1,0.6551547703310694
1.6.0,core/src/main/java/org/apache/calcite/rex/RexCopier.java,0,0,0.22029888530633412
1.6.0,core/src/main/java/org/apache/calcite/schema/ModifiableTable.java,0,0,0.15845839857562372
1.6.0,core/src/main/java/org/apache/calcite/schema/ModifiableView.java,0,0,0.21522292014210093
1.6.0,linq4j/src/main/java/org/apache/calcite/linq4j/tree/ConstantExpression.java,0,0,0.4152690662914891
1.6.0,linq4j/src/main/java/org/apache/calcite/linq4j/tree/Expressions.java,0,0,0.021669050742358198
1.6.0,core/src/main/java/org/apache/calcite/rel/core/SetOp.java,0,0,0.29873937378759663
1.6.0,core/src/main/java/org/apache/calcite/rel/metadata/NullSentinel.java,0,1,0.6297190476649013
1.6.0,core/src/main/java/org/apache/calcite/rel/rel2sql/SqlImplementor.java,1,1,0.9995082141992692
1.6.0,avatica-server/src/main/java/org/apache/calcite/avatica/server/AvaticaHandler.java,0,0,0.05063572419595745
1.6.0,avatica-server/src/main/java/org/apache/calcite/avatica/server/AvaticaJsonHandler.java,0,1,0.7572869224410026
1.6.0,avatica-server/src/main/java/org/apache/calcite/avatica/server/AvaticaProtobufHandler.java,0,0,9.785295784742533e-06
1.6.0,avatica-server/src/main/java/org/apache/calcite/avatica/server/DelegatingAvaticaHandler.java,0,0,0.12878893722154378
1.6.0,avatica/src/main/java/org/apache/calcite/avatica/remote/AbstractHandler.java,0,0,0.3780511060830516
1.6.0,avatica/src/main/java/org/apache/calcite/avatica/remote/AbstractService.java,0,1,0.9705006886499042
1.6.0,core/src/main/java/org/apache/calcite/tools/Programs.java,0,0,0.005775574138506564
1.6.0,core/src/main/java/org/apache/calcite/sql/SqlTimeLiteral.java,0,1,0.81451134410738
1.6.0,core/src/main/java/org/apache/calcite/sql/SqlTimestampLiteral.java,0,1,0.8896045213600408
1.6.0,core/src/main/java/org/apache/calcite/sql/fun/SqlBetweenOperator.java,1,1,0.922143440305366
1.6.0,core/src/main/java/org/apache/calcite/sql/type/ComparableOperandTypeChecker.java,0,0,0.4688194294924488
1.6.0,core/src/main/java/org/apache/calcite/jdbc/Driver.java,0,0,0.21547136151950128
1.6.0,avatica/src/main/java/org/apache/calcite/avatica/UnregisteredDriver.java,0,0,0.00017139481293518033
1.6.0,avatica/src/main/java/org/apache/calcite/avatica/util/Cursor.java,0,0,0.08052956477784513
1.6.0,avatica/src/main/java/org/apache/calcite/avatica/util/IteratorCursor.java,0,0,0.005439744495122409
1.6.0,linq4j/src/main/java/org/apache/calcite/linq4j/Enumerator.java,0,0,0.27702431591662985
1.6.0,linq4j/src/main/java/org/apache/calcite/linq4j/Linq4j.java,0,0,2.0359470641045226e-05
1.6.0,core/src/main/java/org/apache/calcite/rel/rules/ProjectWindowTransposeRule.java,0,1,0.6195987977865913
1.6.0,avatica/src/main/java/org/apache/calcite/avatica/util/AbstractCursor.java,0,1,0.871925289353588
1.6.0,core/src/main/java/org/apache/calcite/interpreter/Sink.java,0,0,0.11095605464299475
1.6.0,core/src/main/java/org/apache/calcite/sql/validate/SelectNamespace.java,0,0,0.14814988848866176
1.6.0,core/src/main/java/org/apache/calcite/sql/validate/SqlValidatorUtil.java,0,1,0.9945301814616327
1.6.0,linq4j/src/main/java/org/apache/calcite/linq4j/DelegatingEnumerator.java,0,0,0.22430132776403944
1.6.0,core/src/main/java/org/apache/calcite/adapter/enumerable/EnumerableSemiJoinRule.java,0,0,0.44985616231296277
1.6.0,core/src/main/java/org/apache/calcite/rel/rules/JoinAddRedundantSemiJoinRule.java,0,0,0.3512086242265967
1.6.0,core/src/main/java/org/apache/calcite/rel/rules/SemiJoinFilterTransposeRule.java,0,0,0.09487551438627863
1.6.0,core/src/main/java/org/apache/calcite/rel/rules/SemiJoinJoinTransposeRule.java,0,0,0.4536743621560558
1.6.0,core/src/main/java/org/apache/calcite/sql/validate/AggChecker.java,0,0,0.13522228243325302
1.6.0,core/src/main/java/org/apache/calcite/interpreter/Source.java,0,0,0.2601438421451429
1.6.0,avatica/src/main/java/org/apache/calcite/avatica/BuiltInConnectionProperty.java,0,0,0.08419405666224553
1.6.0,avatica/src/main/java/org/apache/calcite/avatica/ConnectionConfig.java,0,0,0.35306343244206595
1.6.0,core/src/main/java/org/apache/calcite/jdbc/CalciteMetaImpl.java,0,1,0.999102824149046
1.6.0,core/src/main/java/org/apache/calcite/rex/RexMultisetUtil.java,0,0,0.3580585089110055
1.6.0,core/src/main/java/org/apache/calcite/rel/externalize/RelXmlWriter.java,0,0,0.006032174994678553
1.6.0,core/src/main/java/org/apache/calcite/rex/RexCorrelVariable.java,0,0,0.015505629902827034
1.6.0,core/src/main/java/org/apache/calcite/sql2rel/CorrelationReferenceFinder.java,0,1,0.6638530925242079
1.6.0,avatica-server/src/main/java/org/apache/calcite/avatica/jdbc/JdbcMeta.java,1,1,0.9995575151031284
1.6.0,avatica/src/main/java/org/apache/calcite/avatica/remote/JsonService.java,0,1,0.5549093214454529
1.6.0,avatica/src/main/java/org/apache/calcite/avatica/remote/LocalService.java,0,0,0.0004003061602587391
1.6.0,avatica/src/main/java/org/apache/calcite/avatica/remote/ProtobufService.java,0,1,0.789674348646018
1.6.0,avatica/src/main/java/org/apache/calcite/avatica/remote/ProtobufTranslationImpl.java,0,1,0.961264167593659
1.6.0,avatica/src/main/java/org/apache/calcite/avatica/remote/RemoteMeta.java,0,0,0.012743823756908136
1.6.0,avatica/src/main/java/org/apache/calcite/avatica/AvaticaConnection.java,0,1,0.6922204309642427
1.6.0,avatica/src/main/java/org/apache/calcite/avatica/proto/Requests.java,0,0,1.9122826801693756e-26
1.6.0,avatica/src/main/java/org/apache/calcite/avatica/proto/Responses.java,0,0,1.3016583978878161e-20
1.6.0,avatica/src/main/java/org/apache/calcite/avatica/util/DateTimeUtils.java,0,0,6.118804934815294e-07
1.6.0,core/src/main/java/org/apache/calcite/jdbc/CachingCalciteSchema.java,1,1,0.7985664733746028
1.6.0,core/src/main/java/org/apache/calcite/jdbc/CalciteConnectionImpl.java,0,1,0.6923368918820637
1.6.0,core/src/main/java/org/apache/calcite/jdbc/CalciteRootSchema.java,0,0,0.3022495517439278
1.6.0,core/src/main/java/org/apache/calcite/jdbc/CalciteSchema.java,1,0,0.010338369115632564
1.6.0,core/src/main/java/org/apache/calcite/jdbc/SimpleCalciteSchema.java,0,0,0.4169744604014653
1.6.0,core/src/main/java/org/apache/calcite/schema/Schemas.java,0,1,0.7846719198525565
1.6.0,core/src/main/java/org/apache/calcite/sql/SqlUnresolvedFunction.java,0,0,0.13495394486396617
1.6.0,core/src/main/java/org/apache/calcite/model/JsonColumn.java,0,0,0.26869648205179186
1.6.0,core/src/main/java/org/apache/calcite/model/JsonCustomSchema.java,0,0,0.2458594823052963
1.6.0,core/src/main/java/org/apache/calcite/model/JsonCustomTable.java,0,0,0.25472434165264857
1.6.0,core/src/main/java/org/apache/calcite/model/JsonFunction.java,0,0,0.24145730733010057
1.6.0,core/src/main/java/org/apache/calcite/model/JsonJdbcSchema.java,0,0,0.27627069919476105
1.6.0,core/src/main/java/org/apache/calcite/prepare/RelOptTableImpl.java,0,1,0.6105951149461758
1.6.0,core/src/main/java/org/apache/calcite/model/JsonLattice.java,0,1,0.6864384366765803
1.6.0,core/src/main/java/org/apache/calcite/model/JsonMapSchema.java,0,1,0.7269654143401288
1.6.0,core/src/main/java/org/apache/calcite/model/JsonMeasure.java,0,0,0.209765314849451
1.6.0,core/src/main/java/org/apache/calcite/model/JsonRoot.java,0,0,0.37496672028507144
1.6.0,core/src/main/java/org/apache/calcite/model/JsonSchema.java,0,1,0.7102229780209863
1.6.0,core/src/main/java/org/apache/calcite/model/JsonStream.java,0,0,0.24397001697958906
1.6.0,core/src/main/java/org/apache/calcite/model/JsonTable.java,0,0,0.2604719544761535
1.6.0,core/src/main/java/org/apache/calcite/model/JsonTile.java,0,0,0.18312080110954132
1.6.0,core/src/main/java/org/apache/calcite/model/JsonView.java,0,0,0.26609379391533483
1.6.0,core/src/main/java/org/apache/calcite/rel/rules/UnionEliminatorRule.java,0,0,0.13251170571554802
1.6.0,core/src/main/java/org/apache/calcite/sql/parser/SqlAbstractParserImpl.java,0,0,0.01034773963412779
1.6.0,mongodb/src/main/java/org/apache/calcite/adapter/mongodb/MongoRules.java,0,0,0.14139150936369255
1.6.0,core/src/main/java/org/apache/calcite/interpreter/AggregateNode.java,1,1,0.766405446657051
1.6.0,core/src/main/java/org/apache/calcite/interpreter/JaninoRexCompiler.java,0,0,0.3415978844862516
1.6.0,core/src/main/java/org/apache/calcite/interpreter/JoinNode.java,0,0,0.3060079501193545
1.6.0,core/src/main/java/org/apache/calcite/interpreter/Nodes.java,0,0,0.16779791914428996
1.6.0,core/src/main/java/org/apache/calcite/interpreter/ProjectNode.java,0,1,0.7011894966858958
1.6.0,core/src/main/java/org/apache/calcite/interpreter/ValuesNode.java,0,1,0.563004771596073
1.6.0,core/src/main/java/org/apache/calcite/sql/SqlFilterOperator.java,0,1,0.5306677027867243
1.6.0,core/src/main/java/org/apache/calcite/sql/SqlOverOperator.java,0,1,0.542176991368048
1.6.0,core/src/main/java/org/apache/calcite/adapter/enumerable/AggAddContext.java,0,0,0.19193725669061848
1.6.0,core/src/main/java/org/apache/calcite/adapter/enumerable/EnumerableAggregate.java,1,1,0.7312348074974118
1.6.0,core/src/main/java/org/apache/calcite/adapter/enumerable/EnumerableInterpreterRule.java,0,0,0.09870634551456725
1.6.0,core/src/main/java/org/apache/calcite/adapter/enumerable/EnumerableRel.java,0,0,0.29243134391625375
1.6.0,core/src/main/java/org/apache/calcite/adapter/enumerable/EnumerableRules.java,0,0,0.00022925787955311845
1.6.0,core/src/main/java/org/apache/calcite/adapter/enumerable/EnumerableTableScanRule.java,0,1,0.579639695524753
1.6.0,core/src/main/java/org/apache/calcite/rel/logical/LogicalTableScan.java,0,0,0.4285192485286236
1.6.0,core/src/main/java/org/apache/calcite/rel/rules/FilterTableScanRule.java,0,0,0.4826068661795459
1.6.0,core/src/main/java/org/apache/calcite/rel/rules/ProjectTableScanRule.java,0,0,0.3846730220808692
1.6.0,core/src/main/java/org/apache/calcite/prepare/QueryableRelBuilder.java,0,1,0.8080415543273578
1.6.0,avatica/src/main/java/org/apache/calcite/avatica/ColumnMetaData.java,0,1,0.5578694488968424
1.6.0,linq4j/src/main/java/org/apache/calcite/linq4j/DefaultEnumerable.java,0,0,0.16198923813595004
1.6.0,linq4j/src/main/java/org/apache/calcite/linq4j/DefaultQueryable.java,0,0,0.19590594009617762
1.6.0,linq4j/src/main/java/org/apache/calcite/linq4j/EnumerableDefaults.java,0,1,0.9420081592147559
1.6.0,linq4j/src/main/java/org/apache/calcite/linq4j/EnumerableQueryable.java,0,0,0.18284645323117277
1.6.0,linq4j/src/main/java/org/apache/calcite/linq4j/ExtendedEnumerable.java,0,0,0.0020375948644505188
1.6.0,linq4j/src/main/java/org/apache/calcite/linq4j/ExtendedQueryable.java,0,0,0.0019311671938191147
1.6.0,linq4j/src/main/java/org/apache/calcite/linq4j/QueryableFactory.java,0,0,0.1700631905714448
1.6.0,linq4j/src/main/java/org/apache/calcite/linq4j/QueryableRecorder.java,0,0,0.1137646016830488
1.6.0,avatica/src/main/java/org/apache/calcite/avatica/util/ByteString.java,0,1,0.7549399524975883
1.6.0,core/src/main/java/org/apache/calcite/plan/RelOptMaterialization.java,0,0,0.20218413243903482
1.6.0,core/src/main/java/org/apache/calcite/tools/Planner.java,0,0,0.33984712416176605
1.6.0,core/src/main/java/org/apache/calcite/adapter/enumerable/JavaRowFormat.java,1,1,0.84038876046329
1.6.0,avatica/src/main/java/org/apache/calcite/avatica/util/Base64.java,0,0,2.3216277663850838e-05
1.6.0,core/src/main/java/org/apache/calcite/sql/SqlJdbcFunctionCall.java,0,0,0.006250448084678506
1.6.0,core/src/main/java/org/apache/calcite/schema/Path.java,0,0,0.08071793532865787
1.6.0,core/src/main/java/org/apache/calcite/util/Stacks.java,0,0,0.29492764272806055
1.6.0,core/src/main/java/org/apache/calcite/model/ModelHandler.java,0,1,0.8493170132737073
1.6.0,avatica/src/main/java/org/apache/calcite/avatica/remote/LocalJsonService.java,0,0,0.1030767192405126
1.6.0,core/src/main/java/org/apache/calcite/rel/RelRoot.java,0,0,0.4514207368291822
1.6.0,mongodb/src/main/java/org/apache/calcite/adapter/mongodb/MongoTable.java,0,0,0.33062593948044616
1.6.0,core/src/main/java/org/apache/calcite/jdbc/CalciteJdbc41Factory.java,0,0,0.3130780326229972
1.6.0,core/src/main/java/org/apache/calcite/jdbc/CalciteResultSet.java,0,1,0.5623644234014415
1.6.0,core/src/main/java/org/apache/calcite/adapter/jdbc/JdbcSchema.java,1,1,0.9019031678127275
1.6.0,avatica-server/src/main/java/org/apache/calcite/avatica/jdbc/JdbcResultSet.java,0,0,0.4290825003969442
1.6.0,avatica-server/src/main/java/org/apache/calcite/avatica/jdbc/StatementInfo.java,1,0,0.4896339878350959
1.6.0,avatica/src/main/java/org/apache/calcite/avatica/AvaticaDatabaseMetaData.java,0,0,0.004705991330921118
1.6.0,avatica/src/main/java/org/apache/calcite/avatica/AvaticaFactory.java,0,0,0.48649675390639
1.6.0,avatica/src/main/java/org/apache/calcite/avatica/AvaticaJdbc41Factory.java,0,0,0.49545835312054
1.6.0,avatica/src/main/java/org/apache/calcite/avatica/AvaticaPreparedStatement.java,0,1,0.9075702191828795
1.6.0,avatica/src/main/java/org/apache/calcite/avatica/AvaticaResultSet.java,0,0,0.049391568222430564
1.6.0,avatica/src/main/java/org/apache/calcite/avatica/AvaticaStatement.java,0,0,0.19043013673362938
1.6.0,avatica/src/main/java/org/apache/calcite/avatica/MetaImpl.java,1,1,1.0
1.6.0,avatica/src/main/java/org/apache/calcite/avatica/MissingResultsException.java,0,0,0.17292251324289795
1.6.0,avatica/src/main/java/org/apache/calcite/avatica/NoSuchConnectionException.java,0,0,0.1780380370346515
1.6.0,avatica/src/main/java/org/apache/calcite/avatica/NoSuchStatementException.java,0,0,0.18273697073370165
1.6.0,avatica/src/main/java/org/apache/calcite/avatica/QueryState.java,0,1,0.9219864294999169
1.6.0,avatica/src/main/java/org/apache/calcite/avatica/remote/AvaticaHttpClient.java,0,0,0.17649523201339962
1.6.0,avatica/src/main/java/org/apache/calcite/avatica/remote/AvaticaHttpClientImpl.java,0,1,0.6015127662433378
1.6.0,avatica/src/main/java/org/apache/calcite/avatica/remote/Driver.java,0,0,0.18782251264885752
1.6.0,avatica/src/main/java/org/apache/calcite/avatica/remote/MetaDataOperation.java,0,0,2.082132010577137e-57
1.6.0,avatica/src/main/java/org/apache/calcite/avatica/remote/RemoteProtobufService.java,0,0,0.057493930812103175
1.6.0,avatica/src/main/java/org/apache/calcite/avatica/remote/RemoteService.java,0,0,0.05075029019235955
1.6.0,core/src/main/java/org/apache/calcite/rel/type/RelDataType.java,0,0,0.2021984460120215
1.6.0,core/src/main/java/org/apache/calcite/rel/type/RelDataTypeImpl.java,0,0,0.1517954832096413
1.6.0,splunk/src/main/java/org/apache/calcite/adapter/splunk/SplunkTableScan.java,0,0,0.21580957949432614
1.6.0,core/src/main/java/org/apache/calcite/schema/FunctionParameter.java,0,0,0.3230551210547361
1.6.0,core/src/main/java/org/apache/calcite/sql/SqlAsOperator.java,0,1,0.7970195074645375
1.6.0,core/src/main/java/org/apache/calcite/sql/SqlFunction.java,0,1,0.5841255309547843
1.6.0,core/src/main/java/org/apache/calcite/rex/RexProgramBuilder.java,0,0,0.037359518227082604
1.6.0,core/src/main/java/org/apache/calcite/util/Compatible.java,0,0,0.09230585298577924
1.6.0,core/src/main/java/org/apache/calcite/util/ImmutableIntList.java,0,0,1.6476483707778663e-08
1.6.0,core/src/main/java/org/apache/calcite/util/ReflectUtil.java,0,0,1.5271317926334097e-05
1.6.0,core/src/main/java/org/apache/calcite/sql/SqlKind.java,1,0,0.04339384385120031
1.6.0,core/src/main/java/org/apache/calcite/sql/SqlMerge.java,0,1,0.6681383476961065
1.6.0,core/src/main/java/org/apache/calcite/adapter/jdbc/JdbcImplementor.java,1,0,0.1192315794978707
1.6.0,core/src/main/java/org/apache/calcite/plan/RelOptNode.java,0,0,0.2021984460120215
1.6.0,core/src/main/java/org/apache/calcite/schema/SchemaFactory.java,0,0,0.16675157547869757
1.6.0,core/src/main/java/org/apache/calcite/schema/impl/AggregateFunctionImpl.java,1,1,0.5177860843953657
1.6.0,core/src/main/java/org/apache/calcite/schema/impl/ReflectiveFunctionBase.java,1,1,0.5749744004744023
1.6.0,core/src/main/java/org/apache/calcite/sql/advise/SqlAdvisorGetHintsFunction.java,0,1,0.6462209280995929
1.6.0,core/src/main/java/org/apache/calcite/sql/fun/SqlArgumentAssignmentOperator.java,0,0,0.07877370207385437
1.6.0,core/src/main/java/org/apache/calcite/sql/fun/SqlCastFunction.java,0,1,0.7353925993496587
1.6.0,core/src/main/java/org/apache/calcite/sql/fun/SqlDefaultOperator.java,0,0,0.2005453956746404
1.6.0,core/src/main/java/org/apache/calcite/sql/fun/SqlItemOperator.java,0,1,0.5491504839730745
1.6.0,core/src/main/java/org/apache/calcite/sql/fun/SqlLikeOperator.java,0,1,0.6392358631074385
1.6.0,core/src/main/java/org/apache/calcite/sql/fun/SqlLiteralChainOperator.java,0,1,0.6596092126821488
1.6.0,core/src/main/java/org/apache/calcite/sql/fun/SqlMapValueConstructor.java,0,1,0.6159335445667097
1.6.0,core/src/main/java/org/apache/calcite/sql/fun/SqlMultisetMemberOfOperator.java,0,1,0.5637110353538934
1.6.0,core/src/main/java/org/apache/calcite/sql/fun/SqlMultisetValueConstructor.java,0,1,0.5183541022912884
1.6.0,core/src/main/java/org/apache/calcite/rel/rules/ProjectToWindowRule.java,0,1,0.8104199766512716
1.6.0,core/src/main/java/org/apache/calcite/sql/fun/SqlOverlapsOperator.java,0,0,0.34700848841754417
1.6.0,core/src/main/java/org/apache/calcite/sql/fun/SqlQuarterFunction.java,0,0,0.24309565159951602
1.6.0,core/src/main/java/org/apache/calcite/sql/fun/SqlSubstringFunction.java,0,1,0.6331597402603039
1.6.0,core/src/main/java/org/apache/calcite/sql/fun/SqlTrimFunction.java,1,1,0.8214828019430106
1.6.0,core/src/main/java/org/apache/calcite/util/ImmutableBitSet.java,0,0,0.279809239054853
1.6.0,core/src/main/java/org/apache/calcite/sql/type/AssignableOperandTypeChecker.java,0,0,0.0013874777451280387
1.6.0,core/src/main/java/org/apache/calcite/sql/type/CompositeOperandTypeChecker.java,1,1,0.6297516683780808
1.6.0,core/src/main/java/org/apache/calcite/sql/type/FamilyOperandTypeChecker.java,0,1,0.6684692841717593
1.6.0,core/src/main/java/org/apache/calcite/sql/type/InferTypes.java,0,0,0.14022886652875857
1.6.0,core/src/main/java/org/apache/calcite/sql/type/LiteralOperandTypeChecker.java,0,0,0.48751135828911046
1.6.0,core/src/main/java/org/apache/calcite/sql/type/MultisetOperandTypeChecker.java,0,1,0.5078331003621774
1.6.0,core/src/main/java/org/apache/calcite/sql/type/OperandTypes.java,0,0,3.0480814334071053e-09
1.6.0,core/src/main/java/org/apache/calcite/sql/type/SameOperandTypeChecker.java,0,1,0.6093068622452803
1.6.0,core/src/main/java/org/apache/calcite/sql/type/SetopOperandTypeChecker.java,0,1,0.6254280516348306
1.6.0,core/src/main/java/org/apache/calcite/sql/type/SqlOperandCountRanges.java,0,0,0.08230388995263266
1.6.0,core/src/main/java/org/apache/calcite/sql/type/SqlOperandTypeChecker.java,0,0,0.20494292963854588
1.6.0,core/src/main/java/org/apache/calcite/adapter/enumerable/AggContext.java,0,0,0.19193725669061848
1.6.0,core/src/main/java/org/apache/calcite/adapter/enumerable/CallImplementor.java,0,0,0.18896427138969696
1.6.0,core/src/main/java/org/apache/calcite/sql/validate/SqlUserDefinedFunction.java,0,0,0.20725074543912292
1.6.0,core/src/main/java/org/apache/calcite/adapter/enumerable/JavaRelImplementor.java,0,0,0.4489265122751738
1.6.0,core/src/main/java/org/apache/calcite/util/mapping/Mappings.java,0,0,0.009311772892967099
1.6.0,core/src/main/java/org/apache/calcite/rel/type/RelDataTypeFactory.java,0,0,0.058960234472590335
1.6.0,core/src/main/java/org/apache/calcite/schema/impl/AbstractSchema.java,0,0,0.10427785273410874
1.6.0,linq4j/src/main/java/org/apache/calcite/linq4j/function/Functions.java,0,0,6.221289313277719e-07
1.6.0,linq4j/src/main/java/org/apache/calcite/linq4j/function/Parameter.java,0,0,0.29057511943312153
