version,file,true_label,predicted,probability
1.9.0,core/src/main/java/org/apache/calcite/interpreter/Bindables.java,0,0,0.014694320005451584
1.9.0,core/src/main/java/org/apache/calcite/plan/RelOptUtil.java,1,1,0.9999742512652819
1.9.0,core/src/main/java/org/apache/calcite/rel/rules/DateRangeRules.java,1,1,0.9992378095707508
1.9.0,core/src/main/java/org/apache/calcite/rel/rules/ProjectSortTransposeRule.java,0,0,0.21262517859959026
1.9.0,core/src/main/java/org/apache/calcite/rel/rules/SortProjectTransposeRule.java,1,1,0.5826203582131744
1.9.0,druid/src/main/java/org/apache/calcite/adapter/druid/DruidConnectionImpl.java,1,0,0.20361173636177618
1.9.0,druid/src/main/java/org/apache/calcite/adapter/druid/DruidSchema.java,1,0,0.2086824611465032
1.9.0,druid/src/main/java/org/apache/calcite/adapter/druid/DruidSchemaFactory.java,0,0,0.4629666062777619
1.9.0,druid/src/main/java/org/apache/calcite/adapter/druid/DruidTableFactory.java,1,0,0.4368415562730029
1.9.0,druid/src/main/java/org/apache/calcite/adapter/druid/QueryType.java,0,0,0.21156609106442018
1.9.0,core/src/main/java/org/apache/calcite/rex/RexCall.java,0,1,0.5000647365076363
1.9.0,core/src/main/java/org/apache/calcite/rex/RexOver.java,0,0,0.28474750883011785
1.9.0,core/src/main/java/org/apache/calcite/util/Bug.java,0,0,8.543759605174521e-06
1.9.0,core/src/main/java/org/apache/calcite/schema/TranslatableTable.java,0,0,0.45527537279208535
1.9.0,core/src/main/java/org/apache/calcite/rel/rules/UnionPullUpConstantsRule.java,0,1,0.8082916730152581
1.9.0,core/src/main/java/org/apache/calcite/prepare/CalciteMaterializer.java,0,1,0.7540778411420548
1.9.0,core/src/main/java/org/apache/calcite/sql/validate/AggregatingSelectScope.java,0,1,0.6558281265518201
1.9.0,core/src/main/java/org/apache/calcite/adapter/enumerable/EnumerableTableModify.java,0,1,0.6613855486303348
1.9.0,linq4j/src/main/java/org/apache/calcite/linq4j/DefaultEnumerable.java,0,0,0.1498347898233749
1.9.0,linq4j/src/main/java/org/apache/calcite/linq4j/EnumerableDefaults.java,0,1,0.7055446712500869
1.9.0,linq4j/src/main/java/org/apache/calcite/linq4j/ExtendedEnumerable.java,0,0,0.0016579054828579863
1.9.0,core/src/main/java/org/apache/calcite/sql/SqlKind.java,0,1,0.8309020978124559
1.9.0,spark/src/main/java/org/apache/calcite/adapter/spark/SparkRules.java,0,0,0.0012015558667911948
1.9.0,spark/src/main/java/org/apache/calcite/adapter/spark/SparkRuntime.java,0,0,0.03627872683945114
1.9.0,core/src/main/java/org/apache/calcite/prepare/CalciteCatalogReader.java,0,0,0.17418906306498355
1.9.0,core/src/main/java/org/apache/calcite/runtime/CalciteResource.java,1,0,0.2162828831388014
1.9.0,core/src/main/java/org/apache/calcite/runtime/FlatLists.java,1,0,0.09590644627368679
1.9.0,core/src/main/java/org/apache/calcite/sql/SqlIdentifier.java,0,0,0.1668453929702407
1.9.0,core/src/main/java/org/apache/calcite/sql2rel/SqlToRelConverter.java,1,1,0.9993196371754268
1.9.0,core/src/main/java/org/apache/calcite/util/ImmutableIntList.java,0,0,2.6198110676143054e-08
1.9.0,core/src/main/java/org/apache/calcite/util/Pair.java,0,0,9.528935964161302e-07
1.9.0,core/src/main/java/org/apache/calcite/rel/type/DynamicRecordTypeImpl.java,0,1,0.8420370972834723
1.9.0,core/src/main/java/org/apache/calcite/rel/type/RelDataType.java,0,0,0.3284677466389353
1.9.0,core/src/main/java/org/apache/calcite/rel/type/RelDataTypeFactory.java,0,1,0.8618481898438205
1.9.0,core/src/main/java/org/apache/calcite/rel/type/RelDataTypeFactoryImpl.java,1,1,0.5034749362049765
1.9.0,core/src/main/java/org/apache/calcite/rel/type/RelDataTypeHolder.java,0,1,0.805621985378128
1.9.0,core/src/main/java/org/apache/calcite/rel/type/RelDataTypeImpl.java,0,0,0.34580147615883766
1.9.0,core/src/main/java/org/apache/calcite/rel/type/RelRecordType.java,0,0,0.07565453572183294
1.9.0,core/src/main/java/org/apache/calcite/rel/type/StructKind.java,0,0,0.18377929446870006
1.9.0,core/src/main/java/org/apache/calcite/sql/validate/CatalogScope.java,0,1,0.7522326258663324
1.9.0,core/src/main/java/org/apache/calcite/sql/validate/DelegatingScope.java,1,1,0.9960430545938922
1.9.0,core/src/main/java/org/apache/calcite/sql/validate/EmptyScope.java,0,0,0.0027845979654474787
1.9.0,core/src/main/java/org/apache/calcite/sql/validate/ListScope.java,0,1,0.9402159595278868
1.9.0,core/src/main/java/org/apache/calcite/sql/validate/ParameterScope.java,0,0,0.39502408813778583
1.9.0,core/src/main/java/org/apache/calcite/sql/validate/SqlQualified.java,0,1,0.5386328817230233
1.9.0,core/src/main/java/org/apache/calcite/sql/validate/SqlValidatorCatalogReader.java,0,0,0.24168696936003467
1.9.0,core/src/main/java/org/apache/calcite/sql/validate/SqlValidatorImpl.java,1,1,0.8819352504678791
1.9.0,core/src/main/java/org/apache/calcite/sql/validate/SqlValidatorScope.java,0,0,0.000491708545593894
1.9.0,core/src/main/java/org/apache/calcite/sql/validate/SqlValidatorUtil.java,0,1,0.9992792132256044
1.9.0,core/src/main/java/org/apache/calcite/sql/validate/WithScope.java,0,1,0.7449499589249293
1.9.0,splunk/src/main/java/org/apache/calcite/adapter/splunk/SplunkPushDownRule.java,0,0,0.2283749494686976
1.9.0,core/src/main/java/org/apache/calcite/sql/SqlStateCodes.java,0,0,0.12714576920628115
1.9.0,core/src/main/java/org/apache/calcite/sql/SqlFunction.java,0,0,0.4887461641653146
1.9.0,core/src/main/java/org/apache/calcite/rel/rules/LoptOptimizeJoinRule.java,0,1,0.8796004318575188
1.9.0,core/src/main/java/org/apache/calcite/Demo.java,0,0,0.06458908407155184
1.9.0,core/src/main/java/org/apache/calcite/config/CalciteConnectionConfig.java,0,0,0.3674556349844186
1.9.0,core/src/main/java/org/apache/calcite/config/CalciteConnectionConfigImpl.java,1,1,0.656908921656188
1.9.0,core/src/main/java/org/apache/calcite/config/CalciteConnectionProperty.java,1,1,0.7555708547614848
1.9.0,core/src/main/java/org/apache/calcite/config/Lex.java,0,0,0.09953888344893354
1.9.0,core/src/main/java/org/apache/calcite/config/NullCollation.java,0,1,0.5524969374923665
1.9.0,core/src/main/java/org/apache/calcite/interpreter/AbstractSingleNode.java,0,0,0.1104071579548352
1.9.0,core/src/main/java/org/apache/calcite/interpreter/BindableRel.java,0,0,0.18669851464496431
1.9.0,core/src/main/java/org/apache/calcite/interpreter/Context.java,0,0,0.10718513884915125
1.9.0,core/src/main/java/org/apache/calcite/interpreter/FilterNode.java,0,1,0.5690705306252035
1.9.0,core/src/main/java/org/apache/calcite/interpreter/InterpretableConverter.java,0,0,0.18669851464496431
1.9.0,core/src/main/java/org/apache/calcite/interpreter/InterpretableRel.java,0,0,0.18669851464496431
1.9.0,core/src/main/java/org/apache/calcite/interpreter/Interpreter.java,0,0,0.030029652472112943
1.9.0,core/src/main/java/org/apache/calcite/interpreter/Interpreters.java,0,0,0.15284565201594266
1.9.0,core/src/main/java/org/apache/calcite/interpreter/JaninoRexCompiler.java,0,0,0.3324092565961232
1.9.0,core/src/main/java/org/apache/calcite/interpreter/JoinNode.java,0,0,0.23791584803515772
1.9.0,core/src/main/java/org/apache/calcite/interpreter/Node.java,0,0,0.07535970212123726
1.9.0,core/src/main/java/org/apache/calcite/interpreter/Nodes.java,0,0,0.12891341700860984
1.9.0,core/src/main/java/org/apache/calcite/interpreter/NoneToBindableConverterRule.java,0,0,0.12093265544198743
1.9.0,core/src/main/java/org/apache/calcite/interpreter/ProjectNode.java,0,1,0.5533130575285738
1.9.0,core/src/main/java/org/apache/calcite/interpreter/Row.java,0,0,0.22339519976663255
1.9.0,core/src/main/java/org/apache/calcite/interpreter/Scalar.java,0,0,0.2048177479356126
1.9.0,core/src/main/java/org/apache/calcite/interpreter/Sink.java,0,0,0.07535970212123726
1.9.0,core/src/main/java/org/apache/calcite/interpreter/SortNode.java,1,1,0.7889236160029816
1.9.0,core/src/main/java/org/apache/calcite/interpreter/Source.java,0,0,0.18162384808244034
1.9.0,core/src/main/java/org/apache/calcite/interpreter/TableScanNode.java,0,1,0.9525329682390765
1.9.0,core/src/main/java/org/apache/calcite/interpreter/UnionNode.java,0,1,0.5616456343935081
1.9.0,core/src/main/java/org/apache/calcite/interpreter/ValuesNode.java,0,1,0.5238667457698456
1.9.0,core/src/main/java/org/apache/calcite/interpreter/WindowNode.java,0,0,0.2053672181234898
1.9.0,core/src/main/java/org/apache/calcite/jdbc/CachingCalciteSchema.java,1,1,0.5662174015875502
1.9.0,core/src/main/java/org/apache/calcite/jdbc/CalciteConnection.java,0,0,0.14918472646381892
1.9.0,core/src/main/java/org/apache/calcite/jdbc/CalciteFactory.java,0,0,0.15667330385945807
1.9.0,core/src/main/java/org/apache/calcite/jdbc/CalciteJdbc41Factory.java,0,0,0.10091170069172921
1.9.0,core/src/main/java/org/apache/calcite/jdbc/CalcitePrepare.java,0,0,0.018512868251123953
1.9.0,core/src/main/java/org/apache/calcite/jdbc/CalcitePreparedStatement.java,0,0,0.08663378419430132
1.9.0,core/src/main/java/org/apache/calcite/jdbc/CalciteRootSchema.java,0,0,0.17148792926909276
1.9.0,core/src/main/java/org/apache/calcite/jdbc/CalciteSchema.java,1,1,0.7777869444028184
1.9.0,core/src/main/java/org/apache/calcite/jdbc/CalciteStatement.java,1,1,0.5221050808105485
1.9.0,core/src/main/java/org/apache/calcite/jdbc/Driver.java,0,1,0.6051889490086112
1.9.0,core/src/main/java/org/apache/calcite/jdbc/JavaRecordType.java,0,0,0.4993302508822215
1.9.0,core/src/main/java/org/apache/calcite/jdbc/MetadataSchema.java,0,0,0.10768528771527451
1.9.0,core/src/main/java/org/apache/calcite/jdbc/SimpleCalciteSchema.java,0,0,0.26657066863071976
1.9.0,core/src/main/java/org/apache/calcite/jdbc/SqlTimeoutException.java,0,0,0.14918472646381892
1.9.0,core/src/main/java/org/apache/calcite/materialize/CachingLatticeStatisticProvider.java,0,0,0.10140362127284651
1.9.0,core/src/main/java/org/apache/calcite/materialize/DelegatingLatticeStatisticProvider.java,0,0,0.2593993497511437
1.9.0,core/src/main/java/org/apache/calcite/materialize/Lattices.java,0,0,0.05335506309099918
1.9.0,core/src/main/java/org/apache/calcite/materialize/LatticeStatisticProvider.java,0,0,0.19260081467688142
1.9.0,core/src/main/java/org/apache/calcite/materialize/MaterializationActor.java,0,1,0.6775526021060564
1.9.0,core/src/main/java/org/apache/calcite/materialize/MaterializationKey.java,0,0,0.03715267114411611
1.9.0,core/src/main/java/org/apache/calcite/materialize/MaterializationService.java,0,0,0.42350279380578054
1.9.0,core/src/main/java/org/apache/calcite/materialize/SqlLatticeStatisticProvider.java,0,0,0.09788766328780968
1.9.0,core/src/main/java/org/apache/calcite/materialize/TileKey.java,0,1,0.5958604188516398
1.9.0,core/src/main/java/org/apache/calcite/materialize/TileSuggester.java,0,1,0.5951787551132239
1.9.0,core/src/main/java/org/apache/calcite/model/JsonColumn.java,0,0,0.09334540973599348
1.9.0,core/src/main/java/org/apache/calcite/model/JsonCustomSchema.java,0,0,0.0952061223809229
1.9.0,core/src/main/java/org/apache/calcite/model/JsonCustomTable.java,0,0,0.09334540973599348
1.9.0,core/src/main/java/org/apache/calcite/model/JsonFunction.java,0,0,0.10098869163667538
1.9.0,core/src/main/java/org/apache/calcite/model/JsonJdbcSchema.java,0,0,0.09334540973599348
1.9.0,core/src/main/java/org/apache/calcite/model/JsonLattice.java,0,1,0.6458992722898887
1.9.0,core/src/main/java/org/apache/calcite/model/JsonMapSchema.java,0,0,0.48548067378490584
1.9.0,core/src/main/java/org/apache/calcite/model/JsonMaterialization.java,0,0,0.09664714691055651
1.9.0,core/src/main/java/org/apache/calcite/model/JsonMeasure.java,0,0,0.10700280186409868
1.9.0,core/src/main/java/org/apache/calcite/model/JsonRoot.java,0,0,0.09334540973599348
1.9.0,core/src/main/java/org/apache/calcite/model/JsonSchema.java,1,1,0.658569748742167
1.9.0,core/src/main/java/org/apache/calcite/model/JsonStream.java,0,0,0.16900667146106474
1.9.0,core/src/main/java/org/apache/calcite/model/JsonTable.java,0,0,0.09334540973599348
1.9.0,core/src/main/java/org/apache/calcite/model/JsonTile.java,0,0,0.10700280186409868
1.9.0,core/src/main/java/org/apache/calcite/model/JsonView.java,0,0,0.09336846600267203
1.9.0,core/src/main/java/org/apache/calcite/plan/CommonRelSubExprRule.java,0,0,0.1838613473956978
1.9.0,core/src/main/java/org/apache/calcite/plan/Context.java,0,0,0.1838613473956978
1.9.0,core/src/main/java/org/apache/calcite/plan/Contexts.java,0,0,0.30961404021918293
1.9.0,core/src/main/java/org/apache/calcite/plan/MaterializedViewSubstitutionVisitor.java,0,0,0.09933191461871152
1.9.0,core/src/main/java/org/apache/calcite/plan/MulticastRelOptListener.java,0,0,0.1838613473956978
1.9.0,core/src/main/java/org/apache/calcite/plan/RelCompositeTrait.java,0,0,0.11333467931363303
1.9.0,core/src/main/java/org/apache/calcite/plan/RelImplementor.java,0,0,0.1838613473956978
1.9.0,core/src/main/java/org/apache/calcite/plan/RelMultipleTrait.java,0,0,0.18744416937225974
1.9.0,core/src/main/java/org/apache/calcite/plan/RelOptAbstractTable.java,0,0,0.41882106781081213
1.9.0,core/src/main/java/org/apache/calcite/plan/RelOptCluster.java,0,0,0.24975228811747227
1.9.0,core/src/main/java/org/apache/calcite/plan/RelOptConnection.java,0,0,0.1838613473956978
1.9.0,core/src/main/java/org/apache/calcite/plan/RelOptCost.java,0,0,0.013351584041350145
1.9.0,core/src/main/java/org/apache/calcite/plan/RelOptCostFactory.java,0,0,0.1838613473956978
1.9.0,core/src/main/java/org/apache/calcite/plan/RelOptCostImpl.java,0,0,0.00012302522823658569
1.9.0,core/src/main/java/org/apache/calcite/plan/RelOptLattice.java,0,0,0.4760135649093086
1.9.0,core/src/main/java/org/apache/calcite/plan/RelOptListener.java,0,0,0.1838613473956978
1.9.0,core/src/main/java/org/apache/calcite/plan/RelOptMaterialization.java,0,0,0.3638844518018081
1.9.0,core/src/main/java/org/apache/calcite/plan/RelOptNode.java,0,0,0.1838613473956978
1.9.0,core/src/main/java/org/apache/calcite/plan/RelOptPredicateList.java,0,0,0.2550879211869667
1.9.0,core/src/main/java/org/apache/calcite/plan/RelOptQuery.java,0,0,0.2167243136387737
1.9.0,core/src/main/java/org/apache/calcite/plan/RelOptRule.java,0,0,0.12233269208578125
1.9.0,core/src/main/java/org/apache/calcite/plan/RelOptRuleCall.java,0,1,0.7811521630200904
1.9.0,core/src/main/java/org/apache/calcite/plan/RelOptRuleOperand.java,0,0,0.4915644930235284
1.9.0,core/src/main/java/org/apache/calcite/plan/RelOptRuleOperandChildPolicy.java,0,0,0.10862732056375819
1.9.0,core/src/main/java/org/apache/calcite/plan/RelOptRuleOperandChildren.java,0,0,0.16805284344229668
1.9.0,core/src/main/java/org/apache/calcite/plan/RelOptSamplingParameters.java,0,0,0.08597533463211371
1.9.0,core/src/main/java/org/apache/calcite/plan/RelOptSchema.java,0,0,0.06818222910575894
1.9.0,core/src/main/java/org/apache/calcite/plan/RelOptSchemaWithSampling.java,0,0,0.20726861485776335
1.9.0,core/src/main/java/org/apache/calcite/plan/RelTrait.java,0,0,0.1838613473956978
1.9.0,core/src/main/java/org/apache/calcite/plan/RelTraitPropagationVisitor.java,0,0,0.4854503460026005
1.9.0,core/src/main/java/org/apache/calcite/plan/RelTraitSet.java,0,0,0.30898136235992585
1.9.0,core/src/main/java/org/apache/calcite/plan/RexImplicationChecker.java,1,1,0.9661990149536317
1.9.0,core/src/main/java/org/apache/calcite/plan/Strong.java,0,0,0.1584414677535947
1.9.0,core/src/main/java/org/apache/calcite/plan/TableAccessMap.java,0,0,0.1838613473956978
1.9.0,core/src/main/java/org/apache/calcite/prepare/CalciteSqlValidator.java,0,0,0.1407584821583689
1.9.0,core/src/main/java/org/apache/calcite/prepare/QueryableRelBuilder.java,0,1,0.5836355071200496
1.9.0,core/src/main/java/org/apache/calcite/rel/AbstractRelNode.java,1,1,0.6967917074757674
1.9.0,core/src/main/java/org/apache/calcite/rel/BiRel.java,0,0,0.3864805790117146
1.9.0,core/src/main/java/org/apache/calcite/rel/InvalidRelException.java,0,0,0.1531384598351101
1.9.0,core/src/main/java/org/apache/calcite/rel/RelCollation.java,0,0,0.1838613473956978
1.9.0,core/src/main/java/org/apache/calcite/rel/RelCollationImpl.java,0,0,0.47361671355440194
1.9.0,core/src/main/java/org/apache/calcite/rel/RelCollations.java,0,0,0.1293578706037331
1.9.0,core/src/main/java/org/apache/calcite/rel/RelDistribution.java,0,0,0.11118542554489318
1.9.0,core/src/main/java/org/apache/calcite/rel/RelDistributions.java,0,0,0.12303841905799723
1.9.0,core/src/main/java/org/apache/calcite/rel/RelDistributionTraitDef.java,0,0,0.12438573561605606
1.9.0,core/src/main/java/org/apache/calcite/rel/RelFieldCollation.java,0,0,0.284706372857579
1.9.0,core/src/main/java/org/apache/calcite/rel/RelHomogeneousShuttle.java,0,0,0.12370731350285111
1.9.0,core/src/main/java/org/apache/calcite/rel/RelInput.java,0,0,0.1038257894253728
1.9.0,core/src/main/java/org/apache/calcite/rel/RelNode.java,0,0,0.1838613473956978
1.9.0,core/src/main/java/org/apache/calcite/rel/RelNodes.java,0,1,0.5438464376096773
1.9.0,core/src/main/java/org/apache/calcite/rel/RelRoot.java,0,0,0.25674133774867736
1.9.0,core/src/main/java/org/apache/calcite/rel/RelShuttle.java,0,0,0.1838613473956978
1.9.0,core/src/main/java/org/apache/calcite/rel/RelShuttleImpl.java,0,1,0.6500448656911002
1.9.0,core/src/main/java/org/apache/calcite/rel/RelVisitor.java,0,0,0.008103172425064212
1.9.0,core/src/main/java/org/apache/calcite/rel/RelWriter.java,0,0,0.1838613473956978
1.9.0,core/src/main/java/org/apache/calcite/rel/SingleRel.java,0,0,0.3408526416958739
1.9.0,core/src/main/java/org/apache/calcite/rex/LogicVisitor.java,1,1,0.7682483334553583
1.9.0,core/src/main/java/org/apache/calcite/rex/RexAction.java,0,0,0.20726861485776335
1.9.0,core/src/main/java/org/apache/calcite/rex/RexBiVisitor.java,0,0,0.20178464555892725
1.9.0,core/src/main/java/org/apache/calcite/rex/RexCallBinding.java,1,1,0.9144281310995962
1.9.0,core/src/main/java/org/apache/calcite/rex/RexChecker.java,0,1,0.5333217851908517
1.9.0,core/src/main/java/org/apache/calcite/rex/RexCopier.java,0,0,0.17300697824108713
1.9.0,core/src/main/java/org/apache/calcite/rex/RexCorrelVariable.java,0,0,0.14722243101196164
1.9.0,core/src/main/java/org/apache/calcite/rex/RexDynamicParam.java,0,0,0.13384901087301432
1.9.0,core/src/main/java/org/apache/calcite/rex/RexExecutable.java,0,1,0.547127535396731
1.9.0,core/src/main/java/org/apache/calcite/rex/RexExecutorImpl.java,0,1,0.5424397972752496
1.9.0,core/src/main/java/org/apache/calcite/rex/RexFieldAccess.java,0,0,0.37167251584919997
1.9.0,core/src/main/java/org/apache/calcite/rex/RexFieldCollation.java,0,1,0.5928294024905625
1.9.0,core/src/main/java/org/apache/calcite/rex/RexInputRef.java,0,0,0.3111324429741592
1.9.0,core/src/main/java/org/apache/calcite/rex/RexLocalRef.java,0,1,0.5328867020796821
1.9.0,core/src/main/java/org/apache/calcite/rex/RexMultisetUtil.java,0,0,0.4179257859816343
1.9.0,core/src/main/java/org/apache/calcite/rex/RexNode.java,0,1,0.515170668393772
1.9.0,core/src/main/java/org/apache/calcite/rex/RexPattern.java,0,0,0.1838613473956978
1.9.0,core/src/main/java/org/apache/calcite/rex/RexPermutationShuttle.java,0,0,0.1838613473956978
1.9.0,core/src/main/java/org/apache/calcite/rex/RexPermuteInputsShuttle.java,0,0,0.2475479027623714
1.9.0,core/src/main/java/org/apache/calcite/rex/RexProgram.java,0,0,0.28918063452512976
1.9.0,core/src/main/java/org/apache/calcite/rex/RexRangeRef.java,0,0,0.18488247728464716
1.9.0,core/src/main/java/org/apache/calcite/rex/RexShuttle.java,0,1,0.5874389910148362
1.9.0,core/src/main/java/org/apache/calcite/rex/RexSlot.java,0,1,0.7080567667518585
1.9.0,core/src/main/java/org/apache/calcite/rex/RexSqlConvertlet.java,0,0,0.1838613473956978
1.9.0,core/src/main/java/org/apache/calcite/rex/RexSqlConvertletTable.java,0,0,0.1838613473956978
1.9.0,core/src/main/java/org/apache/calcite/rex/RexSqlReflectiveConvertletTable.java,0,0,0.07219667003108635
1.9.0,core/src/main/java/org/apache/calcite/rex/RexSubQuery.java,0,0,0.033276937902405254
1.9.0,core/src/main/java/org/apache/calcite/rex/RexToSqlNodeConverter.java,0,0,0.1838613473956978
1.9.0,core/src/main/java/org/apache/calcite/rex/RexToSqlNodeConverterImpl.java,0,0,0.1838613473956978
1.9.0,core/src/main/java/org/apache/calcite/rex/RexTransformer.java,0,1,0.563158120664652
1.9.0,core/src/main/java/org/apache/calcite/rex/RexVariable.java,0,1,0.5265679910999472
1.9.0,core/src/main/java/org/apache/calcite/rex/RexVisitor.java,0,0,0.1838613473956978
1.9.0,core/src/main/java/org/apache/calcite/rex/RexVisitorImpl.java,0,0,0.4015030356389727
1.9.0,core/src/main/java/org/apache/calcite/rex/RexWindow.java,0,0,0.4226291272706456
1.9.0,core/src/main/java/org/apache/calcite/rex/RexWindowBound.java,0,1,0.6277850942880921
1.9.0,core/src/main/java/org/apache/calcite/runtime/AbstractImmutableList.java,0,1,0.7032037965226088
1.9.0,core/src/main/java/org/apache/calcite/runtime/ArrayBindable.java,0,0,0.18669851464496431
1.9.0,core/src/main/java/org/apache/calcite/runtime/ArrayComparator.java,0,0,0.14014242029045382
1.9.0,core/src/main/java/org/apache/calcite/runtime/ArrayEnumeratorCursor.java,0,0,0.14932308044984016
1.9.0,core/src/main/java/org/apache/calcite/runtime/BinarySearch.java,0,0,0.34980717693803276
1.9.0,core/src/main/java/org/apache/calcite/runtime/Bindable.java,0,0,0.15095667302714372
1.9.0,core/src/main/java/org/apache/calcite/runtime/CalciteContextException.java,0,0,0.30121001685940024
1.9.0,core/src/main/java/org/apache/calcite/runtime/CalciteException.java,0,0,0.10862732056375819
1.9.0,core/src/main/java/org/apache/calcite/runtime/ConsList.java,0,1,0.740674810640098
1.9.0,core/src/main/java/org/apache/calcite/runtime/Enumerables.java,0,0,0.21279634984396384
1.9.0,core/src/main/java/org/apache/calcite/runtime/EnumeratorCursor.java,0,0,0.17637998431164575
1.9.0,core/src/main/java/org/apache/calcite/runtime/Feature.java,0,0,0.10862732056375819
1.9.0,core/src/main/java/org/apache/calcite/runtime/Hook.java,0,0,0.17936780159577873
1.9.0,core/src/main/java/org/apache/calcite/runtime/Like.java,1,1,0.9823540982591695
1.9.0,core/src/main/java/org/apache/calcite/runtime/ObjectEnumeratorCursor.java,0,0,0.08258336427962969
1.9.0,core/src/main/java/org/apache/calcite/runtime/RecordEnumeratorCursor.java,0,0,0.15774685093005106
1.9.0,core/src/main/java/org/apache/calcite/runtime/ResultSetEnumerable.java,0,0,0.3525747163362127
1.9.0,core/src/main/java/org/apache/calcite/runtime/SocketFactoryImpl.java,0,0,0.20451019052347336
1.9.0,core/src/main/java/org/apache/calcite/runtime/SortedMultiMap.java,0,0,0.0013049195578826746
1.9.0,core/src/main/java/org/apache/calcite/runtime/TrustAllSslSocketFactory.java,0,0,0.027480368812383592
1.9.0,core/src/main/java/org/apache/calcite/runtime/Typed.java,0,0,0.15774685093005106
1.9.0,core/src/main/java/org/apache/calcite/runtime/Unit.java,0,0,0.03291355325328396
1.9.0,core/src/main/java/org/apache/calcite/runtime/Utilities.java,0,0,0.08796084342498445
1.9.0,core/src/main/java/org/apache/calcite/schema/AggregateFunction.java,0,0,0.17503858423324636
1.9.0,core/src/main/java/org/apache/calcite/schema/ExtensibleTable.java,0,0,0.18496754624457745
1.9.0,core/src/main/java/org/apache/calcite/schema/FilterableTable.java,0,0,0.1830452499735899
1.9.0,core/src/main/java/org/apache/calcite/schema/Function.java,0,0,0.17464558749678952
1.9.0,core/src/main/java/org/apache/calcite/schema/FunctionParameter.java,0,0,0.08663378419430132
1.9.0,core/src/main/java/org/apache/calcite/schema/ImplementableAggFunction.java,0,0,0.1779285813550517
1.9.0,core/src/main/java/org/apache/calcite/schema/ImplementableFunction.java,0,0,0.17614268102901917
1.9.0,core/src/main/java/org/apache/calcite/schema/Member.java,0,0,0.14918472646381892
1.9.0,core/src/main/java/org/apache/calcite/schema/ModifiableTable.java,0,0,0.15774685093005106
1.9.0,core/src/main/java/org/apache/calcite/schema/ModifiableView.java,0,0,0.19133321618850338
1.9.0,core/src/main/java/org/apache/calcite/schema/Path.java,0,0,0.07994325531093328
1.9.0,core/src/main/java/org/apache/calcite/schema/ProjectableFilterableTable.java,0,0,0.2063748927333157
1.9.0,core/src/main/java/org/apache/calcite/schema/QueryableTable.java,0,0,0.17148792926909276
1.9.0,core/src/main/java/org/apache/calcite/schema/ScalarFunction.java,0,0,0.17195285749754521
1.9.0,core/src/main/java/org/apache/calcite/schema/ScannableTable.java,0,0,0.1830452499735899
1.9.0,core/src/main/java/org/apache/calcite/schema/Schema.java,0,0,0.08663378419430132
1.9.0,core/src/main/java/org/apache/calcite/schema/SchemaFactory.java,0,0,0.1628429327587416
1.9.0,core/src/main/java/org/apache/calcite/schema/SchemaPlus.java,0,0,0.17148792926909276
1.9.0,core/src/main/java/org/apache/calcite/schema/Schemas.java,0,0,0.40440242614150196
1.9.0,core/src/main/java/org/apache/calcite/schema/SemiMutableSchema.java,0,0,0.16512086916902136
1.9.0,core/src/main/java/org/apache/calcite/schema/Statistic.java,0,0,0.1608843522247912
1.9.0,core/src/main/java/org/apache/calcite/schema/Statistics.java,0,0,0.23942068994777324
1.9.0,core/src/main/java/org/apache/calcite/schema/StreamableTable.java,0,0,0.18856694375037433
1.9.0,core/src/main/java/org/apache/calcite/schema/Table.java,0,0,0.15179650046060916
1.9.0,core/src/main/java/org/apache/calcite/schema/TableFactory.java,0,0,0.15989392709609698
1.9.0,core/src/main/java/org/apache/calcite/schema/TableFunction.java,0,0,0.17614268102901917
1.9.0,core/src/main/java/org/apache/calcite/schema/TableMacro.java,0,0,0.1838613473956978
1.9.0,core/src/main/java/org/apache/calcite/server/CalciteServer.java,0,0,0.31495731497237217
1.9.0,core/src/main/java/org/apache/calcite/server/CalciteServerStatement.java,0,0,0.14918472646381892
1.9.0,core/src/main/java/org/apache/calcite/sql/ExplicitOperatorBinding.java,0,0,0.15798403683197132
1.9.0,core/src/main/java/org/apache/calcite/sql/JoinConditionType.java,0,0,0.10862732056375819
1.9.0,core/src/main/java/org/apache/calcite/sql/JoinType.java,0,0,0.10862732056375819
1.9.0,core/src/main/java/org/apache/calcite/sql/SemiJoinType.java,0,1,0.5764377617784375
1.9.0,core/src/main/java/org/apache/calcite/sql/SqlAbstractDateTimeLiteral.java,0,0,0.16865098382024704
1.9.0,core/src/main/java/org/apache/calcite/sql/SqlAbstractStringLiteral.java,0,0,0.10862732056375819
1.9.0,core/src/main/java/org/apache/calcite/sql/SqlAccessEnum.java,0,0,0.10862732056375819
1.9.0,core/src/main/java/org/apache/calcite/sql/SqlAccessType.java,0,0,0.29619363596392967
1.9.0,core/src/main/java/org/apache/calcite/sql/SqlAsOperator.java,0,1,0.5458535847531393
1.9.0,core/src/main/java/org/apache/calcite/sql/SqlBasicCall.java,0,0,0.2244156818693467
1.9.0,core/src/main/java/org/apache/calcite/sql/SqlBinaryOperator.java,0,1,0.6431640386360622
1.9.0,core/src/main/java/org/apache/calcite/sql/SqlBinaryStringLiteral.java,0,0,0.3785244132125608
1.9.0,core/src/main/java/org/apache/calcite/sql/SqlCallBinding.java,1,1,0.7837048714924115
1.9.0,core/src/main/java/org/apache/calcite/sql/SqlCharStringLiteral.java,0,0,0.4443137488002707
1.9.0,core/src/main/java/org/apache/calcite/sql/SqlCollation.java,0,0,2.0397951952164224e-06
1.9.0,core/src/main/java/org/apache/calcite/sql/SqlDataTypeSpec.java,0,0,0.45881010250606047
1.9.0,core/src/main/java/org/apache/calcite/sql/SqlDateLiteral.java,0,1,0.5157544702843354
1.9.0,core/src/main/java/org/apache/calcite/sql/SqlDelete.java,0,0,0.2894466548267962
1.9.0,core/src/main/java/org/apache/calcite/sql/SqlDynamicParam.java,0,0,0.19350735529581733
1.9.0,core/src/main/java/org/apache/calcite/sql/SqlExplain.java,0,0,0.44902896651580154
1.9.0,core/src/main/java/org/apache/calcite/sql/SqlExplainLevel.java,0,0,0.10862732056375819
1.9.0,core/src/main/java/org/apache/calcite/sql/SqlFilterOperator.java,0,1,0.5230241448914722
1.9.0,core/src/main/java/org/apache/calcite/sql/SqlFunctionalOperator.java,0,0,0.10862732056375819
1.9.0,core/src/main/java/org/apache/calcite/sql/SqlInfixOperator.java,0,0,0.3851403052119684
1.9.0,core/src/main/java/org/apache/calcite/sql/SqlInsert.java,0,0,0.4319859219453611
1.9.0,core/src/main/java/org/apache/calcite/sql/SqlInsertKeyword.java,0,0,0.10862732056375819
1.9.0,core/src/main/java/org/apache/calcite/sql/SqlInternalOperator.java,0,0,0.10365617463027373
1.9.0,core/src/main/java/org/apache/calcite/sql/SqlIntervalLiteral.java,0,0,0.3407269698335856
1.9.0,core/src/main/java/org/apache/calcite/sql/SqlJdbcFunctionCall.java,0,0,0.0007590031806730827
1.9.0,core/src/main/java/org/apache/calcite/sql/SqlJoin.java,0,1,0.5458260771174109
1.9.0,core/src/main/java/org/apache/calcite/sql/SqlMerge.java,0,1,0.5205368389487248
1.9.0,core/src/main/java/org/apache/calcite/sql/SqlNode.java,0,0,0.005935287353244082
1.9.0,core/src/main/java/org/apache/calcite/sql/SqlNodeList.java,0,1,0.5204433111563762
1.9.0,core/src/main/java/org/apache/calcite/sql/SqlNullSemantics.java,0,0,0.1838613473956978
1.9.0,core/src/main/java/org/apache/calcite/sql/SqlNumericLiteral.java,0,0,0.20174357493434078
1.9.0,core/src/main/java/org/apache/calcite/sql/SqlOperandCountRange.java,0,0,0.1838613473956978
1.9.0,core/src/main/java/org/apache/calcite/sql/SqlOperatorBinding.java,0,0,0.22983700483469593
1.9.0,core/src/main/java/org/apache/calcite/sql/SqlOperatorTable.java,0,0,0.1838613473956978
1.9.0,core/src/main/java/org/apache/calcite/sql/SqlOrderBy.java,0,1,0.610177140856051
1.9.0,core/src/main/java/org/apache/calcite/sql/SqlOverOperator.java,0,1,0.660406492157393
1.9.0,core/src/main/java/org/apache/calcite/sql/SqlPostfixOperator.java,0,1,0.5572797300890108
1.9.0,core/src/main/java/org/apache/calcite/sql/SqlProcedureCallOperator.java,0,0,0.13097217124225974
1.9.0,core/src/main/java/org/apache/calcite/sql/SqlRankFunction.java,0,0,0.10862732056375819
1.9.0,core/src/main/java/org/apache/calcite/sql/SqlSampleSpec.java,0,0,0.008068709426009766
1.9.0,core/src/main/java/org/apache/calcite/sql/SqlSelect.java,1,1,0.6060838691572948
1.9.0,core/src/main/java/org/apache/calcite/sql/SqlSelectKeyword.java,0,0,0.10862732056375819
1.9.0,core/src/main/java/org/apache/calcite/sql/SqlSelectOperator.java,0,1,0.5554276112739929
1.9.0,core/src/main/java/org/apache/calcite/sql/SqlSetOperator.java,0,0,0.19068890462592983
1.9.0,core/src/main/java/org/apache/calcite/sql/SqlSetOption.java,0,0,0.488070546210267
1.9.0,core/src/main/java/org/apache/calcite/sql/SqlSplittableAggFunction.java,1,1,0.6555059548239675
1.9.0,core/src/main/java/org/apache/calcite/sql/SqlSyntax.java,0,0,0.35316687143820746
1.9.0,core/src/main/java/org/apache/calcite/sql/SqlTimeLiteral.java,0,1,0.8120112810995932
1.9.0,core/src/main/java/org/apache/calcite/sql/SqlTimestampLiteral.java,0,1,0.8995521055137389
1.9.0,core/src/main/java/org/apache/calcite/sql/SqlUnnestOperator.java,0,1,0.5318868556494986
1.9.0,core/src/main/java/org/apache/calcite/sql/SqlUnresolvedFunction.java,0,0,0.11580823416242651
1.9.0,core/src/main/java/org/apache/calcite/sql/SqlUpdate.java,0,0,0.4142471765241331
1.9.0,core/src/main/java/org/apache/calcite/sql/SqlValuesOperator.java,0,1,0.527602297021863
1.9.0,core/src/main/java/org/apache/calcite/sql/SqlWindow.java,0,1,0.9793165567688441
1.9.0,core/src/main/java/org/apache/calcite/sql/SqlWith.java,0,0,0.42113346625779485
1.9.0,core/src/main/java/org/apache/calcite/sql/SqlWithItem.java,0,0,0.18827496444512326
1.9.0,core/src/main/java/org/apache/calcite/sql/SqlWriter.java,0,0,0.02685915430084557
1.9.0,core/src/main/java/org/apache/calcite/sql2rel/CorrelationReferenceFinder.java,0,1,0.5620900114856913
1.9.0,core/src/main/java/org/apache/calcite/sql2rel/DeduplicateCorrelateVariables.java,0,0,0.3935043988627205
1.9.0,core/src/main/java/org/apache/calcite/sql2rel/DefaultValueFactory.java,0,0,0.1838613473956978
1.9.0,core/src/main/java/org/apache/calcite/sql2rel/ReflectiveConvertletTable.java,0,0,0.11018099921820644
1.9.0,core/src/main/java/org/apache/calcite/sql2rel/RelDecorrelator.java,1,0,0.2616826731911306
1.9.0,core/src/main/java/org/apache/calcite/sql2rel/RelFieldTrimmer.java,0,1,0.9601099362958245
1.9.0,core/src/main/java/org/apache/calcite/sql2rel/SqlNodeToRexConverter.java,0,0,0.1838613473956978
1.9.0,core/src/main/java/org/apache/calcite/sql2rel/SqlRexContext.java,0,0,0.1838613473956978
1.9.0,core/src/main/java/org/apache/calcite/sql2rel/SqlRexConvertlet.java,0,0,0.1838613473956978
1.9.0,core/src/main/java/org/apache/calcite/sql2rel/SqlRexConvertletTable.java,0,0,0.1838613473956978
1.9.0,core/src/main/java/org/apache/calcite/sql2rel/SubqueryConverter.java,0,0,0.1838613473956978
1.9.0,core/src/main/java/org/apache/calcite/tools/FrameworkConfig.java,0,0,0.1838613473956978
1.9.0,core/src/main/java/org/apache/calcite/tools/Frameworks.java,0,0,0.42448115759920785
1.9.0,core/src/main/java/org/apache/calcite/tools/PigRelBuilder.java,0,1,0.5420078440424131
1.9.0,core/src/main/java/org/apache/calcite/tools/Planner.java,0,0,0.1838613473956978
1.9.0,core/src/main/java/org/apache/calcite/tools/Program.java,0,0,0.1838613473956978
1.9.0,core/src/main/java/org/apache/calcite/tools/Programs.java,0,0,0.42315612170782124
1.9.0,core/src/main/java/org/apache/calcite/tools/RelBuilderFactory.java,0,0,0.19721707184876147
1.9.0,core/src/main/java/org/apache/calcite/tools/RelConversionException.java,0,0,0.1838613473956978
1.9.0,core/src/main/java/org/apache/calcite/tools/RelRunner.java,0,0,0.1960981753769274
1.9.0,core/src/main/java/org/apache/calcite/tools/RelRunners.java,0,0,0.0448934500000578
1.9.0,core/src/main/java/org/apache/calcite/tools/RuleSet.java,0,0,0.17079240690218522
1.9.0,core/src/main/java/org/apache/calcite/tools/RuleSets.java,0,0,0.23600821478300074
1.9.0,core/src/main/java/org/apache/calcite/tools/ValidationException.java,0,0,0.16045262326984752
1.9.0,core/src/main/java/org/apache/calcite/util/BarfingInvocationHandler.java,0,0,0.14256957001311468
1.9.0,core/src/main/java/org/apache/calcite/util/BasicDatetime.java,0,0,0.1838613473956978
1.9.0,core/src/main/java/org/apache/calcite/util/Benchmark.java,0,0,0.2655624481952229
1.9.0,core/src/main/java/org/apache/calcite/util/BitSets.java,0,0,0.19560430977294735
1.9.0,core/src/main/java/org/apache/calcite/util/BitString.java,0,1,0.6519695185921751
1.9.0,core/src/main/java/org/apache/calcite/util/CalciteParserException.java,0,0,0.1838613473956978
1.9.0,core/src/main/java/org/apache/calcite/util/CalciteValidatorException.java,0,0,0.1838613473956978
1.9.0,core/src/main/java/org/apache/calcite/util/CastingList.java,0,0,0.14454444003053515
1.9.0,core/src/main/java/org/apache/calcite/util/ChunkList.java,0,0,0.27817770051215984
1.9.0,core/src/main/java/org/apache/calcite/util/ClosableAllocation.java,0,0,0.1838613473956978
1.9.0,core/src/main/java/org/apache/calcite/util/ClosableAllocationOwner.java,0,0,0.1838613473956978
1.9.0,core/src/main/java/org/apache/calcite/util/CompatibleGuava11.java,0,0,0.18202381434922862
1.9.0,core/src/main/java/org/apache/calcite/util/CompositeMap.java,0,1,0.5082149636251084
1.9.0,core/src/main/java/org/apache/calcite/util/CompoundClosableAllocation.java,0,0,0.1838613473956978
1.9.0,core/src/main/java/org/apache/calcite/util/ControlFlowException.java,0,0,0.10862732056375819
1.9.0,core/src/main/java/org/apache/calcite/util/ConversionUtil.java,0,0,0.10057859256625166
1.9.0,core/src/main/java/org/apache/calcite/util/DelegatingInvocationHandler.java,0,0,0.20726861485776335
1.9.0,core/src/main/java/org/apache/calcite/util/Filterator.java,0,1,0.6539131262522487
1.9.0,core/src/main/java/org/apache/calcite/util/Glossary.java,0,0,0.0012997970048116542
1.9.0,core/src/main/java/org/apache/calcite/util/Holder.java,0,0,0.06072554084181949
1.9.0,core/src/main/java/org/apache/calcite/util/ImmutableBitSet.java,0,0,0.1561738990048133
1.9.0,core/src/main/java/org/apache/calcite/util/ImmutableNullableList.java,0,0,0.11058113872859822
1.9.0,core/src/main/java/org/apache/calcite/util/IntegerIntervalSet.java,0,0,0.36107827749516397
1.9.0,core/src/main/java/org/apache/calcite/util/IntList.java,0,0,0.0060101878204064756
1.9.0,core/src/main/java/org/apache/calcite/util/JsonBuilder.java,0,1,0.58844458167909
1.9.0,core/src/main/java/org/apache/calcite/util/Litmus.java,0,0,0.39764067842299905
1.9.0,core/src/main/java/org/apache/calcite/util/NlsString.java,0,0,8.870719856988837e-05
1.9.0,core/src/main/java/org/apache/calcite/util/NumberUtil.java,0,0,0.08234630689298113
1.9.0,core/src/main/java/org/apache/calcite/util/PartiallyOrderedSet.java,0,0,0.3773171567703368
1.9.0,core/src/main/java/org/apache/calcite/util/Permutation.java,0,0,0.001869035724073953
1.9.0,core/src/main/java/org/apache/calcite/util/ReflectiveVisitDispatcher.java,0,0,0.1838613473956978
1.9.0,core/src/main/java/org/apache/calcite/util/ReflectiveVisitor.java,0,0,0.1838613473956978
1.9.0,core/src/main/java/org/apache/calcite/util/ReflectUtil.java,0,0,0.045941878087397824
1.9.0,core/src/main/java/org/apache/calcite/util/SaffronProperties.java,0,0,0.0016016240875054194
1.9.0,core/src/main/java/org/apache/calcite/util/SerializableCharset.java,0,0,0.09297083476267172
1.9.0,core/src/main/java/org/apache/calcite/util/Stacks.java,0,0,0.15042777881835515
1.9.0,core/src/main/java/org/apache/calcite/util/StackWriter.java,0,0,0.1402288869687799
1.9.0,core/src/main/java/org/apache/calcite/util/Static.java,0,0,0.008865028956036584
1.9.0,core/src/main/java/org/apache/calcite/util/Template.java,0,0,0.0005222980930138043
1.9.0,core/src/main/java/org/apache/calcite/util/TryThreadLocal.java,0,0,0.1517924176515521
1.9.0,core/src/main/java/org/apache/calcite/util/UnmodifiableArrayList.java,0,0,0.05568981803222949
1.9.0,core/src/main/java/org/apache/calcite/util/XmlOutput.java,0,0,1.1653519487727681e-05
1.9.0,core/src/main/java/org/apache/calcite/util/ZonelessDate.java,0,0,0.17156108031980274
1.9.0,core/src/main/java/org/apache/calcite/util/ZonelessDatetime.java,0,0,0.3646409949682163
1.9.0,core/src/main/java/org/apache/calcite/util/ZonelessTime.java,0,0,0.21974376713821914
1.9.0,core/src/main/java/org/apache/calcite/util/ZonelessTimestamp.java,0,0,0.23818339646122585
1.9.0,core/src/main/java/org/apache/calcite/adapter/clone/ArrayTable.java,0,0,0.07867348230720314
1.9.0,core/src/main/java/org/apache/calcite/adapter/clone/CloneSchema.java,0,0,0.448388908987021
1.9.0,core/src/main/java/org/apache/calcite/adapter/clone/ColumnLoader.java,0,1,0.9890279215842392
1.9.0,core/src/main/java/org/apache/calcite/adapter/clone/ListTable.java,0,0,0.15605328342539118
1.9.0,core/src/main/java/org/apache/calcite/adapter/enumerable/AggAddContext.java,0,0,0.1779285813550517
1.9.0,core/src/main/java/org/apache/calcite/adapter/enumerable/AggContext.java,0,0,0.1779285813550517
1.9.0,core/src/main/java/org/apache/calcite/adapter/enumerable/AggImplementor.java,0,0,0.17503858423324636
1.9.0,core/src/main/java/org/apache/calcite/adapter/enumerable/AggImpState.java,0,1,0.5063379966281034
1.9.0,core/src/main/java/org/apache/calcite/adapter/enumerable/AggResetContext.java,0,0,0.1779285813550517
1.9.0,core/src/main/java/org/apache/calcite/adapter/enumerable/AggResultContext.java,0,0,0.1779285813550517
1.9.0,core/src/main/java/org/apache/calcite/adapter/enumerable/CallImplementor.java,0,0,0.17614268102901917
1.9.0,core/src/main/java/org/apache/calcite/adapter/enumerable/EnumerableAggregate.java,0,1,0.814403141306611
1.9.0,core/src/main/java/org/apache/calcite/adapter/enumerable/EnumerableAggregateRule.java,0,0,0.10862732056375819
1.9.0,core/src/main/java/org/apache/calcite/adapter/enumerable/EnumerableBindable.java,0,0,0.18669851464496431
1.9.0,core/src/main/java/org/apache/calcite/adapter/enumerable/EnumerableCalc.java,0,0,0.4325258837239864
1.9.0,core/src/main/java/org/apache/calcite/adapter/enumerable/EnumerableCalcRule.java,0,0,0.09738125141538548
1.9.0,core/src/main/java/org/apache/calcite/adapter/enumerable/EnumerableCollect.java,0,0,0.2480992584057764
1.9.0,core/src/main/java/org/apache/calcite/adapter/enumerable/EnumerableCollectRule.java,0,0,0.10862732056375819
1.9.0,core/src/main/java/org/apache/calcite/adapter/enumerable/EnumerableCorrelate.java,0,1,0.508530756738455
1.9.0,core/src/main/java/org/apache/calcite/adapter/enumerable/EnumerableCorrelateRule.java,0,0,0.10936804844507128
1.9.0,core/src/main/java/org/apache/calcite/adapter/enumerable/EnumerableFilter.java,0,0,0.34022378305581474
1.9.0,core/src/main/java/org/apache/calcite/adapter/enumerable/EnumerableFilterRule.java,0,0,0.10862732056375819
1.9.0,core/src/main/java/org/apache/calcite/adapter/enumerable/EnumerableFilterToCalcRule.java,0,0,0.09216582854646334
1.9.0,core/src/main/java/org/apache/calcite/adapter/enumerable/EnumerableInterpretable.java,0,1,0.5281555737582514
1.9.0,core/src/main/java/org/apache/calcite/adapter/enumerable/EnumerableInterpreter.java,0,0,0.4708205741686554
1.9.0,core/src/main/java/org/apache/calcite/adapter/enumerable/EnumerableInterpreterRule.java,0,0,0.0896066470408754
1.9.0,core/src/main/java/org/apache/calcite/adapter/enumerable/EnumerableIntersect.java,1,0,0.20232737802183756
1.9.0,core/src/main/java/org/apache/calcite/adapter/enumerable/EnumerableIntersectRule.java,0,0,0.37993819578217725
1.9.0,core/src/main/java/org/apache/calcite/adapter/enumerable/EnumerableJoin.java,0,0,0.48499978569928803
1.9.0,core/src/main/java/org/apache/calcite/adapter/enumerable/EnumerableJoinRule.java,0,0,0.3327129896822721
1.9.0,core/src/main/java/org/apache/calcite/adapter/enumerable/EnumerableLimit.java,0,0,0.46503710113263075
1.9.0,core/src/main/java/org/apache/calcite/adapter/enumerable/EnumerableLimitRule.java,0,1,0.527602297021863
1.9.0,core/src/main/java/org/apache/calcite/adapter/enumerable/EnumerableMergeJoin.java,1,1,0.7837152390480963
1.9.0,core/src/main/java/org/apache/calcite/adapter/enumerable/EnumerableMergeJoinRule.java,0,1,0.543149314798809
1.9.0,core/src/main/java/org/apache/calcite/adapter/enumerable/EnumerableMinus.java,1,0,0.2404607006175606
1.9.0,core/src/main/java/org/apache/calcite/adapter/enumerable/EnumerableMinusRule.java,0,0,0.14144401554580446
1.9.0,core/src/main/java/org/apache/calcite/adapter/enumerable/EnumerableProject.java,0,0,0.309076467821752
1.9.0,core/src/main/java/org/apache/calcite/adapter/enumerable/EnumerableProjectRule.java,0,0,0.10862732056375819
1.9.0,core/src/main/java/org/apache/calcite/adapter/enumerable/EnumerableProjectToCalcRule.java,0,0,0.09216582854646334
1.9.0,core/src/main/java/org/apache/calcite/adapter/enumerable/EnumerableRelImplementor.java,0,0,0.38682799560844516
1.9.0,core/src/main/java/org/apache/calcite/adapter/enumerable/EnumerableRules.java,0,0,0.0002064048602356716
1.9.0,core/src/main/java/org/apache/calcite/adapter/enumerable/EnumerableSemiJoin.java,0,0,0.3738230410756527
1.9.0,core/src/main/java/org/apache/calcite/adapter/enumerable/EnumerableSemiJoinRule.java,0,0,0.4009329587431915
1.9.0,core/src/main/java/org/apache/calcite/adapter/enumerable/EnumerableSort.java,0,0,0.41056761385854507
1.9.0,core/src/main/java/org/apache/calcite/adapter/enumerable/EnumerableSortRule.java,0,1,0.527602297021863
1.9.0,core/src/main/java/org/apache/calcite/adapter/enumerable/EnumerableTableFunctionScan.java,0,1,0.560786207304971
1.9.0,core/src/main/java/org/apache/calcite/adapter/enumerable/EnumerableTableFunctionScanRule.java,0,0,0.10862732056375819
1.9.0,core/src/main/java/org/apache/calcite/adapter/enumerable/EnumerableTableModifyRule.java,0,0,0.4086936773635336
1.9.0,core/src/main/java/org/apache/calcite/adapter/enumerable/EnumerableTableScan.java,1,1,0.7384255724373617
1.9.0,core/src/main/java/org/apache/calcite/adapter/enumerable/EnumerableTableScanRule.java,0,1,0.534386006697049
1.9.0,core/src/main/java/org/apache/calcite/adapter/enumerable/EnumerableThetaJoin.java,0,1,0.5066145728521415
1.9.0,core/src/main/java/org/apache/calcite/adapter/enumerable/EnumerableUncollect.java,0,1,0.556976752880368
1.9.0,core/src/main/java/org/apache/calcite/adapter/enumerable/EnumerableUncollectRule.java,0,0,0.10862732056375819
1.9.0,core/src/main/java/org/apache/calcite/adapter/enumerable/EnumerableUnion.java,1,1,0.5057736116852141
1.9.0,core/src/main/java/org/apache/calcite/adapter/enumerable/EnumerableUnionRule.java,0,0,0.10862732056375819
1.9.0,core/src/main/java/org/apache/calcite/adapter/enumerable/EnumerableValues.java,0,0,0.35804812842016304
1.9.0,core/src/main/java/org/apache/calcite/adapter/enumerable/EnumerableValuesRule.java,0,0,0.10862732056375819
1.9.0,core/src/main/java/org/apache/calcite/adapter/enumerable/EnumerableWindow.java,1,0,0.2864725756646624
1.9.0,core/src/main/java/org/apache/calcite/adapter/enumerable/EnumerableWindowRule.java,0,0,0.09216582854646334
1.9.0,core/src/main/java/org/apache/calcite/adapter/enumerable/EnumUtils.java,0,1,0.7108991169099855
1.9.0,core/src/main/java/org/apache/calcite/adapter/enumerable/JavaRelImplementor.java,0,0,0.4157160960132111
1.9.0,core/src/main/java/org/apache/calcite/adapter/enumerable/JavaRowFormat.java,1,1,0.7096070858668543
1.9.0,core/src/main/java/org/apache/calcite/adapter/enumerable/NestedBlockBuilder.java,0,0,0.1779285813550517
1.9.0,core/src/main/java/org/apache/calcite/adapter/enumerable/NestedBlockBuilderImpl.java,0,0,0.4798170752888763
1.9.0,core/src/main/java/org/apache/calcite/adapter/enumerable/NotNullImplementor.java,0,0,0.17614268102901917
1.9.0,core/src/main/java/org/apache/calcite/adapter/enumerable/NullPolicy.java,0,0,0.10366586817373485
1.9.0,core/src/main/java/org/apache/calcite/adapter/enumerable/PhysType.java,0,0,0.15774685093005106
1.9.0,core/src/main/java/org/apache/calcite/adapter/enumerable/PhysTypeImpl.java,1,1,0.982783159154795
1.9.0,core/src/main/java/org/apache/calcite/adapter/enumerable/ReflectiveCallNotNullImplementor.java,0,1,0.5983194807660205
1.9.0,core/src/main/java/org/apache/calcite/adapter/enumerable/StrictAggImplementor.java,0,1,0.5005055384042782
1.9.0,core/src/main/java/org/apache/calcite/adapter/enumerable/StrictWinAggImplementor.java,0,0,0.004753739145964028
1.9.0,core/src/main/java/org/apache/calcite/adapter/enumerable/WinAggAddContext.java,0,0,0.1779285813550517
1.9.0,core/src/main/java/org/apache/calcite/adapter/enumerable/WinAggContext.java,0,0,0.17812788800977886
1.9.0,core/src/main/java/org/apache/calcite/adapter/enumerable/WinAggFrameContext.java,0,0,0.17812788800977886
1.9.0,core/src/main/java/org/apache/calcite/adapter/enumerable/WinAggFrameResultContext.java,0,0,0.17812788800977886
1.9.0,core/src/main/java/org/apache/calcite/adapter/enumerable/WinAggImplementor.java,0,0,0.10295929547964741
1.9.0,core/src/main/java/org/apache/calcite/adapter/enumerable/WinAggResetContext.java,0,0,0.1779285813550517
1.9.0,core/src/main/java/org/apache/calcite/adapter/enumerable/WinAggResultContext.java,0,0,0.1779285813550517
1.9.0,core/src/main/java/org/apache/calcite/adapter/java/AbstractQueryableTable.java,0,0,0.09664714691055651
1.9.0,core/src/main/java/org/apache/calcite/adapter/java/Array.java,0,0,0.1976055024804954
1.9.0,core/src/main/java/org/apache/calcite/adapter/java/JavaTypeFactory.java,0,0,0.1492193050465631
1.9.0,core/src/main/java/org/apache/calcite/adapter/java/Map.java,0,0,0.1976055024804954
1.9.0,core/src/main/java/org/apache/calcite/adapter/java/ReflectiveSchema.java,0,0,0.04859964623544256
1.9.0,core/src/main/java/org/apache/calcite/adapter/jdbc/JdbcConvention.java,0,0,0.3389389539700038
1.9.0,core/src/main/java/org/apache/calcite/adapter/jdbc/JdbcQueryProvider.java,0,0,0.1513061359201179
1.9.0,core/src/main/java/org/apache/calcite/adapter/jdbc/JdbcRel.java,0,0,0.16314023003674608
1.9.0,core/src/main/java/org/apache/calcite/adapter/jdbc/JdbcSchema.java,1,1,0.9058632687864362
1.9.0,core/src/main/java/org/apache/calcite/adapter/jdbc/JdbcTable.java,0,0,0.49933545977547805
1.9.0,core/src/main/java/org/apache/calcite/adapter/jdbc/JdbcToEnumerableConverter.java,0,0,0.3745166740441428
1.9.0,core/src/main/java/org/apache/calcite/adapter/jdbc/JdbcToEnumerableConverterRule.java,0,0,0.09539400805372673
1.9.0,core/src/main/java/org/apache/calcite/adapter/jdbc/JdbcUtils.java,0,1,0.8530471324306577
1.9.0,core/src/main/java/org/apache/calcite/plan/hep/HepInstruction.java,0,1,0.869957444606875
1.9.0,core/src/main/java/org/apache/calcite/plan/hep/HepMatchOrder.java,0,0,0.10862732056375819
1.9.0,core/src/main/java/org/apache/calcite/plan/hep/HepPlanner.java,1,1,0.7138371302560478
1.9.0,core/src/main/java/org/apache/calcite/plan/hep/HepProgram.java,0,1,0.6748057050454094
1.9.0,core/src/main/java/org/apache/calcite/plan/hep/HepProgramBuilder.java,0,0,0.009285390588926554
1.9.0,core/src/main/java/org/apache/calcite/plan/hep/HepRelMetadataProvider.java,0,0,0.22779262022080501
1.9.0,core/src/main/java/org/apache/calcite/plan/hep/HepRelVertex.java,0,0,0.2367115706768136
1.9.0,core/src/main/java/org/apache/calcite/plan/hep/HepRuleCall.java,0,0,0.08625348477833455
1.9.0,core/src/main/java/org/apache/calcite/plan/volcano/AbstractConverter.java,0,1,0.5079925867867716
1.9.0,core/src/main/java/org/apache/calcite/plan/volcano/ChainedPhaseRuleMappingInitializer.java,0,0,0.1838613473956978
1.9.0,core/src/main/java/org/apache/calcite/plan/volcano/RelSubset.java,0,1,0.9106772930351826
1.9.0,core/src/main/java/org/apache/calcite/plan/volcano/VolcanoCost.java,0,0,0.0009067213858618286
1.9.0,core/src/main/java/org/apache/calcite/plan/volcano/VolcanoPlannerPhase.java,0,0,0.10862732056375819
1.9.0,core/src/main/java/org/apache/calcite/plan/volcano/VolcanoPlannerPhaseRuleMappingInitializer.java,0,0,0.1838613473956978
1.9.0,core/src/main/java/org/apache/calcite/plan/volcano/VolcanoRelMetadataProvider.java,0,0,0.265270901099626
1.9.0,core/src/main/java/org/apache/calcite/plan/volcano/VolcanoRuleCall.java,0,0,0.06166388169997461
1.9.0,core/src/main/java/org/apache/calcite/plan/volcano/VolcanoRuleMatch.java,0,1,0.6761414935973967
1.9.0,core/src/main/java/org/apache/calcite/rel/convert/Converter.java,0,0,0.1838613473956978
1.9.0,core/src/main/java/org/apache/calcite/rel/convert/ConverterImpl.java,0,0,0.18261301502377733
1.9.0,core/src/main/java/org/apache/calcite/rel/convert/ConverterRule.java,0,1,0.5631768726098275
1.9.0,core/src/main/java/org/apache/calcite/rel/convert/NoneConverter.java,0,0,0.1838613473956978
1.9.0,core/src/main/java/org/apache/calcite/rel/convert/TraitMatchingRule.java,0,0,0.1838613473956978
1.9.0,core/src/main/java/org/apache/calcite/rel/core/Aggregate.java,0,1,0.5833712480703354
1.9.0,core/src/main/java/org/apache/calcite/rel/core/AggregateCall.java,0,1,0.6174793542673391
1.9.0,core/src/main/java/org/apache/calcite/rel/core/Calc.java,0,0,0.12695443605897996
1.9.0,core/src/main/java/org/apache/calcite/rel/core/Collect.java,0,0,0.37355823459668697
1.9.0,core/src/main/java/org/apache/calcite/rel/core/Correlate.java,0,0,0.3963275744304369
1.9.0,core/src/main/java/org/apache/calcite/rel/core/CorrelationId.java,0,0,0.23533436822317888
1.9.0,core/src/main/java/org/apache/calcite/rel/core/EquiJoin.java,0,0,0.10983285099695934
1.9.0,core/src/main/java/org/apache/calcite/rel/core/Exchange.java,0,0,0.4641207409993467
1.9.0,core/src/main/java/org/apache/calcite/rel/core/Filter.java,0,0,0.46008316877859207
1.9.0,core/src/main/java/org/apache/calcite/rel/core/Intersect.java,0,0,0.15687585085293496
1.9.0,core/src/main/java/org/apache/calcite/rel/core/JoinInfo.java,0,0,0.2863481858739599
1.9.0,core/src/main/java/org/apache/calcite/rel/core/JoinRelType.java,0,0,0.4532656382820351
1.9.0,core/src/main/java/org/apache/calcite/rel/core/Minus.java,0,0,0.14515222299484262
1.9.0,core/src/main/java/org/apache/calcite/rel/core/Project.java,1,0,0.47008120316246826
1.9.0,core/src/main/java/org/apache/calcite/rel/core/Sample.java,0,0,0.14174799838625496
1.9.0,core/src/main/java/org/apache/calcite/rel/core/SetOp.java,0,0,0.3276360418952366
1.9.0,core/src/main/java/org/apache/calcite/rel/core/Sort.java,1,0,0.3271477093694411
1.9.0,core/src/main/java/org/apache/calcite/rel/core/SortExchange.java,0,0,0.18781785500143494
1.9.0,core/src/main/java/org/apache/calcite/rel/core/TableFunctionScan.java,0,0,0.33224435412264863
1.9.0,core/src/main/java/org/apache/calcite/rel/core/TableModify.java,0,0,0.21387507225877317
1.9.0,core/src/main/java/org/apache/calcite/rel/core/TableScan.java,0,0,0.3454327157485416
1.9.0,core/src/main/java/org/apache/calcite/rel/core/Uncollect.java,0,0,0.16587025292897598
1.9.0,core/src/main/java/org/apache/calcite/rel/core/Union.java,0,0,0.3722661466792754
1.9.0,core/src/main/java/org/apache/calcite/rel/core/Values.java,0,0,0.24507943982123281
1.9.0,core/src/main/java/org/apache/calcite/rel/core/Window.java,0,0,0.02658994705913366
1.9.0,core/src/main/java/org/apache/calcite/rel/externalize/RelJsonReader.java,0,0,0.2370582674376451
1.9.0,core/src/main/java/org/apache/calcite/rel/externalize/RelJsonWriter.java,0,1,0.5081432767179126
1.9.0,core/src/main/java/org/apache/calcite/rel/externalize/RelWriterImpl.java,0,1,0.7429162061346085
1.9.0,core/src/main/java/org/apache/calcite/rel/externalize/RelXmlWriter.java,0,0,0.0021484170608006407
1.9.0,core/src/main/java/org/apache/calcite/rel/logical/LogicalAggregate.java,0,0,0.3605906836144485
1.9.0,core/src/main/java/org/apache/calcite/rel/logical/LogicalCalc.java,0,0,0.09700858065212313
1.9.0,core/src/main/java/org/apache/calcite/rel/logical/LogicalCorrelate.java,0,0,0.3100735524525798
1.9.0,core/src/main/java/org/apache/calcite/rel/logical/LogicalExchange.java,0,1,0.5388973395529837
1.9.0,core/src/main/java/org/apache/calcite/rel/logical/LogicalFilter.java,0,0,0.39211839752016986
1.9.0,core/src/main/java/org/apache/calcite/rel/logical/LogicalIntersect.java,0,0,0.10839420929448271
1.9.0,core/src/main/java/org/apache/calcite/rel/logical/LogicalJoin.java,0,0,0.30786458761408864
1.9.0,core/src/main/java/org/apache/calcite/rel/logical/LogicalMinus.java,0,0,0.17612247596719563
1.9.0,core/src/main/java/org/apache/calcite/rel/logical/LogicalSort.java,0,0,0.42544083397069826
1.9.0,core/src/main/java/org/apache/calcite/rel/logical/LogicalTableFunctionScan.java,0,0,0.33875509780284124
1.9.0,core/src/main/java/org/apache/calcite/rel/logical/LogicalTableModify.java,0,0,0.33805242746308306
1.9.0,core/src/main/java/org/apache/calcite/rel/logical/LogicalTableScan.java,0,0,0.3847016497436393
1.9.0,core/src/main/java/org/apache/calcite/rel/logical/LogicalUnion.java,0,0,0.3318043845709285
1.9.0,core/src/main/java/org/apache/calcite/rel/logical/LogicalValues.java,0,0,0.37300019133497686
1.9.0,core/src/main/java/org/apache/calcite/rel/logical/LogicalWindow.java,0,1,0.5356664803651172
1.9.0,core/src/main/java/org/apache/calcite/rel/metadata/BuiltInMetadata.java,0,0,0.03535468357042617
1.9.0,core/src/main/java/org/apache/calcite/rel/metadata/CachingRelMetadataProvider.java,0,1,0.6267576292475349
1.9.0,core/src/main/java/org/apache/calcite/rel/metadata/ChainedRelMetadataProvider.java,0,0,0.43923201216306373
1.9.0,core/src/main/java/org/apache/calcite/rel/metadata/CyclicMetadataException.java,0,0,0.0970481245583934
1.9.0,core/src/main/java/org/apache/calcite/rel/metadata/DefaultRelMetadataProvider.java,0,0,0.10862732056375819
1.9.0,core/src/main/java/org/apache/calcite/rel/metadata/JaninoRelMetadataProvider.java,1,1,0.9999999844842669
1.9.0,core/src/main/java/org/apache/calcite/rel/metadata/Metadata.java,0,0,0.1838613473956978
1.9.0,core/src/main/java/org/apache/calcite/rel/metadata/MetadataDef.java,0,0,0.48512857519692304
1.9.0,core/src/main/java/org/apache/calcite/rel/metadata/MetadataFactory.java,0,0,0.1838613473956978
1.9.0,core/src/main/java/org/apache/calcite/rel/metadata/MetadataFactoryImpl.java,0,0,0.409914900471078
1.9.0,core/src/main/java/org/apache/calcite/rel/metadata/MetadataHandler.java,0,0,0.20376622631674357
1.9.0,core/src/main/java/org/apache/calcite/rel/metadata/NullSentinel.java,0,0,0.4649805548898362
1.9.0,core/src/main/java/org/apache/calcite/rel/metadata/ReflectiveRelMetadataProvider.java,0,1,0.7482285139737885
1.9.0,core/src/main/java/org/apache/calcite/rel/metadata/RelColumnMapping.java,0,0,0.060620497690439826
1.9.0,core/src/main/java/org/apache/calcite/rel/metadata/RelColumnOrigin.java,0,0,0.39540560025094595
1.9.0,core/src/main/java/org/apache/calcite/rel/metadata/RelMdCollation.java,1,1,0.7114022447765115
1.9.0,core/src/main/java/org/apache/calcite/rel/metadata/RelMdColumnOrigins.java,0,0,0.3047159746705275
1.9.0,core/src/main/java/org/apache/calcite/rel/metadata/RelMdColumnUniqueness.java,1,0,0.38730348451669133
1.9.0,core/src/main/java/org/apache/calcite/rel/metadata/RelMdDistinctRowCount.java,0,0,0.317625369615109
1.9.0,core/src/main/java/org/apache/calcite/rel/metadata/RelMdDistribution.java,0,0,0.1396644417961164
1.9.0,core/src/main/java/org/apache/calcite/rel/metadata/RelMdExplainVisibility.java,0,0,0.1022278562301812
1.9.0,core/src/main/java/org/apache/calcite/rel/metadata/RelMdMaxRowCount.java,0,0,0.35399702402656924
1.9.0,core/src/main/java/org/apache/calcite/rel/metadata/RelMdMemory.java,0,0,0.0481127976764948
1.9.0,core/src/main/java/org/apache/calcite/rel/metadata/RelMdParallelism.java,0,0,0.023445172435758152
1.9.0,core/src/main/java/org/apache/calcite/rel/metadata/RelMdPercentageOriginalRows.java,0,0,0.4304106422001263
1.9.0,core/src/main/java/org/apache/calcite/rel/metadata/RelMdPopulationSize.java,0,0,0.21045445463942722
1.9.0,core/src/main/java/org/apache/calcite/rel/metadata/RelMdRowCount.java,0,0,0.024343855726480245
1.9.0,core/src/main/java/org/apache/calcite/rel/metadata/RelMdSelectivity.java,0,0,0.12429933919578594
1.9.0,core/src/main/java/org/apache/calcite/rel/metadata/RelMdUniqueKeys.java,0,0,0.33432500984942604
1.9.0,core/src/main/java/org/apache/calcite/rel/metadata/RelMdUtil.java,1,1,0.790391093774045
1.9.0,core/src/main/java/org/apache/calcite/rel/metadata/RelMetadataProvider.java,0,0,0.2656332099650292
1.9.0,core/src/main/java/org/apache/calcite/rel/metadata/RelMetadataQuery.java,0,0,0.20789105739314362
1.9.0,core/src/main/java/org/apache/calcite/rel/metadata/UnboundMetadata.java,0,0,0.20178464555892725
1.9.0,core/src/main/java/org/apache/calcite/rel/rules/AggregateFilterTransposeRule.java,0,0,0.4905893592470194
1.9.0,core/src/main/java/org/apache/calcite/rel/rules/AggregateJoinTransposeRule.java,1,1,0.670517806014311
1.9.0,core/src/main/java/org/apache/calcite/rel/rules/AggregateProjectMergeRule.java,0,1,0.5239678773218416
1.9.0,core/src/main/java/org/apache/calcite/rel/rules/AggregateProjectPullUpConstantsRule.java,1,1,0.6886004800248858
1.9.0,core/src/main/java/org/apache/calcite/rel/rules/AggregateReduceFunctionsRule.java,0,1,0.6110355307124512
1.9.0,core/src/main/java/org/apache/calcite/rel/rules/AggregateRemoveRule.java,0,1,0.5812609599017889
1.9.0,core/src/main/java/org/apache/calcite/rel/rules/AggregateStarTableRule.java,0,0,0.3353664702081547
1.9.0,core/src/main/java/org/apache/calcite/rel/rules/AggregateUnionAggregateRule.java,0,1,0.521844163861297
1.9.0,core/src/main/java/org/apache/calcite/rel/rules/AggregateUnionTransposeRule.java,0,1,0.5492951913930589
1.9.0,core/src/main/java/org/apache/calcite/rel/rules/CalcMergeRule.java,0,0,0.4592109150329618
1.9.0,core/src/main/java/org/apache/calcite/rel/rules/CalcRemoveRule.java,0,0,0.08471175549089724
1.9.0,core/src/main/java/org/apache/calcite/rel/rules/CalcSplitRule.java,0,0,0.06606822328316095
1.9.0,core/src/main/java/org/apache/calcite/rel/rules/CoerceInputsRule.java,0,1,0.5562554895724612
1.9.0,core/src/main/java/org/apache/calcite/rel/rules/EquiJoin.java,0,0,0.1838613473956978
1.9.0,core/src/main/java/org/apache/calcite/rel/rules/FilterAggregateTransposeRule.java,0,1,0.5366394024270514
1.9.0,core/src/main/java/org/apache/calcite/rel/rules/FilterCalcMergeRule.java,0,0,0.07721913269286496
1.9.0,core/src/main/java/org/apache/calcite/rel/rules/FilterCorrelateRule.java,0,1,0.5915076096034171
1.9.0,core/src/main/java/org/apache/calcite/rel/rules/FilterJoinRule.java,0,0,0.49180466988346994
1.9.0,core/src/main/java/org/apache/calcite/rel/rules/FilterMergeRule.java,0,0,0.13696837059265538
1.9.0,core/src/main/java/org/apache/calcite/rel/rules/FilterMultiJoinMergeRule.java,0,0,0.15042777881835515
1.9.0,core/src/main/java/org/apache/calcite/rel/rules/FilterProjectTransposeRule.java,1,1,0.5350061720223186
1.9.0,core/src/main/java/org/apache/calcite/rel/rules/FilterRemoveIsNotDistinctFromRule.java,0,0,0.1942171345471814
1.9.0,core/src/main/java/org/apache/calcite/rel/rules/FilterSetOpTransposeRule.java,0,1,0.5819882711389041
1.9.0,core/src/main/java/org/apache/calcite/rel/rules/FilterTableFunctionTransposeRule.java,0,0,0.15042777881835515
1.9.0,core/src/main/java/org/apache/calcite/rel/rules/FilterTableScanRule.java,0,0,0.4556305169220356
1.9.0,core/src/main/java/org/apache/calcite/rel/rules/FilterToCalcRule.java,0,0,0.07389654878665607
1.9.0,core/src/main/java/org/apache/calcite/rel/rules/JoinAddRedundantSemiJoinRule.java,0,0,0.41401985572148414
1.9.0,core/src/main/java/org/apache/calcite/rel/rules/JoinAssociateRule.java,0,0,0.4489228929523759
1.9.0,core/src/main/java/org/apache/calcite/rel/rules/JoinCommuteRule.java,0,0,0.39084308749137886
1.9.0,core/src/main/java/org/apache/calcite/rel/rules/JoinExtractFilterRule.java,0,0,0.4767634466238448
1.9.0,core/src/main/java/org/apache/calcite/rel/rules/JoinPushExpressionsRule.java,0,1,0.5385617289657254
1.9.0,core/src/main/java/org/apache/calcite/rel/rules/JoinPushThroughJoinRule.java,0,1,0.6215626362003255
1.9.0,core/src/main/java/org/apache/calcite/rel/rules/JoinPushTransitivePredicatesRule.java,0,1,0.8709555812282708
1.9.0,core/src/main/java/org/apache/calcite/rel/rules/JoinToCorrelateRule.java,0,0,0.1838613473956978
1.9.0,core/src/main/java/org/apache/calcite/rel/rules/JoinToMultiJoinRule.java,0,0,0.07897499014002379
1.9.0,core/src/main/java/org/apache/calcite/rel/rules/JoinUnionTransposeRule.java,0,0,0.4750083584782295
1.9.0,core/src/main/java/org/apache/calcite/rel/rules/LoptJoinTree.java,0,0,0.025980078589856764
1.9.0,core/src/main/java/org/apache/calcite/rel/rules/LoptMultiJoin.java,0,0,0.12203771532500904
1.9.0,core/src/main/java/org/apache/calcite/rel/rules/MaterializedViewFilterScanRule.java,0,1,0.571461747156624
1.9.0,core/src/main/java/org/apache/calcite/rel/rules/MultiJoin.java,0,0,0.45695450284580835
1.9.0,core/src/main/java/org/apache/calcite/rel/rules/MultiJoinOptimizeBushyRule.java,0,0,0.2715088120416497
1.9.0,core/src/main/java/org/apache/calcite/rel/rules/MultiJoinProjectTransposeRule.java,0,0,0.1838613473956978
1.9.0,core/src/main/java/org/apache/calcite/rel/rules/ProjectCalcMergeRule.java,0,0,0.08770919684646426
1.9.0,core/src/main/java/org/apache/calcite/rel/rules/ProjectMergeRule.java,0,1,0.5067291402847615
1.9.0,core/src/main/java/org/apache/calcite/rel/rules/ProjectMultiJoinMergeRule.java,0,0,0.15042777881835515
1.9.0,core/src/main/java/org/apache/calcite/rel/rules/ProjectRemoveRule.java,0,0,0.3602844221775542
1.9.0,core/src/main/java/org/apache/calcite/rel/rules/ProjectTableScanRule.java,0,0,0.4207044567905971
1.9.0,core/src/main/java/org/apache/calcite/rel/rules/ProjectToCalcRule.java,0,0,0.07389654878665607
1.9.0,core/src/main/java/org/apache/calcite/rel/rules/ProjectToWindowRule.java,0,1,0.5683225780766347
1.9.0,core/src/main/java/org/apache/calcite/rel/rules/ProjectWindowTransposeRule.java,0,0,0.4956371047930641
1.9.0,core/src/main/java/org/apache/calcite/rel/rules/PruneEmptyRules.java,0,0,0.2998203494344209
1.9.0,core/src/main/java/org/apache/calcite/rel/rules/ReduceDecimalsRule.java,0,1,0.7748477789990382
1.9.0,core/src/main/java/org/apache/calcite/rel/rules/SemiJoinFilterTransposeRule.java,0,0,0.0874091883625636
1.9.0,core/src/main/java/org/apache/calcite/rel/rules/SemiJoinJoinTransposeRule.java,0,0,0.483637969088289
1.9.0,core/src/main/java/org/apache/calcite/rel/rules/SemiJoinRemoveRule.java,0,0,0.0874091883625636
1.9.0,core/src/main/java/org/apache/calcite/rel/rules/SemiJoinRule.java,0,0,0.48845411174373665
1.9.0,core/src/main/java/org/apache/calcite/rel/rules/SortJoinTransposeRule.java,0,0,0.36065307921088957
1.9.0,core/src/main/java/org/apache/calcite/rel/rules/SortRemoveRule.java,0,0,0.4744101361852261
1.9.0,core/src/main/java/org/apache/calcite/rel/rules/SortUnionTransposeRule.java,0,1,0.5607319961579144
1.9.0,core/src/main/java/org/apache/calcite/rel/rules/SubQueryRemoveRule.java,1,1,0.9877479181752475
1.9.0,core/src/main/java/org/apache/calcite/rel/rules/TableScanRule.java,0,0,0.0019656828735964767
1.9.0,core/src/main/java/org/apache/calcite/rel/rules/UnionEliminatorRule.java,0,0,0.15042777881835515
1.9.0,core/src/main/java/org/apache/calcite/rel/rules/UnionMergeRule.java,0,0,0.1838613473956978
1.9.0,core/src/main/java/org/apache/calcite/rel/rules/UnionToDistinctRule.java,0,1,0.5883490281929601
1.9.0,core/src/main/java/org/apache/calcite/rel/rules/ValuesReduceRule.java,1,1,0.5496684448928191
1.9.0,core/src/main/java/org/apache/calcite/rel/stream/Chi.java,0,0,0.07863085182097616
1.9.0,core/src/main/java/org/apache/calcite/rel/stream/Delta.java,0,0,0.16669968544672498
1.9.0,core/src/main/java/org/apache/calcite/rel/stream/LogicalChi.java,0,0,0.18856694375037433
1.9.0,core/src/main/java/org/apache/calcite/rel/stream/LogicalDelta.java,0,0,0.09782684791706295
1.9.0,core/src/main/java/org/apache/calcite/rel/type/DynamicRecordType.java,0,0,0.10562232676539651
1.9.0,core/src/main/java/org/apache/calcite/rel/type/RelCrossType.java,0,1,0.6048993507839829
1.9.0,core/src/main/java/org/apache/calcite/rel/type/RelDataTypeComparability.java,0,0,0.10862732056375819
1.9.0,core/src/main/java/org/apache/calcite/rel/type/RelDataTypeFamily.java,0,0,0.1838613473956978
1.9.0,core/src/main/java/org/apache/calcite/rel/type/RelDataTypeField.java,0,0,0.21206604627973052
1.9.0,core/src/main/java/org/apache/calcite/rel/type/RelDataTypeFieldImpl.java,0,0,0.1486487356766981
1.9.0,core/src/main/java/org/apache/calcite/rel/type/RelDataTypePrecedenceList.java,0,0,0.1838613473956978
1.9.0,core/src/main/java/org/apache/calcite/rel/type/RelProtoDataType.java,0,0,0.1838613473956978
1.9.0,core/src/main/java/org/apache/calcite/schema/impl/AbstractSchema.java,0,0,0.1037250150067041
1.9.0,core/src/main/java/org/apache/calcite/schema/impl/AbstractTable.java,0,0,0.0170302799733414
1.9.0,core/src/main/java/org/apache/calcite/schema/impl/AbstractTableQueryable.java,0,0,0.1922146702108133
1.9.0,core/src/main/java/org/apache/calcite/schema/impl/DelegatingSchema.java,0,0,0.1513061359201179
1.9.0,core/src/main/java/org/apache/calcite/schema/impl/ReflectiveFunctionBase.java,1,1,0.569217106138628
1.9.0,core/src/main/java/org/apache/calcite/schema/impl/ScalarFunctionImpl.java,0,0,0.4451574973843244
1.9.0,core/src/main/java/org/apache/calcite/schema/impl/StarTable.java,0,0,0.3545152893467412
1.9.0,core/src/main/java/org/apache/calcite/schema/impl/TableFunctionImpl.java,0,1,0.5189126497651638
1.9.0,core/src/main/java/org/apache/calcite/schema/impl/TableMacroImpl.java,0,0,0.22910256778975044
1.9.0,core/src/main/java/org/apache/calcite/sql/advise/SqlAdvisor.java,0,0,0.13704602003163457
1.9.0,core/src/main/java/org/apache/calcite/sql/advise/SqlAdvisorGetHintsFunction.java,0,1,0.527602297021863
1.9.0,core/src/main/java/org/apache/calcite/sql/advise/SqlAdvisorHint.java,0,1,0.6207237931084555
1.9.0,core/src/main/java/org/apache/calcite/sql/advise/SqlAdvisorValidator.java,0,0,0.4356444710374637
1.9.0,core/src/main/java/org/apache/calcite/sql/advise/SqlSimpleParser.java,0,0,0.0001450202373710928
1.9.0,core/src/main/java/org/apache/calcite/sql/fun/OracleSqlOperatorTable.java,0,0,0.15563885133820038
1.9.0,core/src/main/java/org/apache/calcite/sql/fun/SqlAbstractGroupFunction.java,0,1,0.5595259712449989
1.9.0,core/src/main/java/org/apache/calcite/sql/fun/SqlAbstractTimeFunction.java,0,1,0.5592953207800446
1.9.0,core/src/main/java/org/apache/calcite/sql/fun/SqlArgumentAssignmentOperator.java,0,0,0.11826589581217523
1.9.0,core/src/main/java/org/apache/calcite/sql/fun/SqlArrayQueryConstructor.java,0,0,0.10862732056375819
1.9.0,core/src/main/java/org/apache/calcite/sql/fun/SqlArrayValueConstructor.java,0,0,0.31817322951514254
1.9.0,core/src/main/java/org/apache/calcite/sql/fun/SqlAvgAggFunction.java,0,0,0.39614353025407845
1.9.0,core/src/main/java/org/apache/calcite/sql/fun/SqlCase.java,0,0,0.36978690117784496
1.9.0,core/src/main/java/org/apache/calcite/sql/fun/SqlCaseOperator.java,0,0,0.3414507552969704
1.9.0,core/src/main/java/org/apache/calcite/sql/fun/SqlCastFunction.java,0,0,0.49379937720875294
1.9.0,core/src/main/java/org/apache/calcite/sql/fun/SqlCoalesceFunction.java,0,1,0.5227706767560532
1.9.0,core/src/main/java/org/apache/calcite/sql/fun/SqlCollectionTableOperator.java,0,0,0.16825161809725644
1.9.0,core/src/main/java/org/apache/calcite/sql/fun/SqlColumnListConstructor.java,0,0,0.1353992004925071
1.9.0,core/src/main/java/org/apache/calcite/sql/fun/SqlConvertFunction.java,0,0,0.39358581698296286
1.9.0,core/src/main/java/org/apache/calcite/sql/fun/SqlCountAggFunction.java,0,0,0.4173189831322618
1.9.0,core/src/main/java/org/apache/calcite/sql/fun/SqlCovarAggFunction.java,0,0,0.4218000366105385
1.9.0,core/src/main/java/org/apache/calcite/sql/fun/SqlCurrentDateFunction.java,0,0,0.11956450834454743
1.9.0,core/src/main/java/org/apache/calcite/sql/fun/SqlCursorConstructor.java,0,0,0.37023002150293066
1.9.0,core/src/main/java/org/apache/calcite/sql/fun/SqlDefaultOperator.java,0,0,0.11826589581217523
1.9.0,core/src/main/java/org/apache/calcite/sql/fun/SqlExtendOperator.java,0,1,0.5644026396552984
1.9.0,core/src/main/java/org/apache/calcite/sql/fun/SqlFirstLastValueAggFunction.java,0,0,0.34104035164837126
1.9.0,core/src/main/java/org/apache/calcite/sql/fun/SqlFloorFunction.java,0,1,0.5294391583423287
1.9.0,core/src/main/java/org/apache/calcite/sql/fun/SqlGroupIdFunction.java,0,0,0.10931499270803317
1.9.0,core/src/main/java/org/apache/calcite/sql/fun/SqlGroupingFunction.java,0,0,0.10881208848091808
1.9.0,core/src/main/java/org/apache/calcite/sql/fun/SqlGroupingIdFunction.java,0,0,0.10931499270803317
1.9.0,core/src/main/java/org/apache/calcite/sql/fun/SqlHistogramAggFunction.java,0,0,0.17027755349130447
1.9.0,core/src/main/java/org/apache/calcite/sql/fun/SqlInOperator.java,0,1,0.544983013026982
1.9.0,core/src/main/java/org/apache/calcite/sql/fun/SqlLeadLagAggFunction.java,0,0,0.43170719649660205
1.9.0,core/src/main/java/org/apache/calcite/sql/fun/SqlLiteralChainOperator.java,0,1,0.5940480333740898
1.9.0,core/src/main/java/org/apache/calcite/sql/fun/SqlMapQueryConstructor.java,0,0,0.10862732056375819
1.9.0,core/src/main/java/org/apache/calcite/sql/fun/SqlMapValueConstructor.java,0,1,0.550619502263251
1.9.0,core/src/main/java/org/apache/calcite/sql/fun/SqlMinMaxAggFunction.java,0,0,0.29739965689297426
1.9.0,core/src/main/java/org/apache/calcite/sql/fun/SqlMonotonicBinaryOperator.java,0,1,0.5685317369180638
1.9.0,core/src/main/java/org/apache/calcite/sql/fun/SqlMonotonicUnaryFunction.java,0,0,0.1734245611245206
1.9.0,core/src/main/java/org/apache/calcite/sql/fun/SqlMultisetMemberOfOperator.java,0,0,0.48153715879561104
1.9.0,core/src/main/java/org/apache/calcite/sql/fun/SqlMultisetQueryConstructor.java,0,0,0.17021601158713418
1.9.0,core/src/main/java/org/apache/calcite/sql/fun/SqlMultisetSetOperator.java,0,0,0.23733595845366087
1.9.0,core/src/main/java/org/apache/calcite/sql/fun/SqlMultisetValueConstructor.java,0,0,0.4286198464853634
1.9.0,core/src/main/java/org/apache/calcite/sql/fun/SqlNewOperator.java,0,0,0.12085904182170124
1.9.0,core/src/main/java/org/apache/calcite/sql/fun/SqlNtileAggFunction.java,0,0,0.10862732056375819
1.9.0,core/src/main/java/org/apache/calcite/sql/fun/SqlNullifFunction.java,0,0,0.40957832903919844
1.9.0,core/src/main/java/org/apache/calcite/sql/fun/SqlOverlapsOperator.java,0,0,0.29449212799388047
1.9.0,core/src/main/java/org/apache/calcite/sql/fun/SqlOverlayFunction.java,0,1,0.7884448362333929
1.9.0,core/src/main/java/org/apache/calcite/sql/fun/SqlPositionFunction.java,0,0,0.484584069335671
1.9.0,core/src/main/java/org/apache/calcite/sql/fun/SqlQuarterFunction.java,0,0,0.16151344060222608
1.9.0,core/src/main/java/org/apache/calcite/sql/fun/SqlRollupOperator.java,0,1,0.5502542376531145
1.9.0,core/src/main/java/org/apache/calcite/sql/fun/SqlRowOperator.java,0,0,0.11452898130450452
1.9.0,core/src/main/java/org/apache/calcite/sql/fun/SqlSequenceValueOperator.java,0,1,0.5731154756587808
1.9.0,core/src/main/java/org/apache/calcite/sql/fun/SqlSingleValueAggFunction.java,0,0,0.17027755349130447
1.9.0,core/src/main/java/org/apache/calcite/sql/fun/SqlStringContextVariable.java,0,0,0.11956450834454743
1.9.0,core/src/main/java/org/apache/calcite/sql/fun/SqlSubstringFunction.java,0,0,0.4345607228265814
1.9.0,core/src/main/java/org/apache/calcite/sql/fun/SqlSumAggFunction.java,0,0,0.389288708233902
1.9.0,core/src/main/java/org/apache/calcite/sql/fun/SqlSumEmptyIsZeroAggFunction.java,1,0,0.37236267486794195
1.9.0,core/src/main/java/org/apache/calcite/sql/fun/SqlThrowOperator.java,0,0,0.11135977556930556
1.9.0,core/src/main/java/org/apache/calcite/sql/fun/SqlTranslate3Function.java,0,1,0.6095308197285945
1.9.0,core/src/main/java/org/apache/calcite/sql/fun/SqlTrimFunction.java,1,1,0.8755688599503312
1.9.0,core/src/main/java/org/apache/calcite/sql/parser/SqlParseException.java,0,0,0.4349664906903171
1.9.0,core/src/main/java/org/apache/calcite/sql/parser/SqlParser.java,0,0,1.0690023000981868e-09
1.9.0,core/src/main/java/org/apache/calcite/sql/parser/SqlParserImplFactory.java,0,0,0.1838613473956978
1.9.0,core/src/main/java/org/apache/calcite/sql/parser/SqlParserPos.java,0,1,0.7963551914901128
1.9.0,core/src/main/java/org/apache/calcite/sql/pretty/SqlFormatOptions.java,0,0,0.06620850049942988
1.9.0,core/src/main/java/org/apache/calcite/sql/pretty/SqlPrettyWriter.java,0,0,9.397540639864356e-06
1.9.0,core/src/main/java/org/apache/calcite/sql/type/AbstractSqlType.java,0,0,0.4009531815523223
1.9.0,core/src/main/java/org/apache/calcite/sql/type/ArraySqlType.java,0,1,0.527602297021863
1.9.0,core/src/main/java/org/apache/calcite/sql/type/AssignableOperandTypeChecker.java,0,0,0.047006282601204326
1.9.0,core/src/main/java/org/apache/calcite/sql/type/BasicSqlType.java,0,1,0.5784253022309893
1.9.0,core/src/main/java/org/apache/calcite/sql/type/ComparableOperandTypeChecker.java,0,0,0.4897717374979185
1.9.0,core/src/main/java/org/apache/calcite/sql/type/CompositeOperandTypeChecker.java,1,1,0.5940543594894171
1.9.0,core/src/main/java/org/apache/calcite/sql/type/CompositeSingleOperandTypeChecker.java,0,1,0.5515347901165022
1.9.0,core/src/main/java/org/apache/calcite/sql/type/CursorReturnTypeInference.java,0,0,0.1838613473956978
1.9.0,core/src/main/java/org/apache/calcite/sql/type/ExplicitOperandTypeInference.java,0,1,0.6258120822271055
1.9.0,core/src/main/java/org/apache/calcite/sql/type/ExplicitReturnTypeInference.java,0,0,0.4611072826819176
1.9.0,core/src/main/java/org/apache/calcite/sql/type/ExtraSqlTypes.java,0,0,0.0012997970048116542
1.9.0,core/src/main/java/org/apache/calcite/sql/type/FamilyOperandTypeChecker.java,0,1,0.527602297021863
1.9.0,core/src/main/java/org/apache/calcite/sql/type/InferTypes.java,0,0,0.13293580640458963
1.9.0,core/src/main/java/org/apache/calcite/sql/type/JavaToSqlTypeConversionRules.java,0,0,0.08199488332001176
1.9.0,core/src/main/java/org/apache/calcite/sql/type/LiteralOperandTypeChecker.java,0,1,0.5057415859696403
1.9.0,core/src/main/java/org/apache/calcite/sql/type/MapSqlType.java,0,1,0.5450401604007016
1.9.0,core/src/main/java/org/apache/calcite/sql/type/MultisetOperandTypeChecker.java,0,0,0.40082122760138833
1.9.0,core/src/main/java/org/apache/calcite/sql/type/MultisetSqlType.java,0,1,0.502296455527093
1.9.0,core/src/main/java/org/apache/calcite/sql/type/ObjectSqlType.java,0,0,0.13786892054918282
1.9.0,core/src/main/java/org/apache/calcite/sql/type/OperandsTypeChecking.java,0,0,0.00034183209139165924
1.9.0,core/src/main/java/org/apache/calcite/sql/type/OperandTypes.java,0,0,1.1803627930374385e-09
1.9.0,core/src/main/java/org/apache/calcite/sql/type/OrdinalReturnTypeInference.java,0,0,0.10862732056375819
1.9.0,core/src/main/java/org/apache/calcite/sql/type/SameOperandTypeChecker.java,0,1,0.5322605671381129
1.9.0,core/src/main/java/org/apache/calcite/sql/type/SetopOperandTypeChecker.java,0,1,0.5117505902808382
1.9.0,core/src/main/java/org/apache/calcite/sql/type/SqlOperandCountRanges.java,0,0,0.06264851152336957
1.9.0,core/src/main/java/org/apache/calcite/sql/type/SqlOperandTypeChecker.java,0,0,0.10862732056375819
1.9.0,core/src/main/java/org/apache/calcite/sql/type/SqlOperandTypeInference.java,0,0,0.20726861485776335
1.9.0,core/src/main/java/org/apache/calcite/sql/type/SqlReturnTypeInference.java,0,0,0.1838613473956978
1.9.0,core/src/main/java/org/apache/calcite/sql/type/SqlReturnTypeInferenceChain.java,0,1,0.6346918235011282
1.9.0,core/src/main/java/org/apache/calcite/sql/type/SqlSingleOperandTypeChecker.java,0,0,0.1838613473956978
1.9.0,core/src/main/java/org/apache/calcite/sql/type/SqlTypeTransform.java,0,0,0.1838613473956978
1.9.0,core/src/main/java/org/apache/calcite/sql/type/SqlTypeTransformCascade.java,0,1,0.6007772997674858
1.9.0,core/src/main/java/org/apache/calcite/sql/type/SqlTypeTransforms.java,0,0,0.23994385421122552
1.9.0,core/src/main/java/org/apache/calcite/sql/type/TableFunctionReturnTypeInference.java,0,0,0.1838613473956978
1.9.0,core/src/main/java/org/apache/calcite/sql/util/ChainedSqlOperatorTable.java,0,0,0.16338929659104942
1.9.0,core/src/main/java/org/apache/calcite/sql/util/ReflectiveSqlOperatorTable.java,0,0,0.04101952245154983
1.9.0,core/src/main/java/org/apache/calcite/sql/util/SqlBasicVisitor.java,0,0,0.45619493485665547
1.9.0,core/src/main/java/org/apache/calcite/sql/util/SqlBuilder.java,0,1,0.5068137251179737
1.9.0,core/src/main/java/org/apache/calcite/sql/util/SqlShuttle.java,0,1,0.5580149725833776
1.9.0,core/src/main/java/org/apache/calcite/sql/util/SqlString.java,0,0,0.35044387499012314
1.9.0,core/src/main/java/org/apache/calcite/sql/util/SqlVisitor.java,0,0,0.1838613473956978
1.9.0,core/src/main/java/org/apache/calcite/sql/validate/AbstractNamespace.java,0,1,0.7074723346638137
1.9.0,core/src/main/java/org/apache/calcite/sql/validate/AggregatingScope.java,0,0,0.1838613473956978
1.9.0,core/src/main/java/org/apache/calcite/sql/validate/AliasNamespace.java,0,1,0.5749457916117078
1.9.0,core/src/main/java/org/apache/calcite/sql/validate/CollectNamespace.java,0,1,0.5258839432989852
1.9.0,core/src/main/java/org/apache/calcite/sql/validate/CollectScope.java,0,0,0.3883592764694962
1.9.0,core/src/main/java/org/apache/calcite/sql/validate/DelegatingNamespace.java,0,0,0.2012626152774561
1.9.0,core/src/main/java/org/apache/calcite/sql/validate/DelegatingSqlValidatorCatalogReader.java,0,0,0.1838613473956978
1.9.0,core/src/main/java/org/apache/calcite/sql/validate/DelegatingSqlValidatorTable.java,0,0,0.1838613473956978
1.9.0,core/src/main/java/org/apache/calcite/sql/validate/FieldNamespace.java,0,0,0.4631216444252823
1.9.0,core/src/main/java/org/apache/calcite/sql/validate/IdentifierNamespace.java,0,1,0.7379255309122772
1.9.0,core/src/main/java/org/apache/calcite/sql/validate/JoinNamespace.java,0,1,0.5894130101502258
1.9.0,core/src/main/java/org/apache/calcite/sql/validate/JoinScope.java,0,0,0.3895594621177686
1.9.0,core/src/main/java/org/apache/calcite/sql/validate/OrderByScope.java,0,1,0.5768116956184688
1.9.0,core/src/main/java/org/apache/calcite/sql/validate/OverScope.java,0,0,0.1838613473956978
1.9.0,core/src/main/java/org/apache/calcite/sql/validate/ParameterNamespace.java,0,0,0.1984580119187617
1.9.0,core/src/main/java/org/apache/calcite/sql/validate/ProcedureNamespace.java,0,1,0.6273975886347486
1.9.0,core/src/main/java/org/apache/calcite/sql/validate/SchemaNamespace.java,0,0,0.1944926541921244
1.9.0,core/src/main/java/org/apache/calcite/sql/validate/SelectNamespace.java,0,0,0.11995472804314375
1.9.0,core/src/main/java/org/apache/calcite/sql/validate/SelectScope.java,0,1,0.6449287468770788
1.9.0,core/src/main/java/org/apache/calcite/sql/validate/SetopNamespace.java,0,1,0.5230435542214941
1.9.0,core/src/main/java/org/apache/calcite/sql/validate/SqlConformance.java,0,1,0.5180367365444182
1.9.0,core/src/main/java/org/apache/calcite/sql/validate/SqlIdentifierMoniker.java,0,0,0.08054149012680306
1.9.0,core/src/main/java/org/apache/calcite/sql/validate/SqlModality.java,0,0,0.11167089896145847
1.9.0,core/src/main/java/org/apache/calcite/sql/validate/SqlMoniker.java,0,0,0.37206172003137616
1.9.0,core/src/main/java/org/apache/calcite/sql/validate/SqlMonikerImpl.java,0,0,0.35064041518530265
1.9.0,core/src/main/java/org/apache/calcite/sql/validate/SqlMonikerType.java,0,0,0.10862732056375819
1.9.0,core/src/main/java/org/apache/calcite/sql/validate/SqlMonotonicity.java,0,0,0.3284019390695851
1.9.0,core/src/main/java/org/apache/calcite/sql/validate/SqlScopedShuttle.java,0,0,0.10862732056375819
1.9.0,core/src/main/java/org/apache/calcite/sql/validate/SqlUserDefinedAggFunction.java,0,0,0.21939929064251365
1.9.0,core/src/main/java/org/apache/calcite/sql/validate/SqlUserDefinedTableMacro.java,0,1,0.8345188217320576
1.9.0,core/src/main/java/org/apache/calcite/sql/validate/SqlValidator.java,0,0,0.4164472145386291
1.9.0,core/src/main/java/org/apache/calcite/sql/validate/SqlValidatorException.java,0,0,0.11534451455753289
1.9.0,core/src/main/java/org/apache/calcite/sql/validate/SqlValidatorNamespace.java,0,0,0.23195973005605147
1.9.0,core/src/main/java/org/apache/calcite/sql/validate/SqlValidatorTable.java,0,0,0.1838613473956978
1.9.0,core/src/main/java/org/apache/calcite/sql/validate/SqlValidatorWithHints.java,0,0,0.1838613473956978
1.9.0,core/src/main/java/org/apache/calcite/sql/validate/TableConstructorNamespace.java,0,1,0.541872194748677
1.9.0,core/src/main/java/org/apache/calcite/sql/validate/TableNamespace.java,0,1,0.551062382283219
1.9.0,core/src/main/java/org/apache/calcite/sql/validate/UnnestNamespace.java,0,1,0.5383385071166603
1.9.0,core/src/main/java/org/apache/calcite/sql/validate/WithItemNamespace.java,0,1,0.5825557892227203
1.9.0,core/src/main/java/org/apache/calcite/sql/validate/WithNamespace.java,0,1,0.5553972090992058
1.9.0,core/src/main/java/org/apache/calcite/util/graph/BreadthFirstIterator.java,0,0,0.3875099464135234
1.9.0,core/src/main/java/org/apache/calcite/util/graph/CycleDetector.java,0,0,0.10862732056375819
1.9.0,core/src/main/java/org/apache/calcite/util/graph/DefaultDirectedGraph.java,0,1,0.9464794302436774
1.9.0,core/src/main/java/org/apache/calcite/util/graph/DefaultEdge.java,0,0,0.48942500150200025
1.9.0,core/src/main/java/org/apache/calcite/util/graph/DepthFirstIterator.java,0,0,0.3438155833986841
1.9.0,core/src/main/java/org/apache/calcite/util/graph/DirectedGraph.java,0,0,0.2716554703198379
1.9.0,core/src/main/java/org/apache/calcite/util/graph/Graphs.java,0,1,0.5097225572528269
1.9.0,core/src/main/java/org/apache/calcite/util/graph/TopologicalOrderIterator.java,0,1,0.6572103128612092
1.9.0,core/src/main/java/org/apache/calcite/util/javac/JaninoCompiler.java,0,0,0.18626901890556113
1.9.0,core/src/main/java/org/apache/calcite/util/javac/JavaCompiler.java,0,0,0.1838613473956978
1.9.0,core/src/main/java/org/apache/calcite/util/javac/JavaCompilerArgs.java,0,0,0.06404312793788854
1.9.0,core/src/main/java/org/apache/calcite/util/mapping/AbstractSourceMapping.java,0,0,0.0022471442687689125
1.9.0,core/src/main/java/org/apache/calcite/util/mapping/AbstractTargetMapping.java,0,0,0.0020607123110082744
1.9.0,core/src/main/java/org/apache/calcite/util/mapping/IntPair.java,0,0,0.13736524221241406
1.9.0,core/src/main/java/org/apache/calcite/util/mapping/Mapping.java,0,0,0.1838613473956978
1.9.0,core/src/main/java/org/apache/calcite/util/mapping/Mappings.java,0,0,0.06872254778425531
1.9.0,core/src/main/java/org/apache/calcite/util/mapping/MappingType.java,0,1,0.6613669772768769
1.9.0,core/src/main/java/org/apache/calcite/util/trace/CalciteLogger.java,0,0,0.0005759388369903697
1.9.0,core/src/main/java/org/apache/calcite/util/trace/CalciteTimingTracer.java,0,0,0.00044845613825391387
1.9.0,core/src/main/java/org/apache/calcite/util/trace/CalciteTrace.java,0,0,0.018019248167284754
1.9.0,core/src/main/java/org/apache/calcite/adapter/enumerable/impl/AggAddContextImpl.java,0,0,0.10493827421606979
1.9.0,core/src/main/java/org/apache/calcite/adapter/enumerable/impl/AggResetContextImpl.java,0,0,0.07912999870270038
1.9.0,core/src/main/java/org/apache/calcite/adapter/enumerable/impl/AggResultContextImpl.java,0,0,0.10493827421606979
1.9.0,core/src/main/java/org/apache/calcite/adapter/enumerable/impl/WinAggAddContextImpl.java,0,0,0.10493827421606979
1.9.0,core/src/main/java/org/apache/calcite/adapter/enumerable/impl/WinAggResetContextImpl.java,0,0,0.22353676313176976
1.9.0,core/src/main/java/org/apache/calcite/adapter/enumerable/impl/WinAggResultContextImpl.java,0,0,0.12862163873502322
1.9.0,avatica/core/src/main/java/org/apache/calcite/avatica/AvaticaClientRuntimeException.java,0,0,0.13789833628423928
1.9.0,avatica/core/src/main/java/org/apache/calcite/avatica/AvaticaDatabaseMetaData.java,0,0,0.0015738273416928215
1.9.0,avatica/core/src/main/java/org/apache/calcite/avatica/AvaticaFactory.java,0,0,0.2932915011501794
1.9.0,avatica/core/src/main/java/org/apache/calcite/avatica/AvaticaJdbc41Factory.java,0,0,0.4654919581579461
1.9.0,avatica/core/src/main/java/org/apache/calcite/avatica/AvaticaParameter.java,0,1,0.5001554969047436
1.9.0,avatica/core/src/main/java/org/apache/calcite/avatica/AvaticaPreparedStatement.java,0,0,0.0009742353722557768
1.9.0,avatica/core/src/main/java/org/apache/calcite/avatica/AvaticaResultSetMetaData.java,0,0,0.19821517193518973
1.9.0,avatica/core/src/main/java/org/apache/calcite/avatica/AvaticaSeverity.java,0,0,0.4436209024384714
1.9.0,avatica/core/src/main/java/org/apache/calcite/avatica/AvaticaSite.java,0,0,1.3724573229214524e-13
1.9.0,avatica/core/src/main/java/org/apache/calcite/avatica/AvaticaSpecificDatabaseMetaData.java,0,0,0.1637254370492227
1.9.0,avatica/core/src/main/java/org/apache/calcite/avatica/AvaticaSqlException.java,0,0,0.16792846541594694
1.9.0,avatica/core/src/main/java/org/apache/calcite/avatica/ColumnMetaData.java,0,1,0.7221696223395109
1.9.0,avatica/core/src/main/java/org/apache/calcite/avatica/ConnectionPropertiesImpl.java,0,0,0.11113090823104385
1.9.0,avatica/core/src/main/java/org/apache/calcite/avatica/ConnectStringParser.java,1,1,0.9879774059894312
1.9.0,avatica/core/src/main/java/org/apache/calcite/avatica/DriverVersion.java,0,0,0.007157638681589296
1.9.0,avatica/core/src/main/java/org/apache/calcite/avatica/Handler.java,0,0,0.06334368998175442
1.9.0,avatica/core/src/main/java/org/apache/calcite/avatica/HandlerImpl.java,0,0,0.10430147346759354
1.9.0,avatica/core/src/main/java/org/apache/calcite/avatica/Helper.java,0,0,0.10275783766304558
1.9.0,avatica/core/src/main/java/org/apache/calcite/avatica/InternalProperty.java,0,0,0.11633807295341979
1.9.0,avatica/core/src/main/java/org/apache/calcite/avatica/Meta.java,1,1,0.985522317850848
1.9.0,avatica/core/src/main/java/org/apache/calcite/avatica/MetaImpl.java,1,1,1.0
1.9.0,avatica/core/src/main/java/org/apache/calcite/avatica/MissingResultsException.java,0,0,0.19855742617741418
1.9.0,avatica/core/src/main/java/org/apache/calcite/avatica/NoSuchConnectionException.java,0,0,0.19855742617741418
1.9.0,avatica/core/src/main/java/org/apache/calcite/avatica/NoSuchStatementException.java,0,0,0.19855742617741418
1.9.0,avatica/core/src/main/java/org/apache/calcite/avatica/QueryState.java,0,0,0.34649877052403044
1.9.0,avatica/core/src/main/java/org/apache/calcite/avatica/SqlState.java,0,0,3.325174181605871e-74
1.9.0,avatica/core/src/main/java/org/apache/calcite/avatica/SqlType.java,0,0,2.0408383179440253e-20
1.9.0,avatica/core/src/main/java/org/apache/calcite/avatica/UnregisteredDriver.java,0,0,0.0010114489096581015
1.9.0,avatica/core/src/main/java/org/apache/calcite/avatica/util/AbstractCursor.java,0,1,0.6984554231414453
1.9.0,avatica/core/src/main/java/org/apache/calcite/avatica/util/ArrayImpl.java,0,0,0.04091744889516833
1.9.0,avatica/core/src/main/java/org/apache/calcite/avatica/util/ArrayIteratorCursor.java,0,0,0.1848854294593189
1.9.0,avatica/core/src/main/java/org/apache/calcite/avatica/util/Base64.java,0,0,4.342603577186619e-09
1.9.0,avatica/core/src/main/java/org/apache/calcite/avatica/util/ByteString.java,0,1,0.5498127892524343
1.9.0,avatica/core/src/main/java/org/apache/calcite/avatica/util/Casing.java,0,0,0.17210805535376708
1.9.0,avatica/core/src/main/java/org/apache/calcite/avatica/util/Cursor.java,0,0,0.0016946028118775725
1.9.0,avatica/core/src/main/java/org/apache/calcite/avatica/util/DateTimeUtils.java,0,0,7.175700870720765e-11
1.9.0,avatica/core/src/main/java/org/apache/calcite/avatica/util/IteratorCursor.java,0,0,0.004474383101784782
1.9.0,avatica/core/src/main/java/org/apache/calcite/avatica/util/ListIteratorCursor.java,0,0,0.1848854294593189
1.9.0,avatica/core/src/main/java/org/apache/calcite/avatica/util/MapIteratorCursor.java,0,0,0.1848854294593189
1.9.0,avatica/core/src/main/java/org/apache/calcite/avatica/util/PackageMarker.java,0,0,0.18607888308954523
1.9.0,avatica/core/src/main/java/org/apache/calcite/avatica/util/PositionedCursor.java,0,0,0.17834285180063292
1.9.0,avatica/core/src/main/java/org/apache/calcite/avatica/util/Quoting.java,0,0,0.17210805535376708
1.9.0,avatica/core/src/main/java/org/apache/calcite/avatica/util/RecordIteratorCursor.java,0,0,0.1848854294593189
1.9.0,avatica/core/src/main/java/org/apache/calcite/avatica/util/Spacer.java,0,0,0.1838613473956978
1.9.0,avatica/core/src/main/java/org/apache/calcite/avatica/util/Spaces.java,0,0,0.01437218283412957
1.9.0,avatica/core/src/main/java/org/apache/calcite/avatica/util/StructImpl.java,0,0,0.1976055024804954
1.9.0,avatica/core/src/main/java/org/apache/calcite/avatica/util/TimeUnit.java,0,0,0.2628705272773255
1.9.0,avatica/core/src/main/java/org/apache/calcite/avatica/util/TimeUnitRange.java,0,0,0.07580392043882386
1.9.0,avatica/core/src/main/java/org/apache/calcite/avatica/util/UnsynchronizedBuffer.java,0,1,0.6653161044471345
1.9.0,avatica/core/src/main/java/org/apache/calcite/avatica/proto/Common.java,0,0,1.481193608683752e-43
1.9.0,avatica/core/src/main/java/org/apache/calcite/avatica/proto/Requests.java,0,0,3.846202502458825e-60
1.9.0,avatica/core/src/main/java/org/apache/calcite/avatica/proto/Responses.java,0,0,3.5633976957934142e-43
1.9.0,avatica/core/src/main/java/org/apache/calcite/avatica/remote/AbstractHandler.java,0,1,0.6243017914792764
1.9.0,avatica/core/src/main/java/org/apache/calcite/avatica/remote/AbstractService.java,0,1,0.7219791531999042
1.9.0,avatica/core/src/main/java/org/apache/calcite/avatica/remote/AuthenticationType.java,0,0,0.2339740389131206
1.9.0,avatica/core/src/main/java/org/apache/calcite/avatica/remote/AvaticaCommonsHttpClientSpnegoImpl.java,0,0,0.022099485073267217
1.9.0,avatica/core/src/main/java/org/apache/calcite/avatica/remote/AvaticaHttpClient.java,0,0,0.19855742617741418
1.9.0,avatica/core/src/main/java/org/apache/calcite/avatica/remote/AvaticaHttpClientFactory.java,0,0,0.18558012240344635
1.9.0,avatica/core/src/main/java/org/apache/calcite/avatica/remote/AvaticaHttpClientFactoryImpl.java,0,1,0.5334445081892656
1.9.0,avatica/core/src/main/java/org/apache/calcite/avatica/remote/AvaticaHttpClientImpl.java,0,1,0.6029494982620376
1.9.0,avatica/core/src/main/java/org/apache/calcite/avatica/remote/AvaticaRemoteConnectionConfigImpl.java,0,0,0.1848854294593189
1.9.0,avatica/core/src/main/java/org/apache/calcite/avatica/remote/AvaticaRuntimeException.java,0,0,0.11801048501226911
1.9.0,avatica/core/src/main/java/org/apache/calcite/avatica/remote/DoAsAvaticaHttpClient.java,0,0,0.2029439684315863
1.9.0,avatica/core/src/main/java/org/apache/calcite/avatica/remote/Driver.java,0,0,0.4868444806736562
1.9.0,avatica/core/src/main/java/org/apache/calcite/avatica/remote/Handler.java,0,0,0.21753284323374025
1.9.0,avatica/core/src/main/java/org/apache/calcite/avatica/remote/JsonHandler.java,0,0,0.03018734773815126
1.9.0,avatica/core/src/main/java/org/apache/calcite/avatica/remote/JsonService.java,0,0,0.010769458070839137
1.9.0,avatica/core/src/main/java/org/apache/calcite/avatica/remote/KerberosConnection.java,0,0,0.20346167028783907
1.9.0,avatica/core/src/main/java/org/apache/calcite/avatica/remote/LocalJsonService.java,0,0,0.08221284916467735
1.9.0,avatica/core/src/main/java/org/apache/calcite/avatica/remote/LocalProtobufService.java,0,0,0.1421950068128521
1.9.0,avatica/core/src/main/java/org/apache/calcite/avatica/remote/LocalService.java,0,0,1.8441079683171633e-08
1.9.0,avatica/core/src/main/java/org/apache/calcite/avatica/remote/MetaDataOperation.java,0,0,3.456813249445411e-36
1.9.0,avatica/core/src/main/java/org/apache/calcite/avatica/remote/MetricsHelper.java,0,0,0.09764652169777256
1.9.0,avatica/core/src/main/java/org/apache/calcite/avatica/remote/MockJsonService.java,0,0,0.15856313235247985
1.9.0,avatica/core/src/main/java/org/apache/calcite/avatica/remote/MockProtobufService.java,1,0,0.1421950068128521
1.9.0,avatica/core/src/main/java/org/apache/calcite/avatica/remote/ProtobufHandler.java,0,0,0.01356443466836257
1.9.0,avatica/core/src/main/java/org/apache/calcite/avatica/remote/ProtobufMeta.java,0,0,0.005384190613169788
1.9.0,avatica/core/src/main/java/org/apache/calcite/avatica/remote/ProtobufService.java,0,0,0.03009477518295399
1.9.0,avatica/core/src/main/java/org/apache/calcite/avatica/remote/ProtobufTranslation.java,0,0,0.196657022656672
1.9.0,avatica/core/src/main/java/org/apache/calcite/avatica/remote/ProtobufTranslationImpl.java,0,0,0.0507121200726167
1.9.0,avatica/core/src/main/java/org/apache/calcite/avatica/remote/RemoteMeta.java,0,0,8.114829719770936e-09
1.9.0,avatica/core/src/main/java/org/apache/calcite/avatica/remote/RemoteProtobufService.java,0,0,0.127803964705219
1.9.0,avatica/core/src/main/java/org/apache/calcite/avatica/remote/RemoteService.java,0,0,0.1848854294593189
1.9.0,avatica/core/src/main/java/org/apache/calcite/avatica/remote/RequestTranslator.java,0,0,0.11693734603821
1.9.0,avatica/core/src/main/java/org/apache/calcite/avatica/remote/ResponseTranslator.java,0,0,0.11693734603821
1.9.0,avatica/core/src/main/java/org/apache/calcite/avatica/remote/Service.java,0,0,0.17973698558260956
1.9.0,avatica/core/src/main/java/org/apache/calcite/avatica/remote/TypedValue.java,0,0,0.011402228222810494
1.9.0,avatica/core/src/main/java/org/apache/calcite/avatica/remote/UsernamePasswordAuthenticateable.java,0,0,0.17430868238665428
1.9.0,avatica/core/src/main/java/com/google/protobuf/HBaseZeroCopyByteString.java,0,0,0.17501809832070217
1.9.0,avatica/core/src/main/java-filtered/org/apache/calcite/avatica/util/FilteredConstants.java,0,0,0.22436436533822945
1.9.0,avatica/server/src/main/java/org/apache/calcite/avatica/jdbc/JdbcMeta.java,0,0,4.125157383394844e-09
1.9.0,avatica/server/src/main/java/org/apache/calcite/avatica/jdbc/JdbcResultSet.java,0,0,0.005886148869311634
1.9.0,avatica/server/src/main/java/org/apache/calcite/avatica/jdbc/StatementInfo.java,1,1,0.5110669938830427
1.9.0,avatica/server/src/main/java/org/apache/calcite/avatica/server/AbstractAvaticaHandler.java,0,1,0.5983992161990886
1.9.0,avatica/server/src/main/java/org/apache/calcite/avatica/server/AvaticaHandler.java,0,0,0.1848854294593189
1.9.0,avatica/server/src/main/java/org/apache/calcite/avatica/server/AvaticaJsonHandler.java,0,0,0.05362342327832539
1.9.0,avatica/server/src/main/java/org/apache/calcite/avatica/server/AvaticaProtobufHandler.java,0,0,0.018726530693163084
1.9.0,avatica/server/src/main/java/org/apache/calcite/avatica/server/AvaticaServerConfiguration.java,0,0,0.1274971934970753
1.9.0,avatica/server/src/main/java/org/apache/calcite/avatica/server/DelegatingAvaticaHandler.java,0,0,0.005014778780032055
1.9.0,avatica/server/src/main/java/org/apache/calcite/avatica/server/DoAsRemoteUserCallback.java,0,0,0.0778153004588722
1.9.0,avatica/server/src/main/java/org/apache/calcite/avatica/server/HandlerFactory.java,0,0,0.0029340246637634625
1.9.0,avatica/server/src/main/java/org/apache/calcite/avatica/server/Main.java,0,0,0.07705010274116739
1.9.0,avatica/server/src/main/java/org/apache/calcite/avatica/server/MetricsAwareAvaticaHandler.java,0,0,0.2028837411069869
1.9.0,avatica/server/src/main/java/org/apache/calcite/avatica/server/PropertyBasedSpnegoLoginService.java,0,0,0.046232744296610256
1.9.0,avatica/metrics/src/main/java/org/apache/calcite/avatica/metrics/Counter.java,0,0,0.2028837411069869
1.9.0,avatica/metrics/src/main/java/org/apache/calcite/avatica/metrics/Gauge.java,0,0,0.2028837411069869
1.9.0,avatica/metrics/src/main/java/org/apache/calcite/avatica/metrics/Histogram.java,0,0,0.2028837411069869
1.9.0,avatica/metrics/src/main/java/org/apache/calcite/avatica/metrics/Meter.java,0,0,0.2028837411069869
1.9.0,avatica/metrics/src/main/java/org/apache/calcite/avatica/metrics/Metric.java,0,0,0.2028837411069869
1.9.0,avatica/metrics/src/main/java/org/apache/calcite/avatica/metrics/MetricsSystem.java,0,0,0.2028837411069869
1.9.0,avatica/metrics/src/main/java/org/apache/calcite/avatica/metrics/MetricsSystemConfiguration.java,0,0,0.2028837411069869
1.9.0,avatica/metrics/src/main/java/org/apache/calcite/avatica/metrics/MetricsSystemFactory.java,0,0,0.2028837411069869
1.9.0,avatica/metrics/src/main/java/org/apache/calcite/avatica/metrics/MetricsSystemLoader.java,0,0,0.0032972851521974266
1.9.0,avatica/metrics/src/main/java/org/apache/calcite/avatica/metrics/PackageMarker.java,0,0,0.2028837411069869
1.9.0,avatica/metrics/src/main/java/org/apache/calcite/avatica/metrics/Timer.java,0,0,0.20401478945169135
1.9.0,avatica/metrics/src/main/java/org/apache/calcite/avatica/metrics/noop/NoopCounter.java,0,0,0.0007172384280009447
1.9.0,avatica/metrics/src/main/java/org/apache/calcite/avatica/metrics/noop/NoopHistogram.java,0,0,0.010216576967100542
1.9.0,avatica/metrics/src/main/java/org/apache/calcite/avatica/metrics/noop/NoopMeter.java,0,0,0.010216576967100542
1.9.0,avatica/metrics/src/main/java/org/apache/calcite/avatica/metrics/noop/NoopMetricsSystem.java,0,0,0.02984707123336531
1.9.0,avatica/metrics/src/main/java/org/apache/calcite/avatica/metrics/noop/NoopMetricsSystemConfiguration.java,0,0,0.10031834763285793
1.9.0,avatica/metrics/src/main/java/org/apache/calcite/avatica/metrics/noop/NoopMetricsSystemFactory.java,0,0,0.12102016615500097
1.9.0,avatica/metrics/src/main/java/org/apache/calcite/avatica/metrics/noop/NoopTimer.java,0,0,0.037669055136410216
1.9.0,avatica/metrics-dropwizardmetrics3/src/main/java/org/apache/calcite/avatica/metrics/dropwizard3/DropwizardCounter.java,0,0,0.12102016615500097
1.9.0,avatica/metrics-dropwizardmetrics3/src/main/java/org/apache/calcite/avatica/metrics/dropwizard3/DropwizardGauge.java,0,0,0.12102016615500097
1.9.0,avatica/metrics-dropwizardmetrics3/src/main/java/org/apache/calcite/avatica/metrics/dropwizard3/DropwizardHistogram.java,0,0,0.12102016615500097
1.9.0,avatica/metrics-dropwizardmetrics3/src/main/java/org/apache/calcite/avatica/metrics/dropwizard3/DropwizardMeter.java,0,0,0.12102016615500097
1.9.0,avatica/metrics-dropwizardmetrics3/src/main/java/org/apache/calcite/avatica/metrics/dropwizard3/DropwizardMetricsSystem.java,0,0,0.12102016615500097
1.9.0,avatica/metrics-dropwizardmetrics3/src/main/java/org/apache/calcite/avatica/metrics/dropwizard3/DropwizardMetricsSystemConfiguration.java,0,0,0.12102016615500097
1.9.0,avatica/metrics-dropwizardmetrics3/src/main/java/org/apache/calcite/avatica/metrics/dropwizard3/DropwizardMetricsSystemFactory.java,0,1,0.5578784976766478
1.9.0,avatica/metrics-dropwizardmetrics3/src/main/java/org/apache/calcite/avatica/metrics/dropwizard3/DropwizardTimer.java,0,0,0.23397048633706818
1.9.0,avatica/noop-driver/src/main/java/org/apache/calcite/avatica/noop/AvaticaNoopConnection.java,0,0,1.1943857825719011e-08
1.9.0,avatica/noop-driver/src/main/java/org/apache/calcite/avatica/noop/AvaticaNoopDatabaseMetaData.java,0,0,0.20113212484810888
1.9.0,avatica/noop-driver/src/main/java/org/apache/calcite/avatica/noop/AvaticaNoopDriver.java,0,0,0.27462428183868676
1.9.0,avatica/noop-driver/src/main/java/org/apache/calcite/avatica/noop/AvaticaNoopParameterMetaData.java,0,0,0.16772179044236019
1.9.0,avatica/noop-driver/src/main/java/org/apache/calcite/avatica/noop/AvaticaNoopPreparedStatement.java,0,0,1.3564150892739275e-37
1.9.0,avatica/noop-driver/src/main/java/org/apache/calcite/avatica/noop/AvaticaNoopResultSet.java,0,0,2.1977010415257084e-56
1.9.0,avatica/noop-driver/src/main/java/org/apache/calcite/avatica/noop/AvaticaNoopResultSetMetaData.java,0,0,0.16772179044236019
1.9.0,avatica/noop-driver/src/main/java/org/apache/calcite/avatica/noop/AvaticaNoopStatement.java,0,0,1.1943857825719011e-08
1.9.0,avatica/noop-driver/src/main/java/org/apache/calcite/avatica/noop/PackageMarker.java,0,0,0.20407577013648653
1.9.0,avatica/standalone-server/src/main/java/org/apache/calcite/avatica/hsqldb/HsqldbServer.java,0,0,0.004886481884274978
1.9.0,avatica/tck/src/main/java/org/apache/calcite/avatica/tck/PackageMarker.java,0,0,0.000324854323785766
1.9.0,avatica/tck/src/main/java/org/apache/calcite/avatica/tck/TestRunner.java,0,0,9.445491880478048e-06
1.9.0,cassandra/src/main/java/org/apache/calcite/adapter/cassandra/CassandraEnumerator.java,1,0,0.08344178108908819
1.9.0,cassandra/src/main/java/org/apache/calcite/adapter/cassandra/CassandraFilter.java,0,0,0.09851776293018627
1.9.0,cassandra/src/main/java/org/apache/calcite/adapter/cassandra/CassandraLimit.java,0,0,0.2062836316571474
1.9.0,cassandra/src/main/java/org/apache/calcite/adapter/cassandra/CassandraMethod.java,0,0,0.27135731144872116
1.9.0,cassandra/src/main/java/org/apache/calcite/adapter/cassandra/CassandraProject.java,0,0,0.21895903515564322
1.9.0,cassandra/src/main/java/org/apache/calcite/adapter/cassandra/CassandraRel.java,0,1,0.5023931706511865
1.9.0,cassandra/src/main/java/org/apache/calcite/adapter/cassandra/CassandraRules.java,0,0,0.06496206071540676
1.9.0,cassandra/src/main/java/org/apache/calcite/adapter/cassandra/CassandraSchemaFactory.java,0,0,0.14355549460988015
1.9.0,cassandra/src/main/java/org/apache/calcite/adapter/cassandra/CassandraSort.java,0,0,0.26419598230095276
1.9.0,cassandra/src/main/java/org/apache/calcite/adapter/cassandra/CassandraTable.java,1,1,0.9996428319204362
1.9.0,cassandra/src/main/java/org/apache/calcite/adapter/cassandra/CassandraTableScan.java,0,0,0.2388471965984035
1.9.0,cassandra/src/main/java/org/apache/calcite/adapter/cassandra/CassandraToEnumerableConverter.java,0,0,0.2387645522277219
1.9.0,cassandra/src/main/java/org/apache/calcite/adapter/cassandra/CassandraToEnumerableConverterRule.java,0,0,0.1672280527940884
1.9.0,druid/src/main/java/org/apache/calcite/adapter/druid/DruidConnection.java,0,0,0.18758367256976965
1.9.0,druid/src/main/java/org/apache/calcite/adapter/druid/DruidResultEnumerator.java,0,0,0.18758367256976965
1.9.0,elasticsearch/src/main/java/org/apache/calcite/adapter/elasticsearch/ElasticsearchEnumerator.java,0,0,0.45667066690036423
1.9.0,elasticsearch/src/main/java/org/apache/calcite/adapter/elasticsearch/ElasticsearchFilter.java,0,0,0.0684035975714487
1.9.0,elasticsearch/src/main/java/org/apache/calcite/adapter/elasticsearch/ElasticsearchMethod.java,0,0,0.2345996732953925
1.9.0,elasticsearch/src/main/java/org/apache/calcite/adapter/elasticsearch/ElasticsearchProject.java,0,0,0.30374719250080773
1.9.0,elasticsearch/src/main/java/org/apache/calcite/adapter/elasticsearch/ElasticsearchRel.java,0,0,0.2626276397680208
1.9.0,elasticsearch/src/main/java/org/apache/calcite/adapter/elasticsearch/ElasticsearchRules.java,0,1,0.7239419775064063
1.9.0,elasticsearch/src/main/java/org/apache/calcite/adapter/elasticsearch/ElasticsearchSchema.java,0,0,0.4151670444068141
1.9.0,elasticsearch/src/main/java/org/apache/calcite/adapter/elasticsearch/ElasticsearchSchemaFactory.java,0,0,0.175653547785182
1.9.0,elasticsearch/src/main/java/org/apache/calcite/adapter/elasticsearch/ElasticsearchSort.java,0,0,0.30043946972875857
1.9.0,elasticsearch/src/main/java/org/apache/calcite/adapter/elasticsearch/ElasticsearchTable.java,0,1,0.6316792973509799
1.9.0,elasticsearch/src/main/java/org/apache/calcite/adapter/elasticsearch/ElasticsearchTableScan.java,0,0,0.292260947213504
1.9.0,elasticsearch/src/main/java/org/apache/calcite/adapter/elasticsearch/ElasticsearchToEnumerableConverter.java,0,0,0.3031526678041202
1.9.0,elasticsearch/src/main/java/org/apache/calcite/adapter/elasticsearch/ElasticsearchToEnumerableConverterRule.java,0,0,0.18450453975592396
1.9.0,mongodb/src/main/java/org/apache/calcite/adapter/mongodb/MongoAggregate.java,0,1,0.7638104285038999
1.9.0,mongodb/src/main/java/org/apache/calcite/adapter/mongodb/MongoEnumerator.java,0,0,0.3371502625113553
1.9.0,mongodb/src/main/java/org/apache/calcite/adapter/mongodb/MongoFilter.java,0,0,0.024158078210065756
1.9.0,mongodb/src/main/java/org/apache/calcite/adapter/mongodb/MongoMethod.java,0,0,0.1838613473956978
1.9.0,mongodb/src/main/java/org/apache/calcite/adapter/mongodb/MongoProject.java,0,0,0.1838613473956978
1.9.0,mongodb/src/main/java/org/apache/calcite/adapter/mongodb/MongoRel.java,0,0,0.19734120607728778
1.9.0,mongodb/src/main/java/org/apache/calcite/adapter/mongodb/MongoRules.java,0,0,0.24405301856121792
1.9.0,mongodb/src/main/java/org/apache/calcite/adapter/mongodb/MongoSchema.java,0,0,0.22463364199388577
1.9.0,mongodb/src/main/java/org/apache/calcite/adapter/mongodb/MongoSchemaFactory.java,0,0,0.12876571490885427
1.9.0,mongodb/src/main/java/org/apache/calcite/adapter/mongodb/MongoSort.java,0,1,0.59144723577355
1.9.0,mongodb/src/main/java/org/apache/calcite/adapter/mongodb/MongoTable.java,0,0,0.36177160173965955
1.9.0,mongodb/src/main/java/org/apache/calcite/adapter/mongodb/MongoTableScan.java,0,0,0.2167243136387737
1.9.0,mongodb/src/main/java/org/apache/calcite/adapter/mongodb/MongoToEnumerableConverter.java,0,0,0.14162612842683017
1.9.0,mongodb/src/main/java/org/apache/calcite/adapter/mongodb/MongoToEnumerableConverterRule.java,0,0,0.15042777881835515
1.9.0,plus/src/main/java/org/apache/calcite/adapter/tpcds/TpcdsSchema.java,0,0,0.05513295439175015
1.9.0,plus/src/main/java/org/apache/calcite/adapter/tpcds/TpcdsSchemaFactory.java,0,0,0.30584242110874216
1.9.0,plus/src/main/java/org/apache/calcite/adapter/tpch/TpchSchema.java,0,0,0.007863149275653555
1.9.0,plus/src/main/java/org/apache/calcite/adapter/tpch/TpchSchemaFactory.java,0,0,0.12876571490885427
1.9.0,spark/src/main/java/org/apache/calcite/adapter/spark/EnumerableToSparkConverter.java,0,1,0.5538706761827832
1.9.0,spark/src/main/java/org/apache/calcite/adapter/spark/EnumerableToSparkConverterRule.java,0,0,0.15042777881835515
1.9.0,spark/src/main/java/org/apache/calcite/adapter/spark/HttpServer.java,0,0,0.019257958968094673
1.9.0,spark/src/main/java/org/apache/calcite/adapter/spark/JdbcToSparkConverter.java,0,0,0.19895758867092
1.9.0,spark/src/main/java/org/apache/calcite/adapter/spark/JdbcToSparkConverterRule.java,0,0,0.1838613473956978
1.9.0,spark/src/main/java/org/apache/calcite/adapter/spark/SparkHandlerImpl.java,0,0,2.782553390399052e-05
1.9.0,spark/src/main/java/org/apache/calcite/adapter/spark/SparkMethod.java,0,0,0.25258924046048153
1.9.0,spark/src/main/java/org/apache/calcite/adapter/spark/SparkRel.java,0,0,0.17639367449308072
1.9.0,spark/src/main/java/org/apache/calcite/adapter/spark/SparkToEnumerableConverter.java,0,0,0.1942171345471814
1.9.0,splunk/src/main/java/org/apache/calcite/adapter/splunk/SplunkDriver.java,0,0,0.07616577843411279
1.9.0,splunk/src/main/java/org/apache/calcite/adapter/splunk/SplunkDriverVersion.java,0,0,0.10862732056375819
1.9.0,splunk/src/main/java/org/apache/calcite/adapter/splunk/SplunkQuery.java,0,0,0.1838613473956978
1.9.0,splunk/src/main/java/org/apache/calcite/adapter/splunk/SplunkSchema.java,0,0,0.1838613473956978
1.9.0,splunk/src/main/java/org/apache/calcite/adapter/splunk/SplunkTable.java,0,0,0.1838613473956978
1.9.0,splunk/src/main/java/org/apache/calcite/adapter/splunk/SplunkTableScan.java,0,0,0.27581698555958745
1.9.0,splunk/src/main/java/org/apache/calcite/adapter/splunk/search/SearchResultListener.java,0,0,0.21963825387168256
1.9.0,splunk/src/main/java/org/apache/calcite/adapter/splunk/search/SplunkConnection.java,0,0,0.1838613473956978
1.9.0,splunk/src/main/java/org/apache/calcite/adapter/splunk/search/SplunkConnectionImpl.java,1,0,0.3810732906607345
1.9.0,splunk/src/main/java/org/apache/calcite/adapter/splunk/util/StringUtils.java,0,0,0.009560546747086772
1.9.0,piglet/src/main/java/org/apache/calcite/piglet/Ast.java,1,1,0.9966358175806243
1.9.0,piglet/src/main/java/org/apache/calcite/piglet/Handler.java,0,0,0.07941292973210504
1.9.0,linq4j/src/main/java/org/apache/calcite/linq4j/AbstractEnumerable.java,0,0,0.10862732056375819
1.9.0,linq4j/src/main/java/org/apache/calcite/linq4j/AbstractEnumerable2.java,0,0,0.10862732056375819
1.9.0,linq4j/src/main/java/org/apache/calcite/linq4j/AbstractQueryable.java,0,0,0.0015309223732991861
1.9.0,linq4j/src/main/java/org/apache/calcite/linq4j/BaseQueryable.java,0,0,0.0021199120381444375
1.9.0,linq4j/src/main/java/org/apache/calcite/linq4j/CartesianProductEnumerator.java,0,0,0.11641041417079177
1.9.0,linq4j/src/main/java/org/apache/calcite/linq4j/CorrelateJoinType.java,0,0,0.10936804844507128
1.9.0,linq4j/src/main/java/org/apache/calcite/linq4j/DefaultQueryable.java,0,0,0.19740756545471322
1.9.0,linq4j/src/main/java/org/apache/calcite/linq4j/DelegatingEnumerator.java,0,0,0.1960981753769274
1.9.0,linq4j/src/main/java/org/apache/calcite/linq4j/Enumerable.java,0,0,0.1838613473956978
1.9.0,linq4j/src/main/java/org/apache/calcite/linq4j/EnumerableOrderedQueryable.java,0,0,0.1838613473956978
1.9.0,linq4j/src/main/java/org/apache/calcite/linq4j/EnumerableQueryable.java,0,0,0.18622007476527788
1.9.0,linq4j/src/main/java/org/apache/calcite/linq4j/Enumerator.java,0,0,0.1838613473956978
1.9.0,linq4j/src/main/java/org/apache/calcite/linq4j/ExtendedOrderedEnumerable.java,0,0,0.1838613473956978
1.9.0,linq4j/src/main/java/org/apache/calcite/linq4j/ExtendedOrderedQueryable.java,0,0,0.1838613473956978
1.9.0,linq4j/src/main/java/org/apache/calcite/linq4j/ExtendedQueryable.java,0,0,0.0013498274216269257
1.9.0,linq4j/src/main/java/org/apache/calcite/linq4j/Extensions.java,0,0,0.3118423769968648
1.9.0,linq4j/src/main/java/org/apache/calcite/linq4j/Grouping.java,0,0,0.1838613473956978
1.9.0,linq4j/src/main/java/org/apache/calcite/linq4j/GroupingImpl.java,0,0,0.20769620917551646
1.9.0,linq4j/src/main/java/org/apache/calcite/linq4j/Linq4j.java,0,0,7.912520745426602e-06
1.9.0,linq4j/src/main/java/org/apache/calcite/linq4j/Lookup.java,0,0,0.1838613473956978
1.9.0,linq4j/src/main/java/org/apache/calcite/linq4j/LookupImpl.java,0,0,0.3052713630598981
1.9.0,linq4j/src/main/java/org/apache/calcite/linq4j/OpType.java,0,0,0.1838613473956978
1.9.0,linq4j/src/main/java/org/apache/calcite/linq4j/Ord.java,0,0,0.2541419743618023
1.9.0,linq4j/src/main/java/org/apache/calcite/linq4j/OrderedEnumerable.java,0,0,0.1838613473956978
1.9.0,linq4j/src/main/java/org/apache/calcite/linq4j/OrderedQueryable.java,0,0,0.1838613473956978
1.9.0,linq4j/src/main/java/org/apache/calcite/linq4j/PackageMarker.java,0,0,0.18607888308954523
1.9.0,linq4j/src/main/java/org/apache/calcite/linq4j/Queryable.java,0,0,0.1838613473956978
1.9.0,linq4j/src/main/java/org/apache/calcite/linq4j/QueryableDefaults.java,0,0,0.12374753914959108
1.9.0,linq4j/src/main/java/org/apache/calcite/linq4j/QueryableFactory.java,0,0,0.1838613473956978
1.9.0,linq4j/src/main/java/org/apache/calcite/linq4j/QueryableRecorder.java,0,0,0.14107572231710674
1.9.0,linq4j/src/main/java/org/apache/calcite/linq4j/QueryProvider.java,0,0,0.1838613473956978
1.9.0,linq4j/src/main/java/org/apache/calcite/linq4j/QueryProviderImpl.java,0,1,0.5292657975336041
1.9.0,linq4j/src/main/java/org/apache/calcite/linq4j/RawEnumerable.java,0,0,0.1838613473956978
1.9.0,linq4j/src/main/java/org/apache/calcite/linq4j/RawQueryable.java,0,0,0.1838613473956978
1.9.0,linq4j/src/main/java/org/apache/calcite/linq4j/TransformedEnumerator.java,0,0,0.11750021280872526
1.9.0,linq4j/src/main/java/org/apache/calcite/linq4j/function/BigDecimalFunction1.java,0,0,0.0012008074953776128
1.9.0,linq4j/src/main/java/org/apache/calcite/linq4j/function/Deterministic.java,0,0,0.1838613473956978
1.9.0,linq4j/src/main/java/org/apache/calcite/linq4j/function/DoubleFunction1.java,0,0,0.0013498274216269257
1.9.0,linq4j/src/main/java/org/apache/calcite/linq4j/function/EqualityComparer.java,0,0,0.1838613473956978
1.9.0,linq4j/src/main/java/org/apache/calcite/linq4j/function/FloatFunction1.java,0,0,0.0013498274216269257
1.9.0,linq4j/src/main/java/org/apache/calcite/linq4j/function/Function.java,0,0,0.1779285813550517
1.9.0,linq4j/src/main/java/org/apache/calcite/linq4j/function/Function0.java,0,0,0.1838613473956978
1.9.0,linq4j/src/main/java/org/apache/calcite/linq4j/function/Function1.java,0,0,0.0007306353739485932
1.9.0,linq4j/src/main/java/org/apache/calcite/linq4j/function/Function2.java,0,0,1.1652271225667342e-05
1.9.0,linq4j/src/main/java/org/apache/calcite/linq4j/function/Functions.java,0,0,4.7489110437612034e-07
1.9.0,linq4j/src/main/java/org/apache/calcite/linq4j/function/IntegerFunction1.java,0,0,0.0013498274216269257
1.9.0,linq4j/src/main/java/org/apache/calcite/linq4j/function/LongFunction1.java,0,0,0.0013498274216269257
1.9.0,linq4j/src/main/java/org/apache/calcite/linq4j/function/NonDeterministic.java,0,0,0.1838613473956978
1.9.0,linq4j/src/main/java/org/apache/calcite/linq4j/function/NullableBigDecimalFunction1.java,0,0,0.0013498274216269257
1.9.0,linq4j/src/main/java/org/apache/calcite/linq4j/function/NullableDoubleFunction1.java,0,0,0.0013498274216269257
1.9.0,linq4j/src/main/java/org/apache/calcite/linq4j/function/NullableFloatFunction1.java,0,0,0.0013498274216269257
1.9.0,linq4j/src/main/java/org/apache/calcite/linq4j/function/NullableIntegerFunction1.java,0,0,0.0013498274216269257
1.9.0,linq4j/src/main/java/org/apache/calcite/linq4j/function/NullableLongFunction1.java,0,0,0.0013498274216269257
1.9.0,linq4j/src/main/java/org/apache/calcite/linq4j/function/Parameter.java,0,0,0.19868750087313022
1.9.0,linq4j/src/main/java/org/apache/calcite/linq4j/function/Predicate1.java,0,0,0.0007306353739485932
1.9.0,linq4j/src/main/java/org/apache/calcite/linq4j/function/Predicate2.java,0,0,6.7331828023317915e-06
1.9.0,linq4j/src/main/java/org/apache/calcite/linq4j/tree/AbstractNode.java,0,0,0.39031748388002363
1.9.0,linq4j/src/main/java/org/apache/calcite/linq4j/tree/ArrayLengthRecordField.java,0,0,0.24689872670285612
1.9.0,linq4j/src/main/java/org/apache/calcite/linq4j/tree/BinaryExpression.java,0,0,0.012164454264525608
1.9.0,linq4j/src/main/java/org/apache/calcite/linq4j/tree/BlockBuilder.java,0,0,0.20864087202617088
1.9.0,linq4j/src/main/java/org/apache/calcite/linq4j/tree/Blocks.java,0,0,0.23409246954424684
1.9.0,linq4j/src/main/java/org/apache/calcite/linq4j/tree/BlockStatement.java,0,0,0.3840892669792538
1.9.0,linq4j/src/main/java/org/apache/calcite/linq4j/tree/CallSiteBinder.java,0,0,0.1838613473956978
1.9.0,linq4j/src/main/java/org/apache/calcite/linq4j/tree/CatchBlock.java,0,0,0.17584080706586708
1.9.0,linq4j/src/main/java/org/apache/calcite/linq4j/tree/ClassDeclaration.java,0,1,0.9052280965607099
1.9.0,linq4j/src/main/java/org/apache/calcite/linq4j/tree/ClassDeclarationFinder.java,0,0,0.4572155433311538
1.9.0,linq4j/src/main/java/org/apache/calcite/linq4j/tree/ConditionalExpression.java,0,0,0.07273078506708876
1.9.0,linq4j/src/main/java/org/apache/calcite/linq4j/tree/ConditionalStatement.java,0,0,0.3165687825635787
1.9.0,linq4j/src/main/java/org/apache/calcite/linq4j/tree/ConstantExpression.java,0,0,0.378512460491906
1.9.0,linq4j/src/main/java/org/apache/calcite/linq4j/tree/ConstantUntypedNull.java,0,0,0.4843148558490312
1.9.0,linq4j/src/main/java/org/apache/calcite/linq4j/tree/ConstructorDeclaration.java,0,0,0.0980273272952314
1.9.0,linq4j/src/main/java/org/apache/calcite/linq4j/tree/DeclarationStatement.java,0,0,0.32645242954971565
1.9.0,linq4j/src/main/java/org/apache/calcite/linq4j/tree/DefaultExpression.java,0,0,0.1838613473956978
1.9.0,linq4j/src/main/java/org/apache/calcite/linq4j/tree/DeterministicCodeOptimizer.java,0,0,0.49640946303440975
1.9.0,linq4j/src/main/java/org/apache/calcite/linq4j/tree/DynamicExpression.java,0,0,0.1838613473956978
1.9.0,linq4j/src/main/java/org/apache/calcite/linq4j/tree/ElementInit.java,0,0,0.1838613473956978
1.9.0,linq4j/src/main/java/org/apache/calcite/linq4j/tree/Evaluator.java,0,0,0.22218609716251403
1.9.0,linq4j/src/main/java/org/apache/calcite/linq4j/tree/Expression.java,0,1,0.607523055414656
1.9.0,linq4j/src/main/java/org/apache/calcite/linq4j/tree/Expressions.java,0,0,0.04255217295474696
1.9.0,linq4j/src/main/java/org/apache/calcite/linq4j/tree/ExpressionType.java,0,1,0.527602297021863
1.9.0,linq4j/src/main/java/org/apache/calcite/linq4j/tree/ExpressionVisitor.java,0,0,0.1838613473956978
1.9.0,linq4j/src/main/java/org/apache/calcite/linq4j/tree/ExpressionWriter.java,0,0,0.17770245486803585
1.9.0,linq4j/src/main/java/org/apache/calcite/linq4j/tree/FieldDeclaration.java,0,0,0.26219579856587394
1.9.0,linq4j/src/main/java/org/apache/calcite/linq4j/tree/ForStatement.java,0,0,0.12898954719068426
1.9.0,linq4j/src/main/java/org/apache/calcite/linq4j/tree/FunctionExpression.java,0,0,0.4506340389010609
1.9.0,linq4j/src/main/java/org/apache/calcite/linq4j/tree/GotoExpressionKind.java,0,0,0.10862732056375819
1.9.0,linq4j/src/main/java/org/apache/calcite/linq4j/tree/GotoStatement.java,0,1,0.512831296746689
1.9.0,linq4j/src/main/java/org/apache/calcite/linq4j/tree/IndexExpression.java,0,0,0.26036146536038596
1.9.0,linq4j/src/main/java/org/apache/calcite/linq4j/tree/InvocationExpression.java,0,0,0.1838613473956978
1.9.0,linq4j/src/main/java/org/apache/calcite/linq4j/tree/LabelStatement.java,0,0,0.058777447805417424
1.9.0,linq4j/src/main/java/org/apache/calcite/linq4j/tree/LabelTarget.java,0,0,0.11660362837683866
1.9.0,linq4j/src/main/java/org/apache/calcite/linq4j/tree/LambdaExpression.java,0,0,0.19400957346269618
1.9.0,linq4j/src/main/java/org/apache/calcite/linq4j/tree/ListInitExpression.java,0,0,0.1838613473956978
1.9.0,linq4j/src/main/java/org/apache/calcite/linq4j/tree/MemberAssignment.java,0,0,0.17079240690218522
1.9.0,linq4j/src/main/java/org/apache/calcite/linq4j/tree/MemberBinding.java,0,0,0.1838613473956978
1.9.0,linq4j/src/main/java/org/apache/calcite/linq4j/tree/MemberDeclaration.java,0,0,0.10862732056375819
1.9.0,linq4j/src/main/java/org/apache/calcite/linq4j/tree/MemberExpression.java,0,1,0.5234128262501337
1.9.0,linq4j/src/main/java/org/apache/calcite/linq4j/tree/MemberInitExpression.java,0,0,0.1838613473956978
1.9.0,linq4j/src/main/java/org/apache/calcite/linq4j/tree/MemberListBinding.java,0,0,0.1838613473956978
1.9.0,linq4j/src/main/java/org/apache/calcite/linq4j/tree/MemberMemberBinding.java,0,0,0.17079240690218522
1.9.0,linq4j/src/main/java/org/apache/calcite/linq4j/tree/MethodCallExpression.java,0,0,0.3874721610538783
1.9.0,linq4j/src/main/java/org/apache/calcite/linq4j/tree/MethodDeclaration.java,0,0,0.35744907708789864
1.9.0,linq4j/src/main/java/org/apache/calcite/linq4j/tree/NewArrayExpression.java,0,0,0.18339506552039592
1.9.0,linq4j/src/main/java/org/apache/calcite/linq4j/tree/NewExpression.java,0,0,0.10868656340368602
1.9.0,linq4j/src/main/java/org/apache/calcite/linq4j/tree/Node.java,0,0,0.07641031890957055
1.9.0,linq4j/src/main/java/org/apache/calcite/linq4j/tree/OptimizeVisitor.java,0,1,0.6390672931277731
1.9.0,linq4j/src/main/java/org/apache/calcite/linq4j/tree/ParameterExpression.java,0,1,0.6163885140583987
1.9.0,linq4j/src/main/java/org/apache/calcite/linq4j/tree/Primitive.java,0,0,0.049085643386649
1.9.0,linq4j/src/main/java/org/apache/calcite/linq4j/tree/PseudoField.java,0,0,0.1838613473956978
1.9.0,linq4j/src/main/java/org/apache/calcite/linq4j/tree/ReflectedPseudoField.java,0,0,0.3641988606581963
1.9.0,linq4j/src/main/java/org/apache/calcite/linq4j/tree/Statement.java,0,1,0.6133474460774277
1.9.0,linq4j/src/main/java/org/apache/calcite/linq4j/tree/SwitchCase.java,0,0,0.16693126032663297
1.9.0,linq4j/src/main/java/org/apache/calcite/linq4j/tree/SwitchStatement.java,0,0,0.1838613473956978
1.9.0,linq4j/src/main/java/org/apache/calcite/linq4j/tree/TernaryExpression.java,0,0,0.2270088886852147
1.9.0,linq4j/src/main/java/org/apache/calcite/linq4j/tree/ThrowStatement.java,0,0,0.12749468553676124
1.9.0,linq4j/src/main/java/org/apache/calcite/linq4j/tree/TryStatement.java,0,0,0.09602307346091513
1.9.0,linq4j/src/main/java/org/apache/calcite/linq4j/tree/TypeBinaryExpression.java,0,0,0.3037198684153787
1.9.0,linq4j/src/main/java/org/apache/calcite/linq4j/tree/Types.java,0,1,0.548872406193406
1.9.0,linq4j/src/main/java/org/apache/calcite/linq4j/tree/UnaryExpression.java,0,1,0.7508510670280506
1.9.0,linq4j/src/main/java/org/apache/calcite/linq4j/tree/Visitor.java,0,0,0.23698979980925425
1.9.0,linq4j/src/main/java/org/apache/calcite/linq4j/tree/WhileStatement.java,0,0,0.0629589632185756
1.9.0,ubenchmark/src/main/java/org/apache/calcite/benchmarks/FlightRecorderProfiler.java,0,0,0.06705130606903703
1.9.0,ubenchmark/src/main/java/org/apache/calcite/benchmarks/ParserBenchmark.java,0,0,0.0008939729780949734
1.9.0,ubenchmark/src/main/java/org/apache/calcite/benchmarks/PreconditionTest.java,0,0,0.36828118858243913
1.9.0,ubenchmark/src/main/java/org/apache/calcite/benchmarks/StatementTest.java,0,0,2.588905410244387e-05
1.9.0,core/src/main/java/org/apache/calcite/rel/rules/AggregateExpandDistinctAggregatesRule.java,1,1,0.8773379195457297
1.9.0,core/src/main/java/org/apache/calcite/rex/RexUtil.java,1,1,0.9999994313538664
1.9.0,core/src/main/java/org/apache/calcite/plan/volcano/RuleQueue.java,0,0,0.03835235408255576
1.9.0,core/src/main/java/org/apache/calcite/plan/volcano/VolcanoPlanner.java,0,1,0.9970607329819976
1.9.0,core/src/main/java/org/apache/calcite/rel/metadata/RelMdPredicates.java,1,1,0.9996439983805794
1.9.0,core/src/main/java/org/apache/calcite/rel/rules/LoptSemiJoinOptimizer.java,0,0,0.2464640267251633
1.9.0,core/src/main/java/org/apache/calcite/sql/type/SqlTypeFactoryImpl.java,0,1,0.8777772745353852
1.9.0,core/src/main/java/org/apache/calcite/sql/SqlLateralOperator.java,0,1,0.651717990929999
1.9.0,core/src/main/java/org/apache/calcite/sql/SqlPrefixOperator.java,0,0,0.3274456803844502
1.9.0,core/src/main/java/org/apache/calcite/sql/SqlSpecialOperator.java,0,0,0.116069455171571
1.9.0,core/src/main/java/org/apache/calcite/util/PrecedenceClimbingParser.java,0,1,0.9778078546812291
1.9.0,core/src/main/java/org/apache/calcite/util/Util.java,0,0,0.06363369131805316
1.9.0,core/src/main/java/org/apache/calcite/sql/fun/SqlStdOperatorTable.java,0,1,0.8299307918207
1.9.0,core/src/main/java/org/apache/calcite/sql/fun/SqlBetweenOperator.java,0,1,0.7096904355330631
1.9.0,core/src/main/java/org/apache/calcite/sql/validate/TableScope.java,0,1,0.7423825366314643
1.9.0,core/src/main/java/org/apache/calcite/sql/fun/SqlItemOperator.java,0,1,0.5453936121335196
1.9.0,core/src/main/java/org/apache/calcite/sql/fun/SqlLikeOperator.java,0,1,0.5364694640560769
1.9.0,core/src/main/java/org/apache/calcite/sql/parser/SqlParserUtil.java,0,0,0.010332423236093492
1.9.0,core/src/main/java/org/apache/calcite/jdbc/CalciteMetaImpl.java,1,1,0.9010460316679002
1.9.0,druid/src/main/java/org/apache/calcite/adapter/druid/DruidDateTimeUtils.java,1,1,0.9988578409197912
1.9.0,druid/src/main/java/org/apache/calcite/adapter/druid/DruidQuery.java,1,1,0.9788862377254176
1.9.0,druid/src/main/java/org/apache/calcite/adapter/druid/DruidRules.java,0,0,0.20568172449270875
1.9.0,druid/src/main/java/org/apache/calcite/adapter/druid/DruidTable.java,1,1,0.7932350516951477
1.9.0,core/src/main/java/org/apache/calcite/rex/RexBuilder.java,0,1,0.8971231660467789
1.9.0,core/src/main/java/org/apache/calcite/interpreter/AggregateNode.java,1,1,0.7770230124116103
1.9.0,core/src/main/java/org/apache/calcite/schema/impl/AggregateFunctionImpl.java,0,1,0.552193186165276
1.9.0,avatica/core/src/main/java/org/apache/calcite/avatica/BuiltInConnectionProperty.java,0,1,0.6843260214249877
1.9.0,avatica/core/src/main/java/org/apache/calcite/avatica/ConnectionConfig.java,0,1,0.5051196653738049
1.9.0,avatica/core/src/main/java/org/apache/calcite/avatica/ConnectionConfigImpl.java,0,1,0.7901951365101983
1.9.0,avatica/core/src/main/java/org/apache/calcite/avatica/remote/AvaticaRemoteConnectionProperty.java,0,0,0.08501986311649527
1.9.0,core/src/main/java/org/apache/calcite/runtime/HttpUtils.java,1,1,0.7734732613246809
1.9.0,core/src/main/java/org/apache/calcite/runtime/SqlFunctions.java,1,1,0.9999166765448266
1.9.0,core/src/main/java/org/apache/calcite/sql/SqlLiteral.java,1,1,0.5659255122514361
1.9.0,core/src/main/java/org/apache/calcite/sql2rel/StandardConvertletTable.java,1,1,0.8303499040300713
1.9.0,core/src/main/java/org/apache/calcite/adapter/enumerable/RexImpTable.java,1,1,0.9979476282446368
1.9.0,core/src/main/java/org/apache/calcite/sql/fun/SqlTimestampAddFunction.java,0,0,0.46238463822047465
1.9.0,core/src/main/java/org/apache/calcite/sql/fun/SqlTimestampDiffFunction.java,0,0,0.18892500938758786
1.9.0,core/src/main/java/org/apache/calcite/plan/VisitorDataContext.java,0,0,0.186182592474997
1.9.0,core/src/main/java/org/apache/calcite/sql/SqlDescribeSchema.java,0,1,0.6224648670619513
1.9.0,core/src/main/java/org/apache/calcite/sql/SqlDescribeTable.java,0,1,0.6607210217102797
1.9.0,core/src/main/java/org/apache/calcite/rel/core/RelFactories.java,0,1,0.5388771522486211
1.9.0,core/src/main/java/org/apache/calcite/rel/rel2sql/SqlImplementor.java,1,1,0.9977723250001085
1.9.0,avatica/core/src/main/java/org/apache/calcite/avatica/AvaticaConnection.java,0,0,0.016222154467019786
1.9.0,avatica/core/src/main/java/org/apache/calcite/avatica/AvaticaResultSet.java,0,0,0.2669736891669017
1.9.0,avatica/core/src/main/java/org/apache/calcite/avatica/AvaticaStatement.java,0,0,0.0013120694146250566
1.9.0,avatica/core/src/main/java/org/apache/calcite/avatica/AvaticaUtils.java,0,0,2.3167960869555676e-14
1.9.0,avatica/core/src/main/java/org/apache/calcite/avatica/ConnectionProperty.java,0,1,0.9164614572677046
1.9.0,avatica/core/src/main/java/org/apache/calcite/avatica/remote/AvaticaCommonsHttpClientImpl.java,0,0,0.10549833011548573
1.9.0,core/src/main/java/org/apache/calcite/sql/SqlAggFunction.java,0,0,0.37684401082892155
1.9.0,core/src/main/java/org/apache/calcite/sql/SqlOperator.java,0,1,0.5979609382301292
1.9.0,core/src/main/java/org/apache/calcite/sql/validate/AggChecker.java,0,1,0.5384544060431138
1.9.0,core/src/main/java/org/apache/calcite/sql/validate/AggFinder.java,0,1,0.7767632470057894
1.9.0,core/src/main/java/org/apache/calcite/jdbc/JavaTypeFactoryImpl.java,1,1,0.7665776889761146
1.9.0,core/src/main/java/org/apache/calcite/rex/RexLiteral.java,0,0,0.055318189200386274
1.9.0,core/src/main/java/org/apache/calcite/sql/SqlIntervalQualifier.java,1,1,0.9845988559763063
1.9.0,core/src/main/java/org/apache/calcite/sql2rel/SqlNodeToRexConverterImpl.java,0,1,0.8674272797525368
1.9.0,core/src/main/java/org/apache/calcite/adapter/enumerable/RexToLixTranslator.java,0,1,0.981475377334167
1.9.0,core/src/main/java/org/apache/calcite/rel/metadata/RelMdSize.java,0,0,0.13419227033447734
1.9.0,core/src/main/java/org/apache/calcite/rel/type/RelDataTypeSystemImpl.java,0,0,0.2229314386173365
1.9.0,core/src/main/java/org/apache/calcite/sql/type/IntervalSqlType.java,0,1,0.6495243874887668
1.9.0,core/src/main/java/org/apache/calcite/sql/type/MatchReturnTypeInference.java,0,1,0.6415744276377214
1.9.0,core/src/main/java/org/apache/calcite/sql/type/SqlTypeAssignmentRules.java,0,0,0.00441904952338716
1.9.0,core/src/main/java/org/apache/calcite/sql/type/SqlTypeExplicitPrecedenceList.java,1,1,0.7673097055408472
1.9.0,core/src/main/java/org/apache/calcite/sql/type/SqlTypeFamily.java,0,0,0.09714508662388342
1.9.0,core/src/main/java/org/apache/calcite/sql/type/SqlTypeName.java,0,0,1.173293963281526e-22
1.9.0,core/src/main/java/org/apache/calcite/sql/type/SqlTypeUtil.java,1,1,0.732606771357281
1.9.0,core/src/main/java/org/apache/calcite/DataContext.java,0,1,0.5481047933135883
1.9.0,core/src/main/java/org/apache/calcite/jdbc/CalciteConnectionImpl.java,1,0,0.3096062750226883
1.9.0,core/src/main/java/org/apache/calcite/jdbc/CalciteResultSet.java,1,0,0.3505568699214486
1.9.0,core/src/main/java/org/apache/calcite/plan/AbstractRelOptPlanner.java,0,0,0.0008134872697038311
1.9.0,core/src/main/java/org/apache/calcite/plan/RelOptPlanner.java,0,0,0.05000646666853044
1.9.0,core/src/main/java/org/apache/calcite/util/CancelFlag.java,0,0,0.22135387706000417
1.9.0,core/src/main/java/org/apache/calcite/sql/SqlFunctionCategory.java,0,1,1.0
1.9.0,core/src/main/java/org/apache/calcite/sql/SqlUtil.java,0,1,0.5663543087955234
1.9.0,core/src/main/java/org/apache/calcite/sql2rel/RelStructuredTypeFlattener.java,0,0,0.41393032061779017
1.9.0,core/src/main/java/org/apache/calcite/rel/externalize/RelJson.java,0,0,0.23438881569156794
1.9.0,core/src/main/java/org/apache/calcite/sql/parser/SqlAbstractParserImpl.java,0,0,0.010129691327794722
1.9.0,core/src/main/java/org/apache/calcite/sql/util/ListSqlOperatorTable.java,0,1,0.5504850873363627
1.9.0,core/src/main/java/org/apache/calcite/sql/validate/SqlUserDefinedFunction.java,0,0,0.14827582446399706
1.9.0,core/src/main/java/org/apache/calcite/sql/validate/SqlUserDefinedTableFunction.java,0,0,0.13246611435350078
1.9.0,core/src/main/java/org/apache/calcite/prepare/RelOptTableImpl.java,0,1,0.7388756909825451
1.9.0,core/src/main/java/org/apache/calcite/rel/stream/StreamRules.java,0,0,0.34321899099704334
1.9.0,core/src/main/java/org/apache/calcite/util/Compatible.java,0,0,0.42727126559857853
1.9.0,core/src/main/java/org/apache/calcite/plan/RelOptTable.java,0,0,0.1460557236524658
1.9.0,core/src/main/java/org/apache/calcite/prepare/CalcitePrepareImpl.java,0,1,0.897984815408068
1.9.0,core/src/main/java/org/apache/calcite/prepare/LixToRelTranslator.java,0,1,0.6690387509222877
1.9.0,core/src/main/java/org/apache/calcite/prepare/PlannerImpl.java,0,1,0.7580029871151339
1.9.0,core/src/main/java/org/apache/calcite/prepare/Prepare.java,1,1,0.9779811104504051
1.9.0,core/src/main/java/org/apache/calcite/schema/impl/MaterializedViewTable.java,0,0,0.3427124594663183
1.9.0,core/src/main/java/org/apache/calcite/schema/impl/ViewTable.java,0,0,0.3011802798216737
1.9.0,cassandra/src/main/java/org/apache/calcite/adapter/cassandra/CassandraSchema.java,1,0,0.29453954953407824
1.9.0,core/src/main/java/org/apache/calcite/model/ModelHandler.java,0,1,0.7492476690718519
1.9.0,core/src/main/java/org/apache/calcite/tools/RelBuilder.java,1,1,0.7768882160335162
1.9.0,core/src/main/java/org/apache/calcite/rel/rules/ProjectFilterTransposeRule.java,0,1,0.5618467014325581
1.9.0,core/src/main/java/org/apache/calcite/rel/rules/ProjectJoinTransposeRule.java,0,1,0.7291625402534336
1.9.0,core/src/main/java/org/apache/calcite/rel/rules/ProjectSetOpTransposeRule.java,0,0,0.46646132166020865
1.9.0,core/src/main/java/org/apache/calcite/rel/rules/PushProjector.java,0,0,0.02749811031314667
1.9.0,avatica/server/src/main/java/org/apache/calcite/avatica/server/HttpServer.java,0,0,0.40179360184812285
1.9.0,core/src/main/java/org/apache/calcite/sql/SqlDialect.java,0,0,0.00033173583072843943
1.9.0,core/src/main/java/org/apache/calcite/adapter/jdbc/JdbcImplementor.java,0,0,0.23365218788354478
1.9.0,core/src/main/java/org/apache/calcite/adapter/jdbc/JdbcTableScan.java,0,0,0.4923997211342085
1.9.0,core/src/main/java/org/apache/calcite/rel/rel2sql/RelToSqlConverter.java,1,0,0.1985405262530692
1.9.0,core/src/main/java/org/apache/calcite/interpreter/BindableConvention.java,0,0,0.2706893375458327
1.9.0,core/src/main/java/org/apache/calcite/interpreter/InterpretableConvention.java,0,0,0.07030249308334059
1.9.0,core/src/main/java/org/apache/calcite/plan/Convention.java,0,0,0.14738725304038675
1.9.0,core/src/main/java/org/apache/calcite/plan/ConventionTraitDef.java,1,1,0.8957241505490484
1.9.0,core/src/main/java/org/apache/calcite/plan/RelTraitDef.java,0,0,0.007790770161774806
1.9.0,core/src/main/java/org/apache/calcite/rel/RelCollationTraitDef.java,0,0,0.2774143291665702
1.9.0,core/src/main/java/org/apache/calcite/adapter/enumerable/EnumerableConvention.java,0,0,0.35429170932911236
1.9.0,core/src/main/java/org/apache/calcite/plan/volcano/RelSet.java,0,1,0.9565888930144671
1.9.0,core/src/main/java/org/apache/calcite/sql/fun/SqlExtractFunction.java,0,1,0.771700149647547
1.9.0,core/src/main/java/org/apache/calcite/rel/rules/ReduceExpressionsRule.java,1,0,0.34945983064322905
1.9.0,core/src/main/java/org/apache/calcite/materialize/Lattice.java,0,1,0.6295458845710729
1.9.0,core/src/main/java/org/apache/calcite/plan/SubstitutionVisitor.java,0,0,0.10341811100418548
1.9.0,core/src/main/java/org/apache/calcite/rex/RexProgramBuilder.java,0,0,0.4033326028321283
1.9.0,core/src/main/java/org/apache/calcite/sql/SqlCall.java,1,1,0.6750835865012479
1.9.0,core/src/main/java/org/apache/calcite/adapter/enumerable/EnumerableRel.java,0,1,0.6960859415389196
1.9.0,core/src/main/java/org/apache/calcite/rel/core/Join.java,0,0,0.09694206783943635
1.9.0,core/src/main/java/org/apache/calcite/rel/core/SemiJoin.java,0,0,0.4692573137528548
1.9.0,core/src/main/java/org/apache/calcite/rel/logical/LogicalProject.java,0,0,0.30318542411170857
1.9.0,core/src/main/java/org/apache/calcite/rel/rules/CalcRelSplitter.java,0,1,0.6349808919236408
1.9.0,core/src/main/java/org/apache/calcite/rel/rules/JoinProjectTransposeRule.java,0,1,0.5491235602597233
1.9.0,core/src/main/java/org/apache/calcite/rel/rules/SemiJoinProjectTransposeRule.java,0,0,0.46226046380449515
1.9.0,core/src/main/java/org/apache/calcite/rel/type/RelDataTypeSystem.java,0,0,0.1201624511256335
1.9.0,core/src/main/java/org/apache/calcite/util/CompositeList.java,0,0,0.2878027305989767
1.9.0,core/src/main/java/org/apache/calcite/adapter/jdbc/JdbcRules.java,0,0,0.041328807135404017
1.9.0,core/src/main/java/org/apache/calcite/rex/RexSqlStandardConvertletTable.java,0,0,0.3664721133702257
1.9.0,core/src/main/java/org/apache/calcite/util/BuiltInMethod.java,1,1,0.93239578341197
1.9.0,core/src/main/java/org/apache/calcite/sql/fun/SqlDatetimeSubtractionOperator.java,0,0,0.1316307686627396
1.9.0,core/src/main/java/org/apache/calcite/sql/type/ReturnTypes.java,0,0,1.4506317476756217e-07
