version,file,true_label,predicted,probability
1.9.0,core/src/main/java/org/apache/calcite/interpreter/Bindables.java,0,0,0.33613990495448026
1.9.0,core/src/main/java/org/apache/calcite/plan/RelOptUtil.java,1,1,0.9962304957540934
1.9.0,core/src/main/java/org/apache/calcite/rel/rules/DateRangeRules.java,1,1,0.9615431248622637
1.9.0,core/src/main/java/org/apache/calcite/rel/rules/ProjectSortTransposeRule.java,0,0,0.22926889871116887
1.9.0,core/src/main/java/org/apache/calcite/rel/rules/SortProjectTransposeRule.java,1,1,0.5595234941291606
1.9.0,druid/src/main/java/org/apache/calcite/adapter/druid/DruidConnectionImpl.java,1,1,0.9347593177459798
1.9.0,druid/src/main/java/org/apache/calcite/adapter/druid/DruidSchema.java,1,0,0.37362442167653287
1.9.0,druid/src/main/java/org/apache/calcite/adapter/druid/DruidSchemaFactory.java,0,1,0.599849482223188
1.9.0,druid/src/main/java/org/apache/calcite/adapter/druid/DruidTableFactory.java,1,1,0.536199667099496
1.9.0,druid/src/main/java/org/apache/calcite/adapter/druid/QueryType.java,0,0,0.23856995757521388
1.9.0,core/src/main/java/org/apache/calcite/rex/RexCall.java,0,1,0.7907330014579533
1.9.0,core/src/main/java/org/apache/calcite/rex/RexOver.java,0,0,0.3374940181323106
1.9.0,core/src/main/java/org/apache/calcite/util/Bug.java,0,0,0.15665044192742142
1.9.0,core/src/main/java/org/apache/calcite/schema/TranslatableTable.java,0,0,0.319526384066295
1.9.0,core/src/main/java/org/apache/calcite/rel/rules/UnionPullUpConstantsRule.java,0,1,0.6741055627116217
1.9.0,core/src/main/java/org/apache/calcite/prepare/CalciteMaterializer.java,0,1,0.7455422921878109
1.9.0,core/src/main/java/org/apache/calcite/sql/validate/AggregatingSelectScope.java,0,1,0.7513400891905413
1.9.0,core/src/main/java/org/apache/calcite/adapter/enumerable/EnumerableTableModify.java,0,1,0.7200053152626712
1.9.0,linq4j/src/main/java/org/apache/calcite/linq4j/DefaultEnumerable.java,0,0,0.1810356045737282
1.9.0,linq4j/src/main/java/org/apache/calcite/linq4j/EnumerableDefaults.java,0,1,0.956713644632439
1.9.0,linq4j/src/main/java/org/apache/calcite/linq4j/ExtendedEnumerable.java,0,0,0.1786473625601672
1.9.0,core/src/main/java/org/apache/calcite/sql/SqlKind.java,0,1,0.8755197484081144
1.9.0,spark/src/main/java/org/apache/calcite/adapter/spark/SparkRules.java,0,0,0.26367135323003565
1.9.0,spark/src/main/java/org/apache/calcite/adapter/spark/SparkRuntime.java,0,0,0.2449525690742819
1.9.0,core/src/main/java/org/apache/calcite/prepare/CalciteCatalogReader.java,0,1,0.7763128448482315
1.9.0,core/src/main/java/org/apache/calcite/runtime/CalciteResource.java,1,0,0.4153719359119799
1.9.0,core/src/main/java/org/apache/calcite/runtime/FlatLists.java,1,1,0.624556142874998
1.9.0,core/src/main/java/org/apache/calcite/sql/SqlIdentifier.java,0,1,0.6503946594761586
1.9.0,core/src/main/java/org/apache/calcite/sql2rel/SqlToRelConverter.java,1,1,0.9995023477496149
1.9.0,core/src/main/java/org/apache/calcite/util/ImmutableIntList.java,0,0,0.4218797267139858
1.9.0,core/src/main/java/org/apache/calcite/util/Pair.java,0,0,0.19217653486429606
1.9.0,core/src/main/java/org/apache/calcite/rel/type/DynamicRecordTypeImpl.java,0,1,0.7505300952935996
1.9.0,core/src/main/java/org/apache/calcite/rel/type/RelDataType.java,0,0,0.35900959319079623
1.9.0,core/src/main/java/org/apache/calcite/rel/type/RelDataTypeFactory.java,0,1,0.8164029866718285
1.9.0,core/src/main/java/org/apache/calcite/rel/type/RelDataTypeFactoryImpl.java,1,1,0.6661486836624725
1.9.0,core/src/main/java/org/apache/calcite/rel/type/RelDataTypeHolder.java,0,1,0.7547878765103081
1.9.0,core/src/main/java/org/apache/calcite/rel/type/RelDataTypeImpl.java,0,1,0.7876872852182919
1.9.0,core/src/main/java/org/apache/calcite/rel/type/RelRecordType.java,0,1,0.7135114564644354
1.9.0,core/src/main/java/org/apache/calcite/rel/type/StructKind.java,0,0,0.1443653809793353
1.9.0,core/src/main/java/org/apache/calcite/sql/validate/CatalogScope.java,0,1,0.8139737575874155
1.9.0,core/src/main/java/org/apache/calcite/sql/validate/DelegatingScope.java,1,1,0.9215096257744158
1.9.0,core/src/main/java/org/apache/calcite/sql/validate/EmptyScope.java,0,0,0.3574512968089907
1.9.0,core/src/main/java/org/apache/calcite/sql/validate/ListScope.java,0,1,0.7286567436710396
1.9.0,core/src/main/java/org/apache/calcite/sql/validate/ParameterScope.java,0,0,0.45916519465698147
1.9.0,core/src/main/java/org/apache/calcite/sql/validate/SqlQualified.java,0,1,0.5985079891185935
1.9.0,core/src/main/java/org/apache/calcite/sql/validate/SqlValidatorCatalogReader.java,0,0,0.2718118489318629
1.9.0,core/src/main/java/org/apache/calcite/sql/validate/SqlValidatorImpl.java,1,1,0.9985700601600207
1.9.0,core/src/main/java/org/apache/calcite/sql/validate/SqlValidatorScope.java,0,0,0.15641404843626708
1.9.0,core/src/main/java/org/apache/calcite/sql/validate/SqlValidatorUtil.java,0,1,0.9950014049157706
1.9.0,core/src/main/java/org/apache/calcite/sql/validate/WithScope.java,0,1,0.6665039867636279
1.9.0,splunk/src/main/java/org/apache/calcite/adapter/splunk/SplunkPushDownRule.java,0,1,0.5697473114022671
1.9.0,core/src/main/java/org/apache/calcite/sql/SqlStateCodes.java,0,0,0.30717066163806384
1.9.0,core/src/main/java/org/apache/calcite/sql/SqlFunction.java,0,1,0.5473660058923984
1.9.0,core/src/main/java/org/apache/calcite/rel/rules/LoptOptimizeJoinRule.java,0,1,0.952374240930074
1.9.0,core/src/main/java/org/apache/calcite/Demo.java,0,0,0.14281951289339365
1.9.0,core/src/main/java/org/apache/calcite/config/CalciteConnectionConfig.java,0,0,0.34494907990174023
1.9.0,core/src/main/java/org/apache/calcite/config/CalciteConnectionConfigImpl.java,1,1,0.6398365439545396
1.9.0,core/src/main/java/org/apache/calcite/config/CalciteConnectionProperty.java,1,1,0.7769486154221585
1.9.0,core/src/main/java/org/apache/calcite/config/Lex.java,0,0,0.1292002681917086
1.9.0,core/src/main/java/org/apache/calcite/config/NullCollation.java,0,1,0.5028108249211699
1.9.0,core/src/main/java/org/apache/calcite/interpreter/AbstractSingleNode.java,0,0,0.1292002681917086
1.9.0,core/src/main/java/org/apache/calcite/interpreter/BindableRel.java,0,0,0.18613207306959373
1.9.0,core/src/main/java/org/apache/calcite/interpreter/Context.java,0,0,0.1292002681917086
1.9.0,core/src/main/java/org/apache/calcite/interpreter/FilterNode.java,0,1,0.6251226529126225
1.9.0,core/src/main/java/org/apache/calcite/interpreter/InterpretableConverter.java,0,0,0.18613207306959373
1.9.0,core/src/main/java/org/apache/calcite/interpreter/InterpretableRel.java,0,0,0.18613207306959373
1.9.0,core/src/main/java/org/apache/calcite/interpreter/Interpreter.java,0,1,0.5000635100601736
1.9.0,core/src/main/java/org/apache/calcite/interpreter/Interpreters.java,0,0,0.1887280184895778
1.9.0,core/src/main/java/org/apache/calcite/interpreter/JaninoRexCompiler.java,0,0,0.48921365551575186
1.9.0,core/src/main/java/org/apache/calcite/interpreter/JoinNode.java,0,0,0.2420453176827633
1.9.0,core/src/main/java/org/apache/calcite/interpreter/Node.java,0,0,0.1396491049150387
1.9.0,core/src/main/java/org/apache/calcite/interpreter/Nodes.java,0,0,0.14833695545799502
1.9.0,core/src/main/java/org/apache/calcite/interpreter/NoneToBindableConverterRule.java,0,0,0.1595620857491009
1.9.0,core/src/main/java/org/apache/calcite/interpreter/ProjectNode.java,0,1,0.5854255389775929
1.9.0,core/src/main/java/org/apache/calcite/interpreter/Row.java,0,0,0.4016263373664132
1.9.0,core/src/main/java/org/apache/calcite/interpreter/Scalar.java,0,0,0.1887280184895778
1.9.0,core/src/main/java/org/apache/calcite/interpreter/Sink.java,0,0,0.1396491049150387
1.9.0,core/src/main/java/org/apache/calcite/interpreter/SortNode.java,1,1,0.5643242649030812
1.9.0,core/src/main/java/org/apache/calcite/interpreter/Source.java,0,0,0.18613207306959373
1.9.0,core/src/main/java/org/apache/calcite/interpreter/TableScanNode.java,0,1,0.7786297225040264
1.9.0,core/src/main/java/org/apache/calcite/interpreter/UnionNode.java,0,1,0.5854255389775929
1.9.0,core/src/main/java/org/apache/calcite/interpreter/ValuesNode.java,0,1,0.5028108249211699
1.9.0,core/src/main/java/org/apache/calcite/interpreter/WindowNode.java,0,0,0.2420453176827633
1.9.0,core/src/main/java/org/apache/calcite/jdbc/CachingCalciteSchema.java,1,1,0.5277234045752579
1.9.0,core/src/main/java/org/apache/calcite/jdbc/CalciteConnection.java,0,0,0.18613207306959373
1.9.0,core/src/main/java/org/apache/calcite/jdbc/CalciteFactory.java,0,0,0.18424423449409585
1.9.0,core/src/main/java/org/apache/calcite/jdbc/CalciteJdbc41Factory.java,0,0,0.1263835986850676
1.9.0,core/src/main/java/org/apache/calcite/jdbc/CalcitePrepare.java,0,0,0.48108773425160767
1.9.0,core/src/main/java/org/apache/calcite/jdbc/CalcitePreparedStatement.java,0,0,0.1292002681917086
1.9.0,core/src/main/java/org/apache/calcite/jdbc/CalciteRootSchema.java,0,0,0.18613207306959373
1.9.0,core/src/main/java/org/apache/calcite/jdbc/CalciteSchema.java,1,1,0.6245049949733835
1.9.0,core/src/main/java/org/apache/calcite/jdbc/CalciteStatement.java,1,1,0.5357202677520935
1.9.0,core/src/main/java/org/apache/calcite/jdbc/Driver.java,0,1,0.6671709980710595
1.9.0,core/src/main/java/org/apache/calcite/jdbc/JavaRecordType.java,0,1,0.611214700836002
1.9.0,core/src/main/java/org/apache/calcite/jdbc/MetadataSchema.java,0,0,0.15870391378100218
1.9.0,core/src/main/java/org/apache/calcite/jdbc/SimpleCalciteSchema.java,0,0,0.26342443633058304
1.9.0,core/src/main/java/org/apache/calcite/jdbc/SqlTimeoutException.java,0,0,0.18613207306959373
1.9.0,core/src/main/java/org/apache/calcite/materialize/CachingLatticeStatisticProvider.java,0,0,0.1638643376916129
1.9.0,core/src/main/java/org/apache/calcite/materialize/DelegatingLatticeStatisticProvider.java,0,0,0.2472511284548833
1.9.0,core/src/main/java/org/apache/calcite/materialize/Lattices.java,0,0,0.13308441085002312
1.9.0,core/src/main/java/org/apache/calcite/materialize/LatticeStatisticProvider.java,0,0,0.18613207306959373
1.9.0,core/src/main/java/org/apache/calcite/materialize/MaterializationActor.java,0,0,0.4235246591212971
1.9.0,core/src/main/java/org/apache/calcite/materialize/MaterializationKey.java,0,0,0.27455781269535207
1.9.0,core/src/main/java/org/apache/calcite/materialize/MaterializationService.java,0,0,0.43622778625257475
1.9.0,core/src/main/java/org/apache/calcite/materialize/SqlLatticeStatisticProvider.java,0,0,0.17405451711071046
1.9.0,core/src/main/java/org/apache/calcite/materialize/TileKey.java,0,1,0.5977793120893291
1.9.0,core/src/main/java/org/apache/calcite/materialize/TileSuggester.java,0,1,0.5538085912286496
1.9.0,core/src/main/java/org/apache/calcite/model/JsonColumn.java,0,0,0.1292002681917086
1.9.0,core/src/main/java/org/apache/calcite/model/JsonCustomSchema.java,0,0,0.1292002681917086
1.9.0,core/src/main/java/org/apache/calcite/model/JsonCustomTable.java,0,0,0.1292002681917086
1.9.0,core/src/main/java/org/apache/calcite/model/JsonFunction.java,0,0,0.1292002681917086
1.9.0,core/src/main/java/org/apache/calcite/model/JsonJdbcSchema.java,0,0,0.1292002681917086
1.9.0,core/src/main/java/org/apache/calcite/model/JsonLattice.java,0,1,0.5098868112355281
1.9.0,core/src/main/java/org/apache/calcite/model/JsonMapSchema.java,0,1,0.5028108249211699
1.9.0,core/src/main/java/org/apache/calcite/model/JsonMaterialization.java,0,0,0.1292002681917086
1.9.0,core/src/main/java/org/apache/calcite/model/JsonMeasure.java,0,0,0.1292002681917086
1.9.0,core/src/main/java/org/apache/calcite/model/JsonRoot.java,0,0,0.1292002681917086
1.9.0,core/src/main/java/org/apache/calcite/model/JsonSchema.java,1,1,0.6503638710437618
1.9.0,core/src/main/java/org/apache/calcite/model/JsonStream.java,0,0,0.09527063825755035
1.9.0,core/src/main/java/org/apache/calcite/model/JsonTable.java,0,0,0.1292002681917086
1.9.0,core/src/main/java/org/apache/calcite/model/JsonTile.java,0,0,0.1292002681917086
1.9.0,core/src/main/java/org/apache/calcite/model/JsonView.java,0,0,0.1292002681917086
1.9.0,core/src/main/java/org/apache/calcite/plan/CommonRelSubExprRule.java,0,0,0.18613207306959373
1.9.0,core/src/main/java/org/apache/calcite/plan/Context.java,0,0,0.18613207306959373
1.9.0,core/src/main/java/org/apache/calcite/plan/Contexts.java,0,0,0.46990163041233524
1.9.0,core/src/main/java/org/apache/calcite/plan/MaterializedViewSubstitutionVisitor.java,0,1,0.6596499028128434
1.9.0,core/src/main/java/org/apache/calcite/plan/MulticastRelOptListener.java,0,0,0.18613207306959373
1.9.0,core/src/main/java/org/apache/calcite/plan/RelCompositeTrait.java,0,0,0.3865874225729032
1.9.0,core/src/main/java/org/apache/calcite/plan/RelImplementor.java,0,0,0.18613207306959373
1.9.0,core/src/main/java/org/apache/calcite/plan/RelMultipleTrait.java,0,0,0.18613207306959373
1.9.0,core/src/main/java/org/apache/calcite/plan/RelOptAbstractTable.java,0,0,0.4020102671015546
1.9.0,core/src/main/java/org/apache/calcite/plan/RelOptCluster.java,0,0,0.2613087785910236
1.9.0,core/src/main/java/org/apache/calcite/plan/RelOptConnection.java,0,0,0.18613207306959373
1.9.0,core/src/main/java/org/apache/calcite/plan/RelOptCost.java,0,0,0.0980759879799265
1.9.0,core/src/main/java/org/apache/calcite/plan/RelOptCostFactory.java,0,0,0.18613207306959373
1.9.0,core/src/main/java/org/apache/calcite/plan/RelOptCostImpl.java,0,0,0.1127502966364798
1.9.0,core/src/main/java/org/apache/calcite/plan/RelOptLattice.java,0,0,0.47777074553750803
1.9.0,core/src/main/java/org/apache/calcite/plan/RelOptListener.java,0,0,0.18613207306959373
1.9.0,core/src/main/java/org/apache/calcite/plan/RelOptMaterialization.java,0,0,0.423481045660961
1.9.0,core/src/main/java/org/apache/calcite/plan/RelOptNode.java,0,0,0.18613207306959373
1.9.0,core/src/main/java/org/apache/calcite/plan/RelOptPredicateList.java,0,0,0.435240341469925
1.9.0,core/src/main/java/org/apache/calcite/plan/RelOptQuery.java,0,0,0.2420453176827633
1.9.0,core/src/main/java/org/apache/calcite/plan/RelOptRule.java,0,1,0.5753996604075259
1.9.0,core/src/main/java/org/apache/calcite/plan/RelOptRuleCall.java,0,0,0.3776701318290043
1.9.0,core/src/main/java/org/apache/calcite/plan/RelOptRuleOperand.java,0,1,0.6271243598835826
1.9.0,core/src/main/java/org/apache/calcite/plan/RelOptRuleOperandChildPolicy.java,0,0,0.1292002681917086
1.9.0,core/src/main/java/org/apache/calcite/plan/RelOptRuleOperandChildren.java,0,0,0.19409884662605395
1.9.0,core/src/main/java/org/apache/calcite/plan/RelOptSamplingParameters.java,0,0,0.09527063825755035
1.9.0,core/src/main/java/org/apache/calcite/plan/RelOptSchema.java,0,0,0.18493079957279804
1.9.0,core/src/main/java/org/apache/calcite/plan/RelOptSchemaWithSampling.java,0,0,0.1887280184895778
1.9.0,core/src/main/java/org/apache/calcite/plan/RelTrait.java,0,0,0.18613207306959373
1.9.0,core/src/main/java/org/apache/calcite/plan/RelTraitPropagationVisitor.java,0,0,0.4985733515460022
1.9.0,core/src/main/java/org/apache/calcite/plan/RelTraitSet.java,0,1,0.6482084124827294
1.9.0,core/src/main/java/org/apache/calcite/plan/RexImplicationChecker.java,1,1,0.7399881193427068
1.9.0,core/src/main/java/org/apache/calcite/plan/Strong.java,0,0,0.32937915401764095
1.9.0,core/src/main/java/org/apache/calcite/plan/TableAccessMap.java,0,0,0.18613207306959373
1.9.0,core/src/main/java/org/apache/calcite/prepare/CalciteSqlValidator.java,0,0,0.17893228009643763
1.9.0,core/src/main/java/org/apache/calcite/prepare/QueryableRelBuilder.java,0,1,0.644529798492458
1.9.0,core/src/main/java/org/apache/calcite/rel/AbstractRelNode.java,1,1,0.7014549762456233
1.9.0,core/src/main/java/org/apache/calcite/rel/BiRel.java,0,0,0.39362073285336824
1.9.0,core/src/main/java/org/apache/calcite/rel/InvalidRelException.java,0,0,0.1642653641333676
1.9.0,core/src/main/java/org/apache/calcite/rel/RelCollation.java,0,0,0.18613207306959373
1.9.0,core/src/main/java/org/apache/calcite/rel/RelCollationImpl.java,0,1,0.5452193431701493
1.9.0,core/src/main/java/org/apache/calcite/rel/RelCollations.java,0,0,0.2997459901744091
1.9.0,core/src/main/java/org/apache/calcite/rel/RelDistribution.java,0,0,0.1292002681917086
1.9.0,core/src/main/java/org/apache/calcite/rel/RelDistributions.java,0,0,0.35213510701026063
1.9.0,core/src/main/java/org/apache/calcite/rel/RelDistributionTraitDef.java,0,0,0.16634389839663388
1.9.0,core/src/main/java/org/apache/calcite/rel/RelFieldCollation.java,0,1,0.5757947280959271
1.9.0,core/src/main/java/org/apache/calcite/rel/RelHomogeneousShuttle.java,0,0,0.14054432134833833
1.9.0,core/src/main/java/org/apache/calcite/rel/RelInput.java,0,0,0.1396491049150387
1.9.0,core/src/main/java/org/apache/calcite/rel/RelNode.java,0,0,0.18613207306959373
1.9.0,core/src/main/java/org/apache/calcite/rel/RelNodes.java,0,1,0.5049183341845118
1.9.0,core/src/main/java/org/apache/calcite/rel/RelRoot.java,0,0,0.34386908695485535
1.9.0,core/src/main/java/org/apache/calcite/rel/RelShuttle.java,0,0,0.18613207306959373
1.9.0,core/src/main/java/org/apache/calcite/rel/RelShuttleImpl.java,0,1,0.5669776878903194
1.9.0,core/src/main/java/org/apache/calcite/rel/RelVisitor.java,0,0,0.09927538854158147
1.9.0,core/src/main/java/org/apache/calcite/rel/RelWriter.java,0,0,0.18613207306959373
1.9.0,core/src/main/java/org/apache/calcite/rel/SingleRel.java,0,0,0.35080233877267836
1.9.0,core/src/main/java/org/apache/calcite/rex/LogicVisitor.java,1,1,0.7314052347851973
1.9.0,core/src/main/java/org/apache/calcite/rex/RexAction.java,0,0,0.1887280184895778
1.9.0,core/src/main/java/org/apache/calcite/rex/RexBiVisitor.java,0,0,0.18613207306959373
1.9.0,core/src/main/java/org/apache/calcite/rex/RexCallBinding.java,1,1,0.7192862663730558
1.9.0,core/src/main/java/org/apache/calcite/rex/RexChecker.java,0,1,0.5400715116975591
1.9.0,core/src/main/java/org/apache/calcite/rex/RexCopier.java,0,0,0.18570540757355145
1.9.0,core/src/main/java/org/apache/calcite/rex/RexCorrelVariable.java,0,0,0.16333521110472668
1.9.0,core/src/main/java/org/apache/calcite/rex/RexDynamicParam.java,0,0,0.15167567750133626
1.9.0,core/src/main/java/org/apache/calcite/rex/RexExecutable.java,0,1,0.5516670604467862
1.9.0,core/src/main/java/org/apache/calcite/rex/RexExecutorImpl.java,0,0,0.49453893697269874
1.9.0,core/src/main/java/org/apache/calcite/rex/RexFieldAccess.java,0,0,0.3755777851683312
1.9.0,core/src/main/java/org/apache/calcite/rex/RexFieldCollation.java,0,0,0.4991535438578565
1.9.0,core/src/main/java/org/apache/calcite/rex/RexInputRef.java,0,0,0.41784591736816373
1.9.0,core/src/main/java/org/apache/calcite/rex/RexLocalRef.java,0,1,0.5240992748096913
1.9.0,core/src/main/java/org/apache/calcite/rex/RexMultisetUtil.java,0,0,0.22492332675793492
1.9.0,core/src/main/java/org/apache/calcite/rex/RexNode.java,0,0,0.4890668653287246
1.9.0,core/src/main/java/org/apache/calcite/rex/RexPattern.java,0,0,0.18613207306959373
1.9.0,core/src/main/java/org/apache/calcite/rex/RexPermutationShuttle.java,0,0,0.18613207306959373
1.9.0,core/src/main/java/org/apache/calcite/rex/RexPermuteInputsShuttle.java,0,0,0.287628499630173
1.9.0,core/src/main/java/org/apache/calcite/rex/RexProgram.java,0,0,0.40185237468571255
1.9.0,core/src/main/java/org/apache/calcite/rex/RexRangeRef.java,0,0,0.19511110046880967
1.9.0,core/src/main/java/org/apache/calcite/rex/RexShuttle.java,0,1,0.5617536608823309
1.9.0,core/src/main/java/org/apache/calcite/rex/RexSlot.java,0,1,0.52878643394157
1.9.0,core/src/main/java/org/apache/calcite/rex/RexSqlConvertlet.java,0,0,0.18613207306959373
1.9.0,core/src/main/java/org/apache/calcite/rex/RexSqlConvertletTable.java,0,0,0.18613207306959373
1.9.0,core/src/main/java/org/apache/calcite/rex/RexSqlReflectiveConvertletTable.java,0,0,0.17648350590228787
1.9.0,core/src/main/java/org/apache/calcite/rex/RexSubQuery.java,0,1,0.5474940518296826
1.9.0,core/src/main/java/org/apache/calcite/rex/RexToSqlNodeConverter.java,0,0,0.18613207306959373
1.9.0,core/src/main/java/org/apache/calcite/rex/RexToSqlNodeConverterImpl.java,0,0,0.18613207306959373
1.9.0,core/src/main/java/org/apache/calcite/rex/RexTransformer.java,0,1,0.5708750977163489
1.9.0,core/src/main/java/org/apache/calcite/rex/RexVariable.java,0,1,0.5361604021945813
1.9.0,core/src/main/java/org/apache/calcite/rex/RexVisitor.java,0,0,0.18613207306959373
1.9.0,core/src/main/java/org/apache/calcite/rex/RexVisitorImpl.java,0,0,0.415030572215436
1.9.0,core/src/main/java/org/apache/calcite/rex/RexWindow.java,0,1,0.6714134547913234
1.9.0,core/src/main/java/org/apache/calcite/rex/RexWindowBound.java,0,1,0.5329876219928399
1.9.0,core/src/main/java/org/apache/calcite/runtime/AbstractImmutableList.java,0,1,0.5157227555327274
1.9.0,core/src/main/java/org/apache/calcite/runtime/ArrayBindable.java,0,0,0.18613207306959373
1.9.0,core/src/main/java/org/apache/calcite/runtime/ArrayComparator.java,0,0,0.14170964114999496
1.9.0,core/src/main/java/org/apache/calcite/runtime/ArrayEnumeratorCursor.java,0,0,0.18613207306959373
1.9.0,core/src/main/java/org/apache/calcite/runtime/BinarySearch.java,0,1,0.6009245129463351
1.9.0,core/src/main/java/org/apache/calcite/runtime/Bindable.java,0,0,0.18613207306959373
1.9.0,core/src/main/java/org/apache/calcite/runtime/CalciteContextException.java,0,0,0.3064501232522508
1.9.0,core/src/main/java/org/apache/calcite/runtime/CalciteException.java,0,0,0.1292002681917086
1.9.0,core/src/main/java/org/apache/calcite/runtime/ConsList.java,0,1,0.5446738234226963
1.9.0,core/src/main/java/org/apache/calcite/runtime/Enumerables.java,0,0,0.3489039139801411
1.9.0,core/src/main/java/org/apache/calcite/runtime/EnumeratorCursor.java,0,0,0.18613207306959373
1.9.0,core/src/main/java/org/apache/calcite/runtime/Feature.java,0,0,0.1292002681917086
1.9.0,core/src/main/java/org/apache/calcite/runtime/Hook.java,0,0,0.42757211945617096
1.9.0,core/src/main/java/org/apache/calcite/runtime/Like.java,1,0,0.47923666624875905
1.9.0,core/src/main/java/org/apache/calcite/runtime/ObjectEnumeratorCursor.java,0,0,0.12173510956169126
1.9.0,core/src/main/java/org/apache/calcite/runtime/RecordEnumeratorCursor.java,0,0,0.18613207306959373
1.9.0,core/src/main/java/org/apache/calcite/runtime/ResultSetEnumerable.java,0,0,0.18096716221956957
1.9.0,core/src/main/java/org/apache/calcite/runtime/SocketFactoryImpl.java,0,0,0.2283394755509547
1.9.0,core/src/main/java/org/apache/calcite/runtime/SortedMultiMap.java,0,1,0.564244936755317
1.9.0,core/src/main/java/org/apache/calcite/runtime/TrustAllSslSocketFactory.java,0,0,0.23156055405752782
1.9.0,core/src/main/java/org/apache/calcite/runtime/Typed.java,0,0,0.18613207306959373
1.9.0,core/src/main/java/org/apache/calcite/runtime/Unit.java,0,0,0.09931437189436026
1.9.0,core/src/main/java/org/apache/calcite/runtime/Utilities.java,0,0,0.3336926405423683
1.9.0,core/src/main/java/org/apache/calcite/schema/AggregateFunction.java,0,0,0.18613207306959373
1.9.0,core/src/main/java/org/apache/calcite/schema/ExtensibleTable.java,0,0,0.18613207306959373
1.9.0,core/src/main/java/org/apache/calcite/schema/FilterableTable.java,0,0,0.18613207306959373
1.9.0,core/src/main/java/org/apache/calcite/schema/Function.java,0,0,0.18613207306959373
1.9.0,core/src/main/java/org/apache/calcite/schema/FunctionParameter.java,0,0,0.1292002681917086
1.9.0,core/src/main/java/org/apache/calcite/schema/ImplementableAggFunction.java,0,0,0.18613207306959373
1.9.0,core/src/main/java/org/apache/calcite/schema/ImplementableFunction.java,0,0,0.18613207306959373
1.9.0,core/src/main/java/org/apache/calcite/schema/Member.java,0,0,0.18613207306959373
1.9.0,core/src/main/java/org/apache/calcite/schema/ModifiableTable.java,0,0,0.18613207306959373
1.9.0,core/src/main/java/org/apache/calcite/schema/ModifiableView.java,0,0,0.18613207306959373
1.9.0,core/src/main/java/org/apache/calcite/schema/Path.java,0,0,0.1396491049150387
1.9.0,core/src/main/java/org/apache/calcite/schema/ProjectableFilterableTable.java,0,0,0.1887280184895778
1.9.0,core/src/main/java/org/apache/calcite/schema/QueryableTable.java,0,0,0.18613207306959373
1.9.0,core/src/main/java/org/apache/calcite/schema/ScalarFunction.java,0,0,0.18613207306959373
1.9.0,core/src/main/java/org/apache/calcite/schema/ScannableTable.java,0,0,0.18613207306959373
1.9.0,core/src/main/java/org/apache/calcite/schema/Schema.java,0,0,0.1292002681917086
1.9.0,core/src/main/java/org/apache/calcite/schema/SchemaFactory.java,0,0,0.18613207306959373
1.9.0,core/src/main/java/org/apache/calcite/schema/SchemaPlus.java,0,0,0.18613207306959373
1.9.0,core/src/main/java/org/apache/calcite/schema/Schemas.java,0,0,0.39381049840018745
1.9.0,core/src/main/java/org/apache/calcite/schema/SemiMutableSchema.java,0,0,0.18613207306959373
1.9.0,core/src/main/java/org/apache/calcite/schema/Statistic.java,0,0,0.18613207306959373
1.9.0,core/src/main/java/org/apache/calcite/schema/Statistics.java,0,0,0.4267598757419096
1.9.0,core/src/main/java/org/apache/calcite/schema/StreamableTable.java,0,0,0.18613207306959373
1.9.0,core/src/main/java/org/apache/calcite/schema/Table.java,0,0,0.18613207306959373
1.9.0,core/src/main/java/org/apache/calcite/schema/TableFactory.java,0,0,0.18613207306959373
1.9.0,core/src/main/java/org/apache/calcite/schema/TableFunction.java,0,0,0.18613207306959373
1.9.0,core/src/main/java/org/apache/calcite/schema/TableMacro.java,0,0,0.18613207306959373
1.9.0,core/src/main/java/org/apache/calcite/server/CalciteServer.java,0,0,0.32723151686815793
1.9.0,core/src/main/java/org/apache/calcite/server/CalciteServerStatement.java,0,0,0.18613207306959373
1.9.0,core/src/main/java/org/apache/calcite/sql/ExplicitOperatorBinding.java,0,0,0.17829115425210837
1.9.0,core/src/main/java/org/apache/calcite/sql/JoinConditionType.java,0,0,0.1292002681917086
1.9.0,core/src/main/java/org/apache/calcite/sql/JoinType.java,0,0,0.1292002681917086
1.9.0,core/src/main/java/org/apache/calcite/sql/SemiJoinType.java,0,0,0.47655780226327615
1.9.0,core/src/main/java/org/apache/calcite/sql/SqlAbstractDateTimeLiteral.java,0,0,0.18684064598266198
1.9.0,core/src/main/java/org/apache/calcite/sql/SqlAbstractStringLiteral.java,0,0,0.1292002681917086
1.9.0,core/src/main/java/org/apache/calcite/sql/SqlAccessEnum.java,0,0,0.1292002681917086
1.9.0,core/src/main/java/org/apache/calcite/sql/SqlAccessType.java,0,0,0.2514569308340971
1.9.0,core/src/main/java/org/apache/calcite/sql/SqlAsOperator.java,0,1,0.554584144137743
1.9.0,core/src/main/java/org/apache/calcite/sql/SqlBasicCall.java,0,0,0.12742198448476508
1.9.0,core/src/main/java/org/apache/calcite/sql/SqlBinaryOperator.java,0,1,0.6872594887987713
1.9.0,core/src/main/java/org/apache/calcite/sql/SqlBinaryStringLiteral.java,0,0,0.3806779007404037
1.9.0,core/src/main/java/org/apache/calcite/sql/SqlCallBinding.java,1,1,0.5968968914989407
1.9.0,core/src/main/java/org/apache/calcite/sql/SqlCharStringLiteral.java,0,1,0.5825910975938103
1.9.0,core/src/main/java/org/apache/calcite/sql/SqlCollation.java,0,0,0.33096149127288105
1.9.0,core/src/main/java/org/apache/calcite/sql/SqlDataTypeSpec.java,0,1,0.7150556296237408
1.9.0,core/src/main/java/org/apache/calcite/sql/SqlDateLiteral.java,0,0,0.3187296388189384
1.9.0,core/src/main/java/org/apache/calcite/sql/SqlDelete.java,0,0,0.3126755460051008
1.9.0,core/src/main/java/org/apache/calcite/sql/SqlDynamicParam.java,0,0,0.20877071095765515
1.9.0,core/src/main/java/org/apache/calcite/sql/SqlExplain.java,0,0,0.41901621456462596
1.9.0,core/src/main/java/org/apache/calcite/sql/SqlExplainLevel.java,0,0,0.1292002681917086
1.9.0,core/src/main/java/org/apache/calcite/sql/SqlFilterOperator.java,0,1,0.5348495149971891
1.9.0,core/src/main/java/org/apache/calcite/sql/SqlFunctionalOperator.java,0,0,0.1292002681917086
1.9.0,core/src/main/java/org/apache/calcite/sql/SqlInfixOperator.java,0,0,0.2745239902554502
1.9.0,core/src/main/java/org/apache/calcite/sql/SqlInsert.java,0,0,0.4280590863687772
1.9.0,core/src/main/java/org/apache/calcite/sql/SqlInsertKeyword.java,0,0,0.1292002681917086
1.9.0,core/src/main/java/org/apache/calcite/sql/SqlInternalOperator.java,0,0,0.12296429541739544
1.9.0,core/src/main/java/org/apache/calcite/sql/SqlIntervalLiteral.java,0,0,0.3670155634396916
1.9.0,core/src/main/java/org/apache/calcite/sql/SqlJdbcFunctionCall.java,0,1,0.6301047272428494
1.9.0,core/src/main/java/org/apache/calcite/sql/SqlJoin.java,0,0,0.47028234908793204
1.9.0,core/src/main/java/org/apache/calcite/sql/SqlMerge.java,0,0,0.41002684417056345
1.9.0,core/src/main/java/org/apache/calcite/sql/SqlNode.java,0,1,0.5394654655340468
1.9.0,core/src/main/java/org/apache/calcite/sql/SqlNodeList.java,0,1,0.6418696037577586
1.9.0,core/src/main/java/org/apache/calcite/sql/SqlNullSemantics.java,0,0,0.18613207306959373
1.9.0,core/src/main/java/org/apache/calcite/sql/SqlNumericLiteral.java,0,0,0.4094763700102699
1.9.0,core/src/main/java/org/apache/calcite/sql/SqlOperandCountRange.java,0,0,0.18613207306959373
1.9.0,core/src/main/java/org/apache/calcite/sql/SqlOperatorBinding.java,0,0,0.23074638192032493
1.9.0,core/src/main/java/org/apache/calcite/sql/SqlOperatorTable.java,0,0,0.18613207306959373
1.9.0,core/src/main/java/org/apache/calcite/sql/SqlOrderBy.java,0,1,0.56457431351659
1.9.0,core/src/main/java/org/apache/calcite/sql/SqlOverOperator.java,0,1,0.725516215515818
1.9.0,core/src/main/java/org/apache/calcite/sql/SqlPostfixOperator.java,0,1,0.5452842958905729
1.9.0,core/src/main/java/org/apache/calcite/sql/SqlProcedureCallOperator.java,0,0,0.13966274671316942
1.9.0,core/src/main/java/org/apache/calcite/sql/SqlRankFunction.java,0,0,0.1292002681917086
1.9.0,core/src/main/java/org/apache/calcite/sql/SqlSampleSpec.java,0,1,0.533415095820063
1.9.0,core/src/main/java/org/apache/calcite/sql/SqlSelect.java,1,0,0.4494754428130632
1.9.0,core/src/main/java/org/apache/calcite/sql/SqlSelectKeyword.java,0,0,0.1292002681917086
1.9.0,core/src/main/java/org/apache/calcite/sql/SqlSelectOperator.java,0,1,0.5953709365509325
1.9.0,core/src/main/java/org/apache/calcite/sql/SqlSetOperator.java,0,0,0.23267855470732465
1.9.0,core/src/main/java/org/apache/calcite/sql/SqlSetOption.java,0,1,0.5189157141851269
1.9.0,core/src/main/java/org/apache/calcite/sql/SqlSplittableAggFunction.java,1,1,0.5756172783199633
1.9.0,core/src/main/java/org/apache/calcite/sql/SqlSyntax.java,0,0,0.35976027678296213
1.9.0,core/src/main/java/org/apache/calcite/sql/SqlTimeLiteral.java,0,1,0.5480088907163655
1.9.0,core/src/main/java/org/apache/calcite/sql/SqlTimestampLiteral.java,0,1,0.5329138415089
1.9.0,core/src/main/java/org/apache/calcite/sql/SqlUnnestOperator.java,0,1,0.6950599046528363
1.9.0,core/src/main/java/org/apache/calcite/sql/SqlUnresolvedFunction.java,0,0,0.13098066798535143
1.9.0,core/src/main/java/org/apache/calcite/sql/SqlUpdate.java,0,0,0.41556561727793406
1.9.0,core/src/main/java/org/apache/calcite/sql/SqlValuesOperator.java,0,1,0.5028108249211699
1.9.0,core/src/main/java/org/apache/calcite/sql/SqlWindow.java,0,1,0.8726446961128854
1.9.0,core/src/main/java/org/apache/calcite/sql/SqlWith.java,0,0,0.418111352914155
1.9.0,core/src/main/java/org/apache/calcite/sql/SqlWithItem.java,0,0,0.2322321142756732
1.9.0,core/src/main/java/org/apache/calcite/sql/SqlWriter.java,0,0,0.0048740988806112336
1.9.0,core/src/main/java/org/apache/calcite/sql2rel/CorrelationReferenceFinder.java,0,0,0.4857002586559132
1.9.0,core/src/main/java/org/apache/calcite/sql2rel/DeduplicateCorrelateVariables.java,0,0,0.4264681154402664
1.9.0,core/src/main/java/org/apache/calcite/sql2rel/DefaultValueFactory.java,0,0,0.18613207306959373
1.9.0,core/src/main/java/org/apache/calcite/sql2rel/ReflectiveConvertletTable.java,0,1,0.5860347983813844
1.9.0,core/src/main/java/org/apache/calcite/sql2rel/RelDecorrelator.java,1,1,0.6051009941305849
1.9.0,core/src/main/java/org/apache/calcite/sql2rel/RelFieldTrimmer.java,0,1,0.8549731294803943
1.9.0,core/src/main/java/org/apache/calcite/sql2rel/SqlNodeToRexConverter.java,0,0,0.18613207306959373
1.9.0,core/src/main/java/org/apache/calcite/sql2rel/SqlRexContext.java,0,0,0.18613207306959373
1.9.0,core/src/main/java/org/apache/calcite/sql2rel/SqlRexConvertlet.java,0,0,0.18613207306959373
1.9.0,core/src/main/java/org/apache/calcite/sql2rel/SqlRexConvertletTable.java,0,0,0.18613207306959373
1.9.0,core/src/main/java/org/apache/calcite/sql2rel/SubqueryConverter.java,0,0,0.18613207306959373
1.9.0,core/src/main/java/org/apache/calcite/tools/FrameworkConfig.java,0,0,0.18613207306959373
1.9.0,core/src/main/java/org/apache/calcite/tools/Frameworks.java,0,0,0.3333596870722643
1.9.0,core/src/main/java/org/apache/calcite/tools/PigRelBuilder.java,0,1,0.5272609195969188
1.9.0,core/src/main/java/org/apache/calcite/tools/Planner.java,0,0,0.18613207306959373
1.9.0,core/src/main/java/org/apache/calcite/tools/Program.java,0,0,0.18613207306959373
1.9.0,core/src/main/java/org/apache/calcite/tools/Programs.java,0,1,0.547072482279205
1.9.0,core/src/main/java/org/apache/calcite/tools/RelBuilderFactory.java,0,0,0.18613207306959373
1.9.0,core/src/main/java/org/apache/calcite/tools/RelConversionException.java,0,0,0.18613207306959373
1.9.0,core/src/main/java/org/apache/calcite/tools/RelRunner.java,0,0,0.18613207306959373
1.9.0,core/src/main/java/org/apache/calcite/tools/RelRunners.java,0,0,0.07024902051618474
1.9.0,core/src/main/java/org/apache/calcite/tools/RuleSet.java,0,0,0.18613207306959373
1.9.0,core/src/main/java/org/apache/calcite/tools/RuleSets.java,0,0,0.2606432588603856
1.9.0,core/src/main/java/org/apache/calcite/tools/ValidationException.java,0,0,0.1694347550369727
1.9.0,core/src/main/java/org/apache/calcite/util/BarfingInvocationHandler.java,0,0,0.2517520029221967
1.9.0,core/src/main/java/org/apache/calcite/util/BasicDatetime.java,0,0,0.18613207306959373
1.9.0,core/src/main/java/org/apache/calcite/util/Benchmark.java,0,0,0.42578050580082216
1.9.0,core/src/main/java/org/apache/calcite/util/BitSets.java,0,1,0.6175779284173966
1.9.0,core/src/main/java/org/apache/calcite/util/BitString.java,0,1,0.5948716585230674
1.9.0,core/src/main/java/org/apache/calcite/util/CalciteParserException.java,0,0,0.18613207306959373
1.9.0,core/src/main/java/org/apache/calcite/util/CalciteValidatorException.java,0,0,0.18613207306959373
1.9.0,core/src/main/java/org/apache/calcite/util/CastingList.java,0,0,0.16010513149919003
1.9.0,core/src/main/java/org/apache/calcite/util/ChunkList.java,0,1,0.6924554325964974
1.9.0,core/src/main/java/org/apache/calcite/util/ClosableAllocation.java,0,0,0.18613207306959373
1.9.0,core/src/main/java/org/apache/calcite/util/ClosableAllocationOwner.java,0,0,0.18613207306959373
1.9.0,core/src/main/java/org/apache/calcite/util/CompatibleGuava11.java,0,0,0.161963871402984
1.9.0,core/src/main/java/org/apache/calcite/util/CompositeMap.java,0,1,0.508261332011031
1.9.0,core/src/main/java/org/apache/calcite/util/CompoundClosableAllocation.java,0,0,0.18613207306959373
1.9.0,core/src/main/java/org/apache/calcite/util/ControlFlowException.java,0,0,0.1292002681917086
1.9.0,core/src/main/java/org/apache/calcite/util/ConversionUtil.java,0,0,0.26275537793286763
1.9.0,core/src/main/java/org/apache/calcite/util/DelegatingInvocationHandler.java,0,0,0.1887280184895778
1.9.0,core/src/main/java/org/apache/calcite/util/Filterator.java,0,1,0.5775703971246688
1.9.0,core/src/main/java/org/apache/calcite/util/Glossary.java,0,0,0.1887280184895778
1.9.0,core/src/main/java/org/apache/calcite/util/Holder.java,0,0,0.09527063825755035
1.9.0,core/src/main/java/org/apache/calcite/util/ImmutableBitSet.java,0,1,0.779154323433862
1.9.0,core/src/main/java/org/apache/calcite/util/ImmutableNullableList.java,0,0,0.4792869312310141
1.9.0,core/src/main/java/org/apache/calcite/util/IntegerIntervalSet.java,0,0,0.46171786694050376
1.9.0,core/src/main/java/org/apache/calcite/util/IntList.java,0,0,0.19081634584361679
1.9.0,core/src/main/java/org/apache/calcite/util/JsonBuilder.java,0,1,0.5689382773602689
1.9.0,core/src/main/java/org/apache/calcite/util/Litmus.java,0,0,0.4435988123162476
1.9.0,core/src/main/java/org/apache/calcite/util/NlsString.java,0,1,0.7145114384915571
1.9.0,core/src/main/java/org/apache/calcite/util/NumberUtil.java,0,0,0.31283258476563625
1.9.0,core/src/main/java/org/apache/calcite/util/PartiallyOrderedSet.java,0,1,0.7213974469653747
1.9.0,core/src/main/java/org/apache/calcite/util/Permutation.java,0,0,0.24201960445862575
1.9.0,core/src/main/java/org/apache/calcite/util/ReflectiveVisitDispatcher.java,0,0,0.18613207306959373
1.9.0,core/src/main/java/org/apache/calcite/util/ReflectiveVisitor.java,0,0,0.18613207306959373
1.9.0,core/src/main/java/org/apache/calcite/util/ReflectUtil.java,0,1,0.8715309233185188
1.9.0,core/src/main/java/org/apache/calcite/util/SaffronProperties.java,0,0,0.2524741584276644
1.9.0,core/src/main/java/org/apache/calcite/util/SerializableCharset.java,0,0,0.49904400926247566
1.9.0,core/src/main/java/org/apache/calcite/util/Stacks.java,0,0,0.1887280184895778
1.9.0,core/src/main/java/org/apache/calcite/util/StackWriter.java,0,0,0.1887280184895778
1.9.0,core/src/main/java/org/apache/calcite/util/Static.java,0,0,0.13506329049652188
1.9.0,core/src/main/java/org/apache/calcite/util/Template.java,0,0,0.26128313578773144
1.9.0,core/src/main/java/org/apache/calcite/util/TryThreadLocal.java,0,0,0.2655431145469701
1.9.0,core/src/main/java/org/apache/calcite/util/UnmodifiableArrayList.java,0,0,0.09824984228468171
1.9.0,core/src/main/java/org/apache/calcite/util/XmlOutput.java,0,0,0.48849931809896213
1.9.0,core/src/main/java/org/apache/calcite/util/ZonelessDate.java,0,0,0.3265656347348445
1.9.0,core/src/main/java/org/apache/calcite/util/ZonelessDatetime.java,0,0,0.379535863328851
1.9.0,core/src/main/java/org/apache/calcite/util/ZonelessTime.java,0,0,0.23130215918423452
1.9.0,core/src/main/java/org/apache/calcite/util/ZonelessTimestamp.java,0,0,0.2559631576312229
1.9.0,core/src/main/java/org/apache/calcite/adapter/clone/ArrayTable.java,0,1,0.8257048163686648
1.9.0,core/src/main/java/org/apache/calcite/adapter/clone/CloneSchema.java,0,0,0.4947392311205281
1.9.0,core/src/main/java/org/apache/calcite/adapter/clone/ColumnLoader.java,0,1,0.7413032741203198
1.9.0,core/src/main/java/org/apache/calcite/adapter/clone/ListTable.java,0,0,0.18613207306959373
1.9.0,core/src/main/java/org/apache/calcite/adapter/enumerable/AggAddContext.java,0,0,0.18613207306959373
1.9.0,core/src/main/java/org/apache/calcite/adapter/enumerable/AggContext.java,0,0,0.18613207306959373
1.9.0,core/src/main/java/org/apache/calcite/adapter/enumerable/AggImplementor.java,0,0,0.18613207306959373
1.9.0,core/src/main/java/org/apache/calcite/adapter/enumerable/AggImpState.java,0,1,0.5651167976417527
1.9.0,core/src/main/java/org/apache/calcite/adapter/enumerable/AggResetContext.java,0,0,0.18613207306959373
1.9.0,core/src/main/java/org/apache/calcite/adapter/enumerable/AggResultContext.java,0,0,0.18613207306959373
1.9.0,core/src/main/java/org/apache/calcite/adapter/enumerable/CallImplementor.java,0,0,0.18613207306959373
1.9.0,core/src/main/java/org/apache/calcite/adapter/enumerable/EnumerableAggregate.java,0,1,0.7343774908775123
1.9.0,core/src/main/java/org/apache/calcite/adapter/enumerable/EnumerableAggregateRule.java,0,0,0.1292002681917086
1.9.0,core/src/main/java/org/apache/calcite/adapter/enumerable/EnumerableBindable.java,0,0,0.18613207306959373
1.9.0,core/src/main/java/org/apache/calcite/adapter/enumerable/EnumerableCalc.java,0,0,0.4781837290422184
1.9.0,core/src/main/java/org/apache/calcite/adapter/enumerable/EnumerableCalcRule.java,0,0,0.11150478791519071
1.9.0,core/src/main/java/org/apache/calcite/adapter/enumerable/EnumerableCollect.java,0,0,0.4057274009319915
1.9.0,core/src/main/java/org/apache/calcite/adapter/enumerable/EnumerableCollectRule.java,0,0,0.1292002681917086
1.9.0,core/src/main/java/org/apache/calcite/adapter/enumerable/EnumerableCorrelate.java,0,1,0.5111778013441372
1.9.0,core/src/main/java/org/apache/calcite/adapter/enumerable/EnumerableCorrelateRule.java,0,0,0.1292002681917086
1.9.0,core/src/main/java/org/apache/calcite/adapter/enumerable/EnumerableFilter.java,0,0,0.36836612585482253
1.9.0,core/src/main/java/org/apache/calcite/adapter/enumerable/EnumerableFilterRule.java,0,0,0.1292002681917086
1.9.0,core/src/main/java/org/apache/calcite/adapter/enumerable/EnumerableFilterToCalcRule.java,0,0,0.13186449007609244
1.9.0,core/src/main/java/org/apache/calcite/adapter/enumerable/EnumerableInterpretable.java,0,0,0.41863574259617764
1.9.0,core/src/main/java/org/apache/calcite/adapter/enumerable/EnumerableInterpreter.java,0,0,0.46918710035497485
1.9.0,core/src/main/java/org/apache/calcite/adapter/enumerable/EnumerableInterpreterRule.java,0,0,0.13113012914191524
1.9.0,core/src/main/java/org/apache/calcite/adapter/enumerable/EnumerableIntersect.java,1,0,0.21385176932010613
1.9.0,core/src/main/java/org/apache/calcite/adapter/enumerable/EnumerableIntersectRule.java,0,0,0.41908487275537887
1.9.0,core/src/main/java/org/apache/calcite/adapter/enumerable/EnumerableJoin.java,0,0,0.43772788244156924
1.9.0,core/src/main/java/org/apache/calcite/adapter/enumerable/EnumerableJoinRule.java,0,0,0.3703613511777376
1.9.0,core/src/main/java/org/apache/calcite/adapter/enumerable/EnumerableLimit.java,0,1,0.53872264001543
1.9.0,core/src/main/java/org/apache/calcite/adapter/enumerable/EnumerableLimitRule.java,0,1,0.5028108249211699
1.9.0,core/src/main/java/org/apache/calcite/adapter/enumerable/EnumerableMergeJoin.java,1,1,0.6209369030206683
1.9.0,core/src/main/java/org/apache/calcite/adapter/enumerable/EnumerableMergeJoinRule.java,0,1,0.5414627493583685
1.9.0,core/src/main/java/org/apache/calcite/adapter/enumerable/EnumerableMinus.java,1,0,0.20744563522119402
1.9.0,core/src/main/java/org/apache/calcite/adapter/enumerable/EnumerableMinusRule.java,0,0,0.1628461136779161
1.9.0,core/src/main/java/org/apache/calcite/adapter/enumerable/EnumerableProject.java,0,0,0.3254762191300291
1.9.0,core/src/main/java/org/apache/calcite/adapter/enumerable/EnumerableProjectRule.java,0,0,0.1292002681917086
1.9.0,core/src/main/java/org/apache/calcite/adapter/enumerable/EnumerableProjectToCalcRule.java,0,0,0.13186449007609244
1.9.0,core/src/main/java/org/apache/calcite/adapter/enumerable/EnumerableRelImplementor.java,0,0,0.47532246187751775
1.9.0,core/src/main/java/org/apache/calcite/adapter/enumerable/EnumerableRules.java,0,0,0.13308441085002312
1.9.0,core/src/main/java/org/apache/calcite/adapter/enumerable/EnumerableSemiJoin.java,0,0,0.429927529958061
1.9.0,core/src/main/java/org/apache/calcite/adapter/enumerable/EnumerableSemiJoinRule.java,0,0,0.43295115234747905
1.9.0,core/src/main/java/org/apache/calcite/adapter/enumerable/EnumerableSort.java,0,0,0.4417542880136217
1.9.0,core/src/main/java/org/apache/calcite/adapter/enumerable/EnumerableSortRule.java,0,1,0.5028108249211699
1.9.0,core/src/main/java/org/apache/calcite/adapter/enumerable/EnumerableTableFunctionScan.java,0,1,0.5532741950623844
1.9.0,core/src/main/java/org/apache/calcite/adapter/enumerable/EnumerableTableFunctionScanRule.java,0,0,0.1292002681917086
1.9.0,core/src/main/java/org/apache/calcite/adapter/enumerable/EnumerableTableModifyRule.java,0,0,0.44436072604025584
1.9.0,core/src/main/java/org/apache/calcite/adapter/enumerable/EnumerableTableScan.java,1,1,0.6617649891434539
1.9.0,core/src/main/java/org/apache/calcite/adapter/enumerable/EnumerableTableScanRule.java,0,1,0.5028108249211699
1.9.0,core/src/main/java/org/apache/calcite/adapter/enumerable/EnumerableThetaJoin.java,0,0,0.47135859407067937
1.9.0,core/src/main/java/org/apache/calcite/adapter/enumerable/EnumerableUncollect.java,0,1,0.6800024893265548
1.9.0,core/src/main/java/org/apache/calcite/adapter/enumerable/EnumerableUncollectRule.java,0,0,0.1292002681917086
1.9.0,core/src/main/java/org/apache/calcite/adapter/enumerable/EnumerableUnion.java,1,0,0.4672780266023415
1.9.0,core/src/main/java/org/apache/calcite/adapter/enumerable/EnumerableUnionRule.java,0,0,0.1292002681917086
1.9.0,core/src/main/java/org/apache/calcite/adapter/enumerable/EnumerableValues.java,0,0,0.41865148101498595
1.9.0,core/src/main/java/org/apache/calcite/adapter/enumerable/EnumerableValuesRule.java,0,0,0.1292002681917086
1.9.0,core/src/main/java/org/apache/calcite/adapter/enumerable/EnumerableWindow.java,1,1,0.6592126614588091
1.9.0,core/src/main/java/org/apache/calcite/adapter/enumerable/EnumerableWindowRule.java,0,0,0.13186449007609244
1.9.0,core/src/main/java/org/apache/calcite/adapter/enumerable/EnumUtils.java,0,1,0.6424590413694706
1.9.0,core/src/main/java/org/apache/calcite/adapter/enumerable/JavaRelImplementor.java,0,0,0.43737602521616187
1.9.0,core/src/main/java/org/apache/calcite/adapter/enumerable/JavaRowFormat.java,1,1,0.5945034860589876
1.9.0,core/src/main/java/org/apache/calcite/adapter/enumerable/NestedBlockBuilder.java,0,0,0.18613207306959373
1.9.0,core/src/main/java/org/apache/calcite/adapter/enumerable/NestedBlockBuilderImpl.java,0,0,0.48361430089920254
1.9.0,core/src/main/java/org/apache/calcite/adapter/enumerable/NotNullImplementor.java,0,0,0.18613207306959373
1.9.0,core/src/main/java/org/apache/calcite/adapter/enumerable/NullPolicy.java,0,0,0.1292002681917086
1.9.0,core/src/main/java/org/apache/calcite/adapter/enumerable/PhysType.java,0,0,0.18613207306959373
1.9.0,core/src/main/java/org/apache/calcite/adapter/enumerable/PhysTypeImpl.java,1,1,0.7040189288783678
1.9.0,core/src/main/java/org/apache/calcite/adapter/enumerable/ReflectiveCallNotNullImplementor.java,0,1,0.5364833526217244
1.9.0,core/src/main/java/org/apache/calcite/adapter/enumerable/StrictAggImplementor.java,0,1,0.5050627693058283
1.9.0,core/src/main/java/org/apache/calcite/adapter/enumerable/StrictWinAggImplementor.java,0,0,0.20783671289731354
1.9.0,core/src/main/java/org/apache/calcite/adapter/enumerable/WinAggAddContext.java,0,0,0.18613207306959373
1.9.0,core/src/main/java/org/apache/calcite/adapter/enumerable/WinAggContext.java,0,0,0.18613207306959373
1.9.0,core/src/main/java/org/apache/calcite/adapter/enumerable/WinAggFrameContext.java,0,0,0.18613207306959373
1.9.0,core/src/main/java/org/apache/calcite/adapter/enumerable/WinAggFrameResultContext.java,0,0,0.18613207306959373
1.9.0,core/src/main/java/org/apache/calcite/adapter/enumerable/WinAggImplementor.java,0,0,0.1292002681917086
1.9.0,core/src/main/java/org/apache/calcite/adapter/enumerable/WinAggResetContext.java,0,0,0.18613207306959373
1.9.0,core/src/main/java/org/apache/calcite/adapter/enumerable/WinAggResultContext.java,0,0,0.18613207306959373
1.9.0,core/src/main/java/org/apache/calcite/adapter/java/AbstractQueryableTable.java,0,0,0.1292002681917086
1.9.0,core/src/main/java/org/apache/calcite/adapter/java/Array.java,0,0,0.18613207306959373
1.9.0,core/src/main/java/org/apache/calcite/adapter/java/JavaTypeFactory.java,0,0,0.18613207306959373
1.9.0,core/src/main/java/org/apache/calcite/adapter/java/Map.java,0,0,0.18613207306959373
1.9.0,core/src/main/java/org/apache/calcite/adapter/java/ReflectiveSchema.java,0,0,0.49499613745165433
1.9.0,core/src/main/java/org/apache/calcite/adapter/jdbc/JdbcConvention.java,0,0,0.41784591736816373
1.9.0,core/src/main/java/org/apache/calcite/adapter/jdbc/JdbcQueryProvider.java,0,0,0.18613207306959373
1.9.0,core/src/main/java/org/apache/calcite/adapter/jdbc/JdbcRel.java,0,0,0.18613207306959373
1.9.0,core/src/main/java/org/apache/calcite/adapter/jdbc/JdbcSchema.java,1,1,0.6292719330152188
1.9.0,core/src/main/java/org/apache/calcite/adapter/jdbc/JdbcTable.java,0,1,0.5707591450301552
1.9.0,core/src/main/java/org/apache/calcite/adapter/jdbc/JdbcToEnumerableConverter.java,0,0,0.3468352190599535
1.9.0,core/src/main/java/org/apache/calcite/adapter/jdbc/JdbcToEnumerableConverterRule.java,0,0,0.1292002681917086
1.9.0,core/src/main/java/org/apache/calcite/adapter/jdbc/JdbcUtils.java,0,1,0.7981478034079812
1.9.0,core/src/main/java/org/apache/calcite/plan/hep/HepInstruction.java,0,1,0.5073255020581476
1.9.0,core/src/main/java/org/apache/calcite/plan/hep/HepMatchOrder.java,0,0,0.1292002681917086
1.9.0,core/src/main/java/org/apache/calcite/plan/hep/HepPlanner.java,1,1,0.7755593204903278
1.9.0,core/src/main/java/org/apache/calcite/plan/hep/HepProgram.java,0,1,0.5854255389775929
1.9.0,core/src/main/java/org/apache/calcite/plan/hep/HepProgramBuilder.java,0,0,0.43459465467546443
1.9.0,core/src/main/java/org/apache/calcite/plan/hep/HepRelMetadataProvider.java,0,0,0.2307047658095583
1.9.0,core/src/main/java/org/apache/calcite/plan/hep/HepRelVertex.java,0,0,0.29345087283157056
1.9.0,core/src/main/java/org/apache/calcite/plan/hep/HepRuleCall.java,0,0,0.17405451711071046
1.9.0,core/src/main/java/org/apache/calcite/plan/volcano/AbstractConverter.java,0,0,0.48806166748492796
1.9.0,core/src/main/java/org/apache/calcite/plan/volcano/ChainedPhaseRuleMappingInitializer.java,0,0,0.18613207306959373
1.9.0,core/src/main/java/org/apache/calcite/plan/volcano/RelSubset.java,0,1,0.8361870499414583
1.9.0,core/src/main/java/org/apache/calcite/plan/volcano/VolcanoCost.java,0,1,0.5143677597483832
1.9.0,core/src/main/java/org/apache/calcite/plan/volcano/VolcanoPlannerPhase.java,0,0,0.1292002681917086
1.9.0,core/src/main/java/org/apache/calcite/plan/volcano/VolcanoPlannerPhaseRuleMappingInitializer.java,0,0,0.18613207306959373
1.9.0,core/src/main/java/org/apache/calcite/plan/volcano/VolcanoRelMetadataProvider.java,0,0,0.25808743747182095
1.9.0,core/src/main/java/org/apache/calcite/plan/volcano/VolcanoRuleCall.java,0,1,0.7241479788975141
1.9.0,core/src/main/java/org/apache/calcite/plan/volcano/VolcanoRuleMatch.java,0,1,0.6736347510347297
1.9.0,core/src/main/java/org/apache/calcite/rel/convert/Converter.java,0,0,0.18613207306959373
1.9.0,core/src/main/java/org/apache/calcite/rel/convert/ConverterImpl.java,0,0,0.1933540163736313
1.9.0,core/src/main/java/org/apache/calcite/rel/convert/ConverterRule.java,0,1,0.5918858505681575
1.9.0,core/src/main/java/org/apache/calcite/rel/convert/NoneConverter.java,0,0,0.18613207306959373
1.9.0,core/src/main/java/org/apache/calcite/rel/convert/TraitMatchingRule.java,0,0,0.18613207306959373
1.9.0,core/src/main/java/org/apache/calcite/rel/core/Aggregate.java,0,1,0.6061097582051197
1.9.0,core/src/main/java/org/apache/calcite/rel/core/AggregateCall.java,0,1,0.613947013039569
1.9.0,core/src/main/java/org/apache/calcite/rel/core/Calc.java,0,0,0.24415954273021834
1.9.0,core/src/main/java/org/apache/calcite/rel/core/Collect.java,0,0,0.38463663628715167
1.9.0,core/src/main/java/org/apache/calcite/rel/core/Correlate.java,0,0,0.423238590409918
1.9.0,core/src/main/java/org/apache/calcite/rel/core/CorrelationId.java,0,0,0.259056592498848
1.9.0,core/src/main/java/org/apache/calcite/rel/core/EquiJoin.java,0,0,0.12465513995634678
1.9.0,core/src/main/java/org/apache/calcite/rel/core/Exchange.java,0,0,0.4288793554487474
1.9.0,core/src/main/java/org/apache/calcite/rel/core/Filter.java,0,0,0.4612486037033468
1.9.0,core/src/main/java/org/apache/calcite/rel/core/Intersect.java,0,0,0.17139302111709087
1.9.0,core/src/main/java/org/apache/calcite/rel/core/JoinInfo.java,0,0,0.41932262193828096
1.9.0,core/src/main/java/org/apache/calcite/rel/core/JoinRelType.java,0,0,0.4640754263415279
1.9.0,core/src/main/java/org/apache/calcite/rel/core/Minus.java,0,0,0.15976912978660388
1.9.0,core/src/main/java/org/apache/calcite/rel/core/Project.java,1,0,0.4621416458955066
1.9.0,core/src/main/java/org/apache/calcite/rel/core/Sample.java,0,0,0.28164823706124037
1.9.0,core/src/main/java/org/apache/calcite/rel/core/SetOp.java,0,0,0.3396374662253911
1.9.0,core/src/main/java/org/apache/calcite/rel/core/Sort.java,1,0,0.45705715174370637
1.9.0,core/src/main/java/org/apache/calcite/rel/core/SortExchange.java,0,0,0.18613207306959373
1.9.0,core/src/main/java/org/apache/calcite/rel/core/TableFunctionScan.java,0,0,0.3458477704725214
1.9.0,core/src/main/java/org/apache/calcite/rel/core/TableModify.java,0,0,0.24027343987102218
1.9.0,core/src/main/java/org/apache/calcite/rel/core/TableScan.java,0,0,0.3617768608080785
1.9.0,core/src/main/java/org/apache/calcite/rel/core/Uncollect.java,0,1,0.5305773036527919
1.9.0,core/src/main/java/org/apache/calcite/rel/core/Union.java,0,0,0.37157533362829304
1.9.0,core/src/main/java/org/apache/calcite/rel/core/Values.java,0,1,0.7119022933411518
1.9.0,core/src/main/java/org/apache/calcite/rel/core/Window.java,0,1,0.5614390910299146
1.9.0,core/src/main/java/org/apache/calcite/rel/externalize/RelJsonReader.java,0,1,0.5750406378024273
1.9.0,core/src/main/java/org/apache/calcite/rel/externalize/RelJsonWriter.java,0,0,0.49257077334029997
1.9.0,core/src/main/java/org/apache/calcite/rel/externalize/RelWriterImpl.java,0,1,0.6075218694184292
1.9.0,core/src/main/java/org/apache/calcite/rel/externalize/RelXmlWriter.java,0,0,0.3375569418870367
1.9.0,core/src/main/java/org/apache/calcite/rel/logical/LogicalAggregate.java,0,0,0.36551766416102904
1.9.0,core/src/main/java/org/apache/calcite/rel/logical/LogicalCalc.java,0,0,0.15764242937335235
1.9.0,core/src/main/java/org/apache/calcite/rel/logical/LogicalCorrelate.java,0,0,0.3274872743111926
1.9.0,core/src/main/java/org/apache/calcite/rel/logical/LogicalExchange.java,0,0,0.46699547691194054
1.9.0,core/src/main/java/org/apache/calcite/rel/logical/LogicalFilter.java,0,0,0.39477156682803477
1.9.0,core/src/main/java/org/apache/calcite/rel/logical/LogicalIntersect.java,0,0,0.12725005936309655
1.9.0,core/src/main/java/org/apache/calcite/rel/logical/LogicalJoin.java,0,0,0.3062464357565621
1.9.0,core/src/main/java/org/apache/calcite/rel/logical/LogicalMinus.java,0,0,0.18976046826135748
1.9.0,core/src/main/java/org/apache/calcite/rel/logical/LogicalSort.java,0,0,0.38493894056363964
1.9.0,core/src/main/java/org/apache/calcite/rel/logical/LogicalTableFunctionScan.java,0,0,0.34442162844747265
1.9.0,core/src/main/java/org/apache/calcite/rel/logical/LogicalTableModify.java,0,0,0.3509077992090106
1.9.0,core/src/main/java/org/apache/calcite/rel/logical/LogicalTableScan.java,0,0,0.4140870812865205
1.9.0,core/src/main/java/org/apache/calcite/rel/logical/LogicalUnion.java,0,0,0.3392155356115284
1.9.0,core/src/main/java/org/apache/calcite/rel/logical/LogicalValues.java,0,0,0.3815526037654545
1.9.0,core/src/main/java/org/apache/calcite/rel/logical/LogicalWindow.java,0,1,0.5419143402787151
1.9.0,core/src/main/java/org/apache/calcite/rel/metadata/BuiltInMetadata.java,0,0,0.12106912311020586
1.9.0,core/src/main/java/org/apache/calcite/rel/metadata/CachingRelMetadataProvider.java,0,1,0.7209296063219128
1.9.0,core/src/main/java/org/apache/calcite/rel/metadata/ChainedRelMetadataProvider.java,0,0,0.48634904717577154
1.9.0,core/src/main/java/org/apache/calcite/rel/metadata/CyclicMetadataException.java,0,0,0.13113012914191524
1.9.0,core/src/main/java/org/apache/calcite/rel/metadata/DefaultRelMetadataProvider.java,0,0,0.1292002681917086
1.9.0,core/src/main/java/org/apache/calcite/rel/metadata/JaninoRelMetadataProvider.java,1,1,0.7580888456085226
1.9.0,core/src/main/java/org/apache/calcite/rel/metadata/Metadata.java,0,0,0.18613207306959373
1.9.0,core/src/main/java/org/apache/calcite/rel/metadata/MetadataDef.java,0,1,0.6121651466531943
1.9.0,core/src/main/java/org/apache/calcite/rel/metadata/MetadataFactory.java,0,0,0.18613207306959373
1.9.0,core/src/main/java/org/apache/calcite/rel/metadata/MetadataFactoryImpl.java,0,1,0.576685236102354
1.9.0,core/src/main/java/org/apache/calcite/rel/metadata/MetadataHandler.java,0,0,0.18613207306959373
1.9.0,core/src/main/java/org/apache/calcite/rel/metadata/NullSentinel.java,0,0,0.45645550922295713
1.9.0,core/src/main/java/org/apache/calcite/rel/metadata/ReflectiveRelMetadataProvider.java,0,1,0.720628981097977
1.9.0,core/src/main/java/org/apache/calcite/rel/metadata/RelColumnMapping.java,0,0,0.1887280184895778
1.9.0,core/src/main/java/org/apache/calcite/rel/metadata/RelColumnOrigin.java,0,0,0.41882107046559014
1.9.0,core/src/main/java/org/apache/calcite/rel/metadata/RelMdCollation.java,1,1,0.5333531269881341
1.9.0,core/src/main/java/org/apache/calcite/rel/metadata/RelMdColumnOrigins.java,0,0,0.4901944646949337
1.9.0,core/src/main/java/org/apache/calcite/rel/metadata/RelMdColumnUniqueness.java,1,1,0.5057610586501385
1.9.0,core/src/main/java/org/apache/calcite/rel/metadata/RelMdDistinctRowCount.java,0,0,0.21560825934158925
1.9.0,core/src/main/java/org/apache/calcite/rel/metadata/RelMdDistribution.java,0,0,0.18153081261379778
1.9.0,core/src/main/java/org/apache/calcite/rel/metadata/RelMdExplainVisibility.java,0,0,0.14822646394413344
1.9.0,core/src/main/java/org/apache/calcite/rel/metadata/RelMdMaxRowCount.java,0,0,0.36793998672085754
1.9.0,core/src/main/java/org/apache/calcite/rel/metadata/RelMdMemory.java,0,0,0.28081676531183575
1.9.0,core/src/main/java/org/apache/calcite/rel/metadata/RelMdParallelism.java,0,0,0.14283558438120936
1.9.0,core/src/main/java/org/apache/calcite/rel/metadata/RelMdPercentageOriginalRows.java,0,1,0.5234036177515113
1.9.0,core/src/main/java/org/apache/calcite/rel/metadata/RelMdPopulationSize.java,0,0,0.27113313841397774
1.9.0,core/src/main/java/org/apache/calcite/rel/metadata/RelMdRowCount.java,0,0,0.4612440443706226
1.9.0,core/src/main/java/org/apache/calcite/rel/metadata/RelMdSelectivity.java,0,0,0.49058813732948364
1.9.0,core/src/main/java/org/apache/calcite/rel/metadata/RelMdUniqueKeys.java,0,0,0.41850260679310186
1.9.0,core/src/main/java/org/apache/calcite/rel/metadata/RelMdUtil.java,1,1,0.5282305574305225
1.9.0,core/src/main/java/org/apache/calcite/rel/metadata/RelMetadataProvider.java,0,0,0.25780089162011566
1.9.0,core/src/main/java/org/apache/calcite/rel/metadata/RelMetadataQuery.java,0,0,0.28121305754980724
1.9.0,core/src/main/java/org/apache/calcite/rel/metadata/UnboundMetadata.java,0,0,0.18613207306959373
1.9.0,core/src/main/java/org/apache/calcite/rel/rules/AggregateFilterTransposeRule.java,0,1,0.5589367221335032
1.9.0,core/src/main/java/org/apache/calcite/rel/rules/AggregateJoinTransposeRule.java,1,1,0.854719851890545
1.9.0,core/src/main/java/org/apache/calcite/rel/rules/AggregateProjectMergeRule.java,0,1,0.5071015620591973
1.9.0,core/src/main/java/org/apache/calcite/rel/rules/AggregateProjectPullUpConstantsRule.java,1,1,0.7364354559333377
1.9.0,core/src/main/java/org/apache/calcite/rel/rules/AggregateReduceFunctionsRule.java,0,1,0.6286306589807606
1.9.0,core/src/main/java/org/apache/calcite/rel/rules/AggregateRemoveRule.java,0,1,0.6166653545940091
1.9.0,core/src/main/java/org/apache/calcite/rel/rules/AggregateStarTableRule.java,0,1,0.5376626248105137
1.9.0,core/src/main/java/org/apache/calcite/rel/rules/AggregateUnionAggregateRule.java,0,1,0.5225635519384083
1.9.0,core/src/main/java/org/apache/calcite/rel/rules/AggregateUnionTransposeRule.java,0,1,0.5221768624279741
1.9.0,core/src/main/java/org/apache/calcite/rel/rules/CalcMergeRule.java,0,1,0.5638276147519484
1.9.0,core/src/main/java/org/apache/calcite/rel/rules/CalcRemoveRule.java,0,0,0.12999489065914
1.9.0,core/src/main/java/org/apache/calcite/rel/rules/CalcSplitRule.java,0,0,0.0951057140060526
1.9.0,core/src/main/java/org/apache/calcite/rel/rules/CoerceInputsRule.java,0,1,0.5382184045508801
1.9.0,core/src/main/java/org/apache/calcite/rel/rules/EquiJoin.java,0,0,0.18613207306959373
1.9.0,core/src/main/java/org/apache/calcite/rel/rules/FilterAggregateTransposeRule.java,0,1,0.5036565999853306
1.9.0,core/src/main/java/org/apache/calcite/rel/rules/FilterCalcMergeRule.java,0,0,0.13971042212585236
1.9.0,core/src/main/java/org/apache/calcite/rel/rules/FilterCorrelateRule.java,0,1,0.5665958733883062
1.9.0,core/src/main/java/org/apache/calcite/rel/rules/FilterJoinRule.java,0,1,0.5583883083131993
1.9.0,core/src/main/java/org/apache/calcite/rel/rules/FilterMergeRule.java,0,0,0.15669150252120537
1.9.0,core/src/main/java/org/apache/calcite/rel/rules/FilterMultiJoinMergeRule.java,0,0,0.1887280184895778
1.9.0,core/src/main/java/org/apache/calcite/rel/rules/FilterProjectTransposeRule.java,1,1,0.5258853635172144
1.9.0,core/src/main/java/org/apache/calcite/rel/rules/FilterRemoveIsNotDistinctFromRule.java,0,0,0.2420453176827633
1.9.0,core/src/main/java/org/apache/calcite/rel/rules/FilterSetOpTransposeRule.java,0,1,0.5431700469580384
1.9.0,core/src/main/java/org/apache/calcite/rel/rules/FilterTableFunctionTransposeRule.java,0,0,0.1887280184895778
1.9.0,core/src/main/java/org/apache/calcite/rel/rules/FilterTableScanRule.java,0,0,0.4377352538314839
1.9.0,core/src/main/java/org/apache/calcite/rel/rules/FilterToCalcRule.java,0,0,0.13382803051734177
1.9.0,core/src/main/java/org/apache/calcite/rel/rules/JoinAddRedundantSemiJoinRule.java,0,1,0.5065283062755137
1.9.0,core/src/main/java/org/apache/calcite/rel/rules/JoinAssociateRule.java,0,0,0.30844458882685455
1.9.0,core/src/main/java/org/apache/calcite/rel/rules/JoinCommuteRule.java,0,0,0.4307779897001313
1.9.0,core/src/main/java/org/apache/calcite/rel/rules/JoinExtractFilterRule.java,0,1,0.5050320428688194
1.9.0,core/src/main/java/org/apache/calcite/rel/rules/JoinPushExpressionsRule.java,0,1,0.5015565516432143
1.9.0,core/src/main/java/org/apache/calcite/rel/rules/JoinPushThroughJoinRule.java,0,1,0.5936318588304119
1.9.0,core/src/main/java/org/apache/calcite/rel/rules/JoinPushTransitivePredicatesRule.java,0,1,0.64887563444553
1.9.0,core/src/main/java/org/apache/calcite/rel/rules/JoinToCorrelateRule.java,0,0,0.18613207306959373
1.9.0,core/src/main/java/org/apache/calcite/rel/rules/JoinToMultiJoinRule.java,0,1,0.5426329574949114
1.9.0,core/src/main/java/org/apache/calcite/rel/rules/JoinUnionTransposeRule.java,0,1,0.5641613162204205
1.9.0,core/src/main/java/org/apache/calcite/rel/rules/LoptJoinTree.java,0,0,0.10421489553922426
1.9.0,core/src/main/java/org/apache/calcite/rel/rules/LoptMultiJoin.java,0,0,0.40283349475952085
1.9.0,core/src/main/java/org/apache/calcite/rel/rules/MaterializedViewFilterScanRule.java,0,1,0.5726092521548952
1.9.0,core/src/main/java/org/apache/calcite/rel/rules/MultiJoin.java,0,1,0.5144533491375743
1.9.0,core/src/main/java/org/apache/calcite/rel/rules/MultiJoinOptimizeBushyRule.java,0,1,0.6680984487089139
1.9.0,core/src/main/java/org/apache/calcite/rel/rules/MultiJoinProjectTransposeRule.java,0,0,0.18613207306959373
1.9.0,core/src/main/java/org/apache/calcite/rel/rules/ProjectCalcMergeRule.java,0,0,0.1609824300974141
1.9.0,core/src/main/java/org/apache/calcite/rel/rules/ProjectMergeRule.java,0,0,0.47130795895771044
1.9.0,core/src/main/java/org/apache/calcite/rel/rules/ProjectMultiJoinMergeRule.java,0,0,0.1887280184895778
1.9.0,core/src/main/java/org/apache/calcite/rel/rules/ProjectRemoveRule.java,0,0,0.42465511401986805
1.9.0,core/src/main/java/org/apache/calcite/rel/rules/ProjectTableScanRule.java,0,0,0.488715260715632
1.9.0,core/src/main/java/org/apache/calcite/rel/rules/ProjectToCalcRule.java,0,0,0.13382803051734177
1.9.0,core/src/main/java/org/apache/calcite/rel/rules/ProjectToWindowRule.java,0,1,0.5111180621039786
1.9.0,core/src/main/java/org/apache/calcite/rel/rules/ProjectWindowTransposeRule.java,0,1,0.5237095245108908
1.9.0,core/src/main/java/org/apache/calcite/rel/rules/PruneEmptyRules.java,0,1,0.5112994808046409
1.9.0,core/src/main/java/org/apache/calcite/rel/rules/ReduceDecimalsRule.java,0,1,0.5887173256397111
1.9.0,core/src/main/java/org/apache/calcite/rel/rules/SemiJoinFilterTransposeRule.java,0,0,0.13113012914191524
1.9.0,core/src/main/java/org/apache/calcite/rel/rules/SemiJoinJoinTransposeRule.java,0,1,0.528532332397208
1.9.0,core/src/main/java/org/apache/calcite/rel/rules/SemiJoinRemoveRule.java,0,0,0.13113012914191524
1.9.0,core/src/main/java/org/apache/calcite/rel/rules/SemiJoinRule.java,0,1,0.5630855340331481
1.9.0,core/src/main/java/org/apache/calcite/rel/rules/SortJoinTransposeRule.java,0,0,0.41147231908970255
1.9.0,core/src/main/java/org/apache/calcite/rel/rules/SortRemoveRule.java,0,1,0.5495918210597052
1.9.0,core/src/main/java/org/apache/calcite/rel/rules/SortUnionTransposeRule.java,0,1,0.5354850749054959
1.9.0,core/src/main/java/org/apache/calcite/rel/rules/SubQueryRemoveRule.java,1,1,0.6160145146565758
1.9.0,core/src/main/java/org/apache/calcite/rel/rules/TableScanRule.java,0,0,0.09675000179298762
1.9.0,core/src/main/java/org/apache/calcite/rel/rules/UnionEliminatorRule.java,0,0,0.1887280184895778
1.9.0,core/src/main/java/org/apache/calcite/rel/rules/UnionMergeRule.java,0,0,0.18613207306959373
1.9.0,core/src/main/java/org/apache/calcite/rel/rules/UnionToDistinctRule.java,0,1,0.543712341993506
1.9.0,core/src/main/java/org/apache/calcite/rel/rules/ValuesReduceRule.java,1,1,0.5506708717132599
1.9.0,core/src/main/java/org/apache/calcite/rel/stream/Chi.java,0,0,0.1396491049150387
1.9.0,core/src/main/java/org/apache/calcite/rel/stream/Delta.java,0,0,0.17151410257858396
1.9.0,core/src/main/java/org/apache/calcite/rel/stream/LogicalChi.java,0,0,0.18613207306959373
1.9.0,core/src/main/java/org/apache/calcite/rel/stream/LogicalDelta.java,0,0,0.1157948284678978
1.9.0,core/src/main/java/org/apache/calcite/rel/type/DynamicRecordType.java,0,0,0.13516917648735358
1.9.0,core/src/main/java/org/apache/calcite/rel/type/RelCrossType.java,0,1,0.644985224951108
1.9.0,core/src/main/java/org/apache/calcite/rel/type/RelDataTypeComparability.java,0,0,0.1292002681917086
1.9.0,core/src/main/java/org/apache/calcite/rel/type/RelDataTypeFamily.java,0,0,0.18613207306959373
1.9.0,core/src/main/java/org/apache/calcite/rel/type/RelDataTypeField.java,0,0,0.22323534949876483
1.9.0,core/src/main/java/org/apache/calcite/rel/type/RelDataTypeFieldImpl.java,0,1,0.5900676173356539
1.9.0,core/src/main/java/org/apache/calcite/rel/type/RelDataTypePrecedenceList.java,0,0,0.18613207306959373
1.9.0,core/src/main/java/org/apache/calcite/rel/type/RelProtoDataType.java,0,0,0.18613207306959373
1.9.0,core/src/main/java/org/apache/calcite/schema/impl/AbstractSchema.java,0,0,0.24066944164526968
1.9.0,core/src/main/java/org/apache/calcite/schema/impl/AbstractTable.java,0,0,0.13113012914191524
1.9.0,core/src/main/java/org/apache/calcite/schema/impl/AbstractTableQueryable.java,0,0,0.2132187591269292
1.9.0,core/src/main/java/org/apache/calcite/schema/impl/DelegatingSchema.java,0,0,0.18613207306959373
1.9.0,core/src/main/java/org/apache/calcite/schema/impl/ReflectiveFunctionBase.java,1,1,0.5691300740994247
1.9.0,core/src/main/java/org/apache/calcite/schema/impl/ScalarFunctionImpl.java,0,1,0.5225374479076816
1.9.0,core/src/main/java/org/apache/calcite/schema/impl/StarTable.java,0,0,0.4220976477364457
1.9.0,core/src/main/java/org/apache/calcite/schema/impl/TableFunctionImpl.java,0,1,0.5512776408596309
1.9.0,core/src/main/java/org/apache/calcite/schema/impl/TableMacroImpl.java,0,0,0.49582223301443146
1.9.0,core/src/main/java/org/apache/calcite/sql/advise/SqlAdvisor.java,0,0,0.36668455547057516
1.9.0,core/src/main/java/org/apache/calcite/sql/advise/SqlAdvisorGetHintsFunction.java,0,1,0.5028108249211699
1.9.0,core/src/main/java/org/apache/calcite/sql/advise/SqlAdvisorHint.java,0,0,0.4784548448384193
1.9.0,core/src/main/java/org/apache/calcite/sql/advise/SqlAdvisorValidator.java,0,0,0.46508826479753573
1.9.0,core/src/main/java/org/apache/calcite/sql/advise/SqlSimpleParser.java,0,0,0.35425294991949635
1.9.0,core/src/main/java/org/apache/calcite/sql/fun/OracleSqlOperatorTable.java,0,1,0.6160306699579969
1.9.0,core/src/main/java/org/apache/calcite/sql/fun/SqlAbstractGroupFunction.java,0,1,0.542406134564016
1.9.0,core/src/main/java/org/apache/calcite/sql/fun/SqlAbstractTimeFunction.java,0,1,0.5764512412878603
1.9.0,core/src/main/java/org/apache/calcite/sql/fun/SqlArgumentAssignmentOperator.java,0,0,0.1292002681917086
1.9.0,core/src/main/java/org/apache/calcite/sql/fun/SqlArrayQueryConstructor.java,0,0,0.1292002681917086
1.9.0,core/src/main/java/org/apache/calcite/sql/fun/SqlArrayValueConstructor.java,0,0,0.402088145568283
1.9.0,core/src/main/java/org/apache/calcite/sql/fun/SqlAvgAggFunction.java,0,0,0.33623284650735535
1.9.0,core/src/main/java/org/apache/calcite/sql/fun/SqlCase.java,0,0,0.36097060509579093
1.9.0,core/src/main/java/org/apache/calcite/sql/fun/SqlCaseOperator.java,0,0,0.48697643295091014
1.9.0,core/src/main/java/org/apache/calcite/sql/fun/SqlCastFunction.java,0,1,0.5014549554743842
1.9.0,core/src/main/java/org/apache/calcite/sql/fun/SqlCoalesceFunction.java,0,1,0.5411532725147371
1.9.0,core/src/main/java/org/apache/calcite/sql/fun/SqlCollectionTableOperator.java,0,0,0.18569881776272046
1.9.0,core/src/main/java/org/apache/calcite/sql/fun/SqlColumnListConstructor.java,0,0,0.1577833735330105
1.9.0,core/src/main/java/org/apache/calcite/sql/fun/SqlConvertFunction.java,0,0,0.21624652544844772
1.9.0,core/src/main/java/org/apache/calcite/sql/fun/SqlCountAggFunction.java,0,0,0.41582876723143997
1.9.0,core/src/main/java/org/apache/calcite/sql/fun/SqlCovarAggFunction.java,0,0,0.3643483396302986
1.9.0,core/src/main/java/org/apache/calcite/sql/fun/SqlCurrentDateFunction.java,0,0,0.13938361953162193
1.9.0,core/src/main/java/org/apache/calcite/sql/fun/SqlCursorConstructor.java,0,0,0.38569572704432337
1.9.0,core/src/main/java/org/apache/calcite/sql/fun/SqlDefaultOperator.java,0,0,0.1292002681917086
1.9.0,core/src/main/java/org/apache/calcite/sql/fun/SqlExtendOperator.java,0,1,0.5432725340685353
1.9.0,core/src/main/java/org/apache/calcite/sql/fun/SqlFirstLastValueAggFunction.java,0,0,0.32864755057513817
1.9.0,core/src/main/java/org/apache/calcite/sql/fun/SqlFloorFunction.java,0,1,0.5269843474199267
1.9.0,core/src/main/java/org/apache/calcite/sql/fun/SqlGroupIdFunction.java,0,0,0.1292002681917086
1.9.0,core/src/main/java/org/apache/calcite/sql/fun/SqlGroupingFunction.java,0,0,0.1292002681917086
1.9.0,core/src/main/java/org/apache/calcite/sql/fun/SqlGroupingIdFunction.java,0,0,0.1292002681917086
1.9.0,core/src/main/java/org/apache/calcite/sql/fun/SqlHistogramAggFunction.java,0,0,0.18758174178621007
1.9.0,core/src/main/java/org/apache/calcite/sql/fun/SqlInOperator.java,0,1,0.5430144430309904
1.9.0,core/src/main/java/org/apache/calcite/sql/fun/SqlLeadLagAggFunction.java,0,0,0.4373710622598456
1.9.0,core/src/main/java/org/apache/calcite/sql/fun/SqlLiteralChainOperator.java,0,1,0.6485861175410798
1.9.0,core/src/main/java/org/apache/calcite/sql/fun/SqlMapQueryConstructor.java,0,0,0.1292002681917086
1.9.0,core/src/main/java/org/apache/calcite/sql/fun/SqlMapValueConstructor.java,0,1,0.6232271239152336
1.9.0,core/src/main/java/org/apache/calcite/sql/fun/SqlMinMaxAggFunction.java,0,0,0.30677444258926456
1.9.0,core/src/main/java/org/apache/calcite/sql/fun/SqlMonotonicBinaryOperator.java,0,1,0.5729831139949664
1.9.0,core/src/main/java/org/apache/calcite/sql/fun/SqlMonotonicUnaryFunction.java,0,0,0.1864995946107243
1.9.0,core/src/main/java/org/apache/calcite/sql/fun/SqlMultisetMemberOfOperator.java,0,1,0.5080377628205207
1.9.0,core/src/main/java/org/apache/calcite/sql/fun/SqlMultisetQueryConstructor.java,0,0,0.21330482390244562
1.9.0,core/src/main/java/org/apache/calcite/sql/fun/SqlMultisetSetOperator.java,0,0,0.27670349696761815
1.9.0,core/src/main/java/org/apache/calcite/sql/fun/SqlMultisetValueConstructor.java,0,1,0.5235377054917494
1.9.0,core/src/main/java/org/apache/calcite/sql/fun/SqlNewOperator.java,0,0,0.14129872791885587
1.9.0,core/src/main/java/org/apache/calcite/sql/fun/SqlNtileAggFunction.java,0,0,0.1292002681917086
1.9.0,core/src/main/java/org/apache/calcite/sql/fun/SqlNullifFunction.java,0,0,0.43192501797005284
1.9.0,core/src/main/java/org/apache/calcite/sql/fun/SqlOverlapsOperator.java,0,0,0.39135256134642654
1.9.0,core/src/main/java/org/apache/calcite/sql/fun/SqlOverlayFunction.java,0,1,0.551923709546585
1.9.0,core/src/main/java/org/apache/calcite/sql/fun/SqlPositionFunction.java,0,1,0.5012531903104296
1.9.0,core/src/main/java/org/apache/calcite/sql/fun/SqlQuarterFunction.java,0,0,0.18516648560677818
1.9.0,core/src/main/java/org/apache/calcite/sql/fun/SqlRollupOperator.java,0,1,0.5307497889613627
1.9.0,core/src/main/java/org/apache/calcite/sql/fun/SqlRowOperator.java,0,0,0.13518647526370697
1.9.0,core/src/main/java/org/apache/calcite/sql/fun/SqlSequenceValueOperator.java,0,1,0.5598592306592147
1.9.0,core/src/main/java/org/apache/calcite/sql/fun/SqlSingleValueAggFunction.java,0,0,0.18758174178621007
1.9.0,core/src/main/java/org/apache/calcite/sql/fun/SqlStringContextVariable.java,0,0,0.13938361953162193
1.9.0,core/src/main/java/org/apache/calcite/sql/fun/SqlSubstringFunction.java,0,0,0.4948839723977327
1.9.0,core/src/main/java/org/apache/calcite/sql/fun/SqlSumAggFunction.java,0,0,0.3881864272060609
1.9.0,core/src/main/java/org/apache/calcite/sql/fun/SqlSumEmptyIsZeroAggFunction.java,1,0,0.39196836867501883
1.9.0,core/src/main/java/org/apache/calcite/sql/fun/SqlThrowOperator.java,0,0,0.12536801156422914
1.9.0,core/src/main/java/org/apache/calcite/sql/fun/SqlTranslate3Function.java,0,1,0.5961660777358557
1.9.0,core/src/main/java/org/apache/calcite/sql/fun/SqlTrimFunction.java,1,1,0.5269135766673293
1.9.0,core/src/main/java/org/apache/calcite/sql/parser/SqlParseException.java,0,1,0.5126059255307427
1.9.0,core/src/main/java/org/apache/calcite/sql/parser/SqlParser.java,0,1,0.5154829612125144
1.9.0,core/src/main/java/org/apache/calcite/sql/parser/SqlParserImplFactory.java,0,0,0.18613207306959373
1.9.0,core/src/main/java/org/apache/calcite/sql/parser/SqlParserPos.java,0,1,0.6164760430199775
1.9.0,core/src/main/java/org/apache/calcite/sql/pretty/SqlFormatOptions.java,0,0,0.1396491049150387
1.9.0,core/src/main/java/org/apache/calcite/sql/pretty/SqlPrettyWriter.java,0,0,0.2518081667011247
1.9.0,core/src/main/java/org/apache/calcite/sql/type/AbstractSqlType.java,0,0,0.39036397741781675
1.9.0,core/src/main/java/org/apache/calcite/sql/type/ArraySqlType.java,0,1,0.5028108249211699
1.9.0,core/src/main/java/org/apache/calcite/sql/type/AssignableOperandTypeChecker.java,0,0,0.467460698606245
1.9.0,core/src/main/java/org/apache/calcite/sql/type/BasicSqlType.java,0,1,0.5943038123188565
1.9.0,core/src/main/java/org/apache/calcite/sql/type/ComparableOperandTypeChecker.java,0,1,0.5451693468414406
1.9.0,core/src/main/java/org/apache/calcite/sql/type/CompositeOperandTypeChecker.java,1,1,0.6089546047341875
1.9.0,core/src/main/java/org/apache/calcite/sql/type/CompositeSingleOperandTypeChecker.java,0,1,0.6037883026085756
1.9.0,core/src/main/java/org/apache/calcite/sql/type/CursorReturnTypeInference.java,0,0,0.18613207306959373
1.9.0,core/src/main/java/org/apache/calcite/sql/type/ExplicitOperandTypeInference.java,0,1,0.6024768286952153
1.9.0,core/src/main/java/org/apache/calcite/sql/type/ExplicitReturnTypeInference.java,0,0,0.4704543271841743
1.9.0,core/src/main/java/org/apache/calcite/sql/type/ExtraSqlTypes.java,0,0,0.1887280184895778
1.9.0,core/src/main/java/org/apache/calcite/sql/type/FamilyOperandTypeChecker.java,0,1,0.5028108249211699
1.9.0,core/src/main/java/org/apache/calcite/sql/type/InferTypes.java,0,1,0.5155896760539208
1.9.0,core/src/main/java/org/apache/calcite/sql/type/JavaToSqlTypeConversionRules.java,0,0,0.09527063825755035
1.9.0,core/src/main/java/org/apache/calcite/sql/type/LiteralOperandTypeChecker.java,0,1,0.527309095025329
1.9.0,core/src/main/java/org/apache/calcite/sql/type/MapSqlType.java,0,1,0.539689593138648
1.9.0,core/src/main/java/org/apache/calcite/sql/type/MultisetOperandTypeChecker.java,0,0,0.41092676976667875
1.9.0,core/src/main/java/org/apache/calcite/sql/type/MultisetSqlType.java,0,0,0.49620323046092996
1.9.0,core/src/main/java/org/apache/calcite/sql/type/ObjectSqlType.java,0,0,0.1566985470726178
1.9.0,core/src/main/java/org/apache/calcite/sql/type/OperandsTypeChecking.java,0,0,0.1913516566970255
1.9.0,core/src/main/java/org/apache/calcite/sql/type/OperandTypes.java,0,0,0.49265986850664545
1.9.0,core/src/main/java/org/apache/calcite/sql/type/OrdinalReturnTypeInference.java,0,0,0.1292002681917086
1.9.0,core/src/main/java/org/apache/calcite/sql/type/SameOperandTypeChecker.java,0,1,0.6212729737158504
1.9.0,core/src/main/java/org/apache/calcite/sql/type/SetopOperandTypeChecker.java,0,1,0.5023341456420343
1.9.0,core/src/main/java/org/apache/calcite/sql/type/SqlOperandCountRanges.java,0,0,0.418397874439555
1.9.0,core/src/main/java/org/apache/calcite/sql/type/SqlOperandTypeChecker.java,0,0,0.1292002681917086
1.9.0,core/src/main/java/org/apache/calcite/sql/type/SqlOperandTypeInference.java,0,0,0.1887280184895778
1.9.0,core/src/main/java/org/apache/calcite/sql/type/SqlReturnTypeInference.java,0,0,0.18613207306959373
1.9.0,core/src/main/java/org/apache/calcite/sql/type/SqlReturnTypeInferenceChain.java,0,1,0.6329105130441127
1.9.0,core/src/main/java/org/apache/calcite/sql/type/SqlSingleOperandTypeChecker.java,0,0,0.18613207306959373
1.9.0,core/src/main/java/org/apache/calcite/sql/type/SqlTypeTransform.java,0,0,0.18613207306959373
1.9.0,core/src/main/java/org/apache/calcite/sql/type/SqlTypeTransformCascade.java,0,1,0.5984212853045516
1.9.0,core/src/main/java/org/apache/calcite/sql/type/SqlTypeTransforms.java,0,0,0.47064996284406274
1.9.0,core/src/main/java/org/apache/calcite/sql/type/TableFunctionReturnTypeInference.java,0,0,0.18613207306959373
1.9.0,core/src/main/java/org/apache/calcite/sql/util/ChainedSqlOperatorTable.java,0,0,0.21553295128130848
1.9.0,core/src/main/java/org/apache/calcite/sql/util/ReflectiveSqlOperatorTable.java,0,0,0.4647483988265722
1.9.0,core/src/main/java/org/apache/calcite/sql/util/SqlBasicVisitor.java,0,0,0.4213324142201324
1.9.0,core/src/main/java/org/apache/calcite/sql/util/SqlBuilder.java,0,1,0.5035622265665964
1.9.0,core/src/main/java/org/apache/calcite/sql/util/SqlShuttle.java,0,1,0.5816846257797699
1.9.0,core/src/main/java/org/apache/calcite/sql/util/SqlString.java,0,0,0.44040339968182934
1.9.0,core/src/main/java/org/apache/calcite/sql/util/SqlVisitor.java,0,0,0.18613207306959373
1.9.0,core/src/main/java/org/apache/calcite/sql/validate/AbstractNamespace.java,0,1,0.6254791946513333
1.9.0,core/src/main/java/org/apache/calcite/sql/validate/AggregatingScope.java,0,0,0.18613207306959373
1.9.0,core/src/main/java/org/apache/calcite/sql/validate/AliasNamespace.java,0,1,0.5995484442704839
1.9.0,core/src/main/java/org/apache/calcite/sql/validate/CollectNamespace.java,0,1,0.5516718415319232
1.9.0,core/src/main/java/org/apache/calcite/sql/validate/CollectScope.java,0,0,0.40979000570347884
1.9.0,core/src/main/java/org/apache/calcite/sql/validate/DelegatingNamespace.java,0,0,0.22290052063710883
1.9.0,core/src/main/java/org/apache/calcite/sql/validate/DelegatingSqlValidatorCatalogReader.java,0,0,0.18613207306959373
1.9.0,core/src/main/java/org/apache/calcite/sql/validate/DelegatingSqlValidatorTable.java,0,0,0.18613207306959373
1.9.0,core/src/main/java/org/apache/calcite/sql/validate/FieldNamespace.java,0,0,0.48501386236885635
1.9.0,core/src/main/java/org/apache/calcite/sql/validate/IdentifierNamespace.java,0,1,0.5817898823539568
1.9.0,core/src/main/java/org/apache/calcite/sql/validate/JoinNamespace.java,0,1,0.5765316667212564
1.9.0,core/src/main/java/org/apache/calcite/sql/validate/JoinScope.java,0,0,0.3960991243452877
1.9.0,core/src/main/java/org/apache/calcite/sql/validate/OrderByScope.java,0,1,0.5720968715732354
1.9.0,core/src/main/java/org/apache/calcite/sql/validate/OverScope.java,0,0,0.18613207306959373
1.9.0,core/src/main/java/org/apache/calcite/sql/validate/ParameterNamespace.java,0,0,0.22222855656501594
1.9.0,core/src/main/java/org/apache/calcite/sql/validate/ProcedureNamespace.java,0,1,0.6468886792841957
1.9.0,core/src/main/java/org/apache/calcite/sql/validate/SchemaNamespace.java,0,0,0.2184420054123103
1.9.0,core/src/main/java/org/apache/calcite/sql/validate/SelectNamespace.java,0,0,0.1568903930652387
1.9.0,core/src/main/java/org/apache/calcite/sql/validate/SelectScope.java,0,0,0.4998351816793459
1.9.0,core/src/main/java/org/apache/calcite/sql/validate/SetopNamespace.java,0,1,0.604230715472268
1.9.0,core/src/main/java/org/apache/calcite/sql/validate/SqlConformance.java,0,1,0.6157115030214458
1.9.0,core/src/main/java/org/apache/calcite/sql/validate/SqlIdentifierMoniker.java,0,0,0.10330099200322601
1.9.0,core/src/main/java/org/apache/calcite/sql/validate/SqlModality.java,0,0,0.1292002681917086
1.9.0,core/src/main/java/org/apache/calcite/sql/validate/SqlMoniker.java,0,0,0.41784591736816373
1.9.0,core/src/main/java/org/apache/calcite/sql/validate/SqlMonikerImpl.java,0,0,0.4122939735777163
1.9.0,core/src/main/java/org/apache/calcite/sql/validate/SqlMonikerType.java,0,0,0.1292002681917086
1.9.0,core/src/main/java/org/apache/calcite/sql/validate/SqlMonotonicity.java,0,0,0.43782665744028976
1.9.0,core/src/main/java/org/apache/calcite/sql/validate/SqlScopedShuttle.java,0,0,0.1292002681917086
1.9.0,core/src/main/java/org/apache/calcite/sql/validate/SqlUserDefinedAggFunction.java,0,0,0.2232655494093689
1.9.0,core/src/main/java/org/apache/calcite/sql/validate/SqlUserDefinedTableMacro.java,0,1,0.6927200135458194
1.9.0,core/src/main/java/org/apache/calcite/sql/validate/SqlValidator.java,0,0,0.12509201955307334
1.9.0,core/src/main/java/org/apache/calcite/sql/validate/SqlValidatorException.java,0,0,0.1716177089089228
1.9.0,core/src/main/java/org/apache/calcite/sql/validate/SqlValidatorNamespace.java,0,0,0.2529005136008277
1.9.0,core/src/main/java/org/apache/calcite/sql/validate/SqlValidatorTable.java,0,0,0.18613207306959373
1.9.0,core/src/main/java/org/apache/calcite/sql/validate/SqlValidatorWithHints.java,0,0,0.18613207306959373
1.9.0,core/src/main/java/org/apache/calcite/sql/validate/TableConstructorNamespace.java,0,1,0.5533001365332411
1.9.0,core/src/main/java/org/apache/calcite/sql/validate/TableNamespace.java,0,1,0.5581996736699205
1.9.0,core/src/main/java/org/apache/calcite/sql/validate/UnnestNamespace.java,0,1,0.5777212071956611
1.9.0,core/src/main/java/org/apache/calcite/sql/validate/WithItemNamespace.java,0,1,0.5946723495726535
1.9.0,core/src/main/java/org/apache/calcite/sql/validate/WithNamespace.java,0,1,0.5591571827855193
1.9.0,core/src/main/java/org/apache/calcite/util/graph/BreadthFirstIterator.java,0,0,0.4240958223028437
1.9.0,core/src/main/java/org/apache/calcite/util/graph/CycleDetector.java,0,0,0.1292002681917086
1.9.0,core/src/main/java/org/apache/calcite/util/graph/DefaultDirectedGraph.java,0,1,0.8098740619361885
1.9.0,core/src/main/java/org/apache/calcite/util/graph/DefaultEdge.java,0,1,0.5103924855706151
1.9.0,core/src/main/java/org/apache/calcite/util/graph/DepthFirstIterator.java,0,0,0.3870534754636683
1.9.0,core/src/main/java/org/apache/calcite/util/graph/DirectedGraph.java,0,0,0.2387760528903199
1.9.0,core/src/main/java/org/apache/calcite/util/graph/Graphs.java,0,1,0.7688519827498432
1.9.0,core/src/main/java/org/apache/calcite/util/graph/TopologicalOrderIterator.java,0,1,0.7174813895724539
1.9.0,core/src/main/java/org/apache/calcite/util/javac/JaninoCompiler.java,0,0,0.31033359334993005
1.9.0,core/src/main/java/org/apache/calcite/util/javac/JavaCompiler.java,0,0,0.18613207306959373
1.9.0,core/src/main/java/org/apache/calcite/util/javac/JavaCompilerArgs.java,0,0,0.23610647010733474
1.9.0,core/src/main/java/org/apache/calcite/util/mapping/AbstractSourceMapping.java,0,0,0.16014113518132744
1.9.0,core/src/main/java/org/apache/calcite/util/mapping/AbstractTargetMapping.java,0,0,0.1461680272989544
1.9.0,core/src/main/java/org/apache/calcite/util/mapping/IntPair.java,0,0,0.19383369443408316
1.9.0,core/src/main/java/org/apache/calcite/util/mapping/Mapping.java,0,0,0.18613207306959373
1.9.0,core/src/main/java/org/apache/calcite/util/mapping/Mappings.java,0,1,0.6055878356883528
1.9.0,core/src/main/java/org/apache/calcite/util/mapping/MappingType.java,0,0,0.3776735730485342
1.9.0,core/src/main/java/org/apache/calcite/util/trace/CalciteLogger.java,0,0,0.1750300098566831
1.9.0,core/src/main/java/org/apache/calcite/util/trace/CalciteTimingTracer.java,0,0,0.1396491049150387
1.9.0,core/src/main/java/org/apache/calcite/util/trace/CalciteTrace.java,0,0,0.15094903808222984
1.9.0,core/src/main/java/org/apache/calcite/adapter/enumerable/impl/AggAddContextImpl.java,0,0,0.1292002681917086
1.9.0,core/src/main/java/org/apache/calcite/adapter/enumerable/impl/AggResetContextImpl.java,0,0,0.09527063825755035
1.9.0,core/src/main/java/org/apache/calcite/adapter/enumerable/impl/AggResultContextImpl.java,0,0,0.1292002681917086
1.9.0,core/src/main/java/org/apache/calcite/adapter/enumerable/impl/WinAggAddContextImpl.java,0,0,0.1292002681917086
1.9.0,core/src/main/java/org/apache/calcite/adapter/enumerable/impl/WinAggResetContextImpl.java,0,0,0.2015342330937078
1.9.0,core/src/main/java/org/apache/calcite/adapter/enumerable/impl/WinAggResultContextImpl.java,0,0,0.1503024626599322
1.9.0,avatica/core/src/main/java/org/apache/calcite/avatica/AvaticaClientRuntimeException.java,0,0,0.14274102427613572
1.9.0,avatica/core/src/main/java/org/apache/calcite/avatica/AvaticaDatabaseMetaData.java,0,1,0.954407462190866
1.9.0,avatica/core/src/main/java/org/apache/calcite/avatica/AvaticaFactory.java,0,0,0.3073289379109083
1.9.0,avatica/core/src/main/java/org/apache/calcite/avatica/AvaticaJdbc41Factory.java,0,0,0.3994534299023561
1.9.0,avatica/core/src/main/java/org/apache/calcite/avatica/AvaticaParameter.java,0,1,0.5727276681020144
1.9.0,avatica/core/src/main/java/org/apache/calcite/avatica/AvaticaPreparedStatement.java,0,1,0.6390357633987417
1.9.0,avatica/core/src/main/java/org/apache/calcite/avatica/AvaticaResultSetMetaData.java,0,0,0.2420453176827633
1.9.0,avatica/core/src/main/java/org/apache/calcite/avatica/AvaticaSeverity.java,0,0,0.49305492579010324
1.9.0,avatica/core/src/main/java/org/apache/calcite/avatica/AvaticaSite.java,0,0,0.21068668222525558
1.9.0,avatica/core/src/main/java/org/apache/calcite/avatica/AvaticaSpecificDatabaseMetaData.java,0,0,0.18643975580652822
1.9.0,avatica/core/src/main/java/org/apache/calcite/avatica/AvaticaSqlException.java,0,0,0.21206824903393337
1.9.0,avatica/core/src/main/java/org/apache/calcite/avatica/ColumnMetaData.java,0,1,0.7468323481362207
1.9.0,avatica/core/src/main/java/org/apache/calcite/avatica/ConnectionPropertiesImpl.java,0,0,0.2465180544678436
1.9.0,avatica/core/src/main/java/org/apache/calcite/avatica/ConnectStringParser.java,1,1,0.8018085428604138
1.9.0,avatica/core/src/main/java/org/apache/calcite/avatica/DriverVersion.java,0,0,0.010638677898144558
1.9.0,avatica/core/src/main/java/org/apache/calcite/avatica/Handler.java,0,0,0.1413957897045136
1.9.0,avatica/core/src/main/java/org/apache/calcite/avatica/HandlerImpl.java,0,0,0.13838552591479011
1.9.0,avatica/core/src/main/java/org/apache/calcite/avatica/Helper.java,0,0,0.18751385115470398
1.9.0,avatica/core/src/main/java/org/apache/calcite/avatica/InternalProperty.java,0,0,0.09108398353884202
1.9.0,avatica/core/src/main/java/org/apache/calcite/avatica/Meta.java,1,1,0.9998224176837676
1.9.0,avatica/core/src/main/java/org/apache/calcite/avatica/MetaImpl.java,1,0,0.36061276143015053
1.9.0,avatica/core/src/main/java/org/apache/calcite/avatica/MissingResultsException.java,0,0,0.18613207306959373
1.9.0,avatica/core/src/main/java/org/apache/calcite/avatica/NoSuchConnectionException.java,0,0,0.18613207306959373
1.9.0,avatica/core/src/main/java/org/apache/calcite/avatica/NoSuchStatementException.java,0,0,0.18613207306959373
1.9.0,avatica/core/src/main/java/org/apache/calcite/avatica/QueryState.java,0,0,0.37028527149102153
1.9.0,avatica/core/src/main/java/org/apache/calcite/avatica/SqlState.java,0,0,1.570322418351829e-35
1.9.0,avatica/core/src/main/java/org/apache/calcite/avatica/SqlType.java,0,0,8.318728790299879e-11
1.9.0,avatica/core/src/main/java/org/apache/calcite/avatica/UnregisteredDriver.java,0,0,0.32106648713807373
1.9.0,avatica/core/src/main/java/org/apache/calcite/avatica/util/AbstractCursor.java,0,1,0.7209820425990202
1.9.0,avatica/core/src/main/java/org/apache/calcite/avatica/util/ArrayImpl.java,0,0,0.052079878633172746
1.9.0,avatica/core/src/main/java/org/apache/calcite/avatica/util/ArrayIteratorCursor.java,0,0,0.18613207306959373
1.9.0,avatica/core/src/main/java/org/apache/calcite/avatica/util/Base64.java,0,0,0.08824989314287211
1.9.0,avatica/core/src/main/java/org/apache/calcite/avatica/util/ByteString.java,0,0,0.13480791319096364
1.9.0,avatica/core/src/main/java/org/apache/calcite/avatica/util/Casing.java,0,0,0.18613207306959373
1.9.0,avatica/core/src/main/java/org/apache/calcite/avatica/util/Cursor.java,0,0,0.021121008546403974
1.9.0,avatica/core/src/main/java/org/apache/calcite/avatica/util/DateTimeUtils.java,0,1,0.6656766901756759
1.9.0,avatica/core/src/main/java/org/apache/calcite/avatica/util/IteratorCursor.java,0,0,0.07447907517164813
1.9.0,avatica/core/src/main/java/org/apache/calcite/avatica/util/ListIteratorCursor.java,0,0,0.18613207306959373
1.9.0,avatica/core/src/main/java/org/apache/calcite/avatica/util/MapIteratorCursor.java,0,0,0.18613207306959373
1.9.0,avatica/core/src/main/java/org/apache/calcite/avatica/util/PackageMarker.java,0,0,0.18613207306959373
1.9.0,avatica/core/src/main/java/org/apache/calcite/avatica/util/PositionedCursor.java,0,0,0.18493079957279804
1.9.0,avatica/core/src/main/java/org/apache/calcite/avatica/util/Quoting.java,0,0,0.18613207306959373
1.9.0,avatica/core/src/main/java/org/apache/calcite/avatica/util/RecordIteratorCursor.java,0,0,0.18613207306959373
1.9.0,avatica/core/src/main/java/org/apache/calcite/avatica/util/Spacer.java,0,0,0.18613207306959373
1.9.0,avatica/core/src/main/java/org/apache/calcite/avatica/util/Spaces.java,0,0,0.10489059428785567
1.9.0,avatica/core/src/main/java/org/apache/calcite/avatica/util/StructImpl.java,0,0,0.18613207306959373
1.9.0,avatica/core/src/main/java/org/apache/calcite/avatica/util/TimeUnit.java,0,0,0.25386939624637805
1.9.0,avatica/core/src/main/java/org/apache/calcite/avatica/util/TimeUnitRange.java,0,0,0.19150782270174113
1.9.0,avatica/core/src/main/java/org/apache/calcite/avatica/util/UnsynchronizedBuffer.java,0,0,0.44193081379552634
1.9.0,avatica/core/src/main/java/org/apache/calcite/avatica/proto/Common.java,0,0,0.0005126434696552845
1.9.0,avatica/core/src/main/java/org/apache/calcite/avatica/proto/Requests.java,0,1,0.9024399345179374
1.9.0,avatica/core/src/main/java/org/apache/calcite/avatica/proto/Responses.java,0,1,0.8718514217795733
1.9.0,avatica/core/src/main/java/org/apache/calcite/avatica/remote/AbstractHandler.java,0,1,0.7961136169848019
1.9.0,avatica/core/src/main/java/org/apache/calcite/avatica/remote/AbstractService.java,0,0,0.3883726554947981
1.9.0,avatica/core/src/main/java/org/apache/calcite/avatica/remote/AuthenticationType.java,0,0,0.2530860977862498
1.9.0,avatica/core/src/main/java/org/apache/calcite/avatica/remote/AvaticaCommonsHttpClientSpnegoImpl.java,0,0,0.21051616942429963
1.9.0,avatica/core/src/main/java/org/apache/calcite/avatica/remote/AvaticaHttpClient.java,0,0,0.18613207306959373
1.9.0,avatica/core/src/main/java/org/apache/calcite/avatica/remote/AvaticaHttpClientFactory.java,0,0,0.19786500987277572
1.9.0,avatica/core/src/main/java/org/apache/calcite/avatica/remote/AvaticaHttpClientFactoryImpl.java,0,1,0.6610959042891064
1.9.0,avatica/core/src/main/java/org/apache/calcite/avatica/remote/AvaticaHttpClientImpl.java,0,1,0.6009481533112779
1.9.0,avatica/core/src/main/java/org/apache/calcite/avatica/remote/AvaticaRemoteConnectionConfigImpl.java,0,0,0.18613207306959373
1.9.0,avatica/core/src/main/java/org/apache/calcite/avatica/remote/AvaticaRuntimeException.java,0,0,0.1292002681917086
1.9.0,avatica/core/src/main/java/org/apache/calcite/avatica/remote/DoAsAvaticaHttpClient.java,0,0,0.19919165766431965
1.9.0,avatica/core/src/main/java/org/apache/calcite/avatica/remote/Driver.java,0,0,0.36882991001090865
1.9.0,avatica/core/src/main/java/org/apache/calcite/avatica/remote/Handler.java,0,0,0.21773234031682345
1.9.0,avatica/core/src/main/java/org/apache/calcite/avatica/remote/JsonHandler.java,0,0,0.2681219826126808
1.9.0,avatica/core/src/main/java/org/apache/calcite/avatica/remote/JsonService.java,0,1,0.6071586924747139
1.9.0,avatica/core/src/main/java/org/apache/calcite/avatica/remote/KerberosConnection.java,0,1,0.6453246171409999
1.9.0,avatica/core/src/main/java/org/apache/calcite/avatica/remote/LocalJsonService.java,0,0,0.10030569784151892
1.9.0,avatica/core/src/main/java/org/apache/calcite/avatica/remote/LocalProtobufService.java,0,0,0.13869670255045494
1.9.0,avatica/core/src/main/java/org/apache/calcite/avatica/remote/LocalService.java,0,0,0.17925354606331198
1.9.0,avatica/core/src/main/java/org/apache/calcite/avatica/remote/MetaDataOperation.java,0,0,7.570017310738882e-42
1.9.0,avatica/core/src/main/java/org/apache/calcite/avatica/remote/MetricsHelper.java,0,0,0.13113012914191524
1.9.0,avatica/core/src/main/java/org/apache/calcite/avatica/remote/MockJsonService.java,0,0,0.18493079957279804
1.9.0,avatica/core/src/main/java/org/apache/calcite/avatica/remote/MockProtobufService.java,1,0,0.13869670255045494
1.9.0,avatica/core/src/main/java/org/apache/calcite/avatica/remote/ProtobufHandler.java,0,0,0.3424915721421832
1.9.0,avatica/core/src/main/java/org/apache/calcite/avatica/remote/ProtobufMeta.java,0,0,0.20213601507571902
1.9.0,avatica/core/src/main/java/org/apache/calcite/avatica/remote/ProtobufService.java,0,1,0.6406851400578687
1.9.0,avatica/core/src/main/java/org/apache/calcite/avatica/remote/ProtobufTranslation.java,0,0,0.18613207306959373
1.9.0,avatica/core/src/main/java/org/apache/calcite/avatica/remote/ProtobufTranslationImpl.java,0,1,0.7852077663860345
1.9.0,avatica/core/src/main/java/org/apache/calcite/avatica/remote/RemoteMeta.java,0,1,0.5700712610018532
1.9.0,avatica/core/src/main/java/org/apache/calcite/avatica/remote/RemoteProtobufService.java,0,0,0.17356208848011062
1.9.0,avatica/core/src/main/java/org/apache/calcite/avatica/remote/RemoteService.java,0,0,0.18613207306959373
1.9.0,avatica/core/src/main/java/org/apache/calcite/avatica/remote/RequestTranslator.java,0,0,0.1292002681917086
1.9.0,avatica/core/src/main/java/org/apache/calcite/avatica/remote/ResponseTranslator.java,0,0,0.1292002681917086
1.9.0,avatica/core/src/main/java/org/apache/calcite/avatica/remote/Service.java,0,1,0.9629041856402101
1.9.0,avatica/core/src/main/java/org/apache/calcite/avatica/remote/TypedValue.java,0,1,0.9409327179994654
1.9.0,avatica/core/src/main/java/org/apache/calcite/avatica/remote/UsernamePasswordAuthenticateable.java,0,0,0.20812416384132668
1.9.0,avatica/core/src/main/java/com/google/protobuf/HBaseZeroCopyByteString.java,0,0,0.16775036545811578
1.9.0,avatica/core/src/main/java-filtered/org/apache/calcite/avatica/util/FilteredConstants.java,0,0,0.20429838372525638
1.9.0,avatica/server/src/main/java/org/apache/calcite/avatica/jdbc/JdbcMeta.java,0,1,0.7043255025254094
1.9.0,avatica/server/src/main/java/org/apache/calcite/avatica/jdbc/JdbcResultSet.java,0,0,0.4909345858967927
1.9.0,avatica/server/src/main/java/org/apache/calcite/avatica/jdbc/StatementInfo.java,1,0,0.4336170233732004
1.9.0,avatica/server/src/main/java/org/apache/calcite/avatica/server/AbstractAvaticaHandler.java,0,1,0.6633680413336298
1.9.0,avatica/server/src/main/java/org/apache/calcite/avatica/server/AvaticaHandler.java,0,0,0.18613207306959373
1.9.0,avatica/server/src/main/java/org/apache/calcite/avatica/server/AvaticaJsonHandler.java,0,1,0.5899127119419434
1.9.0,avatica/server/src/main/java/org/apache/calcite/avatica/server/AvaticaProtobufHandler.java,0,1,0.7107562252646582
1.9.0,avatica/server/src/main/java/org/apache/calcite/avatica/server/AvaticaServerConfiguration.java,0,0,0.26896554938869927
1.9.0,avatica/server/src/main/java/org/apache/calcite/avatica/server/DelegatingAvaticaHandler.java,0,0,0.18493079957279804
1.9.0,avatica/server/src/main/java/org/apache/calcite/avatica/server/DoAsRemoteUserCallback.java,0,0,0.20058562635702942
1.9.0,avatica/server/src/main/java/org/apache/calcite/avatica/server/HandlerFactory.java,0,0,0.29524371221851187
1.9.0,avatica/server/src/main/java/org/apache/calcite/avatica/server/Main.java,0,0,0.12903895547383473
1.9.0,avatica/server/src/main/java/org/apache/calcite/avatica/server/MetricsAwareAvaticaHandler.java,0,0,0.18613207306959373
1.9.0,avatica/server/src/main/java/org/apache/calcite/avatica/server/PropertyBasedSpnegoLoginService.java,0,0,0.14053721911485723
1.9.0,avatica/metrics/src/main/java/org/apache/calcite/avatica/metrics/Counter.java,0,0,0.18613207306959373
1.9.0,avatica/metrics/src/main/java/org/apache/calcite/avatica/metrics/Gauge.java,0,0,0.18613207306959373
1.9.0,avatica/metrics/src/main/java/org/apache/calcite/avatica/metrics/Histogram.java,0,0,0.18613207306959373
1.9.0,avatica/metrics/src/main/java/org/apache/calcite/avatica/metrics/Meter.java,0,0,0.18613207306959373
1.9.0,avatica/metrics/src/main/java/org/apache/calcite/avatica/metrics/Metric.java,0,0,0.18613207306959373
1.9.0,avatica/metrics/src/main/java/org/apache/calcite/avatica/metrics/MetricsSystem.java,0,0,0.18613207306959373
1.9.0,avatica/metrics/src/main/java/org/apache/calcite/avatica/metrics/MetricsSystemConfiguration.java,0,0,0.18613207306959373
1.9.0,avatica/metrics/src/main/java/org/apache/calcite/avatica/metrics/MetricsSystemFactory.java,0,0,0.18613207306959373
1.9.0,avatica/metrics/src/main/java/org/apache/calcite/avatica/metrics/MetricsSystemLoader.java,0,0,0.2930281170062037
1.9.0,avatica/metrics/src/main/java/org/apache/calcite/avatica/metrics/PackageMarker.java,0,0,0.18613207306959373
1.9.0,avatica/metrics/src/main/java/org/apache/calcite/avatica/metrics/Timer.java,0,0,0.18700605976404708
1.9.0,avatica/metrics/src/main/java/org/apache/calcite/avatica/metrics/noop/NoopCounter.java,0,0,0.13113012914191524
1.9.0,avatica/metrics/src/main/java/org/apache/calcite/avatica/metrics/noop/NoopHistogram.java,0,0,0.13113012914191524
1.9.0,avatica/metrics/src/main/java/org/apache/calcite/avatica/metrics/noop/NoopMeter.java,0,0,0.13113012914191524
1.9.0,avatica/metrics/src/main/java/org/apache/calcite/avatica/metrics/noop/NoopMetricsSystem.java,0,0,0.13308441085002312
1.9.0,avatica/metrics/src/main/java/org/apache/calcite/avatica/metrics/noop/NoopMetricsSystemConfiguration.java,0,0,0.1327912157727551
1.9.0,avatica/metrics/src/main/java/org/apache/calcite/avatica/metrics/noop/NoopMetricsSystemFactory.java,0,0,0.1292002681917086
1.9.0,avatica/metrics/src/main/java/org/apache/calcite/avatica/metrics/noop/NoopTimer.java,0,0,0.13113012914191524
1.9.0,avatica/metrics-dropwizardmetrics3/src/main/java/org/apache/calcite/avatica/metrics/dropwizard3/DropwizardCounter.java,0,0,0.1292002681917086
1.9.0,avatica/metrics-dropwizardmetrics3/src/main/java/org/apache/calcite/avatica/metrics/dropwizard3/DropwizardGauge.java,0,0,0.1292002681917086
1.9.0,avatica/metrics-dropwizardmetrics3/src/main/java/org/apache/calcite/avatica/metrics/dropwizard3/DropwizardHistogram.java,0,0,0.1292002681917086
1.9.0,avatica/metrics-dropwizardmetrics3/src/main/java/org/apache/calcite/avatica/metrics/dropwizard3/DropwizardMeter.java,0,0,0.1292002681917086
1.9.0,avatica/metrics-dropwizardmetrics3/src/main/java/org/apache/calcite/avatica/metrics/dropwizard3/DropwizardMetricsSystem.java,0,0,0.1292002681917086
1.9.0,avatica/metrics-dropwizardmetrics3/src/main/java/org/apache/calcite/avatica/metrics/dropwizard3/DropwizardMetricsSystemConfiguration.java,0,0,0.1292002681917086
1.9.0,avatica/metrics-dropwizardmetrics3/src/main/java/org/apache/calcite/avatica/metrics/dropwizard3/DropwizardMetricsSystemFactory.java,0,1,0.5028108249211699
1.9.0,avatica/metrics-dropwizardmetrics3/src/main/java/org/apache/calcite/avatica/metrics/dropwizard3/DropwizardTimer.java,0,0,0.09527063825755035
1.9.0,avatica/noop-driver/src/main/java/org/apache/calcite/avatica/noop/AvaticaNoopConnection.java,0,0,0.14590684039986956
1.9.0,avatica/noop-driver/src/main/java/org/apache/calcite/avatica/noop/AvaticaNoopDatabaseMetaData.java,0,0,0.1913516566970255
1.9.0,avatica/noop-driver/src/main/java/org/apache/calcite/avatica/noop/AvaticaNoopDriver.java,0,0,0.1837355286904892
1.9.0,avatica/noop-driver/src/main/java/org/apache/calcite/avatica/noop/AvaticaNoopParameterMetaData.java,0,0,0.1887280184895778
1.9.0,avatica/noop-driver/src/main/java/org/apache/calcite/avatica/noop/AvaticaNoopPreparedStatement.java,0,0,0.14590684039986956
1.9.0,avatica/noop-driver/src/main/java/org/apache/calcite/avatica/noop/AvaticaNoopResultSet.java,0,0,0.1913516566970255
1.9.0,avatica/noop-driver/src/main/java/org/apache/calcite/avatica/noop/AvaticaNoopResultSetMetaData.java,0,0,0.1887280184895778
1.9.0,avatica/noop-driver/src/main/java/org/apache/calcite/avatica/noop/AvaticaNoopStatement.java,0,0,0.14590684039986956
1.9.0,avatica/noop-driver/src/main/java/org/apache/calcite/avatica/noop/PackageMarker.java,0,0,0.18613207306959373
1.9.0,avatica/standalone-server/src/main/java/org/apache/calcite/avatica/hsqldb/HsqldbServer.java,0,0,0.06360008359035017
1.9.0,avatica/tck/src/main/java/org/apache/calcite/avatica/tck/PackageMarker.java,0,0,0.20589600746587086
1.9.0,avatica/tck/src/main/java/org/apache/calcite/avatica/tck/TestRunner.java,0,0,0.19953019264485145
1.9.0,cassandra/src/main/java/org/apache/calcite/adapter/cassandra/CassandraEnumerator.java,1,0,0.14170964114999496
1.9.0,cassandra/src/main/java/org/apache/calcite/adapter/cassandra/CassandraFilter.java,0,0,0.11944662658883046
1.9.0,cassandra/src/main/java/org/apache/calcite/adapter/cassandra/CassandraLimit.java,0,0,0.213906699206449
1.9.0,cassandra/src/main/java/org/apache/calcite/adapter/cassandra/CassandraMethod.java,0,0,0.2566399236265325
1.9.0,cassandra/src/main/java/org/apache/calcite/adapter/cassandra/CassandraProject.java,0,0,0.1999615209751962
1.9.0,cassandra/src/main/java/org/apache/calcite/adapter/cassandra/CassandraRel.java,0,0,0.22559680736590867
1.9.0,cassandra/src/main/java/org/apache/calcite/adapter/cassandra/CassandraRules.java,0,1,0.574263100160585
1.9.0,cassandra/src/main/java/org/apache/calcite/adapter/cassandra/CassandraSchemaFactory.java,0,0,0.2451861475565934
1.9.0,cassandra/src/main/java/org/apache/calcite/adapter/cassandra/CassandraSort.java,0,0,0.2628479118900417
1.9.0,cassandra/src/main/java/org/apache/calcite/adapter/cassandra/CassandraTable.java,1,0,0.4076387066176748
1.9.0,cassandra/src/main/java/org/apache/calcite/adapter/cassandra/CassandraTableScan.java,0,0,0.2420453176827633
1.9.0,cassandra/src/main/java/org/apache/calcite/adapter/cassandra/CassandraToEnumerableConverter.java,0,0,0.19994939656644772
1.9.0,cassandra/src/main/java/org/apache/calcite/adapter/cassandra/CassandraToEnumerableConverterRule.java,0,0,0.1887280184895778
1.9.0,druid/src/main/java/org/apache/calcite/adapter/druid/DruidConnection.java,0,0,0.18843813944534724
1.9.0,druid/src/main/java/org/apache/calcite/adapter/druid/DruidResultEnumerator.java,0,0,0.18843813944534724
1.9.0,elasticsearch/src/main/java/org/apache/calcite/adapter/elasticsearch/ElasticsearchEnumerator.java,0,0,0.24856400831530678
1.9.0,elasticsearch/src/main/java/org/apache/calcite/adapter/elasticsearch/ElasticsearchFilter.java,0,0,0.41899403869415974
1.9.0,elasticsearch/src/main/java/org/apache/calcite/adapter/elasticsearch/ElasticsearchMethod.java,0,0,0.20093432493232602
1.9.0,elasticsearch/src/main/java/org/apache/calcite/adapter/elasticsearch/ElasticsearchProject.java,0,0,0.21249899717570697
1.9.0,elasticsearch/src/main/java/org/apache/calcite/adapter/elasticsearch/ElasticsearchRel.java,0,0,0.26560498835558827
1.9.0,elasticsearch/src/main/java/org/apache/calcite/adapter/elasticsearch/ElasticsearchRules.java,0,0,0.3069397944391546
1.9.0,elasticsearch/src/main/java/org/apache/calcite/adapter/elasticsearch/ElasticsearchSchema.java,0,0,0.27989979484915506
1.9.0,elasticsearch/src/main/java/org/apache/calcite/adapter/elasticsearch/ElasticsearchSchemaFactory.java,0,0,0.26558310454053446
1.9.0,elasticsearch/src/main/java/org/apache/calcite/adapter/elasticsearch/ElasticsearchSort.java,0,0,0.2119748480583294
1.9.0,elasticsearch/src/main/java/org/apache/calcite/adapter/elasticsearch/ElasticsearchTable.java,0,0,0.43130247738740424
1.9.0,elasticsearch/src/main/java/org/apache/calcite/adapter/elasticsearch/ElasticsearchTableScan.java,0,0,0.21066861279142485
1.9.0,elasticsearch/src/main/java/org/apache/calcite/adapter/elasticsearch/ElasticsearchToEnumerableConverter.java,0,0,0.17849429397173108
1.9.0,elasticsearch/src/main/java/org/apache/calcite/adapter/elasticsearch/ElasticsearchToEnumerableConverterRule.java,0,0,0.2016586438857307
1.9.0,mongodb/src/main/java/org/apache/calcite/adapter/mongodb/MongoAggregate.java,0,0,0.42167233410079275
1.9.0,mongodb/src/main/java/org/apache/calcite/adapter/mongodb/MongoEnumerator.java,0,0,0.20175210025737808
1.9.0,mongodb/src/main/java/org/apache/calcite/adapter/mongodb/MongoFilter.java,0,0,0.2422216004228405
1.9.0,mongodb/src/main/java/org/apache/calcite/adapter/mongodb/MongoMethod.java,0,0,0.18613207306959373
1.9.0,mongodb/src/main/java/org/apache/calcite/adapter/mongodb/MongoProject.java,0,0,0.18613207306959373
1.9.0,mongodb/src/main/java/org/apache/calcite/adapter/mongodb/MongoRel.java,0,0,0.2451861475565934
1.9.0,mongodb/src/main/java/org/apache/calcite/adapter/mongodb/MongoRules.java,0,0,0.4126174554089415
1.9.0,mongodb/src/main/java/org/apache/calcite/adapter/mongodb/MongoSchema.java,0,0,0.2391403949805294
1.9.0,mongodb/src/main/java/org/apache/calcite/adapter/mongodb/MongoSchemaFactory.java,0,0,0.2451861475565934
1.9.0,mongodb/src/main/java/org/apache/calcite/adapter/mongodb/MongoSort.java,0,0,0.44982309737015636
1.9.0,mongodb/src/main/java/org/apache/calcite/adapter/mongodb/MongoTable.java,0,0,0.2775779695582851
1.9.0,mongodb/src/main/java/org/apache/calcite/adapter/mongodb/MongoTableScan.java,0,0,0.2420453176827633
1.9.0,mongodb/src/main/java/org/apache/calcite/adapter/mongodb/MongoToEnumerableConverter.java,0,0,0.25484768132725594
1.9.0,mongodb/src/main/java/org/apache/calcite/adapter/mongodb/MongoToEnumerableConverterRule.java,0,0,0.1887280184895778
1.9.0,plus/src/main/java/org/apache/calcite/adapter/tpcds/TpcdsSchema.java,0,0,0.2176774762754051
1.9.0,plus/src/main/java/org/apache/calcite/adapter/tpcds/TpcdsSchemaFactory.java,0,0,0.2764887719089043
1.9.0,plus/src/main/java/org/apache/calcite/adapter/tpch/TpchSchema.java,0,0,0.06534834616277045
1.9.0,plus/src/main/java/org/apache/calcite/adapter/tpch/TpchSchemaFactory.java,0,0,0.2451861475565934
1.9.0,spark/src/main/java/org/apache/calcite/adapter/spark/EnumerableToSparkConverter.java,0,0,0.29315140848157023
1.9.0,spark/src/main/java/org/apache/calcite/adapter/spark/EnumerableToSparkConverterRule.java,0,0,0.1887280184895778
1.9.0,spark/src/main/java/org/apache/calcite/adapter/spark/HttpServer.java,0,0,0.18631670870042483
1.9.0,spark/src/main/java/org/apache/calcite/adapter/spark/JdbcToSparkConverter.java,0,0,0.1787438050198873
1.9.0,spark/src/main/java/org/apache/calcite/adapter/spark/JdbcToSparkConverterRule.java,0,0,0.18613207306959373
1.9.0,spark/src/main/java/org/apache/calcite/adapter/spark/SparkHandlerImpl.java,0,0,0.1380489282522249
1.9.0,spark/src/main/java/org/apache/calcite/adapter/spark/SparkMethod.java,0,0,0.184930799572795
1.9.0,spark/src/main/java/org/apache/calcite/adapter/spark/SparkRel.java,0,0,0.2451861475565934
1.9.0,spark/src/main/java/org/apache/calcite/adapter/spark/SparkToEnumerableConverter.java,0,0,0.2420453176827633
1.9.0,splunk/src/main/java/org/apache/calcite/adapter/splunk/SplunkDriver.java,0,0,0.12843673830084448
1.9.0,splunk/src/main/java/org/apache/calcite/adapter/splunk/SplunkDriverVersion.java,0,0,0.1292002681917086
1.9.0,splunk/src/main/java/org/apache/calcite/adapter/splunk/SplunkQuery.java,0,0,0.18613207306959373
1.9.0,splunk/src/main/java/org/apache/calcite/adapter/splunk/SplunkSchema.java,0,0,0.18613207306959373
1.9.0,splunk/src/main/java/org/apache/calcite/adapter/splunk/SplunkTable.java,0,0,0.18613207306959373
1.9.0,splunk/src/main/java/org/apache/calcite/adapter/splunk/SplunkTableScan.java,0,0,0.24371787742908
1.9.0,splunk/src/main/java/org/apache/calcite/adapter/splunk/search/SearchResultListener.java,0,0,0.1887280184895778
1.9.0,splunk/src/main/java/org/apache/calcite/adapter/splunk/search/SplunkConnection.java,0,0,0.18613207306959373
1.9.0,splunk/src/main/java/org/apache/calcite/adapter/splunk/search/SplunkConnectionImpl.java,1,0,0.40015248333565995
1.9.0,splunk/src/main/java/org/apache/calcite/adapter/splunk/util/StringUtils.java,0,0,0.07156749060836064
1.9.0,piglet/src/main/java/org/apache/calcite/piglet/Ast.java,1,1,0.9726882090442869
1.9.0,piglet/src/main/java/org/apache/calcite/piglet/Handler.java,0,0,0.1570583573477059
1.9.0,linq4j/src/main/java/org/apache/calcite/linq4j/AbstractEnumerable.java,0,0,0.1292002681917086
1.9.0,linq4j/src/main/java/org/apache/calcite/linq4j/AbstractEnumerable2.java,0,0,0.1292002681917086
1.9.0,linq4j/src/main/java/org/apache/calcite/linq4j/AbstractQueryable.java,0,0,0.13113012914191524
1.9.0,linq4j/src/main/java/org/apache/calcite/linq4j/BaseQueryable.java,0,0,0.19915091080523112
1.9.0,linq4j/src/main/java/org/apache/calcite/linq4j/CartesianProductEnumerator.java,0,0,0.44864945843544707
1.9.0,linq4j/src/main/java/org/apache/calcite/linq4j/CorrelateJoinType.java,0,0,0.1292002681917086
1.9.0,linq4j/src/main/java/org/apache/calcite/linq4j/DefaultQueryable.java,0,0,0.19760413254481593
1.9.0,linq4j/src/main/java/org/apache/calcite/linq4j/DelegatingEnumerator.java,0,0,0.18613207306959373
1.9.0,linq4j/src/main/java/org/apache/calcite/linq4j/Enumerable.java,0,0,0.18613207306959373
1.9.0,linq4j/src/main/java/org/apache/calcite/linq4j/EnumerableOrderedQueryable.java,0,0,0.18613207306959373
1.9.0,linq4j/src/main/java/org/apache/calcite/linq4j/EnumerableQueryable.java,0,0,0.18898081096753813
1.9.0,linq4j/src/main/java/org/apache/calcite/linq4j/Enumerator.java,0,0,0.18613207306959373
1.9.0,linq4j/src/main/java/org/apache/calcite/linq4j/ExtendedOrderedEnumerable.java,0,0,0.18613207306959373
1.9.0,linq4j/src/main/java/org/apache/calcite/linq4j/ExtendedOrderedQueryable.java,0,0,0.18613207306959373
1.9.0,linq4j/src/main/java/org/apache/calcite/linq4j/ExtendedQueryable.java,0,0,0.1396491049150387
1.9.0,linq4j/src/main/java/org/apache/calcite/linq4j/Extensions.java,0,0,0.4655432871680942
1.9.0,linq4j/src/main/java/org/apache/calcite/linq4j/Grouping.java,0,0,0.18613207306959373
1.9.0,linq4j/src/main/java/org/apache/calcite/linq4j/GroupingImpl.java,0,0,0.22636550848576484
1.9.0,linq4j/src/main/java/org/apache/calcite/linq4j/Linq4j.java,0,0,0.17705241190970905
1.9.0,linq4j/src/main/java/org/apache/calcite/linq4j/Lookup.java,0,0,0.18613207306959373
1.9.0,linq4j/src/main/java/org/apache/calcite/linq4j/LookupImpl.java,0,0,0.30669907326984025
1.9.0,linq4j/src/main/java/org/apache/calcite/linq4j/OpType.java,0,0,0.18613207306959373
1.9.0,linq4j/src/main/java/org/apache/calcite/linq4j/Ord.java,0,0,0.13011928486950453
1.9.0,linq4j/src/main/java/org/apache/calcite/linq4j/OrderedEnumerable.java,0,0,0.18613207306959373
1.9.0,linq4j/src/main/java/org/apache/calcite/linq4j/OrderedQueryable.java,0,0,0.18613207306959373
1.9.0,linq4j/src/main/java/org/apache/calcite/linq4j/PackageMarker.java,0,0,0.18613207306959373
1.9.0,linq4j/src/main/java/org/apache/calcite/linq4j/Queryable.java,0,0,0.18613207306959373
1.9.0,linq4j/src/main/java/org/apache/calcite/linq4j/QueryableDefaults.java,0,0,0.30275106306974053
1.9.0,linq4j/src/main/java/org/apache/calcite/linq4j/QueryableFactory.java,0,0,0.18613207306959373
1.9.0,linq4j/src/main/java/org/apache/calcite/linq4j/QueryableRecorder.java,0,0,0.1390958288701925
1.9.0,linq4j/src/main/java/org/apache/calcite/linq4j/QueryProvider.java,0,0,0.18613207306959373
1.9.0,linq4j/src/main/java/org/apache/calcite/linq4j/QueryProviderImpl.java,0,0,0.2820399866849263
1.9.0,linq4j/src/main/java/org/apache/calcite/linq4j/RawEnumerable.java,0,0,0.18613207306959373
1.9.0,linq4j/src/main/java/org/apache/calcite/linq4j/RawQueryable.java,0,0,0.18613207306959373
1.9.0,linq4j/src/main/java/org/apache/calcite/linq4j/TransformedEnumerator.java,0,0,0.1287745368656763
1.9.0,linq4j/src/main/java/org/apache/calcite/linq4j/function/BigDecimalFunction1.java,0,0,0.1396491049150387
1.9.0,linq4j/src/main/java/org/apache/calcite/linq4j/function/Deterministic.java,0,0,0.18613207306959373
1.9.0,linq4j/src/main/java/org/apache/calcite/linq4j/function/DoubleFunction1.java,0,0,0.1396491049150387
1.9.0,linq4j/src/main/java/org/apache/calcite/linq4j/function/EqualityComparer.java,0,0,0.18613207306959373
1.9.0,linq4j/src/main/java/org/apache/calcite/linq4j/function/FloatFunction1.java,0,0,0.1396491049150387
1.9.0,linq4j/src/main/java/org/apache/calcite/linq4j/function/Function.java,0,0,0.18613207306959373
1.9.0,linq4j/src/main/java/org/apache/calcite/linq4j/function/Function0.java,0,0,0.18613207306959373
1.9.0,linq4j/src/main/java/org/apache/calcite/linq4j/function/Function1.java,0,0,0.09527063825755035
1.9.0,linq4j/src/main/java/org/apache/calcite/linq4j/function/Function2.java,0,0,0.1396491049150387
1.9.0,linq4j/src/main/java/org/apache/calcite/linq4j/function/Functions.java,0,1,0.5119864500990504
1.9.0,linq4j/src/main/java/org/apache/calcite/linq4j/function/IntegerFunction1.java,0,0,0.1396491049150387
1.9.0,linq4j/src/main/java/org/apache/calcite/linq4j/function/LongFunction1.java,0,0,0.1396491049150387
1.9.0,linq4j/src/main/java/org/apache/calcite/linq4j/function/NonDeterministic.java,0,0,0.18613207306959373
1.9.0,linq4j/src/main/java/org/apache/calcite/linq4j/function/NullableBigDecimalFunction1.java,0,0,0.1396491049150387
1.9.0,linq4j/src/main/java/org/apache/calcite/linq4j/function/NullableDoubleFunction1.java,0,0,0.1396491049150387
1.9.0,linq4j/src/main/java/org/apache/calcite/linq4j/function/NullableFloatFunction1.java,0,0,0.1396491049150387
1.9.0,linq4j/src/main/java/org/apache/calcite/linq4j/function/NullableIntegerFunction1.java,0,0,0.1396491049150387
1.9.0,linq4j/src/main/java/org/apache/calcite/linq4j/function/NullableLongFunction1.java,0,0,0.1396491049150387
1.9.0,linq4j/src/main/java/org/apache/calcite/linq4j/function/Parameter.java,0,0,0.18613207306959373
1.9.0,linq4j/src/main/java/org/apache/calcite/linq4j/function/Predicate1.java,0,0,0.09527063825755035
1.9.0,linq4j/src/main/java/org/apache/calcite/linq4j/function/Predicate2.java,0,0,0.09994170321304581
1.9.0,linq4j/src/main/java/org/apache/calcite/linq4j/tree/AbstractNode.java,0,1,0.515297563526203
1.9.0,linq4j/src/main/java/org/apache/calcite/linq4j/tree/ArrayLengthRecordField.java,0,0,0.26975475425373
1.9.0,linq4j/src/main/java/org/apache/calcite/linq4j/tree/BinaryExpression.java,0,0,0.07123371121534319
1.9.0,linq4j/src/main/java/org/apache/calcite/linq4j/tree/BlockBuilder.java,0,1,0.7617883999985866
1.9.0,linq4j/src/main/java/org/apache/calcite/linq4j/tree/Blocks.java,0,0,0.2899135637867189
1.9.0,linq4j/src/main/java/org/apache/calcite/linq4j/tree/BlockStatement.java,0,0,0.4272111199277798
1.9.0,linq4j/src/main/java/org/apache/calcite/linq4j/tree/CallSiteBinder.java,0,0,0.18613207306959373
1.9.0,linq4j/src/main/java/org/apache/calcite/linq4j/tree/CatchBlock.java,0,0,0.21934933729018288
1.9.0,linq4j/src/main/java/org/apache/calcite/linq4j/tree/ClassDeclaration.java,0,0,0.35720900608847583
1.9.0,linq4j/src/main/java/org/apache/calcite/linq4j/tree/ClassDeclarationFinder.java,0,1,0.6027849470163067
1.9.0,linq4j/src/main/java/org/apache/calcite/linq4j/tree/ConditionalExpression.java,0,0,0.13361945705203354
1.9.0,linq4j/src/main/java/org/apache/calcite/linq4j/tree/ConditionalStatement.java,0,0,0.4126038855369452
1.9.0,linq4j/src/main/java/org/apache/calcite/linq4j/tree/ConstantExpression.java,0,1,0.5661184374029072
1.9.0,linq4j/src/main/java/org/apache/calcite/linq4j/tree/ConstantUntypedNull.java,0,1,0.5895563287543047
1.9.0,linq4j/src/main/java/org/apache/calcite/linq4j/tree/ConstructorDeclaration.java,0,0,0.11572381814518713
1.9.0,linq4j/src/main/java/org/apache/calcite/linq4j/tree/DeclarationStatement.java,0,0,0.4423053963365885
1.9.0,linq4j/src/main/java/org/apache/calcite/linq4j/tree/DefaultExpression.java,0,0,0.18613207306959373
1.9.0,linq4j/src/main/java/org/apache/calcite/linq4j/tree/DeterministicCodeOptimizer.java,0,1,0.5146509271013378
1.9.0,linq4j/src/main/java/org/apache/calcite/linq4j/tree/DynamicExpression.java,0,0,0.18613207306959373
1.9.0,linq4j/src/main/java/org/apache/calcite/linq4j/tree/ElementInit.java,0,0,0.18613207306959373
1.9.0,linq4j/src/main/java/org/apache/calcite/linq4j/tree/Evaluator.java,0,0,0.45790829002074607
1.9.0,linq4j/src/main/java/org/apache/calcite/linq4j/tree/Expression.java,0,1,0.5917325950296295
1.9.0,linq4j/src/main/java/org/apache/calcite/linq4j/tree/Expressions.java,0,1,0.6983567893660132
1.9.0,linq4j/src/main/java/org/apache/calcite/linq4j/tree/ExpressionType.java,0,1,0.5028108249211699
1.9.0,linq4j/src/main/java/org/apache/calcite/linq4j/tree/ExpressionVisitor.java,0,0,0.18613207306959373
1.9.0,linq4j/src/main/java/org/apache/calcite/linq4j/tree/ExpressionWriter.java,0,1,0.5834903013717175
1.9.0,linq4j/src/main/java/org/apache/calcite/linq4j/tree/FieldDeclaration.java,0,0,0.31558422487454224
1.9.0,linq4j/src/main/java/org/apache/calcite/linq4j/tree/ForStatement.java,0,0,0.25677462869722395
1.9.0,linq4j/src/main/java/org/apache/calcite/linq4j/tree/FunctionExpression.java,0,1,0.5176193792503977
1.9.0,linq4j/src/main/java/org/apache/calcite/linq4j/tree/GotoExpressionKind.java,0,0,0.1292002681917086
1.9.0,linq4j/src/main/java/org/apache/calcite/linq4j/tree/GotoStatement.java,0,1,0.5054140125853168
1.9.0,linq4j/src/main/java/org/apache/calcite/linq4j/tree/IndexExpression.java,0,0,0.44387749784768304
1.9.0,linq4j/src/main/java/org/apache/calcite/linq4j/tree/InvocationExpression.java,0,0,0.18613207306959373
1.9.0,linq4j/src/main/java/org/apache/calcite/linq4j/tree/LabelStatement.java,0,0,0.09053277603440368
1.9.0,linq4j/src/main/java/org/apache/calcite/linq4j/tree/LabelTarget.java,0,0,0.1392027858425932
1.9.0,linq4j/src/main/java/org/apache/calcite/linq4j/tree/LambdaExpression.java,0,0,0.20246100178762078
1.9.0,linq4j/src/main/java/org/apache/calcite/linq4j/tree/ListInitExpression.java,0,0,0.18613207306959373
1.9.0,linq4j/src/main/java/org/apache/calcite/linq4j/tree/MemberAssignment.java,0,0,0.18613207306959373
1.9.0,linq4j/src/main/java/org/apache/calcite/linq4j/tree/MemberBinding.java,0,0,0.18613207306959373
1.9.0,linq4j/src/main/java/org/apache/calcite/linq4j/tree/MemberDeclaration.java,0,0,0.1292002681917086
1.9.0,linq4j/src/main/java/org/apache/calcite/linq4j/tree/MemberExpression.java,0,1,0.6082441456267164
1.9.0,linq4j/src/main/java/org/apache/calcite/linq4j/tree/MemberInitExpression.java,0,0,0.18613207306959373
1.9.0,linq4j/src/main/java/org/apache/calcite/linq4j/tree/MemberListBinding.java,0,0,0.18613207306959373
1.9.0,linq4j/src/main/java/org/apache/calcite/linq4j/tree/MemberMemberBinding.java,0,0,0.18613207306959373
1.9.0,linq4j/src/main/java/org/apache/calcite/linq4j/tree/MethodCallExpression.java,0,1,0.5923780682857764
1.9.0,linq4j/src/main/java/org/apache/calcite/linq4j/tree/MethodDeclaration.java,0,0,0.4185565992305714
1.9.0,linq4j/src/main/java/org/apache/calcite/linq4j/tree/NewArrayExpression.java,0,0,0.2573688132587889
1.9.0,linq4j/src/main/java/org/apache/calcite/linq4j/tree/NewExpression.java,0,0,0.22937757627100983
1.9.0,linq4j/src/main/java/org/apache/calcite/linq4j/tree/Node.java,0,0,0.1396491049150387
1.9.0,linq4j/src/main/java/org/apache/calcite/linq4j/tree/OptimizeVisitor.java,0,1,0.563143220319349
1.9.0,linq4j/src/main/java/org/apache/calcite/linq4j/tree/ParameterExpression.java,0,1,0.6008079713234857
1.9.0,linq4j/src/main/java/org/apache/calcite/linq4j/tree/Primitive.java,0,1,0.6896389611222341
1.9.0,linq4j/src/main/java/org/apache/calcite/linq4j/tree/PseudoField.java,0,0,0.18613207306959373
1.9.0,linq4j/src/main/java/org/apache/calcite/linq4j/tree/ReflectedPseudoField.java,0,0,0.4117796932599904
1.9.0,linq4j/src/main/java/org/apache/calcite/linq4j/tree/Statement.java,0,1,0.6785097853394195
1.9.0,linq4j/src/main/java/org/apache/calcite/linq4j/tree/SwitchCase.java,0,0,0.18613207306959373
1.9.0,linq4j/src/main/java/org/apache/calcite/linq4j/tree/SwitchStatement.java,0,0,0.18613207306959373
1.9.0,linq4j/src/main/java/org/apache/calcite/linq4j/tree/TernaryExpression.java,0,0,0.3850300416018781
1.9.0,linq4j/src/main/java/org/apache/calcite/linq4j/tree/ThrowStatement.java,0,0,0.20284920356856467
1.9.0,linq4j/src/main/java/org/apache/calcite/linq4j/tree/TryStatement.java,0,0,0.1968000555969655
1.9.0,linq4j/src/main/java/org/apache/calcite/linq4j/tree/TypeBinaryExpression.java,0,0,0.44756272491294263
1.9.0,linq4j/src/main/java/org/apache/calcite/linq4j/tree/Types.java,0,1,0.9658995382954288
1.9.0,linq4j/src/main/java/org/apache/calcite/linq4j/tree/UnaryExpression.java,0,1,0.6000604576390645
1.9.0,linq4j/src/main/java/org/apache/calcite/linq4j/tree/Visitor.java,0,0,0.3598782299894981
1.9.0,linq4j/src/main/java/org/apache/calcite/linq4j/tree/WhileStatement.java,0,0,0.15703042101581324
1.9.0,ubenchmark/src/main/java/org/apache/calcite/benchmarks/FlightRecorderProfiler.java,0,0,0.1887280184895778
1.9.0,ubenchmark/src/main/java/org/apache/calcite/benchmarks/ParserBenchmark.java,0,0,0.4495575289104674
1.9.0,ubenchmark/src/main/java/org/apache/calcite/benchmarks/PreconditionTest.java,0,0,0.18735041073052744
1.9.0,ubenchmark/src/main/java/org/apache/calcite/benchmarks/StatementTest.java,0,0,0.17226454551178735
1.9.0,core/src/main/java/org/apache/calcite/rel/rules/AggregateExpandDistinctAggregatesRule.java,1,1,0.8491591975213412
1.9.0,core/src/main/java/org/apache/calcite/rex/RexUtil.java,1,1,0.9967340737983831
1.9.0,core/src/main/java/org/apache/calcite/plan/volcano/RuleQueue.java,0,1,0.596235965500028
1.9.0,core/src/main/java/org/apache/calcite/plan/volcano/VolcanoPlanner.java,0,1,0.9968523701367883
1.9.0,core/src/main/java/org/apache/calcite/rel/metadata/RelMdPredicates.java,1,1,0.9770047914989016
1.9.0,core/src/main/java/org/apache/calcite/rel/rules/LoptSemiJoinOptimizer.java,0,1,0.5542693933604892
1.9.0,core/src/main/java/org/apache/calcite/sql/type/SqlTypeFactoryImpl.java,0,1,0.8834231127799994
1.9.0,core/src/main/java/org/apache/calcite/sql/SqlLateralOperator.java,0,1,0.6081515684792388
1.9.0,core/src/main/java/org/apache/calcite/sql/SqlPrefixOperator.java,0,0,0.363804840492013
1.9.0,core/src/main/java/org/apache/calcite/sql/SqlSpecialOperator.java,0,0,0.1474965672321594
1.9.0,core/src/main/java/org/apache/calcite/util/PrecedenceClimbingParser.java,0,1,0.7691936193768105
1.9.0,core/src/main/java/org/apache/calcite/util/Util.java,0,1,0.88766252487723
1.9.0,core/src/main/java/org/apache/calcite/sql/fun/SqlStdOperatorTable.java,0,1,0.9518103430543529
1.9.0,core/src/main/java/org/apache/calcite/sql/fun/SqlBetweenOperator.java,0,1,0.7215735019639341
1.9.0,core/src/main/java/org/apache/calcite/sql/validate/TableScope.java,0,1,0.6384526644033951
1.9.0,core/src/main/java/org/apache/calcite/sql/fun/SqlItemOperator.java,0,1,0.5808953603734011
1.9.0,core/src/main/java/org/apache/calcite/sql/fun/SqlLikeOperator.java,0,1,0.6587115143951717
1.9.0,core/src/main/java/org/apache/calcite/sql/parser/SqlParserUtil.java,0,1,0.8230821932224816
1.9.0,core/src/main/java/org/apache/calcite/jdbc/CalciteMetaImpl.java,1,1,0.5937371501101747
1.9.0,druid/src/main/java/org/apache/calcite/adapter/druid/DruidDateTimeUtils.java,1,1,0.5315850936973292
1.9.0,druid/src/main/java/org/apache/calcite/adapter/druid/DruidQuery.java,1,1,0.8790281345638034
1.9.0,druid/src/main/java/org/apache/calcite/adapter/druid/DruidRules.java,0,1,0.5739395342786046
1.9.0,druid/src/main/java/org/apache/calcite/adapter/druid/DruidTable.java,1,1,0.5030487790988992
1.9.0,core/src/main/java/org/apache/calcite/rex/RexBuilder.java,0,1,0.8976912825402461
1.9.0,core/src/main/java/org/apache/calcite/interpreter/AggregateNode.java,1,1,0.7893341118636946
1.9.0,core/src/main/java/org/apache/calcite/schema/impl/AggregateFunctionImpl.java,0,1,0.6490796584434404
1.9.0,avatica/core/src/main/java/org/apache/calcite/avatica/BuiltInConnectionProperty.java,0,1,0.7631768781481263
1.9.0,avatica/core/src/main/java/org/apache/calcite/avatica/ConnectionConfig.java,0,0,0.4298173336216928
1.9.0,avatica/core/src/main/java/org/apache/calcite/avatica/ConnectionConfigImpl.java,0,1,0.8378208828231508
1.9.0,avatica/core/src/main/java/org/apache/calcite/avatica/remote/AvaticaRemoteConnectionProperty.java,0,0,0.18353670533574695
1.9.0,core/src/main/java/org/apache/calcite/runtime/HttpUtils.java,1,1,0.6641480738091566
1.9.0,core/src/main/java/org/apache/calcite/runtime/SqlFunctions.java,1,1,0.9181597229977239
1.9.0,core/src/main/java/org/apache/calcite/sql/SqlLiteral.java,1,1,0.5293407916228403
1.9.0,core/src/main/java/org/apache/calcite/sql2rel/StandardConvertletTable.java,1,1,0.9701026674533052
1.9.0,core/src/main/java/org/apache/calcite/adapter/enumerable/RexImpTable.java,1,1,0.9897601284206506
1.9.0,core/src/main/java/org/apache/calcite/sql/fun/SqlTimestampAddFunction.java,0,1,0.5083464361541715
1.9.0,core/src/main/java/org/apache/calcite/sql/fun/SqlTimestampDiffFunction.java,0,0,0.22530748226559769
1.9.0,core/src/main/java/org/apache/calcite/plan/VisitorDataContext.java,0,0,0.3678821945067509
1.9.0,core/src/main/java/org/apache/calcite/sql/SqlDescribeSchema.java,0,0,0.4281663838397818
1.9.0,core/src/main/java/org/apache/calcite/sql/SqlDescribeTable.java,0,1,0.6069873897536593
1.9.0,core/src/main/java/org/apache/calcite/rel/core/RelFactories.java,0,1,0.5440618684908404
1.9.0,core/src/main/java/org/apache/calcite/rel/rel2sql/SqlImplementor.java,1,1,0.8532264760557443
1.9.0,avatica/core/src/main/java/org/apache/calcite/avatica/AvaticaConnection.java,0,1,0.6803974673840842
1.9.0,avatica/core/src/main/java/org/apache/calcite/avatica/AvaticaResultSet.java,0,0,0.4001585980918077
1.9.0,avatica/core/src/main/java/org/apache/calcite/avatica/AvaticaStatement.java,0,0,0.40153322375342854
1.9.0,avatica/core/src/main/java/org/apache/calcite/avatica/AvaticaUtils.java,0,1,0.5440681743928879
1.9.0,avatica/core/src/main/java/org/apache/calcite/avatica/ConnectionProperty.java,0,1,0.877242697516163
1.9.0,avatica/core/src/main/java/org/apache/calcite/avatica/remote/AvaticaCommonsHttpClientImpl.java,0,1,0.823948466905128
1.9.0,core/src/main/java/org/apache/calcite/sql/SqlAggFunction.java,0,0,0.3824200365504609
1.9.0,core/src/main/java/org/apache/calcite/sql/SqlOperator.java,0,1,0.742484865624794
1.9.0,core/src/main/java/org/apache/calcite/sql/validate/AggChecker.java,0,1,0.7782437902175393
1.9.0,core/src/main/java/org/apache/calcite/sql/validate/AggFinder.java,0,1,0.9050851420344023
1.9.0,core/src/main/java/org/apache/calcite/jdbc/JavaTypeFactoryImpl.java,1,1,0.7365055732837262
1.9.0,core/src/main/java/org/apache/calcite/rex/RexLiteral.java,0,1,0.6531088006119595
1.9.0,core/src/main/java/org/apache/calcite/sql/SqlIntervalQualifier.java,1,1,0.8509958795579411
1.9.0,core/src/main/java/org/apache/calcite/sql2rel/SqlNodeToRexConverterImpl.java,0,1,0.7191090640618438
1.9.0,core/src/main/java/org/apache/calcite/adapter/enumerable/RexToLixTranslator.java,0,1,0.9923296330409889
1.9.0,core/src/main/java/org/apache/calcite/rel/metadata/RelMdSize.java,0,0,0.4048220104037808
1.9.0,core/src/main/java/org/apache/calcite/rel/type/RelDataTypeSystemImpl.java,0,0,0.4298968937447886
1.9.0,core/src/main/java/org/apache/calcite/sql/type/IntervalSqlType.java,0,1,0.7434180364264467
1.9.0,core/src/main/java/org/apache/calcite/sql/type/MatchReturnTypeInference.java,0,1,0.6491152162298557
1.9.0,core/src/main/java/org/apache/calcite/sql/type/SqlTypeAssignmentRules.java,0,0,0.03709398637915146
1.9.0,core/src/main/java/org/apache/calcite/sql/type/SqlTypeExplicitPrecedenceList.java,1,1,0.8133217779492036
1.9.0,core/src/main/java/org/apache/calcite/sql/type/SqlTypeFamily.java,0,0,0.21753470755531018
1.9.0,core/src/main/java/org/apache/calcite/sql/type/SqlTypeName.java,0,0,0.15326638000422374
1.9.0,core/src/main/java/org/apache/calcite/sql/type/SqlTypeUtil.java,1,1,0.7389093783523043
1.9.0,core/src/main/java/org/apache/calcite/DataContext.java,0,1,0.5786721332499666
1.9.0,core/src/main/java/org/apache/calcite/jdbc/CalciteConnectionImpl.java,1,1,0.7639376099068707
1.9.0,core/src/main/java/org/apache/calcite/jdbc/CalciteResultSet.java,1,1,0.6860707065116649
1.9.0,core/src/main/java/org/apache/calcite/plan/AbstractRelOptPlanner.java,0,1,0.6481199977411387
1.9.0,core/src/main/java/org/apache/calcite/plan/RelOptPlanner.java,0,0,0.14669284031538796
1.9.0,core/src/main/java/org/apache/calcite/util/CancelFlag.java,0,0,0.23429682066641977
1.9.0,core/src/main/java/org/apache/calcite/sql/SqlFunctionCategory.java,0,1,0.9999999999988287
1.9.0,core/src/main/java/org/apache/calcite/sql/SqlUtil.java,0,1,0.6142991907918538
1.9.0,core/src/main/java/org/apache/calcite/sql2rel/RelStructuredTypeFlattener.java,0,1,0.6065207201752313
1.9.0,core/src/main/java/org/apache/calcite/rel/externalize/RelJson.java,0,1,0.8801045339970611
1.9.0,core/src/main/java/org/apache/calcite/sql/parser/SqlAbstractParserImpl.java,0,1,0.6097926107564497
1.9.0,core/src/main/java/org/apache/calcite/sql/util/ListSqlOperatorTable.java,0,1,0.57005708160036
1.9.0,core/src/main/java/org/apache/calcite/sql/validate/SqlUserDefinedFunction.java,0,0,0.17722602875027216
1.9.0,core/src/main/java/org/apache/calcite/sql/validate/SqlUserDefinedTableFunction.java,0,0,0.16338894215166747
1.9.0,core/src/main/java/org/apache/calcite/prepare/RelOptTableImpl.java,0,1,0.6837905672033181
1.9.0,core/src/main/java/org/apache/calcite/rel/stream/StreamRules.java,0,0,0.4276493445543408
1.9.0,core/src/main/java/org/apache/calcite/util/Compatible.java,0,1,0.573690277330453
1.9.0,core/src/main/java/org/apache/calcite/plan/RelOptTable.java,0,0,0.2882720192508401
1.9.0,core/src/main/java/org/apache/calcite/prepare/CalcitePrepareImpl.java,0,1,0.9835714921897184
1.9.0,core/src/main/java/org/apache/calcite/prepare/LixToRelTranslator.java,0,1,0.6239798061910905
1.9.0,core/src/main/java/org/apache/calcite/prepare/PlannerImpl.java,0,1,0.6658685456932181
1.9.0,core/src/main/java/org/apache/calcite/prepare/Prepare.java,1,1,0.7928404149800355
1.9.0,core/src/main/java/org/apache/calcite/schema/impl/MaterializedViewTable.java,0,0,0.3595389434936743
1.9.0,core/src/main/java/org/apache/calcite/schema/impl/ViewTable.java,0,1,0.7034243836291817
1.9.0,cassandra/src/main/java/org/apache/calcite/adapter/cassandra/CassandraSchema.java,1,1,0.5403585064128765
1.9.0,core/src/main/java/org/apache/calcite/model/ModelHandler.java,0,1,0.9800740630238867
1.9.0,core/src/main/java/org/apache/calcite/tools/RelBuilder.java,1,1,0.7078836301396177
1.9.0,core/src/main/java/org/apache/calcite/rel/rules/ProjectFilterTransposeRule.java,0,1,0.5942910709825693
1.9.0,core/src/main/java/org/apache/calcite/rel/rules/ProjectJoinTransposeRule.java,0,1,0.679008099605832
1.9.0,core/src/main/java/org/apache/calcite/rel/rules/ProjectSetOpTransposeRule.java,0,1,0.5616529686225904
1.9.0,core/src/main/java/org/apache/calcite/rel/rules/PushProjector.java,0,1,0.8215174430290114
1.9.0,avatica/server/src/main/java/org/apache/calcite/avatica/server/HttpServer.java,0,1,0.8311817082980854
1.9.0,core/src/main/java/org/apache/calcite/sql/SqlDialect.java,0,1,0.5413882642392486
1.9.0,core/src/main/java/org/apache/calcite/adapter/jdbc/JdbcImplementor.java,0,0,0.26761331902358804
1.9.0,core/src/main/java/org/apache/calcite/adapter/jdbc/JdbcTableScan.java,0,1,0.5726139948000416
1.9.0,core/src/main/java/org/apache/calcite/rel/rel2sql/RelToSqlConverter.java,1,0,0.3763190177831796
1.9.0,core/src/main/java/org/apache/calcite/interpreter/BindableConvention.java,0,1,0.5703509805378081
1.9.0,core/src/main/java/org/apache/calcite/interpreter/InterpretableConvention.java,0,0,0.2337844863707252
1.9.0,core/src/main/java/org/apache/calcite/plan/Convention.java,0,1,0.5009513004284144
1.9.0,core/src/main/java/org/apache/calcite/plan/ConventionTraitDef.java,1,1,0.6606401677262291
1.9.0,core/src/main/java/org/apache/calcite/plan/RelTraitDef.java,0,1,0.6594784642535674
1.9.0,core/src/main/java/org/apache/calcite/rel/RelCollationTraitDef.java,0,0,0.3718421698597341
1.9.0,core/src/main/java/org/apache/calcite/adapter/enumerable/EnumerableConvention.java,0,1,0.6516544194617041
1.9.0,core/src/main/java/org/apache/calcite/plan/volcano/RelSet.java,0,1,0.7746580305988434
1.9.0,core/src/main/java/org/apache/calcite/sql/fun/SqlExtractFunction.java,0,1,0.5794590634478304
1.9.0,core/src/main/java/org/apache/calcite/rel/rules/ReduceExpressionsRule.java,1,1,0.87646280994707
1.9.0,core/src/main/java/org/apache/calcite/materialize/Lattice.java,0,1,0.6131430580598519
1.9.0,core/src/main/java/org/apache/calcite/plan/SubstitutionVisitor.java,0,1,0.9658549087947708
1.9.0,core/src/main/java/org/apache/calcite/rex/RexProgramBuilder.java,0,1,0.679118617728324
1.9.0,core/src/main/java/org/apache/calcite/sql/SqlCall.java,1,1,0.5885863414786701
1.9.0,core/src/main/java/org/apache/calcite/adapter/enumerable/EnumerableRel.java,0,1,0.5540724982854816
1.9.0,core/src/main/java/org/apache/calcite/rel/core/Join.java,0,0,0.3380779858154834
1.9.0,core/src/main/java/org/apache/calcite/rel/core/SemiJoin.java,0,1,0.504061618352549
1.9.0,core/src/main/java/org/apache/calcite/rel/logical/LogicalProject.java,0,0,0.35064148100939413
1.9.0,core/src/main/java/org/apache/calcite/rel/rules/CalcRelSplitter.java,0,1,0.7347667591356135
1.9.0,core/src/main/java/org/apache/calcite/rel/rules/JoinProjectTransposeRule.java,0,1,0.5579126282563766
1.9.0,core/src/main/java/org/apache/calcite/rel/rules/SemiJoinProjectTransposeRule.java,0,1,0.5460202404154613
1.9.0,core/src/main/java/org/apache/calcite/rel/type/RelDataTypeSystem.java,0,0,0.15693346395660612
1.9.0,core/src/main/java/org/apache/calcite/util/CompositeList.java,0,1,0.6069980549576744
1.9.0,core/src/main/java/org/apache/calcite/adapter/jdbc/JdbcRules.java,0,1,0.6162104312643523
1.9.0,core/src/main/java/org/apache/calcite/rex/RexSqlStandardConvertletTable.java,0,0,0.34678826912008287
1.9.0,core/src/main/java/org/apache/calcite/util/BuiltInMethod.java,1,1,0.9217247400208006
1.9.0,core/src/main/java/org/apache/calcite/sql/fun/SqlDatetimeSubtractionOperator.java,0,0,0.171865200927358
1.9.0,core/src/main/java/org/apache/calcite/sql/type/ReturnTypes.java,0,1,0.7153354938689344
