version,file,true_label,predicted,probability
1.5.0,core/src/main/java/org/apache/calcite/adapter/jdbc/JdbcToEnumerableConverter.java,0,0,0.274469252270872
1.5.0,linq4j/src/main/java/org/apache/calcite/linq4j/CartesianProductEnumerator.java,0,0,0.3875962686396062
1.5.0,core/src/main/java/org/apache/calcite/interpreter/AbstractSingleNode.java,0,0,0.1880659601708097
1.5.0,core/src/main/java/org/apache/calcite/interpreter/Row.java,0,0,0.45290462271644344
1.5.0,core/src/main/java/org/apache/calcite/sql/SqlBinaryOperator.java,0,1,0.7751636374978147
1.5.0,core/src/main/java/org/apache/calcite/sql/SqlOperatorBinding.java,0,0,0.37542584422906866
1.5.0,core/src/main/java/org/apache/calcite/sql/SqlPrefixOperator.java,0,0,0.35817452369151087
1.5.0,core/src/main/java/org/apache/calcite/sql/fun/SqlAbstractTimeFunction.java,0,1,0.6391873642777715
1.5.0,core/src/main/java/org/apache/calcite/sql/fun/SqlCurrentDateFunction.java,0,0,0.26725748000421273
1.5.0,core/src/main/java/org/apache/calcite/sql/fun/SqlDatetimeSubtractionOperator.java,0,0,0.26600534738605736
1.5.0,core/src/main/java/org/apache/calcite/sql/fun/SqlExtractFunction.java,0,1,0.6051598926608907
1.5.0,core/src/main/java/org/apache/calcite/sql/fun/SqlFloorFunction.java,0,1,0.6273416097976531
1.5.0,core/src/main/java/org/apache/calcite/sql/fun/SqlMonotonicBinaryOperator.java,0,1,0.6438437879939587
1.5.0,core/src/main/java/org/apache/calcite/sql/fun/SqlMonotonicUnaryFunction.java,0,0,0.3399777795202762
1.5.0,core/src/main/java/org/apache/calcite/sql/fun/SqlStringContextVariable.java,0,0,0.26725748000421273
1.5.0,core/src/main/java/org/apache/calcite/plan/RelOptPlanner.java,0,0,0.14521208011702705
1.5.0,core/src/main/java/org/apache/calcite/server/CalciteServerStatement.java,0,0,0.19804097056183248
1.5.0,core/src/main/java/org/apache/calcite/rel/logical/LogicalProject.java,0,0,0.47679134768660786
1.5.0,core/src/main/java/org/apache/calcite/rel/rules/SemiJoinRule.java,0,0,0.49410685444343133
1.5.0,core/src/main/java/org/apache/calcite/sql/fun/SqlAbstractGroupFunction.java,0,1,0.6285965954991909
1.5.0,core/src/main/java/org/apache/calcite/sql/validate/AggregatingSelectScope.java,0,1,0.8613366008080575
1.5.0,core/src/main/java/org/apache/calcite/sql/validate/DelegatingScope.java,0,1,0.6271021073382315
1.5.0,core/src/main/java/org/apache/calcite/interpreter/SortNode.java,1,1,0.5504696835918123
1.5.0,core/src/main/java/org/apache/calcite/plan/RelCompositeTrait.java,0,0,0.3335246466419544
1.5.0,core/src/main/java/org/apache/calcite/plan/RelMultipleTrait.java,0,0,0.19804097056183248
1.5.0,core/src/main/java/org/apache/calcite/plan/RelTrait.java,0,0,0.19804097056183248
1.5.0,core/src/main/java/org/apache/calcite/plan/RelTraitDef.java,0,1,0.6092243984037883
1.5.0,core/src/main/java/org/apache/calcite/rel/RelCollation.java,0,0,0.19804097056183248
1.5.0,core/src/main/java/org/apache/calcite/rex/RexProgram.java,0,0,0.41761303850516673
1.5.0,core/src/main/java/org/apache/calcite/adapter/enumerable/EnumerableCalcRule.java,0,0,0.12169941856015064
1.5.0,core/src/main/java/org/apache/calcite/adapter/enumerable/EnumerableFilterToCalcRule.java,0,0,0.1880659601708097
1.5.0,core/src/main/java/org/apache/calcite/adapter/enumerable/EnumerableMergeJoinRule.java,0,1,0.5061947762718578
1.5.0,core/src/main/java/org/apache/calcite/adapter/enumerable/EnumerableProjectToCalcRule.java,0,0,0.1880659601708097
1.5.0,core/src/main/java/org/apache/calcite/adapter/enumerable/EnumerableSort.java,0,0,0.45593306965094244
1.5.0,core/src/main/java/org/apache/calcite/adapter/enumerable/EnumerableSortRule.java,0,1,0.5139484808387099
1.5.0,core/src/main/java/org/apache/calcite/adapter/enumerable/EnumerableValuesRule.java,0,0,0.1880659601708097
1.5.0,core/src/main/java/org/apache/calcite/plan/volcano/AbstractConverter.java,0,0,0.4957500195433787
1.5.0,core/src/main/java/org/apache/calcite/rel/core/Calc.java,0,0,0.242039426195432
1.5.0,core/src/main/java/org/apache/calcite/rel/core/Correlate.java,0,0,0.3697530144874022
1.5.0,core/src/main/java/org/apache/calcite/rel/core/JoinInfo.java,0,0,0.3849245681876065
1.5.0,core/src/main/java/org/apache/calcite/rel/logical/LogicalCorrelate.java,0,0,0.3037049081769296
1.5.0,core/src/main/java/org/apache/calcite/rel/logical/LogicalIntersect.java,0,0,0.1788308143240297
1.5.0,core/src/main/java/org/apache/calcite/rel/logical/LogicalJoin.java,0,0,0.31301739322494465
1.5.0,core/src/main/java/org/apache/calcite/rel/logical/LogicalMinus.java,0,0,0.22492080708463613
1.5.0,core/src/main/java/org/apache/calcite/rel/logical/LogicalSort.java,0,0,0.39071118595032056
1.5.0,core/src/main/java/org/apache/calcite/rel/logical/LogicalTableModify.java,0,0,0.3554295773128242
1.5.0,core/src/main/java/org/apache/calcite/rel/logical/LogicalUnion.java,0,0,0.3483307528460692
1.5.0,core/src/main/java/org/apache/calcite/rel/logical/LogicalValues.java,0,0,0.4046996732045089
1.5.0,core/src/main/java/org/apache/calcite/rel/rules/FilterCalcMergeRule.java,0,0,0.11799683175927855
1.5.0,core/src/main/java/org/apache/calcite/rel/rules/FilterTableFunctionTransposeRule.java,0,0,0.18573488986657152
1.5.0,core/src/main/java/org/apache/calcite/rel/rules/FilterToCalcRule.java,0,0,0.17624349788336058
1.5.0,core/src/main/java/org/apache/calcite/rel/rules/ProjectCalcMergeRule.java,0,0,0.12205651601085038
1.5.0,core/src/main/java/org/apache/calcite/rel/rules/ProjectToCalcRule.java,0,0,0.17624349788336058
1.5.0,core/src/main/java/org/apache/calcite/rel/rules/PruneEmptyRules.java,0,1,0.639518258354453
1.5.0,core/src/main/java/org/apache/calcite/rel/rules/ReduceDecimalsRule.java,0,1,0.6298576246350471
1.5.0,core/src/main/java/org/apache/calcite/rel/rules/ValuesReduceRule.java,1,1,0.5223351104667926
1.5.0,core/src/main/java/org/apache/calcite/sql/util/SqlShuttle.java,0,1,0.5901437259096572
1.5.0,splunk/src/main/java/org/apache/calcite/adapter/splunk/SplunkPushDownRule.java,0,0,0.35919589938791124
1.5.0,core/src/main/java/org/apache/calcite/rex/RexBuilder.java,1,1,0.6243971410771835
1.5.0,core/src/main/java/org/apache/calcite/rex/RexLiteral.java,0,1,0.6188396924780124
1.5.0,core/src/main/java/org/apache/calcite/sql/type/SqlTypeTransforms.java,0,1,0.5435795522749428
1.5.0,core/src/main/java/org/apache/calcite/plan/MaterializedViewSubstitutionVisitor.java,0,1,0.6040549614856284
1.5.0,core/src/main/java/org/apache/calcite/plan/SubstitutionVisitor.java,1,1,0.995303237657124
1.5.0,core/src/main/java/org/apache/calcite/interpreter/BindableConvention.java,0,0,0.49410685444343133
1.5.0,core/src/main/java/org/apache/calcite/interpreter/BindableRel.java,0,0,0.19804097056183248
1.5.0,core/src/main/java/org/apache/calcite/interpreter/Context.java,0,0,0.1880659601708097
1.5.0,core/src/main/java/org/apache/calcite/interpreter/FilterNode.java,0,1,0.6207097576337572
1.5.0,core/src/main/java/org/apache/calcite/interpreter/InterpretableConvention.java,0,0,0.18573488986657152
1.5.0,core/src/main/java/org/apache/calcite/interpreter/InterpretableConverter.java,0,0,0.19804097056183248
1.5.0,core/src/main/java/org/apache/calcite/interpreter/InterpretableRel.java,0,0,0.19804097056183248
1.5.0,core/src/main/java/org/apache/calcite/interpreter/Interpreters.java,0,0,0.18573488986657152
1.5.0,core/src/main/java/org/apache/calcite/interpreter/NoneToBindableConverterRule.java,0,0,0.1917185645000635
1.5.0,core/src/main/java/org/apache/calcite/interpreter/Scalar.java,0,0,0.18573488986657152
1.5.0,core/src/main/java/org/apache/calcite/interpreter/UnionNode.java,0,1,0.6077588102584676
1.5.0,core/src/main/java/org/apache/calcite/interpreter/WindowNode.java,0,0,0.2657115107191843
1.5.0,core/src/main/java/org/apache/calcite/rex/RexExecutorImpl.java,0,0,0.49525082834732703
1.5.0,core/src/main/java/org/apache/calcite/runtime/ArrayBindable.java,0,0,0.19804097056183248
1.5.0,core/src/main/java/org/apache/calcite/adapter/enumerable/AggImpState.java,0,0,0.4888452676859723
1.5.0,core/src/main/java/org/apache/calcite/adapter/enumerable/EnumerableBindable.java,0,0,0.19804097056183248
1.5.0,core/src/main/java/org/apache/calcite/adapter/enumerable/EnumerableConvention.java,0,0,0.49410685444343133
1.5.0,core/src/main/java/org/apache/calcite/adapter/enumerable/EnumerableFilterRule.java,0,0,0.1880659601708097
1.5.0,core/src/main/java/org/apache/calcite/adapter/enumerable/EnumerableInterpretable.java,0,0,0.4910336362710066
1.5.0,core/src/main/java/org/apache/calcite/adapter/enumerable/EnumUtils.java,0,1,0.6244243346446227
1.5.0,core/src/main/java/org/apache/calcite/adapter/java/ReflectiveSchema.java,0,0,0.4704443492546786
1.5.0,core/src/main/java/org/apache/calcite/rel/convert/ConverterRule.java,0,1,0.647373813946339
1.5.0,spark/src/main/java/org/apache/calcite/adapter/spark/SparkHandlerImpl.java,0,0,0.13090008407746714
1.5.0,linq4j/src/main/java/org/apache/calcite/linq4j/tree/ConditionalExpression.java,0,0,0.2657115107191843
1.5.0,mongodb/src/main/java/org/apache/calcite/adapter/mongodb/MongoAggregate.java,0,0,0.4881498968426027
1.5.0,core/src/main/java/org/apache/calcite/rel/metadata/ReflectiveRelMetadataProvider.java,0,1,0.6537682966046988
1.5.0,core/src/main/java/org/apache/calcite/schema/ExtensibleTable.java,0,0,0.19804097056183248
1.5.0,core/src/main/java/org/apache/calcite/sql/SqlDelete.java,0,0,0.43149646611391174
1.5.0,core/src/main/java/org/apache/calcite/plan/RelTraitSet.java,0,1,0.5984693618088098
1.5.0,core/src/main/java/org/apache/calcite/adapter/jdbc/JdbcImplementor.java,0,1,0.7453578802584323
1.5.0,core/src/main/java/org/apache/calcite/adapter/jdbc/JdbcRules.java,0,1,0.8192210213732428
1.5.0,core/src/main/java/org/apache/calcite/plan/volcano/RelSet.java,1,1,0.6016712893518534
1.5.0,core/src/main/java/org/apache/calcite/prepare/CalciteCatalogReader.java,0,1,0.8743554431755447
1.5.0,core/src/main/java/org/apache/calcite/sql2rel/SqlToRelConverter.java,1,1,0.9995781724374116
1.5.0,linq4j/src/main/java/org/apache/calcite/linq4j/tree/Primitive.java,0,0,0.24148068003136106
1.5.0,core/src/main/java/org/apache/calcite/sql/validate/ProcedureNamespace.java,1,1,0.6773888285686651
1.5.0,core/src/main/java/org/apache/calcite/sql/validate/SqlUserDefinedTableMacro.java,0,1,0.7129835761508353
1.5.0,core/src/main/java/org/apache/calcite/adapter/clone/ColumnLoader.java,0,1,0.754802624137101
1.5.0,core/src/main/java/org/apache/calcite/rel/core/Project.java,1,0,0.3200943519705186
1.5.0,core/src/main/java/org/apache/calcite/rel/core/Values.java,0,1,0.6680193847450753
1.5.0,linq4j/src/main/java/org/apache/calcite/linq4j/tree/ConstructorDeclaration.java,0,0,0.2112698981126265
1.5.0,linq4j/src/main/java/org/apache/calcite/linq4j/tree/MethodDeclaration.java,0,0,0.47967871066191897
1.5.0,core/src/main/java/org/apache/calcite/rel/type/RelCrossType.java,0,1,0.5993449182690925
1.5.0,mongodb/src/main/java/org/apache/calcite/adapter/mongodb/MongoEnumerator.java,0,0,0.3675445276010133
1.5.0,core/src/main/java/org/apache/calcite/rel/core/Join.java,0,0,0.3069638737740314
1.5.0,core/src/main/java/org/apache/calcite/rel/core/TableFunctionScan.java,0,0,0.32298546527297034
1.5.0,core/src/main/java/org/apache/calcite/rel/externalize/RelWriterImpl.java,0,1,0.5377887651793363
1.5.0,core/src/main/java/org/apache/calcite/rel/rules/MultiJoin.java,0,1,0.5270808223937244
1.5.0,core/src/main/java/org/apache/calcite/rel/rules/AggregateProjectMergeRule.java,0,1,0.6444719520589067
1.5.0,core/src/main/java/org/apache/calcite/rel/rules/ProjectFilterTransposeRule.java,0,1,0.6235410852372301
1.5.0,core/src/main/java/org/apache/calcite/rel/rules/SortProjectTransposeRule.java,1,1,0.661126592427131
1.5.0,core/src/main/java/org/apache/calcite/util/ImmutableNullableList.java,0,0,0.48365527548797205
1.5.0,core/src/main/java/org/apache/calcite/rel/metadata/DefaultRelMetadataProvider.java,0,0,0.1880659601708097
1.5.0,core/src/main/java/org/apache/calcite/plan/RelOptTable.java,0,0,0.25845965814122573
1.5.0,core/src/main/java/org/apache/calcite/prepare/CalciteMaterializer.java,0,1,0.8305723200146243
1.5.0,core/src/main/java/org/apache/calcite/prepare/LixToRelTranslator.java,0,1,0.68412775458363
1.5.0,core/src/main/java/org/apache/calcite/prepare/PlannerImpl.java,0,0,0.4411545564625184
1.5.0,core/src/main/java/org/apache/calcite/rel/RelCollations.java,0,0,0.37908898491393905
1.5.0,core/src/main/java/org/apache/calcite/rel/RelCollationTraitDef.java,1,1,0.5464582861251231
1.5.0,core/src/main/java/org/apache/calcite/rel/RelInput.java,0,0,0.203826840400227
1.5.0,core/src/main/java/org/apache/calcite/rel/RelRoot.java,0,0,0.39790512911799636
1.5.0,core/src/main/java/org/apache/calcite/sql/fun/SqlSequenceValueOperator.java,0,1,0.5026748016181348
1.5.0,core/src/main/java/org/apache/calcite/sql2rel/RelStructuredTypeFlattener.java,0,1,0.6093916744288882
1.5.0,core/src/main/java/org/apache/calcite/tools/Planner.java,0,0,0.26531565633767074
1.5.0,core/src/main/java/org/apache/calcite/tools/Programs.java,0,1,0.691912399924405
1.5.0,core/src/main/java/org/apache/calcite/tools/RuleSets.java,0,0,0.36901779472491897
1.5.0,core/src/main/java/org/apache/calcite/adapter/enumerable/EnumerableProject.java,0,0,0.44522442838507886
1.5.0,core/src/main/java/org/apache/calcite/adapter/enumerable/EnumerableProjectRule.java,0,0,0.2671363201697981
1.5.0,core/src/main/java/org/apache/calcite/rel/externalize/RelJsonReader.java,0,1,0.6466804471455605
1.5.0,core/src/main/java/org/apache/calcite/schema/impl/ViewTable.java,0,1,0.7990004726728283
1.5.0,core/src/main/java/org/apache/calcite/util/JsonBuilder.java,0,1,0.6038711435966844
1.5.0,core/src/main/java/org/apache/calcite/materialize/CachingLatticeStatisticProvider.java,0,0,0.17029042228833308
1.5.0,core/src/main/java/org/apache/calcite/materialize/DelegatingLatticeStatisticProvider.java,0,0,0.41620440867289504
1.5.0,core/src/main/java/org/apache/calcite/materialize/Lattices.java,0,0,0.2121262375668679
1.5.0,core/src/main/java/org/apache/calcite/materialize/LatticeStatisticProvider.java,0,0,0.2505549455290477
1.5.0,core/src/main/java/org/apache/calcite/materialize/SqlLatticeStatisticProvider.java,0,0,0.30003802778846195
1.5.0,core/src/main/java/org/apache/calcite/tools/PigRelBuilder.java,0,1,0.5399786817826553
1.5.0,core/src/main/java/org/apache/calcite/runtime/FlatLists.java,0,0,0.486200440909235
1.5.0,core/src/main/java/org/apache/calcite/schema/StreamableTable.java,0,0,0.19804097056183248
1.5.0,core/src/main/java/org/apache/calcite/sql/SqlSelectKeyword.java,0,0,0.1880659601708097
1.5.0,avatica/src/main/java/org/apache/calcite/avatica/util/PackageMarker.java,0,0,0.19804097056183248
1.5.0,linq4j/src/main/java/org/apache/calcite/linq4j/PackageMarker.java,0,0,0.19804097056183248
1.5.0,core/src/main/java/org/apache/calcite/rel/stream/Chi.java,0,0,0.15334339959220394
1.5.0,core/src/main/java/org/apache/calcite/rel/stream/Delta.java,0,0,0.21600076787600425
1.5.0,core/src/main/java/org/apache/calcite/rel/stream/LogicalChi.java,0,0,0.19804097056183248
1.5.0,core/src/main/java/org/apache/calcite/rel/stream/LogicalDelta.java,0,0,0.149251411109723
1.5.0,core/src/main/java/org/apache/calcite/rel/stream/StreamRules.java,0,0,0.260508426795036
1.5.0,core/src/main/java/org/apache/calcite/sql/advise/SqlAdvisorValidator.java,1,0,0.3965823263833115
1.5.0,core/src/main/java/org/apache/calcite/sql/fun/SqlCollectionTableOperator.java,0,0,0.2514114489757288
1.5.0,core/src/main/java/org/apache/calcite/sql/type/CompositeSingleOperandTypeChecker.java,0,0,0.457255213000766
1.5.0,core/src/main/java/org/apache/calcite/sql/validate/AbstractNamespace.java,1,1,0.5398743019715235
1.5.0,core/src/main/java/org/apache/calcite/sql/validate/IdentifierNamespace.java,1,1,0.5148944143469931
1.5.0,core/src/main/java/org/apache/calcite/sql/validate/SetopNamespace.java,1,0,0.39889450247366004
1.5.0,core/src/main/java/org/apache/calcite/sql/validate/SqlModality.java,0,0,0.1880659601708097
1.5.0,core/src/main/java/org/apache/calcite/sql/validate/SqlValidatorNamespace.java,1,0,0.19804097056183248
1.5.0,core/src/main/java/org/apache/calcite/sql/validate/SqlValidatorTable.java,0,0,0.19804097056183248
1.5.0,core/src/main/java/org/apache/calcite/sql/validate/TableConstructorNamespace.java,1,1,0.5454988487790111
1.5.0,core/src/main/java/org/apache/calcite/sql/validate/TableNamespace.java,1,1,0.5139484808387099
1.5.0,linq4j/src/main/java/org/apache/calcite/linq4j/tree/Visitor.java,0,0,0.3643684255053475
1.5.0,core/src/main/java/org/apache/calcite/sql/SqlAggFunction.java,0,0,0.3782999404040184
1.5.0,core/src/main/java/org/apache/calcite/sql/SqlRankFunction.java,0,0,0.3311916849319029
1.5.0,core/src/main/java/org/apache/calcite/sql/fun/SqlCovarAggFunction.java,0,0,0.3452820340939032
1.5.0,core/src/main/java/org/apache/calcite/sql/fun/SqlAvgAggFunction.java,0,0,0.3242080508929238
1.5.0,core/src/main/java/org/apache/calcite/sql/fun/SqlCountAggFunction.java,0,0,0.4416242745722277
1.5.0,core/src/main/java/org/apache/calcite/sql/fun/SqlFirstLastValueAggFunction.java,0,0,0.4457919293298195
1.5.0,core/src/main/java/org/apache/calcite/sql/fun/SqlHistogramAggFunction.java,0,0,0.3136742855625078
1.5.0,core/src/main/java/org/apache/calcite/sql/fun/SqlLeadLagAggFunction.java,0,1,0.6048843182784839
1.5.0,core/src/main/java/org/apache/calcite/sql/fun/SqlMinMaxAggFunction.java,0,0,0.30871765399584206
1.5.0,core/src/main/java/org/apache/calcite/sql/fun/SqlNtileAggFunction.java,0,0,0.29894682941365813
1.5.0,core/src/main/java/org/apache/calcite/sql/fun/SqlSingleValueAggFunction.java,0,0,0.3136742855625078
1.5.0,core/src/main/java/org/apache/calcite/sql/fun/SqlSumAggFunction.java,0,1,0.5185329703730382
1.5.0,core/src/main/java/org/apache/calcite/sql/fun/SqlSumEmptyIsZeroAggFunction.java,1,0,0.4058461277080123
1.5.0,core/src/main/java/org/apache/calcite/sql/validate/SqlUserDefinedAggFunction.java,0,0,0.35150361349602555
1.5.0,core/src/main/java/org/apache/calcite/sql2rel/RelFieldTrimmer.java,0,1,0.9324098265515544
1.5.0,core/src/main/java/org/apache/calcite/tools/RelBuilder.java,1,1,0.934944361301756
1.5.0,core/src/main/java/org/apache/calcite/rel/metadata/RelMdMemory.java,0,0,0.21270541346357635
1.5.0,core/src/main/java/org/apache/calcite/rel/metadata/RelMdParallelism.java,0,0,0.1680220483178619
1.5.0,core/src/main/java/org/apache/calcite/rel/rules/AggregateExpandDistinctAggregatesRule.java,1,1,0.9190799175859816
1.5.0,core/src/main/java/org/apache/calcite/rel/rules/AggregateJoinTransposeRule.java,1,1,0.9505940293693448
1.5.0,core/src/main/java/org/apache/calcite/rel/rules/AggregateProjectPullUpConstantsRule.java,0,1,0.9123054516568411
1.5.0,core/src/main/java/org/apache/calcite/rel/rules/AggregateUnionAggregateRule.java,0,1,0.6899453351191218
1.5.0,core/src/main/java/org/apache/calcite/rel/rules/AggregateUnionTransposeRule.java,0,1,0.7903092184043227
1.5.0,core/src/main/java/org/apache/calcite/util/Static.java,0,0,0.19163937003913523
1.5.0,core/src/main/java/org/apache/calcite/sql/advise/SqlAdvisor.java,0,0,0.3061948510091443
1.5.0,core/src/main/java/org/apache/calcite/sql/parser/SqlParserPos.java,0,1,0.6158272549678924
1.5.0,core/src/main/java/org/apache/calcite/sql/validate/CatalogScope.java,0,1,0.6176489346139119
1.5.0,core/src/main/java/org/apache/calcite/sql/validate/EmptyScope.java,0,0,0.27677207411947496
1.5.0,core/src/main/java/org/apache/calcite/sql/validate/ListScope.java,0,0,0.37852571296756266
1.5.0,core/src/main/java/org/apache/calcite/sql/validate/OrderByScope.java,0,1,0.5008540742697682
1.5.0,core/src/main/java/org/apache/calcite/sql/validate/ParameterScope.java,0,0,0.27307214473736546
1.5.0,core/src/main/java/org/apache/calcite/sql/validate/SchemaNamespace.java,1,0,0.2062635689751453
1.5.0,core/src/main/java/org/apache/calcite/sql/validate/SelectScope.java,0,0,0.4887461755747553
1.5.0,core/src/main/java/org/apache/calcite/sql/validate/SqlMoniker.java,0,0,0.4367842655755189
1.5.0,core/src/main/java/org/apache/calcite/sql/validate/SqlMonikerImpl.java,0,0,0.4065588154421687
1.5.0,core/src/main/java/org/apache/calcite/sql/validate/SqlMonikerType.java,0,0,0.1880659601708097
1.5.0,core/src/main/java/org/apache/calcite/sql/validate/SqlQualified.java,0,0,0.4336101928106335
1.5.0,core/src/main/java/org/apache/calcite/sql/validate/SqlValidatorCatalogReader.java,0,0,0.19804097056183248
1.5.0,core/src/main/java/org/apache/calcite/sql/validate/SqlValidatorScope.java,0,0,0.18573488986657152
1.5.0,core/src/main/java/org/apache/calcite/sql/validate/WithScope.java,1,0,0.4511387725228285
1.5.0,core/src/main/java/org/apache/calcite/runtime/Enumerables.java,0,0,0.309038182874422
1.5.0,core/src/main/java/org/apache/calcite/adapter/enumerable/EnumerableJoinRule.java,0,0,0.42571871528653654
1.5.0,core/src/main/java/org/apache/calcite/adapter/enumerable/EnumerableThetaJoin.java,0,0,0.3679979570070241
1.5.0,linq4j/src/main/java/org/apache/calcite/linq4j/tree/FunctionExpression.java,0,1,0.5353668207164058
1.5.0,core/src/main/java/org/apache/calcite/sql/SqlDialect.java,0,0,0.2007774579863405
1.5.0,avatica-server/src/main/java/org/apache/calcite/avatica/server/HandlerFactory.java,0,0,0.4939784234110253
1.5.0,avatica-server/src/main/java/org/apache/calcite/avatica/server/Main.java,0,0,0.2114998052514545
1.5.0,avatica/src/main/java/org/apache/calcite/avatica/AvaticaParameter.java,0,1,0.5482361936144087
1.5.0,avatica/src/main/java/org/apache/calcite/avatica/AvaticaUtils.java,0,1,0.8088297184500852
1.5.0,avatica/src/main/java/org/apache/calcite/avatica/BuiltInConnectionProperty.java,0,0,0.1765813510006818
1.5.0,avatica/src/main/java/org/apache/calcite/avatica/ConnectionConfig.java,0,0,0.2780676851891099
1.5.0,avatica/src/main/java/org/apache/calcite/avatica/ConnectionConfigImpl.java,0,0,0.28006053529722597
1.5.0,avatica/src/main/java/org/apache/calcite/avatica/ConnectionPropertiesImpl.java,0,0,0.2825542418418099
1.5.0,avatica/src/main/java/org/apache/calcite/avatica/remote/AvaticaRemoteConnectionProperty.java,0,0,0.15175259319495055
1.5.0,avatica/src/main/java/org/apache/calcite/avatica/remote/LocalProtobufService.java,0,0,0.18058407826200962
1.5.0,avatica/src/main/java/org/apache/calcite/avatica/remote/ProtobufTranslation.java,0,0,0.21055240820768445
1.5.0,avatica/src/main/java/org/apache/calcite/avatica/remote/RequestTranslator.java,0,0,0.19969697957593155
1.5.0,avatica/src/main/java/org/apache/calcite/avatica/remote/ResponseTranslator.java,0,0,0.19969697957593155
1.5.0,avatica/src/main/java/org/apache/calcite/avatica/remote/TypedValue.java,0,0,0.46684209547044114
1.5.0,core/src/main/java/org/apache/calcite/adapter/enumerable/EnumerableAggregateRule.java,0,0,0.18696590563342755
1.5.0,core/src/main/java/org/apache/calcite/adapter/enumerable/PhysType.java,0,0,0.19804097056183248
1.5.0,core/src/main/java/org/apache/calcite/sql/fun/SqlThrowOperator.java,0,0,0.14326343683472037
1.5.0,core/src/main/java/org/apache/calcite/plan/RelOptLattice.java,0,0,0.46129296500431527
1.5.0,core/src/main/java/org/apache/calcite/plan/Strong.java,0,0,0.38951646891198405
1.5.0,core/src/main/java/org/apache/calcite/rel/metadata/RelMdSelectivity.java,0,0,0.4838787031720636
1.5.0,core/src/main/java/org/apache/calcite/rel/rules/JoinAssociateRule.java,0,0,0.2468667599218583
1.5.0,core/src/main/java/org/apache/calcite/rel/rules/JoinToMultiJoinRule.java,0,1,0.5613251528685747
1.5.0,plus/src/main/java/org/apache/calcite/adapter/tpcds/TpcdsSchema.java,0,0,0.39899233295892167
1.5.0,core/src/main/java/org/apache/calcite/sql/type/SqlTypeName.java,0,1,0.9154255982153929
1.5.0,core/src/main/java/org/apache/calcite/adapter/jdbc/JdbcUtils.java,0,1,0.7594550657982979
1.5.0,core/src/main/java/org/apache/calcite/DataContext.java,0,0,0.41434446917421325
1.5.0,core/src/main/java/org/apache/calcite/jdbc/CalciteConnection.java,0,0,0.19804097056183248
1.5.0,core/src/main/java/org/apache/calcite/jdbc/CalciteFactory.java,0,0,0.3701047124598969
1.5.0,core/src/main/java/org/apache/calcite/materialize/MaterializationKey.java,0,0,0.32550148728441036
1.5.0,core/src/main/java/org/apache/calcite/plan/AbstractRelOptPlanner.java,0,1,0.5091579888789455
1.5.0,core/src/main/java/org/apache/calcite/plan/Context.java,0,0,0.19804097056183248
1.5.0,core/src/main/java/org/apache/calcite/plan/Convention.java,0,0,0.417363628906463
1.5.0,core/src/main/java/org/apache/calcite/plan/ConventionTraitDef.java,1,1,0.5250251551266143
1.5.0,core/src/main/java/org/apache/calcite/plan/MulticastRelOptListener.java,0,0,0.19804097056183248
1.5.0,core/src/main/java/org/apache/calcite/plan/RelOptCostImpl.java,0,0,0.08468915689845984
1.5.0,core/src/main/java/org/apache/calcite/plan/RelOptListener.java,0,0,0.19804097056183248
1.5.0,core/src/main/java/org/apache/calcite/plan/RelOptSchema.java,0,0,0.21800913596310662
1.5.0,core/src/main/java/org/apache/calcite/plan/RelTraitPropagationVisitor.java,0,0,0.44110611399849997
1.5.0,core/src/main/java/org/apache/calcite/plan/TableAccessMap.java,0,0,0.19804097056183248
1.5.0,core/src/main/java/org/apache/calcite/prepare/CalciteSqlValidator.java,0,0,0.1880659601708097
1.5.0,core/src/main/java/org/apache/calcite/rel/RelWriter.java,0,0,0.19804097056183248
1.5.0,core/src/main/java/org/apache/calcite/rel/SingleRel.java,0,0,0.4761736192229344
1.5.0,core/src/main/java/org/apache/calcite/rex/RexChecker.java,0,0,0.41129985456404583
1.5.0,core/src/main/java/org/apache/calcite/rex/RexCorrelVariable.java,0,0,0.1880659601708097
1.5.0,core/src/main/java/org/apache/calcite/rex/RexDynamicParam.java,0,0,0.1880659601708097
1.5.0,core/src/main/java/org/apache/calcite/rex/RexExecutable.java,0,1,0.5159679678566838
1.5.0,core/src/main/java/org/apache/calcite/rex/RexFieldAccess.java,0,0,0.4007728732190992
1.5.0,core/src/main/java/org/apache/calcite/rex/RexFieldCollation.java,0,1,0.520431286616247
1.5.0,core/src/main/java/org/apache/calcite/rex/RexLocalRef.java,0,1,0.5492701364846163
1.5.0,core/src/main/java/org/apache/calcite/rex/RexMultisetUtil.java,0,0,0.28936525433442817
1.5.0,core/src/main/java/org/apache/calcite/rex/RexNode.java,0,0,0.4871407377421731
1.5.0,core/src/main/java/org/apache/calcite/rex/RexOver.java,0,0,0.3178741718209629
1.5.0,core/src/main/java/org/apache/calcite/rex/RexPermutationShuttle.java,0,0,0.19804097056183248
1.5.0,core/src/main/java/org/apache/calcite/rex/RexPermuteInputsShuttle.java,0,0,0.28378094781304114
1.5.0,core/src/main/java/org/apache/calcite/rex/RexRangeRef.java,0,0,0.23731092735074658
1.5.0,core/src/main/java/org/apache/calcite/rex/RexSlot.java,0,0,0.47434584410404984
1.5.0,core/src/main/java/org/apache/calcite/rex/RexSqlConvertlet.java,0,0,0.19804097056183248
1.5.0,core/src/main/java/org/apache/calcite/rex/RexSqlReflectiveConvertletTable.java,0,0,0.25051398852700596
1.5.0,core/src/main/java/org/apache/calcite/rex/RexSqlStandardConvertletTable.java,0,0,0.19804097056183248
1.5.0,core/src/main/java/org/apache/calcite/rex/RexToSqlNodeConverter.java,0,0,0.19804097056183248
1.5.0,core/src/main/java/org/apache/calcite/rex/RexToSqlNodeConverterImpl.java,0,0,0.19804097056183248
1.5.0,core/src/main/java/org/apache/calcite/rex/RexTransformer.java,0,1,0.5198206350443181
1.5.0,core/src/main/java/org/apache/calcite/rex/RexVariable.java,0,1,0.5380410300946812
1.5.0,core/src/main/java/org/apache/calcite/rex/RexVisitor.java,0,0,0.19804097056183248
1.5.0,core/src/main/java/org/apache/calcite/rex/RexVisitorImpl.java,0,0,0.4236449039726718
1.5.0,core/src/main/java/org/apache/calcite/rex/RexWindow.java,0,1,0.6964754545681561
1.5.0,core/src/main/java/org/apache/calcite/rex/RexWindowBound.java,0,1,0.5395082331965686
1.5.0,core/src/main/java/org/apache/calcite/runtime/BinarySearch.java,0,1,0.7258430779453962
1.5.0,core/src/main/java/org/apache/calcite/runtime/Bindable.java,0,0,0.19804097056183248
1.5.0,core/src/main/java/org/apache/calcite/runtime/CalciteContextException.java,0,0,0.31935892163511775
1.5.0,core/src/main/java/org/apache/calcite/runtime/CalciteException.java,0,0,0.1880659601708097
1.5.0,core/src/main/java/org/apache/calcite/runtime/Feature.java,0,0,0.1880659601708097
1.5.0,core/src/main/java/org/apache/calcite/runtime/ResultSetEnumerable.java,0,0,0.14185758172310248
1.5.0,core/src/main/java/org/apache/calcite/runtime/SortedMultiMap.java,0,1,0.5080308742382925
1.5.0,core/src/main/java/org/apache/calcite/schema/AggregateFunction.java,0,0,0.19804097056183248
1.5.0,core/src/main/java/org/apache/calcite/schema/FilterableTable.java,0,0,0.19804097056183248
1.5.0,core/src/main/java/org/apache/calcite/schema/ImplementableAggFunction.java,0,0,0.19804097056183248
1.5.0,core/src/main/java/org/apache/calcite/schema/ImplementableFunction.java,0,0,0.19804097056183248
1.5.0,core/src/main/java/org/apache/calcite/schema/Member.java,0,0,0.19804097056183248
1.5.0,core/src/main/java/org/apache/calcite/schema/ProjectableFilterableTable.java,0,0,0.18573488986657152
1.5.0,core/src/main/java/org/apache/calcite/schema/QueryableTable.java,0,0,0.19804097056183248
1.5.0,core/src/main/java/org/apache/calcite/schema/ScalarFunction.java,0,0,0.19804097056183248
1.5.0,core/src/main/java/org/apache/calcite/schema/ScannableTable.java,0,0,0.19804097056183248
1.5.0,core/src/main/java/org/apache/calcite/schema/SchemaPlus.java,0,0,0.19804097056183248
1.5.0,core/src/main/java/org/apache/calcite/schema/Table.java,0,0,0.19804097056183248
1.5.0,core/src/main/java/org/apache/calcite/schema/TableFactory.java,0,0,0.19804097056183248
1.5.0,core/src/main/java/org/apache/calcite/schema/TableFunction.java,0,0,0.19804097056183248
1.5.0,core/src/main/java/org/apache/calcite/schema/TranslatableTable.java,0,0,0.19804097056183248
1.5.0,core/src/main/java/org/apache/calcite/sql/ExplicitOperatorBinding.java,0,0,0.21962713521688532
1.5.0,core/src/main/java/org/apache/calcite/sql/JoinConditionType.java,0,0,0.1880659601708097
1.5.0,core/src/main/java/org/apache/calcite/sql/JoinType.java,0,0,0.1880659601708097
1.5.0,core/src/main/java/org/apache/calcite/sql/SqlAbstractDateTimeLiteral.java,0,0,0.2491396872218958
1.5.0,core/src/main/java/org/apache/calcite/sql/SqlAbstractStringLiteral.java,0,0,0.1880659601708097
1.5.0,core/src/main/java/org/apache/calcite/sql/SqlAccessType.java,0,0,0.24225580205867828
1.5.0,core/src/main/java/org/apache/calcite/sql/SqlBasicCall.java,0,0,0.23057162542767604
1.5.0,core/src/main/java/org/apache/calcite/sql/SqlBinaryStringLiteral.java,0,0,0.42002322304738177
1.5.0,core/src/main/java/org/apache/calcite/sql/SqlCharStringLiteral.java,0,1,0.6086069082852824
1.5.0,core/src/main/java/org/apache/calcite/sql/SqlCollation.java,0,0,0.34401417384609234
1.5.0,core/src/main/java/org/apache/calcite/sql/SqlDynamicParam.java,0,0,0.24930336369840625
1.5.0,core/src/main/java/org/apache/calcite/sql/SqlExplain.java,0,1,0.5052719638256148
1.5.0,core/src/main/java/org/apache/calcite/sql/SqlExplainLevel.java,0,0,0.1880659601708097
1.5.0,core/src/main/java/org/apache/calcite/sql/SqlFunctionalOperator.java,0,0,0.1880659601708097
1.5.0,core/src/main/java/org/apache/calcite/sql/SqlFunctionCategory.java,0,0,0.1880659601708097
1.5.0,core/src/main/java/org/apache/calcite/sql/SqlIntervalLiteral.java,0,0,0.35774400922454347
1.5.0,core/src/main/java/org/apache/calcite/sql/SqlJoin.java,0,1,0.5188672156555839
1.5.0,core/src/main/java/org/apache/calcite/sql/SqlMerge.java,0,1,0.6976843106399563
1.5.0,core/src/main/java/org/apache/calcite/sql/SqlNodeList.java,0,1,0.7321414870666536
1.5.0,core/src/main/java/org/apache/calcite/sql/SqlNumericLiteral.java,0,0,0.41914213451341037
1.5.0,core/src/main/java/org/apache/calcite/sql/SqlOperatorTable.java,0,0,0.19804097056183248
1.5.0,core/src/main/java/org/apache/calcite/sql/SqlOrderBy.java,0,1,0.5938917344568815
1.5.0,core/src/main/java/org/apache/calcite/sql/SqlPostfixOperator.java,0,1,0.5281647051831542
1.5.0,core/src/main/java/org/apache/calcite/sql/SqlProcedureCallOperator.java,0,0,0.1606989907917379
1.5.0,core/src/main/java/org/apache/calcite/sql/SqlSampleSpec.java,0,0,0.29270936595820174
1.5.0,core/src/main/java/org/apache/calcite/sql/SqlSelect.java,1,0,0.43477353770592336
1.5.0,core/src/main/java/org/apache/calcite/sql/SqlSetOperator.java,1,0,0.23886407262863069
1.5.0,core/src/main/java/org/apache/calcite/sql/SqlStateCodes.java,0,0,0.25986767641491004
1.5.0,core/src/main/java/org/apache/calcite/sql/SqlSyntax.java,0,0,0.4002513384465124
1.5.0,core/src/main/java/org/apache/calcite/sql/SqlUnnestOperator.java,0,1,0.5400573491742634
1.5.0,core/src/main/java/org/apache/calcite/sql/SqlWriter.java,0,0,0.1880659601708097
1.5.0,core/src/main/java/org/apache/calcite/sql2rel/DefaultValueFactory.java,0,0,0.19804097056183248
1.5.0,core/src/main/java/org/apache/calcite/sql2rel/ReflectiveConvertletTable.java,0,1,0.576383514966148
1.5.0,core/src/main/java/org/apache/calcite/sql2rel/SqlNodeToRexConverter.java,0,0,0.19804097056183248
1.5.0,core/src/main/java/org/apache/calcite/sql2rel/SqlRexContext.java,0,0,0.19804097056183248
1.5.0,core/src/main/java/org/apache/calcite/sql2rel/SqlRexConvertlet.java,0,0,0.19804097056183248
1.5.0,core/src/main/java/org/apache/calcite/sql2rel/SqlRexConvertletTable.java,0,0,0.19804097056183248
1.5.0,core/src/main/java/org/apache/calcite/sql2rel/SubqueryConverter.java,0,0,0.19804097056183248
1.5.0,core/src/main/java/org/apache/calcite/tools/Program.java,0,0,0.19804097056183248
1.5.0,core/src/main/java/org/apache/calcite/tools/RuleSet.java,0,0,0.19804097056183248
1.5.0,core/src/main/java/org/apache/calcite/util/BarfingInvocationHandler.java,0,0,0.23051232995211088
1.5.0,core/src/main/java/org/apache/calcite/util/BasicDatetime.java,0,0,0.19804097056183248
1.5.0,core/src/main/java/org/apache/calcite/util/Benchmark.java,0,0,0.29637246164915404
1.5.0,core/src/main/java/org/apache/calcite/util/BitString.java,0,1,0.5829826762337423
1.5.0,core/src/main/java/org/apache/calcite/util/CalciteParserException.java,0,0,0.19804097056183248
1.5.0,core/src/main/java/org/apache/calcite/util/CalciteValidatorException.java,0,0,0.19804097056183248
1.5.0,core/src/main/java/org/apache/calcite/util/CastingList.java,0,0,0.21537898801328836
1.5.0,core/src/main/java/org/apache/calcite/util/ChunkList.java,1,1,0.755711960235865
1.5.0,core/src/main/java/org/apache/calcite/util/CompatibleGuava11.java,0,0,0.17328338748701388
1.5.0,core/src/main/java/org/apache/calcite/util/CompositeList.java,0,0,0.46106341859040983
1.5.0,core/src/main/java/org/apache/calcite/util/CompositeMap.java,0,1,0.5345197421351434
1.5.0,core/src/main/java/org/apache/calcite/util/CompoundClosableAllocation.java,0,0,0.19804097056183248
1.5.0,core/src/main/java/org/apache/calcite/util/ConversionUtil.java,0,0,0.16611037068555093
1.5.0,core/src/main/java/org/apache/calcite/util/DelegatingInvocationHandler.java,0,0,0.18573488986657152
1.5.0,core/src/main/java/org/apache/calcite/util/Filterator.java,0,1,0.6256105906009634
1.5.0,core/src/main/java/org/apache/calcite/util/IntegerIntervalSet.java,0,1,0.5057827430273374
1.5.0,core/src/main/java/org/apache/calcite/util/IntList.java,0,0,0.44622143206636483
1.5.0,core/src/main/java/org/apache/calcite/util/NlsString.java,0,1,0.6623920047084322
1.5.0,core/src/main/java/org/apache/calcite/util/NumberUtil.java,0,0,0.3065684502548908
1.5.0,core/src/main/java/org/apache/calcite/util/Pair.java,0,0,0.09257277964663042
1.5.0,core/src/main/java/org/apache/calcite/util/PartiallyOrderedSet.java,0,1,0.8727442828248693
1.5.0,core/src/main/java/org/apache/calcite/util/Permutation.java,0,0,0.23430312375792436
1.5.0,core/src/main/java/org/apache/calcite/util/ReflectiveVisitDispatcher.java,0,0,0.19804097056183248
1.5.0,core/src/main/java/org/apache/calcite/util/SaffronProperties.java,0,0,0.12663491744887825
1.5.0,core/src/main/java/org/apache/calcite/util/SerializableCharset.java,0,1,0.5100415972206864
1.5.0,core/src/main/java/org/apache/calcite/util/StackWriter.java,0,0,0.18573488986657152
1.5.0,core/src/main/java/org/apache/calcite/util/Template.java,0,0,0.17957964027997483
1.5.0,core/src/main/java/org/apache/calcite/util/UnmodifiableArrayList.java,0,0,0.1265932419753206
1.5.0,core/src/main/java/org/apache/calcite/util/XmlOutput.java,0,1,0.50352628640329
1.5.0,core/src/main/java/org/apache/calcite/adapter/enumerable/AggResetContext.java,0,0,0.19804097056183248
1.5.0,core/src/main/java/org/apache/calcite/adapter/enumerable/AggResultContext.java,0,0,0.19804097056183248
1.5.0,core/src/main/java/org/apache/calcite/adapter/enumerable/EnumerableCollect.java,0,0,0.39748084569297937
1.5.0,core/src/main/java/org/apache/calcite/adapter/enumerable/EnumerableCollectRule.java,0,0,0.1880659601708097
1.5.0,core/src/main/java/org/apache/calcite/adapter/enumerable/EnumerableIntersect.java,1,0,0.2112698981126265
1.5.0,core/src/main/java/org/apache/calcite/adapter/enumerable/EnumerableIntersectRule.java,0,0,0.16430741473859456
1.5.0,core/src/main/java/org/apache/calcite/adapter/enumerable/EnumerableLimitRule.java,0,1,0.5139484808387099
1.5.0,core/src/main/java/org/apache/calcite/adapter/enumerable/EnumerableMinus.java,1,0,0.2112698981126265
1.5.0,core/src/main/java/org/apache/calcite/adapter/enumerable/EnumerableMinusRule.java,0,0,0.15498844957740915
1.5.0,core/src/main/java/org/apache/calcite/adapter/enumerable/EnumerableTableFunctionScanRule.java,0,0,0.1880659601708097
1.5.0,core/src/main/java/org/apache/calcite/adapter/enumerable/EnumerableTableModify.java,1,1,0.583032708108503
1.5.0,core/src/main/java/org/apache/calcite/adapter/enumerable/EnumerableTableModifyRule.java,0,0,0.4224020971759312
1.5.0,core/src/main/java/org/apache/calcite/adapter/enumerable/EnumerableUncollect.java,0,1,0.6405117951166184
1.5.0,core/src/main/java/org/apache/calcite/adapter/enumerable/EnumerableUncollectRule.java,0,0,0.1880659601708097
1.5.0,core/src/main/java/org/apache/calcite/adapter/enumerable/EnumerableUnion.java,1,1,0.5342224738549033
1.5.0,core/src/main/java/org/apache/calcite/adapter/enumerable/EnumerableUnionRule.java,0,0,0.1880659601708097
1.5.0,core/src/main/java/org/apache/calcite/adapter/enumerable/EnumerableWindowRule.java,0,0,0.1880659601708097
1.5.0,core/src/main/java/org/apache/calcite/adapter/enumerable/NestedBlockBuilder.java,0,0,0.19804097056183248
1.5.0,core/src/main/java/org/apache/calcite/adapter/enumerable/NestedBlockBuilderImpl.java,0,0,0.48915233236551203
1.5.0,core/src/main/java/org/apache/calcite/adapter/enumerable/NotNullImplementor.java,0,0,0.19804097056183248
1.5.0,core/src/main/java/org/apache/calcite/adapter/enumerable/NullPolicy.java,0,0,0.1880659601708097
1.5.0,core/src/main/java/org/apache/calcite/adapter/enumerable/ReflectiveCallNotNullImplementor.java,0,1,0.5139484808387099
1.5.0,core/src/main/java/org/apache/calcite/adapter/enumerable/StrictWinAggImplementor.java,0,0,0.2606919680734476
1.5.0,core/src/main/java/org/apache/calcite/adapter/enumerable/WinAggAddContext.java,0,0,0.19804097056183248
1.5.0,core/src/main/java/org/apache/calcite/adapter/enumerable/WinAggFrameContext.java,0,0,0.19804097056183248
1.5.0,core/src/main/java/org/apache/calcite/adapter/enumerable/WinAggFrameResultContext.java,0,0,0.19804097056183248
1.5.0,core/src/main/java/org/apache/calcite/adapter/enumerable/WinAggResetContext.java,0,0,0.19804097056183248
1.5.0,core/src/main/java/org/apache/calcite/adapter/enumerable/WinAggResultContext.java,0,0,0.19804097056183248
1.5.0,core/src/main/java/org/apache/calcite/adapter/java/AbstractQueryableTable.java,0,0,0.1880659601708097
1.5.0,core/src/main/java/org/apache/calcite/adapter/java/JavaTypeFactory.java,0,0,0.19804097056183248
1.5.0,core/src/main/java/org/apache/calcite/adapter/jdbc/JdbcQueryProvider.java,0,0,0.19804097056183248
1.5.0,core/src/main/java/org/apache/calcite/adapter/jdbc/JdbcRel.java,0,0,0.19804097056183248
1.5.0,core/src/main/java/org/apache/calcite/adapter/jdbc/JdbcTableScan.java,0,0,0.4779045315288452
1.5.0,core/src/main/java/org/apache/calcite/adapter/jdbc/JdbcToEnumerableConverterRule.java,0,0,0.1880659601708097
1.5.0,core/src/main/java/org/apache/calcite/plan/hep/HepInstruction.java,0,1,0.5127378831968441
1.5.0,core/src/main/java/org/apache/calcite/plan/hep/HepPlanner.java,1,1,0.7470996186995028
1.5.0,core/src/main/java/org/apache/calcite/plan/hep/HepProgram.java,0,1,0.6077588102584676
1.5.0,core/src/main/java/org/apache/calcite/plan/hep/HepProgramBuilder.java,0,0,0.4308381718602958
1.5.0,core/src/main/java/org/apache/calcite/plan/hep/HepRelMetadataProvider.java,0,1,0.5139484808387099
1.5.0,core/src/main/java/org/apache/calcite/plan/hep/HepRuleCall.java,0,0,0.23868261155371925
1.5.0,core/src/main/java/org/apache/calcite/plan/volcano/ChainedPhaseRuleMappingInitializer.java,0,0,0.19804097056183248
1.5.0,core/src/main/java/org/apache/calcite/plan/volcano/VolcanoCost.java,0,0,0.36825256544757706
1.5.0,core/src/main/java/org/apache/calcite/plan/volcano/VolcanoPlannerPhaseRuleMappingInitializer.java,0,0,0.19804097056183248
1.5.0,core/src/main/java/org/apache/calcite/plan/volcano/VolcanoRelMetadataProvider.java,0,0,0.19804097056183248
1.5.0,core/src/main/java/org/apache/calcite/plan/volcano/VolcanoRuleCall.java,0,1,0.7088124946091657
1.5.0,core/src/main/java/org/apache/calcite/plan/volcano/VolcanoRuleMatch.java,0,1,0.6465172382390512
1.5.0,core/src/main/java/org/apache/calcite/rel/convert/Converter.java,0,0,0.19804097056183248
1.5.0,core/src/main/java/org/apache/calcite/rel/convert/NoneConverter.java,0,0,0.19804097056183248
1.5.0,core/src/main/java/org/apache/calcite/rel/convert/TraitMatchingRule.java,0,0,0.19804097056183248
1.5.0,core/src/main/java/org/apache/calcite/rel/core/Collect.java,0,0,0.3983454379209355
1.5.0,core/src/main/java/org/apache/calcite/rel/core/Sample.java,0,0,0.23250390235329388
1.5.0,core/src/main/java/org/apache/calcite/rel/core/TableModify.java,0,0,0.2335232023032001
1.5.0,core/src/main/java/org/apache/calcite/rel/core/Union.java,0,0,0.18552543008170516
1.5.0,core/src/main/java/org/apache/calcite/rel/externalize/RelJsonWriter.java,0,1,0.5307189937770466
1.5.0,core/src/main/java/org/apache/calcite/rel/externalize/RelXmlWriter.java,0,0,0.33613695683433753
1.5.0,core/src/main/java/org/apache/calcite/rel/metadata/ChainedRelMetadataProvider.java,0,0,0.417363628906463
1.5.0,core/src/main/java/org/apache/calcite/rel/metadata/Metadata.java,0,0,0.19804097056183248
1.5.0,core/src/main/java/org/apache/calcite/rel/metadata/MetadataFactory.java,0,0,0.19804097056183248
1.5.0,core/src/main/java/org/apache/calcite/rel/metadata/MetadataFactoryImpl.java,0,0,0.35372561855018786
1.5.0,core/src/main/java/org/apache/calcite/rel/metadata/RelColumnOrigin.java,0,0,0.3867258367957037
1.5.0,core/src/main/java/org/apache/calcite/rel/metadata/RelMdExplainVisibility.java,0,0,0.17624349788336058
1.5.0,core/src/main/java/org/apache/calcite/rel/metadata/RelMdPercentageOriginalRows.java,0,0,0.47256469588725375
1.5.0,core/src/main/java/org/apache/calcite/rel/metadata/RelMetadataProvider.java,0,0,0.19804097056183248
1.5.0,core/src/main/java/org/apache/calcite/rel/rules/CoerceInputsRule.java,0,1,0.5540118645226195
1.5.0,core/src/main/java/org/apache/calcite/rel/rules/FilterMultiJoinMergeRule.java,0,0,0.18573488986657152
1.5.0,core/src/main/java/org/apache/calcite/rel/rules/FilterRemoveIsNotDistinctFromRule.java,0,0,0.2657115107191843
1.5.0,core/src/main/java/org/apache/calcite/rel/rules/JoinExtractFilterRule.java,0,0,0.45974741532876734
1.5.0,core/src/main/java/org/apache/calcite/rel/rules/MultiJoinProjectTransposeRule.java,0,0,0.19804097056183248
1.5.0,core/src/main/java/org/apache/calcite/rel/rules/ProjectSetOpTransposeRule.java,0,0,0.4478259683200904
1.5.0,core/src/main/java/org/apache/calcite/rel/rules/SemiJoinRemoveRule.java,0,0,0.17624349788336058
1.5.0,core/src/main/java/org/apache/calcite/rel/rules/SortRemoveRule.java,0,0,0.49074956248929497
1.5.0,core/src/main/java/org/apache/calcite/rel/rules/TableScanRule.java,0,0,0.13563353516438523
1.5.0,core/src/main/java/org/apache/calcite/rel/type/RelDataTypeComparability.java,0,0,0.1880659601708097
1.5.0,core/src/main/java/org/apache/calcite/rel/type/RelDataTypeFieldImpl.java,0,1,0.5550027474444633
1.5.0,core/src/main/java/org/apache/calcite/rel/type/RelProtoDataType.java,0,0,0.19804097056183248
1.5.0,core/src/main/java/org/apache/calcite/rel/type/RelRecordType.java,0,1,0.5647251533601195
1.5.0,core/src/main/java/org/apache/calcite/schema/impl/AbstractTable.java,0,0,0.17624349788336058
1.5.0,core/src/main/java/org/apache/calcite/schema/impl/AbstractTableQueryable.java,0,0,0.298986334513154
1.5.0,core/src/main/java/org/apache/calcite/schema/impl/DelegatingSchema.java,0,0,0.19804097056183248
1.5.0,core/src/main/java/org/apache/calcite/schema/impl/ScalarFunctionImpl.java,0,1,0.6280368014300138
1.5.0,core/src/main/java/org/apache/calcite/schema/impl/StarTable.java,0,0,0.4400512047861585
1.5.0,core/src/main/java/org/apache/calcite/schema/impl/TableMacroImpl.java,0,1,0.5016805075204589
1.5.0,core/src/main/java/org/apache/calcite/sql/advise/SqlAdvisorHint.java,0,1,0.5008275970028392
1.5.0,core/src/main/java/org/apache/calcite/sql/advise/SqlSimpleParser.java,0,0,0.18765112265558387
1.5.0,core/src/main/java/org/apache/calcite/sql/fun/SqlArrayQueryConstructor.java,0,0,0.1880659601708097
1.5.0,core/src/main/java/org/apache/calcite/sql/fun/SqlArrayValueConstructor.java,0,0,0.40609158707993587
1.5.0,core/src/main/java/org/apache/calcite/sql/fun/SqlCase.java,0,0,0.4235316954599222
1.5.0,core/src/main/java/org/apache/calcite/sql/fun/SqlCaseOperator.java,0,0,0.4365600025286126
1.5.0,core/src/main/java/org/apache/calcite/sql/fun/SqlCoalesceFunction.java,0,1,0.5060785773345967
1.5.0,core/src/main/java/org/apache/calcite/sql/fun/SqlColumnListConstructor.java,0,0,0.14911310060827535
1.5.0,core/src/main/java/org/apache/calcite/sql/fun/SqlConvertFunction.java,0,0,0.24117968316636798
1.5.0,core/src/main/java/org/apache/calcite/sql/fun/SqlCursorConstructor.java,0,0,0.41274106131891664
1.5.0,core/src/main/java/org/apache/calcite/sql/fun/SqlInOperator.java,0,0,0.4588788793799149
1.5.0,core/src/main/java/org/apache/calcite/sql/fun/SqlMapQueryConstructor.java,0,0,0.1880659601708097
1.5.0,core/src/main/java/org/apache/calcite/sql/fun/SqlMultisetSetOperator.java,0,0,0.3979143930214058
1.5.0,core/src/main/java/org/apache/calcite/sql/fun/SqlNewOperator.java,0,0,0.18790299742272154
1.5.0,core/src/main/java/org/apache/calcite/sql/fun/SqlNullifFunction.java,0,0,0.4408045551275852
1.5.0,core/src/main/java/org/apache/calcite/sql/fun/SqlOverlayFunction.java,0,1,0.5120818548708475
1.5.0,core/src/main/java/org/apache/calcite/sql/fun/SqlPositionFunction.java,0,0,0.4106322164830201
1.5.0,core/src/main/java/org/apache/calcite/sql/fun/SqlRowOperator.java,0,0,0.19101138253211514
1.5.0,core/src/main/java/org/apache/calcite/sql/parser/SqlParseException.java,0,1,0.6271804919018864
1.5.0,core/src/main/java/org/apache/calcite/sql/parser/SqlParserImplFactory.java,0,0,0.19804097056183248
1.5.0,core/src/main/java/org/apache/calcite/sql/type/AbstractSqlType.java,0,0,0.22293918104374794
1.5.0,core/src/main/java/org/apache/calcite/sql/type/CursorReturnTypeInference.java,0,0,0.19804097056183248
1.5.0,core/src/main/java/org/apache/calcite/sql/type/ExplicitOperandTypeInference.java,1,0,0.45950726143736925
1.5.0,core/src/main/java/org/apache/calcite/sql/type/ExplicitReturnTypeInference.java,0,0,0.48768775682641485
1.5.0,core/src/main/java/org/apache/calcite/sql/type/JavaToSqlTypeConversionRules.java,0,0,0.14521208011702705
1.5.0,core/src/main/java/org/apache/calcite/sql/type/MapSqlType.java,0,1,0.5387775798892164
1.5.0,core/src/main/java/org/apache/calcite/sql/type/MatchReturnTypeInference.java,0,1,0.6657908186279239
1.5.0,core/src/main/java/org/apache/calcite/sql/type/MultisetSqlType.java,0,1,0.506156259913234
1.5.0,core/src/main/java/org/apache/calcite/sql/type/ObjectSqlType.java,0,0,0.21334601076134246
1.5.0,core/src/main/java/org/apache/calcite/sql/type/OperandsTypeChecking.java,0,0,0.17402755781103788
1.5.0,core/src/main/java/org/apache/calcite/sql/type/OrdinalReturnTypeInference.java,0,0,0.1880659601708097
1.5.0,core/src/main/java/org/apache/calcite/sql/type/SqlOperandTypeInference.java,0,0,0.18573488986657152
1.5.0,core/src/main/java/org/apache/calcite/sql/type/SqlReturnTypeInference.java,0,0,0.19804097056183248
1.5.0,core/src/main/java/org/apache/calcite/sql/type/SqlReturnTypeInferenceChain.java,0,1,0.6071000361824817
1.5.0,core/src/main/java/org/apache/calcite/sql/type/SqlSingleOperandTypeChecker.java,0,0,0.19804097056183248
1.5.0,core/src/main/java/org/apache/calcite/sql/type/SqlTypeAssignmentRules.java,0,0,0.3775515855315306
1.5.0,core/src/main/java/org/apache/calcite/sql/type/SqlTypeExplicitPrecedenceList.java,1,0,0.2657115107191843
1.5.0,core/src/main/java/org/apache/calcite/sql/type/SqlTypeFamily.java,0,0,0.43547419025646544
1.5.0,core/src/main/java/org/apache/calcite/sql/type/SqlTypeTransform.java,0,0,0.19804097056183248
1.5.0,core/src/main/java/org/apache/calcite/sql/type/SqlTypeTransformCascade.java,0,1,0.5806438127382251
1.5.0,core/src/main/java/org/apache/calcite/sql/type/TableFunctionReturnTypeInference.java,0,0,0.19804097056183248
1.5.0,core/src/main/java/org/apache/calcite/sql/util/ListSqlOperatorTable.java,0,0,0.4665029246068534
1.5.0,core/src/main/java/org/apache/calcite/sql/util/ReflectiveSqlOperatorTable.java,0,0,0.383392135620419
1.5.0,core/src/main/java/org/apache/calcite/sql/util/SqlBasicVisitor.java,0,0,0.4378231331508971
1.5.0,core/src/main/java/org/apache/calcite/sql/util/SqlBuilder.java,0,0,0.4426218332812912
1.5.0,core/src/main/java/org/apache/calcite/sql/util/SqlString.java,0,0,0.4364400996158974
1.5.0,core/src/main/java/org/apache/calcite/sql/util/SqlVisitor.java,0,0,0.19804097056183248
1.5.0,core/src/main/java/org/apache/calcite/sql/validate/AggFinder.java,0,1,0.5139555635161751
1.5.0,core/src/main/java/org/apache/calcite/sql/validate/AggregatingScope.java,0,0,0.19804097056183248
1.5.0,core/src/main/java/org/apache/calcite/sql/validate/AliasNamespace.java,1,1,0.5223217494421433
1.5.0,core/src/main/java/org/apache/calcite/sql/validate/CollectNamespace.java,1,1,0.506156259913234
1.5.0,core/src/main/java/org/apache/calcite/sql/validate/CollectScope.java,0,1,0.5436156970706278
1.5.0,core/src/main/java/org/apache/calcite/sql/validate/DelegatingNamespace.java,1,0,0.19804097056183248
1.5.0,core/src/main/java/org/apache/calcite/sql/validate/DelegatingSqlValidatorCatalogReader.java,0,0,0.19804097056183248
1.5.0,core/src/main/java/org/apache/calcite/sql/validate/DelegatingSqlValidatorTable.java,0,0,0.19804097056183248
1.5.0,core/src/main/java/org/apache/calcite/sql/validate/FieldNamespace.java,1,0,0.3657792828583191
1.5.0,core/src/main/java/org/apache/calcite/sql/validate/JoinNamespace.java,1,1,0.6005447874792907
1.5.0,core/src/main/java/org/apache/calcite/sql/validate/JoinScope.java,0,0,0.4138048865266318
1.5.0,core/src/main/java/org/apache/calcite/sql/validate/OverScope.java,0,0,0.19804097056183248
1.5.0,core/src/main/java/org/apache/calcite/sql/validate/ParameterNamespace.java,1,0,0.19804097056183248
1.5.0,core/src/main/java/org/apache/calcite/sql/validate/SqlIdentifierMoniker.java,0,0,0.11725895839156807
1.5.0,core/src/main/java/org/apache/calcite/sql/validate/SqlUserDefinedTableFunction.java,0,0,0.1880659601708097
1.5.0,core/src/main/java/org/apache/calcite/sql/validate/SqlValidatorException.java,0,0,0.25340505552601533
1.5.0,core/src/main/java/org/apache/calcite/sql/validate/SqlValidatorWithHints.java,0,0,0.19804097056183248
1.5.0,core/src/main/java/org/apache/calcite/sql/validate/UnnestNamespace.java,1,1,0.5947039763690826
1.5.0,core/src/main/java/org/apache/calcite/sql/validate/WithItemNamespace.java,1,1,0.5372694439375021
1.5.0,core/src/main/java/org/apache/calcite/sql/validate/WithNamespace.java,1,1,0.5139484808387099
1.5.0,core/src/main/java/org/apache/calcite/util/graph/CycleDetector.java,0,0,0.1880659601708097
1.5.0,core/src/main/java/org/apache/calcite/util/graph/DefaultDirectedGraph.java,0,1,0.6610834306438361
1.5.0,core/src/main/java/org/apache/calcite/util/graph/DefaultEdge.java,0,0,0.49331519475651336
1.5.0,core/src/main/java/org/apache/calcite/util/graph/DepthFirstIterator.java,0,0,0.4051879421194458
1.5.0,core/src/main/java/org/apache/calcite/util/graph/Graphs.java,0,1,0.714481466922317
1.5.0,core/src/main/java/org/apache/calcite/util/graph/TopologicalOrderIterator.java,0,1,0.7792954152395059
1.5.0,core/src/main/java/org/apache/calcite/util/javac/JaninoCompiler.java,0,0,0.3560608445052892
1.5.0,core/src/main/java/org/apache/calcite/util/javac/JavaCompilerArgs.java,0,0,0.20851390494941607
1.5.0,core/src/main/java/org/apache/calcite/util/mapping/Mapping.java,0,0,0.19804097056183248
1.5.0,core/src/main/java/org/apache/calcite/util/trace/CalciteLogger.java,0,0,0.20842467521759311
1.5.0,core/src/main/java/org/apache/calcite/util/trace/CalciteTimingTracer.java,0,0,0.11725895839156807
1.5.0,core/src/main/java/org/apache/calcite/adapter/enumerable/impl/AggAddContextImpl.java,0,0,0.1880659601708097
1.5.0,core/src/main/java/org/apache/calcite/adapter/enumerable/impl/AggResetContextImpl.java,0,0,0.14521208011702705
1.5.0,core/src/main/java/org/apache/calcite/adapter/enumerable/impl/AggResultContextImpl.java,0,0,0.1880659601708097
1.5.0,core/src/main/java/org/apache/calcite/adapter/enumerable/impl/WinAggResetContextImpl.java,0,0,0.2750040526419874
1.5.0,core/src/main/java/org/apache/calcite/adapter/enumerable/impl/WinAggResultContextImpl.java,0,0,0.20816990652546943
1.5.0,avatica/src/main/java/org/apache/calcite/avatica/ConnectStringParser.java,1,1,0.7326667685742327
1.5.0,mongodb/src/main/java/org/apache/calcite/adapter/mongodb/MongoMethod.java,0,0,0.19804097056183248
1.5.0,mongodb/src/main/java/org/apache/calcite/adapter/mongodb/MongoRel.java,0,0,0.25051398852700596
1.5.0,mongodb/src/main/java/org/apache/calcite/adapter/mongodb/MongoSchema.java,0,0,0.31562832707561395
1.5.0,mongodb/src/main/java/org/apache/calcite/adapter/mongodb/MongoSchemaFactory.java,0,0,0.25051398852700596
1.5.0,mongodb/src/main/java/org/apache/calcite/adapter/mongodb/MongoSort.java,0,0,0.43180807323389353
1.5.0,mongodb/src/main/java/org/apache/calcite/adapter/mongodb/MongoTableScan.java,0,0,0.2657115107191843
1.5.0,mongodb/src/main/java/org/apache/calcite/adapter/mongodb/MongoToEnumerableConverter.java,0,0,0.35875551540194883
1.5.0,mongodb/src/main/java/org/apache/calcite/adapter/mongodb/MongoToEnumerableConverterRule.java,0,0,0.18573488986657152
1.5.0,plus/src/main/java/org/apache/calcite/adapter/tpcds/TpcdsSchemaFactory.java,0,0,0.3861844854706919
1.5.0,plus/src/main/java/org/apache/calcite/adapter/tpch/TpchSchema.java,0,0,0.14331842221566535
1.5.0,plus/src/main/java/org/apache/calcite/adapter/tpch/TpchSchemaFactory.java,0,0,0.25051398852700596
1.5.0,spark/src/main/java/org/apache/calcite/adapter/spark/EnumerableToSparkConverter.java,0,0,0.3313585032330375
1.5.0,spark/src/main/java/org/apache/calcite/adapter/spark/EnumerableToSparkConverterRule.java,0,0,0.18573488986657152
1.5.0,spark/src/main/java/org/apache/calcite/adapter/spark/JdbcToSparkConverter.java,0,0,0.21800913596310662
1.5.0,spark/src/main/java/org/apache/calcite/adapter/spark/JdbcToSparkConverterRule.java,0,0,0.19804097056183248
1.5.0,spark/src/main/java/org/apache/calcite/adapter/spark/SparkMethod.java,0,0,0.21800913596310662
1.5.0,spark/src/main/java/org/apache/calcite/adapter/spark/SparkRel.java,0,0,0.25051398852700596
1.5.0,spark/src/main/java/org/apache/calcite/adapter/spark/SparkRuntime.java,0,0,0.18573488986657152
1.5.0,splunk/src/main/java/org/apache/calcite/adapter/splunk/SplunkDriver.java,0,0,0.13493579884817347
1.5.0,splunk/src/main/java/org/apache/calcite/adapter/splunk/SplunkDriverVersion.java,0,0,0.1880659601708097
1.5.0,splunk/src/main/java/org/apache/calcite/adapter/splunk/SplunkSchema.java,0,0,0.19804097056183248
1.5.0,splunk/src/main/java/org/apache/calcite/adapter/splunk/SplunkTable.java,0,0,0.19804097056183248
1.5.0,splunk/src/main/java/org/apache/calcite/adapter/splunk/search/SplunkConnection.java,0,0,0.19804097056183248
1.5.0,splunk/src/main/java/org/apache/calcite/adapter/splunk/search/SplunkConnectionImpl.java,0,0,0.19858409033532534
1.5.0,splunk/src/main/java/org/apache/calcite/adapter/splunk/util/HttpUtils.java,0,0,0.44178605668711296
1.5.0,splunk/src/main/java/org/apache/calcite/adapter/splunk/util/SocketFactoryImpl.java,0,0,0.21800913596310662
1.5.0,splunk/src/main/java/org/apache/calcite/adapter/splunk/util/TrustAllSslSocketFactory.java,0,0,0.23263082770222102
1.5.0,linq4j/src/main/java/org/apache/calcite/linq4j/BaseQueryable.java,0,0,0.2675211016835945
1.5.0,linq4j/src/main/java/org/apache/calcite/linq4j/EnumerableOrderedQueryable.java,0,0,0.19804097056183248
1.5.0,linq4j/src/main/java/org/apache/calcite/linq4j/ExtendedOrderedEnumerable.java,0,0,0.19804097056183248
1.5.0,linq4j/src/main/java/org/apache/calcite/linq4j/ExtendedOrderedQueryable.java,0,0,0.19804097056183248
1.5.0,linq4j/src/main/java/org/apache/calcite/linq4j/Extensions.java,0,0,0.49410146583064235
1.5.0,linq4j/src/main/java/org/apache/calcite/linq4j/GroupingImpl.java,0,0,0.27303688292742023
1.5.0,linq4j/src/main/java/org/apache/calcite/linq4j/Lookup.java,0,0,0.19804097056183248
1.5.0,linq4j/src/main/java/org/apache/calcite/linq4j/LookupImpl.java,0,0,0.3338559318497621
1.5.0,linq4j/src/main/java/org/apache/calcite/linq4j/QueryProvider.java,0,0,0.19804097056183248
1.5.0,linq4j/src/main/java/org/apache/calcite/linq4j/QueryProviderImpl.java,0,0,0.33757995932941076
1.5.0,linq4j/src/main/java/org/apache/calcite/linq4j/RawQueryable.java,0,0,0.19804097056183248
1.5.0,linq4j/src/main/java/org/apache/calcite/linq4j/tree/AbstractNode.java,0,1,0.6010716847872303
1.5.0,linq4j/src/main/java/org/apache/calcite/linq4j/tree/ArrayLengthRecordField.java,0,0,0.2926022457750675
1.5.0,linq4j/src/main/java/org/apache/calcite/linq4j/tree/BinaryExpression.java,0,0,0.49012600693738145
1.5.0,linq4j/src/main/java/org/apache/calcite/linq4j/tree/BlockBuilder.java,0,1,0.7497688879103058
1.5.0,linq4j/src/main/java/org/apache/calcite/linq4j/tree/Blocks.java,0,0,0.2427699169894789
1.5.0,linq4j/src/main/java/org/apache/calcite/linq4j/tree/BlockStatement.java,0,0,0.40308857099803097
1.5.0,linq4j/src/main/java/org/apache/calcite/linq4j/tree/CatchBlock.java,0,0,0.2675373017381126
1.5.0,linq4j/src/main/java/org/apache/calcite/linq4j/tree/ClassDeclaration.java,0,0,0.3480700916401364
1.5.0,linq4j/src/main/java/org/apache/calcite/linq4j/tree/ClassDeclarationFinder.java,0,1,0.591113739052979
1.5.0,linq4j/src/main/java/org/apache/calcite/linq4j/tree/ConditionalStatement.java,0,0,0.46385039963167884
1.5.0,linq4j/src/main/java/org/apache/calcite/linq4j/tree/ConstantUntypedNull.java,0,1,0.5886819030570453
1.5.0,linq4j/src/main/java/org/apache/calcite/linq4j/tree/DeclarationStatement.java,0,0,0.4881545444602377
1.5.0,linq4j/src/main/java/org/apache/calcite/linq4j/tree/DefaultExpression.java,0,0,0.19804097056183248
1.5.0,linq4j/src/main/java/org/apache/calcite/linq4j/tree/DeterministicCodeOptimizer.java,1,0,0.46824428559953163
1.5.0,linq4j/src/main/java/org/apache/calcite/linq4j/tree/DynamicExpression.java,0,0,0.19804097056183248
1.5.0,linq4j/src/main/java/org/apache/calcite/linq4j/tree/Expression.java,0,1,0.6036804754639812
1.5.0,linq4j/src/main/java/org/apache/calcite/linq4j/tree/ExpressionVisitor.java,0,0,0.19804097056183248
1.5.0,linq4j/src/main/java/org/apache/calcite/linq4j/tree/ExpressionWriter.java,0,1,0.5082017480932616
1.5.0,linq4j/src/main/java/org/apache/calcite/linq4j/tree/FieldDeclaration.java,0,0,0.3766906318349497
1.5.0,linq4j/src/main/java/org/apache/calcite/linq4j/tree/ForStatement.java,0,0,0.3010413030126028
1.5.0,linq4j/src/main/java/org/apache/calcite/linq4j/tree/GotoStatement.java,0,0,0.44820337587265796
1.5.0,linq4j/src/main/java/org/apache/calcite/linq4j/tree/IndexExpression.java,0,1,0.6071159881971974
1.5.0,linq4j/src/main/java/org/apache/calcite/linq4j/tree/InvocationExpression.java,0,0,0.19804097056183248
1.5.0,linq4j/src/main/java/org/apache/calcite/linq4j/tree/LabelStatement.java,0,0,0.19804097056183248
1.5.0,linq4j/src/main/java/org/apache/calcite/linq4j/tree/LabelTarget.java,0,0,0.19804097056183248
1.5.0,linq4j/src/main/java/org/apache/calcite/linq4j/tree/LambdaExpression.java,0,0,0.2712837456246621
1.5.0,linq4j/src/main/java/org/apache/calcite/linq4j/tree/ListInitExpression.java,0,0,0.19804097056183248
1.5.0,linq4j/src/main/java/org/apache/calcite/linq4j/tree/MemberExpression.java,0,1,0.6702552209725363
1.5.0,linq4j/src/main/java/org/apache/calcite/linq4j/tree/MemberInitExpression.java,0,0,0.19804097056183248
1.5.0,linq4j/src/main/java/org/apache/calcite/linq4j/tree/MethodCallExpression.java,0,1,0.7363535025856807
1.5.0,linq4j/src/main/java/org/apache/calcite/linq4j/tree/NewArrayExpression.java,0,0,0.36143438717206944
1.5.0,linq4j/src/main/java/org/apache/calcite/linq4j/tree/NewExpression.java,0,0,0.45047297659538316
1.5.0,linq4j/src/main/java/org/apache/calcite/linq4j/tree/OptimizeVisitor.java,0,1,0.508219044316078
1.5.0,linq4j/src/main/java/org/apache/calcite/linq4j/tree/ParameterExpression.java,0,1,0.6262088559065031
1.5.0,linq4j/src/main/java/org/apache/calcite/linq4j/tree/ReflectedPseudoField.java,0,0,0.4375756826806103
1.5.0,linq4j/src/main/java/org/apache/calcite/linq4j/tree/Statement.java,0,1,0.6826000397900605
1.5.0,linq4j/src/main/java/org/apache/calcite/linq4j/tree/SwitchStatement.java,0,0,0.19804097056183248
1.5.0,linq4j/src/main/java/org/apache/calcite/linq4j/tree/TernaryExpression.java,0,1,0.5021129494626262
1.5.0,linq4j/src/main/java/org/apache/calcite/linq4j/tree/ThrowStatement.java,0,0,0.3062434848652341
1.5.0,linq4j/src/main/java/org/apache/calcite/linq4j/tree/TryStatement.java,0,0,0.42748338882463255
1.5.0,linq4j/src/main/java/org/apache/calcite/linq4j/tree/TypeBinaryExpression.java,0,1,0.570582813007226
1.5.0,linq4j/src/main/java/org/apache/calcite/linq4j/tree/UnaryExpression.java,0,1,0.681249894975323
1.5.0,linq4j/src/main/java/org/apache/calcite/linq4j/tree/WhileStatement.java,0,0,0.2429235861860148
1.5.0,core/src/main/java/org/apache/calcite/config/CalciteConnectionConfig.java,0,0,0.19804097056183248
1.5.0,core/src/main/java/org/apache/calcite/config/CalciteConnectionConfigImpl.java,0,0,0.1880659601708097
1.5.0,core/src/main/java/org/apache/calcite/config/CalciteConnectionProperty.java,0,0,0.36845239659550505
1.5.0,core/src/main/java/org/apache/calcite/plan/RelImplementor.java,0,0,0.19804097056183248
1.5.0,core/src/main/java/org/apache/calcite/sql/SemiJoinType.java,0,0,0.4166440510275504
1.5.0,core/src/main/java/org/apache/calcite/adapter/enumerable/EnumerableCorrelateRule.java,0,0,0.1880659601708097
1.5.0,core/src/main/java/org/apache/calcite/rel/core/CorrelationId.java,0,0,0.42651380149299317
1.5.0,core/src/main/java/org/apache/calcite/rel/core/Uncollect.java,0,0,0.43600178348015556
1.5.0,core/src/main/java/org/apache/calcite/rel/rules/ProjectJoinTransposeRule.java,0,0,0.48019012058063226
1.5.0,core/src/main/java/org/apache/calcite/rel/rules/PushProjector.java,0,1,0.6961591220312657
1.5.0,core/src/main/java/org/apache/calcite/util/trace/CalciteTrace.java,0,0,0.18000443066734528
1.5.0,spark/src/main/java/org/apache/calcite/adapter/spark/SparkToEnumerableConverter.java,0,0,0.2657115107191843
1.5.0,core/src/main/java/org/apache/calcite/plan/RelOptAbstractTable.java,0,0,0.4352462277020521
1.5.0,core/src/main/java/org/apache/calcite/rel/RelDistribution.java,0,0,0.19804097056183248
1.5.0,core/src/main/java/org/apache/calcite/rel/RelDistributions.java,0,0,0.18573488986657152
1.5.0,core/src/main/java/org/apache/calcite/rel/RelDistributionTraitDef.java,0,0,0.1638185725833634
1.5.0,core/src/main/java/org/apache/calcite/rel/RelHomogeneousShuttle.java,0,0,0.19201362429850918
1.5.0,core/src/main/java/org/apache/calcite/rel/RelShuttle.java,0,0,0.19804097056183248
1.5.0,core/src/main/java/org/apache/calcite/rel/RelShuttleImpl.java,0,1,0.5716768773629983
1.5.0,core/src/main/java/org/apache/calcite/plan/volcano/VolcanoPlanner.java,1,1,0.999682500217631
1.5.0,core/src/main/java/org/apache/calcite/schema/Statistic.java,0,0,0.19804097056183248
1.5.0,core/src/main/java/org/apache/calcite/schema/Statistics.java,0,0,0.4246528323184789
1.5.0,core/src/main/java/org/apache/calcite/adapter/enumerable/EnumerableCalc.java,0,0,0.4962130972168574
1.5.0,core/src/main/java/org/apache/calcite/adapter/enumerable/EnumerableFilter.java,0,0,0.35270053303368243
1.5.0,core/src/main/java/org/apache/calcite/adapter/enumerable/EnumerableLimit.java,0,1,0.547981910420815
1.5.0,core/src/main/java/org/apache/calcite/adapter/enumerable/EnumerableValues.java,0,0,0.4620754337650999
1.5.0,core/src/main/java/org/apache/calcite/rel/core/Exchange.java,0,0,0.19804097056183248
1.5.0,core/src/main/java/org/apache/calcite/rel/core/Sort.java,0,0,0.47669768058876916
1.5.0,core/src/main/java/org/apache/calcite/rel/core/SortExchange.java,0,0,0.19804097056183248
1.5.0,core/src/main/java/org/apache/calcite/rel/externalize/RelJson.java,0,1,0.5498228305470758
1.5.0,core/src/main/java/org/apache/calcite/rel/logical/LogicalCalc.java,0,0,0.15993354905407364
1.5.0,core/src/main/java/org/apache/calcite/rel/logical/LogicalExchange.java,0,0,0.2112698981126265
1.5.0,core/src/main/java/org/apache/calcite/rel/logical/LogicalFilter.java,0,0,0.37705778129388906
1.5.0,core/src/main/java/org/apache/calcite/rel/metadata/RelMdColumnOrigins.java,0,0,0.4941697788276606
1.5.0,core/src/main/java/org/apache/calcite/rel/metadata/RelMdDistinctRowCount.java,0,0,0.3190263108437658
1.5.0,core/src/main/java/org/apache/calcite/rel/metadata/RelMdPopulationSize.java,0,0,0.20853403250561517
1.5.0,core/src/main/java/org/apache/calcite/rel/rules/CalcMergeRule.java,0,0,0.48191005160474043
1.5.0,core/src/main/java/org/apache/calcite/rel/rules/CalcRemoveRule.java,0,0,0.1107694765025725
1.5.0,core/src/main/java/org/apache/calcite/rel/RelCollationImpl.java,0,0,0.4893426574344042
1.5.0,avatica-server/src/main/java/org/apache/calcite/avatica/server/HttpServer.java,0,0,0.41798835801936146
1.5.0,piglet/src/main/java/org/apache/calcite/piglet/Ast.java,1,1,0.7663837640192602
1.5.0,piglet/src/main/java/org/apache/calcite/piglet/Handler.java,0,0,0.42849251177855335
1.5.0,core/src/main/java/org/apache/calcite/sql/SqlCall.java,1,1,0.7526897422001216
1.5.0,core/src/main/java/org/apache/calcite/plan/RelOptRuleOperand.java,0,0,0.3831297792543291
1.5.0,core/src/main/java/org/apache/calcite/rel/metadata/RelMdUniqueKeys.java,0,0,0.37400829857127704
1.5.0,core/src/main/java/org/apache/calcite/sql/pretty/SqlPrettyWriter.java,0,0,0.24853023068731597
1.5.0,core/src/main/java/org/apache/calcite/sql/validate/SqlScopedShuttle.java,0,0,0.2716383318126238
1.5.0,core/src/main/java/org/apache/calcite/materialize/MaterializationService.java,0,1,0.8579995299440267
1.5.0,core/src/main/java/org/apache/calcite/plan/RexImplicationChecker.java,1,1,0.9484045007995121
1.5.0,core/src/main/java/org/apache/calcite/plan/VisitorDataContext.java,0,0,0.42440499363284806
1.5.0,core/src/main/java/org/apache/calcite/adapter/clone/ArrayTable.java,0,1,0.8807251621838149
1.5.0,core/src/main/java/org/apache/calcite/adapter/clone/CloneSchema.java,0,1,0.6683445815541721
1.5.0,core/src/main/java/org/apache/calcite/sql/fun/SqlGroupIdFunction.java,0,0,0.1880659601708097
1.5.0,core/src/main/java/org/apache/calcite/sql/fun/SqlGroupingFunction.java,0,0,0.1880659601708097
1.5.0,core/src/main/java/org/apache/calcite/sql/fun/SqlGroupingIdFunction.java,0,0,0.1880659601708097
1.5.0,core/src/main/java/org/apache/calcite/jdbc/JavaRecordType.java,0,1,0.7175947558518788
1.5.0,core/src/main/java/org/apache/calcite/jdbc/JavaTypeFactoryImpl.java,1,1,0.7014631679743709
1.5.0,core/src/main/java/org/apache/calcite/adapter/enumerable/EnumerableRelImplementor.java,1,1,0.6461425240142887
1.5.0,core/src/main/java/org/apache/calcite/adapter/enumerable/EnumerableTableScan.java,1,1,0.5276116887361578
1.5.0,core/src/main/java/org/apache/calcite/adapter/java/Array.java,0,0,0.1583876857987867
1.5.0,core/src/main/java/org/apache/calcite/adapter/java/Map.java,0,0,0.15853823557418822
1.5.0,core/src/main/java/org/apache/calcite/rel/type/RelDataTypeFactoryImpl.java,1,1,0.7402182595052612
1.5.0,core/src/main/java/org/apache/calcite/sql/type/ArraySqlType.java,0,0,0.49032352450176186
1.5.0,core/src/main/java/org/apache/calcite/rel/rules/ReduceExpressionsRule.java,1,1,0.8731508806751309
1.5.0,avatica/src/main/java/org/apache/calcite/avatica/util/ArrayImpl.java,0,0,0.1826880251706844
1.5.0,avatica/src/main/java/org/apache/calcite/avatica/util/StructImpl.java,0,0,0.1603032394306403
1.5.0,linq4j/src/main/java/org/apache/calcite/linq4j/tree/Types.java,0,1,0.9285187365121175
1.5.0,core/src/main/java/org/apache/calcite/schema/Schema.java,0,1,0.5395083136413453
1.5.0,core/src/main/java/org/apache/calcite/plan/Contexts.java,0,1,0.6500982978651002
1.5.0,core/src/main/java/org/apache/calcite/plan/RelOptRule.java,0,1,0.5488188671521403
1.5.0,core/src/main/java/org/apache/calcite/plan/RelOptRuleCall.java,0,1,0.5540117868014934
1.5.0,core/src/main/java/org/apache/calcite/tools/RelBuilderFactory.java,0,0,0.22801509923057686
1.5.0,core/src/main/java/org/apache/calcite/rel/core/RelFactories.java,0,1,0.6866635619426706
1.5.0,core/src/main/java/org/apache/calcite/rel/logical/LogicalWindow.java,0,1,0.7384456746823705
1.5.0,core/src/main/java/org/apache/calcite/rel/rules/AggregateStarTableRule.java,0,1,0.6623098788448798
1.5.0,core/src/main/java/org/apache/calcite/rel/rules/CalcRelSplitter.java,0,1,0.7877187713500561
1.5.0,core/src/main/java/org/apache/calcite/rel/rules/CalcSplitRule.java,0,0,0.13097492374664685
1.5.0,core/src/main/java/org/apache/calcite/rel/rules/FilterAggregateTransposeRule.java,0,1,0.7289143368423662
1.5.0,core/src/main/java/org/apache/calcite/rel/rules/FilterCorrelateRule.java,0,1,0.7333836655302152
1.5.0,core/src/main/java/org/apache/calcite/rel/rules/FilterMergeRule.java,0,0,0.30862907570603126
1.5.0,core/src/main/java/org/apache/calcite/rel/rules/FilterProjectTransposeRule.java,0,1,0.7037327217316968
1.5.0,core/src/main/java/org/apache/calcite/rel/rules/FilterSetOpTransposeRule.java,0,1,0.6673526288387279
1.5.0,core/src/main/java/org/apache/calcite/rel/rules/JoinCommuteRule.java,0,1,0.5652712396832656
1.5.0,core/src/main/java/org/apache/calcite/rel/rules/JoinProjectTransposeRule.java,0,1,0.7807331477655516
1.5.0,core/src/main/java/org/apache/calcite/rel/rules/JoinPushExpressionsRule.java,0,1,0.7718345635363997
1.5.0,core/src/main/java/org/apache/calcite/rel/rules/JoinPushThroughJoinRule.java,0,1,0.7707265448479204
1.5.0,core/src/main/java/org/apache/calcite/rel/rules/JoinPushTransitivePredicatesRule.java,0,1,0.7596488453877226
1.5.0,core/src/main/java/org/apache/calcite/rel/rules/JoinToCorrelateRule.java,0,0,0.2792423691809854
1.5.0,core/src/main/java/org/apache/calcite/rel/rules/LoptOptimizeJoinRule.java,0,1,0.940436007004857
1.5.0,core/src/main/java/org/apache/calcite/rel/rules/MultiJoinOptimizeBushyRule.java,0,1,0.7024482446365569
1.5.0,core/src/main/java/org/apache/calcite/rel/rules/ProjectMergeRule.java,0,1,0.8105607043253517
1.5.0,core/src/main/java/org/apache/calcite/rel/rules/ProjectMultiJoinMergeRule.java,0,0,0.2566403510688715
1.5.0,core/src/main/java/org/apache/calcite/rel/rules/ProjectSortTransposeRule.java,0,0,0.2626189002363018
1.5.0,core/src/main/java/org/apache/calcite/rel/rules/ProjectToWindowRule.java,0,1,0.7497125421387101
1.5.0,core/src/main/java/org/apache/calcite/rel/rules/SemiJoinProjectTransposeRule.java,0,1,0.6048475481314879
1.5.0,core/src/main/java/org/apache/calcite/rel/rules/UnionMergeRule.java,0,0,0.30371869684570196
1.5.0,core/src/main/java/org/apache/calcite/rel/rules/UnionToDistinctRule.java,0,1,0.6668726792246138
1.5.0,core/src/main/java/org/apache/calcite/interpreter/Interpreter.java,0,1,0.5270418050054955
1.5.0,core/src/main/java/org/apache/calcite/interpreter/TableScanNode.java,0,1,0.7903412796848819
1.5.0,linq4j/src/main/java/org/apache/calcite/linq4j/Ord.java,0,0,0.22344869315593505
1.5.0,mongodb/src/main/java/org/apache/calcite/adapter/mongodb/MongoTable.java,0,0,0.2557362500365755
1.5.0,linq4j/src/main/java/org/apache/calcite/linq4j/Linq4j.java,0,0,0.1710260810402168
1.5.0,linq4j/src/main/java/org/apache/calcite/linq4j/TransformedEnumerator.java,0,0,0.1508636773562416
1.5.0,core/src/main/java/org/apache/calcite/util/Litmus.java,0,0,0.2093717363979348
1.5.0,core/src/main/java/org/apache/calcite/materialize/TileKey.java,0,1,0.5863196652864725
1.5.0,core/src/main/java/org/apache/calcite/materialize/TileSuggester.java,0,1,0.5741156581372681
1.5.0,core/src/main/java/org/apache/calcite/rel/RelNodes.java,0,0,0.4611742711702813
1.5.0,core/src/main/java/org/apache/calcite/adapter/jdbc/JdbcConvention.java,0,0,0.4367842655755189
1.5.0,core/src/main/java/org/apache/calcite/plan/volcano/RuleQueue.java,0,1,0.6519928093314818
1.5.0,avatica/src/main/java/org/apache/calcite/avatica/util/DateTimeUtils.java,0,1,0.7235989573658316
1.5.0,core/src/main/java/org/apache/calcite/sql/SqlSetOption.java,1,1,0.5481683310044271
1.5.0,core/src/main/java/org/apache/calcite/rel/rules/LoptJoinTree.java,0,0,0.21484481257792298
1.5.0,core/src/main/java/org/apache/calcite/rel/rules/LoptMultiJoin.java,0,0,0.33977657278792384
1.5.0,ubenchmark/src/main/java/org/apache/calcite/StatementTest.java,0,0,0.10895272114397855
1.5.0,core/src/main/java/org/apache/calcite/sql/type/BasicSqlType.java,0,1,0.7312234347613011
1.5.0,core/src/main/java/org/apache/calcite/jdbc/CalcitePreparedStatement.java,0,0,0.1880659601708097
1.5.0,core/src/main/java/org/apache/calcite/jdbc/MetadataSchema.java,0,0,0.1904039840067549
1.5.0,core/src/main/java/org/apache/calcite/runtime/ArrayEnumeratorCursor.java,0,0,0.19804097056183248
1.5.0,core/src/main/java/org/apache/calcite/runtime/EnumeratorCursor.java,0,0,0.19804097056183248
1.5.0,core/src/main/java/org/apache/calcite/runtime/ObjectEnumeratorCursor.java,0,0,0.16066303940488977
1.5.0,core/src/main/java/org/apache/calcite/runtime/RecordEnumeratorCursor.java,0,0,0.19804097056183248
1.5.0,core/src/main/java/org/apache/calcite/server/CalciteServer.java,0,0,0.19804097056183248
1.5.0,core/src/main/java/org/apache/calcite/sql/SqlDateLiteral.java,0,0,0.31956455590378885
1.5.0,core/src/main/java/org/apache/calcite/sql/SqlIntervalQualifier.java,1,1,0.796194874620974
1.5.0,core/src/main/java/org/apache/calcite/util/ZonelessDate.java,0,0,0.32816741544380923
1.5.0,core/src/main/java/org/apache/calcite/util/ZonelessDatetime.java,0,0,0.3995092911906507
1.5.0,core/src/main/java/org/apache/calcite/util/ZonelessTime.java,0,0,0.23994967257664057
1.5.0,core/src/main/java/org/apache/calcite/util/ZonelessTimestamp.java,0,0,0.27694628696922996
1.5.0,core/src/main/java/org/apache/calcite/adapter/clone/ListTable.java,0,0,0.19804097056183248
1.5.0,core/src/main/java/org/apache/calcite/rel/AbstractRelNode.java,1,1,0.9142061481959842
1.5.0,core/src/main/java/org/apache/calcite/sql/parser/SqlParserUtil.java,0,1,0.8178752910462042
1.5.0,core/src/main/java/org/apache/calcite/sql/type/IntervalSqlType.java,0,1,0.6361494349857635
1.5.0,avatica/src/main/java/org/apache/calcite/avatica/AvaticaResultSetMetaData.java,0,0,0.2657115107191843
1.5.0,avatica/src/main/java/org/apache/calcite/avatica/ConnectionProperty.java,0,0,0.19804097056183248
1.5.0,avatica/src/main/java/org/apache/calcite/avatica/InternalProperty.java,0,0,0.22523583635230884
1.5.0,avatica/src/main/java/org/apache/calcite/avatica/remote/AvaticaRemoteConnectionConfigImpl.java,0,0,0.19804097056183248
1.5.0,avatica/src/main/java/org/apache/calcite/avatica/util/ArrayIteratorCursor.java,0,0,0.19804097056183248
1.5.0,avatica/src/main/java/org/apache/calcite/avatica/util/Casing.java,0,0,0.19804097056183248
1.5.0,avatica/src/main/java/org/apache/calcite/avatica/util/Cursor.java,0,0,0.15334339959220394
1.5.0,avatica/src/main/java/org/apache/calcite/avatica/util/IteratorCursor.java,0,0,0.13040647623299303
1.5.0,avatica/src/main/java/org/apache/calcite/avatica/util/ListIteratorCursor.java,0,0,0.19804097056183248
1.5.0,avatica/src/main/java/org/apache/calcite/avatica/util/MapIteratorCursor.java,0,0,0.19804097056183248
1.5.0,avatica/src/main/java/org/apache/calcite/avatica/util/PositionedCursor.java,0,0,0.21800913596310662
1.5.0,avatica/src/main/java/org/apache/calcite/avatica/util/Quoting.java,0,0,0.19804097056183248
1.5.0,avatica/src/main/java/org/apache/calcite/avatica/util/RecordIteratorCursor.java,0,0,0.19804097056183248
1.5.0,avatica/src/main/java/org/apache/calcite/avatica/util/Spacer.java,0,0,0.19804097056183248
1.5.0,avatica/src/main/java/org/apache/calcite/avatica/util/Spaces.java,0,0,0.10928852446790258
1.5.0,avatica/src/main/java/org/apache/calcite/avatica/util/TimeUnit.java,0,0,0.19804097056183248
1.5.0,avatica/src/main/java/org/apache/calcite/avatica/util/TimeUnitRange.java,0,0,0.07675115028765628
1.5.0,splunk/src/main/java/org/apache/calcite/adapter/splunk/SplunkQuery.java,0,0,0.19804097056183248
1.5.0,linq4j/src/main/java/org/apache/calcite/linq4j/AbstractEnumerable2.java,0,0,0.1880659601708097
1.5.0,core/src/main/java/org/apache/calcite/rel/rules/AggregateReduceFunctionsRule.java,1,1,0.6765114920592848
1.5.0,core/src/main/java/org/apache/calcite/rel/type/RelDataTypeSystem.java,0,0,0.30588451214209705
1.5.0,core/src/main/java/org/apache/calcite/rel/type/RelDataTypeSystemImpl.java,0,1,0.7888233337591704
1.5.0,core/src/main/java/org/apache/calcite/sql/type/ReturnTypes.java,0,1,0.8090436309935682
1.5.0,core/src/main/java/org/apache/calcite/rex/RexCallBinding.java,1,1,0.7737587104312997
1.5.0,core/src/main/java/org/apache/calcite/sql2rel/StandardConvertletTable.java,1,1,0.5992425196504259
1.5.0,core/src/main/java/org/apache/calcite/rel/BiRel.java,0,0,0.40515214734941085
1.5.0,core/src/main/java/org/apache/calcite/sql2rel/DeduplicateCorrelateVariables.java,0,1,0.5139484808387099
1.5.0,core/src/main/java/org/apache/calcite/rel/metadata/CachingRelMetadataProvider.java,0,1,0.6820398275229121
1.5.0,avatica/src/main/java/org/apache/calcite/avatica/SqlType.java,0,0,0.4488960659261028
1.5.0,avatica/src/main/java/org/apache/calcite/avatica/AvaticaSite.java,0,0,0.17447682469078293
1.5.0,linq4j/src/main/java/org/apache/calcite/linq4j/CorrelateJoinType.java,0,0,0.1880659601708097
1.5.0,core/src/main/java/org/apache/calcite/rel/rules/SortUnionTransposeRule.java,0,1,0.7180273941691936
1.5.0,core/src/main/java/org/apache/calcite/sql/SqlDataTypeSpec.java,0,0,0.43247286140339
1.5.0,core/src/main/java/org/apache/calcite/adapter/enumerable/AggImplementor.java,0,0,0.19804097056183248
1.5.0,core/src/main/java/org/apache/calcite/adapter/enumerable/EnumerableCorrelate.java,0,1,0.5042086341970606
1.5.0,core/src/main/java/org/apache/calcite/adapter/enumerable/impl/WinAggAddContextImpl.java,0,0,0.1880659601708097
1.5.0,linq4j/src/main/java/org/apache/calcite/linq4j/QueryableDefaults.java,0,0,0.31364501556557756
1.5.0,core/src/main/java/org/apache/calcite/sql/type/SqlTypeFactoryImpl.java,0,1,0.8291716313852546
1.5.0,core/src/main/java/org/apache/calcite/jdbc/CalcitePrepare.java,0,1,0.8765921839334126
1.5.0,core/src/main/java/org/apache/calcite/plan/RelOptUtil.java,1,1,0.9888740805319108
1.5.0,core/src/main/java/org/apache/calcite/jdbc/CalciteStatement.java,1,1,0.6844351425286715
1.5.0,core/src/main/java/org/apache/calcite/tools/RelRunner.java,0,0,0.2261586225462504
1.5.0,core/src/main/java/org/apache/calcite/tools/RelRunners.java,0,0,0.08818370515382859
1.5.0,core/src/main/java/org/apache/calcite/rel/rules/JoinUnionTransposeRule.java,0,0,0.479112475140111
1.5.0,core/src/main/java/org/apache/calcite/util/ImmutableBitSet.java,0,1,0.8907666256095081
1.5.0,avatica/src/main/java/org/apache/calcite/avatica/DriverVersion.java,0,0,0.3613412957347233
1.5.0,avatica/src/main/java/org/apache/calcite/avatica/Handler.java,0,0,0.19804097056183248
1.5.0,avatica/src/main/java/org/apache/calcite/avatica/HandlerImpl.java,0,0,0.14997814612580895
1.5.0,core/src/main/java/org/apache/calcite/Demo.java,0,0,0.14853952619233704
1.5.0,core/src/main/java/org/apache/calcite/schema/Function.java,0,0,0.19804097056183248
1.5.0,core/src/main/java/org/apache/calcite/schema/SemiMutableSchema.java,0,0,0.19804097056183248
1.5.0,core/src/main/java/org/apache/calcite/schema/TableMacro.java,0,0,0.19804097056183248
1.5.0,core/src/main/java/org/apache/calcite/util/CancelFlag.java,0,0,0.1357984928988314
1.5.0,core/src/main/java/org/apache/calcite/util/ClosableAllocation.java,0,0,0.19804097056183248
1.5.0,core/src/main/java/org/apache/calcite/util/ClosableAllocationOwner.java,0,0,0.19804097056183248
1.5.0,core/src/main/java/org/apache/calcite/util/ControlFlowException.java,0,0,0.1880659601708097
1.5.0,core/src/main/java/org/apache/calcite/util/Glossary.java,0,0,0.18573488986657152
1.5.0,core/src/main/java/org/apache/calcite/util/Holder.java,0,0,0.14521208011702705
1.5.0,core/src/main/java/org/apache/calcite/util/ReflectiveVisitor.java,0,0,0.19804097056183248
1.5.0,core/src/main/java/org/apache/calcite/interpreter/Node.java,0,0,0.15334339959220394
1.5.0,core/src/main/java/org/apache/calcite/jdbc/SqlTimeoutException.java,0,0,0.19804097056183248
1.5.0,core/src/main/java/org/apache/calcite/runtime/ArrayComparator.java,0,0,0.14331842221566535
1.5.0,core/src/main/java/org/apache/calcite/runtime/Hook.java,0,0,0.41270185855900365
1.5.0,core/src/main/java/org/apache/calcite/runtime/Like.java,1,0,0.46063331135218166
1.5.0,core/src/main/java/org/apache/calcite/runtime/Typed.java,0,0,0.19804097056183248
1.5.0,core/src/main/java/org/apache/calcite/runtime/Unit.java,0,0,0.10681049896757872
1.5.0,core/src/main/java/org/apache/calcite/runtime/Utilities.java,0,0,0.3685106994797513
1.5.0,core/src/main/java/org/apache/calcite/tools/RelConversionException.java,0,0,0.19804097056183248
1.5.0,core/src/main/java/org/apache/calcite/tools/ValidationException.java,0,0,0.2004227060715942
1.5.0,core/src/main/java/org/apache/calcite/plan/CommonRelSubExprRule.java,0,0,0.19804097056183248
1.5.0,core/src/main/java/org/apache/calcite/plan/RelOptConnection.java,0,0,0.19804097056183248
1.5.0,core/src/main/java/org/apache/calcite/plan/RelOptCost.java,0,0,0.09540470834871825
1.5.0,core/src/main/java/org/apache/calcite/plan/RelOptCostFactory.java,0,0,0.19804097056183248
1.5.0,core/src/main/java/org/apache/calcite/plan/RelOptRuleOperandChildPolicy.java,0,0,0.1880659601708097
1.5.0,core/src/main/java/org/apache/calcite/plan/RelOptRuleOperandChildren.java,0,0,0.25340505552601533
1.5.0,core/src/main/java/org/apache/calcite/plan/RelOptSamplingParameters.java,0,0,0.14521208011702705
1.5.0,core/src/main/java/org/apache/calcite/plan/RelOptSchemaWithSampling.java,0,0,0.18573488986657152
1.5.0,core/src/main/java/org/apache/calcite/rel/InvalidRelException.java,0,0,0.20554267654623765
1.5.0,core/src/main/java/org/apache/calcite/rel/RelVisitor.java,0,0,0.12647496966102625
1.5.0,core/src/main/java/org/apache/calcite/rex/RexAction.java,0,0,0.18573488986657152
1.5.0,core/src/main/java/org/apache/calcite/rex/RexPattern.java,0,0,0.19804097056183248
1.5.0,core/src/main/java/org/apache/calcite/rex/RexSqlConvertletTable.java,0,0,0.19804097056183248
1.5.0,core/src/main/java/org/apache/calcite/sql/SqlAccessEnum.java,0,0,0.1880659601708097
1.5.0,core/src/main/java/org/apache/calcite/sql/SqlNullSemantics.java,0,0,0.19804097056183248
1.5.0,core/src/main/java/org/apache/calcite/sql/SqlOperandCountRange.java,0,0,0.19804097056183248
1.5.0,core/src/main/java/org/apache/calcite/sql/SqlValuesOperator.java,0,1,0.5139484808387099
1.5.0,core/src/main/java/org/apache/calcite/prepare/CalcitePrepareImpl.java,1,1,0.9961643562731148
1.5.0,core/src/main/java/org/apache/calcite/prepare/Prepare.java,0,1,0.8436551611481797
1.5.0,core/src/main/java/org/apache/calcite/util/graph/BreadthFirstIterator.java,0,0,0.45618799965736273
1.5.0,core/src/main/java/org/apache/calcite/util/graph/DirectedGraph.java,0,0,0.19804097056183248
1.5.0,core/src/main/java/org/apache/calcite/util/mapping/AbstractSourceMapping.java,0,0,0.18882526852890025
1.5.0,core/src/main/java/org/apache/calcite/util/mapping/AbstractTargetMapping.java,0,0,0.16292587563294977
1.5.0,core/src/main/java/org/apache/calcite/util/mapping/IntPair.java,0,0,0.2073887977364259
1.5.0,core/src/main/java/org/apache/calcite/util/mapping/MappingType.java,0,0,0.41268575125089596
1.5.0,core/src/main/java/org/apache/calcite/util/javac/JavaCompiler.java,0,0,0.19804097056183248
1.5.0,core/src/main/java/org/apache/calcite/adapter/enumerable/WinAggContext.java,0,0,0.19804097056183248
1.5.0,core/src/main/java/org/apache/calcite/adapter/enumerable/WinAggImplementor.java,0,0,0.1880659601708097
1.5.0,core/src/main/java/org/apache/calcite/plan/hep/HepMatchOrder.java,0,0,0.1880659601708097
1.5.0,core/src/main/java/org/apache/calcite/plan/volcano/VolcanoPlannerPhase.java,0,0,0.1880659601708097
1.5.0,core/src/main/java/org/apache/calcite/rel/core/JoinRelType.java,0,0,0.4178534725094555
1.5.0,core/src/main/java/org/apache/calcite/rel/metadata/RelColumnMapping.java,0,0,0.18573488986657152
1.5.0,core/src/main/java/org/apache/calcite/rel/type/RelDataTypeFamily.java,0,0,0.19804097056183248
1.5.0,core/src/main/java/org/apache/calcite/rel/type/RelDataTypeField.java,0,0,0.19804097056183248
1.5.0,core/src/main/java/org/apache/calcite/rel/type/RelDataTypePrecedenceList.java,0,0,0.19804097056183248
1.5.0,core/src/main/java/org/apache/calcite/sql/pretty/SqlFormatOptions.java,0,0,0.15334339959220394
1.5.0,core/src/main/java/org/apache/calcite/sql/type/ExtraSqlTypes.java,0,0,0.18573488986657152
1.5.0,core/src/main/java/org/apache/calcite/sql/validate/SqlConformance.java,0,0,0.3581188416991126
1.5.0,core/src/main/java/org/apache/calcite/sql/validate/SqlMonotonicity.java,0,0,0.3472823402369539
1.5.0,splunk/src/main/java/org/apache/calcite/adapter/splunk/search/SearchResultListener.java,0,0,0.18573488986657152
1.5.0,splunk/src/main/java/org/apache/calcite/adapter/splunk/util/StringUtils.java,0,0,0.06438501249110082
1.5.0,linq4j/src/main/java/org/apache/calcite/linq4j/AbstractEnumerable.java,0,0,0.1880659601708097
1.5.0,linq4j/src/main/java/org/apache/calcite/linq4j/AbstractQueryable.java,0,0,0.17624349788336058
1.5.0,linq4j/src/main/java/org/apache/calcite/linq4j/Enumerable.java,0,0,0.19804097056183248
1.5.0,linq4j/src/main/java/org/apache/calcite/linq4j/Enumerator.java,0,0,0.19804097056183248
1.5.0,linq4j/src/main/java/org/apache/calcite/linq4j/Grouping.java,0,0,0.19804097056183248
1.5.0,linq4j/src/main/java/org/apache/calcite/linq4j/OpType.java,0,0,0.19804097056183248
1.5.0,linq4j/src/main/java/org/apache/calcite/linq4j/OrderedEnumerable.java,0,0,0.19804097056183248
1.5.0,linq4j/src/main/java/org/apache/calcite/linq4j/OrderedQueryable.java,0,0,0.19804097056183248
1.5.0,linq4j/src/main/java/org/apache/calcite/linq4j/Queryable.java,0,0,0.19804097056183248
1.5.0,linq4j/src/main/java/org/apache/calcite/linq4j/RawEnumerable.java,0,0,0.19804097056183248
1.5.0,linq4j/src/main/java/org/apache/calcite/linq4j/function/BigDecimalFunction1.java,0,0,0.15334339959220394
1.5.0,linq4j/src/main/java/org/apache/calcite/linq4j/function/Deterministic.java,0,0,0.19804097056183248
1.5.0,linq4j/src/main/java/org/apache/calcite/linq4j/function/DoubleFunction1.java,0,0,0.15334339959220394
1.5.0,linq4j/src/main/java/org/apache/calcite/linq4j/function/EqualityComparer.java,0,0,0.19804097056183248
1.5.0,linq4j/src/main/java/org/apache/calcite/linq4j/function/FloatFunction1.java,0,0,0.15334339959220394
1.5.0,linq4j/src/main/java/org/apache/calcite/linq4j/function/Function.java,0,0,0.19804097056183248
1.5.0,linq4j/src/main/java/org/apache/calcite/linq4j/function/Function0.java,0,0,0.19804097056183248
1.5.0,linq4j/src/main/java/org/apache/calcite/linq4j/function/Function1.java,0,0,0.14521208011702705
1.5.0,linq4j/src/main/java/org/apache/calcite/linq4j/function/Function2.java,0,0,0.15334339959220394
1.5.0,linq4j/src/main/java/org/apache/calcite/linq4j/function/IntegerFunction1.java,0,0,0.15334339959220394
1.5.0,linq4j/src/main/java/org/apache/calcite/linq4j/function/LongFunction1.java,0,0,0.15334339959220394
1.5.0,linq4j/src/main/java/org/apache/calcite/linq4j/function/NonDeterministic.java,0,0,0.19804097056183248
1.5.0,linq4j/src/main/java/org/apache/calcite/linq4j/function/NullableBigDecimalFunction1.java,0,0,0.15334339959220394
1.5.0,linq4j/src/main/java/org/apache/calcite/linq4j/function/NullableDoubleFunction1.java,0,0,0.15334339959220394
1.5.0,linq4j/src/main/java/org/apache/calcite/linq4j/function/NullableFloatFunction1.java,0,0,0.15334339959220394
1.5.0,linq4j/src/main/java/org/apache/calcite/linq4j/function/NullableIntegerFunction1.java,0,0,0.15334339959220394
1.5.0,linq4j/src/main/java/org/apache/calcite/linq4j/function/NullableLongFunction1.java,0,0,0.15334339959220394
1.5.0,linq4j/src/main/java/org/apache/calcite/linq4j/function/Predicate1.java,0,0,0.14521208011702705
1.5.0,linq4j/src/main/java/org/apache/calcite/linq4j/function/Predicate2.java,0,0,0.1431137839974092
1.5.0,linq4j/src/main/java/org/apache/calcite/linq4j/tree/CallSiteBinder.java,0,0,0.19804097056183248
1.5.0,linq4j/src/main/java/org/apache/calcite/linq4j/tree/ElementInit.java,0,0,0.19804097056183248
1.5.0,linq4j/src/main/java/org/apache/calcite/linq4j/tree/Evaluator.java,0,0,0.455138760979847
1.5.0,linq4j/src/main/java/org/apache/calcite/linq4j/tree/ExpressionType.java,0,1,0.5139484808387099
1.5.0,linq4j/src/main/java/org/apache/calcite/linq4j/tree/GotoExpressionKind.java,0,0,0.1880659601708097
1.5.0,core/src/main/java/org/apache/calcite/sql/util/ChainedSqlOperatorTable.java,0,0,0.31508575072763495
1.5.0,linq4j/src/main/java/org/apache/calcite/linq4j/tree/MemberAssignment.java,0,0,0.19804097056183248
1.5.0,linq4j/src/main/java/org/apache/calcite/linq4j/tree/MemberBinding.java,0,0,0.19804097056183248
1.5.0,linq4j/src/main/java/org/apache/calcite/linq4j/tree/MemberDeclaration.java,0,0,0.1880659601708097
1.5.0,linq4j/src/main/java/org/apache/calcite/linq4j/tree/MemberListBinding.java,0,0,0.19804097056183248
1.5.0,linq4j/src/main/java/org/apache/calcite/linq4j/tree/MemberMemberBinding.java,0,0,0.19804097056183248
1.5.0,linq4j/src/main/java/org/apache/calcite/linq4j/tree/Node.java,0,0,0.15334339959220394
1.5.0,linq4j/src/main/java/org/apache/calcite/linq4j/tree/PseudoField.java,0,0,0.19804097056183248
1.5.0,linq4j/src/main/java/org/apache/calcite/linq4j/tree/SwitchCase.java,0,0,0.19804097056183248
1.5.0,core/src/main/java/org/apache/calcite/rel/logical/LogicalAggregate.java,0,1,0.5863119515032486
1.5.0,core/src/main/java/org/apache/calcite/config/Lex.java,0,0,0.33870057781568874
1.5.0,avatica/src/main/java/org/apache/calcite/avatica/AvaticaSqlException.java,0,0,0.35159662115775514
1.5.0,core/src/main/java/org/apache/calcite/rel/core/Window.java,0,1,0.5997149587566107
1.5.0,core/src/main/java/org/apache/calcite/sql/SqlInsert.java,0,0,0.4300713030901243
1.5.0,core/src/main/java/org/apache/calcite/sql/SqlInsertKeyword.java,0,0,0.1880659601708097
1.5.0,core/src/main/java/org/apache/calcite/sql/SqlLiteral.java,1,1,0.6747637925269433
1.5.0,core/src/main/java/org/apache/calcite/sql2rel/SqlNodeToRexConverterImpl.java,0,1,0.713893287058159
1.5.0,avatica-server/src/main/java/org/apache/calcite/avatica/server/AvaticaHandler.java,0,1,0.82127406525428
1.5.0,avatica-server/src/main/java/org/apache/calcite/avatica/server/AvaticaProtobufHandler.java,0,1,0.6331620637052822
1.5.0,avatica/src/main/java/org/apache/calcite/avatica/AvaticaClientRuntimeException.java,0,0,0.2063333211272147
1.5.0,avatica/src/main/java/org/apache/calcite/avatica/AvaticaSeverity.java,0,1,0.6105553969995193
1.5.0,avatica/src/main/java/org/apache/calcite/avatica/Helper.java,0,0,0.44100070534847063
1.5.0,avatica/src/main/java/org/apache/calcite/avatica/remote/AvaticaRuntimeException.java,0,0,0.2341215054896969
1.5.0,avatica/src/main/java/org/apache/calcite/avatica/remote/JsonHandler.java,0,0,0.46277606985787356
1.5.0,avatica/src/main/java/org/apache/calcite/avatica/remote/MockJsonService.java,0,0,0.317539911592365
1.5.0,avatica/src/main/java/org/apache/calcite/avatica/remote/ProtobufHandler.java,0,0,0.47880550931843646
1.5.0,core/src/main/java/org/apache/calcite/sql/SqlIdentifier.java,0,1,0.5650904433543792
1.5.0,core/src/main/java/org/apache/calcite/sql/SqlSelectOperator.java,1,1,0.6531969586487343
1.5.0,core/src/main/java/org/apache/calcite/adapter/jdbc/JdbcTable.java,0,1,0.8838337639317408
1.5.0,core/src/main/java/org/apache/calcite/model/ModelHandler.java,1,1,0.9814627544819438
1.5.0,core/src/main/java/org/apache/calcite/util/BuiltInMethod.java,1,1,0.7333362595576399
1.5.0,core/src/main/java/org/apache/calcite/adapter/enumerable/EnumerableTableFunctionScan.java,0,1,0.6021194301659201
1.5.0,core/src/main/java/org/apache/calcite/rel/logical/LogicalTableFunctionScan.java,0,0,0.42992514419695793
1.5.0,core/src/main/java/org/apache/calcite/schema/impl/TableFunctionImpl.java,0,1,0.6443451655933141
1.5.0,core/src/main/java/org/apache/calcite/rex/RexUtil.java,1,1,0.8987751084256907
1.5.0,core/src/main/java/org/apache/calcite/rel/metadata/RelMdPredicates.java,0,1,0.9184743060394046
1.5.0,core/src/main/java/org/apache/calcite/rel/rules/FilterJoinRule.java,1,1,0.8123394824495779
1.5.0,spark/src/main/java/org/apache/calcite/adapter/spark/HttpServer.java,0,0,0.2457416426090196
1.5.0,core/src/main/java/org/apache/calcite/rel/metadata/RelMdDistribution.java,0,0,0.18573488986657152
1.5.0,core/src/main/java/org/apache/calcite/util/BitSets.java,0,1,0.5174907470760247
1.5.0,core/src/main/java/org/apache/calcite/rel/rules/ProjectRemoveRule.java,0,0,0.3969945884730426
1.5.0,core/src/main/java/org/apache/calcite/sql/SqlInfixOperator.java,0,0,0.2569400054212332
1.5.0,core/src/main/java/org/apache/calcite/sql/SqlInternalOperator.java,0,0,0.1625422944889882
1.5.0,core/src/main/java/org/apache/calcite/sql/SqlSpecialOperator.java,0,0,0.2040173786854087
1.5.0,core/src/main/java/org/apache/calcite/sql/SqlUpdate.java,1,0,0.4651279361357399
1.5.0,core/src/main/java/org/apache/calcite/sql/SqlWith.java,0,0,0.4356275321747749
1.5.0,core/src/main/java/org/apache/calcite/sql/SqlWithItem.java,0,0,0.2664726809261747
1.5.0,core/src/main/java/org/apache/calcite/sql/fun/SqlExtendOperator.java,0,1,0.5380243801168592
1.5.0,core/src/main/java/org/apache/calcite/sql/fun/SqlRollupOperator.java,0,1,0.5240559499348975
1.5.0,core/src/main/java/org/apache/calcite/sql/SqlSplittableAggFunction.java,1,0,0.3831826056381947
1.5.0,core/src/main/java/org/apache/calcite/rel/core/AggregateCall.java,0,1,0.6766260636219537
1.5.0,core/src/main/java/org/apache/calcite/rex/RexCopier.java,0,0,0.31165886682503857
1.5.0,core/src/main/java/org/apache/calcite/schema/ModifiableTable.java,0,0,0.3637665402426051
1.5.0,core/src/main/java/org/apache/calcite/schema/ModifiableView.java,0,0,0.2521795934494878
1.5.0,core/src/main/java/org/apache/calcite/adapter/enumerable/RexToLixTranslator.java,1,1,0.9730978710818724
1.5.0,linq4j/src/main/java/org/apache/calcite/linq4j/tree/ConstantExpression.java,0,1,0.7579429172364994
1.5.0,linq4j/src/main/java/org/apache/calcite/linq4j/tree/Expressions.java,0,1,0.6734705819049284
1.5.0,core/src/main/java/org/apache/calcite/rel/RelNode.java,0,0,0.2806219360232864
1.5.0,core/src/main/java/org/apache/calcite/runtime/SqlFunctions.java,1,0,0.30635839781633056
1.5.0,core/src/main/java/org/apache/calcite/plan/hep/HepRelVertex.java,0,1,0.5187472208654805
1.5.0,core/src/main/java/org/apache/calcite/rel/convert/ConverterImpl.java,0,0,0.3009313532161347
1.5.0,core/src/main/java/org/apache/calcite/rel/core/Aggregate.java,1,1,0.7952540659109215
1.5.0,core/src/main/java/org/apache/calcite/rel/core/Intersect.java,0,0,0.1935554596938784
1.5.0,core/src/main/java/org/apache/calcite/rel/core/Minus.java,0,0,0.2267368107333433
1.5.0,core/src/main/java/org/apache/calcite/rel/core/SetOp.java,0,0,0.36661693424487896
1.5.0,core/src/main/java/org/apache/calcite/rel/core/TableScan.java,0,0,0.4818696783042619
1.5.0,core/src/main/java/org/apache/calcite/rel/metadata/BuiltInMetadata.java,0,0,0.16874427325101987
1.5.0,core/src/main/java/org/apache/calcite/rel/metadata/NullSentinel.java,0,0,0.2278826433093384
1.5.0,core/src/main/java/org/apache/calcite/rel/metadata/RelMetadataQuery.java,0,1,0.6205987221358369
1.5.0,core/src/main/java/org/apache/calcite/rel/rules/AggregateRemoveRule.java,0,1,0.6166904618716388
1.5.0,mongodb/src/main/java/org/apache/calcite/adapter/mongodb/MongoFilter.java,0,0,0.2929338271225391
1.5.0,core/src/main/java/org/apache/calcite/sql/SqlTimeLiteral.java,0,1,0.5842354305346714
1.5.0,core/src/main/java/org/apache/calcite/sql/SqlTimestampLiteral.java,0,1,0.5465834411407062
1.5.0,core/src/main/java/org/apache/calcite/sql/fun/SqlBetweenOperator.java,1,1,0.730636379305529
1.5.0,core/src/main/java/org/apache/calcite/sql/type/ComparableOperandTypeChecker.java,0,0,0.44909739052676584
1.5.0,core/src/main/java/org/apache/calcite/sql/type/SqlTypeUtil.java,1,1,0.706179723550497
1.5.0,core/src/main/java/org/apache/calcite/jdbc/Driver.java,0,1,0.5341136845437611
1.5.0,avatica/src/main/java/org/apache/calcite/avatica/UnregisteredDriver.java,0,1,0.6938039606476597
1.5.0,core/src/main/java/org/apache/calcite/rel/rules/ProjectWindowTransposeRule.java,0,1,0.6174059567541325
1.5.0,avatica/src/main/java/org/apache/calcite/avatica/util/AbstractCursor.java,0,1,0.7820207173117979
1.5.0,core/src/main/java/org/apache/calcite/interpreter/Sink.java,0,0,0.17949140298749178
1.5.0,core/src/main/java/org/apache/calcite/sql/SqlNode.java,0,1,0.602073879651656
1.5.0,core/src/main/java/org/apache/calcite/adapter/enumerable/PhysTypeImpl.java,1,1,0.8246186428554181
1.5.0,core/src/main/java/org/apache/calcite/sql/validate/SelectNamespace.java,0,0,0.23759453874704906
1.5.0,core/src/main/java/org/apache/calcite/sql/validate/SqlValidatorUtil.java,0,1,0.9611802730210398
1.5.0,linq4j/src/main/java/org/apache/calcite/linq4j/DelegatingEnumerator.java,0,0,0.19626200246348185
1.5.0,core/src/main/java/org/apache/calcite/adapter/enumerable/EnumerableSemiJoin.java,0,0,0.41292703046287865
1.5.0,core/src/main/java/org/apache/calcite/adapter/enumerable/EnumerableSemiJoinRule.java,0,1,0.5139484808387099
1.5.0,core/src/main/java/org/apache/calcite/rel/core/SemiJoin.java,0,0,0.4576701851187088
1.5.0,mongodb/src/main/java/org/apache/calcite/adapter/mongodb/MongoProject.java,0,0,0.19804097056183248
1.5.0,spark/src/main/java/org/apache/calcite/adapter/spark/SparkRules.java,0,0,0.22471761298263343
1.5.0,core/src/main/java/org/apache/calcite/rel/rules/JoinAddRedundantSemiJoinRule.java,0,0,0.43648991465090536
1.5.0,core/src/main/java/org/apache/calcite/rel/rules/LoptSemiJoinOptimizer.java,0,0,0.3719867279752812
1.5.0,core/src/main/java/org/apache/calcite/rel/rules/SemiJoinFilterTransposeRule.java,0,0,0.17624349788336058
1.5.0,core/src/main/java/org/apache/calcite/rel/rules/SemiJoinJoinTransposeRule.java,0,1,0.5072223513118249
1.5.0,core/src/main/java/org/apache/calcite/rel/metadata/RelMdSize.java,0,1,0.5502764989047053
1.5.0,core/src/main/java/org/apache/calcite/sql/validate/AggChecker.java,0,1,0.6701324839167638
1.5.0,core/src/main/java/org/apache/calcite/interpreter/Source.java,0,0,0.26555189060003304
1.5.0,core/src/main/java/org/apache/calcite/rel/metadata/RelMdColumnUniqueness.java,1,1,0.7283203357656074
1.5.0,core/src/main/java/org/apache/calcite/rel/metadata/RelMdRowCount.java,0,1,0.7239379598033369
1.5.0,core/src/main/java/org/apache/calcite/jdbc/CachingCalciteSchema.java,1,1,0.6080203052545613
1.5.0,core/src/main/java/org/apache/calcite/jdbc/CalciteConnectionImpl.java,0,1,0.9154412047630223
1.5.0,core/src/main/java/org/apache/calcite/jdbc/CalciteRootSchema.java,0,0,0.3140600956246934
1.5.0,core/src/main/java/org/apache/calcite/jdbc/CalciteSchema.java,1,1,0.8636675546059079
1.5.0,core/src/main/java/org/apache/calcite/jdbc/SimpleCalciteSchema.java,0,0,0.313937793799758
1.5.0,core/src/main/java/org/apache/calcite/materialize/Lattice.java,0,1,0.8305292853766458
1.5.0,core/src/main/java/org/apache/calcite/materialize/MaterializationActor.java,0,1,0.610787003507065
1.5.0,core/src/main/java/org/apache/calcite/schema/Schemas.java,0,1,0.8345808403821052
1.5.0,core/src/main/java/org/apache/calcite/tools/Frameworks.java,0,1,0.6475339448201408
1.5.0,core/src/main/java/org/apache/calcite/sql/SqlUnresolvedFunction.java,0,0,0.153680025811109
1.5.0,core/src/main/java/org/apache/calcite/model/JsonColumn.java,0,0,0.37092056507738586
1.5.0,core/src/main/java/org/apache/calcite/model/JsonCustomSchema.java,0,0,0.35208900623030925
1.5.0,core/src/main/java/org/apache/calcite/model/JsonCustomTable.java,0,0,0.3645030407343772
1.5.0,core/src/main/java/org/apache/calcite/model/JsonFunction.java,0,0,0.3422862049502843
1.5.0,core/src/main/java/org/apache/calcite/model/JsonJdbcSchema.java,0,0,0.41788497452664614
1.5.0,core/src/main/java/org/apache/calcite/prepare/RelOptTableImpl.java,0,1,0.6869186195148939
1.5.0,core/src/main/java/org/apache/calcite/model/JsonLattice.java,0,1,0.7954752535168165
1.5.0,core/src/main/java/org/apache/calcite/model/JsonMapSchema.java,0,1,0.7374962434308286
1.5.0,core/src/main/java/org/apache/calcite/model/JsonMaterialization.java,0,0,0.349396941976897
1.5.0,core/src/main/java/org/apache/calcite/model/JsonMeasure.java,0,0,0.28112970243702207
1.5.0,core/src/main/java/org/apache/calcite/model/JsonRoot.java,0,0,0.4998298470700378
1.5.0,core/src/main/java/org/apache/calcite/model/JsonSchema.java,0,1,0.7337743796352775
1.5.0,core/src/main/java/org/apache/calcite/model/JsonStream.java,0,0,0.20375361093165026
1.5.0,core/src/main/java/org/apache/calcite/model/JsonTable.java,0,0,0.37283333493290877
1.5.0,core/src/main/java/org/apache/calcite/model/JsonTile.java,0,0,0.2899988298530585
1.5.0,core/src/main/java/org/apache/calcite/model/JsonView.java,0,0,0.47419120116477675
1.5.0,core/src/main/java/org/apache/calcite/rel/RelFieldCollation.java,0,0,0.3706100886167398
1.5.0,core/src/main/java/org/apache/calcite/rel/rules/UnionEliminatorRule.java,0,0,0.18573488986657152
1.5.0,core/src/main/java/org/apache/calcite/rel/metadata/RelMdCollation.java,1,1,0.6193734877213354
1.5.0,core/src/main/java/org/apache/calcite/sql/parser/SqlAbstractParserImpl.java,0,1,0.6946919347526254
1.5.0,core/src/main/java/org/apache/calcite/sql/parser/SqlParser.java,0,1,0.6281609167227237
1.5.0,mongodb/src/main/java/org/apache/calcite/adapter/mongodb/MongoRules.java,0,0,0.32205556931874557
1.5.0,core/src/main/java/org/apache/calcite/interpreter/AggregateNode.java,1,1,0.6290758425568462
1.5.0,core/src/main/java/org/apache/calcite/interpreter/Bindables.java,0,0,0.321558816095673
1.5.0,core/src/main/java/org/apache/calcite/interpreter/JaninoRexCompiler.java,0,1,0.5715884602380884
1.5.0,core/src/main/java/org/apache/calcite/interpreter/JoinNode.java,0,0,0.2657115107191843
1.5.0,core/src/main/java/org/apache/calcite/interpreter/Nodes.java,0,0,0.20263037378623253
1.5.0,core/src/main/java/org/apache/calcite/interpreter/ProjectNode.java,0,1,0.7013095225063969
1.5.0,core/src/main/java/org/apache/calcite/interpreter/ValuesNode.java,0,1,0.5139484808387099
1.5.0,core/src/main/java/org/apache/calcite/sql/SqlFilterOperator.java,0,0,0.4935867099231801
1.5.0,core/src/main/java/org/apache/calcite/sql/SqlOverOperator.java,0,1,0.5069445375648132
1.5.0,core/src/main/java/org/apache/calcite/util/Bug.java,0,0,0.19070148568573989
1.5.0,core/src/main/java/org/apache/calcite/adapter/enumerable/AggAddContext.java,0,0,0.19804097056183248
1.5.0,core/src/main/java/org/apache/calcite/adapter/enumerable/EnumerableAggregate.java,1,1,0.6354559857444549
1.5.0,core/src/main/java/org/apache/calcite/adapter/enumerable/EnumerableWindow.java,0,1,0.6863794953589262
1.5.0,core/src/main/java/org/apache/calcite/adapter/enumerable/StrictAggImplementor.java,0,0,0.48688104251468634
1.5.0,core/src/main/java/org/apache/calcite/rel/rules/AggregateFilterTransposeRule.java,0,0,0.45946637891916275
1.5.0,core/src/main/java/org/apache/calcite/adapter/enumerable/EnumerableInterpreter.java,0,0,0.4797763171219393
1.5.0,core/src/main/java/org/apache/calcite/adapter/enumerable/EnumerableInterpreterRule.java,0,0,0.17624349788336058
1.5.0,core/src/main/java/org/apache/calcite/adapter/enumerable/EnumerableRel.java,0,0,0.29550484193934107
1.5.0,core/src/main/java/org/apache/calcite/adapter/enumerable/EnumerableRules.java,0,0,0.16501319151818045
1.5.0,core/src/main/java/org/apache/calcite/adapter/enumerable/EnumerableTableScanRule.java,0,1,0.5139484808387099
1.5.0,core/src/main/java/org/apache/calcite/rel/logical/LogicalTableScan.java,0,0,0.49192092150917743
1.5.0,core/src/main/java/org/apache/calcite/rel/rules/FilterTableScanRule.java,0,0,0.42890320705747154
1.5.0,core/src/main/java/org/apache/calcite/rel/rules/ProjectTableScanRule.java,0,0,0.4551926076194204
1.5.0,core/src/main/java/org/apache/calcite/prepare/QueryableRelBuilder.java,0,1,0.756594691135809
1.5.0,core/src/main/java/org/apache/calcite/rel/metadata/RelMdUtil.java,1,1,0.5215195660672307
1.5.0,avatica/src/main/java/org/apache/calcite/avatica/ColumnMetaData.java,0,1,0.8589578069845555
1.5.0,avatica/src/main/java/org/apache/calcite/avatica/remote/MockProtobufService.java,1,0,0.24550102198128834
1.5.0,linq4j/src/main/java/org/apache/calcite/linq4j/DefaultEnumerable.java,0,0,0.18876656042666265
1.5.0,linq4j/src/main/java/org/apache/calcite/linq4j/DefaultQueryable.java,0,0,0.2253325299491651
1.5.0,linq4j/src/main/java/org/apache/calcite/linq4j/EnumerableDefaults.java,0,1,0.9433342135127161
1.5.0,linq4j/src/main/java/org/apache/calcite/linq4j/EnumerableQueryable.java,0,0,0.2192615845315443
1.5.0,linq4j/src/main/java/org/apache/calcite/linq4j/ExtendedEnumerable.java,0,0,0.159966612864199
1.5.0,linq4j/src/main/java/org/apache/calcite/linq4j/ExtendedQueryable.java,0,0,0.15990218578067467
1.5.0,linq4j/src/main/java/org/apache/calcite/linq4j/QueryableFactory.java,0,0,0.2058561470963597
1.5.0,linq4j/src/main/java/org/apache/calcite/linq4j/QueryableRecorder.java,0,0,0.15947369152262883
1.5.0,avatica/src/main/java/org/apache/calcite/avatica/util/ByteString.java,0,0,0.41844530128040847
1.5.0,core/src/main/java/org/apache/calcite/rex/RexCall.java,0,1,0.7979039644226896
1.5.0,core/src/main/java/org/apache/calcite/rex/RexProgramBuilder.java,0,1,0.6423786179341321
1.5.0,core/src/main/java/org/apache/calcite/plan/RelOptMaterialization.java,0,1,0.5457583232368093
1.5.0,core/src/main/java/org/apache/calcite/schema/impl/MaterializedViewTable.java,0,0,0.38957509697108517
1.5.0,core/src/main/java/org/apache/calcite/adapter/enumerable/JavaRowFormat.java,1,0,0.44746670089901197
1.5.0,avatica/src/main/java/org/apache/calcite/avatica/util/Base64.java,0,0,0.04128988700321409
1.5.0,core/src/main/java/org/apache/calcite/sql/SqlJdbcFunctionCall.java,0,1,0.7322331816999404
1.5.0,core/src/main/java/org/apache/calcite/tools/FrameworkConfig.java,0,0,0.19804097056183248
1.5.0,core/src/main/java/org/apache/calcite/schema/Path.java,0,0,0.25073546683604936
1.5.0,core/src/main/java/org/apache/calcite/util/Stacks.java,0,0,0.45414084656954584
1.5.0,core/src/main/java/org/apache/calcite/plan/RelOptCluster.java,0,0,0.30827943551262127
1.5.0,core/src/main/java/org/apache/calcite/plan/RelOptQuery.java,0,0,0.2657115107191843
1.5.0,core/src/main/java/org/apache/calcite/rel/rules/SortJoinTransposeRule.java,0,1,0.727264435239133
1.5.0,avatica/src/main/java/org/apache/calcite/avatica/remote/LocalJsonService.java,0,0,0.13312956842603868
1.5.0,core/src/main/java/org/apache/calcite/sql2rel/RelDecorrelator.java,0,1,0.9141175265568083
1.5.0,core/src/main/java/org/apache/calcite/rel/core/Filter.java,0,0,0.4293943976456108
1.5.0,core/src/main/java/org/apache/calcite/sql/SqlWindow.java,0,1,0.9856119786150659
1.5.0,core/src/main/java/org/apache/calcite/plan/RelOptPredicateList.java,0,0,0.3999961966434957
1.5.0,core/src/main/java/org/apache/calcite/rex/RexInputRef.java,0,0,0.4367842655755189
1.5.0,core/src/main/java/org/apache/calcite/rex/RexShuttle.java,0,1,0.5430841262480515
1.5.0,core/src/main/java/org/apache/calcite/util/Util.java,0,1,0.9705973143818725
1.5.0,core/src/main/java/org/apache/calcite/jdbc/CalciteJdbc41Factory.java,0,0,0.2670869457474258
1.5.0,core/src/main/java/org/apache/calcite/jdbc/CalciteMetaImpl.java,0,1,0.9142563601452229
1.5.0,core/src/main/java/org/apache/calcite/jdbc/CalciteResultSet.java,0,1,0.7776852509145268
1.5.0,core/src/main/java/org/apache/calcite/adapter/jdbc/JdbcSchema.java,1,1,0.5864195013158374
1.5.0,avatica-server/src/main/java/org/apache/calcite/avatica/jdbc/JdbcMeta.java,1,1,0.8544426338567463
1.5.0,avatica-server/src/main/java/org/apache/calcite/avatica/jdbc/JdbcResultSet.java,0,1,0.7851585271204587
1.5.0,avatica-server/src/main/java/org/apache/calcite/avatica/jdbc/StatementInfo.java,1,0,0.4966105570811069
1.5.0,avatica/src/main/java/org/apache/calcite/avatica/AvaticaConnection.java,0,1,0.7267145068012438
1.5.0,avatica/src/main/java/org/apache/calcite/avatica/AvaticaDatabaseMetaData.java,0,1,0.6347341290939813
1.5.0,avatica/src/main/java/org/apache/calcite/avatica/AvaticaFactory.java,0,0,0.45028796293298406
1.5.0,avatica/src/main/java/org/apache/calcite/avatica/AvaticaJdbc41Factory.java,0,0,0.4589307641323392
1.5.0,avatica/src/main/java/org/apache/calcite/avatica/AvaticaPreparedStatement.java,0,1,0.6887021218239237
1.5.0,avatica/src/main/java/org/apache/calcite/avatica/AvaticaResultSet.java,0,0,0.4329221651020593
1.5.0,avatica/src/main/java/org/apache/calcite/avatica/AvaticaStatement.java,0,0,0.45361933676643024
1.5.0,avatica/src/main/java/org/apache/calcite/avatica/Meta.java,1,1,0.9548819840482601
1.5.0,avatica/src/main/java/org/apache/calcite/avatica/MetaImpl.java,1,1,0.6191543521346745
1.5.0,avatica/src/main/java/org/apache/calcite/avatica/MissingResultsException.java,0,0,0.25138001621546197
1.5.0,avatica/src/main/java/org/apache/calcite/avatica/NoSuchConnectionException.java,0,0,0.25123035068545796
1.5.0,avatica/src/main/java/org/apache/calcite/avatica/NoSuchStatementException.java,0,0,0.2512822490059871
1.5.0,avatica/src/main/java/org/apache/calcite/avatica/QueryState.java,0,1,0.6140852274203606
1.5.0,avatica/src/main/java/org/apache/calcite/avatica/remote/AbstractHandler.java,0,1,0.8751794098869489
1.5.0,avatica/src/main/java/org/apache/calcite/avatica/remote/AbstractService.java,0,0,0.44300681987993906
1.5.0,avatica/src/main/java/org/apache/calcite/avatica/remote/AvaticaHttpClient.java,0,0,0.2511353280898202
1.5.0,avatica/src/main/java/org/apache/calcite/avatica/remote/AvaticaHttpClientImpl.java,0,1,0.7411978586294513
1.5.0,avatica/src/main/java/org/apache/calcite/avatica/remote/Driver.java,0,0,0.4234990197358841
1.5.0,avatica/src/main/java/org/apache/calcite/avatica/remote/Handler.java,0,1,0.6126067417887062
1.5.0,avatica/src/main/java/org/apache/calcite/avatica/remote/JsonService.java,0,1,0.7218545860715999
1.5.0,avatica/src/main/java/org/apache/calcite/avatica/remote/LocalService.java,0,0,0.44753088152199505
1.5.0,avatica/src/main/java/org/apache/calcite/avatica/remote/MetaDataOperation.java,0,1,0.6216038542492736
1.5.0,avatica/src/main/java/org/apache/calcite/avatica/remote/ProtobufService.java,0,0,0.21714231452868618
1.5.0,avatica/src/main/java/org/apache/calcite/avatica/remote/ProtobufTranslationImpl.java,0,1,0.6830710121848983
1.5.0,avatica/src/main/java/org/apache/calcite/avatica/remote/RemoteMeta.java,0,1,0.9058852742180381
1.5.0,avatica/src/main/java/org/apache/calcite/avatica/remote/RemoteProtobufService.java,0,0,0.3254330076622228
1.5.0,avatica/src/main/java/org/apache/calcite/avatica/remote/RemoteService.java,0,0,0.41622944436659864
1.5.0,avatica/src/main/java/org/apache/calcite/avatica/remote/Service.java,1,1,0.9157557925878682
1.5.0,avatica/src/main/java/org/apache/calcite/avatica/proto/Common.java,0,1,0.5712172526461892
1.5.0,avatica/src/main/java/org/apache/calcite/avatica/proto/Requests.java,0,0,0.051943968701361615
1.5.0,avatica/src/main/java/org/apache/calcite/avatica/proto/Responses.java,0,0,0.174022548534169
1.5.0,core/src/main/java/org/apache/calcite/plan/volcano/RelSubset.java,0,1,0.90053121426335
1.5.0,core/src/main/java/org/apache/calcite/adapter/enumerable/EnumerableJoin.java,0,0,0.46164860641167776
1.5.0,core/src/main/java/org/apache/calcite/adapter/enumerable/EnumerableMergeJoin.java,1,0,0.4547426297339915
1.5.0,core/src/main/java/org/apache/calcite/rel/core/EquiJoin.java,0,0,0.1880659601708097
1.5.0,core/src/main/java/org/apache/calcite/rel/rules/EquiJoin.java,0,0,0.19804097056183248
1.5.0,core/src/main/java/org/apache/calcite/rel/type/RelDataType.java,0,0,0.19804097056183248
1.5.0,core/src/main/java/org/apache/calcite/rel/type/RelDataTypeImpl.java,0,1,0.6554453748614024
1.5.0,splunk/src/main/java/org/apache/calcite/adapter/splunk/SplunkTableScan.java,0,0,0.27396549169176465
1.5.0,core/src/main/java/org/apache/calcite/runtime/CalciteResource.java,0,1,0.6847901886307584
1.5.0,core/src/main/java/org/apache/calcite/schema/FunctionParameter.java,0,0,0.3884680591784474
1.5.0,core/src/main/java/org/apache/calcite/sql/SqlAsOperator.java,0,1,0.72522433693484
1.5.0,core/src/main/java/org/apache/calcite/sql/SqlCallBinding.java,1,1,0.7568914041786501
1.5.0,core/src/main/java/org/apache/calcite/sql/SqlFunction.java,0,1,0.5411293967604675
1.5.0,core/src/main/java/org/apache/calcite/sql/SqlKind.java,1,1,0.6617945309333184
1.5.0,core/src/main/java/org/apache/calcite/sql/SqlOperator.java,0,1,0.8374207815866861
1.5.0,core/src/main/java/org/apache/calcite/sql/SqlUtil.java,0,1,0.6383196571890443
1.5.0,core/src/main/java/org/apache/calcite/util/Compatible.java,0,0,0.37902884218372196
1.5.0,core/src/main/java/org/apache/calcite/util/ImmutableIntList.java,0,1,0.6198518970180282
1.5.0,core/src/main/java/org/apache/calcite/util/ReflectUtil.java,0,1,0.8565075921200814
1.5.0,core/src/main/java/org/apache/calcite/adapter/enumerable/RexImpTable.java,1,1,0.9045889893020855
1.5.0,core/src/main/java/org/apache/calcite/plan/RelOptNode.java,0,0,0.19804097056183248
1.5.0,core/src/main/java/org/apache/calcite/schema/SchemaFactory.java,0,0,0.19804097056183248
1.5.0,core/src/main/java/org/apache/calcite/schema/impl/AggregateFunctionImpl.java,1,1,0.6022661603825393
1.5.0,core/src/main/java/org/apache/calcite/schema/impl/ReflectiveFunctionBase.java,1,1,0.6911590561060607
1.5.0,core/src/main/java/org/apache/calcite/sql/advise/SqlAdvisorGetHintsFunction.java,0,1,0.6082643238023063
1.5.0,core/src/main/java/org/apache/calcite/sql/fun/SqlArgumentAssignmentOperator.java,0,0,0.2089756055665904
1.5.0,core/src/main/java/org/apache/calcite/sql/fun/SqlCastFunction.java,0,1,0.7484402704180153
1.5.0,core/src/main/java/org/apache/calcite/sql/fun/SqlDefaultOperator.java,0,0,0.24266640309258614
1.5.0,core/src/main/java/org/apache/calcite/sql/fun/SqlItemOperator.java,0,1,0.5401810892227539
1.5.0,core/src/main/java/org/apache/calcite/sql/fun/SqlLikeOperator.java,0,1,0.604642839864235
1.5.0,core/src/main/java/org/apache/calcite/sql/fun/SqlLiteralChainOperator.java,0,1,0.7071911426088512
1.5.0,core/src/main/java/org/apache/calcite/sql/fun/SqlMapValueConstructor.java,0,1,0.6723232014628527
1.5.0,core/src/main/java/org/apache/calcite/sql/fun/SqlMultisetMemberOfOperator.java,0,1,0.5620684352752612
1.5.0,core/src/main/java/org/apache/calcite/sql/fun/SqlMultisetQueryConstructor.java,0,0,0.3019368438957629
1.5.0,core/src/main/java/org/apache/calcite/sql/fun/SqlMultisetValueConstructor.java,0,1,0.6563914744154428
1.5.0,core/src/main/java/org/apache/calcite/sql/fun/SqlOverlapsOperator.java,0,1,0.5563728973592541
1.5.0,core/src/main/java/org/apache/calcite/sql/fun/SqlQuarterFunction.java,0,0,0.29390194456068736
1.5.0,core/src/main/java/org/apache/calcite/sql/fun/SqlStdOperatorTable.java,0,1,0.8705330496360544
1.5.0,core/src/main/java/org/apache/calcite/sql/fun/SqlSubstringFunction.java,0,1,0.6662668537802822
1.5.0,core/src/main/java/org/apache/calcite/sql/fun/SqlTrimFunction.java,1,1,0.568299148222619
1.5.0,core/src/main/java/org/apache/calcite/sql/type/AssignableOperandTypeChecker.java,0,1,0.5396856329260159
1.5.0,core/src/main/java/org/apache/calcite/sql/type/CompositeOperandTypeChecker.java,1,1,0.5751754682141731
1.5.0,core/src/main/java/org/apache/calcite/sql/type/FamilyOperandTypeChecker.java,0,1,0.6007919393114542
1.5.0,core/src/main/java/org/apache/calcite/sql/type/InferTypes.java,0,1,0.5550037242617986
1.5.0,core/src/main/java/org/apache/calcite/sql/type/LiteralOperandTypeChecker.java,0,1,0.6541662797164601
1.5.0,core/src/main/java/org/apache/calcite/sql/type/MultisetOperandTypeChecker.java,0,1,0.5120077334638777
1.5.0,core/src/main/java/org/apache/calcite/sql/type/OperandTypes.java,0,0,0.40148080965792327
1.5.0,core/src/main/java/org/apache/calcite/sql/type/SameOperandTypeChecker.java,0,1,0.6790102917790333
1.5.0,core/src/main/java/org/apache/calcite/sql/type/SetopOperandTypeChecker.java,0,1,0.6065356622628206
1.5.0,core/src/main/java/org/apache/calcite/sql/type/SqlOperandCountRanges.java,0,1,0.5058555329264923
1.5.0,core/src/main/java/org/apache/calcite/sql/type/SqlOperandTypeChecker.java,0,0,0.2509453023972703
1.5.0,core/src/main/java/org/apache/calcite/adapter/enumerable/AggContext.java,0,0,0.19804097056183248
1.5.0,core/src/main/java/org/apache/calcite/adapter/enumerable/CallImplementor.java,0,0,0.19804097056183248
1.5.0,core/src/main/java/org/apache/calcite/sql/validate/SqlUserDefinedFunction.java,0,0,0.25107194077145534
1.5.0,core/src/main/java/org/apache/calcite/adapter/enumerable/JavaRelImplementor.java,0,0,0.4713519854549318
1.5.0,core/src/main/java/org/apache/calcite/sql/validate/SqlValidator.java,1,0,0.2573671841960504
1.5.0,core/src/main/java/org/apache/calcite/sql/validate/SqlValidatorImpl.java,1,1,0.9858684730939452
1.5.0,core/src/main/java/org/apache/calcite/util/mapping/Mappings.java,0,1,0.5149849975168684
1.5.0,core/src/main/java/org/apache/calcite/rel/type/RelDataTypeFactory.java,0,1,0.5325514930534193
1.5.0,core/src/main/java/org/apache/calcite/schema/impl/AbstractSchema.java,0,0,0.23868261155371925
1.5.0,linq4j/src/main/java/org/apache/calcite/linq4j/function/Functions.java,0,1,0.5964494034559378
1.5.0,linq4j/src/main/java/org/apache/calcite/linq4j/function/Parameter.java,0,0,0.22227310582305243
