version,file,true_label,predicted,probability
1.7.0,linq4j/src/main/java/org/apache/calcite/linq4j/CartesianProductEnumerator.java,0,0,0.0620799760958164
1.7.0,core/src/main/java/org/apache/calcite/interpreter/AbstractSingleNode.java,0,0,0.128701331478019
1.7.0,core/src/main/java/org/apache/calcite/interpreter/Row.java,0,0,0.2641825068660522
1.7.0,core/src/main/java/org/apache/calcite/sql/SqlOperatorBinding.java,0,0,0.17436073014120815
1.7.0,core/src/main/java/org/apache/calcite/sql/fun/SqlAbstractTimeFunction.java,0,1,0.545213472218065
1.7.0,core/src/main/java/org/apache/calcite/sql/fun/SqlCurrentDateFunction.java,0,0,0.13123268603034569
1.7.0,core/src/main/java/org/apache/calcite/sql/fun/SqlDatetimeSubtractionOperator.java,0,0,0.12558705591964775
1.7.0,core/src/main/java/org/apache/calcite/sql/fun/SqlExtractFunction.java,0,1,0.7136464158104003
1.7.0,core/src/main/java/org/apache/calcite/sql/fun/SqlFloorFunction.java,0,1,0.5321233294470405
1.7.0,core/src/main/java/org/apache/calcite/sql/fun/SqlMonotonicBinaryOperator.java,0,1,0.5523309044914346
1.7.0,core/src/main/java/org/apache/calcite/sql/fun/SqlMonotonicUnaryFunction.java,0,0,0.19779887161563875
1.7.0,core/src/main/java/org/apache/calcite/sql/fun/SqlStringContextVariable.java,0,0,0.13123268603034569
1.7.0,core/src/main/java/org/apache/calcite/server/CalciteServerStatement.java,0,0,0.13860329089456253
1.7.0,core/src/main/java/org/apache/calcite/rel/rules/SemiJoinRule.java,0,0,0.46290115885687694
1.7.0,core/src/main/java/org/apache/calcite/sql/fun/SqlAbstractGroupFunction.java,0,1,0.5745161297872449
1.7.0,core/src/main/java/org/apache/calcite/sql/validate/DelegatingScope.java,0,1,0.8584072146809998
1.7.0,core/src/main/java/org/apache/calcite/interpreter/SortNode.java,1,1,0.78187122682541
1.7.0,core/src/main/java/org/apache/calcite/plan/RelCompositeTrait.java,0,0,0.07099288935208624
1.7.0,core/src/main/java/org/apache/calcite/plan/RelMultipleTrait.java,0,0,0.19801246242313925
1.7.0,core/src/main/java/org/apache/calcite/plan/RelTrait.java,0,0,0.19226952272924666
1.7.0,core/src/main/java/org/apache/calcite/plan/RelTraitDef.java,0,0,0.004187416628222806
1.7.0,core/src/main/java/org/apache/calcite/rel/RelCollation.java,0,0,0.19226952272924666
1.7.0,core/src/main/java/org/apache/calcite/adapter/enumerable/EnumerableCalcRule.java,0,0,0.09758589093133205
1.7.0,core/src/main/java/org/apache/calcite/adapter/enumerable/EnumerableFilterToCalcRule.java,0,0,0.12558705591964775
1.7.0,core/src/main/java/org/apache/calcite/adapter/enumerable/EnumerableMergeJoinRule.java,0,1,0.5314849598708551
1.7.0,core/src/main/java/org/apache/calcite/adapter/enumerable/EnumerableProjectToCalcRule.java,0,0,0.12558705591964775
1.7.0,core/src/main/java/org/apache/calcite/adapter/enumerable/EnumerableSort.java,0,0,0.42953612740025066
1.7.0,core/src/main/java/org/apache/calcite/adapter/enumerable/EnumerableSortRule.java,0,1,0.5500239766502443
1.7.0,core/src/main/java/org/apache/calcite/adapter/enumerable/EnumerableValuesRule.java,0,0,0.12558705591964775
1.7.0,core/src/main/java/org/apache/calcite/runtime/FlatLists.java,1,0,0.08747437641070924
1.7.0,core/src/main/java/org/apache/calcite/rel/core/JoinInfo.java,0,0,0.19448005920106964
1.7.0,core/src/main/java/org/apache/calcite/rel/logical/LogicalIntersect.java,0,0,0.11365658881338675
1.7.0,core/src/main/java/org/apache/calcite/rel/logical/LogicalMinus.java,0,0,0.1910613007814835
1.7.0,core/src/main/java/org/apache/calcite/rel/logical/LogicalSort.java,0,0,0.4128195975730348
1.7.0,core/src/main/java/org/apache/calcite/rel/logical/LogicalTableModify.java,0,0,0.33923467681668756
1.7.0,core/src/main/java/org/apache/calcite/rel/logical/LogicalUnion.java,0,0,0.33638865327424916
1.7.0,core/src/main/java/org/apache/calcite/rel/rules/FilterCalcMergeRule.java,0,0,0.07784574966338682
1.7.0,core/src/main/java/org/apache/calcite/util/BuiltInMethod.java,1,1,0.9584886313911001
1.7.0,core/src/main/java/org/apache/calcite/rel/rules/FilterTableFunctionTransposeRule.java,0,0,0.1437155723031661
1.7.0,core/src/main/java/org/apache/calcite/rel/rules/FilterToCalcRule.java,0,0,0.09195540926775499
1.7.0,core/src/main/java/org/apache/calcite/rel/rules/ProjectCalcMergeRule.java,0,0,0.0827938039530322
1.7.0,core/src/main/java/org/apache/calcite/rel/rules/ProjectToCalcRule.java,0,0,0.09195540926775499
1.7.0,core/src/main/java/org/apache/calcite/rel/rules/ReduceDecimalsRule.java,0,1,0.9222090133701136
1.7.0,core/src/main/java/org/apache/calcite/adapter/enumerable/JavaRowFormat.java,1,1,0.8788748155228875
1.7.0,core/src/main/java/org/apache/calcite/adapter/enumerable/PhysTypeImpl.java,1,1,0.9980585896114134
1.7.0,core/src/main/java/org/apache/calcite/sql/util/SqlShuttle.java,0,1,0.5403459779105381
1.7.0,core/src/main/java/org/apache/calcite/util/ChunkList.java,0,0,0.2913723351019543
1.7.0,core/src/main/java/org/apache/calcite/plan/MaterializedViewSubstitutionVisitor.java,0,0,0.03368454493329393
1.7.0,core/src/main/java/org/apache/calcite/interpreter/BindableConvention.java,0,0,0.23735886285846294
1.7.0,core/src/main/java/org/apache/calcite/interpreter/BindableRel.java,0,0,0.1968670727225609
1.7.0,core/src/main/java/org/apache/calcite/interpreter/Context.java,0,0,0.12299545842581001
1.7.0,core/src/main/java/org/apache/calcite/interpreter/FilterNode.java,0,1,0.5604836776814344
1.7.0,core/src/main/java/org/apache/calcite/interpreter/InterpretableConvention.java,0,0,0.05714544991008415
1.7.0,core/src/main/java/org/apache/calcite/interpreter/InterpretableConverter.java,0,0,0.1968670727225609
1.7.0,core/src/main/java/org/apache/calcite/interpreter/InterpretableRel.java,0,0,0.1968670727225609
1.7.0,core/src/main/java/org/apache/calcite/interpreter/Interpreters.java,0,0,0.14736391911620936
1.7.0,core/src/main/java/org/apache/calcite/interpreter/NoneToBindableConverterRule.java,0,0,0.13214093515724765
1.7.0,core/src/main/java/org/apache/calcite/interpreter/Scalar.java,0,0,0.22113757496607309
1.7.0,core/src/main/java/org/apache/calcite/interpreter/UnionNode.java,0,1,0.5835891151739848
1.7.0,core/src/main/java/org/apache/calcite/interpreter/WindowNode.java,0,0,0.2144052487263405
1.7.0,core/src/main/java/org/apache/calcite/rex/RexExecutorImpl.java,0,1,0.5293524575889679
1.7.0,core/src/main/java/org/apache/calcite/runtime/ArrayBindable.java,0,0,0.1968670727225609
1.7.0,core/src/main/java/org/apache/calcite/prepare/CalciteCatalogReader.java,0,1,0.9779925284199918
1.7.0,core/src/main/java/org/apache/calcite/adapter/enumerable/AggImpState.java,0,0,0.470138376409055
1.7.0,core/src/main/java/org/apache/calcite/adapter/enumerable/EnumerableBindable.java,0,0,0.1968670727225609
1.7.0,core/src/main/java/org/apache/calcite/adapter/enumerable/EnumerableConvention.java,0,0,0.18469767846838547
1.7.0,core/src/main/java/org/apache/calcite/runtime/SqlFunctions.java,1,1,0.999999687220858
1.7.0,core/src/main/java/org/apache/calcite/adapter/enumerable/EnumerableFilterRule.java,0,0,0.12558705591964775
1.7.0,core/src/main/java/org/apache/calcite/adapter/enumerable/EnumerableInterpretable.java,0,1,0.6347377277116015
1.7.0,core/src/main/java/org/apache/calcite/adapter/java/ReflectiveSchema.java,0,0,0.025074536264820195
1.7.0,core/src/main/java/org/apache/calcite/rel/convert/ConverterRule.java,0,1,0.5625471757376417
1.7.0,core/src/main/java/org/apache/calcite/adapter/enumerable/EnumUtils.java,0,1,0.7812521108612727
1.7.0,core/src/main/java/org/apache/calcite/adapter/enumerable/ReflectiveCallNotNullImplementor.java,0,1,0.7427780638892022
1.7.0,core/src/main/java/org/apache/calcite/adapter/enumerable/RexToLixTranslator.java,1,1,0.8641575155907081
1.7.0,core/src/main/java/org/apache/calcite/adapter/enumerable/StrictAggImplementor.java,0,1,0.5416657315806368
1.7.0,core/src/main/java/org/apache/calcite/rel/rules/SubQueryRemoveRule.java,1,1,0.9796899475993949
1.7.0,spark/src/main/java/org/apache/calcite/adapter/spark/SparkHandlerImpl.java,0,0,0.00013254700127632538
1.7.0,core/src/main/java/org/apache/calcite/sql/type/SqlTypeExplicitPrecedenceList.java,1,1,0.5343259605705027
1.7.0,core/src/main/java/org/apache/calcite/prepare/PlannerImpl.java,0,1,0.7684740674103081
1.7.0,core/src/main/java/org/apache/calcite/tools/FrameworkConfig.java,0,0,0.24307242820360261
1.7.0,core/src/main/java/org/apache/calcite/tools/Frameworks.java,0,0,0.45069908399432745
1.7.0,core/src/main/java/org/apache/calcite/sql/SqlFunction.java,0,1,0.6622810008280104
1.7.0,core/src/main/java/org/apache/calcite/sql/SqlOperator.java,0,1,0.9003094484231703
1.7.0,core/src/main/java/org/apache/calcite/sql/SqlRankFunction.java,0,0,0.30333537847388453
1.7.0,core/src/main/java/org/apache/calcite/sql/SqlUtil.java,0,1,0.8716941783953132
1.7.0,core/src/main/java/org/apache/calcite/sql/util/ReflectiveSqlOperatorTable.java,0,0,0.06781925676292411
1.7.0,mongodb/src/main/java/org/apache/calcite/adapter/mongodb/MongoAggregate.java,0,1,0.6891602916399587
1.7.0,core/src/main/java/org/apache/calcite/adapter/jdbc/JdbcUtils.java,0,1,0.8337108885585418
1.7.0,core/src/main/java/org/apache/calcite/plan/RexImplicationChecker.java,1,1,0.9814868607146795
1.7.0,core/src/main/java/org/apache/calcite/sql/SqlSelectOperator.java,1,1,0.6758526813905575
1.7.0,core/src/main/java/org/apache/calcite/rel/rel2sql/RelToSqlConverter.java,1,1,0.8602921681693899
1.7.0,core/src/main/java/org/apache/calcite/config/NullCollation.java,0,1,0.5878277192155391
1.7.0,core/src/main/java/org/apache/calcite/rel/RelCollationImpl.java,0,0,0.19065027268970697
1.7.0,core/src/main/java/org/apache/calcite/rel/RelCollations.java,0,0,0.09423224406834287
1.7.0,core/src/main/java/org/apache/calcite/rex/RexFieldCollation.java,0,1,0.5720964543535302
1.7.0,core/src/main/java/org/apache/calcite/schema/ExtensibleTable.java,0,0,0.19399225941663797
1.7.0,core/src/main/java/org/apache/calcite/sql/SqlDelete.java,0,0,0.29537063951159936
1.7.0,core/src/main/java/org/apache/calcite/plan/RelTraitSet.java,0,0,0.3602972020577638
1.7.0,core/src/main/java/org/apache/calcite/materialize/MaterializationService.java,0,0,0.2316065402430787
1.7.0,core/src/main/java/org/apache/calcite/model/JsonMaterialization.java,0,0,0.05380187977896831
1.7.0,core/src/main/java/org/apache/calcite/schema/impl/MaterializedViewTable.java,0,0,0.08084454866918983
1.7.0,linq4j/src/main/java/org/apache/calcite/linq4j/tree/Primitive.java,0,0,0.06874658039557097
1.7.0,core/src/main/java/org/apache/calcite/sql/validate/ProcedureNamespace.java,1,1,0.674695582410991
1.7.0,core/src/main/java/org/apache/calcite/sql/validate/SqlUserDefinedTableMacro.java,0,1,0.838720471717241
1.7.0,core/src/main/java/org/apache/calcite/sql/SqlJdbcFunctionCall.java,0,0,0.0014515352266841444
1.7.0,core/src/main/java/org/apache/calcite/sql2rel/StandardConvertletTable.java,1,1,0.990394682923454
1.7.0,core/src/main/java/org/apache/calcite/adapter/enumerable/RexImpTable.java,1,1,0.9999682650008179
1.7.0,core/src/main/java/org/apache/calcite/sql/fun/SqlStdOperatorTable.java,1,1,0.992137448286096
1.7.0,core/src/main/java/org/apache/calcite/sql/SqlDialect.java,0,0,0.0007682442732387661
1.7.0,core/src/main/java/org/apache/calcite/adapter/clone/ColumnLoader.java,0,1,0.9939628400121463
1.7.0,core/src/main/java/org/apache/calcite/rel/type/RelCrossType.java,0,1,0.6070975677283981
1.7.0,core/src/main/java/org/apache/calcite/sql/SqlUnnestOperator.java,0,1,0.6532774114933935
1.7.0,mongodb/src/main/java/org/apache/calcite/adapter/mongodb/MongoEnumerator.java,0,0,0.3497630702448001
1.7.0,core/src/main/java/org/apache/calcite/adapter/enumerable/EnumerableUncollect.java,0,1,0.7037457805809678
1.7.0,core/src/main/java/org/apache/calcite/adapter/enumerable/EnumerableUncollectRule.java,0,0,0.15023419920608394
1.7.0,core/src/main/java/org/apache/calcite/adapter/enumerable/PhysType.java,0,0,0.3291930937789997
1.7.0,core/src/main/java/org/apache/calcite/rel/core/Uncollect.java,0,0,0.452775074416527
1.7.0,core/src/main/java/org/apache/calcite/rel/rules/ProjectMergeRule.java,0,1,0.8732220594197996
1.7.0,core/src/main/java/org/apache/calcite/sql/fun/SqlMultisetQueryConstructor.java,0,0,0.3445709646973245
1.7.0,core/src/main/java/org/apache/calcite/sql/validate/AbstractNamespace.java,1,1,0.6809130726757621
1.7.0,core/src/main/java/org/apache/calcite/sql/validate/AliasNamespace.java,1,1,0.6371068096142274
1.7.0,core/src/main/java/org/apache/calcite/sql/validate/UnnestNamespace.java,1,1,0.5526219623753593
1.7.0,core/src/main/java/org/apache/calcite/rel/rules/MultiJoin.java,0,0,0.41538706201090125
1.7.0,core/src/main/java/org/apache/calcite/rel/rules/AggregateProjectMergeRule.java,0,1,0.6680293801304704
1.7.0,core/src/main/java/org/apache/calcite/rel/rules/ProjectFilterTransposeRule.java,0,1,0.6365942146144817
1.7.0,core/src/main/java/org/apache/calcite/materialize/CachingLatticeStatisticProvider.java,0,0,0.09084082514676002
1.7.0,core/src/main/java/org/apache/calcite/plan/hep/HepRelMetadataProvider.java,0,0,0.43218864669094254
1.7.0,core/src/main/java/org/apache/calcite/plan/volcano/VolcanoRelMetadataProvider.java,0,0,0.4844245589264675
1.7.0,core/src/main/java/org/apache/calcite/rel/metadata/CachingRelMetadataProvider.java,0,1,0.8013661555687888
1.7.0,core/src/main/java/org/apache/calcite/rel/metadata/ChainedRelMetadataProvider.java,0,1,0.5767255883273984
1.7.0,core/src/main/java/org/apache/calcite/rel/metadata/JaninoRelMetadataProvider.java,1,1,0.9999996743239156
1.7.0,core/src/main/java/org/apache/calcite/rel/metadata/MetadataFactoryImpl.java,0,0,0.4532999592500501
1.7.0,core/src/main/java/org/apache/calcite/rel/metadata/ReflectiveRelMetadataProvider.java,0,1,0.9065912383138287
1.7.0,core/src/main/java/org/apache/calcite/rel/metadata/RelMetadataProvider.java,0,0,0.48204033358077586
1.7.0,core/src/main/java/org/apache/calcite/rel/metadata/RelMetadataQuery.java,0,1,0.7492769773911548
1.7.0,core/src/main/java/org/apache/calcite/plan/RelOptTable.java,0,0,0.19226952272924666
1.7.0,core/src/main/java/org/apache/calcite/prepare/CalciteMaterializer.java,0,1,0.6685940768321392
1.7.0,core/src/main/java/org/apache/calcite/prepare/LixToRelTranslator.java,0,0,0.34744915980277524
1.7.0,core/src/main/java/org/apache/calcite/rel/RelCollationTraitDef.java,1,0,0.3886683966759062
1.7.0,core/src/main/java/org/apache/calcite/rel/RelInput.java,0,0,0.09439075825647461
1.7.0,core/src/main/java/org/apache/calcite/tools/RuleSets.java,0,0,0.25336966910926945
1.7.0,core/src/main/java/org/apache/calcite/adapter/enumerable/EnumerableProjectRule.java,0,0,0.12558705591964775
1.7.0,core/src/main/java/org/apache/calcite/rel/externalize/RelJsonReader.java,0,0,0.053860387034589965
1.7.0,core/src/main/java/org/apache/calcite/schema/impl/ViewTable.java,0,0,0.09725982250771818
1.7.0,core/src/main/java/org/apache/calcite/util/JsonBuilder.java,0,1,0.6271091583412144
1.7.0,core/src/main/java/org/apache/calcite/materialize/DelegatingLatticeStatisticProvider.java,0,0,0.33260959544633434
1.7.0,core/src/main/java/org/apache/calcite/materialize/Lattices.java,0,0,0.05481261856177375
1.7.0,core/src/main/java/org/apache/calcite/materialize/LatticeStatisticProvider.java,0,0,0.20644914444906565
1.7.0,core/src/main/java/org/apache/calcite/materialize/SqlLatticeStatisticProvider.java,0,0,0.09780371989383263
1.7.0,core/src/main/java/org/apache/calcite/sql/SqlAggFunction.java,0,0,0.45911226806569433
1.7.0,core/src/main/java/org/apache/calcite/sql/fun/SqlAvgAggFunction.java,0,0,0.4787990688065332
1.7.0,core/src/main/java/org/apache/calcite/sql/fun/SqlCovarAggFunction.java,0,1,0.5069383380880993
1.7.0,core/src/main/java/org/apache/calcite/sql/fun/SqlFirstLastValueAggFunction.java,0,0,0.4313993814094595
1.7.0,core/src/main/java/org/apache/calcite/sql/fun/SqlHistogramAggFunction.java,0,0,0.2528516386978687
1.7.0,core/src/main/java/org/apache/calcite/sql/fun/SqlLeadLagAggFunction.java,0,1,0.5112213326016065
1.7.0,core/src/main/java/org/apache/calcite/sql/fun/SqlMinMaxAggFunction.java,0,0,0.3572633270151454
1.7.0,core/src/main/java/org/apache/calcite/sql/fun/SqlNtileAggFunction.java,0,0,0.15458539716027062
1.7.0,core/src/main/java/org/apache/calcite/sql/fun/SqlSingleValueAggFunction.java,0,0,0.2479433492275201
1.7.0,core/src/main/java/org/apache/calcite/sql/fun/SqlSumAggFunction.java,0,1,0.5285171796953213
1.7.0,core/src/main/java/org/apache/calcite/tools/PigRelBuilder.java,0,1,0.7741398691494831
1.7.0,core/src/main/java/org/apache/calcite/config/CalciteConnectionConfig.java,0,0,0.4067943622939064
1.7.0,core/src/main/java/org/apache/calcite/config/CalciteConnectionConfigImpl.java,0,1,0.6810904360554855
1.7.0,core/src/main/java/org/apache/calcite/config/CalciteConnectionProperty.java,0,1,0.6724951389684264
1.7.0,core/src/main/java/org/apache/calcite/prepare/CalcitePrepareImpl.java,1,1,0.9939640310783366
1.7.0,core/src/main/java/org/apache/calcite/util/Util.java,0,1,0.9515306151848458
1.7.0,core/src/main/java/org/apache/calcite/rel/rules/AggregateReduceFunctionsRule.java,0,1,0.8779438109243536
1.7.0,core/src/main/java/org/apache/calcite/sql/fun/OracleSqlOperatorTable.java,0,0,0.25536514643002495
1.7.0,core/src/main/java/org/apache/calcite/sql/type/SqlTypeTransforms.java,0,0,0.41354603939065404
1.7.0,core/src/main/java/org/apache/calcite/sql/type/SqlTypeUtil.java,1,1,0.9125168567615309
1.7.0,core/src/main/java/org/apache/calcite/schema/StreamableTable.java,0,0,0.19990991248515486
1.7.0,linq4j/src/main/java/org/apache/calcite/linq4j/PackageMarker.java,0,0,0.19579363416289622
1.7.0,core/src/main/java/org/apache/calcite/rel/stream/Chi.java,0,0,0.0939838779408363
1.7.0,core/src/main/java/org/apache/calcite/rel/stream/Delta.java,0,0,0.19470756562220704
1.7.0,core/src/main/java/org/apache/calcite/rel/stream/LogicalChi.java,0,0,0.19990991248515486
1.7.0,core/src/main/java/org/apache/calcite/rel/stream/LogicalDelta.java,0,0,0.10176595146092499
1.7.0,core/src/main/java/org/apache/calcite/sql/advise/SqlAdvisorValidator.java,1,0,0.40966370512365424
1.7.0,core/src/main/java/org/apache/calcite/sql/fun/SqlCollectionTableOperator.java,0,0,0.186634244222954
1.7.0,core/src/main/java/org/apache/calcite/sql/type/CompositeSingleOperandTypeChecker.java,0,0,0.4676708570492361
1.7.0,core/src/main/java/org/apache/calcite/sql/validate/IdentifierNamespace.java,1,1,0.6568083012570325
1.7.0,core/src/main/java/org/apache/calcite/sql/validate/SetopNamespace.java,1,0,0.3874785844126297
1.7.0,core/src/main/java/org/apache/calcite/sql/validate/SqlModality.java,0,0,0.1310074034367251
1.7.0,core/src/main/java/org/apache/calcite/sql/validate/SqlValidatorNamespace.java,1,0,0.19226952272924666
1.7.0,core/src/main/java/org/apache/calcite/sql/validate/SqlValidatorTable.java,0,0,0.19226952272924666
1.7.0,core/src/main/java/org/apache/calcite/sql/validate/TableConstructorNamespace.java,1,1,0.5889555984495779
1.7.0,core/src/main/java/org/apache/calcite/sql/validate/TableNamespace.java,1,1,0.5500239766502443
1.7.0,linq4j/src/main/java/org/apache/calcite/linq4j/tree/Visitor.java,0,0,0.17225276842074125
1.7.0,core/src/main/java/org/apache/calcite/sql/fun/SqlCountAggFunction.java,0,0,0.48516844298448925
1.7.0,core/src/main/java/org/apache/calcite/sql/fun/SqlSumEmptyIsZeroAggFunction.java,1,0,0.4102022743667547
1.7.0,core/src/main/java/org/apache/calcite/sql/validate/SqlUserDefinedAggFunction.java,0,0,0.24727559352077427
1.7.0,core/src/main/java/org/apache/calcite/rel/rules/AggregateExpandDistinctAggregatesRule.java,1,1,0.7089710676797418
1.7.0,core/src/main/java/org/apache/calcite/rel/rules/AggregateUnionAggregateRule.java,0,1,0.5904320114446062
1.7.0,core/src/main/java/org/apache/calcite/util/Static.java,0,0,0.009562035222497624
1.7.0,core/src/main/java/org/apache/calcite/sql/validate/CatalogScope.java,0,1,0.63567146117469
1.7.0,core/src/main/java/org/apache/calcite/sql/validate/EmptyScope.java,0,0,0.008148859977065988
1.7.0,core/src/main/java/org/apache/calcite/sql/validate/ListScope.java,0,0,0.4571753289686708
1.7.0,core/src/main/java/org/apache/calcite/sql/validate/OrderByScope.java,0,1,0.5290701310114749
1.7.0,core/src/main/java/org/apache/calcite/sql/validate/ParameterScope.java,0,0,0.32473063351727965
1.7.0,core/src/main/java/org/apache/calcite/sql/validate/SchemaNamespace.java,1,0,0.19235075221910203
1.7.0,core/src/main/java/org/apache/calcite/sql/validate/SqlMoniker.java,0,0,0.3274873214955759
1.7.0,core/src/main/java/org/apache/calcite/sql/validate/SqlMonikerType.java,0,0,0.12558705591964775
1.7.0,core/src/main/java/org/apache/calcite/sql/validate/SqlValidatorCatalogReader.java,0,0,0.19226952272924666
1.7.0,core/src/main/java/org/apache/calcite/sql/validate/SqlValidatorScope.java,0,0,0.22526593053515062
1.7.0,core/src/main/java/org/apache/calcite/sql/validate/WithScope.java,1,1,0.524859524989846
1.7.0,core/src/main/java/org/apache/calcite/rel/rules/ProjectRemoveRule.java,0,0,0.41020174171767326
1.7.0,avatica/core/src/main/java/org/apache/calcite/avatica/util/TimeUnit.java,0,0,0.4408895769890656
1.7.0,avatica/core/src/main/java/org/apache/calcite/avatica/util/TimeUnitRange.java,0,0,0.13499823113131948
1.7.0,core/src/main/java/org/apache/calcite/rex/RexBuilder.java,1,1,0.6552378460248666
1.7.0,core/src/main/java/org/apache/calcite/util/Pair.java,0,0,4.161110796037131e-06
1.7.0,linq4j/src/main/java/org/apache/calcite/linq4j/GroupingImpl.java,0,0,0.24665284787462893
1.7.0,core/src/main/java/org/apache/calcite/rex/RexSlot.java,0,1,0.7721568436463326
1.7.0,core/src/main/java/org/apache/calcite/rel/rules/AggregateRemoveRule.java,0,1,0.821338927508181
1.7.0,core/src/main/java/org/apache/calcite/adapter/enumerable/EnumerableAggregateRule.java,0,0,0.40386931977045404
1.7.0,core/src/main/java/org/apache/calcite/sql/fun/SqlThrowOperator.java,0,0,0.1154593980725624
1.7.0,core/src/main/java/org/apache/calcite/sql/SqlCallBinding.java,1,1,0.8217125263607717
1.7.0,core/src/main/java/org/apache/calcite/plan/volcano/VolcanoRuleMatch.java,0,1,0.7361418590035126
1.7.0,core/src/main/java/org/apache/calcite/plan/RelOptLattice.java,0,0,0.4706142986356013
1.7.0,core/src/main/java/org/apache/calcite/plan/Strong.java,0,0,0.17094356266184035
1.7.0,core/src/main/java/org/apache/calcite/rel/rules/JoinAssociateRule.java,0,0,0.4252588707236469
1.7.0,core/src/main/java/org/apache/calcite/rel/rules/JoinToMultiJoinRule.java,0,0,0.1004361669828218
1.7.0,plus/src/main/java/org/apache/calcite/adapter/tpcds/TpcdsSchema.java,0,0,0.14839512228875107
1.7.0,avatica/core/src/main/java/com/google/protobuf/HBaseZeroCopyByteString.java,0,0,0.3503337151856365
1.7.0,avatica/core/src/main/java/org/apache/calcite/avatica/AvaticaClientRuntimeException.java,0,0,0.17393267670378557
1.7.0,avatica/core/src/main/java/org/apache/calcite/avatica/AvaticaConnection.java,0,0,0.49729503291155724
1.7.0,avatica/core/src/main/java/org/apache/calcite/avatica/AvaticaDatabaseMetaData.java,0,0,0.004243591362969983
1.7.0,avatica/core/src/main/java/org/apache/calcite/avatica/AvaticaFactory.java,0,1,0.5693510429755957
1.7.0,avatica/core/src/main/java/org/apache/calcite/avatica/AvaticaJdbc41Factory.java,0,1,0.5675939014648819
1.7.0,avatica/core/src/main/java/org/apache/calcite/avatica/AvaticaParameter.java,0,1,0.607355622789075
1.7.0,avatica/core/src/main/java/org/apache/calcite/avatica/AvaticaPreparedStatement.java,0,1,0.8707743140438888
1.7.0,avatica/core/src/main/java/org/apache/calcite/avatica/AvaticaResultSet.java,0,0,0.05937234819921552
1.7.0,avatica/core/src/main/java/org/apache/calcite/avatica/AvaticaResultSetMetaData.java,0,0,0.15957851200944964
1.7.0,avatica/core/src/main/java/org/apache/calcite/avatica/AvaticaSeverity.java,0,0,0.45937722288344124
1.7.0,avatica/core/src/main/java/org/apache/calcite/avatica/AvaticaSite.java,0,0,4.719024267626017e-19
1.7.0,avatica/core/src/main/java/org/apache/calcite/avatica/AvaticaSqlException.java,0,0,0.28653964009285243
1.7.0,avatica/core/src/main/java/org/apache/calcite/avatica/AvaticaStatement.java,0,1,0.5992288227365059
1.7.0,avatica/core/src/main/java/org/apache/calcite/avatica/AvaticaUtils.java,0,0,0.0003925162003393255
1.7.0,avatica/core/src/main/java/org/apache/calcite/avatica/BuiltInConnectionProperty.java,0,1,0.6431395400702585
1.7.0,avatica/core/src/main/java/org/apache/calcite/avatica/ColumnMetaData.java,0,0,0.3998148779198025
1.7.0,avatica/core/src/main/java/org/apache/calcite/avatica/ConnectionConfig.java,0,1,0.5124292165994596
1.7.0,avatica/core/src/main/java/org/apache/calcite/avatica/ConnectionConfigImpl.java,0,1,0.8103821139235832
1.7.0,avatica/core/src/main/java/org/apache/calcite/avatica/ConnectionPropertiesImpl.java,0,0,0.10303374353570001
1.7.0,avatica/core/src/main/java/org/apache/calcite/avatica/ConnectionProperty.java,0,0,0.18725695390476915
1.7.0,avatica/core/src/main/java/org/apache/calcite/avatica/ConnectStringParser.java,1,1,0.9982139328341404
1.7.0,avatica/core/src/main/java/org/apache/calcite/avatica/DriverVersion.java,0,0,4.4527370114246145e-05
1.7.0,avatica/core/src/main/java/org/apache/calcite/avatica/Handler.java,0,0,0.14477718753504057
1.7.0,avatica/core/src/main/java/org/apache/calcite/avatica/HandlerImpl.java,0,0,0.08474741185616005
1.7.0,avatica/core/src/main/java/org/apache/calcite/avatica/Helper.java,0,0,0.24112230447695282
1.7.0,avatica/core/src/main/java/org/apache/calcite/avatica/InternalProperty.java,0,0,0.013579936181520763
1.7.0,avatica/core/src/main/java/org/apache/calcite/avatica/Meta.java,1,1,0.7845627886628911
1.7.0,avatica/core/src/main/java/org/apache/calcite/avatica/MetaImpl.java,1,1,1.0
1.7.0,avatica/core/src/main/java/org/apache/calcite/avatica/MissingResultsException.java,0,0,0.3628988574664217
1.7.0,avatica/core/src/main/java/org/apache/calcite/avatica/NoSuchConnectionException.java,0,0,0.3578124448076172
1.7.0,avatica/core/src/main/java/org/apache/calcite/avatica/NoSuchStatementException.java,0,0,0.3593466194263703
1.7.0,avatica/core/src/main/java/org/apache/calcite/avatica/QueryState.java,0,1,0.9171207491046722
1.7.0,avatica/core/src/main/java/org/apache/calcite/avatica/SqlType.java,0,0,0.006776660680734025
1.7.0,avatica/core/src/main/java/org/apache/calcite/avatica/UnregisteredDriver.java,0,0,0.0011943702880098021
1.7.0,avatica/core/src/main/java/org/apache/calcite/avatica/proto/Common.java,0,0,4.0954127052932465e-20
1.7.0,avatica/core/src/main/java/org/apache/calcite/avatica/proto/Requests.java,0,0,4.20442961143364e-46
1.7.0,avatica/core/src/main/java/org/apache/calcite/avatica/proto/Responses.java,0,0,3.4740805167007145e-36
1.7.0,avatica/core/src/main/java/org/apache/calcite/avatica/remote/AbstractHandler.java,0,0,0.1304302403476398
1.7.0,avatica/core/src/main/java/org/apache/calcite/avatica/remote/AbstractService.java,0,1,0.9432120621862053
1.7.0,avatica/core/src/main/java/org/apache/calcite/avatica/remote/AvaticaCommonsHttpClientImpl.java,0,0,0.4196414178439655
1.7.0,avatica/core/src/main/java/org/apache/calcite/avatica/remote/AvaticaHttpClient.java,0,0,0.35476719759551517
1.7.0,avatica/core/src/main/java/org/apache/calcite/avatica/remote/AvaticaHttpClientFactory.java,0,0,0.3461604686467032
1.7.0,avatica/core/src/main/java/org/apache/calcite/avatica/remote/AvaticaHttpClientFactoryImpl.java,0,1,0.7510145790445195
1.7.0,avatica/core/src/main/java/org/apache/calcite/avatica/remote/AvaticaHttpClientImpl.java,0,1,0.7811014413845933
1.7.0,avatica/core/src/main/java/org/apache/calcite/avatica/remote/AvaticaRemoteConnectionConfigImpl.java,0,0,0.184112269285258
1.7.0,avatica/core/src/main/java/org/apache/calcite/avatica/remote/AvaticaRemoteConnectionProperty.java,0,0,0.07371219684101801
1.7.0,avatica/core/src/main/java/org/apache/calcite/avatica/remote/AvaticaRuntimeException.java,0,0,0.10896730274010201
1.7.0,avatica/core/src/main/java/org/apache/calcite/avatica/remote/Driver.java,0,1,0.8915260788109571
1.7.0,avatica/core/src/main/java/org/apache/calcite/avatica/remote/Handler.java,0,1,0.7398049444261785
1.7.0,avatica/core/src/main/java/org/apache/calcite/avatica/remote/JsonHandler.java,0,0,0.08163943948365643
1.7.0,avatica/core/src/main/java/org/apache/calcite/avatica/remote/JsonService.java,0,1,0.7417344598321742
1.7.0,avatica/core/src/main/java/org/apache/calcite/avatica/remote/LocalJsonService.java,0,0,0.08446924660929166
1.7.0,avatica/core/src/main/java/org/apache/calcite/avatica/remote/LocalProtobufService.java,0,0,0.11973670110288287
1.7.0,avatica/core/src/main/java/org/apache/calcite/avatica/remote/LocalService.java,0,0,0.001839237174205964
1.7.0,avatica/core/src/main/java/org/apache/calcite/avatica/remote/MetaDataOperation.java,0,1,0.820219250890946
1.7.0,avatica/core/src/main/java/org/apache/calcite/avatica/remote/MetricsHelper.java,0,0,0.206469655658093
1.7.0,avatica/core/src/main/java/org/apache/calcite/avatica/remote/MockJsonService.java,0,0,0.33774134187532184
1.7.0,avatica/core/src/main/java/org/apache/calcite/avatica/remote/MockProtobufService.java,1,1,0.5202450827721287
1.7.0,avatica/core/src/main/java/org/apache/calcite/avatica/remote/ProtobufHandler.java,0,0,0.007017078603766836
1.7.0,avatica/core/src/main/java/org/apache/calcite/avatica/remote/ProtobufService.java,0,1,0.94680925594251
1.7.0,avatica/core/src/main/java/org/apache/calcite/avatica/remote/ProtobufTranslation.java,0,0,0.38515844137874794
1.7.0,avatica/core/src/main/java/org/apache/calcite/avatica/remote/ProtobufTranslationImpl.java,0,1,0.9821600817715805
1.7.0,avatica/core/src/main/java/org/apache/calcite/avatica/remote/RemoteMeta.java,0,0,0.017602158799921122
1.7.0,avatica/core/src/main/java/org/apache/calcite/avatica/remote/RemoteProtobufService.java,0,0,0.13398082362762642
1.7.0,avatica/core/src/main/java/org/apache/calcite/avatica/remote/RemoteService.java,0,0,0.23747095892014825
1.7.0,avatica/core/src/main/java/org/apache/calcite/avatica/remote/RequestTranslator.java,0,0,0.2661206927648872
1.7.0,avatica/core/src/main/java/org/apache/calcite/avatica/remote/ResponseTranslator.java,0,0,0.13302499026306983
1.7.0,avatica/core/src/main/java/org/apache/calcite/avatica/remote/Service.java,0,0,0.016339665978400194
1.7.0,avatica/core/src/main/java/org/apache/calcite/avatica/remote/TypedValue.java,1,0,0.001407833795282223
1.7.0,avatica/core/src/main/java/org/apache/calcite/avatica/util/AbstractCursor.java,1,1,0.866164941184654
1.7.0,avatica/core/src/main/java/org/apache/calcite/avatica/util/ArrayImpl.java,0,0,0.3097346731116217
1.7.0,avatica/core/src/main/java/org/apache/calcite/avatica/util/ArrayIteratorCursor.java,0,0,0.184112269285258
1.7.0,avatica/core/src/main/java/org/apache/calcite/avatica/util/Base64.java,0,0,2.944468438223183e-08
1.7.0,avatica/core/src/main/java/org/apache/calcite/avatica/util/ByteString.java,0,0,0.4535010252542272
1.7.0,avatica/core/src/main/java/org/apache/calcite/avatica/util/Casing.java,0,0,0.16460310627702762
1.7.0,avatica/core/src/main/java/org/apache/calcite/avatica/util/Cursor.java,0,1,0.8643924196355197
1.7.0,avatica/core/src/main/java/org/apache/calcite/avatica/util/DateTimeUtils.java,0,0,3.1825344278559397e-07
1.7.0,avatica/core/src/main/java/org/apache/calcite/avatica/util/IteratorCursor.java,0,0,0.005392016397866193
1.7.0,avatica/core/src/main/java/org/apache/calcite/avatica/util/ListIteratorCursor.java,0,0,0.184112269285258
1.7.0,avatica/core/src/main/java/org/apache/calcite/avatica/util/MapIteratorCursor.java,0,0,0.184112269285258
1.7.0,avatica/core/src/main/java/org/apache/calcite/avatica/util/PackageMarker.java,0,0,0.18597175834571855
1.7.0,avatica/core/src/main/java/org/apache/calcite/avatica/util/PositionedCursor.java,0,0,0.16473524926547423
1.7.0,avatica/core/src/main/java/org/apache/calcite/avatica/util/Quoting.java,0,0,0.16460310627702762
1.7.0,avatica/core/src/main/java/org/apache/calcite/avatica/util/RecordIteratorCursor.java,0,0,0.184112269285258
1.7.0,avatica/core/src/main/java/org/apache/calcite/avatica/util/Spacer.java,0,0,0.18258429527178935
1.7.0,avatica/core/src/main/java/org/apache/calcite/avatica/util/Spaces.java,0,0,0.009119382129116883
1.7.0,avatica/core/src/main/java/org/apache/calcite/avatica/util/StructImpl.java,0,0,0.23157705291772743
1.7.0,avatica/core/src/main/java/org/apache/calcite/avatica/util/UnsynchronizedBuffer.java,0,1,0.8119692941351105
1.7.0,avatica/server/src/main/java/org/apache/calcite/avatica/jdbc/JdbcMeta.java,1,0,1.2824543309509444e-21
1.7.0,avatica/server/src/main/java/org/apache/calcite/avatica/jdbc/JdbcResultSet.java,0,0,0.3035752179092265
1.7.0,avatica/server/src/main/java/org/apache/calcite/avatica/jdbc/StatementInfo.java,1,1,0.653282481896974
1.7.0,avatica/server/src/main/java/org/apache/calcite/avatica/server/AvaticaHandler.java,0,0,0.3575003514800208
1.7.0,avatica/server/src/main/java/org/apache/calcite/avatica/server/AvaticaJsonHandler.java,0,1,0.989850463951555
1.7.0,avatica/server/src/main/java/org/apache/calcite/avatica/server/AvaticaProtobufHandler.java,0,1,0.9896321053101549
1.7.0,avatica/server/src/main/java/org/apache/calcite/avatica/server/DelegatingAvaticaHandler.java,0,1,0.6381219305930163
1.7.0,avatica/server/src/main/java/org/apache/calcite/avatica/server/HandlerFactory.java,0,0,0.042834632293637626
1.7.0,avatica/server/src/main/java/org/apache/calcite/avatica/server/HttpServer.java,0,1,0.9894646035196364
1.7.0,avatica/server/src/main/java/org/apache/calcite/avatica/server/Main.java,0,0,0.2541395492260213
1.7.0,avatica/server/src/main/java/org/apache/calcite/avatica/server/MetricsAwareAvaticaHandler.java,0,0,0.38726925555671504
1.7.0,avatica/metrics/src/main/java/org/apache/calcite/avatica/metrics/Counter.java,0,0,0.3929217875284779
1.7.0,avatica/metrics/src/main/java/org/apache/calcite/avatica/metrics/Gauge.java,0,0,0.3763617832381109
1.7.0,avatica/metrics/src/main/java/org/apache/calcite/avatica/metrics/Histogram.java,0,0,0.3847624574730356
1.7.0,avatica/metrics/src/main/java/org/apache/calcite/avatica/metrics/Meter.java,0,0,0.3829146012620069
1.7.0,avatica/metrics/src/main/java/org/apache/calcite/avatica/metrics/Metric.java,0,0,0.3716766834087979
1.7.0,avatica/metrics/src/main/java/org/apache/calcite/avatica/metrics/MetricsSystem.java,0,0,0.4369252455085516
1.7.0,avatica/metrics/src/main/java/org/apache/calcite/avatica/metrics/MetricsSystemConfiguration.java,0,0,0.3785786590747853
1.7.0,avatica/metrics/src/main/java/org/apache/calcite/avatica/metrics/MetricsSystemFactory.java,0,0,0.37766004837206524
1.7.0,avatica/metrics/src/main/java/org/apache/calcite/avatica/metrics/MetricsSystemLoader.java,0,0,0.07703386555708171
1.7.0,avatica/metrics/src/main/java/org/apache/calcite/avatica/metrics/PackageMarker.java,0,0,0.38307167549393023
1.7.0,avatica/metrics/src/main/java/org/apache/calcite/avatica/metrics/Timer.java,0,0,0.38226176274248624
1.7.0,avatica/metrics/src/main/java/org/apache/calcite/avatica/metrics/noop/NoopCounter.java,0,0,0.0015706271015794677
1.7.0,avatica/metrics/src/main/java/org/apache/calcite/avatica/metrics/noop/NoopHistogram.java,0,0,0.022730412728312638
1.7.0,avatica/metrics/src/main/java/org/apache/calcite/avatica/metrics/noop/NoopMeter.java,0,0,0.022730412728312638
1.7.0,avatica/metrics/src/main/java/org/apache/calcite/avatica/metrics/noop/NoopMetricsSystem.java,0,0,0.0756797625907044
1.7.0,avatica/metrics/src/main/java/org/apache/calcite/avatica/metrics/noop/NoopMetricsSystemConfiguration.java,0,0,0.19660852034848095
1.7.0,avatica/metrics/src/main/java/org/apache/calcite/avatica/metrics/noop/NoopMetricsSystemFactory.java,0,0,0.2705462747451431
1.7.0,avatica/metrics/src/main/java/org/apache/calcite/avatica/metrics/noop/NoopTimer.java,0,0,0.031498945175021914
1.7.0,avatica/metrics-dropwizardmetrics3/src/main/java/org/apache/calcite/avatica/metrics/dropwizard3/DropwizardCounter.java,0,0,0.27992340221862255
1.7.0,avatica/metrics-dropwizardmetrics3/src/main/java/org/apache/calcite/avatica/metrics/dropwizard3/DropwizardGauge.java,0,0,0.27341408161614256
1.7.0,avatica/metrics-dropwizardmetrics3/src/main/java/org/apache/calcite/avatica/metrics/dropwizard3/DropwizardHistogram.java,0,0,0.2742860039597469
1.7.0,avatica/metrics-dropwizardmetrics3/src/main/java/org/apache/calcite/avatica/metrics/dropwizard3/DropwizardMeter.java,0,0,0.2742860039597469
1.7.0,avatica/metrics-dropwizardmetrics3/src/main/java/org/apache/calcite/avatica/metrics/dropwizard3/DropwizardMetricsSystem.java,0,0,0.2868091094208864
1.7.0,avatica/metrics-dropwizardmetrics3/src/main/java/org/apache/calcite/avatica/metrics/dropwizard3/DropwizardMetricsSystemConfiguration.java,0,0,0.273963469394274
1.7.0,avatica/metrics-dropwizardmetrics3/src/main/java/org/apache/calcite/avatica/metrics/dropwizard3/DropwizardMetricsSystemFactory.java,0,1,0.7629644300764123
1.7.0,avatica/metrics-dropwizardmetrics3/src/main/java/org/apache/calcite/avatica/metrics/dropwizard3/DropwizardTimer.java,0,1,0.7487219267855876
1.7.0,avatica/noop-driver/src/main/java/org/apache/calcite/avatica/noop/AvaticaNoopConnection.java,0,0,6.502753156934685e-08
1.7.0,avatica/noop-driver/src/main/java/org/apache/calcite/avatica/noop/AvaticaNoopDatabaseMetaData.java,0,1,0.8870872962882298
1.7.0,avatica/noop-driver/src/main/java/org/apache/calcite/avatica/noop/AvaticaNoopDriver.java,0,0,0.4074875065269614
1.7.0,avatica/noop-driver/src/main/java/org/apache/calcite/avatica/noop/AvaticaNoopParameterMetaData.java,0,0,0.3254003398527019
1.7.0,avatica/noop-driver/src/main/java/org/apache/calcite/avatica/noop/AvaticaNoopPreparedStatement.java,0,0,3.574651644595745e-37
1.7.0,avatica/noop-driver/src/main/java/org/apache/calcite/avatica/noop/AvaticaNoopResultSet.java,0,0,4.772407696972052e-56
1.7.0,avatica/noop-driver/src/main/java/org/apache/calcite/avatica/noop/AvaticaNoopResultSetMetaData.java,0,0,0.36247333737623527
1.7.0,avatica/noop-driver/src/main/java/org/apache/calcite/avatica/noop/AvaticaNoopStatement.java,0,0,5.2047740387244975e-08
1.7.0,avatica/noop-driver/src/main/java/org/apache/calcite/avatica/noop/PackageMarker.java,0,0,0.36724711027799617
1.7.0,core/src/main/java/org/apache/calcite/sql/type/ReturnTypes.java,0,0,1.6629015368990368e-06
1.7.0,core/src/main/java/org/apache/calcite/sql/type/SqlTypeName.java,0,0,0.001091116534297982
1.7.0,core/src/main/java/org/apache/calcite/DataContext.java,0,0,0.301120587044025
1.7.0,core/src/main/java/org/apache/calcite/jdbc/CalciteConnection.java,0,0,0.13860329089456253
1.7.0,core/src/main/java/org/apache/calcite/jdbc/CalciteFactory.java,0,0,0.26209085638004326
1.7.0,core/src/main/java/org/apache/calcite/materialize/MaterializationKey.java,0,0,0.07640704472278276
1.7.0,core/src/main/java/org/apache/calcite/plan/Context.java,0,0,0.19226952272924666
1.7.0,core/src/main/java/org/apache/calcite/plan/Convention.java,0,0,0.11148816428999325
1.7.0,core/src/main/java/org/apache/calcite/plan/MulticastRelOptListener.java,0,0,0.19226952272924666
1.7.0,core/src/main/java/org/apache/calcite/plan/RelOptListener.java,0,0,0.19226952272924666
1.7.0,core/src/main/java/org/apache/calcite/plan/RelOptSchema.java,0,0,0.07544112799049033
1.7.0,core/src/main/java/org/apache/calcite/plan/RelTraitPropagationVisitor.java,0,0,0.46149100790486747
1.7.0,core/src/main/java/org/apache/calcite/plan/TableAccessMap.java,0,0,0.19226952272924666
1.7.0,core/src/main/java/org/apache/calcite/prepare/CalciteSqlValidator.java,0,0,0.111012112681325
1.7.0,core/src/main/java/org/apache/calcite/rel/RelWriter.java,0,0,0.19226952272924666
1.7.0,core/src/main/java/org/apache/calcite/rex/RexExecutable.java,0,0,0.4764610012185562
1.7.0,core/src/main/java/org/apache/calcite/rex/RexPermutationShuttle.java,0,0,0.19226952272924666
1.7.0,core/src/main/java/org/apache/calcite/rex/RexPermuteInputsShuttle.java,0,0,0.17013809555053436
1.7.0,core/src/main/java/org/apache/calcite/rex/RexSqlConvertlet.java,0,0,0.19226952272924666
1.7.0,core/src/main/java/org/apache/calcite/rex/RexSqlReflectiveConvertletTable.java,0,0,0.12980077482034783
1.7.0,core/src/main/java/org/apache/calcite/rex/RexSqlStandardConvertletTable.java,0,0,0.19226952272924666
1.7.0,core/src/main/java/org/apache/calcite/rex/RexToSqlNodeConverter.java,0,0,0.19226952272924666
1.7.0,core/src/main/java/org/apache/calcite/rex/RexToSqlNodeConverterImpl.java,0,0,0.19226952272924666
1.7.0,core/src/main/java/org/apache/calcite/rex/RexTransformer.java,0,1,0.5451891533401063
1.7.0,core/src/main/java/org/apache/calcite/rex/RexVariable.java,0,1,0.5470916980756462
1.7.0,core/src/main/java/org/apache/calcite/rex/RexWindow.java,0,1,0.6295967617136475
1.7.0,core/src/main/java/org/apache/calcite/rex/RexWindowBound.java,0,1,0.6076409037779141
1.7.0,core/src/main/java/org/apache/calcite/runtime/BinarySearch.java,0,0,0.4719493067706086
1.7.0,core/src/main/java/org/apache/calcite/runtime/Bindable.java,0,0,0.14121268576497842
1.7.0,core/src/main/java/org/apache/calcite/runtime/CalciteContextException.java,0,0,0.31201152911241703
1.7.0,core/src/main/java/org/apache/calcite/runtime/Feature.java,0,0,0.12558705591964775
1.7.0,core/src/main/java/org/apache/calcite/runtime/SortedMultiMap.java,0,0,0.0015135454446333426
1.7.0,core/src/main/java/org/apache/calcite/schema/AggregateFunction.java,0,0,0.17809620853369623
1.7.0,core/src/main/java/org/apache/calcite/schema/FilterableTable.java,0,0,0.19088661023438586
1.7.0,core/src/main/java/org/apache/calcite/schema/ImplementableAggFunction.java,0,0,0.1826852033520368
1.7.0,core/src/main/java/org/apache/calcite/schema/ImplementableFunction.java,0,0,0.1799083349703616
1.7.0,core/src/main/java/org/apache/calcite/schema/Member.java,0,0,0.13860329089456253
1.7.0,core/src/main/java/org/apache/calcite/schema/ProjectableFilterableTable.java,0,0,0.22371142033991862
1.7.0,core/src/main/java/org/apache/calcite/schema/QueryableTable.java,0,0,0.17250274671874477
1.7.0,core/src/main/java/org/apache/calcite/schema/ScalarFunction.java,0,0,0.17329321564274275
1.7.0,core/src/main/java/org/apache/calcite/schema/ScannableTable.java,0,0,0.19088661023438586
1.7.0,core/src/main/java/org/apache/calcite/schema/Table.java,0,0,0.14250672617843457
1.7.0,core/src/main/java/org/apache/calcite/schema/TableFactory.java,0,0,0.15465748709662777
1.7.0,core/src/main/java/org/apache/calcite/schema/TableFunction.java,0,0,0.1799083349703616
1.7.0,core/src/main/java/org/apache/calcite/schema/TranslatableTable.java,0,0,0.14328788673695214
1.7.0,core/src/main/java/org/apache/calcite/sql/ExplicitOperatorBinding.java,0,0,0.1734775407268242
1.7.0,core/src/main/java/org/apache/calcite/sql/SqlAbstractDateTimeLiteral.java,0,0,0.2580138831292313
1.7.0,core/src/main/java/org/apache/calcite/sql/SqlAbstractStringLiteral.java,0,0,0.12558705591964775
1.7.0,core/src/main/java/org/apache/calcite/sql/SqlAccessType.java,0,0,0.30083204691539367
1.7.0,core/src/main/java/org/apache/calcite/sql/SqlBasicCall.java,0,0,0.42221297203892516
1.7.0,core/src/main/java/org/apache/calcite/sql/SqlBinaryStringLiteral.java,0,0,0.4093623639341582
1.7.0,core/src/main/java/org/apache/calcite/sql/SqlCharStringLiteral.java,0,0,0.48145214208017933
1.7.0,core/src/main/java/org/apache/calcite/sql/SqlCollation.java,0,0,8.785659983682974e-05
1.7.0,core/src/main/java/org/apache/calcite/sql/SqlFunctionalOperator.java,0,0,0.12558705591964775
1.7.0,core/src/main/java/org/apache/calcite/sql/SqlFunctionCategory.java,0,0,0.12558705591964775
1.7.0,core/src/main/java/org/apache/calcite/sql/SqlNumericLiteral.java,0,0,0.030389491122131906
1.7.0,core/src/main/java/org/apache/calcite/sql/SqlOperatorTable.java,0,0,0.19226952272924666
1.7.0,core/src/main/java/org/apache/calcite/sql/SqlOrderBy.java,0,1,0.6523282747713652
1.7.0,core/src/main/java/org/apache/calcite/sql/SqlProcedureCallOperator.java,0,0,0.14597916534542424
1.7.0,core/src/main/java/org/apache/calcite/sql/SqlSampleSpec.java,0,0,4.248755797216828e-07
1.7.0,core/src/main/java/org/apache/calcite/sql/SqlSetOperator.java,1,0,0.19977784453159964
1.7.0,core/src/main/java/org/apache/calcite/sql/SqlStateCodes.java,0,0,0.03015535538449683
1.7.0,core/src/main/java/org/apache/calcite/sql/SqlSyntax.java,0,0,0.37854445062443715
1.7.0,core/src/main/java/org/apache/calcite/sql2rel/DefaultValueFactory.java,0,0,0.19226952272924666
1.7.0,core/src/main/java/org/apache/calcite/sql2rel/ReflectiveConvertletTable.java,0,0,0.05622119736733521
1.7.0,core/src/main/java/org/apache/calcite/sql2rel/SqlNodeToRexConverter.java,0,0,0.19226952272924666
1.7.0,core/src/main/java/org/apache/calcite/sql2rel/SqlRexContext.java,0,0,0.19226952272924666
1.7.0,core/src/main/java/org/apache/calcite/sql2rel/SqlRexConvertlet.java,0,0,0.19226952272924666
1.7.0,core/src/main/java/org/apache/calcite/sql2rel/SqlRexConvertletTable.java,0,0,0.19226952272924666
1.7.0,core/src/main/java/org/apache/calcite/sql2rel/SubqueryConverter.java,0,0,0.19226952272924666
1.7.0,core/src/main/java/org/apache/calcite/tools/Program.java,0,0,0.19226952272924666
1.7.0,core/src/main/java/org/apache/calcite/tools/RuleSet.java,0,0,0.17147336653017017
1.7.0,core/src/main/java/org/apache/calcite/util/BarfingInvocationHandler.java,0,0,0.1322816334768787
1.7.0,core/src/main/java/org/apache/calcite/util/BasicDatetime.java,0,0,0.19226952272924666
1.7.0,core/src/main/java/org/apache/calcite/util/BitString.java,0,1,0.6184590537138502
1.7.0,core/src/main/java/org/apache/calcite/util/CalciteParserException.java,0,0,0.19226952272924666
1.7.0,core/src/main/java/org/apache/calcite/util/CalciteValidatorException.java,0,0,0.19226952272924666
1.7.0,core/src/main/java/org/apache/calcite/util/CastingList.java,0,0,0.16561679659003684
1.7.0,core/src/main/java/org/apache/calcite/util/CompatibleGuava11.java,0,0,0.15672423414685616
1.7.0,core/src/main/java/org/apache/calcite/util/CompositeList.java,0,0,0.10926144634212201
1.7.0,core/src/main/java/org/apache/calcite/util/CompositeMap.java,0,0,0.4539675983024733
1.7.0,core/src/main/java/org/apache/calcite/util/CompoundClosableAllocation.java,0,0,0.19226952272924666
1.7.0,core/src/main/java/org/apache/calcite/util/ConversionUtil.java,0,0,1.2900323822415627e-05
1.7.0,core/src/main/java/org/apache/calcite/util/DelegatingInvocationHandler.java,0,0,0.22526593053515062
1.7.0,core/src/main/java/org/apache/calcite/util/Filterator.java,0,1,0.66094634813908
1.7.0,core/src/main/java/org/apache/calcite/util/IntegerIntervalSet.java,0,0,0.3172696144230408
1.7.0,core/src/main/java/org/apache/calcite/util/IntList.java,0,0,0.017761931017895572
1.7.0,core/src/main/java/org/apache/calcite/util/Permutation.java,0,0,0.002473117249042595
1.7.0,core/src/main/java/org/apache/calcite/util/ReflectiveVisitDispatcher.java,0,0,0.19226952272924666
1.7.0,core/src/main/java/org/apache/calcite/util/SaffronProperties.java,0,0,3.058599335352869e-06
1.7.0,core/src/main/java/org/apache/calcite/util/SerializableCharset.java,0,0,0.06102979288955893
1.7.0,core/src/main/java/org/apache/calcite/util/Template.java,0,0,0.0018997203563676614
1.7.0,core/src/main/java/org/apache/calcite/util/UnmodifiableArrayList.java,0,0,0.04696554382435714
1.7.0,core/src/main/java/org/apache/calcite/adapter/enumerable/AggResetContext.java,0,0,0.1826852033520368
1.7.0,core/src/main/java/org/apache/calcite/adapter/enumerable/AggResultContext.java,0,0,0.1826852033520368
1.7.0,core/src/main/java/org/apache/calcite/adapter/enumerable/EnumerableCollect.java,0,0,0.21680926318418264
1.7.0,core/src/main/java/org/apache/calcite/adapter/enumerable/EnumerableCollectRule.java,0,0,0.12558705591964775
1.7.0,core/src/main/java/org/apache/calcite/adapter/enumerable/EnumerableIntersect.java,1,0,0.24677041815588033
1.7.0,core/src/main/java/org/apache/calcite/adapter/enumerable/EnumerableIntersectRule.java,0,0,0.35074979800841977
1.7.0,core/src/main/java/org/apache/calcite/adapter/enumerable/EnumerableLimitRule.java,0,1,0.5500239766502443
1.7.0,core/src/main/java/org/apache/calcite/adapter/enumerable/EnumerableMinus.java,1,0,0.23421854146456966
1.7.0,core/src/main/java/org/apache/calcite/adapter/enumerable/EnumerableMinusRule.java,0,0,0.13449874771734943
1.7.0,core/src/main/java/org/apache/calcite/adapter/enumerable/EnumerableTableFunctionScanRule.java,0,0,0.12558705591964775
1.7.0,core/src/main/java/org/apache/calcite/adapter/enumerable/EnumerableTableModify.java,1,1,0.5724580098183798
1.7.0,core/src/main/java/org/apache/calcite/adapter/enumerable/EnumerableTableModifyRule.java,0,0,0.38682581305945996
1.7.0,core/src/main/java/org/apache/calcite/adapter/enumerable/EnumerableUnion.java,1,1,0.6109852708164102
1.7.0,core/src/main/java/org/apache/calcite/adapter/enumerable/EnumerableUnionRule.java,0,0,0.12558705591964775
1.7.0,core/src/main/java/org/apache/calcite/adapter/enumerable/EnumerableWindowRule.java,0,0,0.12558705591964775
1.7.0,core/src/main/java/org/apache/calcite/adapter/enumerable/NestedBlockBuilder.java,0,0,0.1826852033520368
1.7.0,core/src/main/java/org/apache/calcite/adapter/enumerable/NestedBlockBuilderImpl.java,0,0,0.4853344695563507
1.7.0,core/src/main/java/org/apache/calcite/adapter/enumerable/NotNullImplementor.java,0,0,0.1799083349703616
1.7.0,core/src/main/java/org/apache/calcite/adapter/enumerable/NullPolicy.java,0,0,0.11689253225726748
1.7.0,core/src/main/java/org/apache/calcite/adapter/enumerable/StrictWinAggImplementor.java,0,0,0.014862860471953385
1.7.0,core/src/main/java/org/apache/calcite/adapter/enumerable/WinAggAddContext.java,0,0,0.1826852033520368
1.7.0,core/src/main/java/org/apache/calcite/adapter/enumerable/WinAggFrameContext.java,0,0,0.18306643464684658
1.7.0,core/src/main/java/org/apache/calcite/adapter/enumerable/WinAggFrameResultContext.java,0,0,0.18306643464684658
1.7.0,core/src/main/java/org/apache/calcite/adapter/enumerable/WinAggResetContext.java,0,0,0.1826852033520368
1.7.0,core/src/main/java/org/apache/calcite/adapter/enumerable/WinAggResultContext.java,0,0,0.1826852033520368
1.7.0,core/src/main/java/org/apache/calcite/adapter/java/AbstractQueryableTable.java,0,0,0.10491210031938338
1.7.0,core/src/main/java/org/apache/calcite/adapter/java/JavaTypeFactory.java,0,0,0.13870485337279076
1.7.0,core/src/main/java/org/apache/calcite/adapter/jdbc/JdbcQueryProvider.java,0,0,0.14178084976536368
1.7.0,core/src/main/java/org/apache/calcite/adapter/jdbc/JdbcRel.java,0,0,0.15961286243797684
1.7.0,core/src/main/java/org/apache/calcite/adapter/jdbc/JdbcTableScan.java,1,0,0.3295904191094886
1.7.0,core/src/main/java/org/apache/calcite/adapter/jdbc/JdbcToEnumerableConverterRule.java,0,0,0.10281464676994508
1.7.0,core/src/main/java/org/apache/calcite/plan/hep/HepInstruction.java,0,1,0.8493001741570125
1.7.0,core/src/main/java/org/apache/calcite/plan/hep/HepProgram.java,0,1,0.6637094251678255
1.7.0,core/src/main/java/org/apache/calcite/plan/hep/HepProgramBuilder.java,0,0,0.004278301026893695
1.7.0,core/src/main/java/org/apache/calcite/plan/hep/HepRuleCall.java,0,0,0.04458237977891349
1.7.0,core/src/main/java/org/apache/calcite/plan/volcano/ChainedPhaseRuleMappingInitializer.java,0,0,0.19226952272924666
1.7.0,core/src/main/java/org/apache/calcite/plan/volcano/VolcanoPlannerPhaseRuleMappingInitializer.java,0,0,0.19226952272924666
1.7.0,core/src/main/java/org/apache/calcite/rel/convert/Converter.java,0,0,0.19226952272924666
1.7.0,core/src/main/java/org/apache/calcite/rel/convert/NoneConverter.java,0,0,0.19226952272924666
1.7.0,core/src/main/java/org/apache/calcite/rel/convert/TraitMatchingRule.java,0,0,0.19226952272924666
1.7.0,core/src/main/java/org/apache/calcite/rel/core/Collect.java,0,0,0.38594650123601787
1.7.0,core/src/main/java/org/apache/calcite/rel/core/Sample.java,0,0,0.16016374411861464
1.7.0,core/src/main/java/org/apache/calcite/rel/externalize/RelJsonWriter.java,0,0,0.4614004573780069
1.7.0,core/src/main/java/org/apache/calcite/rel/metadata/Metadata.java,0,0,0.22567737307388927
1.7.0,core/src/main/java/org/apache/calcite/rel/metadata/RelColumnOrigin.java,0,0,0.3407659342793894
1.7.0,core/src/main/java/org/apache/calcite/rel/rules/CoerceInputsRule.java,0,1,0.5737455217961388
1.7.0,core/src/main/java/org/apache/calcite/rel/rules/FilterMultiJoinMergeRule.java,0,0,0.1437155723031661
1.7.0,core/src/main/java/org/apache/calcite/rel/rules/FilterRemoveIsNotDistinctFromRule.java,0,0,0.1890680976364876
1.7.0,core/src/main/java/org/apache/calcite/rel/rules/JoinExtractFilterRule.java,0,0,0.44363559055870255
1.7.0,core/src/main/java/org/apache/calcite/rel/rules/MultiJoinProjectTransposeRule.java,0,0,0.19226952272924666
1.7.0,core/src/main/java/org/apache/calcite/rel/rules/ProjectSetOpTransposeRule.java,0,0,0.22311241938156362
1.7.0,core/src/main/java/org/apache/calcite/rel/rules/SemiJoinRemoveRule.java,0,0,0.09195540926775499
1.7.0,core/src/main/java/org/apache/calcite/rel/rules/SortRemoveRule.java,0,0,0.43307766006440657
1.7.0,core/src/main/java/org/apache/calcite/rel/rules/TableScanRule.java,0,0,0.0009815668516736512
1.7.0,core/src/main/java/org/apache/calcite/rel/type/RelDataTypeComparability.java,0,0,0.12558705591964775
1.7.0,core/src/main/java/org/apache/calcite/rel/type/RelDataTypeFieldImpl.java,0,0,0.2366732694467625
1.7.0,core/src/main/java/org/apache/calcite/rel/type/RelProtoDataType.java,0,0,0.19226952272924666
1.7.0,core/src/main/java/org/apache/calcite/rel/type/RelRecordType.java,0,0,0.014468614941675577
1.7.0,core/src/main/java/org/apache/calcite/schema/impl/AbstractTable.java,0,0,0.014282233243572806
1.7.0,core/src/main/java/org/apache/calcite/schema/impl/AbstractTableQueryable.java,0,0,0.22938619041878705
1.7.0,core/src/main/java/org/apache/calcite/schema/impl/DelegatingSchema.java,0,0,0.14178084976536368
1.7.0,core/src/main/java/org/apache/calcite/schema/impl/ScalarFunctionImpl.java,0,1,0.5387772784394053
1.7.0,core/src/main/java/org/apache/calcite/schema/impl/TableMacroImpl.java,0,0,0.2717228943588282
1.7.0,core/src/main/java/org/apache/calcite/sql/advise/SqlAdvisorHint.java,0,1,0.6655766356373253
1.7.0,core/src/main/java/org/apache/calcite/sql/advise/SqlSimpleParser.java,0,0,9.686393087815553e-06
1.7.0,core/src/main/java/org/apache/calcite/sql/fun/SqlArrayQueryConstructor.java,0,0,0.1561008939080823
1.7.0,core/src/main/java/org/apache/calcite/sql/fun/SqlArrayValueConstructor.java,0,0,0.4436426856727052
1.7.0,core/src/main/java/org/apache/calcite/sql/fun/SqlCase.java,0,0,0.43897740144004654
1.7.0,core/src/main/java/org/apache/calcite/sql/fun/SqlCaseOperator.java,0,0,0.2757572844958469
1.7.0,core/src/main/java/org/apache/calcite/sql/fun/SqlCoalesceFunction.java,0,1,0.5057182124276737
1.7.0,core/src/main/java/org/apache/calcite/sql/fun/SqlColumnListConstructor.java,0,0,0.12646907182477163
1.7.0,core/src/main/java/org/apache/calcite/sql/fun/SqlConvertFunction.java,0,0,0.33535137717374186
1.7.0,core/src/main/java/org/apache/calcite/sql/fun/SqlCursorConstructor.java,0,0,0.3869019596798871
1.7.0,core/src/main/java/org/apache/calcite/sql/fun/SqlMapQueryConstructor.java,0,0,0.12558705591964775
1.7.0,core/src/main/java/org/apache/calcite/sql/fun/SqlMultisetSetOperator.java,0,0,0.35532665225277776
1.7.0,core/src/main/java/org/apache/calcite/sql/fun/SqlNewOperator.java,0,0,0.12889315362810258
1.7.0,core/src/main/java/org/apache/calcite/sql/fun/SqlNullifFunction.java,0,0,0.41343875431398963
1.7.0,core/src/main/java/org/apache/calcite/sql/fun/SqlOverlayFunction.java,0,1,0.7220571005735887
1.7.0,core/src/main/java/org/apache/calcite/sql/fun/SqlPositionFunction.java,0,1,0.507011767668911
1.7.0,core/src/main/java/org/apache/calcite/sql/fun/SqlRowOperator.java,0,0,0.12876083643150288
1.7.0,core/src/main/java/org/apache/calcite/sql/parser/SqlParseException.java,0,0,0.2809310297578668
1.7.0,core/src/main/java/org/apache/calcite/sql/parser/SqlParserImplFactory.java,0,0,0.19226952272924666
1.7.0,core/src/main/java/org/apache/calcite/sql/type/AbstractSqlType.java,0,0,0.37717775873347453
1.7.0,core/src/main/java/org/apache/calcite/sql/type/CursorReturnTypeInference.java,0,0,0.19226952272924666
1.7.0,core/src/main/java/org/apache/calcite/sql/type/ExplicitOperandTypeInference.java,1,1,0.522738441001277
1.7.0,core/src/main/java/org/apache/calcite/sql/type/ExplicitReturnTypeInference.java,0,0,0.48581602201102136
1.7.0,core/src/main/java/org/apache/calcite/sql/type/JavaToSqlTypeConversionRules.java,0,0,0.08623099161639132
1.7.0,core/src/main/java/org/apache/calcite/sql/type/MapSqlType.java,0,1,0.5615495953485712
1.7.0,core/src/main/java/org/apache/calcite/sql/type/MatchReturnTypeInference.java,0,1,0.635980485562126
1.7.0,core/src/main/java/org/apache/calcite/sql/type/MultisetSqlType.java,0,1,0.5226536311904183
1.7.0,core/src/main/java/org/apache/calcite/sql/type/ObjectSqlType.java,0,0,0.1533487745947716
1.7.0,core/src/main/java/org/apache/calcite/sql/type/OperandsTypeChecking.java,0,0,0.0004496813352917839
1.7.0,core/src/main/java/org/apache/calcite/sql/type/OrdinalReturnTypeInference.java,0,0,0.12558705591964775
1.7.0,core/src/main/java/org/apache/calcite/sql/type/SqlOperandTypeInference.java,0,0,0.22526593053515062
1.7.0,core/src/main/java/org/apache/calcite/sql/type/SqlReturnTypeInference.java,0,0,0.19226952272924666
1.7.0,core/src/main/java/org/apache/calcite/sql/type/SqlReturnTypeInferenceChain.java,0,1,0.6396153750832608
1.7.0,core/src/main/java/org/apache/calcite/sql/type/SqlSingleOperandTypeChecker.java,0,0,0.19226952272924666
1.7.0,core/src/main/java/org/apache/calcite/sql/type/SqlTypeAssignmentRules.java,0,0,0.09073338291189398
1.7.0,core/src/main/java/org/apache/calcite/sql/type/SqlTypeFamily.java,0,0,0.4550780294123258
1.7.0,core/src/main/java/org/apache/calcite/sql/type/SqlTypeTransform.java,0,0,0.19226952272924666
1.7.0,core/src/main/java/org/apache/calcite/sql/type/SqlTypeTransformCascade.java,0,1,0.6087168701789113
1.7.0,core/src/main/java/org/apache/calcite/sql/type/TableFunctionReturnTypeInference.java,0,0,0.19226952272924666
1.7.0,core/src/main/java/org/apache/calcite/sql/util/ListSqlOperatorTable.java,0,1,0.5140367765642287
1.7.0,core/src/main/java/org/apache/calcite/sql/util/SqlBasicVisitor.java,0,0,0.4493261315649399
1.7.0,core/src/main/java/org/apache/calcite/sql/util/SqlBuilder.java,0,1,0.5024266851791582
1.7.0,core/src/main/java/org/apache/calcite/sql/util/SqlVisitor.java,0,0,0.19226952272924666
1.7.0,core/src/main/java/org/apache/calcite/sql/validate/AggFinder.java,0,1,0.5466326940509996
1.7.0,core/src/main/java/org/apache/calcite/sql/validate/AggregatingScope.java,0,0,0.19226952272924666
1.7.0,core/src/main/java/org/apache/calcite/sql/validate/CollectNamespace.java,1,1,0.5226536311904183
1.7.0,core/src/main/java/org/apache/calcite/sql/validate/CollectScope.java,0,1,0.5370421559769836
1.7.0,core/src/main/java/org/apache/calcite/sql/validate/DelegatingNamespace.java,1,0,0.19226952272924666
1.7.0,core/src/main/java/org/apache/calcite/sql/validate/DelegatingSqlValidatorCatalogReader.java,0,0,0.19226952272924666
1.7.0,core/src/main/java/org/apache/calcite/sql/validate/DelegatingSqlValidatorTable.java,0,0,0.19226952272924666
1.7.0,core/src/main/java/org/apache/calcite/sql/validate/FieldNamespace.java,1,0,0.37690285384149524
1.7.0,core/src/main/java/org/apache/calcite/sql/validate/JoinNamespace.java,1,1,0.6513983960524315
1.7.0,core/src/main/java/org/apache/calcite/sql/validate/JoinScope.java,0,0,0.39444351675647155
1.7.0,core/src/main/java/org/apache/calcite/sql/validate/ParameterNamespace.java,1,0,0.19226952272924666
1.7.0,core/src/main/java/org/apache/calcite/sql/validate/SqlIdentifierMoniker.java,0,0,0.058653497290582876
1.7.0,core/src/main/java/org/apache/calcite/sql/validate/SqlUserDefinedTableFunction.java,0,0,0.12558705591964775
1.7.0,core/src/main/java/org/apache/calcite/sql/validate/SqlValidatorWithHints.java,0,0,0.19226952272924666
1.7.0,core/src/main/java/org/apache/calcite/sql/validate/WithItemNamespace.java,1,1,0.5802353661305836
1.7.0,core/src/main/java/org/apache/calcite/sql/validate/WithNamespace.java,1,1,0.5500239766502443
1.7.0,core/src/main/java/org/apache/calcite/util/graph/CycleDetector.java,0,0,0.12558705591964775
1.7.0,core/src/main/java/org/apache/calcite/util/graph/DefaultDirectedGraph.java,0,1,0.7592630637533543
1.7.0,core/src/main/java/org/apache/calcite/util/graph/DefaultEdge.java,0,0,0.47763282701897475
1.7.0,core/src/main/java/org/apache/calcite/util/graph/DepthFirstIterator.java,0,0,0.2949568033530603
1.7.0,core/src/main/java/org/apache/calcite/util/graph/Graphs.java,0,1,0.5836651540957493
1.7.0,core/src/main/java/org/apache/calcite/util/graph/TopologicalOrderIterator.java,0,1,0.5764685923216273
1.7.0,core/src/main/java/org/apache/calcite/util/javac/JaninoCompiler.java,0,0,0.1566642523441609
1.7.0,core/src/main/java/org/apache/calcite/util/javac/JavaCompilerArgs.java,0,0,0.054544250306759835
1.7.0,core/src/main/java/org/apache/calcite/util/mapping/Mapping.java,0,0,0.19226952272924666
1.7.0,core/src/main/java/org/apache/calcite/adapter/enumerable/impl/AggAddContextImpl.java,0,0,0.11910511064499031
1.7.0,core/src/main/java/org/apache/calcite/adapter/enumerable/impl/AggResetContextImpl.java,0,0,0.08159079913131893
1.7.0,core/src/main/java/org/apache/calcite/adapter/enumerable/impl/AggResultContextImpl.java,0,0,0.11910511064499031
1.7.0,core/src/main/java/org/apache/calcite/adapter/enumerable/impl/WinAggResetContextImpl.java,0,0,0.28744288838061005
1.7.0,core/src/main/java/org/apache/calcite/adapter/enumerable/impl/WinAggResultContextImpl.java,0,0,0.14624096153436944
1.7.0,mongodb/src/main/java/org/apache/calcite/adapter/mongodb/MongoMethod.java,0,0,0.19226952272924666
1.7.0,mongodb/src/main/java/org/apache/calcite/adapter/mongodb/MongoRel.java,0,0,0.1749078778702615
1.7.0,mongodb/src/main/java/org/apache/calcite/adapter/mongodb/MongoSchema.java,0,0,0.21914328692462448
1.7.0,mongodb/src/main/java/org/apache/calcite/adapter/mongodb/MongoSchemaFactory.java,0,0,0.12980077482034783
1.7.0,mongodb/src/main/java/org/apache/calcite/adapter/mongodb/MongoToEnumerableConverterRule.java,0,0,0.1437155723031661
1.7.0,plus/src/main/java/org/apache/calcite/adapter/tpcds/TpcdsSchemaFactory.java,0,0,0.37982302838229
1.7.0,plus/src/main/java/org/apache/calcite/adapter/tpch/TpchSchema.java,0,0,0.023671216136586792
1.7.0,plus/src/main/java/org/apache/calcite/adapter/tpch/TpchSchemaFactory.java,0,0,0.12980077482034783
1.7.0,spark/src/main/java/org/apache/calcite/adapter/spark/EnumerableToSparkConverterRule.java,0,0,0.1437155723031661
1.7.0,spark/src/main/java/org/apache/calcite/adapter/spark/JdbcToSparkConverterRule.java,0,0,0.19226952272924666
1.7.0,spark/src/main/java/org/apache/calcite/adapter/spark/SparkMethod.java,0,0,0.1778641565965026
1.7.0,spark/src/main/java/org/apache/calcite/adapter/spark/SparkRel.java,0,0,0.1575996292909661
1.7.0,spark/src/main/java/org/apache/calcite/adapter/spark/SparkRuntime.java,0,0,0.22526593053515062
1.7.0,splunk/src/main/java/org/apache/calcite/adapter/splunk/SplunkDriver.java,0,0,0.06368473990579081
1.7.0,splunk/src/main/java/org/apache/calcite/adapter/splunk/SplunkDriverVersion.java,0,0,0.12558705591964775
1.7.0,splunk/src/main/java/org/apache/calcite/adapter/splunk/SplunkSchema.java,0,0,0.19226952272924666
1.7.0,splunk/src/main/java/org/apache/calcite/adapter/splunk/SplunkTable.java,0,0,0.19226952272924666
1.7.0,splunk/src/main/java/org/apache/calcite/adapter/splunk/search/SplunkConnection.java,0,0,0.19226952272924666
1.7.0,splunk/src/main/java/org/apache/calcite/adapter/splunk/util/SocketFactoryImpl.java,0,0,0.17221520004159274
1.7.0,splunk/src/main/java/org/apache/calcite/adapter/splunk/util/TrustAllSslSocketFactory.java,0,0,3.908200477025323e-11
1.7.0,linq4j/src/main/java/org/apache/calcite/linq4j/BaseQueryable.java,0,0,0.0029121585665020607
1.7.0,linq4j/src/main/java/org/apache/calcite/linq4j/EnumerableOrderedQueryable.java,0,0,0.19226952272924666
1.7.0,linq4j/src/main/java/org/apache/calcite/linq4j/ExtendedOrderedEnumerable.java,0,0,0.19226952272924666
1.7.0,linq4j/src/main/java/org/apache/calcite/linq4j/ExtendedOrderedQueryable.java,0,0,0.19226952272924666
1.7.0,linq4j/src/main/java/org/apache/calcite/linq4j/Extensions.java,0,0,0.2566521208969633
1.7.0,linq4j/src/main/java/org/apache/calcite/linq4j/Lookup.java,0,0,0.19226952272924666
1.7.0,linq4j/src/main/java/org/apache/calcite/linq4j/LookupImpl.java,0,0,0.33601785701017195
1.7.0,linq4j/src/main/java/org/apache/calcite/linq4j/QueryProvider.java,0,0,0.19226952272924666
1.7.0,linq4j/src/main/java/org/apache/calcite/linq4j/QueryProviderImpl.java,0,1,0.6231384256176614
1.7.0,linq4j/src/main/java/org/apache/calcite/linq4j/RawQueryable.java,0,0,0.19226952272924666
1.7.0,linq4j/src/main/java/org/apache/calcite/linq4j/tree/BlockBuilder.java,0,0,1.957747388871434e-06
1.7.0,linq4j/src/main/java/org/apache/calcite/linq4j/tree/Blocks.java,0,0,0.05903533806700346
1.7.0,linq4j/src/main/java/org/apache/calcite/linq4j/tree/ClassDeclarationFinder.java,0,0,0.4520876114181761
1.7.0,linq4j/src/main/java/org/apache/calcite/linq4j/tree/ConstantUntypedNull.java,0,0,0.4577472283450082
1.7.0,linq4j/src/main/java/org/apache/calcite/linq4j/tree/DefaultExpression.java,0,0,0.19226952272924666
1.7.0,linq4j/src/main/java/org/apache/calcite/linq4j/tree/DynamicExpression.java,0,0,0.19226952272924666
1.7.0,linq4j/src/main/java/org/apache/calcite/linq4j/tree/Expression.java,0,1,0.6427965882373311
1.7.0,linq4j/src/main/java/org/apache/calcite/linq4j/tree/ExpressionVisitor.java,0,0,0.19226952272924666
1.7.0,linq4j/src/main/java/org/apache/calcite/linq4j/tree/ExpressionWriter.java,0,0,0.11125861553415274
1.7.0,linq4j/src/main/java/org/apache/calcite/linq4j/tree/InvocationExpression.java,0,0,0.19226952272924666
1.7.0,linq4j/src/main/java/org/apache/calcite/linq4j/tree/LambdaExpression.java,0,0,0.23001038572008742
1.7.0,linq4j/src/main/java/org/apache/calcite/linq4j/tree/ListInitExpression.java,0,0,0.19226952272924666
1.7.0,linq4j/src/main/java/org/apache/calcite/linq4j/tree/MemberInitExpression.java,0,0,0.19226952272924666
1.7.0,linq4j/src/main/java/org/apache/calcite/linq4j/tree/OptimizeVisitor.java,0,1,0.5731649650479844
1.7.0,linq4j/src/main/java/org/apache/calcite/linq4j/tree/ParameterExpression.java,0,1,0.6200079542957326
1.7.0,linq4j/src/main/java/org/apache/calcite/linq4j/tree/ReflectedPseudoField.java,0,0,0.4280728194398561
1.7.0,linq4j/src/main/java/org/apache/calcite/linq4j/tree/Statement.java,0,1,0.6161353605043715
1.7.0,linq4j/src/main/java/org/apache/calcite/linq4j/tree/SwitchStatement.java,0,0,0.19226952272924666
1.7.0,core/src/main/java/org/apache/calcite/plan/RelImplementor.java,0,0,0.19226952272924666
1.7.0,core/src/main/java/org/apache/calcite/adapter/enumerable/EnumerableCorrelateRule.java,0,0,0.12690030666384633
1.7.0,core/src/main/java/org/apache/calcite/rel/rules/ProjectJoinTransposeRule.java,0,0,0.40041781275367266
1.7.0,core/src/main/java/org/apache/calcite/rel/rules/PushProjector.java,0,0,0.046273744642988654
1.7.0,core/src/main/java/org/apache/calcite/plan/RelOptAbstractTable.java,0,0,0.45374382068874236
1.7.0,core/src/main/java/org/apache/calcite/rel/RelDistribution.java,0,0,0.13013854181976095
1.7.0,core/src/main/java/org/apache/calcite/rel/RelDistributionTraitDef.java,0,0,0.11445815855454694
1.7.0,core/src/main/java/org/apache/calcite/rel/RelHomogeneousShuttle.java,0,0,0.1407260791766557
1.7.0,core/src/main/java/org/apache/calcite/rel/RelShuttle.java,0,0,0.19226952272924666
1.7.0,core/src/main/java/org/apache/calcite/schema/Statistic.java,0,0,0.15610835168177595
1.7.0,core/src/main/java/org/apache/calcite/schema/Statistics.java,0,0,0.16147037128201436
1.7.0,core/src/main/java/org/apache/calcite/rel/core/SortExchange.java,0,0,0.19868856186956513
1.7.0,core/src/main/java/org/apache/calcite/rel/logical/LogicalExchange.java,0,1,0.5478911154254121
1.7.0,core/src/main/java/org/apache/calcite/rel/rules/CalcMergeRule.java,0,0,0.39601109989337396
1.7.0,core/src/main/java/org/apache/calcite/rel/rules/CalcRemoveRule.java,0,0,0.0699670390664815
1.7.0,core/src/main/java/org/apache/calcite/rel/rules/JoinUnionTransposeRule.java,0,0,0.04586585010931943
1.7.0,piglet/src/main/java/org/apache/calcite/piglet/Ast.java,1,1,0.9997433482408512
1.7.0,piglet/src/main/java/org/apache/calcite/piglet/Handler.java,0,1,0.5041172712667561
1.7.0,core/src/main/java/org/apache/calcite/rel/rules/FilterJoinRule.java,0,1,0.8061659852512358
1.7.0,core/src/main/java/org/apache/calcite/sql/fun/SqlSequenceValueOperator.java,0,1,0.7038316820885275
1.7.0,core/src/main/java/org/apache/calcite/sql/validate/SqlValidator.java,1,1,0.7918196705971845
1.7.0,core/src/main/java/org/apache/calcite/sql/validate/SqlScopedShuttle.java,0,0,0.12558705591964775
1.7.0,core/src/main/java/org/apache/calcite/adapter/clone/ArrayTable.java,0,0,0.0804997836105663
1.7.0,core/src/main/java/org/apache/calcite/adapter/clone/CloneSchema.java,0,0,0.42179816783076785
1.7.0,core/src/main/java/org/apache/calcite/sql/fun/SqlGroupIdFunction.java,0,0,0.17650135839973866
1.7.0,core/src/main/java/org/apache/calcite/sql/fun/SqlGroupingFunction.java,0,0,0.17822958891713533
1.7.0,core/src/main/java/org/apache/calcite/sql/fun/SqlGroupingIdFunction.java,0,0,0.17650135839973866
1.7.0,core/src/main/java/org/apache/calcite/jdbc/JavaTypeFactoryImpl.java,1,1,0.7333288615731656
1.7.0,core/src/main/java/org/apache/calcite/adapter/enumerable/EnumerableTableScan.java,1,1,0.7263353600341205
1.7.0,core/src/main/java/org/apache/calcite/adapter/java/Array.java,0,0,0.19277918368750344
1.7.0,core/src/main/java/org/apache/calcite/adapter/java/Map.java,0,0,0.1956472877129975
1.7.0,core/src/main/java/org/apache/calcite/rel/type/RelDataTypeFactoryImpl.java,1,1,0.5244004433401548
1.7.0,core/src/main/java/org/apache/calcite/sql/type/ArraySqlType.java,0,1,0.5388830393735169
1.7.0,linq4j/src/main/java/org/apache/calcite/linq4j/tree/Types.java,0,0,0.08770860602052843
1.7.0,core/src/main/java/org/apache/calcite/schema/Schema.java,0,0,0.3300033898357197
1.7.0,core/src/main/java/org/apache/calcite/plan/Contexts.java,0,0,0.2532475242404633
1.7.0,core/src/main/java/org/apache/calcite/plan/RelOptRule.java,0,0,0.20317025364081395
1.7.0,core/src/main/java/org/apache/calcite/tools/RelBuilderFactory.java,0,0,0.22213205468243927
1.7.0,core/src/main/java/org/apache/calcite/rel/rules/CalcSplitRule.java,0,0,0.06682019813358347
1.7.0,core/src/main/java/org/apache/calcite/rel/rules/FilterCorrelateRule.java,0,1,0.5937423400291434
1.7.0,core/src/main/java/org/apache/calcite/rel/rules/FilterMergeRule.java,0,0,0.18706040206997962
1.7.0,core/src/main/java/org/apache/calcite/rel/rules/FilterProjectTransposeRule.java,0,1,0.6233623925077799
1.7.0,core/src/main/java/org/apache/calcite/rel/rules/FilterSetOpTransposeRule.java,0,1,0.6621160558821573
1.7.0,core/src/main/java/org/apache/calcite/rel/rules/JoinCommuteRule.java,0,0,0.4053531347552048
1.7.0,core/src/main/java/org/apache/calcite/rel/rules/JoinProjectTransposeRule.java,1,1,0.6179264608940669
1.7.0,core/src/main/java/org/apache/calcite/rel/rules/JoinPushExpressionsRule.java,0,1,0.5452517920970197
1.7.0,core/src/main/java/org/apache/calcite/rel/rules/JoinPushThroughJoinRule.java,0,1,0.6248993060038559
1.7.0,core/src/main/java/org/apache/calcite/rel/rules/ProjectMultiJoinMergeRule.java,0,0,0.16387220757586607
1.7.0,core/src/main/java/org/apache/calcite/rel/rules/ProjectSortTransposeRule.java,0,0,0.16716303928024753
1.7.0,core/src/main/java/org/apache/calcite/rel/rules/SemiJoinProjectTransposeRule.java,1,1,0.5198662192756522
1.7.0,core/src/main/java/org/apache/calcite/rel/rules/UnionMergeRule.java,0,0,0.24118186833266486
1.7.0,core/src/main/java/org/apache/calcite/rel/rules/UnionToDistinctRule.java,0,1,0.6780605691262839
1.7.0,core/src/main/java/org/apache/calcite/interpreter/Interpreter.java,0,0,3.929407412788558e-06
1.7.0,linq4j/src/main/java/org/apache/calcite/linq4j/Ord.java,0,0,0.2859572251917278
1.7.0,linq4j/src/main/java/org/apache/calcite/linq4j/TransformedEnumerator.java,0,0,0.13362654048755945
1.7.0,core/src/main/java/org/apache/calcite/interpreter/Bindables.java,0,0,0.04546178828285318
1.7.0,core/src/main/java/org/apache/calcite/plan/ConventionTraitDef.java,1,1,0.873332481941476
1.7.0,core/src/main/java/org/apache/calcite/rel/RelNode.java,0,0,0.3045958706752587
1.7.0,core/src/main/java/org/apache/calcite/rel/SingleRel.java,0,0,0.40959756522652635
1.7.0,core/src/main/java/org/apache/calcite/util/NumberUtil.java,0,0,0.0967089409984821
1.7.0,core/src/main/java/org/apache/calcite/adapter/enumerable/EnumerableCalc.java,0,1,0.6510959288569701
1.7.0,core/src/main/java/org/apache/calcite/adapter/enumerable/EnumerableFilter.java,0,0,0.43771296819542593
1.7.0,core/src/main/java/org/apache/calcite/adapter/enumerable/EnumerableInterpreter.java,0,1,0.5267082852665674
1.7.0,core/src/main/java/org/apache/calcite/adapter/enumerable/EnumerableJoin.java,0,0,0.42817129199983356
1.7.0,core/src/main/java/org/apache/calcite/adapter/enumerable/EnumerableLimit.java,0,1,0.6310637123370403
1.7.0,core/src/main/java/org/apache/calcite/adapter/enumerable/EnumerableMergeJoin.java,1,1,0.7061458975687467
1.7.0,core/src/main/java/org/apache/calcite/adapter/enumerable/EnumerableProject.java,0,0,0.37910499237601447
1.7.0,core/src/main/java/org/apache/calcite/adapter/enumerable/EnumerableSemiJoin.java,0,0,0.42601721627092903
1.7.0,core/src/main/java/org/apache/calcite/adapter/enumerable/EnumerableThetaJoin.java,0,0,0.3367882405525086
1.7.0,core/src/main/java/org/apache/calcite/adapter/enumerable/EnumerableValues.java,0,0,0.44373564686718026
1.7.0,core/src/main/java/org/apache/calcite/adapter/enumerable/EnumerableWindow.java,0,0,0.1253306158743233
1.7.0,core/src/main/java/org/apache/calcite/adapter/jdbc/JdbcToEnumerableConverter.java,0,0,0.247118948594322
1.7.0,core/src/main/java/org/apache/calcite/plan/hep/HepRelVertex.java,0,0,0.3926494278120637
1.7.0,core/src/main/java/org/apache/calcite/plan/volcano/AbstractConverter.java,0,1,0.5736247436478236
1.7.0,core/src/main/java/org/apache/calcite/rel/convert/ConverterImpl.java,0,0,0.34123243036495776
1.7.0,core/src/main/java/org/apache/calcite/rel/core/Calc.java,0,0,0.25173938097062715
1.7.0,core/src/main/java/org/apache/calcite/rel/core/Correlate.java,0,0,0.2075931206952246
1.7.0,core/src/main/java/org/apache/calcite/rel/core/Exchange.java,0,1,0.5108851647065915
1.7.0,core/src/main/java/org/apache/calcite/rel/core/Filter.java,0,1,0.6227767673898869
1.7.0,core/src/main/java/org/apache/calcite/rel/core/Intersect.java,0,0,0.2561418274258581
1.7.0,core/src/main/java/org/apache/calcite/rel/core/Minus.java,0,0,0.3279300953813847
1.7.0,core/src/main/java/org/apache/calcite/rel/core/SemiJoin.java,1,0,0.38816408888461035
1.7.0,core/src/main/java/org/apache/calcite/rel/core/Sort.java,0,0,0.4229520013638568
1.7.0,core/src/main/java/org/apache/calcite/rel/core/TableFunctionScan.java,0,0,0.36185363084211636
1.7.0,core/src/main/java/org/apache/calcite/rel/core/TableModify.java,0,0,0.234349502107245
1.7.0,core/src/main/java/org/apache/calcite/rel/core/TableScan.java,0,1,0.6233849846755469
1.7.0,core/src/main/java/org/apache/calcite/rel/core/Union.java,0,0,0.396222456944713
1.7.0,core/src/main/java/org/apache/calcite/rel/core/Values.java,0,0,0.10615237586441234
1.7.0,core/src/main/java/org/apache/calcite/rel/core/Window.java,0,0,4.811545474820278e-10
1.7.0,core/src/main/java/org/apache/calcite/rel/externalize/RelWriterImpl.java,0,1,0.7111668311561051
1.7.0,core/src/main/java/org/apache/calcite/rel/logical/LogicalCalc.java,0,0,0.05393839823242198
1.7.0,core/src/main/java/org/apache/calcite/rel/logical/LogicalFilter.java,0,0,0.2800378836123987
1.7.0,core/src/main/java/org/apache/calcite/rel/logical/LogicalProject.java,0,0,0.4660953502366134
1.7.0,core/src/main/java/org/apache/calcite/rel/logical/LogicalTableFunctionScan.java,0,0,0.4808378213099115
1.7.0,core/src/main/java/org/apache/calcite/rel/logical/LogicalValues.java,0,0,0.42815762748551073
1.7.0,core/src/main/java/org/apache/calcite/rel/metadata/CyclicMetadataException.java,0,0,0.08287969352022434
1.7.0,core/src/main/java/org/apache/calcite/rel/metadata/MetadataFactory.java,0,0,0.24271557959589724
1.7.0,core/src/main/java/org/apache/calcite/rel/metadata/RelMdUtil.java,1,1,0.9677010678056768
1.7.0,core/src/main/java/org/apache/calcite/rel/metadata/UnboundMetadata.java,0,0,0.16985386772931813
1.7.0,core/src/main/java/org/apache/calcite/rel/rules/AggregateFilterTransposeRule.java,0,0,0.4911217439734134
1.7.0,core/src/main/java/org/apache/calcite/rel/rules/AggregateJoinTransposeRule.java,1,1,0.8466507324750998
1.7.0,core/src/main/java/org/apache/calcite/rel/rules/AggregateProjectPullUpConstantsRule.java,1,1,0.887206170640993
1.7.0,core/src/main/java/org/apache/calcite/rel/rules/AggregateStarTableRule.java,0,0,0.356483126878384
1.7.0,core/src/main/java/org/apache/calcite/rel/rules/AggregateUnionTransposeRule.java,0,1,0.7368121070189125
1.7.0,core/src/main/java/org/apache/calcite/rel/rules/JoinPushTransitivePredicatesRule.java,0,1,0.9441950080324014
1.7.0,core/src/main/java/org/apache/calcite/rel/rules/LoptMultiJoin.java,0,0,0.000507043721716761
1.7.0,core/src/main/java/org/apache/calcite/rel/rules/LoptOptimizeJoinRule.java,0,1,0.9065822880615384
1.7.0,core/src/main/java/org/apache/calcite/rel/rules/LoptSemiJoinOptimizer.java,0,0,0.2301954693413783
1.7.0,core/src/main/java/org/apache/calcite/rel/rules/MultiJoinOptimizeBushyRule.java,0,0,0.391540545677355
1.7.0,core/src/main/java/org/apache/calcite/rel/rules/SortJoinTransposeRule.java,0,1,0.8338320219457852
1.7.0,core/src/main/java/org/apache/calcite/rel/rules/SortUnionTransposeRule.java,0,0,0.28524499599957265
1.7.0,core/src/main/java/org/apache/calcite/schema/impl/StarTable.java,0,0,0.4345566188351169
1.7.0,mongodb/src/main/java/org/apache/calcite/adapter/mongodb/MongoFilter.java,0,0,0.007655419563396496
1.7.0,mongodb/src/main/java/org/apache/calcite/adapter/mongodb/MongoProject.java,0,0,0.2194459482259085
1.7.0,mongodb/src/main/java/org/apache/calcite/adapter/mongodb/MongoSort.java,0,1,0.5706496676490869
1.7.0,mongodb/src/main/java/org/apache/calcite/adapter/mongodb/MongoTableScan.java,0,0,0.23781746894566042
1.7.0,mongodb/src/main/java/org/apache/calcite/adapter/mongodb/MongoToEnumerableConverter.java,0,0,0.16708823382087662
1.7.0,spark/src/main/java/org/apache/calcite/adapter/spark/EnumerableToSparkConverter.java,0,1,0.6567280890302882
1.7.0,spark/src/main/java/org/apache/calcite/adapter/spark/JdbcToSparkConverter.java,0,0,0.17565857352383046
1.7.0,spark/src/main/java/org/apache/calcite/adapter/spark/SparkRules.java,0,0,0.008142283301047862
1.7.0,spark/src/main/java/org/apache/calcite/adapter/spark/SparkToEnumerableConverter.java,0,0,0.21591297501692958
1.7.0,core/src/main/java/org/apache/calcite/plan/RelOptQuery.java,0,0,0.06729690609804304
1.7.0,core/src/main/java/org/apache/calcite/rex/LogicVisitor.java,1,1,0.6372153880647677
1.7.0,core/src/main/java/org/apache/calcite/rex/RexBiVisitor.java,0,0,0.04579915765696326
1.7.0,core/src/main/java/org/apache/calcite/rex/RexCall.java,0,1,0.5271934348780775
1.7.0,core/src/main/java/org/apache/calcite/rex/RexDynamicParam.java,0,0,0.04711864833850162
1.7.0,core/src/main/java/org/apache/calcite/rex/RexFieldAccess.java,0,0,0.1518147998499585
1.7.0,core/src/main/java/org/apache/calcite/rex/RexInputRef.java,0,0,0.08452179798490235
1.7.0,core/src/main/java/org/apache/calcite/rex/RexNode.java,0,0,0.23259785389913323
1.7.0,core/src/main/java/org/apache/calcite/rex/RexOver.java,0,0,0.11157782131331713
1.7.0,core/src/main/java/org/apache/calcite/rex/RexRangeRef.java,0,0,0.07143740517074242
1.7.0,core/src/main/java/org/apache/calcite/rex/RexShuttle.java,0,0,0.24637525105304142
1.7.0,core/src/main/java/org/apache/calcite/rex/RexSubQuery.java,0,0,1.0462059254041971e-05
1.7.0,core/src/main/java/org/apache/calcite/rex/RexVisitor.java,0,0,0.059466607952199435
1.7.0,core/src/main/java/org/apache/calcite/rex/RexVisitorImpl.java,0,0,0.18006062082442761
1.7.0,core/src/main/java/org/apache/calcite/sql2rel/DeduplicateCorrelateVariables.java,0,0,0.12124228023694116
1.7.0,core/src/main/java/org/apache/calcite/sql2rel/RelStructuredTypeFlattener.java,0,0,0.07743614552305736
1.7.0,core/src/main/java/org/apache/calcite/util/Bug.java,0,0,0.010729363199835492
1.7.0,core/src/main/java/org/apache/calcite/adapter/enumerable/EnumerableJoinRule.java,0,0,0.4817519326214128
1.7.0,core/src/main/java/org/apache/calcite/rel/core/CorrelationId.java,0,0,0.09442249824005933
1.7.0,core/src/main/java/org/apache/calcite/rel/core/EquiJoin.java,0,0,0.034119894685003996
1.7.0,core/src/main/java/org/apache/calcite/rel/core/RelFactories.java,0,0,0.36227186720117566
1.7.0,core/src/main/java/org/apache/calcite/rel/externalize/RelJson.java,0,0,0.02559347134838621
1.7.0,core/src/main/java/org/apache/calcite/rel/logical/LogicalCorrelate.java,0,0,0.10992907499009208
1.7.0,core/src/main/java/org/apache/calcite/rel/logical/LogicalJoin.java,0,0,0.1349209282941725
1.7.0,core/src/main/java/org/apache/calcite/rel/rules/EquiJoin.java,0,0,0.059101760445993724
1.7.0,core/src/main/java/org/apache/calcite/rel/rules/JoinToCorrelateRule.java,0,0,0.09791673080294977
1.7.0,core/src/main/java/org/apache/calcite/rel/stream/StreamRules.java,0,0,0.21529659649110647
1.7.0,core/src/main/java/org/apache/calcite/materialize/TileSuggester.java,0,1,0.6213795939350156
1.7.0,core/src/main/java/org/apache/calcite/rel/RelNodes.java,0,1,0.5537733292826776
1.7.0,core/src/main/java/org/apache/calcite/adapter/jdbc/JdbcConvention.java,0,0,0.2798203852526337
1.7.0,core/src/main/java/org/apache/calcite/sql/SqlWriter.java,0,0,0.17960216409905685
1.7.0,core/src/main/java/org/apache/calcite/sql/SqlSetOption.java,1,0,0.4001021775890051
1.7.0,core/src/main/java/org/apache/calcite/rel/rules/LoptJoinTree.java,0,0,0.0472185788824162
1.7.0,core/src/main/java/org/apache/calcite/schema/SchemaPlus.java,0,0,0.11436795885993299
1.7.0,core/src/main/java/org/apache/calcite/sql/SqlNode.java,0,0,0.009381419052098274
1.7.0,core/src/main/java/org/apache/calcite/sql/type/BasicSqlType.java,0,1,0.5651764803113791
1.7.0,core/src/main/java/org/apache/calcite/jdbc/CalcitePreparedStatement.java,0,0,0.08849406739491639
1.7.0,core/src/main/java/org/apache/calcite/jdbc/MetadataSchema.java,0,0,0.10798005401218892
1.7.0,core/src/main/java/org/apache/calcite/runtime/ArrayEnumeratorCursor.java,0,0,0.13880647827937742
1.7.0,core/src/main/java/org/apache/calcite/runtime/EnumeratorCursor.java,0,0,0.18028504967361797
1.7.0,core/src/main/java/org/apache/calcite/runtime/ObjectEnumeratorCursor.java,0,0,0.07869261916078145
1.7.0,core/src/main/java/org/apache/calcite/runtime/RecordEnumeratorCursor.java,0,0,0.15140601637618625
1.7.0,core/src/main/java/org/apache/calcite/server/CalciteServer.java,0,0,0.13860329089456253
1.7.0,core/src/main/java/org/apache/calcite/sql/SqlDateLiteral.java,0,1,0.5127765939007531
1.7.0,core/src/main/java/org/apache/calcite/util/ZonelessDate.java,0,0,0.1671527131758969
1.7.0,core/src/main/java/org/apache/calcite/util/ZonelessDatetime.java,0,0,0.37532519793293917
1.7.0,core/src/main/java/org/apache/calcite/util/ZonelessTime.java,0,0,0.23349984264136078
1.7.0,core/src/main/java/org/apache/calcite/util/ZonelessTimestamp.java,0,0,0.255972785311518
1.7.0,core/src/main/java/org/apache/calcite/adapter/clone/ListTable.java,0,0,0.14880236094606253
1.7.0,core/src/main/java/org/apache/calcite/sql/type/IntervalSqlType.java,0,0,0.30058043644792654
1.7.0,splunk/src/main/java/org/apache/calcite/adapter/splunk/SplunkQuery.java,0,0,0.19226952272924666
1.7.0,linq4j/src/main/java/org/apache/calcite/linq4j/AbstractEnumerable2.java,0,0,0.12558705591964775
1.7.0,core/src/main/java/org/apache/calcite/rel/type/RelDataTypeSystem.java,0,0,0.1589116451045229
1.7.0,core/src/main/java/org/apache/calcite/rel/type/RelDataTypeSystemImpl.java,1,1,0.7336905234670348
1.7.0,core/src/main/java/org/apache/calcite/jdbc/CalcitePrepare.java,0,0,0.025509777143274962
1.7.0,core/src/main/java/org/apache/calcite/model/ModelHandler.java,0,1,0.8953205452359334
1.7.0,core/src/main/java/org/apache/calcite/rel/RelShuttleImpl.java,0,1,0.7064183292250157
1.7.0,core/src/main/java/org/apache/calcite/util/PartiallyOrderedSet.java,0,0,0.25044424095772566
1.7.0,core/src/main/java/org/apache/calcite/util/Stacks.java,0,0,0.18310928285280254
1.7.0,core/src/main/java/org/apache/calcite/util/StackWriter.java,0,0,0.09658022926484114
1.7.0,core/src/main/java/org/apache/calcite/util/XmlOutput.java,0,0,1.4523764364971074e-05
1.7.0,core/src/main/java/org/apache/calcite/sql/validate/AggChecker.java,0,0,0.147723705999705
1.7.0,core/src/main/java/org/apache/calcite/sql/validate/AggregatingSelectScope.java,0,1,0.7754251110840041
1.7.0,core/src/main/java/org/apache/calcite/sql/validate/OverScope.java,0,0,0.23059184163510324
1.7.0,core/src/main/java/org/apache/calcite/sql/validate/SelectScope.java,0,1,0.6233593904711213
1.7.0,core/src/main/java/org/apache/calcite/sql/validate/SqlValidatorUtil.java,1,1,0.9890551244127883
1.7.0,core/src/main/java/org/apache/calcite/rex/RexCallBinding.java,1,1,0.858769315620672
1.7.0,core/src/main/java/org/apache/calcite/plan/RelOptUtil.java,1,1,0.9758516834815262
1.7.0,core/src/main/java/org/apache/calcite/rex/RexChecker.java,0,1,0.7001536785706198
1.7.0,core/src/main/java/org/apache/calcite/rex/RexLiteral.java,0,0,0.02317781512853041
1.7.0,core/src/main/java/org/apache/calcite/rex/RexProgram.java,0,1,0.6261036749816812
1.7.0,core/src/main/java/org/apache/calcite/sql/SqlBinaryOperator.java,0,1,0.8363310198783055
1.7.0,core/src/main/java/org/apache/calcite/sql/SqlCall.java,1,1,0.7864772123838225
1.7.0,core/src/main/java/org/apache/calcite/sql/SqlDataTypeSpec.java,0,0,0.4532234856764109
1.7.0,core/src/main/java/org/apache/calcite/sql/SqlDynamicParam.java,0,0,0.4133995126927564
1.7.0,core/src/main/java/org/apache/calcite/sql/SqlIdentifier.java,0,0,0.20909901002011735
1.7.0,core/src/main/java/org/apache/calcite/sql/SqlIntervalQualifier.java,1,1,0.9970036275071974
1.7.0,core/src/main/java/org/apache/calcite/sql/SqlNodeList.java,0,1,0.7398016876052088
1.7.0,core/src/main/java/org/apache/calcite/sql/SqlPostfixOperator.java,0,1,0.7981902565608504
1.7.0,core/src/main/java/org/apache/calcite/sql/SqlPrefixOperator.java,0,1,0.5009824747309354
1.7.0,core/src/main/java/org/apache/calcite/sql2rel/RelDecorrelator.java,1,1,0.9988059787729849
1.7.0,core/src/main/java/org/apache/calcite/util/Litmus.java,0,1,0.5498817823259124
1.7.0,core/src/main/java/org/apache/calcite/rel/core/Aggregate.java,0,1,0.9655358863455562
1.7.0,core/src/main/java/org/apache/calcite/rel/core/Join.java,1,0,0.44529773450267174
1.7.0,core/src/main/java/org/apache/calcite/rel/core/Project.java,1,1,0.7723211061081287
1.7.0,core/src/main/java/org/apache/calcite/sql/fun/SqlInOperator.java,0,1,0.7051972850967589
1.7.0,core/src/main/java/org/apache/calcite/rel/BiRel.java,0,0,0.394363310265209
1.7.0,linq4j/src/main/java/org/apache/calcite/linq4j/CorrelateJoinType.java,0,0,0.12690030666384633
1.7.0,core/src/main/java/org/apache/calcite/util/TryThreadLocal.java,0,0,0.17031382916322732
1.7.0,core/src/main/java/org/apache/calcite/adapter/enumerable/AggImplementor.java,0,0,0.17809620853369623
1.7.0,core/src/main/java/org/apache/calcite/adapter/enumerable/EnumerableCorrelate.java,0,1,0.5110201740842345
1.7.0,core/src/main/java/org/apache/calcite/adapter/enumerable/impl/WinAggAddContextImpl.java,0,0,0.11910511064499031
1.7.0,linq4j/src/main/java/org/apache/calcite/linq4j/QueryableDefaults.java,0,0,0.08754322116238673
1.7.0,core/src/main/java/org/apache/calcite/sql/parser/SqlParser.java,0,0,2.0379289125969197e-07
1.7.0,ubenchmark/src/main/java/org/apache/calcite/benchmarks/FlightRecorderProfiler.java,0,0,0.10063349765997039
1.7.0,ubenchmark/src/main/java/org/apache/calcite/benchmarks/ParserBenchmark.java,0,0,0.001970839816241665
1.7.0,ubenchmark/src/main/java/org/apache/calcite/benchmarks/PreconditionTest.java,0,0,0.3886998945353068
1.7.0,ubenchmark/src/main/java/org/apache/calcite/benchmarks/StatementTest.java,0,0,1.7776945478031747e-07
1.7.0,core/src/main/java/org/apache/calcite/sql/type/SqlTypeFactoryImpl.java,0,1,0.7420188058721231
1.7.0,core/src/main/java/org/apache/calcite/rel/rules/FilterAggregateTransposeRule.java,0,1,0.5880780892757781
1.7.0,core/src/main/java/org/apache/calcite/jdbc/CalciteStatement.java,1,0,0.33570440347379166
1.7.0,core/src/main/java/org/apache/calcite/tools/RelRunner.java,0,0,0.21229080316713847
1.7.0,core/src/main/java/org/apache/calcite/tools/RelRunners.java,0,0,0.04028807954147096
1.7.0,core/src/main/java/org/apache/calcite/jdbc/CalciteMetaImpl.java,0,1,0.9921816960978797
1.7.0,core/src/main/java/org/apache/calcite/runtime/Enumerables.java,0,0,0.0024120270357494834
1.7.0,core/src/main/java/org/apache/calcite/runtime/CalciteResource.java,0,0,0.14204163830467972
1.7.0,linq4j/src/main/java/org/apache/calcite/linq4j/tree/DeterministicCodeOptimizer.java,0,1,0.5337191445849843
1.7.0,core/src/main/java/org/apache/calcite/Demo.java,0,0,0.04178621835200261
1.7.0,core/src/main/java/org/apache/calcite/schema/Function.java,0,0,0.177474661420139
1.7.0,core/src/main/java/org/apache/calcite/schema/SemiMutableSchema.java,0,0,0.16265894694788802
1.7.0,core/src/main/java/org/apache/calcite/schema/TableMacro.java,0,0,0.19220349700614414
1.7.0,core/src/main/java/org/apache/calcite/util/CancelFlag.java,0,0,0.10595436408383188
1.7.0,core/src/main/java/org/apache/calcite/util/ClosableAllocation.java,0,0,0.19226952272924666
1.7.0,core/src/main/java/org/apache/calcite/util/ClosableAllocationOwner.java,0,0,0.19226952272924666
1.7.0,core/src/main/java/org/apache/calcite/util/ControlFlowException.java,0,0,0.12558705591964775
1.7.0,core/src/main/java/org/apache/calcite/util/Glossary.java,0,0,0.00012988471998560773
1.7.0,core/src/main/java/org/apache/calcite/util/Holder.java,0,0,0.054120981052935745
1.7.0,core/src/main/java/org/apache/calcite/util/ReflectiveVisitor.java,0,0,0.19226952272924666
1.7.0,core/src/main/java/org/apache/calcite/interpreter/Node.java,0,0,0.08800685097481589
1.7.0,core/src/main/java/org/apache/calcite/jdbc/SqlTimeoutException.java,0,0,0.13860329089456253
1.7.0,core/src/main/java/org/apache/calcite/runtime/ArrayComparator.java,0,0,0.14441269170685606
1.7.0,core/src/main/java/org/apache/calcite/runtime/Hook.java,0,0,0.16564140127286855
1.7.0,core/src/main/java/org/apache/calcite/runtime/Like.java,1,1,0.933174551637337
1.7.0,core/src/main/java/org/apache/calcite/runtime/Typed.java,0,0,0.15140601637618625
1.7.0,core/src/main/java/org/apache/calcite/runtime/Unit.java,0,0,0.03030688831465841
1.7.0,core/src/main/java/org/apache/calcite/tools/RelConversionException.java,0,0,0.19226952272924666
1.7.0,core/src/main/java/org/apache/calcite/tools/ValidationException.java,0,0,0.17546374092278552
1.7.0,core/src/main/java/org/apache/calcite/plan/CommonRelSubExprRule.java,0,0,0.19226952272924666
1.7.0,core/src/main/java/org/apache/calcite/plan/RelOptConnection.java,0,0,0.19226952272924666
1.7.0,core/src/main/java/org/apache/calcite/plan/RelOptCost.java,0,0,0.041466063340919346
1.7.0,core/src/main/java/org/apache/calcite/plan/RelOptCostFactory.java,0,0,0.19226952272924666
1.7.0,core/src/main/java/org/apache/calcite/plan/RelOptRuleOperandChildPolicy.java,0,0,0.12558705591964775
1.7.0,core/src/main/java/org/apache/calcite/plan/RelOptRuleOperandChildren.java,0,0,0.1698889882503774
1.7.0,core/src/main/java/org/apache/calcite/plan/RelOptSamplingParameters.java,0,0,0.098851075621309
1.7.0,core/src/main/java/org/apache/calcite/plan/RelOptSchemaWithSampling.java,0,0,0.22526593053515062
1.7.0,core/src/main/java/org/apache/calcite/rel/InvalidRelException.java,0,1,0.5049297238710148
1.7.0,core/src/main/java/org/apache/calcite/rel/RelVisitor.java,0,0,0.007467502347088487
1.7.0,core/src/main/java/org/apache/calcite/rex/RexAction.java,0,0,0.22526593053515062
1.7.0,core/src/main/java/org/apache/calcite/rex/RexPattern.java,0,0,0.19226952272924666
1.7.0,core/src/main/java/org/apache/calcite/rex/RexSqlConvertletTable.java,0,0,0.19226952272924666
1.7.0,core/src/main/java/org/apache/calcite/sql/SqlAccessEnum.java,0,0,0.12558705591964775
1.7.0,core/src/main/java/org/apache/calcite/sql/SqlNullSemantics.java,0,0,0.19226952272924666
1.7.0,core/src/main/java/org/apache/calcite/sql/SqlOperandCountRange.java,0,0,0.19226952272924666
1.7.0,core/src/main/java/org/apache/calcite/sql/SqlValuesOperator.java,0,1,0.5500239766502443
1.7.0,core/src/main/java/org/apache/calcite/util/graph/BreadthFirstIterator.java,0,0,0.3503307511281089
1.7.0,core/src/main/java/org/apache/calcite/util/graph/DirectedGraph.java,0,0,0.19226952272924666
1.7.0,core/src/main/java/org/apache/calcite/util/mapping/AbstractSourceMapping.java,0,0,0.0008447715813322476
1.7.0,core/src/main/java/org/apache/calcite/util/mapping/AbstractTargetMapping.java,0,0,0.0007361693185539089
1.7.0,core/src/main/java/org/apache/calcite/util/mapping/MappingType.java,0,1,0.6029325341885031
1.7.0,core/src/main/java/org/apache/calcite/util/javac/JavaCompiler.java,0,0,0.19226952272924666
1.7.0,core/src/main/java/org/apache/calcite/adapter/enumerable/WinAggContext.java,0,0,0.18306643464684658
1.7.0,core/src/main/java/org/apache/calcite/adapter/enumerable/WinAggImplementor.java,0,0,0.11562564158909402
1.7.0,core/src/main/java/org/apache/calcite/plan/hep/HepMatchOrder.java,0,0,0.12558705591964775
1.7.0,core/src/main/java/org/apache/calcite/plan/volcano/VolcanoPlannerPhase.java,0,0,0.12558705591964775
1.7.0,core/src/main/java/org/apache/calcite/rel/core/JoinRelType.java,0,0,0.43062877799762633
1.7.0,core/src/main/java/org/apache/calcite/rel/metadata/RelColumnMapping.java,0,0,0.06391307837585716
1.7.0,core/src/main/java/org/apache/calcite/rel/type/RelDataTypeFamily.java,0,0,0.19226952272924666
1.7.0,core/src/main/java/org/apache/calcite/rel/type/RelDataTypeField.java,0,0,0.19226952272924666
1.7.0,core/src/main/java/org/apache/calcite/rel/type/RelDataTypePrecedenceList.java,0,0,0.19226952272924666
1.7.0,core/src/main/java/org/apache/calcite/sql/pretty/SqlFormatOptions.java,0,0,0.03809064792132856
1.7.0,core/src/main/java/org/apache/calcite/sql/type/ExtraSqlTypes.java,0,0,0.00012988471998560773
1.7.0,core/src/main/java/org/apache/calcite/sql/validate/SqlConformance.java,0,0,0.31378708541724376
1.7.0,core/src/main/java/org/apache/calcite/sql/validate/SqlMonotonicity.java,0,0,0.3056190924276739
1.7.0,splunk/src/main/java/org/apache/calcite/adapter/splunk/search/SearchResultListener.java,0,0,0.2706513212225076
1.7.0,linq4j/src/main/java/org/apache/calcite/linq4j/AbstractEnumerable.java,0,0,0.12558705591964775
1.7.0,linq4j/src/main/java/org/apache/calcite/linq4j/AbstractQueryable.java,0,0,0.0020122838940667457
1.7.0,linq4j/src/main/java/org/apache/calcite/linq4j/Enumerable.java,0,0,0.19226952272924666
1.7.0,linq4j/src/main/java/org/apache/calcite/linq4j/Grouping.java,0,0,0.19226952272924666
1.7.0,linq4j/src/main/java/org/apache/calcite/linq4j/OpType.java,0,0,0.19226952272924666
1.7.0,linq4j/src/main/java/org/apache/calcite/linq4j/OrderedEnumerable.java,0,0,0.19226952272924666
1.7.0,linq4j/src/main/java/org/apache/calcite/linq4j/OrderedQueryable.java,0,0,0.19226952272924666
1.7.0,linq4j/src/main/java/org/apache/calcite/linq4j/Queryable.java,0,0,0.19226952272924666
1.7.0,linq4j/src/main/java/org/apache/calcite/linq4j/RawEnumerable.java,0,0,0.19226952272924666
1.7.0,linq4j/src/main/java/org/apache/calcite/linq4j/function/BigDecimalFunction1.java,0,0,0.0013245507220788894
1.7.0,linq4j/src/main/java/org/apache/calcite/linq4j/function/Deterministic.java,0,0,0.19226952272924666
1.7.0,linq4j/src/main/java/org/apache/calcite/linq4j/function/DoubleFunction1.java,0,0,0.001589856175228239
1.7.0,linq4j/src/main/java/org/apache/calcite/linq4j/function/EqualityComparer.java,0,0,0.19226952272924666
1.7.0,linq4j/src/main/java/org/apache/calcite/linq4j/function/FloatFunction1.java,0,0,0.001589856175228239
1.7.0,linq4j/src/main/java/org/apache/calcite/linq4j/function/Function.java,0,0,0.1826852033520368
1.7.0,linq4j/src/main/java/org/apache/calcite/linq4j/function/Function0.java,0,0,0.19226952272924666
1.7.0,linq4j/src/main/java/org/apache/calcite/linq4j/function/Function1.java,0,0,0.0009598781519687634
1.7.0,linq4j/src/main/java/org/apache/calcite/linq4j/function/Function2.java,0,0,1.8845374147730464e-05
1.7.0,linq4j/src/main/java/org/apache/calcite/linq4j/function/IntegerFunction1.java,0,0,0.001589856175228239
1.7.0,linq4j/src/main/java/org/apache/calcite/linq4j/function/LongFunction1.java,0,0,0.001589856175228239
1.7.0,linq4j/src/main/java/org/apache/calcite/linq4j/function/NonDeterministic.java,0,0,0.19226952272924666
1.7.0,linq4j/src/main/java/org/apache/calcite/linq4j/function/NullableBigDecimalFunction1.java,0,0,0.001589856175228239
1.7.0,linq4j/src/main/java/org/apache/calcite/linq4j/function/NullableDoubleFunction1.java,0,0,0.001589856175228239
1.7.0,linq4j/src/main/java/org/apache/calcite/linq4j/function/NullableFloatFunction1.java,0,0,0.001589856175228239
1.7.0,linq4j/src/main/java/org/apache/calcite/linq4j/function/NullableIntegerFunction1.java,0,0,0.001589856175228239
1.7.0,linq4j/src/main/java/org/apache/calcite/linq4j/function/NullableLongFunction1.java,0,0,0.001589856175228239
1.7.0,linq4j/src/main/java/org/apache/calcite/linq4j/function/Predicate1.java,0,0,0.0009598781519687634
1.7.0,linq4j/src/main/java/org/apache/calcite/linq4j/function/Predicate2.java,0,0,1.1521975546090118e-05
1.7.0,linq4j/src/main/java/org/apache/calcite/linq4j/tree/CallSiteBinder.java,0,0,0.19226952272924666
1.7.0,linq4j/src/main/java/org/apache/calcite/linq4j/tree/ElementInit.java,0,0,0.19226952272924666
1.7.0,linq4j/src/main/java/org/apache/calcite/linq4j/tree/Evaluator.java,0,0,0.13742907859580597
1.7.0,linq4j/src/main/java/org/apache/calcite/linq4j/tree/ExpressionType.java,0,1,0.5500239766502443
1.7.0,linq4j/src/main/java/org/apache/calcite/linq4j/tree/GotoExpressionKind.java,0,0,0.12558705591964775
1.7.0,core/src/main/java/org/apache/calcite/sql/util/ChainedSqlOperatorTable.java,0,0,0.23707606523636876
1.7.0,linq4j/src/main/java/org/apache/calcite/linq4j/tree/MemberAssignment.java,0,0,0.17147336653017017
1.7.0,linq4j/src/main/java/org/apache/calcite/linq4j/tree/MemberBinding.java,0,0,0.19226952272924666
1.7.0,linq4j/src/main/java/org/apache/calcite/linq4j/tree/MemberDeclaration.java,0,0,0.12558705591964775
1.7.0,linq4j/src/main/java/org/apache/calcite/linq4j/tree/MemberListBinding.java,0,0,0.19226952272924666
1.7.0,linq4j/src/main/java/org/apache/calcite/linq4j/tree/MemberMemberBinding.java,0,0,0.17147336653017017
1.7.0,linq4j/src/main/java/org/apache/calcite/linq4j/tree/Node.java,0,0,0.08993681815605249
1.7.0,linq4j/src/main/java/org/apache/calcite/linq4j/tree/PseudoField.java,0,0,0.19226952272924666
1.7.0,linq4j/src/main/java/org/apache/calcite/linq4j/tree/SwitchCase.java,0,0,0.16545792782117866
1.7.0,core/src/main/java/org/apache/calcite/rel/logical/LogicalAggregate.java,0,0,0.38226706054306725
1.7.0,core/src/main/java/org/apache/calcite/config/Lex.java,0,0,0.10975947614640302
1.7.0,core/src/main/java/org/apache/calcite/rel/rules/SortProjectTransposeRule.java,1,0,0.3840383277464199
1.7.0,core/src/main/java/org/apache/calcite/sql2rel/SqlNodeToRexConverterImpl.java,0,1,0.8870871821236272
1.7.0,core/src/main/java/org/apache/calcite/plan/RelOptPredicateList.java,0,0,0.4678481708177776
1.7.0,core/src/main/java/org/apache/calcite/util/ImmutableNullableList.java,0,0,0.13558029626055149
1.7.0,core/src/main/java/org/apache/calcite/plan/RelOptCluster.java,0,0,0.14916851112172475
1.7.0,core/src/main/java/org/apache/calcite/plan/RelOptMaterialization.java,0,0,0.1915083781516138
1.7.0,core/src/main/java/org/apache/calcite/sql2rel/SqlToRelConverter.java,1,1,0.9999432023956567
1.7.0,core/src/main/java/org/apache/calcite/tools/Programs.java,0,0,0.06389433313451799
1.7.0,core/src/main/java/org/apache/calcite/plan/volcano/VolcanoPlanner.java,1,1,0.9999997174226053
1.7.0,core/src/main/java/org/apache/calcite/rel/metadata/BuiltInMetadata.java,0,0,0.24909649766493783
1.7.0,core/src/main/java/org/apache/calcite/rel/metadata/DefaultRelMetadataProvider.java,0,0,0.2116056100196047
1.7.0,core/src/main/java/org/apache/calcite/rel/metadata/MetadataDef.java,0,0,0.44696842280588833
1.7.0,core/src/main/java/org/apache/calcite/rel/metadata/MetadataHandler.java,0,0,0.18606191489958498
1.7.0,core/src/main/java/org/apache/calcite/rel/metadata/NullSentinel.java,0,1,0.6116109020883357
1.7.0,core/src/main/java/org/apache/calcite/rel/metadata/RelMdCollation.java,1,1,0.8358799896865279
1.7.0,core/src/main/java/org/apache/calcite/rel/metadata/RelMdColumnOrigins.java,0,0,0.4692021528592412
1.7.0,core/src/main/java/org/apache/calcite/rel/metadata/RelMdColumnUniqueness.java,1,1,0.6513196243909813
1.7.0,core/src/main/java/org/apache/calcite/rel/metadata/RelMdDistinctRowCount.java,0,1,0.9623452010527507
1.7.0,core/src/main/java/org/apache/calcite/rel/metadata/RelMdDistribution.java,0,0,0.29026796834479496
1.7.0,core/src/main/java/org/apache/calcite/rel/metadata/RelMdExplainVisibility.java,0,0,0.20494945336217646
1.7.0,core/src/main/java/org/apache/calcite/rel/metadata/RelMdMaxRowCount.java,0,1,0.814639261373115
1.7.0,core/src/main/java/org/apache/calcite/rel/metadata/RelMdMemory.java,0,0,0.06510563033845483
1.7.0,core/src/main/java/org/apache/calcite/rel/metadata/RelMdParallelism.java,0,0,0.04125231891686626
1.7.0,core/src/main/java/org/apache/calcite/rel/metadata/RelMdPercentageOriginalRows.java,0,1,0.5535383352090342
1.7.0,core/src/main/java/org/apache/calcite/rel/metadata/RelMdPopulationSize.java,0,0,0.3769383473151484
1.7.0,core/src/main/java/org/apache/calcite/rel/metadata/RelMdPredicates.java,1,1,0.9996875730682597
1.7.0,core/src/main/java/org/apache/calcite/rel/metadata/RelMdRowCount.java,0,0,2.626591510618746e-05
1.7.0,core/src/main/java/org/apache/calcite/rel/metadata/RelMdSelectivity.java,0,0,0.1960768575982471
1.7.0,core/src/main/java/org/apache/calcite/rel/metadata/RelMdSize.java,0,1,0.501667845559474
1.7.0,core/src/main/java/org/apache/calcite/rel/metadata/RelMdUniqueKeys.java,0,0,0.2596039219447352
1.7.0,core/src/main/java/org/apache/calcite/rel/rules/PruneEmptyRules.java,0,1,0.5487229125784313
1.7.0,core/src/main/java/org/apache/calcite/adapter/jdbc/JdbcTable.java,0,1,0.7060135730368855
1.7.0,core/src/main/java/org/apache/calcite/adapter/enumerable/EnumerableTableFunctionScan.java,0,1,0.6214298504838786
1.7.0,core/src/main/java/org/apache/calcite/schema/impl/TableFunctionImpl.java,0,0,0.2901237279319155
1.7.0,spark/src/main/java/org/apache/calcite/adapter/spark/HttpServer.java,0,0,0.019470258440852838
1.7.0,core/src/main/java/org/apache/calcite/util/BitSets.java,0,0,0.028432487103504656
1.7.0,core/src/main/java/org/apache/calcite/sql/SqlInfixOperator.java,0,0,0.4133459108505007
1.7.0,core/src/main/java/org/apache/calcite/sql/SqlInternalOperator.java,0,0,0.111872888084021
1.7.0,core/src/main/java/org/apache/calcite/sql/SqlSpecialOperator.java,0,0,0.1423924503353246
1.7.0,core/src/main/java/org/apache/calcite/sql/SqlUpdate.java,1,0,0.41024353846337647
1.7.0,core/src/main/java/org/apache/calcite/sql/SqlWith.java,0,0,0.441207410830679
1.7.0,core/src/main/java/org/apache/calcite/sql/SqlWithItem.java,0,0,0.23653363035458594
1.7.0,core/src/main/java/org/apache/calcite/sql/fun/SqlExtendOperator.java,0,1,0.581140280436241
1.7.0,core/src/main/java/org/apache/calcite/sql/fun/SqlRollupOperator.java,0,1,0.5620262582567894
1.7.0,core/src/main/java/org/apache/calcite/sql/SqlSplittableAggFunction.java,1,0,0.4165633546122125
1.7.0,core/src/main/java/org/apache/calcite/rex/RexCopier.java,0,0,0.19271219006006304
1.7.0,core/src/main/java/org/apache/calcite/schema/ModifiableTable.java,0,0,0.15140601637618625
1.7.0,core/src/main/java/org/apache/calcite/schema/ModifiableView.java,0,0,0.2043671808909884
1.7.0,linq4j/src/main/java/org/apache/calcite/linq4j/tree/Expressions.java,0,0,0.005699151803203979
1.7.0,core/src/main/java/org/apache/calcite/rel/core/SetOp.java,0,0,0.2860014244988627
1.7.0,core/src/main/java/org/apache/calcite/sql/SqlTimeLiteral.java,0,1,0.7623782474022325
1.7.0,core/src/main/java/org/apache/calcite/sql/SqlTimestampLiteral.java,0,1,0.8593137735975825
1.7.0,core/src/main/java/org/apache/calcite/sql/type/ComparableOperandTypeChecker.java,0,0,0.4365949234742986
1.7.0,core/src/main/java/org/apache/calcite/jdbc/Driver.java,0,0,0.20061848496107432
1.7.0,linq4j/src/main/java/org/apache/calcite/linq4j/Enumerator.java,0,0,0.25553007025221014
1.7.0,linq4j/src/main/java/org/apache/calcite/linq4j/Linq4j.java,0,0,3.8192581779265924e-06
1.7.0,core/src/main/java/org/apache/calcite/rel/rules/ProjectWindowTransposeRule.java,0,0,0.4931203179011828
1.7.0,core/src/main/java/org/apache/calcite/interpreter/Sink.java,0,0,0.08800685097481589
1.7.0,core/src/main/java/org/apache/calcite/sql/validate/SelectNamespace.java,0,0,0.12558705591964775
1.7.0,linq4j/src/main/java/org/apache/calcite/linq4j/DelegatingEnumerator.java,0,0,0.2122197084974347
1.7.0,core/src/main/java/org/apache/calcite/adapter/enumerable/EnumerableSemiJoinRule.java,0,1,0.5500239766502443
1.7.0,core/src/main/java/org/apache/calcite/rel/rules/JoinAddRedundantSemiJoinRule.java,0,0,0.3557789615728199
1.7.0,core/src/main/java/org/apache/calcite/rel/rules/SemiJoinFilterTransposeRule.java,0,0,0.09195540926775499
1.7.0,core/src/main/java/org/apache/calcite/rel/rules/SemiJoinJoinTransposeRule.java,0,0,0.47338217116626147
1.7.0,core/src/main/java/org/apache/calcite/interpreter/Source.java,0,0,0.18859866973324907
1.7.0,core/src/main/java/org/apache/calcite/rex/RexMultisetUtil.java,0,0,0.3730803376062819
1.7.0,core/src/main/java/org/apache/calcite/sql/JoinConditionType.java,0,0,0.19736045859980617
1.7.0,core/src/main/java/org/apache/calcite/sql/JoinType.java,0,0,0.19736045859980617
1.7.0,core/src/main/java/org/apache/calcite/sql/SemiJoinType.java,0,1,0.6173885445269918
1.7.0,core/src/main/java/org/apache/calcite/sql/SqlExplain.java,0,1,0.6014712031225196
1.7.0,core/src/main/java/org/apache/calcite/sql/SqlExplainLevel.java,0,0,0.19736045859980617
1.7.0,core/src/main/java/org/apache/calcite/sql/SqlInsert.java,0,1,0.5252598966363465
1.7.0,core/src/main/java/org/apache/calcite/sql/SqlInsertKeyword.java,0,0,0.19736045859980617
1.7.0,core/src/main/java/org/apache/calcite/sql/SqlJoin.java,0,1,0.7844664993192187
1.7.0,core/src/main/java/org/apache/calcite/sql/SqlLiteral.java,1,1,0.8259350216045537
1.7.0,core/src/main/java/org/apache/calcite/sql/SqlSelect.java,1,1,0.7074982566982857
1.7.0,core/src/main/java/org/apache/calcite/sql/SqlSelectKeyword.java,0,0,0.19736045859980617
1.7.0,core/src/main/java/org/apache/calcite/rel/externalize/RelXmlWriter.java,0,0,0.011277944361576045
1.7.0,core/src/main/java/org/apache/calcite/rex/RexCorrelVariable.java,0,0,0.07478269512432804
1.7.0,core/src/main/java/org/apache/calcite/sql/SqlWindow.java,0,1,0.9997874165191228
1.7.0,core/src/main/java/org/apache/calcite/sql2rel/CorrelationReferenceFinder.java,0,1,0.6245298626429696
1.7.0,core/src/main/java/org/apache/calcite/rel/rel2sql/SqlImplementor.java,1,1,0.9999785636957433
1.7.0,core/src/main/java/org/apache/calcite/sql/fun/SqlBetweenOperator.java,1,1,0.9431380602213638
1.7.0,core/src/main/java/org/apache/calcite/sql/fun/SqlTrimFunction.java,1,1,0.9566447167147165
1.7.0,core/src/main/java/org/apache/calcite/jdbc/CachingCalciteSchema.java,1,1,0.8459138829794456
1.7.0,core/src/main/java/org/apache/calcite/jdbc/CalciteConnectionImpl.java,0,0,0.3228776991151749
1.7.0,core/src/main/java/org/apache/calcite/jdbc/CalciteRootSchema.java,0,0,0.2755562998194002
1.7.0,core/src/main/java/org/apache/calcite/jdbc/CalciteSchema.java,1,1,0.7284760930200693
1.7.0,core/src/main/java/org/apache/calcite/jdbc/SimpleCalciteSchema.java,0,0,0.45977138674380635
1.7.0,core/src/main/java/org/apache/calcite/schema/Schemas.java,0,1,0.6181911505005578
1.7.0,core/src/main/java/org/apache/calcite/sql/SqlUnresolvedFunction.java,0,0,0.12013234931966633
1.7.0,core/src/main/java/org/apache/calcite/plan/AbstractRelOptPlanner.java,0,0,0.006604492953870371
1.7.0,core/src/main/java/org/apache/calcite/plan/RelOptPlanner.java,0,0,0.45460796678560994
1.7.0,core/src/main/java/org/apache/calcite/plan/RelOptRuleCall.java,0,1,0.9818798834952884
1.7.0,core/src/main/java/org/apache/calcite/plan/VisitorDataContext.java,0,0,0.19264672662163906
1.7.0,core/src/main/java/org/apache/calcite/prepare/Prepare.java,1,1,0.9055117867721577
1.7.0,core/src/main/java/org/apache/calcite/rel/AbstractRelNode.java,1,1,0.9625031271456925
1.7.0,core/src/main/java/org/apache/calcite/runtime/CalciteException.java,0,0,0.4069218516947153
1.7.0,core/src/main/java/org/apache/calcite/runtime/ResultSetEnumerable.java,0,0,0.22477361658389972
1.7.0,core/src/main/java/org/apache/calcite/sql2rel/RelFieldTrimmer.java,0,1,0.9972784823640296
1.7.0,core/src/main/java/org/apache/calcite/util/Benchmark.java,0,1,0.5521014604214833
1.7.0,core/src/main/java/org/apache/calcite/adapter/enumerable/EnumerableRules.java,0,0,0.0036963361103051788
1.7.0,core/src/main/java/org/apache/calcite/adapter/jdbc/JdbcRules.java,0,0,0.15568560310252139
1.7.0,core/src/main/java/org/apache/calcite/plan/hep/HepPlanner.java,1,1,0.9728434896275531
1.7.0,core/src/main/java/org/apache/calcite/plan/volcano/RelSet.java,1,1,0.9448611017132432
1.7.0,core/src/main/java/org/apache/calcite/plan/volcano/RelSubset.java,0,1,0.9884035865104979
1.7.0,core/src/main/java/org/apache/calcite/plan/volcano/RuleQueue.java,0,1,0.6752603651888014
1.7.0,core/src/main/java/org/apache/calcite/plan/volcano/VolcanoRuleCall.java,0,0,0.15313048747321437
1.7.0,core/src/main/java/org/apache/calcite/rel/rules/CalcRelSplitter.java,1,1,0.5664427806717823
1.7.0,core/src/main/java/org/apache/calcite/rel/rules/ValuesReduceRule.java,1,1,0.8544214484874866
1.7.0,core/src/main/java/org/apache/calcite/sql/advise/SqlAdvisor.java,0,0,0.09160957303897867
1.7.0,core/src/main/java/org/apache/calcite/sql/parser/SqlParserUtil.java,0,0,0.04189865203904293
1.7.0,core/src/main/java/org/apache/calcite/sql/pretty/SqlPrettyWriter.java,0,0,7.410189301597943e-06
1.7.0,core/src/main/java/org/apache/calcite/sql/validate/SqlValidatorException.java,0,0,0.40192478289357164
1.7.0,core/src/main/java/org/apache/calcite/sql/validate/SqlValidatorImpl.java,1,1,0.9994615172734401
1.7.0,core/src/main/java/org/apache/calcite/util/trace/CalciteLogger.java,0,0,0.013278675835058311
1.7.0,core/src/main/java/org/apache/calcite/util/trace/CalciteTimingTracer.java,0,0,0.004088178207328917
1.7.0,core/src/main/java/org/apache/calcite/util/trace/CalciteTrace.java,0,0,0.10463912792516608
1.7.0,mongodb/src/main/java/org/apache/calcite/adapter/mongodb/MongoRules.java,0,1,0.5135257771072929
1.7.0,splunk/src/main/java/org/apache/calcite/adapter/splunk/SplunkPushDownRule.java,0,0,0.1386424275916733
1.7.0,splunk/src/main/java/org/apache/calcite/adapter/splunk/search/SplunkConnectionImpl.java,0,0,9.699008434673305e-07
1.7.0,splunk/src/main/java/org/apache/calcite/adapter/splunk/util/HttpUtils.java,0,1,0.8624508258076053
1.7.0,splunk/src/main/java/org/apache/calcite/adapter/splunk/util/StringUtils.java,0,0,9.908612521482065e-10
1.7.0,core/src/main/java/org/apache/calcite/model/JsonColumn.java,0,0,0.09941404233013772
1.7.0,core/src/main/java/org/apache/calcite/model/JsonCustomSchema.java,0,0,0.10246218451452271
1.7.0,core/src/main/java/org/apache/calcite/model/JsonCustomTable.java,0,0,0.09941404233013772
1.7.0,core/src/main/java/org/apache/calcite/model/JsonFunction.java,0,0,0.11227724201843357
1.7.0,core/src/main/java/org/apache/calcite/model/JsonJdbcSchema.java,0,0,0.09941404233013772
1.7.0,core/src/main/java/org/apache/calcite/prepare/RelOptTableImpl.java,0,1,0.6533459716626996
1.7.0,core/src/main/java/org/apache/calcite/model/JsonLattice.java,0,1,0.5553649815552586
1.7.0,core/src/main/java/org/apache/calcite/model/JsonMapSchema.java,0,0,0.4843972874215053
1.7.0,core/src/main/java/org/apache/calcite/model/JsonMeasure.java,0,0,0.12272053135794378
1.7.0,core/src/main/java/org/apache/calcite/model/JsonRoot.java,0,0,0.1993832409891546
1.7.0,core/src/main/java/org/apache/calcite/model/JsonSchema.java,0,0,0.4843972874215053
1.7.0,core/src/main/java/org/apache/calcite/model/JsonStream.java,0,0,0.15981502409821
1.7.0,core/src/main/java/org/apache/calcite/model/JsonTable.java,0,0,0.09941404233013772
1.7.0,core/src/main/java/org/apache/calcite/model/JsonTile.java,0,0,0.12272053135794378
1.7.0,core/src/main/java/org/apache/calcite/model/JsonView.java,0,0,0.09941404233013772
1.7.0,core/src/main/java/org/apache/calcite/rel/rules/UnionEliminatorRule.java,0,0,0.1437155723031661
1.7.0,core/src/main/java/org/apache/calcite/sql/parser/SqlAbstractParserImpl.java,0,0,0.024514447694738803
1.7.0,core/src/main/java/org/apache/calcite/interpreter/AggregateNode.java,1,1,0.7739084895294801
1.7.0,core/src/main/java/org/apache/calcite/interpreter/JaninoRexCompiler.java,0,0,0.313262128981529
1.7.0,core/src/main/java/org/apache/calcite/interpreter/JoinNode.java,0,0,0.2601004875047605
1.7.0,core/src/main/java/org/apache/calcite/interpreter/Nodes.java,0,0,0.14543573938444396
1.7.0,core/src/main/java/org/apache/calcite/interpreter/ProjectNode.java,0,1,0.570618414579795
1.7.0,core/src/main/java/org/apache/calcite/interpreter/ValuesNode.java,0,1,0.5441240153169803
1.7.0,core/src/main/java/org/apache/calcite/sql/SqlFilterOperator.java,0,1,0.5119179713428994
1.7.0,core/src/main/java/org/apache/calcite/sql/SqlOverOperator.java,0,1,0.5268378782507322
1.7.0,core/src/main/java/org/apache/calcite/adapter/enumerable/AggAddContext.java,0,0,0.1826852033520368
1.7.0,core/src/main/java/org/apache/calcite/adapter/enumerable/EnumerableInterpreterRule.java,0,0,0.0955679447157045
1.7.0,core/src/main/java/org/apache/calcite/adapter/enumerable/EnumerableRel.java,1,0,0.2550465666239082
1.7.0,core/src/main/java/org/apache/calcite/adapter/enumerable/EnumerableTableScanRule.java,0,1,0.5605236554697919
1.7.0,core/src/main/java/org/apache/calcite/rel/logical/LogicalTableScan.java,0,1,0.5106249297059359
1.7.0,core/src/main/java/org/apache/calcite/rel/rules/FilterTableScanRule.java,0,0,0.46634170201324976
1.7.0,core/src/main/java/org/apache/calcite/rel/rules/ProjectTableScanRule.java,0,0,0.3948248016330783
1.7.0,core/src/main/java/org/apache/calcite/prepare/QueryableRelBuilder.java,0,1,0.7646200168059358
1.7.0,core/src/main/java/org/apache/calcite/rex/RexUtil.java,1,1,0.9999702411726926
1.7.0,core/src/main/java/org/apache/calcite/sql/SqlKind.java,1,1,0.9557281831507531
1.7.0,core/src/main/java/org/apache/calcite/tools/RelBuilder.java,1,1,0.9550753713269666
1.7.0,linq4j/src/main/java/org/apache/calcite/linq4j/DefaultEnumerable.java,0,0,0.1554334166472974
1.7.0,linq4j/src/main/java/org/apache/calcite/linq4j/DefaultQueryable.java,0,0,0.2237088841280237
1.7.0,linq4j/src/main/java/org/apache/calcite/linq4j/EnumerableDefaults.java,0,1,0.8572912931270845
1.7.0,linq4j/src/main/java/org/apache/calcite/linq4j/EnumerableQueryable.java,0,0,0.21178946220953268
1.7.0,linq4j/src/main/java/org/apache/calcite/linq4j/ExtendedEnumerable.java,0,0,0.0018678143765992023
1.7.0,linq4j/src/main/java/org/apache/calcite/linq4j/ExtendedQueryable.java,0,0,0.0017908983864633643
1.7.0,linq4j/src/main/java/org/apache/calcite/linq4j/QueryableFactory.java,0,0,0.2068924000372119
1.7.0,linq4j/src/main/java/org/apache/calcite/linq4j/QueryableRecorder.java,0,0,0.14253604973982317
1.7.0,core/src/main/java/org/apache/calcite/rel/rules/ReduceExpressionsRule.java,1,1,0.9944406845244891
1.7.0,core/src/main/java/org/apache/calcite/tools/Planner.java,0,0,0.24914120705560727
1.7.0,core/src/main/java/org/apache/calcite/schema/Path.java,0,0,0.09636383288057057
1.7.0,core/src/main/java/org/apache/calcite/interpreter/TableScanNode.java,0,1,0.947166768136902
1.7.0,core/src/main/java/org/apache/calcite/jdbc/JavaRecordType.java,0,1,0.7393242506059309
1.7.0,core/src/main/java/org/apache/calcite/materialize/Lattice.java,1,0,0.012505254702215468
1.7.0,core/src/main/java/org/apache/calcite/materialize/MaterializationActor.java,0,0,0.44710610843023135
1.7.0,core/src/main/java/org/apache/calcite/materialize/TileKey.java,0,1,0.6573856748355337
1.7.0,core/src/main/java/org/apache/calcite/plan/RelOptCostImpl.java,0,0,0.00022374992343527676
1.7.0,core/src/main/java/org/apache/calcite/plan/RelOptRuleOperand.java,0,0,0.48516758471052074
1.7.0,core/src/main/java/org/apache/calcite/plan/SubstitutionVisitor.java,1,1,0.901320278819098
1.7.0,core/src/main/java/org/apache/calcite/rel/RelDistributions.java,0,0,0.11820776553722964
1.7.0,core/src/main/java/org/apache/calcite/rel/RelFieldCollation.java,0,0,0.12934156409396722
1.7.0,core/src/main/java/org/apache/calcite/rex/RexLocalRef.java,0,0,0.34624838101985006
1.7.0,core/src/main/java/org/apache/calcite/runtime/Utilities.java,0,0,0.13588391592070537
1.7.0,core/src/main/java/org/apache/calcite/sql/SqlIntervalLiteral.java,0,1,0.5033740609966872
1.7.0,core/src/main/java/org/apache/calcite/util/NlsString.java,0,0,2.106746592408716e-07
1.7.0,core/src/main/java/org/apache/calcite/plan/volcano/VolcanoCost.java,0,0,0.0018201257641525836
1.7.0,core/src/main/java/org/apache/calcite/rel/core/AggregateCall.java,0,1,0.6499481848851483
1.7.0,core/src/main/java/org/apache/calcite/rel/logical/LogicalWindow.java,0,1,0.7946390397933073
1.7.0,core/src/main/java/org/apache/calcite/sql/fun/SqlCastFunction.java,0,1,0.6820672040423199
1.7.0,core/src/main/java/org/apache/calcite/sql/parser/SqlParserPos.java,0,1,0.8593250869215061
1.7.0,core/src/main/java/org/apache/calcite/sql/util/SqlString.java,0,0,0.26499688188714526
1.7.0,core/src/main/java/org/apache/calcite/sql/validate/SqlMonikerImpl.java,0,0,0.3556135267182768
1.7.0,core/src/main/java/org/apache/calcite/util/mapping/IntPair.java,0,0,0.13239091033818595
1.7.0,linq4j/src/main/java/org/apache/calcite/linq4j/tree/AbstractNode.java,0,1,0.5287054122960942
1.7.0,linq4j/src/main/java/org/apache/calcite/linq4j/tree/ArrayLengthRecordField.java,0,0,0.3516169517005492
1.7.0,linq4j/src/main/java/org/apache/calcite/linq4j/tree/BinaryExpression.java,0,0,0.37808752972431103
1.7.0,linq4j/src/main/java/org/apache/calcite/linq4j/tree/BlockStatement.java,0,0,0.004396191681409952
1.7.0,linq4j/src/main/java/org/apache/calcite/linq4j/tree/CatchBlock.java,0,0,0.30829706902740744
1.7.0,linq4j/src/main/java/org/apache/calcite/linq4j/tree/ClassDeclaration.java,0,1,0.9638352797925968
1.7.0,linq4j/src/main/java/org/apache/calcite/linq4j/tree/ConditionalExpression.java,0,0,0.21787809430459273
1.7.0,linq4j/src/main/java/org/apache/calcite/linq4j/tree/ConditionalStatement.java,0,0,0.48509319191808664
1.7.0,linq4j/src/main/java/org/apache/calcite/linq4j/tree/ConstantExpression.java,0,1,0.6066941652387849
1.7.0,linq4j/src/main/java/org/apache/calcite/linq4j/tree/ConstructorDeclaration.java,0,0,0.25285668714739035
1.7.0,linq4j/src/main/java/org/apache/calcite/linq4j/tree/DeclarationStatement.java,0,0,0.4947972627333046
1.7.0,linq4j/src/main/java/org/apache/calcite/linq4j/tree/FieldDeclaration.java,0,0,0.4800915476171223
1.7.0,linq4j/src/main/java/org/apache/calcite/linq4j/tree/ForStatement.java,0,0,0.06273312086454048
1.7.0,linq4j/src/main/java/org/apache/calcite/linq4j/tree/FunctionExpression.java,0,1,0.5672667644021544
1.7.0,linq4j/src/main/java/org/apache/calcite/linq4j/tree/GotoStatement.java,0,1,0.595862766393284
1.7.0,linq4j/src/main/java/org/apache/calcite/linq4j/tree/IndexExpression.java,0,1,0.5494183426003738
1.7.0,linq4j/src/main/java/org/apache/calcite/linq4j/tree/LabelStatement.java,0,0,0.22246509952583646
1.7.0,linq4j/src/main/java/org/apache/calcite/linq4j/tree/LabelTarget.java,0,0,0.22924332889660615
1.7.0,linq4j/src/main/java/org/apache/calcite/linq4j/tree/MemberExpression.java,0,1,0.5771362414123121
1.7.0,linq4j/src/main/java/org/apache/calcite/linq4j/tree/MethodCallExpression.java,0,1,0.5868328313761778
1.7.0,linq4j/src/main/java/org/apache/calcite/linq4j/tree/MethodDeclaration.java,0,1,0.6042694565312805
1.7.0,linq4j/src/main/java/org/apache/calcite/linq4j/tree/NewArrayExpression.java,0,0,0.3365094526204763
1.7.0,linq4j/src/main/java/org/apache/calcite/linq4j/tree/NewExpression.java,0,0,0.30594278028638605
1.7.0,linq4j/src/main/java/org/apache/calcite/linq4j/tree/TernaryExpression.java,0,0,0.41157329692526573
1.7.0,linq4j/src/main/java/org/apache/calcite/linq4j/tree/ThrowStatement.java,0,0,0.28411048925298504
1.7.0,linq4j/src/main/java/org/apache/calcite/linq4j/tree/TryStatement.java,0,0,0.3297326886913732
1.7.0,linq4j/src/main/java/org/apache/calcite/linq4j/tree/TypeBinaryExpression.java,0,0,0.4933496780409009
1.7.0,linq4j/src/main/java/org/apache/calcite/linq4j/tree/UnaryExpression.java,0,1,0.8298218439989226
1.7.0,linq4j/src/main/java/org/apache/calcite/linq4j/tree/WhileStatement.java,0,0,0.05457297870046846
1.7.0,cassandra/src/main/java/org/apache/calcite/adapter/cassandra/CassandraEnumerator.java,1,0,0.04793458563458714
1.7.0,cassandra/src/main/java/org/apache/calcite/adapter/cassandra/CassandraFilter.java,1,0,0.03830827778065375
1.7.0,cassandra/src/main/java/org/apache/calcite/adapter/cassandra/CassandraMethod.java,1,0,0.3106675924111254
1.7.0,cassandra/src/main/java/org/apache/calcite/adapter/cassandra/CassandraProject.java,1,0,0.349726333684653
1.7.0,cassandra/src/main/java/org/apache/calcite/adapter/cassandra/CassandraRel.java,1,0,0.4615666658342498
1.7.0,cassandra/src/main/java/org/apache/calcite/adapter/cassandra/CassandraRules.java,0,1,0.8622403011368652
1.7.0,cassandra/src/main/java/org/apache/calcite/adapter/cassandra/CassandraSort.java,0,0,0.3642153506645638
1.7.0,cassandra/src/main/java/org/apache/calcite/adapter/cassandra/CassandraTableScan.java,0,0,0.37230529179908484
1.7.0,cassandra/src/main/java/org/apache/calcite/adapter/cassandra/CassandraToEnumerableConverter.java,1,0,0.3791001859270509
1.7.0,cassandra/src/main/java/org/apache/calcite/adapter/cassandra/CassandraToEnumerableConverterRule.java,0,0,0.2320202934085011
1.7.0,core/src/main/java/org/apache/calcite/adapter/enumerable/EnumerableAggregate.java,0,1,0.8671610259067635
1.7.0,core/src/main/java/org/apache/calcite/adapter/enumerable/EnumerableRelImplementor.java,0,1,0.7074394987341813
1.7.0,core/src/main/java/org/apache/calcite/rel/RelRoot.java,0,0,0.24104227617322874
1.7.0,mongodb/src/main/java/org/apache/calcite/adapter/mongodb/MongoTable.java,0,0,0.28397641545494706
1.7.0,core/src/main/java/org/apache/calcite/jdbc/CalciteJdbc41Factory.java,0,0,0.2202516809365821
1.7.0,core/src/main/java/org/apache/calcite/jdbc/CalciteResultSet.java,0,0,0.37085254625875586
1.7.0,core/src/main/java/org/apache/calcite/adapter/jdbc/JdbcSchema.java,1,1,0.7215441506862632
1.7.0,core/src/main/java/org/apache/calcite/rel/type/RelDataTypeFactory.java,1,1,0.5986656714921532
1.7.0,core/src/main/java/org/apache/calcite/sql/validate/SqlQualified.java,0,0,0.44229799009870635
1.7.0,core/src/main/java/org/apache/calcite/rel/type/RelDataType.java,0,0,0.19226952272924666
1.7.0,core/src/main/java/org/apache/calcite/rel/type/RelDataTypeImpl.java,0,0,0.37531915774344154
1.7.0,splunk/src/main/java/org/apache/calcite/adapter/splunk/SplunkTableScan.java,0,0,0.17101422150715023
1.7.0,core/src/main/java/org/apache/calcite/schema/FunctionParameter.java,0,0,0.26329680145664147
1.7.0,core/src/main/java/org/apache/calcite/sql/SqlAsOperator.java,0,1,0.6086927098405649
1.7.0,core/src/main/java/org/apache/calcite/rex/RexProgramBuilder.java,1,0,0.06106876838648955
1.7.0,core/src/main/java/org/apache/calcite/util/Compatible.java,0,0,0.09072714439269888
1.7.0,core/src/main/java/org/apache/calcite/util/ImmutableIntList.java,0,0,1.035359601649985e-08
1.7.0,core/src/main/java/org/apache/calcite/util/ReflectUtil.java,0,0,3.390078071833853e-05
1.7.0,core/src/main/java/org/apache/calcite/sql/SqlMerge.java,0,1,0.655279716513411
1.7.0,core/src/main/java/org/apache/calcite/adapter/jdbc/JdbcImplementor.java,1,1,0.8050634700147818
1.7.0,core/src/main/java/org/apache/calcite/plan/RelOptNode.java,0,0,0.19226952272924666
1.7.0,core/src/main/java/org/apache/calcite/schema/SchemaFactory.java,0,0,0.15910021711546765
1.7.0,core/src/main/java/org/apache/calcite/schema/impl/AggregateFunctionImpl.java,1,0,0.4810740371177799
1.7.0,core/src/main/java/org/apache/calcite/schema/impl/ReflectiveFunctionBase.java,1,1,0.6629335426596011
1.7.0,core/src/main/java/org/apache/calcite/sql/advise/SqlAdvisorGetHintsFunction.java,0,1,0.6021117977422048
1.7.0,core/src/main/java/org/apache/calcite/sql/fun/SqlArgumentAssignmentOperator.java,0,0,0.111946651534916
1.7.0,core/src/main/java/org/apache/calcite/sql/fun/SqlDefaultOperator.java,0,0,0.1970056095631437
1.7.0,core/src/main/java/org/apache/calcite/sql/fun/SqlItemOperator.java,0,0,0.48453652048821483
1.7.0,core/src/main/java/org/apache/calcite/sql/fun/SqlLikeOperator.java,0,1,0.5709392331497156
1.7.0,core/src/main/java/org/apache/calcite/sql/fun/SqlLiteralChainOperator.java,0,1,0.6200381683687838
1.7.0,core/src/main/java/org/apache/calcite/sql/fun/SqlMapValueConstructor.java,0,1,0.5610079244640735
1.7.0,core/src/main/java/org/apache/calcite/sql/fun/SqlMultisetMemberOfOperator.java,0,0,0.4974423664684809
1.7.0,core/src/main/java/org/apache/calcite/sql/fun/SqlMultisetValueConstructor.java,0,1,0.5504857459492896
1.7.0,core/src/main/java/org/apache/calcite/rel/rules/ProjectToWindowRule.java,0,1,0.749525862942263
1.7.0,core/src/main/java/org/apache/calcite/sql/fun/SqlOverlapsOperator.java,0,0,0.4707635776324454
1.7.0,core/src/main/java/org/apache/calcite/sql/fun/SqlQuarterFunction.java,0,0,0.19731607141642163
1.7.0,core/src/main/java/org/apache/calcite/sql/fun/SqlSubstringFunction.java,0,0,0.49890119676325245
1.7.0,core/src/main/java/org/apache/calcite/util/ImmutableBitSet.java,0,0,0.07781535835319728
1.7.0,core/src/main/java/org/apache/calcite/sql/type/AssignableOperandTypeChecker.java,0,0,0.0017326396154511757
1.7.0,core/src/main/java/org/apache/calcite/sql/type/CompositeOperandTypeChecker.java,1,1,0.5679652737946018
1.7.0,core/src/main/java/org/apache/calcite/sql/type/FamilyOperandTypeChecker.java,0,1,0.5965502120473051
1.7.0,core/src/main/java/org/apache/calcite/sql/type/InferTypes.java,0,0,0.27417219034901996
1.7.0,core/src/main/java/org/apache/calcite/sql/type/LiteralOperandTypeChecker.java,0,0,0.42591372758322216
1.7.0,core/src/main/java/org/apache/calcite/sql/type/MultisetOperandTypeChecker.java,0,0,0.4523265911237756
1.7.0,core/src/main/java/org/apache/calcite/sql/type/OperandTypes.java,0,0,7.41450376284889e-09
1.7.0,core/src/main/java/org/apache/calcite/sql/type/SameOperandTypeChecker.java,0,1,0.5653069599476819
1.7.0,core/src/main/java/org/apache/calcite/sql/type/SetopOperandTypeChecker.java,0,1,0.5774118229711978
1.7.0,core/src/main/java/org/apache/calcite/sql/type/SqlOperandCountRanges.java,0,0,0.07225013641778719
1.7.0,core/src/main/java/org/apache/calcite/sql/type/SqlOperandTypeChecker.java,0,0,0.1534646403507302
1.7.0,core/src/main/java/org/apache/calcite/adapter/enumerable/AggContext.java,0,0,0.1826852033520368
1.7.0,core/src/main/java/org/apache/calcite/adapter/enumerable/CallImplementor.java,0,0,0.1799083349703616
1.7.0,core/src/main/java/org/apache/calcite/sql/validate/SqlUserDefinedFunction.java,0,0,0.15651881560805253
1.7.0,core/src/main/java/org/apache/calcite/adapter/enumerable/JavaRelImplementor.java,0,0,0.43680028135142374
1.7.0,core/src/main/java/org/apache/calcite/util/mapping/Mappings.java,0,0,0.001499551974589477
1.7.0,core/src/main/java/org/apache/calcite/schema/impl/AbstractSchema.java,0,0,0.07306005413829866
1.7.0,linq4j/src/main/java/org/apache/calcite/linq4j/function/Functions.java,0,0,1.0634271642220443e-06
1.7.0,linq4j/src/main/java/org/apache/calcite/linq4j/function/Parameter.java,0,0,0.27950668245151766
1.7.0,cassandra/src/main/java/org/apache/calcite/adapter/cassandra/CassandraSchema.java,1,0,0.0015598154975783158
1.7.0,cassandra/src/main/java/org/apache/calcite/adapter/cassandra/CassandraSchemaFactory.java,0,0,0.08496748926965572
1.7.0,cassandra/src/main/java/org/apache/calcite/adapter/cassandra/CassandraTable.java,1,0,2.112619770484146e-06
