version,file,true_label,predicted,probability
1.3.0,core/src/main/java/org/apache/calcite/adapter/jdbc/JdbcToEnumerableConverter.java,0,0,0.49639019204508855
1.3.0,core/src/main/java/org/apache/calcite/sql/validate/SqlValidator.java,1,0,0.4964531293696743
1.3.0,linq4j/src/main/java/org/apache/calcite/linq4j/CartesianProductEnumerator.java,0,0,0.4964531293696743
1.3.0,core/src/main/java/org/apache/calcite/interpreter/AbstractSingleNode.java,0,0,0.4964531293696743
1.3.0,core/src/main/java/org/apache/calcite/interpreter/Row.java,0,0,0.4964531293696743
1.3.0,core/src/main/java/org/apache/calcite/plan/RelOptPlanner.java,0,0,0.20135180364018562
1.3.0,core/src/main/java/org/apache/calcite/server/CalciteServerStatement.java,0,0,0.4964531293696743
1.3.0,core/src/main/java/org/apache/calcite/util/BuiltInMethod.java,1,0,0.4964531293696743
1.3.0,core/src/main/java/org/apache/calcite/runtime/SqlFunctions.java,1,0,0.4964531293696743
1.3.0,core/src/main/java/org/apache/calcite/util/ImmutableBitSet.java,0,0,0.4963203576134259
1.3.0,core/src/main/java/org/apache/calcite/rel/rules/SemiJoinRule.java,0,0,0.4964531293696743
1.3.0,avatica/src/main/java/org/apache/calcite/avatica/util/ByteString.java,1,0,0.4964531293696743
1.3.0,core/src/main/java/org/apache/calcite/interpreter/SortNode.java,1,0,0.4964531293696743
1.3.0,core/src/main/java/org/apache/calcite/plan/RelCompositeTrait.java,0,0,0.4964531293696743
1.3.0,core/src/main/java/org/apache/calcite/plan/RelMultipleTrait.java,0,0,0.4964531293696743
1.3.0,core/src/main/java/org/apache/calcite/plan/RelOptMaterialization.java,0,0,0.4964531293696743
1.3.0,core/src/main/java/org/apache/calcite/plan/RelTrait.java,0,0,0.4964531293696743
1.3.0,core/src/main/java/org/apache/calcite/plan/RelTraitDef.java,0,0,0.4964531293696743
1.3.0,core/src/main/java/org/apache/calcite/prepare/LixToRelTranslator.java,0,0,0.49614543688853896
1.3.0,core/src/main/java/org/apache/calcite/prepare/Prepare.java,1,0,0.46206144719543757
1.3.0,core/src/main/java/org/apache/calcite/prepare/QueryableRelBuilder.java,0,0,0.4964531293696743
1.3.0,core/src/main/java/org/apache/calcite/rel/AbstractRelNode.java,1,0,0.4964531293696743
1.3.0,core/src/main/java/org/apache/calcite/rel/RelCollation.java,0,0,0.4964531293696743
1.3.0,core/src/main/java/org/apache/calcite/rel/RelCollations.java,0,0,0.4964531293696743
1.3.0,core/src/main/java/org/apache/calcite/rel/RelCollationTraitDef.java,1,0,0.4964531293696743
1.3.0,core/src/main/java/org/apache/calcite/rel/RelFieldCollation.java,0,0,0.3490360845645809
1.3.0,core/src/main/java/org/apache/calcite/rex/RexProgram.java,0,0,0.4964531293696743
1.3.0,core/src/main/java/org/apache/calcite/sql/SqlWindow.java,1,0,0.4962800520035297
1.3.0,core/src/main/java/org/apache/calcite/adapter/clone/ArrayTable.java,0,0,0.49642840397864285
1.3.0,core/src/main/java/org/apache/calcite/adapter/enumerable/EnumerableCalcRule.java,0,0,0.4964531293696743
1.3.0,core/src/main/java/org/apache/calcite/adapter/enumerable/EnumerableFilterToCalcRule.java,0,1,0.533998668748505
1.3.0,core/src/main/java/org/apache/calcite/adapter/enumerable/EnumerableMergeJoinRule.java,0,0,0.4964531293696743
1.3.0,core/src/main/java/org/apache/calcite/adapter/enumerable/EnumerableProjectToCalcRule.java,0,1,0.533998668748505
1.3.0,core/src/main/java/org/apache/calcite/adapter/enumerable/EnumerableSort.java,0,0,0.4962800520035297
1.3.0,core/src/main/java/org/apache/calcite/adapter/enumerable/EnumerableSortRule.java,0,0,0.4964531293696743
1.3.0,core/src/main/java/org/apache/calcite/adapter/enumerable/EnumerableValuesRule.java,0,0,0.4964531293696743
1.3.0,core/src/main/java/org/apache/calcite/plan/volcano/AbstractConverter.java,0,0,0.4964531293696743
1.3.0,core/src/main/java/org/apache/calcite/plan/volcano/RelSubset.java,1,0,0.4964531293696743
1.3.0,core/src/main/java/org/apache/calcite/rel/core/Calc.java,0,0,0.49639019204508855
1.3.0,core/src/main/java/org/apache/calcite/rel/core/Correlate.java,0,0,0.4964531293696743
1.3.0,core/src/main/java/org/apache/calcite/rel/core/JoinInfo.java,0,0,0.4964531293696743
1.3.0,core/src/main/java/org/apache/calcite/rel/logical/LogicalAggregate.java,0,0,0.4964531293696743
1.3.0,core/src/main/java/org/apache/calcite/rel/logical/LogicalCorrelate.java,0,0,0.4964531293696743
1.3.0,core/src/main/java/org/apache/calcite/rel/logical/LogicalIntersect.java,0,0,0.4964531293696743
1.3.0,core/src/main/java/org/apache/calcite/rel/logical/LogicalJoin.java,0,0,0.4964531293696743
1.3.0,core/src/main/java/org/apache/calcite/rel/logical/LogicalMinus.java,0,0,0.4964531293696743
1.3.0,core/src/main/java/org/apache/calcite/rel/logical/LogicalSort.java,0,0,0.4964531293696743
1.3.0,core/src/main/java/org/apache/calcite/rel/logical/LogicalTableFunctionScan.java,0,0,0.4964531293696743
1.3.0,core/src/main/java/org/apache/calcite/rel/logical/LogicalTableModify.java,0,0,0.4964531293696743
1.3.0,core/src/main/java/org/apache/calcite/rel/logical/LogicalUnion.java,0,0,0.4964531293696743
1.3.0,core/src/main/java/org/apache/calcite/rel/logical/LogicalValues.java,0,0,0.4964531293696743
1.3.0,core/src/main/java/org/apache/calcite/rel/rules/CalcRelSplitter.java,0,0,0.4964531293696743
1.3.0,core/src/main/java/org/apache/calcite/rel/rules/FilterCalcMergeRule.java,0,1,0.533998668748505
1.3.0,core/src/main/java/org/apache/calcite/rel/rules/FilterTableFunctionTransposeRule.java,0,1,0.533998668748505
1.3.0,core/src/main/java/org/apache/calcite/rel/rules/FilterToCalcRule.java,0,1,0.533998668748505
1.3.0,core/src/main/java/org/apache/calcite/rel/rules/ProjectCalcMergeRule.java,0,1,0.533998668748505
1.3.0,core/src/main/java/org/apache/calcite/rel/rules/ProjectToCalcRule.java,0,1,0.533998668748505
1.3.0,core/src/main/java/org/apache/calcite/rel/rules/ProjectToWindowRule.java,1,0,0.4961762060091162
1.3.0,core/src/main/java/org/apache/calcite/rel/rules/PruneEmptyRules.java,0,0,0.4964531293696743
1.3.0,core/src/main/java/org/apache/calcite/rel/rules/ReduceDecimalsRule.java,0,0,0.4964531293696743
1.3.0,core/src/main/java/org/apache/calcite/rel/rules/SortProjectTransposeRule.java,0,0,0.4964531293696743
1.3.0,core/src/main/java/org/apache/calcite/rel/rules/ValuesReduceRule.java,1,0,0.4964531293696743
1.3.0,core/src/main/java/org/apache/calcite/sql/fun/SqlLiteralChainOperator.java,0,0,0.4963665905777547
1.3.0,core/src/main/java/org/apache/calcite/sql/util/SqlShuttle.java,0,0,0.4964531293696743
1.3.0,splunk/src/main/java/org/apache/calcite/adapter/splunk/SplunkPushDownRule.java,0,0,0.4964531293696743
1.3.0,linq4j/src/main/java/org/apache/calcite/linq4j/Ord.java,0,0,0.4964531293696743
1.3.0,core/src/main/java/org/apache/calcite/interpreter/BindableConvention.java,0,0,0.4964531293696743
1.3.0,core/src/main/java/org/apache/calcite/interpreter/BindableRel.java,0,0,0.4964531293696743
1.3.0,core/src/main/java/org/apache/calcite/interpreter/Context.java,0,0,0.4964531293696743
1.3.0,core/src/main/java/org/apache/calcite/interpreter/FilterNode.java,0,0,0.4964531293696743
1.3.0,core/src/main/java/org/apache/calcite/interpreter/InterpretableConvention.java,0,0,0.4964531293696743
1.3.0,core/src/main/java/org/apache/calcite/interpreter/InterpretableConverter.java,0,0,0.4964531293696743
1.3.0,core/src/main/java/org/apache/calcite/interpreter/InterpretableRel.java,0,0,0.4964531293696743
1.3.0,core/src/main/java/org/apache/calcite/interpreter/Interpreters.java,0,0,0.4964531293696743
1.3.0,core/src/main/java/org/apache/calcite/interpreter/NoneToBindableConverterRule.java,0,0,0.4964531293696743
1.3.0,core/src/main/java/org/apache/calcite/interpreter/Scalar.java,0,0,0.4964531293696743
1.3.0,core/src/main/java/org/apache/calcite/interpreter/UnionNode.java,0,0,0.4964531293696743
1.3.0,core/src/main/java/org/apache/calcite/interpreter/WindowNode.java,0,0,0.4964531293696743
1.3.0,core/src/main/java/org/apache/calcite/rex/RexExecutorImpl.java,0,0,0.4964531293696743
1.3.0,core/src/main/java/org/apache/calcite/runtime/ArrayBindable.java,0,0,0.4964531293696743
1.3.0,core/src/main/java/org/apache/calcite/adapter/enumerable/AggImpState.java,0,0,0.4964531293696743
1.3.0,core/src/main/java/org/apache/calcite/adapter/enumerable/EnumerableBindable.java,0,0,0.4964531293696743
1.3.0,core/src/main/java/org/apache/calcite/adapter/enumerable/EnumerableConvention.java,0,0,0.4964531293696743
1.3.0,core/src/main/java/org/apache/calcite/adapter/enumerable/EnumerableFilterRule.java,0,0,0.4964531293696743
1.3.0,core/src/main/java/org/apache/calcite/adapter/enumerable/EnumerableInterpretable.java,0,0,0.4961935136521837
1.3.0,core/src/main/java/org/apache/calcite/adapter/enumerable/EnumUtils.java,0,0,0.4964531293696743
1.3.0,core/src/main/java/org/apache/calcite/adapter/java/ReflectiveSchema.java,0,0,0.4964531293696743
1.3.0,core/src/main/java/org/apache/calcite/rel/convert/ConverterRule.java,0,0,0.4964531293696743
1.3.0,spark/src/main/java/org/apache/calcite/adapter/spark/SparkHandlerImpl.java,0,0,0.4964531293696743
1.3.0,linq4j/src/main/java/org/apache/calcite/linq4j/tree/ConditionalExpression.java,0,0,0.4940301424672837
1.3.0,linq4j/src/main/java/org/apache/calcite/linq4j/tree/Types.java,0,1,0.6062891416810453
1.3.0,core/src/main/java/org/apache/calcite/plan/volcano/VolcanoPlanner.java,1,0,0.4964531293696743
1.3.0,mongodb/src/main/java/org/apache/calcite/adapter/mongodb/MongoAggregate.java,0,0,0.4959915917282502
1.3.0,mongodb/src/main/java/org/apache/calcite/adapter/mongodb/MongoRules.java,0,0,0.49639292844814104
1.3.0,core/src/main/java/org/apache/calcite/schema/ExtensibleTable.java,0,0,0.4964531293696743
1.3.0,core/src/main/java/org/apache/calcite/sql/SqlDelete.java,0,0,0.4959338999872633
1.3.0,core/src/main/java/org/apache/calcite/plan/RelOptRule.java,0,0,0.4964531293696743
1.3.0,core/src/main/java/org/apache/calcite/plan/RelTraitSet.java,0,0,0.4964531293696743
1.3.0,core/src/main/java/org/apache/calcite/plan/volcano/RelSet.java,1,0,0.4964531293696743
1.3.0,core/src/main/java/org/apache/calcite/rel/metadata/RelMdCollation.java,1,0,0.4964531293696743
1.3.0,avatica-server/src/main/java/org/apache/calcite/avatica/server/AvaticaHandler.java,0,0,0.4964531293696743
1.3.0,avatica-server/src/main/java/org/apache/calcite/avatica/server/HttpServer.java,0,0,0.4964531293696743
1.3.0,linq4j/src/main/java/org/apache/calcite/linq4j/tree/Primitive.java,0,1,0.9517139427849288
1.3.0,core/src/main/java/org/apache/calcite/materialize/MaterializationService.java,0,0,0.4964531293696743
1.3.0,core/src/main/java/org/apache/calcite/adapter/clone/ColumnLoader.java,0,0,0.4962800520035297
1.3.0,core/src/main/java/org/apache/calcite/rel/core/Project.java,1,0,0.4963732474002396
1.3.0,core/src/main/java/org/apache/calcite/rel/core/Values.java,0,0,0.4964531293696743
1.3.0,linq4j/src/main/java/org/apache/calcite/linq4j/function/Functions.java,0,0,0.4962507620747863
1.3.0,linq4j/src/main/java/org/apache/calcite/linq4j/tree/ConstructorDeclaration.java,0,0,0.49414551733870393
1.3.0,linq4j/src/main/java/org/apache/calcite/linq4j/tree/MethodDeclaration.java,0,0,0.49414551733870393
1.3.0,core/src/main/java/org/apache/calcite/adapter/enumerable/EnumerableTableFunctionScan.java,0,0,0.4964531293696743
1.3.0,core/src/main/java/org/apache/calcite/rel/core/Join.java,0,0,0.49631466740676444
1.3.0,core/src/main/java/org/apache/calcite/rel/core/TableFunctionScan.java,0,0,0.4964531293696743
1.3.0,core/src/main/java/org/apache/calcite/rel/externalize/RelWriterImpl.java,0,0,0.4964531293696743
1.3.0,core/src/main/java/org/apache/calcite/rel/rules/MultiJoin.java,0,0,0.4964531293696743
1.3.0,core/src/main/java/org/apache/calcite/sql/fun/SqlExtractFunction.java,0,0,0.4964531293696743
1.3.0,core/src/main/java/org/apache/calcite/util/ImmutableNullableList.java,0,0,0.4964531293696743
1.3.0,core/src/main/java/org/apache/calcite/rel/metadata/BuiltInMetadata.java,0,1,0.598647351763049
1.3.0,core/src/main/java/org/apache/calcite/rel/metadata/DefaultRelMetadataProvider.java,0,0,0.4964531293696743
1.3.0,core/src/main/java/org/apache/calcite/rel/metadata/RelMetadataQuery.java,0,0,0.4964531293696743
1.3.0,core/src/main/java/org/apache/calcite/sql/fun/SqlSequenceValueOperator.java,0,0,0.4964531293696743
1.3.0,core/src/main/java/org/apache/calcite/jdbc/CalciteSchema.java,0,0,0.4964531293696743
1.3.0,core/src/main/java/org/apache/calcite/model/JsonRoot.java,0,0,0.4964531293696743
1.3.0,core/src/main/java/org/apache/calcite/model/JsonStream.java,0,0,0.4964531293696743
1.3.0,core/src/main/java/org/apache/calcite/model/JsonTable.java,0,0,0.4964531293696743
1.3.0,core/src/main/java/org/apache/calcite/schema/Schema.java,1,0,0.4964531293696743
1.3.0,core/src/main/java/org/apache/calcite/schema/StreamableTable.java,0,0,0.4964531293696743
1.3.0,core/src/main/java/org/apache/calcite/sql/SqlSelectKeyword.java,0,0,0.4964531293696743
1.3.0,core/src/main/java/org/apache/calcite/sql2rel/RelStructuredTypeFlattener.java,0,0,0.4964531293696743
1.3.0,avatica/src/main/java/org/apache/calcite/avatica/util/PackageMarker.java,0,0,0.4964531293696743
1.3.0,core/src/main/java/org/apache/calcite/adapter/enumerable/EnumerableTableScan.java,0,0,0.49620138076568715
1.3.0,core/src/main/java/org/apache/calcite/adapter/enumerable/RexImpTable.java,1,0,0.49628984881216226
1.3.0,linq4j/src/main/java/org/apache/calcite/linq4j/PackageMarker.java,0,0,0.4964531293696743
1.3.0,core/src/main/java/org/apache/calcite/rel/stream/Chi.java,0,0,0.4964531293696743
1.3.0,core/src/main/java/org/apache/calcite/rel/stream/Delta.java,0,0,0.4964531293696743
1.3.0,core/src/main/java/org/apache/calcite/rel/stream/LogicalChi.java,0,0,0.4964531293696743
1.3.0,core/src/main/java/org/apache/calcite/rel/stream/LogicalDelta.java,0,0,0.4964531293696743
1.3.0,core/src/main/java/org/apache/calcite/rel/stream/StreamRules.java,0,0,0.4964531293696743
1.3.0,core/src/main/java/org/apache/calcite/sql/advise/SqlAdvisorValidator.java,1,0,0.4964531293696743
1.3.0,core/src/main/java/org/apache/calcite/sql/fun/SqlCollectionTableOperator.java,0,0,0.4964531293696743
1.3.0,core/src/main/java/org/apache/calcite/sql/fun/SqlFloorFunction.java,0,0,0.4964531293696743
1.3.0,core/src/main/java/org/apache/calcite/sql/type/CompositeSingleOperandTypeChecker.java,0,0,0.4964531293696743
1.3.0,core/src/main/java/org/apache/calcite/sql/validate/AbstractNamespace.java,1,0,0.4964531293696743
1.3.0,core/src/main/java/org/apache/calcite/sql/validate/IdentifierNamespace.java,1,0,0.4964531293696743
1.3.0,core/src/main/java/org/apache/calcite/sql/validate/SelectNamespace.java,1,0,0.4964531293696743
1.3.0,core/src/main/java/org/apache/calcite/sql/validate/SetopNamespace.java,1,0,0.4964531293696743
1.3.0,core/src/main/java/org/apache/calcite/sql/validate/SqlModality.java,0,0,0.4964531293696743
1.3.0,core/src/main/java/org/apache/calcite/sql/validate/SqlValidatorNamespace.java,1,0,0.4964531293696743
1.3.0,core/src/main/java/org/apache/calcite/sql/validate/SqlValidatorTable.java,0,0,0.4964531293696743
1.3.0,core/src/main/java/org/apache/calcite/sql/validate/TableConstructorNamespace.java,1,0,0.4964531293696743
1.3.0,core/src/main/java/org/apache/calcite/sql/validate/TableNamespace.java,1,0,0.4964531293696743
1.3.0,linq4j/src/main/java/org/apache/calcite/linq4j/Linq4j.java,0,0,0.4964531293696743
1.3.0,linq4j/src/main/java/org/apache/calcite/linq4j/tree/Visitor.java,0,0,0.4964531293696743
1.3.0,core/src/main/java/org/apache/calcite/rel/metadata/RelMdMemory.java,0,0,0.4964531293696743
1.3.0,core/src/main/java/org/apache/calcite/rel/metadata/RelMdParallelism.java,0,0,0.4964531293696743
1.3.0,core/src/main/java/org/apache/calcite/util/Static.java,0,0,0.4964531293696743
1.3.0,core/src/main/java/org/apache/calcite/sql/SqlCall.java,1,0,0.4964531293696743
1.3.0,core/src/main/java/org/apache/calcite/sql/SqlNode.java,0,0,0.4964531293696743
1.3.0,core/src/main/java/org/apache/calcite/sql/advise/SqlAdvisor.java,0,0,0.4964531293696743
1.3.0,core/src/main/java/org/apache/calcite/sql/parser/SqlParserPos.java,0,0,0.4964531293696743
1.3.0,core/src/main/java/org/apache/calcite/sql/validate/AggregatingSelectScope.java,1,0,0.4964531293696743
1.3.0,core/src/main/java/org/apache/calcite/sql/validate/CatalogScope.java,0,0,0.4964531293696743
1.3.0,core/src/main/java/org/apache/calcite/sql/validate/EmptyScope.java,0,0,0.4964531293696743
1.3.0,core/src/main/java/org/apache/calcite/sql/validate/ListScope.java,0,0,0.4964531293696743
1.3.0,core/src/main/java/org/apache/calcite/sql/validate/OrderByScope.java,0,0,0.4964531293696743
1.3.0,core/src/main/java/org/apache/calcite/sql/validate/ParameterScope.java,0,0,0.4964531293696743
1.3.0,core/src/main/java/org/apache/calcite/sql/validate/SchemaNamespace.java,1,0,0.4964531293696743
1.3.0,core/src/main/java/org/apache/calcite/sql/validate/SelectScope.java,0,0,0.4964531293696743
1.3.0,core/src/main/java/org/apache/calcite/sql/validate/SqlMoniker.java,0,0,0.4964531293696743
1.3.0,core/src/main/java/org/apache/calcite/sql/validate/SqlMonikerImpl.java,0,0,0.4964531293696743
1.3.0,core/src/main/java/org/apache/calcite/sql/validate/SqlMonikerType.java,0,0,0.4964531293696743
1.3.0,core/src/main/java/org/apache/calcite/sql/validate/SqlQualified.java,0,0,0.4964531293696743
1.3.0,core/src/main/java/org/apache/calcite/sql/validate/SqlValidatorCatalogReader.java,0,0,0.4964531293696743
1.3.0,core/src/main/java/org/apache/calcite/sql/validate/SqlValidatorScope.java,0,0,0.4964531293696743
1.3.0,core/src/main/java/org/apache/calcite/sql/validate/WithScope.java,1,0,0.4964531293696743
1.3.0,core/src/main/java/org/apache/calcite/runtime/Enumerables.java,0,0,0.49537314213845146
1.3.0,core/src/main/java/org/apache/calcite/adapter/enumerable/EnumerableJoinRule.java,0,0,0.4964531293696743
1.3.0,core/src/main/java/org/apache/calcite/adapter/enumerable/EnumerableThetaJoin.java,0,1,0.5333094594216218
1.3.0,linq4j/src/main/java/org/apache/calcite/linq4j/tree/FunctionExpression.java,0,0,0.4952992983203955
1.3.0,core/src/main/java/org/apache/calcite/sql/SqlDialect.java,0,0,0.4960031300893052
1.3.0,core/src/main/java/org/apache/calcite/sql/SqlCallBinding.java,0,0,0.4964531293696743
1.3.0,core/src/main/java/org/apache/calcite/adapter/enumerable/EnumerableAggregateRule.java,0,0,0.446758952652779
1.3.0,core/src/main/java/org/apache/calcite/adapter/enumerable/PhysType.java,0,0,0.4964531293696743
1.3.0,core/src/main/java/org/apache/calcite/sql/fun/SqlThrowOperator.java,0,0,0.4964531293696743
1.3.0,core/src/main/java/org/apache/calcite/plan/RelOptLattice.java,0,0,0.4964531293696743
1.3.0,core/src/main/java/org/apache/calcite/plan/Strong.java,0,0,0.4964531293696743
1.3.0,core/src/main/java/org/apache/calcite/util/BitSets.java,0,0,0.4964531293696743
1.3.0,core/src/main/java/org/apache/calcite/plan/hep/HepRelVertex.java,0,0,0.4964531293696743
1.3.0,core/src/main/java/org/apache/calcite/rel/core/Intersect.java,0,0,0.4964531293696743
1.3.0,core/src/main/java/org/apache/calcite/rel/core/Minus.java,0,0,0.4964531293696743
1.3.0,core/src/main/java/org/apache/calcite/rel/metadata/RelMdRowCount.java,0,0,0.4964531293696743
1.3.0,core/src/main/java/org/apache/calcite/rel/metadata/RelMdSelectivity.java,0,0,0.4958473625792761
1.3.0,core/src/main/java/org/apache/calcite/rel/rules/JoinAssociateRule.java,0,0,0.4964531293696743
1.3.0,core/src/main/java/org/apache/calcite/rel/rules/JoinPushThroughJoinRule.java,0,0,0.4950685377254646
1.3.0,core/src/main/java/org/apache/calcite/rel/rules/JoinToMultiJoinRule.java,0,0,0.49564544293715534
1.3.0,core/src/main/java/org/apache/calcite/rel/rules/LoptMultiJoin.java,0,0,0.4964531293696743
1.3.0,core/src/main/java/org/apache/calcite/rel/rules/LoptOptimizeJoinRule.java,0,0,0.4964069753205417
1.3.0,core/src/main/java/org/apache/calcite/rel/rules/MultiJoinOptimizeBushyRule.java,0,0,0.4964531293696743
1.3.0,plus/src/main/java/org/apache/calcite/adapter/tpcds/TpcdsSchema.java,0,0,0.07527567959692986
1.3.0,core/src/main/java/org/apache/calcite/adapter/jdbc/JdbcTable.java,1,0,0.4964531293696743
1.3.0,core/src/main/java/org/apache/calcite/adapter/jdbc/JdbcUtils.java,0,0,0.49622235974421475
1.3.0,avatica/src/main/java/org/apache/calcite/avatica/ColumnMetaData.java,0,0,0.2808023183501084
1.3.0,core/src/main/java/org/apache/calcite/DataContext.java,0,0,0.4964531293696743
1.3.0,core/src/main/java/org/apache/calcite/jdbc/CalciteConnection.java,0,0,0.4964531293696743
1.3.0,core/src/main/java/org/apache/calcite/jdbc/CalciteFactory.java,0,0,0.4964531293696743
1.3.0,core/src/main/java/org/apache/calcite/jdbc/CalciteRootSchema.java,0,0,0.4964531293696743
1.3.0,core/src/main/java/org/apache/calcite/jdbc/JavaRecordType.java,0,0,0.4964531293696743
1.3.0,core/src/main/java/org/apache/calcite/materialize/MaterializationActor.java,0,0,0.4964531293696743
1.3.0,core/src/main/java/org/apache/calcite/materialize/MaterializationKey.java,0,0,0.4964531293696743
1.3.0,core/src/main/java/org/apache/calcite/model/JsonCustomSchema.java,0,0,0.4964531293696743
1.3.0,core/src/main/java/org/apache/calcite/model/JsonJdbcSchema.java,0,0,0.4964531293696743
1.3.0,core/src/main/java/org/apache/calcite/model/JsonMapSchema.java,0,0,0.4964531293696743
1.3.0,core/src/main/java/org/apache/calcite/model/JsonMaterialization.java,0,0,0.4964531293696743
1.3.0,core/src/main/java/org/apache/calcite/model/JsonSchema.java,0,0,0.4964531293696743
1.3.0,core/src/main/java/org/apache/calcite/plan/AbstractRelOptPlanner.java,0,0,0.4964531293696743
1.3.0,core/src/main/java/org/apache/calcite/plan/Context.java,0,0,0.4964531293696743
1.3.0,core/src/main/java/org/apache/calcite/plan/Convention.java,0,0,0.4964531293696743
1.3.0,core/src/main/java/org/apache/calcite/plan/ConventionTraitDef.java,1,0,0.4964531293696743
1.3.0,core/src/main/java/org/apache/calcite/plan/MulticastRelOptListener.java,0,0,0.4964531293696743
1.3.0,core/src/main/java/org/apache/calcite/plan/RelOptCostImpl.java,0,0,0.4964531293696743
1.3.0,core/src/main/java/org/apache/calcite/plan/RelOptListener.java,0,0,0.4964531293696743
1.3.0,core/src/main/java/org/apache/calcite/plan/RelOptRuleCall.java,0,0,0.4964531293696743
1.3.0,core/src/main/java/org/apache/calcite/plan/RelOptSchema.java,0,0,0.4964531293696743
1.3.0,core/src/main/java/org/apache/calcite/plan/RelTraitPropagationVisitor.java,0,0,0.4964531293696743
1.3.0,core/src/main/java/org/apache/calcite/plan/TableAccessMap.java,0,0,0.4964531293696743
1.3.0,core/src/main/java/org/apache/calcite/prepare/CalciteSqlValidator.java,0,0,0.4964531293696743
1.3.0,core/src/main/java/org/apache/calcite/rel/RelWriter.java,0,0,0.4964531293696743
1.3.0,core/src/main/java/org/apache/calcite/rel/SingleRel.java,0,0,0.4964531293696743
1.3.0,core/src/main/java/org/apache/calcite/rex/RexCall.java,0,0,0.4964531293696743
1.3.0,core/src/main/java/org/apache/calcite/rex/RexCallBinding.java,0,0,0.4964531293696743
1.3.0,core/src/main/java/org/apache/calcite/rex/RexChecker.java,0,0,0.4961935136521837
1.3.0,core/src/main/java/org/apache/calcite/rex/RexCorrelVariable.java,0,0,0.4964531293696743
1.3.0,core/src/main/java/org/apache/calcite/rex/RexDynamicParam.java,0,0,0.4964531293696743
1.3.0,core/src/main/java/org/apache/calcite/rex/RexExecutable.java,0,0,0.4964531293696743
1.3.0,core/src/main/java/org/apache/calcite/rex/RexFieldAccess.java,0,0,0.4964531293696743
1.3.0,core/src/main/java/org/apache/calcite/rex/RexFieldCollation.java,0,0,0.4964531293696743
1.3.0,core/src/main/java/org/apache/calcite/rex/RexLocalRef.java,0,0,0.4964531293696743
1.3.0,core/src/main/java/org/apache/calcite/rex/RexMultisetUtil.java,0,0,0.4964531293696743
1.3.0,core/src/main/java/org/apache/calcite/rex/RexNode.java,0,0,0.4964531293696743
1.3.0,core/src/main/java/org/apache/calcite/rex/RexOver.java,0,0,0.4964531293696743
1.3.0,core/src/main/java/org/apache/calcite/rex/RexPermutationShuttle.java,0,0,0.4964531293696743
1.3.0,core/src/main/java/org/apache/calcite/rex/RexPermuteInputsShuttle.java,0,0,0.4964531293696743
1.3.0,core/src/main/java/org/apache/calcite/rex/RexRangeRef.java,0,0,0.4964531293696743
1.3.0,core/src/main/java/org/apache/calcite/rex/RexSlot.java,0,0,0.4964531293696743
1.3.0,core/src/main/java/org/apache/calcite/rex/RexSqlConvertlet.java,0,0,0.4964531293696743
1.3.0,core/src/main/java/org/apache/calcite/rex/RexSqlReflectiveConvertletTable.java,0,0,0.4950685377254646
1.3.0,core/src/main/java/org/apache/calcite/rex/RexSqlStandardConvertletTable.java,0,0,0.4964531293696743
1.3.0,core/src/main/java/org/apache/calcite/rex/RexToSqlNodeConverter.java,0,0,0.4964531293696743
1.3.0,core/src/main/java/org/apache/calcite/rex/RexToSqlNodeConverterImpl.java,0,0,0.4964531293696743
1.3.0,core/src/main/java/org/apache/calcite/rex/RexTransformer.java,0,0,0.4964531293696743
1.3.0,core/src/main/java/org/apache/calcite/rex/RexVariable.java,0,0,0.4964531293696743
1.3.0,core/src/main/java/org/apache/calcite/rex/RexVisitor.java,0,0,0.4964531293696743
1.3.0,core/src/main/java/org/apache/calcite/rex/RexVisitorImpl.java,0,0,0.4964531293696743
1.3.0,core/src/main/java/org/apache/calcite/rex/RexWindow.java,0,0,0.4955877518688511
1.3.0,core/src/main/java/org/apache/calcite/rex/RexWindowBound.java,0,0,0.4961762060091162
1.3.0,core/src/main/java/org/apache/calcite/runtime/BinarySearch.java,0,0,0.49553006091803664
1.3.0,core/src/main/java/org/apache/calcite/runtime/Bindable.java,0,0,0.4964531293696743
1.3.0,core/src/main/java/org/apache/calcite/runtime/CalciteContextException.java,0,0,0.4964531293696743
1.3.0,core/src/main/java/org/apache/calcite/runtime/CalciteException.java,0,0,0.4964531293696743
1.3.0,core/src/main/java/org/apache/calcite/runtime/Feature.java,0,0,0.4964531293696743
1.3.0,core/src/main/java/org/apache/calcite/runtime/FlatLists.java,0,0,0.4961353486586282
1.3.0,core/src/main/java/org/apache/calcite/runtime/ResultSetEnumerable.java,0,0,0.4960458899349463
1.3.0,core/src/main/java/org/apache/calcite/runtime/SortedMultiMap.java,0,0,0.4964531293696743
1.3.0,core/src/main/java/org/apache/calcite/schema/AggregateFunction.java,0,0,0.4964531293696743
1.3.0,core/src/main/java/org/apache/calcite/schema/FilterableTable.java,0,0,0.4964531293696743
1.3.0,core/src/main/java/org/apache/calcite/schema/FunctionParameter.java,0,0,0.4964531293696743
1.3.0,core/src/main/java/org/apache/calcite/schema/ImplementableAggFunction.java,0,0,0.4964531293696743
1.3.0,core/src/main/java/org/apache/calcite/schema/ImplementableFunction.java,0,0,0.4964531293696743
1.3.0,core/src/main/java/org/apache/calcite/schema/Member.java,0,0,0.4964531293696743
1.3.0,core/src/main/java/org/apache/calcite/schema/ProjectableFilterableTable.java,0,0,0.4964531293696743
1.3.0,core/src/main/java/org/apache/calcite/schema/QueryableTable.java,0,0,0.4964531293696743
1.3.0,core/src/main/java/org/apache/calcite/schema/ScalarFunction.java,0,0,0.4964531293696743
1.3.0,core/src/main/java/org/apache/calcite/schema/ScannableTable.java,0,0,0.4964531293696743
1.3.0,core/src/main/java/org/apache/calcite/schema/SchemaPlus.java,0,0,0.4964531293696743
1.3.0,core/src/main/java/org/apache/calcite/schema/Table.java,0,0,0.4964531293696743
1.3.0,core/src/main/java/org/apache/calcite/schema/TableFactory.java,0,0,0.4964531293696743
1.3.0,core/src/main/java/org/apache/calcite/schema/TableFunction.java,0,0,0.4964531293696743
1.3.0,core/src/main/java/org/apache/calcite/schema/TranslatableTable.java,0,0,0.4964531293696743
1.3.0,core/src/main/java/org/apache/calcite/sql/ExplicitOperatorBinding.java,0,0,0.4964531293696743
1.3.0,core/src/main/java/org/apache/calcite/sql/JoinConditionType.java,0,0,0.4964531293696743
1.3.0,core/src/main/java/org/apache/calcite/sql/JoinType.java,0,0,0.4964531293696743
1.3.0,core/src/main/java/org/apache/calcite/sql/SqlAbstractDateTimeLiteral.java,0,0,0.4964531293696743
1.3.0,core/src/main/java/org/apache/calcite/sql/SqlAbstractStringLiteral.java,0,0,0.4964531293696743
1.3.0,core/src/main/java/org/apache/calcite/sql/SqlAccessType.java,0,0,0.4964531293696743
1.3.0,core/src/main/java/org/apache/calcite/sql/SqlAsOperator.java,0,0,0.49633774436190203
1.3.0,core/src/main/java/org/apache/calcite/sql/SqlBasicCall.java,0,0,0.4964531293696743
1.3.0,core/src/main/java/org/apache/calcite/sql/SqlBinaryStringLiteral.java,0,0,0.4964531293696743
1.3.0,core/src/main/java/org/apache/calcite/sql/SqlCharStringLiteral.java,0,0,0.4964531293696743
1.3.0,core/src/main/java/org/apache/calcite/sql/SqlCollation.java,0,0,0.4964531293696743
1.3.0,core/src/main/java/org/apache/calcite/sql/SqlDynamicParam.java,0,0,0.4964531293696743
1.3.0,core/src/main/java/org/apache/calcite/sql/SqlExplain.java,0,0,0.4954839082430099
1.3.0,core/src/main/java/org/apache/calcite/sql/SqlExplainLevel.java,0,0,0.4964531293696743
1.3.0,core/src/main/java/org/apache/calcite/sql/SqlFunction.java,0,0,0.4964531293696743
1.3.0,core/src/main/java/org/apache/calcite/sql/SqlFunctionalOperator.java,0,1,0.533998668748505
1.3.0,core/src/main/java/org/apache/calcite/sql/SqlFunctionCategory.java,0,0,0.4964531293696743
1.3.0,core/src/main/java/org/apache/calcite/sql/SqlIntervalLiteral.java,0,0,0.4964531293696743
1.3.0,core/src/main/java/org/apache/calcite/sql/SqlJoin.java,0,0,0.495795440253576
1.3.0,core/src/main/java/org/apache/calcite/sql/SqlMerge.java,0,0,0.4955877518688511
1.3.0,core/src/main/java/org/apache/calcite/sql/SqlNodeList.java,0,0,0.4964531293696743
1.3.0,core/src/main/java/org/apache/calcite/sql/SqlNumericLiteral.java,0,0,0.4964531293696743
1.3.0,core/src/main/java/org/apache/calcite/sql/SqlOperatorBinding.java,0,0,0.4964531293696743
1.3.0,core/src/main/java/org/apache/calcite/sql/SqlOperatorTable.java,0,0,0.4964531293696743
1.3.0,core/src/main/java/org/apache/calcite/sql/SqlOrderBy.java,0,0,0.4964531293696743
1.3.0,core/src/main/java/org/apache/calcite/sql/SqlPostfixOperator.java,0,0,0.49589928499454416
1.3.0,core/src/main/java/org/apache/calcite/sql/SqlPrefixOperator.java,0,0,0.4959915917282502
1.3.0,core/src/main/java/org/apache/calcite/sql/SqlProcedureCallOperator.java,0,0,0.4964531293696743
1.3.0,core/src/main/java/org/apache/calcite/sql/SqlSampleSpec.java,0,0,0.4964531293696743
1.3.0,core/src/main/java/org/apache/calcite/sql/SqlSelect.java,1,0,0.49573610056388756
1.3.0,core/src/main/java/org/apache/calcite/sql/SqlSelectOperator.java,1,0,0.4964531293696743
1.3.0,core/src/main/java/org/apache/calcite/sql/SqlSetOperator.java,1,0,0.4964531293696743
1.3.0,core/src/main/java/org/apache/calcite/sql/SqlSetOption.java,1,0,0.4964531293696743
1.3.0,core/src/main/java/org/apache/calcite/sql/SqlStateCodes.java,0,0,0.4964531293696743
1.3.0,core/src/main/java/org/apache/calcite/sql/SqlSyntax.java,0,0,0.4964531293696743
1.3.0,core/src/main/java/org/apache/calcite/sql/SqlUnnestOperator.java,0,0,0.4964531293696743
1.3.0,core/src/main/java/org/apache/calcite/sql/SqlWriter.java,0,0,0.0005752454465982552
1.3.0,core/src/main/java/org/apache/calcite/sql2rel/DefaultValueFactory.java,0,0,0.4964531293696743
1.3.0,core/src/main/java/org/apache/calcite/sql2rel/ReflectiveConvertletTable.java,0,0,0.4949146984900022
1.3.0,core/src/main/java/org/apache/calcite/sql2rel/SqlNodeToRexConverter.java,0,0,0.4964531293696743
1.3.0,core/src/main/java/org/apache/calcite/sql2rel/SqlRexContext.java,0,0,0.4964531293696743
1.3.0,core/src/main/java/org/apache/calcite/sql2rel/SqlRexConvertlet.java,0,0,0.4964531293696743
1.3.0,core/src/main/java/org/apache/calcite/sql2rel/SqlRexConvertletTable.java,0,0,0.4964531293696743
1.3.0,core/src/main/java/org/apache/calcite/sql2rel/SubqueryConverter.java,0,0,0.4964531293696743
1.3.0,core/src/main/java/org/apache/calcite/tools/Planner.java,0,0,0.4964531293696743
1.3.0,core/src/main/java/org/apache/calcite/tools/Program.java,0,0,0.4964531293696743
1.3.0,core/src/main/java/org/apache/calcite/tools/RuleSet.java,0,0,0.4964531293696743
1.3.0,core/src/main/java/org/apache/calcite/tools/RuleSets.java,0,0,0.4964531293696743
1.3.0,core/src/main/java/org/apache/calcite/util/BarfingInvocationHandler.java,0,0,0.4964531293696743
1.3.0,core/src/main/java/org/apache/calcite/util/BasicDatetime.java,0,0,0.4964531293696743
1.3.0,core/src/main/java/org/apache/calcite/util/Benchmark.java,0,0,0.4964531293696743
1.3.0,core/src/main/java/org/apache/calcite/util/BitString.java,0,0,0.4964531293696743
1.3.0,core/src/main/java/org/apache/calcite/util/CalciteParserException.java,0,0,0.4964531293696743
1.3.0,core/src/main/java/org/apache/calcite/util/CalciteValidatorException.java,0,0,0.4964531293696743
1.3.0,core/src/main/java/org/apache/calcite/util/CastingList.java,0,0,0.4964531293696743
1.3.0,core/src/main/java/org/apache/calcite/util/ChunkList.java,1,0,0.4964531293696743
1.3.0,core/src/main/java/org/apache/calcite/util/CompatibleGuava11.java,0,0,0.4962827147255936
1.3.0,core/src/main/java/org/apache/calcite/util/CompositeList.java,0,0,0.4964531293696743
1.3.0,core/src/main/java/org/apache/calcite/util/CompositeMap.java,0,0,0.4964531293696743
1.3.0,core/src/main/java/org/apache/calcite/util/CompoundClosableAllocation.java,0,0,0.4964531293696743
1.3.0,core/src/main/java/org/apache/calcite/util/ConversionUtil.java,0,0,0.4964531293696743
1.3.0,core/src/main/java/org/apache/calcite/util/DelegatingInvocationHandler.java,0,0,0.4964531293696743
1.3.0,core/src/main/java/org/apache/calcite/util/Filterator.java,0,0,0.4964531293696743
1.3.0,core/src/main/java/org/apache/calcite/util/IntegerIntervalSet.java,0,0,0.4964531293696743
1.3.0,core/src/main/java/org/apache/calcite/util/IntList.java,0,0,0.4964531293696743
1.3.0,core/src/main/java/org/apache/calcite/util/NlsString.java,0,0,0.4964531293696743
1.3.0,core/src/main/java/org/apache/calcite/util/NumberUtil.java,0,0,0.4964531293696743
1.3.0,core/src/main/java/org/apache/calcite/util/Pair.java,0,0,0.49622706931265376
1.3.0,core/src/main/java/org/apache/calcite/util/PartiallyOrderedSet.java,0,0,0.49609124134957583
1.3.0,core/src/main/java/org/apache/calcite/util/Permutation.java,0,0,0.49641240520551194
1.3.0,core/src/main/java/org/apache/calcite/util/ReflectiveVisitDispatcher.java,0,0,0.4964531293696743
1.3.0,core/src/main/java/org/apache/calcite/util/ReflectUtil.java,0,0,0.4964531293696743
1.3.0,core/src/main/java/org/apache/calcite/util/SaffronProperties.java,0,0,0.4964531293696743
1.3.0,core/src/main/java/org/apache/calcite/util/SerializableCharset.java,0,0,0.4964531293696743
1.3.0,core/src/main/java/org/apache/calcite/util/StackWriter.java,0,0,0.4964531293696743
1.3.0,core/src/main/java/org/apache/calcite/util/Template.java,0,0,0.4964531293696743
1.3.0,core/src/main/java/org/apache/calcite/util/UnmodifiableArrayList.java,0,0,0.4964531293696743
1.3.0,core/src/main/java/org/apache/calcite/util/XmlOutput.java,0,0,0.49633774436190203
1.3.0,core/src/main/java/org/apache/calcite/adapter/clone/CloneSchema.java,0,0,0.4964531293696743
1.3.0,core/src/main/java/org/apache/calcite/adapter/enumerable/AggResetContext.java,0,0,0.4964531293696743
1.3.0,core/src/main/java/org/apache/calcite/adapter/enumerable/AggResultContext.java,0,0,0.4964531293696743
1.3.0,core/src/main/java/org/apache/calcite/adapter/enumerable/EnumerableCollect.java,0,0,0.49622235974421475
1.3.0,core/src/main/java/org/apache/calcite/adapter/enumerable/EnumerableCollectRule.java,0,0,0.4964531293696743
1.3.0,core/src/main/java/org/apache/calcite/adapter/enumerable/EnumerableIntersect.java,1,0,0.49553006091803664
1.3.0,core/src/main/java/org/apache/calcite/adapter/enumerable/EnumerableIntersectRule.java,0,0,0.4964531293696743
1.3.0,core/src/main/java/org/apache/calcite/adapter/enumerable/EnumerableLimitRule.java,0,0,0.4964531293696743
1.3.0,core/src/main/java/org/apache/calcite/adapter/enumerable/EnumerableMinus.java,1,0,0.4964531293696743
1.3.0,core/src/main/java/org/apache/calcite/adapter/enumerable/EnumerableMinusRule.java,0,0,0.4964531293696743
1.3.0,core/src/main/java/org/apache/calcite/adapter/enumerable/EnumerableTableFunctionScanRule.java,0,0,0.4964531293696743
1.3.0,core/src/main/java/org/apache/calcite/adapter/enumerable/EnumerableTableModify.java,0,0,0.4964531293696743
1.3.0,core/src/main/java/org/apache/calcite/adapter/enumerable/EnumerableTableModifyRule.java,0,0,0.4964531293696743
1.3.0,core/src/main/java/org/apache/calcite/adapter/enumerable/EnumerableUncollect.java,0,0,0.4964531293696743
1.3.0,core/src/main/java/org/apache/calcite/adapter/enumerable/EnumerableUncollectRule.java,0,0,0.4964531293696743
1.3.0,core/src/main/java/org/apache/calcite/adapter/enumerable/EnumerableUnion.java,1,0,0.49553006091803664
1.3.0,core/src/main/java/org/apache/calcite/adapter/enumerable/EnumerableUnionRule.java,0,0,0.4964531293696743
1.3.0,core/src/main/java/org/apache/calcite/adapter/enumerable/EnumerableWindowRule.java,0,1,0.533998668748505
1.3.0,core/src/main/java/org/apache/calcite/adapter/enumerable/NestedBlockBuilder.java,0,0,0.4964531293696743
1.3.0,core/src/main/java/org/apache/calcite/adapter/enumerable/NestedBlockBuilderImpl.java,0,0,0.4964531293696743
1.3.0,core/src/main/java/org/apache/calcite/adapter/enumerable/NotNullImplementor.java,0,0,0.4964531293696743
1.3.0,core/src/main/java/org/apache/calcite/adapter/enumerable/NullPolicy.java,0,0,0.4964531293696743
1.3.0,core/src/main/java/org/apache/calcite/adapter/enumerable/ReflectiveCallNotNullImplementor.java,0,0,0.4964531293696743
1.3.0,core/src/main/java/org/apache/calcite/adapter/enumerable/StrictWinAggImplementor.java,0,0,0.4964531293696743
1.3.0,core/src/main/java/org/apache/calcite/adapter/enumerable/WinAggAddContext.java,0,0,0.4964531293696743
1.3.0,core/src/main/java/org/apache/calcite/adapter/enumerable/WinAggFrameContext.java,0,0,0.4964531293696743
1.3.0,core/src/main/java/org/apache/calcite/adapter/enumerable/WinAggFrameResultContext.java,0,0,0.4964531293696743
1.3.0,core/src/main/java/org/apache/calcite/adapter/enumerable/WinAggResetContext.java,0,0,0.4964531293696743
1.3.0,core/src/main/java/org/apache/calcite/adapter/enumerable/WinAggResultContext.java,0,0,0.4964531293696743
1.3.0,core/src/main/java/org/apache/calcite/adapter/java/AbstractQueryableTable.java,0,0,0.4964531293696743
1.3.0,core/src/main/java/org/apache/calcite/adapter/java/JavaTypeFactory.java,0,0,0.4964531293696743
1.3.0,core/src/main/java/org/apache/calcite/adapter/jdbc/JdbcImplementor.java,1,0,0.4964531293696743
1.3.0,core/src/main/java/org/apache/calcite/adapter/jdbc/JdbcQueryProvider.java,0,0,0.4964531293696743
1.3.0,core/src/main/java/org/apache/calcite/adapter/jdbc/JdbcRel.java,0,0,0.4964531293696743
1.3.0,core/src/main/java/org/apache/calcite/adapter/jdbc/JdbcTableScan.java,0,0,0.4964531293696743
1.3.0,core/src/main/java/org/apache/calcite/adapter/jdbc/JdbcToEnumerableConverterRule.java,0,0,0.4964531293696743
1.3.0,core/src/main/java/org/apache/calcite/plan/hep/HepInstruction.java,0,0,0.4964531293696743
1.3.0,core/src/main/java/org/apache/calcite/plan/hep/HepPlanner.java,1,0,0.4964531293696743
1.3.0,core/src/main/java/org/apache/calcite/plan/hep/HepProgram.java,0,0,0.4964531293696743
1.3.0,core/src/main/java/org/apache/calcite/plan/hep/HepProgramBuilder.java,0,0,0.4964531293696743
1.3.0,core/src/main/java/org/apache/calcite/plan/hep/HepRelMetadataProvider.java,0,0,0.4964531293696743
1.3.0,core/src/main/java/org/apache/calcite/plan/hep/HepRuleCall.java,0,0,0.4964531293696743
1.3.0,core/src/main/java/org/apache/calcite/plan/volcano/ChainedPhaseRuleMappingInitializer.java,0,0,0.4964531293696743
1.3.0,core/src/main/java/org/apache/calcite/plan/volcano/VolcanoCost.java,0,0,0.4964531293696743
1.3.0,core/src/main/java/org/apache/calcite/plan/volcano/VolcanoPlannerPhaseRuleMappingInitializer.java,0,0,0.4964531293696743
1.3.0,core/src/main/java/org/apache/calcite/plan/volcano/VolcanoRelMetadataProvider.java,0,0,0.4964531293696743
1.3.0,core/src/main/java/org/apache/calcite/plan/volcano/VolcanoRuleCall.java,0,0,0.4964531293696743
1.3.0,core/src/main/java/org/apache/calcite/plan/volcano/VolcanoRuleMatch.java,0,0,0.4964531293696743
1.3.0,core/src/main/java/org/apache/calcite/rel/convert/Converter.java,0,0,0.4964531293696743
1.3.0,core/src/main/java/org/apache/calcite/rel/convert/ConverterImpl.java,0,0,0.4964531293696743
1.3.0,core/src/main/java/org/apache/calcite/rel/convert/NoneConverter.java,0,0,0.4964531293696743
1.3.0,core/src/main/java/org/apache/calcite/rel/convert/TraitMatchingRule.java,0,0,0.4964531293696743
1.3.0,core/src/main/java/org/apache/calcite/rel/core/Collect.java,0,0,0.4964531293696743
1.3.0,core/src/main/java/org/apache/calcite/rel/core/Sample.java,0,0,0.4964531293696743
1.3.0,core/src/main/java/org/apache/calcite/rel/core/TableModify.java,0,0,0.4964531293696743
1.3.0,core/src/main/java/org/apache/calcite/rel/core/Union.java,0,0,0.4964531293696743
1.3.0,core/src/main/java/org/apache/calcite/rel/externalize/RelJsonWriter.java,0,0,0.4964531293696743
1.3.0,core/src/main/java/org/apache/calcite/rel/externalize/RelXmlWriter.java,0,0,0.4964531293696743
1.3.0,core/src/main/java/org/apache/calcite/rel/metadata/ChainedRelMetadataProvider.java,0,0,0.4964531293696743
1.3.0,core/src/main/java/org/apache/calcite/rel/metadata/Metadata.java,0,0,0.4964531293696743
1.3.0,core/src/main/java/org/apache/calcite/rel/metadata/MetadataFactory.java,0,0,0.4964531293696743
1.3.0,core/src/main/java/org/apache/calcite/rel/metadata/MetadataFactoryImpl.java,0,0,0.4964531293696743
1.3.0,core/src/main/java/org/apache/calcite/rel/metadata/RelColumnOrigin.java,0,0,0.4964531293696743
1.3.0,core/src/main/java/org/apache/calcite/rel/metadata/RelMdExplainVisibility.java,0,0,0.4964531293696743
1.3.0,core/src/main/java/org/apache/calcite/rel/metadata/RelMdPercentageOriginalRows.java,0,0,0.4964531293696743
1.3.0,core/src/main/java/org/apache/calcite/rel/metadata/RelMetadataProvider.java,0,0,0.4964531293696743
1.3.0,core/src/main/java/org/apache/calcite/rel/rules/CoerceInputsRule.java,0,0,0.4964531293696743
1.3.0,core/src/main/java/org/apache/calcite/rel/rules/FilterMergeRule.java,0,0,0.4964531293696743
1.3.0,core/src/main/java/org/apache/calcite/rel/rules/FilterMultiJoinMergeRule.java,0,0,0.4964531293696743
1.3.0,core/src/main/java/org/apache/calcite/rel/rules/FilterRemoveIsNotDistinctFromRule.java,0,0,0.4964531293696743
1.3.0,core/src/main/java/org/apache/calcite/rel/rules/FilterSetOpTransposeRule.java,0,1,0.533998668748505
1.3.0,core/src/main/java/org/apache/calcite/rel/rules/JoinExtractFilterRule.java,0,0,0.4964531293696743
1.3.0,core/src/main/java/org/apache/calcite/rel/rules/JoinProjectTransposeRule.java,0,0,0.4963665905777547
1.3.0,core/src/main/java/org/apache/calcite/rel/rules/JoinPushTransitivePredicatesRule.java,0,0,0.4964531293696743
1.3.0,core/src/main/java/org/apache/calcite/rel/rules/LoptJoinTree.java,0,0,0.4964531293696743
1.3.0,core/src/main/java/org/apache/calcite/rel/rules/MultiJoinProjectTransposeRule.java,0,0,0.4964531293696743
1.3.0,core/src/main/java/org/apache/calcite/rel/rules/ProjectFilterTransposeRule.java,0,0,0.4964531293696743
1.3.0,core/src/main/java/org/apache/calcite/rel/rules/ProjectMultiJoinMergeRule.java,0,0,0.4964531293696743
1.3.0,core/src/main/java/org/apache/calcite/rel/rules/ProjectSetOpTransposeRule.java,0,0,0.4964531293696743
1.3.0,core/src/main/java/org/apache/calcite/rel/rules/ProjectSortTransposeRule.java,0,0,0.4964531293696743
1.3.0,core/src/main/java/org/apache/calcite/rel/rules/SemiJoinRemoveRule.java,0,0,0.4964531293696743
1.3.0,core/src/main/java/org/apache/calcite/rel/rules/SortRemoveRule.java,0,0,0.4964531293696743
1.3.0,core/src/main/java/org/apache/calcite/rel/rules/TableScanRule.java,0,0,0.4964531293696743
1.3.0,core/src/main/java/org/apache/calcite/rel/type/RelCrossType.java,1,0,0.4964531293696743
1.3.0,core/src/main/java/org/apache/calcite/rel/type/RelDataTypeComparability.java,0,0,0.4964531293696743
1.3.0,core/src/main/java/org/apache/calcite/rel/type/RelDataTypeFieldImpl.java,0,0,0.4964531293696743
1.3.0,core/src/main/java/org/apache/calcite/rel/type/RelDataTypeSystem.java,0,0,0.4964531293696743
1.3.0,core/src/main/java/org/apache/calcite/rel/type/RelDataTypeSystemImpl.java,0,0,0.4964531293696743
1.3.0,core/src/main/java/org/apache/calcite/rel/type/RelProtoDataType.java,0,0,0.4964531293696743
1.3.0,core/src/main/java/org/apache/calcite/rel/type/RelRecordType.java,0,0,0.4964531293696743
1.3.0,core/src/main/java/org/apache/calcite/schema/impl/AbstractTable.java,0,0,0.4964531293696743
1.3.0,core/src/main/java/org/apache/calcite/schema/impl/AbstractTableQueryable.java,0,0,0.4964531293696743
1.3.0,core/src/main/java/org/apache/calcite/schema/impl/AggregateFunctionImpl.java,1,0,0.4964531293696743
1.3.0,core/src/main/java/org/apache/calcite/schema/impl/DelegatingSchema.java,0,0,0.4964531293696743
1.3.0,core/src/main/java/org/apache/calcite/schema/impl/ReflectiveFunctionBase.java,1,0,0.4964531293696743
1.3.0,core/src/main/java/org/apache/calcite/schema/impl/ScalarFunctionImpl.java,0,0,0.4964531293696743
1.3.0,core/src/main/java/org/apache/calcite/schema/impl/StarTable.java,0,0,0.4964531293696743
1.3.0,core/src/main/java/org/apache/calcite/schema/impl/TableFunctionImpl.java,0,0,0.4964531293696743
1.3.0,core/src/main/java/org/apache/calcite/schema/impl/TableMacroImpl.java,0,0,0.4964531293696743
1.3.0,core/src/main/java/org/apache/calcite/sql/advise/SqlAdvisorGetHintsFunction.java,0,0,0.4964531293696743
1.3.0,core/src/main/java/org/apache/calcite/sql/advise/SqlAdvisorHint.java,0,0,0.4964531293696743
1.3.0,core/src/main/java/org/apache/calcite/sql/advise/SqlSimpleParser.java,0,0,0.49613005233917873
1.3.0,core/src/main/java/org/apache/calcite/sql/fun/SqlAbstractTimeFunction.java,0,0,0.4964531293696743
1.3.0,core/src/main/java/org/apache/calcite/sql/fun/SqlArrayQueryConstructor.java,0,0,0.4964531293696743
1.3.0,core/src/main/java/org/apache/calcite/sql/fun/SqlArrayValueConstructor.java,0,0,0.446758952652779
1.3.0,core/src/main/java/org/apache/calcite/sql/fun/SqlAvgAggFunction.java,0,0,0.4962800520035297
1.3.0,core/src/main/java/org/apache/calcite/sql/fun/SqlCase.java,0,0,0.4952069938365932
1.3.0,core/src/main/java/org/apache/calcite/sql/fun/SqlCaseOperator.java,0,0,0.4964531293696743
1.3.0,core/src/main/java/org/apache/calcite/sql/fun/SqlCastFunction.java,1,0,0.495867332728456
1.3.0,core/src/main/java/org/apache/calcite/sql/fun/SqlCoalesceFunction.java,0,0,0.4964531293696743
1.3.0,core/src/main/java/org/apache/calcite/sql/fun/SqlColumnListConstructor.java,0,0,0.4964531293696743
1.3.0,core/src/main/java/org/apache/calcite/sql/fun/SqlConvertFunction.java,0,0,0.49622235974421475
1.3.0,core/src/main/java/org/apache/calcite/sql/fun/SqlCovarAggFunction.java,0,0,0.4962800520035297
1.3.0,core/src/main/java/org/apache/calcite/sql/fun/SqlCurrentDateFunction.java,0,0,0.4964531293696743
1.3.0,core/src/main/java/org/apache/calcite/sql/fun/SqlCursorConstructor.java,0,0,0.4962800520035297
1.3.0,core/src/main/java/org/apache/calcite/sql/fun/SqlDatetimeSubtractionOperator.java,0,0,0.4962800520035297
1.3.0,core/src/main/java/org/apache/calcite/sql/fun/SqlHistogramAggFunction.java,0,0,0.4962800520035297
1.3.0,core/src/main/java/org/apache/calcite/sql/fun/SqlInOperator.java,0,0,0.4964531293696743
1.3.0,core/src/main/java/org/apache/calcite/sql/fun/SqlLeadLagAggFunction.java,0,0,0.4964531293696743
1.3.0,core/src/main/java/org/apache/calcite/sql/fun/SqlLikeOperator.java,0,0,0.4964531293696743
1.3.0,core/src/main/java/org/apache/calcite/sql/fun/SqlMapQueryConstructor.java,0,0,0.4964531293696743
1.3.0,core/src/main/java/org/apache/calcite/sql/fun/SqlMapValueConstructor.java,0,0,0.4964531293696743
1.3.0,core/src/main/java/org/apache/calcite/sql/fun/SqlMinMaxAggFunction.java,0,0,0.4964531293696743
1.3.0,core/src/main/java/org/apache/calcite/sql/fun/SqlMonotonicBinaryOperator.java,0,0,0.0007770938494069913
1.3.0,core/src/main/java/org/apache/calcite/sql/fun/SqlMonotonicUnaryFunction.java,0,0,0.4964531293696743
1.3.0,core/src/main/java/org/apache/calcite/sql/fun/SqlMultisetMemberOfOperator.java,0,0,0.4964531293696743
1.3.0,core/src/main/java/org/apache/calcite/sql/fun/SqlMultisetQueryConstructor.java,0,0,0.49576082542008904
1.3.0,core/src/main/java/org/apache/calcite/sql/fun/SqlMultisetSetOperator.java,0,0,0.4964531293696743
1.3.0,core/src/main/java/org/apache/calcite/sql/fun/SqlMultisetValueConstructor.java,0,0,0.49564544293715534
1.3.0,core/src/main/java/org/apache/calcite/sql/fun/SqlNewOperator.java,0,0,0.4964531293696743
1.3.0,core/src/main/java/org/apache/calcite/sql/fun/SqlNtileAggFunction.java,0,0,0.4964531293696743
1.3.0,core/src/main/java/org/apache/calcite/sql/fun/SqlNullifFunction.java,0,0,0.4964531293696743
1.3.0,core/src/main/java/org/apache/calcite/sql/fun/SqlOverlapsOperator.java,0,0,0.4947224008031711
1.3.0,core/src/main/java/org/apache/calcite/sql/fun/SqlOverlayFunction.java,0,0,0.4964531293696743
1.3.0,core/src/main/java/org/apache/calcite/sql/fun/SqlPositionFunction.java,0,0,0.4962800520035297
1.3.0,core/src/main/java/org/apache/calcite/sql/fun/SqlRowOperator.java,0,0,0.4964531293696743
1.3.0,core/src/main/java/org/apache/calcite/sql/fun/SqlSingleValueAggFunction.java,0,0,0.4962800520035297
1.3.0,core/src/main/java/org/apache/calcite/sql/fun/SqlStringContextVariable.java,0,0,0.4964531293696743
1.3.0,core/src/main/java/org/apache/calcite/sql/fun/SqlSubstringFunction.java,0,0,0.4958597250510196
1.3.0,core/src/main/java/org/apache/calcite/sql/fun/SqlSumAggFunction.java,0,0,0.4962800520035297
1.3.0,core/src/main/java/org/apache/calcite/sql/fun/SqlTrimFunction.java,1,0,0.49645312936966884
1.3.0,core/src/main/java/org/apache/calcite/sql/parser/SqlParseException.java,0,0,0.4964531293696743
1.3.0,core/src/main/java/org/apache/calcite/sql/parser/SqlParserImplFactory.java,0,0,0.4964531293696743
1.3.0,core/src/main/java/org/apache/calcite/sql/type/AbstractSqlType.java,0,0,0.4964531293696743
1.3.0,core/src/main/java/org/apache/calcite/sql/type/ArraySqlType.java,0,0,0.4964531293696743
1.3.0,core/src/main/java/org/apache/calcite/sql/type/BasicSqlType.java,0,0,0.4964531293696743
1.3.0,core/src/main/java/org/apache/calcite/sql/type/CursorReturnTypeInference.java,0,0,0.4964531293696743
1.3.0,core/src/main/java/org/apache/calcite/sql/type/ExplicitOperandTypeInference.java,1,0,0.4964531293696743
1.3.0,core/src/main/java/org/apache/calcite/sql/type/ExplicitReturnTypeInference.java,0,0,0.4964531293696743
1.3.0,core/src/main/java/org/apache/calcite/sql/type/InferTypes.java,0,0,0.4964531293696743
1.3.0,core/src/main/java/org/apache/calcite/sql/type/JavaToSqlTypeConversionRules.java,0,0,0.4964531293696743
1.3.0,core/src/main/java/org/apache/calcite/sql/type/MapSqlType.java,0,0,0.4964531293696743
1.3.0,core/src/main/java/org/apache/calcite/sql/type/MatchReturnTypeInference.java,0,0,0.4964531293696743
1.3.0,core/src/main/java/org/apache/calcite/sql/type/MultisetSqlType.java,0,0,0.4964531293696743
1.3.0,core/src/main/java/org/apache/calcite/sql/type/ObjectSqlType.java,0,0,0.4964531293696743
1.3.0,core/src/main/java/org/apache/calcite/sql/type/OperandsTypeChecking.java,0,0,0.4964531293696743
1.3.0,core/src/main/java/org/apache/calcite/sql/type/OrdinalReturnTypeInference.java,0,0,0.4964531293696743
1.3.0,core/src/main/java/org/apache/calcite/sql/type/SqlOperandCountRanges.java,0,0,0.4964531293696743
1.3.0,core/src/main/java/org/apache/calcite/sql/type/SqlOperandTypeInference.java,0,0,0.4964531293696743
1.3.0,core/src/main/java/org/apache/calcite/sql/type/SqlReturnTypeInference.java,0,0,0.4964531293696743
1.3.0,core/src/main/java/org/apache/calcite/sql/type/SqlReturnTypeInferenceChain.java,0,0,0.4964531293696743
1.3.0,core/src/main/java/org/apache/calcite/sql/type/SqlSingleOperandTypeChecker.java,0,0,0.4964531293696743
1.3.0,core/src/main/java/org/apache/calcite/sql/type/SqlTypeAssignmentRules.java,0,0,0.4856564084265565
1.3.0,core/src/main/java/org/apache/calcite/sql/type/SqlTypeExplicitPrecedenceList.java,1,0,0.4964531293696743
1.3.0,core/src/main/java/org/apache/calcite/sql/type/SqlTypeFactoryImpl.java,1,0,0.4964531293696743
1.3.0,core/src/main/java/org/apache/calcite/sql/type/SqlTypeFamily.java,0,0,0.0033137508053487368
1.3.0,core/src/main/java/org/apache/calcite/sql/type/SqlTypeTransform.java,0,0,0.4964531293696743
1.3.0,core/src/main/java/org/apache/calcite/sql/type/SqlTypeTransformCascade.java,0,0,0.4964531293696743
1.3.0,core/src/main/java/org/apache/calcite/sql/type/SqlTypeTransforms.java,0,0,0.4964531293696743
1.3.0,core/src/main/java/org/apache/calcite/sql/type/TableFunctionReturnTypeInference.java,0,0,0.4964531293696743
1.3.0,core/src/main/java/org/apache/calcite/sql/util/ChainedSqlOperatorTable.java,1,0,0.4964531293696743
1.3.0,core/src/main/java/org/apache/calcite/sql/util/ListSqlOperatorTable.java,0,0,0.4964531293696743
1.3.0,core/src/main/java/org/apache/calcite/sql/util/ReflectiveSqlOperatorTable.java,0,0,0.4964531293696743
1.3.0,core/src/main/java/org/apache/calcite/sql/util/SqlBasicVisitor.java,0,0,0.4964531293696743
1.3.0,core/src/main/java/org/apache/calcite/sql/util/SqlBuilder.java,0,0,0.4964531293696743
1.3.0,core/src/main/java/org/apache/calcite/sql/util/SqlString.java,0,0,0.4964531293696743
1.3.0,core/src/main/java/org/apache/calcite/sql/util/SqlVisitor.java,0,0,0.4964531293696743
1.3.0,core/src/main/java/org/apache/calcite/sql/validate/AggFinder.java,0,0,0.4964531293696743
1.3.0,core/src/main/java/org/apache/calcite/sql/validate/AggregatingScope.java,0,0,0.4964531293696743
1.3.0,core/src/main/java/org/apache/calcite/sql/validate/AliasNamespace.java,1,0,0.4964531293696743
1.3.0,core/src/main/java/org/apache/calcite/sql/validate/CollectNamespace.java,1,0,0.4964531293696743
1.3.0,core/src/main/java/org/apache/calcite/sql/validate/CollectScope.java,0,0,0.4964531293696743
1.3.0,core/src/main/java/org/apache/calcite/sql/validate/DelegatingNamespace.java,1,0,0.4964531293696743
1.3.0,core/src/main/java/org/apache/calcite/sql/validate/DelegatingSqlValidatorCatalogReader.java,0,0,0.4964531293696743
1.3.0,core/src/main/java/org/apache/calcite/sql/validate/DelegatingSqlValidatorTable.java,0,0,0.4964531293696743
1.3.0,core/src/main/java/org/apache/calcite/sql/validate/FieldNamespace.java,1,0,0.4964531293696743
1.3.0,core/src/main/java/org/apache/calcite/sql/validate/JoinNamespace.java,1,0,0.49553006091803664
1.3.0,core/src/main/java/org/apache/calcite/sql/validate/JoinScope.java,0,0,0.4964531293696743
1.3.0,core/src/main/java/org/apache/calcite/sql/validate/OverScope.java,0,0,0.4964531293696743
1.3.0,core/src/main/java/org/apache/calcite/sql/validate/ParameterNamespace.java,1,0,0.4964531293696743
1.3.0,core/src/main/java/org/apache/calcite/sql/validate/ProcedureNamespace.java,1,0,0.4964531293696743
1.3.0,core/src/main/java/org/apache/calcite/sql/validate/SqlIdentifierMoniker.java,0,0,0.4964531293696743
1.3.0,core/src/main/java/org/apache/calcite/sql/validate/SqlScopedShuttle.java,0,0,0.4964531293696743
1.3.0,core/src/main/java/org/apache/calcite/sql/validate/SqlUserDefinedAggFunction.java,0,0,0.4964531293696743
1.3.0,core/src/main/java/org/apache/calcite/sql/validate/SqlUserDefinedFunction.java,0,0,0.4964531293696743
1.3.0,core/src/main/java/org/apache/calcite/sql/validate/SqlUserDefinedTableFunction.java,0,0,0.4964531293696743
1.3.0,core/src/main/java/org/apache/calcite/sql/validate/SqlValidatorException.java,0,0,0.4964531293696743
1.3.0,core/src/main/java/org/apache/calcite/sql/validate/SqlValidatorWithHints.java,0,0,0.4964531293696743
1.3.0,core/src/main/java/org/apache/calcite/sql/validate/UnnestNamespace.java,1,0,0.4964531293696743
1.3.0,core/src/main/java/org/apache/calcite/sql/validate/WithItemNamespace.java,1,0,0.4964531293696743
1.3.0,core/src/main/java/org/apache/calcite/sql/validate/WithNamespace.java,1,0,0.4964531293696743
1.3.0,core/src/main/java/org/apache/calcite/util/graph/CycleDetector.java,0,0,0.4964531293696743
1.3.0,core/src/main/java/org/apache/calcite/util/graph/DefaultDirectedGraph.java,0,0,0.4964531293696743
1.3.0,core/src/main/java/org/apache/calcite/util/graph/DefaultEdge.java,0,0,0.4964531293696743
1.3.0,core/src/main/java/org/apache/calcite/util/graph/DepthFirstIterator.java,0,0,0.4964531293696743
1.3.0,core/src/main/java/org/apache/calcite/util/graph/Graphs.java,0,0,0.4964531293696743
1.3.0,core/src/main/java/org/apache/calcite/util/graph/TopologicalOrderIterator.java,0,0,0.4964531293696743
1.3.0,core/src/main/java/org/apache/calcite/util/javac/JaninoCompiler.java,0,0,0.4964531293696743
1.3.0,core/src/main/java/org/apache/calcite/util/javac/JavaCompilerArgs.java,0,0,0.4964531293696743
1.3.0,core/src/main/java/org/apache/calcite/util/mapping/Mapping.java,0,0,0.4964531293696743
1.3.0,core/src/main/java/org/apache/calcite/util/trace/CalciteLogger.java,0,0,0.4964531293696743
1.3.0,core/src/main/java/org/apache/calcite/util/trace/CalciteTimingTracer.java,0,0,0.4964531293696743
1.3.0,core/src/main/java/org/apache/calcite/adapter/enumerable/impl/AggAddContextImpl.java,0,0,0.4964531293696743
1.3.0,core/src/main/java/org/apache/calcite/adapter/enumerable/impl/AggResetContextImpl.java,0,0,0.4964531293696743
1.3.0,core/src/main/java/org/apache/calcite/adapter/enumerable/impl/AggResultContextImpl.java,0,0,0.4964531293696743
1.3.0,core/src/main/java/org/apache/calcite/adapter/enumerable/impl/WinAggResetContextImpl.java,0,0,0.4964531293696743
1.3.0,core/src/main/java/org/apache/calcite/adapter/enumerable/impl/WinAggResultContextImpl.java,0,0,0.4964531293696743
1.3.0,ubenchmark/src/main/java/org/apache/calcite/StatementTest.java,0,0,0.4964531293696743
1.3.0,avatica/src/main/java/org/apache/calcite/avatica/ConnectStringParser.java,1,0,0.4964531293696743
1.3.0,mongodb/src/main/java/org/apache/calcite/adapter/mongodb/MongoFilter.java,1,0,0.4964531293696743
1.3.0,mongodb/src/main/java/org/apache/calcite/adapter/mongodb/MongoMethod.java,0,0,0.4964531293696743
1.3.0,mongodb/src/main/java/org/apache/calcite/adapter/mongodb/MongoRel.java,0,0,0.4964531293696743
1.3.0,mongodb/src/main/java/org/apache/calcite/adapter/mongodb/MongoSchema.java,0,0,0.4964531293696743
1.3.0,mongodb/src/main/java/org/apache/calcite/adapter/mongodb/MongoSchemaFactory.java,0,0,0.4964531293696743
1.3.0,mongodb/src/main/java/org/apache/calcite/adapter/mongodb/MongoSort.java,0,0,0.4964531293696743
1.3.0,mongodb/src/main/java/org/apache/calcite/adapter/mongodb/MongoTableScan.java,0,0,0.4964531293696743
1.3.0,mongodb/src/main/java/org/apache/calcite/adapter/mongodb/MongoToEnumerableConverter.java,0,0,0.4964531293696743
1.3.0,mongodb/src/main/java/org/apache/calcite/adapter/mongodb/MongoToEnumerableConverterRule.java,0,0,0.4964531293696743
1.3.0,plus/src/main/java/org/apache/calcite/adapter/tpcds/TpcdsSchemaFactory.java,0,0,0.4964531293696743
1.3.0,plus/src/main/java/org/apache/calcite/adapter/tpch/TpchSchema.java,0,0,0.0752237951338594
1.3.0,plus/src/main/java/org/apache/calcite/adapter/tpch/TpchSchemaFactory.java,0,0,0.4964531293696743
1.3.0,spark/src/main/java/org/apache/calcite/adapter/spark/EnumerableToSparkConverter.java,0,0,0.4964531293696743
1.3.0,spark/src/main/java/org/apache/calcite/adapter/spark/EnumerableToSparkConverterRule.java,0,0,0.4964531293696743
1.3.0,spark/src/main/java/org/apache/calcite/adapter/spark/JdbcToSparkConverter.java,0,0,0.49631466740676444
1.3.0,spark/src/main/java/org/apache/calcite/adapter/spark/JdbcToSparkConverterRule.java,0,0,0.4964531293696743
1.3.0,spark/src/main/java/org/apache/calcite/adapter/spark/SparkMethod.java,0,0,0.49645312936966884
1.3.0,spark/src/main/java/org/apache/calcite/adapter/spark/SparkRel.java,0,0,0.4964531293696743
1.3.0,spark/src/main/java/org/apache/calcite/adapter/spark/SparkRuntime.java,0,0,0.4964531293696743
1.3.0,splunk/src/main/java/org/apache/calcite/adapter/splunk/SplunkDriver.java,0,0,0.4964531293696743
1.3.0,splunk/src/main/java/org/apache/calcite/adapter/splunk/SplunkDriverVersion.java,0,0,0.4964531293696743
1.3.0,splunk/src/main/java/org/apache/calcite/adapter/splunk/SplunkSchema.java,0,0,0.4964531293696743
1.3.0,splunk/src/main/java/org/apache/calcite/adapter/splunk/SplunkTable.java,0,0,0.4964531293696743
1.3.0,splunk/src/main/java/org/apache/calcite/adapter/splunk/search/SplunkConnection.java,0,0,0.4964531293696743
1.3.0,splunk/src/main/java/org/apache/calcite/adapter/splunk/search/SplunkConnectionImpl.java,0,0,0.4964531293696743
1.3.0,splunk/src/main/java/org/apache/calcite/adapter/splunk/util/HttpUtils.java,0,0,0.4964531293696743
1.3.0,splunk/src/main/java/org/apache/calcite/adapter/splunk/util/SocketFactoryImpl.java,0,0,0.4964531293696743
1.3.0,splunk/src/main/java/org/apache/calcite/adapter/splunk/util/TrustAllSslSocketFactory.java,0,0,0.4964531293696743
1.3.0,linq4j/src/main/java/org/apache/calcite/linq4j/BaseQueryable.java,0,0,0.4964531293696743
1.3.0,linq4j/src/main/java/org/apache/calcite/linq4j/DefaultQueryable.java,0,0,0.4964531293696743
1.3.0,linq4j/src/main/java/org/apache/calcite/linq4j/EnumerableOrderedQueryable.java,0,0,0.4964531293696743
1.3.0,linq4j/src/main/java/org/apache/calcite/linq4j/ExtendedOrderedEnumerable.java,0,0,0.4964531293696743
1.3.0,linq4j/src/main/java/org/apache/calcite/linq4j/ExtendedOrderedQueryable.java,0,0,0.4964531293696743
1.3.0,linq4j/src/main/java/org/apache/calcite/linq4j/ExtendedQueryable.java,0,0,0.4964531293696743
1.3.0,linq4j/src/main/java/org/apache/calcite/linq4j/Extensions.java,0,0,0.4964531293696743
1.3.0,linq4j/src/main/java/org/apache/calcite/linq4j/GroupingImpl.java,0,0,0.4964531293696743
1.3.0,linq4j/src/main/java/org/apache/calcite/linq4j/Lookup.java,0,0,0.4964531293696743
1.3.0,linq4j/src/main/java/org/apache/calcite/linq4j/LookupImpl.java,0,0,0.49629735970071026
1.3.0,linq4j/src/main/java/org/apache/calcite/linq4j/QueryableFactory.java,0,0,0.4964531293696743
1.3.0,linq4j/src/main/java/org/apache/calcite/linq4j/QueryableRecorder.java,0,0,0.4964531293696743
1.3.0,linq4j/src/main/java/org/apache/calcite/linq4j/QueryProvider.java,0,0,0.4964531293696743
1.3.0,linq4j/src/main/java/org/apache/calcite/linq4j/QueryProviderImpl.java,0,0,0.4964531293696743
1.3.0,linq4j/src/main/java/org/apache/calcite/linq4j/RawQueryable.java,0,0,0.4964531293696743
1.3.0,linq4j/src/main/java/org/apache/calcite/linq4j/tree/AbstractNode.java,0,0,0.49582376151096896
1.3.0,linq4j/src/main/java/org/apache/calcite/linq4j/tree/ArrayLengthRecordField.java,0,0,0.49591466943091916
1.3.0,linq4j/src/main/java/org/apache/calcite/linq4j/tree/BinaryExpression.java,0,0,0.4871586762201102
1.3.0,linq4j/src/main/java/org/apache/calcite/linq4j/tree/BlockBuilder.java,0,0,0.4964531293696743
1.3.0,linq4j/src/main/java/org/apache/calcite/linq4j/tree/Blocks.java,0,0,0.4964531293696743
1.3.0,linq4j/src/main/java/org/apache/calcite/linq4j/tree/BlockStatement.java,0,0,0.4950685377254646
1.3.0,linq4j/src/main/java/org/apache/calcite/linq4j/tree/CatchBlock.java,0,0,0.4952992983203955
1.3.0,linq4j/src/main/java/org/apache/calcite/linq4j/tree/ClassDeclaration.java,0,0,0.49437626893987313
1.3.0,linq4j/src/main/java/org/apache/calcite/linq4j/tree/ClassDeclarationFinder.java,0,0,0.4961762060091162
1.3.0,linq4j/src/main/java/org/apache/calcite/linq4j/tree/ConditionalStatement.java,0,0,0.4948377792315399
1.3.0,linq4j/src/main/java/org/apache/calcite/linq4j/tree/ConstantUntypedNull.java,0,0,0.4964531293696743
1.3.0,linq4j/src/main/java/org/apache/calcite/linq4j/tree/DeclarationStatement.java,0,0,0.49460702293691317
1.3.0,linq4j/src/main/java/org/apache/calcite/linq4j/tree/DefaultExpression.java,0,0,0.4964531293696743
1.3.0,linq4j/src/main/java/org/apache/calcite/linq4j/tree/DeterministicCodeOptimizer.java,1,0,0.4964531293696743
1.3.0,linq4j/src/main/java/org/apache/calcite/linq4j/tree/DynamicExpression.java,0,0,0.4964531293696743
1.3.0,linq4j/src/main/java/org/apache/calcite/linq4j/tree/Expression.java,0,0,0.4964531293696743
1.3.0,linq4j/src/main/java/org/apache/calcite/linq4j/tree/ExpressionVisitor.java,0,0,0.4964531293696743
1.3.0,linq4j/src/main/java/org/apache/calcite/linq4j/tree/ExpressionWriter.java,0,0,0.4964531293696743
1.3.0,linq4j/src/main/java/org/apache/calcite/linq4j/tree/FieldDeclaration.java,0,0,0.49437626893987313
1.3.0,linq4j/src/main/java/org/apache/calcite/linq4j/tree/ForStatement.java,0,0,0.494237817685377
1.3.0,linq4j/src/main/java/org/apache/calcite/linq4j/tree/GotoStatement.java,0,0,0.4952992983203955
1.3.0,linq4j/src/main/java/org/apache/calcite/linq4j/tree/IndexExpression.java,0,0,0.49313024124723187
1.3.0,linq4j/src/main/java/org/apache/calcite/linq4j/tree/InvocationExpression.java,0,0,0.4964531293696743
1.3.0,linq4j/src/main/java/org/apache/calcite/linq4j/tree/LabelStatement.java,0,0,0.49368402171709586
1.3.0,linq4j/src/main/java/org/apache/calcite/linq4j/tree/LabelTarget.java,0,0,0.4952992983203955
1.3.0,linq4j/src/main/java/org/apache/calcite/linq4j/tree/LambdaExpression.java,0,0,0.4964531293696743
1.3.0,linq4j/src/main/java/org/apache/calcite/linq4j/tree/ListInitExpression.java,0,0,0.4964531293696743
1.3.0,linq4j/src/main/java/org/apache/calcite/linq4j/tree/MemberExpression.java,0,0,0.49546412854865557
1.3.0,linq4j/src/main/java/org/apache/calcite/linq4j/tree/MemberInitExpression.java,0,0,0.4964531293696743
1.3.0,linq4j/src/main/java/org/apache/calcite/linq4j/tree/MethodCallExpression.java,0,0,0.4941784817027457
1.3.0,linq4j/src/main/java/org/apache/calcite/linq4j/tree/NewArrayExpression.java,0,0,0.4949300823706983
1.3.0,linq4j/src/main/java/org/apache/calcite/linq4j/tree/NewExpression.java,0,0,0.4929917987105843
1.3.0,linq4j/src/main/java/org/apache/calcite/linq4j/tree/OptimizeVisitor.java,0,0,0.4964531293696743
1.3.0,linq4j/src/main/java/org/apache/calcite/linq4j/tree/ParameterExpression.java,0,0,0.4964531293696743
1.3.0,linq4j/src/main/java/org/apache/calcite/linq4j/tree/ReflectedPseudoField.java,0,0,0.49576082542008904
1.3.0,linq4j/src/main/java/org/apache/calcite/linq4j/tree/Statement.java,0,0,0.4964531293696743
1.3.0,linq4j/src/main/java/org/apache/calcite/linq4j/tree/SwitchStatement.java,0,0,0.4964531293696743
1.3.0,linq4j/src/main/java/org/apache/calcite/linq4j/tree/TernaryExpression.java,0,0,0.49382246930925533
1.3.0,linq4j/src/main/java/org/apache/calcite/linq4j/tree/ThrowStatement.java,0,0,0.494237817685377
1.3.0,linq4j/src/main/java/org/apache/calcite/linq4j/tree/TryStatement.java,0,0,0.4932686848374312
1.3.0,linq4j/src/main/java/org/apache/calcite/linq4j/tree/TypeBinaryExpression.java,0,0,0.494237817685377
1.3.0,linq4j/src/main/java/org/apache/calcite/linq4j/tree/UnaryExpression.java,0,0,0.49451472105688277
1.3.0,linq4j/src/main/java/org/apache/calcite/linq4j/tree/WhileStatement.java,0,0,0.49313024124723187
1.3.0,core/src/main/java/org/apache/calcite/config/CalciteConnectionConfig.java,0,0,0.4964531293696743
1.3.0,core/src/main/java/org/apache/calcite/config/CalciteConnectionConfigImpl.java,0,0,0.4964531293696743
1.3.0,core/src/main/java/org/apache/calcite/config/CalciteConnectionProperty.java,0,0,0.4964531293696743
1.3.0,core/src/main/java/org/apache/calcite/plan/RelImplementor.java,0,0,0.4964531293696743
1.3.0,core/src/main/java/org/apache/calcite/sql/SemiJoinType.java,0,0,0.4964531293696743
1.3.0,core/src/main/java/org/apache/calcite/adapter/enumerable/EnumerableCorrelateRule.java,0,0,0.4964531293696743
1.3.0,core/src/main/java/org/apache/calcite/rel/core/CorrelationId.java,0,0,0.4964531293696743
1.3.0,core/src/main/java/org/apache/calcite/rel/core/Uncollect.java,0,0,0.4964531293696743
1.3.0,core/src/main/java/org/apache/calcite/rel/rules/ProjectJoinTransposeRule.java,0,0,0.4964531293696743
1.3.0,core/src/main/java/org/apache/calcite/rel/rules/PushProjector.java,0,0,0.4964531293696743
1.3.0,core/src/main/java/org/apache/calcite/util/trace/CalciteTrace.java,0,0,0.4964531293696743
1.3.0,spark/src/main/java/org/apache/calcite/adapter/spark/SparkToEnumerableConverter.java,0,0,0.4964531293696743
1.3.0,linq4j/src/main/java/org/apache/calcite/linq4j/DefaultEnumerable.java,0,0,0.4964531293696743
1.3.0,linq4j/src/main/java/org/apache/calcite/linq4j/ExtendedEnumerable.java,0,0,0.4964531293696743
1.3.0,core/src/main/java/org/apache/calcite/plan/RelOptAbstractTable.java,0,0,0.4964531293696743
1.3.0,core/src/main/java/org/apache/calcite/plan/RelOptTable.java,0,1,0.5221343260990019
1.3.0,core/src/main/java/org/apache/calcite/rel/RelDistribution.java,0,0,0.4964531293696743
1.3.0,core/src/main/java/org/apache/calcite/rel/RelDistributions.java,0,0,0.4964531293696743
1.3.0,core/src/main/java/org/apache/calcite/rel/RelDistributionTraitDef.java,0,0,0.4964531293696743
1.3.0,core/src/main/java/org/apache/calcite/rel/RelHomogeneousShuttle.java,0,0,0.4964531293696743
1.3.0,core/src/main/java/org/apache/calcite/rel/RelInput.java,0,0,0.4964531293696743
1.3.0,core/src/main/java/org/apache/calcite/rel/RelShuttle.java,0,0,0.4964531293696743
1.3.0,core/src/main/java/org/apache/calcite/rel/RelShuttleImpl.java,0,0,0.4964531293696743
1.3.0,core/src/main/java/org/apache/calcite/schema/Statistic.java,0,0,0.4964531293696743
1.3.0,core/src/main/java/org/apache/calcite/schema/Statistics.java,0,0,0.4964531293696743
1.3.0,core/src/main/java/org/apache/calcite/adapter/enumerable/EnumerableCalc.java,0,1,0.533998668748505
1.3.0,core/src/main/java/org/apache/calcite/adapter/enumerable/EnumerableFilter.java,0,1,0.5711629243198635
1.3.0,core/src/main/java/org/apache/calcite/adapter/enumerable/EnumerableLimit.java,0,1,0.5714536089151457
1.3.0,core/src/main/java/org/apache/calcite/adapter/enumerable/EnumerableValues.java,0,0,0.49610697552890126
1.3.0,core/src/main/java/org/apache/calcite/rel/core/Exchange.java,0,0,0.4964531293696743
1.3.0,core/src/main/java/org/apache/calcite/rel/core/Sort.java,0,0,0.4964531293696743
1.3.0,core/src/main/java/org/apache/calcite/rel/core/SortExchange.java,0,0,0.4964531293696743
1.3.0,core/src/main/java/org/apache/calcite/rel/externalize/RelJson.java,0,0,0.4964531293696743
1.3.0,core/src/main/java/org/apache/calcite/rel/logical/LogicalCalc.java,0,1,0.5714536089151457
1.3.0,core/src/main/java/org/apache/calcite/rel/logical/LogicalExchange.java,0,0,0.4964531293696743
1.3.0,core/src/main/java/org/apache/calcite/rel/logical/LogicalFilter.java,0,0,0.4959338999872633
1.3.0,core/src/main/java/org/apache/calcite/rel/metadata/RelMdColumnOrigins.java,0,0,0.4964531293696743
1.3.0,core/src/main/java/org/apache/calcite/rel/metadata/RelMdDistinctRowCount.java,0,0,0.4960125705696993
1.3.0,core/src/main/java/org/apache/calcite/rel/metadata/RelMdPopulationSize.java,0,0,0.49620138076568715
1.3.0,core/src/main/java/org/apache/calcite/rel/metadata/RelMdPredicates.java,0,0,0.4964531293696743
1.3.0,core/src/main/java/org/apache/calcite/rel/rules/CalcMergeRule.java,0,0,0.4964531293696743
1.3.0,core/src/main/java/org/apache/calcite/rel/rules/CalcRemoveRule.java,0,0,0.4964531293696743
1.3.0,core/src/main/java/org/apache/calcite/rel/rules/FilterAggregateTransposeRule.java,1,0,0.4964531293696743
1.3.0,core/src/main/java/org/apache/calcite/rel/RelCollationImpl.java,0,0,0.4964531293696743
1.3.0,core/src/main/java/org/apache/calcite/rex/RexProgramBuilder.java,0,0,0.4964531293696743
1.3.0,core/src/main/java/org/apache/calcite/plan/RelOptRuleOperand.java,0,0,0.4964531293696743
1.3.0,core/src/main/java/org/apache/calcite/rel/type/RelDataTypeFactoryImpl.java,1,0,0.4964531293696743
1.3.0,avatica/src/main/java/org/apache/calcite/avatica/ConnectionPropertiesImpl.java,0,0,0.4964531293696743
1.3.0,core/src/main/java/org/apache/calcite/rel/metadata/RelMdColumnUniqueness.java,1,0,0.4960377451979646
1.3.0,core/src/main/java/org/apache/calcite/rel/metadata/RelMdUniqueKeys.java,0,0,0.4964531293696743
1.3.0,core/src/main/java/org/apache/calcite/sql/fun/SqlAbstractGroupFunction.java,1,0,0.4964531293696743
1.3.0,core/src/main/java/org/apache/calcite/sql/fun/SqlGroupIdFunction.java,0,0,0.4964531293696743
1.3.0,core/src/main/java/org/apache/calcite/sql/fun/SqlGroupingFunction.java,0,0,0.4964531293696743
1.3.0,core/src/main/java/org/apache/calcite/sql/fun/SqlGroupingIdFunction.java,0,0,0.4964531293696743
1.3.0,avatica/src/main/java/org/apache/calcite/avatica/remote/MockJsonService.java,0,0,0.4964531293696743
1.3.0,core/src/main/java/org/apache/calcite/rex/RexLiteral.java,0,0,0.4964531293696743
1.3.0,core/src/main/java/org/apache/calcite/util/Litmus.java,0,0,0.4964531293696743
1.3.0,core/src/main/java/org/apache/calcite/sql/validate/SqlUserDefinedTableMacro.java,0,0,0.4964531293696743
1.3.0,core/src/main/java/org/apache/calcite/materialize/Lattice.java,0,0,0.4964531293696743
1.3.0,core/src/main/java/org/apache/calcite/materialize/TileKey.java,0,0,0.4964531293696743
1.3.0,core/src/main/java/org/apache/calcite/materialize/TileSuggester.java,0,0,0.4964531293696743
1.3.0,core/src/main/java/org/apache/calcite/rel/RelNodes.java,0,0,0.4964531293696743
1.3.0,core/src/main/java/org/apache/calcite/adapter/jdbc/JdbcConvention.java,0,0,0.4964531293696743
1.3.0,core/src/main/java/org/apache/calcite/plan/volcano/RuleQueue.java,0,0,0.4964531293696743
1.3.0,core/src/main/java/org/apache/calcite/jdbc/CalciteConnectionImpl.java,0,0,0.4964531293696743
1.3.0,core/src/main/java/org/apache/calcite/jdbc/CalciteJdbc41Factory.java,0,0,0.4964531293696743
1.3.0,avatica-server/src/main/java/org/apache/calcite/avatica/jdbc/JdbcResultSet.java,0,0,0.4964531293696743
1.3.0,avatica/src/main/java/org/apache/calcite/avatica/AvaticaConnection.java,0,0,0.49636411804401676
1.3.0,avatica/src/main/java/org/apache/calcite/avatica/AvaticaJdbc41Factory.java,0,0,0.4964531293696743
1.3.0,avatica/src/main/java/org/apache/calcite/avatica/AvaticaParameter.java,0,0,0.4964531293696743
1.3.0,avatica/src/main/java/org/apache/calcite/avatica/AvaticaResultSet.java,0,0,0.4964531293696743
1.3.0,avatica/src/main/java/org/apache/calcite/avatica/AvaticaStatement.java,1,0,0.4964531293696743
1.3.0,avatica/src/main/java/org/apache/calcite/avatica/remote/TypedValue.java,0,0,0.4964531293696743
1.3.0,avatica/src/main/java/org/apache/calcite/avatica/util/DateTimeUtils.java,0,0,0.49632725483489937
1.3.0,core/src/main/java/org/apache/calcite/config/Lex.java,0,0,0.4964531293696743
1.3.0,core/src/main/java/org/apache/calcite/jdbc/CalcitePreparedStatement.java,0,0,0.4964531293696743
1.3.0,core/src/main/java/org/apache/calcite/jdbc/CalciteStatement.java,1,0,0.4964531293696743
1.3.0,core/src/main/java/org/apache/calcite/jdbc/MetadataSchema.java,0,0,0.4964531293696743
1.3.0,core/src/main/java/org/apache/calcite/runtime/ArrayEnumeratorCursor.java,0,0,0.4964531293696743
1.3.0,core/src/main/java/org/apache/calcite/runtime/EnumeratorCursor.java,0,0,0.4964531293696743
1.3.0,core/src/main/java/org/apache/calcite/runtime/ObjectEnumeratorCursor.java,0,0,0.4964531293696743
1.3.0,core/src/main/java/org/apache/calcite/runtime/RecordEnumeratorCursor.java,0,0,0.4964531293696743
1.3.0,core/src/main/java/org/apache/calcite/server/CalciteServer.java,0,0,0.4964531293696743
1.3.0,core/src/main/java/org/apache/calcite/sql/SqlDateLiteral.java,0,0,0.49615642585683434
1.3.0,core/src/main/java/org/apache/calcite/sql/SqlIntervalQualifier.java,1,0,0.49499489116465356
1.3.0,core/src/main/java/org/apache/calcite/sql/SqlLiteral.java,0,0,0.49621711499833293
1.3.0,core/src/main/java/org/apache/calcite/sql2rel/SqlNodeToRexConverterImpl.java,1,0,0.4964531293696743
1.3.0,core/src/main/java/org/apache/calcite/tools/Frameworks.java,0,0,0.4964349106588047
1.3.0,core/src/main/java/org/apache/calcite/util/JsonBuilder.java,1,0,0.4964531293696743
1.3.0,core/src/main/java/org/apache/calcite/util/ZonelessDate.java,0,0,0.4964531293696743
1.3.0,core/src/main/java/org/apache/calcite/util/ZonelessDatetime.java,0,0,0.4964531293696743
1.3.0,core/src/main/java/org/apache/calcite/util/ZonelessTime.java,0,0,0.49632725483489937
1.3.0,core/src/main/java/org/apache/calcite/util/ZonelessTimestamp.java,0,0,0.4962800520035297
1.3.0,core/src/main/java/org/apache/calcite/adapter/clone/ListTable.java,0,0,0.4964531293696743
1.3.0,core/src/main/java/org/apache/calcite/sql/parser/SqlAbstractParserImpl.java,0,0,0.4964531293696743
1.3.0,core/src/main/java/org/apache/calcite/sql/parser/SqlParser.java,0,0,0.4962584173945958
1.3.0,core/src/main/java/org/apache/calcite/sql/parser/SqlParserUtil.java,0,0,0.49638389831888885
1.3.0,core/src/main/java/org/apache/calcite/sql/pretty/SqlPrettyWriter.java,0,0,0.4964531293696743
1.3.0,core/src/main/java/org/apache/calcite/sql/type/IntervalSqlType.java,0,0,0.4964531293696743
1.3.0,core/src/main/java/org/apache/calcite/sql/type/SqlTypeName.java,0,0,1.8345585872381538e-25
1.3.0,avatica/src/main/java/org/apache/calcite/avatica/AvaticaResultSetMetaData.java,0,0,0.4964531293696743
1.3.0,avatica/src/main/java/org/apache/calcite/avatica/BuiltInConnectionProperty.java,0,0,0.4964531293696743
1.3.0,avatica/src/main/java/org/apache/calcite/avatica/ConnectionConfig.java,0,0,0.4964531293696743
1.3.0,avatica/src/main/java/org/apache/calcite/avatica/ConnectionConfigImpl.java,0,0,0.4964531293696743
1.3.0,avatica/src/main/java/org/apache/calcite/avatica/ConnectionProperty.java,0,0,0.49645312936966884
1.3.0,avatica/src/main/java/org/apache/calcite/avatica/InternalProperty.java,0,0,0.0005143790492662033
1.3.0,avatica/src/main/java/org/apache/calcite/avatica/remote/AvaticaRemoteConnectionConfigImpl.java,0,0,0.4964531293696743
1.3.0,avatica/src/main/java/org/apache/calcite/avatica/remote/AvaticaRemoteConnectionProperty.java,0,0,0.4964531293696743
1.3.0,avatica/src/main/java/org/apache/calcite/avatica/remote/Driver.java,0,0,0.4964531293696743
1.3.0,avatica/src/main/java/org/apache/calcite/avatica/remote/Handler.java,0,0,0.4964531293696743
1.3.0,avatica/src/main/java/org/apache/calcite/avatica/remote/RemoteService.java,1,0,0.4964531293696743
1.3.0,avatica/src/main/java/org/apache/calcite/avatica/util/ArrayImpl.java,0,0,0.4911130507770332
1.3.0,avatica/src/main/java/org/apache/calcite/avatica/util/ArrayIteratorCursor.java,0,0,0.4964531293696743
1.3.0,avatica/src/main/java/org/apache/calcite/avatica/util/Casing.java,0,0,0.4964531293696743
1.3.0,avatica/src/main/java/org/apache/calcite/avatica/util/Cursor.java,0,0,0.3829153016104368
1.3.0,avatica/src/main/java/org/apache/calcite/avatica/util/IteratorCursor.java,0,0,0.4964531293696743
1.3.0,avatica/src/main/java/org/apache/calcite/avatica/util/ListIteratorCursor.java,0,0,0.4964531293696743
1.3.0,avatica/src/main/java/org/apache/calcite/avatica/util/MapIteratorCursor.java,0,0,0.4964531293696743
1.3.0,avatica/src/main/java/org/apache/calcite/avatica/util/PositionedCursor.java,0,0,0.4964531293696743
1.3.0,avatica/src/main/java/org/apache/calcite/avatica/util/Quoting.java,0,0,0.4964531293696743
1.3.0,avatica/src/main/java/org/apache/calcite/avatica/util/RecordIteratorCursor.java,0,0,0.4964531293696743
1.3.0,avatica/src/main/java/org/apache/calcite/avatica/util/Spacer.java,0,0,0.4964531293696743
1.3.0,avatica/src/main/java/org/apache/calcite/avatica/util/Spaces.java,0,0,0.4964531293696743
1.3.0,avatica/src/main/java/org/apache/calcite/avatica/util/TimeUnit.java,0,0,0.4964531293696743
1.3.0,avatica/src/main/java/org/apache/calcite/avatica/util/TimeUnitRange.java,0,0,0.4964531293696743
1.3.0,mongodb/src/main/java/org/apache/calcite/adapter/mongodb/MongoEnumerator.java,1,0,0.4964531293696743
1.3.0,splunk/src/main/java/org/apache/calcite/adapter/splunk/SplunkQuery.java,0,0,0.4964531293696743
1.3.0,linq4j/src/main/java/org/apache/calcite/linq4j/AbstractEnumerable2.java,0,0,0.4964531293696743
1.3.0,core/src/main/java/org/apache/calcite/jdbc/CalciteResultSet.java,0,0,0.4964531293696743
1.3.0,avatica/src/main/java/org/apache/calcite/avatica/AvaticaFactory.java,0,0,0.4964531293696743
1.3.0,core/src/main/java/org/apache/calcite/rel/rules/ProjectMergeRule.java,0,0,0.4964531293696743
1.3.0,core/src/main/java/org/apache/calcite/jdbc/CalciteMetaImpl.java,0,0,0.4964531293696743
1.3.0,core/src/main/java/org/apache/calcite/rel/BiRel.java,0,0,0.4964531293696743
1.3.0,core/src/main/java/org/apache/calcite/sql2rel/DeduplicateCorrelateVariables.java,0,0,0.4964531293696743
1.3.0,core/src/main/java/org/apache/calcite/sql/SqlRankFunction.java,1,0,0.4964531293696743
1.3.0,core/src/main/java/org/apache/calcite/rel/metadata/CachingRelMetadataProvider.java,0,0,0.4964531293696743
1.3.0,avatica-server/src/main/java/org/apache/calcite/avatica/jdbc/JdbcMeta.java,1,1,0.6338305359258881
1.3.0,avatica/src/main/java/org/apache/calcite/avatica/AvaticaDatabaseMetaData.java,0,0,0.49644560424882267
1.3.0,avatica/src/main/java/org/apache/calcite/avatica/AvaticaUtils.java,0,0,0.4964531293696743
1.3.0,avatica/src/main/java/org/apache/calcite/avatica/Meta.java,1,0,0.032837666966115654
1.3.0,avatica/src/main/java/org/apache/calcite/avatica/MetaImpl.java,1,0,0.4964531293696743
1.3.0,avatica/src/main/java/org/apache/calcite/avatica/SqlType.java,0,0,1.6888253489112125e-10
1.3.0,avatica/src/main/java/org/apache/calcite/avatica/remote/LocalService.java,0,0,0.4964531293696743
1.3.0,avatica/src/main/java/org/apache/calcite/avatica/remote/RemoteMeta.java,0,0,0.4964531293696743
1.3.0,avatica/src/main/java/org/apache/calcite/avatica/remote/Service.java,0,1,0.6798246906257462
1.3.0,avatica/src/main/java/org/apache/calcite/avatica/AvaticaPreparedStatement.java,1,0,0.4964531293696743
1.3.0,avatica/src/main/java/org/apache/calcite/avatica/AvaticaSite.java,0,0,0.49634495591358696
1.3.0,linq4j/src/main/java/org/apache/calcite/linq4j/CorrelateJoinType.java,0,0,0.4964531293696743
1.3.0,avatica/src/main/java/org/apache/calcite/avatica/util/AbstractCursor.java,1,0,0.4963626312917895
1.3.0,core/src/main/java/org/apache/calcite/sql/type/ReturnTypes.java,0,0,0.4964531293696743
1.3.0,core/src/main/java/org/apache/calcite/sql/SqlDataTypeSpec.java,0,0,0.49641669195740207
1.3.0,core/src/main/java/org/apache/calcite/adapter/enumerable/AggImplementor.java,0,0,0.4964531293696743
1.3.0,core/src/main/java/org/apache/calcite/adapter/enumerable/EnumerableCorrelate.java,0,0,0.4964531293696743
1.3.0,core/src/main/java/org/apache/calcite/adapter/enumerable/EnumerableRelImplementor.java,1,0,0.4963665905777547
1.3.0,core/src/main/java/org/apache/calcite/adapter/enumerable/impl/WinAggAddContextImpl.java,0,0,0.4964531293696743
1.3.0,linq4j/src/main/java/org/apache/calcite/linq4j/EnumerableQueryable.java,0,0,0.4964531293696743
1.3.0,linq4j/src/main/java/org/apache/calcite/linq4j/QueryableDefaults.java,0,0,0.4964294606189289
1.3.0,core/src/main/java/org/apache/calcite/rel/rules/JoinUnionTransposeRule.java,0,0,0.4964531293696743
1.3.0,core/src/main/java/org/apache/calcite/prepare/CalciteMaterializer.java,0,0,0.4964531293696743
1.3.0,avatica/src/main/java/org/apache/calcite/avatica/DriverVersion.java,0,0,0.0031435495076952754
1.3.0,avatica/src/main/java/org/apache/calcite/avatica/Handler.java,0,0,0.4642175498722168
1.3.0,avatica/src/main/java/org/apache/calcite/avatica/HandlerImpl.java,0,0,0.4964531293696743
1.3.0,core/src/main/java/org/apache/calcite/Demo.java,0,0,0.4964531293696743
1.3.0,core/src/main/java/org/apache/calcite/schema/Function.java,0,0,0.4964531293696743
1.3.0,core/src/main/java/org/apache/calcite/schema/SemiMutableSchema.java,0,0,0.4964531293696743
1.3.0,core/src/main/java/org/apache/calcite/schema/TableMacro.java,0,0,0.4964531293696743
1.3.0,core/src/main/java/org/apache/calcite/util/CancelFlag.java,0,0,0.4964531293696743
1.3.0,core/src/main/java/org/apache/calcite/util/ClosableAllocation.java,0,0,0.4964531293696743
1.3.0,core/src/main/java/org/apache/calcite/util/ClosableAllocationOwner.java,0,0,0.4964531293696743
1.3.0,core/src/main/java/org/apache/calcite/util/ControlFlowException.java,0,0,0.4964531293696743
1.3.0,core/src/main/java/org/apache/calcite/util/Glossary.java,0,0,0.4964531293696743
1.3.0,core/src/main/java/org/apache/calcite/util/Holder.java,0,0,0.4964531293696743
1.3.0,core/src/main/java/org/apache/calcite/util/ReflectiveVisitor.java,0,0,0.4964531293696743
1.3.0,core/src/main/java/org/apache/calcite/util/Stacks.java,0,0,0.4964531293696743
1.3.0,core/src/main/java/org/apache/calcite/interpreter/Node.java,0,0,0.4964531293696743
1.3.0,core/src/main/java/org/apache/calcite/interpreter/Sink.java,0,0,0.4964531293696743
1.3.0,core/src/main/java/org/apache/calcite/interpreter/Source.java,0,0,0.4964531293696743
1.3.0,core/src/main/java/org/apache/calcite/jdbc/SqlTimeoutException.java,0,0,0.4964531293696743
1.3.0,core/src/main/java/org/apache/calcite/model/JsonColumn.java,0,0,0.4964531293696743
1.3.0,core/src/main/java/org/apache/calcite/model/JsonCustomTable.java,0,0,0.4964531293696743
1.3.0,core/src/main/java/org/apache/calcite/model/JsonFunction.java,0,0,0.4964531293696743
1.3.0,core/src/main/java/org/apache/calcite/model/JsonLattice.java,0,0,0.4964531293696743
1.3.0,core/src/main/java/org/apache/calcite/model/JsonMeasure.java,0,0,0.4964531293696743
1.3.0,core/src/main/java/org/apache/calcite/model/JsonTile.java,0,0,0.4964531293696743
1.3.0,core/src/main/java/org/apache/calcite/runtime/ArrayComparator.java,0,0,0.4964531293696743
1.3.0,core/src/main/java/org/apache/calcite/runtime/Hook.java,0,0,0.4964531293696743
1.3.0,core/src/main/java/org/apache/calcite/runtime/Like.java,1,0,0.4954839082430099
1.3.0,core/src/main/java/org/apache/calcite/runtime/Typed.java,0,0,0.4964531293696743
1.3.0,core/src/main/java/org/apache/calcite/runtime/Unit.java,0,0,0.4964531293696743
1.3.0,core/src/main/java/org/apache/calcite/runtime/Utilities.java,0,0,0.4964531293696743
1.3.0,core/src/main/java/org/apache/calcite/tools/RelConversionException.java,0,0,0.4964531293696743
1.3.0,core/src/main/java/org/apache/calcite/tools/ValidationException.java,0,0,0.4964531293696743
1.3.0,core/src/main/java/org/apache/calcite/plan/CommonRelSubExprRule.java,0,0,0.4964531293696743
1.3.0,core/src/main/java/org/apache/calcite/plan/RelOptConnection.java,0,0,0.4964531293696743
1.3.0,core/src/main/java/org/apache/calcite/plan/RelOptCost.java,0,0,0.4964531293696743
1.3.0,core/src/main/java/org/apache/calcite/plan/RelOptCostFactory.java,0,0,0.4964531293696743
1.3.0,core/src/main/java/org/apache/calcite/plan/RelOptRuleOperandChildPolicy.java,0,0,0.4964531293696743
1.3.0,core/src/main/java/org/apache/calcite/plan/RelOptRuleOperandChildren.java,0,0,0.4964531293696743
1.3.0,core/src/main/java/org/apache/calcite/plan/RelOptSamplingParameters.java,0,0,0.4964531293696743
1.3.0,core/src/main/java/org/apache/calcite/plan/RelOptSchemaWithSampling.java,0,0,0.4964531293696743
1.3.0,core/src/main/java/org/apache/calcite/rel/InvalidRelException.java,0,0,0.4964531293696743
1.3.0,core/src/main/java/org/apache/calcite/rel/RelVisitor.java,0,0,0.4964531293696743
1.3.0,core/src/main/java/org/apache/calcite/rex/RexAction.java,0,0,0.4964531293696743
1.3.0,core/src/main/java/org/apache/calcite/rex/RexPattern.java,0,0,0.4964531293696743
1.3.0,core/src/main/java/org/apache/calcite/rex/RexSqlConvertletTable.java,0,0,0.4964531293696743
1.3.0,core/src/main/java/org/apache/calcite/sql/SqlAccessEnum.java,0,0,0.4964531293696743
1.3.0,core/src/main/java/org/apache/calcite/sql/SqlNullSemantics.java,0,0,0.4964531293696743
1.3.0,core/src/main/java/org/apache/calcite/sql/SqlOperandCountRange.java,0,0,0.4964531293696743
1.3.0,core/src/main/java/org/apache/calcite/sql/SqlValuesOperator.java,0,0,0.4964531293696743
1.3.0,core/src/main/java/org/apache/calcite/util/graph/BreadthFirstIterator.java,0,0,0.4964531293696743
1.3.0,core/src/main/java/org/apache/calcite/util/graph/DirectedGraph.java,0,1,0.5857140815835873
1.3.0,core/src/main/java/org/apache/calcite/util/mapping/AbstractSourceMapping.java,0,0,0.4956543184964554
1.3.0,core/src/main/java/org/apache/calcite/util/mapping/AbstractTargetMapping.java,0,0,0.4956543184964554
1.3.0,core/src/main/java/org/apache/calcite/util/mapping/IntPair.java,0,0,0.4964531293696743
1.3.0,core/src/main/java/org/apache/calcite/util/mapping/MappingType.java,0,0,0.49645312936966884
1.3.0,core/src/main/java/org/apache/calcite/util/javac/JavaCompiler.java,0,0,0.4964531293696743
1.3.0,core/src/main/java/org/apache/calcite/adapter/enumerable/WinAggContext.java,0,0,0.4964531293696743
1.3.0,core/src/main/java/org/apache/calcite/adapter/enumerable/WinAggImplementor.java,0,0,0.4964531293696743
1.3.0,core/src/main/java/org/apache/calcite/plan/hep/HepMatchOrder.java,0,0,0.4964531293696743
1.3.0,core/src/main/java/org/apache/calcite/plan/volcano/VolcanoPlannerPhase.java,0,0,0.4964531293696743
1.3.0,core/src/main/java/org/apache/calcite/rel/core/JoinRelType.java,0,0,0.4964531293696743
1.3.0,core/src/main/java/org/apache/calcite/rel/metadata/RelColumnMapping.java,0,0,0.4964531293696743
1.3.0,core/src/main/java/org/apache/calcite/rel/type/RelDataTypeFamily.java,0,0,0.4964531293696743
1.3.0,core/src/main/java/org/apache/calcite/rel/type/RelDataTypeField.java,0,0,0.4964531293696743
1.3.0,core/src/main/java/org/apache/calcite/rel/type/RelDataTypePrecedenceList.java,0,0,0.4964531293696743
1.3.0,core/src/main/java/org/apache/calcite/sql/pretty/SqlFormatOptions.java,0,0,0.4964531293696743
1.3.0,core/src/main/java/org/apache/calcite/sql/type/ExtraSqlTypes.java,0,0,0.4964531293696743
1.3.0,core/src/main/java/org/apache/calcite/sql/validate/SqlConformance.java,0,0,0.4964531293696743
1.3.0,core/src/main/java/org/apache/calcite/sql/validate/SqlMonotonicity.java,0,0,0.4964531293696743
1.3.0,splunk/src/main/java/org/apache/calcite/adapter/splunk/search/SearchResultListener.java,0,0,0.4964531293696743
1.3.0,splunk/src/main/java/org/apache/calcite/adapter/splunk/util/StringUtils.java,0,0,0.4952992983203955
1.3.0,linq4j/src/main/java/org/apache/calcite/linq4j/AbstractEnumerable.java,0,0,0.4964531293696743
1.3.0,linq4j/src/main/java/org/apache/calcite/linq4j/AbstractQueryable.java,0,0,0.4964531293696743
1.3.0,linq4j/src/main/java/org/apache/calcite/linq4j/Enumerable.java,0,0,0.4964531293696743
1.3.0,linq4j/src/main/java/org/apache/calcite/linq4j/Enumerator.java,0,0,0.4964531293696743
1.3.0,linq4j/src/main/java/org/apache/calcite/linq4j/Grouping.java,0,0,0.4964531293696743
1.3.0,linq4j/src/main/java/org/apache/calcite/linq4j/OpType.java,0,0,0.4964531293696743
1.3.0,linq4j/src/main/java/org/apache/calcite/linq4j/OrderedEnumerable.java,0,0,0.4964531293696743
1.3.0,linq4j/src/main/java/org/apache/calcite/linq4j/OrderedQueryable.java,0,0,0.4964531293696743
1.3.0,linq4j/src/main/java/org/apache/calcite/linq4j/Queryable.java,0,0,0.4964531293696743
1.3.0,linq4j/src/main/java/org/apache/calcite/linq4j/RawEnumerable.java,0,0,0.4964531293696743
1.3.0,linq4j/src/main/java/org/apache/calcite/linq4j/function/BigDecimalFunction1.java,0,0,0.4964531293696743
1.3.0,linq4j/src/main/java/org/apache/calcite/linq4j/function/Deterministic.java,0,0,0.4964531293696743
1.3.0,linq4j/src/main/java/org/apache/calcite/linq4j/function/DoubleFunction1.java,0,0,0.4964531293696743
1.3.0,linq4j/src/main/java/org/apache/calcite/linq4j/function/EqualityComparer.java,0,0,0.4964531293696743
1.3.0,linq4j/src/main/java/org/apache/calcite/linq4j/function/FloatFunction1.java,0,0,0.4964531293696743
1.3.0,linq4j/src/main/java/org/apache/calcite/linq4j/function/Function.java,0,0,0.4964531293696743
1.3.0,linq4j/src/main/java/org/apache/calcite/linq4j/function/Function0.java,0,0,0.4964531293696743
1.3.0,linq4j/src/main/java/org/apache/calcite/linq4j/function/Function1.java,0,0,0.4964531293696743
1.3.0,linq4j/src/main/java/org/apache/calcite/linq4j/function/Function2.java,0,0,0.4964531293696743
1.3.0,linq4j/src/main/java/org/apache/calcite/linq4j/function/IntegerFunction1.java,0,0,0.4964531293696743
1.3.0,linq4j/src/main/java/org/apache/calcite/linq4j/function/LongFunction1.java,0,0,0.4964531293696743
1.3.0,linq4j/src/main/java/org/apache/calcite/linq4j/function/NonDeterministic.java,0,0,0.4964531293696743
1.3.0,linq4j/src/main/java/org/apache/calcite/linq4j/function/NullableBigDecimalFunction1.java,0,0,0.4964531293696743
1.3.0,linq4j/src/main/java/org/apache/calcite/linq4j/function/NullableDoubleFunction1.java,0,0,0.4964531293696743
1.3.0,linq4j/src/main/java/org/apache/calcite/linq4j/function/NullableFloatFunction1.java,0,0,0.4964531293696743
1.3.0,linq4j/src/main/java/org/apache/calcite/linq4j/function/NullableIntegerFunction1.java,0,0,0.4964531293696743
1.3.0,linq4j/src/main/java/org/apache/calcite/linq4j/function/NullableLongFunction1.java,0,0,0.4964531293696743
1.3.0,linq4j/src/main/java/org/apache/calcite/linq4j/function/Predicate1.java,0,0,0.4964531293696743
1.3.0,linq4j/src/main/java/org/apache/calcite/linq4j/function/Predicate2.java,0,0,0.4964531293696743
1.3.0,linq4j/src/main/java/org/apache/calcite/linq4j/tree/CallSiteBinder.java,0,0,0.4964531293696743
1.3.0,linq4j/src/main/java/org/apache/calcite/linq4j/tree/ElementInit.java,0,0,0.4964531293696743
1.3.0,linq4j/src/main/java/org/apache/calcite/linq4j/tree/Evaluator.java,0,0,0.4964531293696743
1.3.0,linq4j/src/main/java/org/apache/calcite/linq4j/tree/ExpressionType.java,0,0,0.4964531293696743
1.3.0,linq4j/src/main/java/org/apache/calcite/linq4j/tree/GotoExpressionKind.java,0,0,0.4964531293696743
1.3.0,linq4j/src/main/java/org/apache/calcite/linq4j/tree/MemberAssignment.java,0,0,0.4964531293696743
1.3.0,linq4j/src/main/java/org/apache/calcite/linq4j/tree/MemberBinding.java,0,0,0.4964531293696743
1.3.0,linq4j/src/main/java/org/apache/calcite/linq4j/tree/MemberDeclaration.java,0,0,0.4964531293696743
1.3.0,linq4j/src/main/java/org/apache/calcite/linq4j/tree/MemberListBinding.java,0,0,0.4964531293696743
1.3.0,linq4j/src/main/java/org/apache/calcite/linq4j/tree/MemberMemberBinding.java,0,0,0.4964531293696743
1.3.0,linq4j/src/main/java/org/apache/calcite/linq4j/tree/Node.java,0,0,0.4964531293696743
1.3.0,linq4j/src/main/java/org/apache/calcite/linq4j/tree/PseudoField.java,0,0,0.4964531293696743
1.3.0,linq4j/src/main/java/org/apache/calcite/linq4j/tree/SwitchCase.java,0,0,0.4964531293696743
1.3.0,core/src/main/java/org/apache/calcite/rel/rules/AggregateJoinTransposeRule.java,0,1,0.5713890165921318
1.3.0,core/src/main/java/org/apache/calcite/sql/fun/SqlItemOperator.java,0,0,0.4964531293696743
1.3.0,core/src/main/java/org/apache/calcite/plan/Contexts.java,0,0,0.4964531293696743
1.3.0,core/src/main/java/org/apache/calcite/sql/SqlInsert.java,0,0,0.4959738404118913
1.3.0,core/src/main/java/org/apache/calcite/sql/SqlInsertKeyword.java,0,0,0.4964531293696743
1.3.0,core/src/main/java/org/apache/calcite/rel/rules/AggregateExpandDistinctAggregatesRule.java,0,0,0.49553006091803664
1.3.0,spark/src/main/java/org/apache/calcite/adapter/spark/HttpServer.java,0,0,0.4964531293696743
1.3.0,core/src/main/java/org/apache/calcite/rel/metadata/RelMdDistribution.java,0,0,0.4964531293696743
1.3.0,linq4j/src/main/java/org/apache/calcite/linq4j/EnumerableDefaults.java,0,0,0.4963251393004331
1.3.0,core/src/main/java/org/apache/calcite/rel/rules/ProjectRemoveRule.java,0,0,0.4964531293696743
1.3.0,core/src/main/java/org/apache/calcite/sql/SqlBinaryOperator.java,0,0,0.49576082542008904
1.3.0,core/src/main/java/org/apache/calcite/sql/SqlInfixOperator.java,0,0,0.4964531293696743
1.3.0,core/src/main/java/org/apache/calcite/sql/SqlInternalOperator.java,0,0,0.49631466740676444
1.3.0,core/src/main/java/org/apache/calcite/sql/SqlOperator.java,0,0,0.4964531293696743
1.3.0,core/src/main/java/org/apache/calcite/sql/SqlSpecialOperator.java,0,0,0.49631466740676444
1.3.0,core/src/main/java/org/apache/calcite/sql/SqlUpdate.java,1,0,0.4958069785403782
1.3.0,core/src/main/java/org/apache/calcite/sql/SqlUtil.java,0,0,0.49636474932920954
1.3.0,core/src/main/java/org/apache/calcite/sql/SqlWith.java,0,0,0.4964531293696743
1.3.0,core/src/main/java/org/apache/calcite/sql/SqlWithItem.java,0,0,0.49576082542008904
1.3.0,core/src/main/java/org/apache/calcite/sql/fun/SqlExtendOperator.java,0,0,0.4964531293696743
1.3.0,core/src/main/java/org/apache/calcite/sql/fun/SqlRollupOperator.java,0,0,0.4964531293696743
1.3.0,core/src/main/java/org/apache/calcite/jdbc/CalcitePrepare.java,0,1,0.5802223083092395
1.3.0,core/src/main/java/org/apache/calcite/model/JsonView.java,0,0,0.4964531293696743
1.3.0,core/src/main/java/org/apache/calcite/model/ModelHandler.java,1,0,0.4964531293696743
1.3.0,core/src/main/java/org/apache/calcite/prepare/CalcitePrepareImpl.java,1,0,0.4964531293696743
1.3.0,core/src/main/java/org/apache/calcite/prepare/RelOptTableImpl.java,0,0,0.49627252692057733
1.3.0,core/src/main/java/org/apache/calcite/rex/RexCopier.java,0,0,0.4964531293696743
1.3.0,core/src/main/java/org/apache/calcite/runtime/CalciteResource.java,0,0,0.4964531293696743
1.3.0,core/src/main/java/org/apache/calcite/schema/ModifiableTable.java,0,0,0.4964531293696743
1.3.0,core/src/main/java/org/apache/calcite/schema/ModifiableView.java,0,0,0.4964531293696743
1.3.0,core/src/main/java/org/apache/calcite/schema/Path.java,0,0,0.4964531293696743
1.3.0,core/src/main/java/org/apache/calcite/schema/Schemas.java,0,0,0.4964279544262401
1.3.0,core/src/main/java/org/apache/calcite/sql2rel/SqlToRelConverter.java,1,0,0.49640773194380644
1.3.0,core/src/main/java/org/apache/calcite/adapter/enumerable/RexToLixTranslator.java,0,0,0.4962031290133879
1.3.0,core/src/main/java/org/apache/calcite/schema/impl/MaterializedViewTable.java,0,0,0.4964531293696743
1.3.0,core/src/main/java/org/apache/calcite/schema/impl/ViewTable.java,0,0,0.4964531293696743
1.3.0,linq4j/src/main/java/org/apache/calcite/linq4j/tree/ConstantExpression.java,0,0,0.49460702293691317
1.3.0,linq4j/src/main/java/org/apache/calcite/linq4j/tree/Expressions.java,0,1,0.5799468376785695
1.3.0,core/src/main/java/org/apache/calcite/rex/RexUtil.java,0,0,0.4961776188775952
1.3.0,core/src/main/java/org/apache/calcite/sql/SqlTimeLiteral.java,0,0,0.4964531293696743
1.3.0,core/src/main/java/org/apache/calcite/sql/SqlTimestampLiteral.java,0,0,0.49610697552890126
1.3.0,core/src/main/java/org/apache/calcite/sql2rel/StandardConvertletTable.java,1,0,0.4963118416582329
1.3.0,core/src/main/java/org/apache/calcite/sql/fun/SqlBetweenOperator.java,1,0,0.4964531293696743
1.3.0,core/src/main/java/org/apache/calcite/sql/type/AssignableOperandTypeChecker.java,0,0,0.4964531293696743
1.3.0,core/src/main/java/org/apache/calcite/sql/type/ComparableOperandTypeChecker.java,0,0,0.4964531293696743
1.3.0,core/src/main/java/org/apache/calcite/sql/type/CompositeOperandTypeChecker.java,1,0,0.4964531293696743
1.3.0,core/src/main/java/org/apache/calcite/sql/type/FamilyOperandTypeChecker.java,0,0,0.4964531293696743
1.3.0,core/src/main/java/org/apache/calcite/sql/type/LiteralOperandTypeChecker.java,0,0,0.4964531293696743
1.3.0,core/src/main/java/org/apache/calcite/sql/type/MultisetOperandTypeChecker.java,0,0,0.4964531293696743
1.3.0,core/src/main/java/org/apache/calcite/sql/type/OperandTypes.java,0,0,0.4964531293696743
1.3.0,core/src/main/java/org/apache/calcite/sql/type/SameOperandTypeChecker.java,0,0,0.4964531293696743
1.3.0,core/src/main/java/org/apache/calcite/sql/type/SetopOperandTypeChecker.java,0,0,0.4964531293696743
1.3.0,core/src/main/java/org/apache/calcite/sql/type/SqlOperandTypeChecker.java,0,0,0.4964531293696743
1.3.0,core/src/main/java/org/apache/calcite/sql/type/SqlTypeUtil.java,1,0,0.49566192612089266
1.3.0,core/src/main/java/org/apache/calcite/jdbc/Driver.java,0,0,0.49610697552890126
1.3.0,core/src/main/java/org/apache/calcite/util/Compatible.java,0,0,0.4964531293696743
1.3.0,avatica/src/main/java/org/apache/calcite/avatica/UnregisteredDriver.java,0,0,0.4962800520035297
1.3.0,core/src/main/java/org/apache/calcite/adapter/jdbc/JdbcSchema.java,1,0,0.4964531293696743
1.3.0,core/src/main/java/org/apache/calcite/util/Util.java,1,0,0.4963796096742587
1.3.0,core/src/main/java/org/apache/calcite/adapter/enumerable/PhysTypeImpl.java,1,0,0.49602342170010055
1.3.0,core/src/main/java/org/apache/calcite/rel/rules/AggregateRemoveRule.java,0,0,0.4964531293696743
1.3.0,core/src/main/java/org/apache/calcite/rel/logical/LogicalProject.java,0,0,0.4962992827787233
1.3.0,core/src/main/java/org/apache/calcite/adapter/enumerable/EnumerableProjectRule.java,0,1,0.533998668748505
1.3.0,core/src/main/java/org/apache/calcite/adapter/enumerable/EnumerableSemiJoin.java,0,0,0.4960377451979646
1.3.0,core/src/main/java/org/apache/calcite/adapter/enumerable/EnumerableSemiJoinRule.java,0,0,0.4964531293696743
1.3.0,core/src/main/java/org/apache/calcite/rel/core/RelFactories.java,0,1,0.5776188528495882
1.3.0,core/src/main/java/org/apache/calcite/rel/core/SemiJoin.java,0,0,0.4964531293696743
1.3.0,mongodb/src/main/java/org/apache/calcite/adapter/mongodb/MongoProject.java,0,0,0.4964531293696743
1.3.0,spark/src/main/java/org/apache/calcite/adapter/spark/SparkRules.java,0,0,0.4963815110437335
1.3.0,core/src/main/java/org/apache/calcite/rel/rules/JoinAddRedundantSemiJoinRule.java,0,0,0.4964531293696743
1.3.0,core/src/main/java/org/apache/calcite/rel/rules/LoptSemiJoinOptimizer.java,0,0,0.4964531293696743
1.3.0,core/src/main/java/org/apache/calcite/rel/rules/SemiJoinFilterTransposeRule.java,0,0,0.4964531293696743
1.3.0,core/src/main/java/org/apache/calcite/rel/rules/SemiJoinJoinTransposeRule.java,0,0,0.4964531293696743
1.3.0,core/src/main/java/org/apache/calcite/rel/rules/SemiJoinProjectTransposeRule.java,0,0,0.4959915917282502
1.3.0,core/src/main/java/org/apache/calcite/rel/metadata/RelMdSize.java,0,0,0.4955531372841654
1.3.0,core/src/main/java/org/apache/calcite/jdbc/JavaTypeFactoryImpl.java,1,0,0.4964531293696743
1.3.0,core/src/main/java/org/apache/calcite/prepare/CalciteCatalogReader.java,1,0,0.4964531293696743
1.3.0,core/src/main/java/org/apache/calcite/sql/SqlUnresolvedFunction.java,0,0,0.4964531293696743
1.3.0,core/src/main/java/org/apache/calcite/sql/fun/SqlCountAggFunction.java,0,0,0.4964531293696743
1.3.0,core/src/main/java/org/apache/calcite/sql/fun/SqlFirstLastValueAggFunction.java,0,0,0.4964531293696743
1.3.0,core/src/main/java/org/apache/calcite/sql/fun/SqlSumEmptyIsZeroAggFunction.java,0,0,0.4964531293696743
1.3.0,mongodb/src/main/java/org/apache/calcite/adapter/mongodb/MongoTable.java,0,0,0.4964531293696743
1.3.0,core/src/main/java/org/apache/calcite/rel/rules/AggregateUnionAggregateRule.java,0,0,0.4964531293696743
1.3.0,core/src/main/java/org/apache/calcite/rel/rules/AggregateUnionTransposeRule.java,1,0,0.49622235974421475
1.3.0,core/src/main/java/org/apache/calcite/rel/rules/UnionEliminatorRule.java,0,0,0.4964531293696743
1.3.0,core/src/main/java/org/apache/calcite/rel/rules/UnionMergeRule.java,0,0,0.4964531293696743
1.3.0,core/src/main/java/org/apache/calcite/rel/rules/UnionToDistinctRule.java,0,0,0.4964531293696743
1.3.0,core/src/main/java/org/apache/calcite/interpreter/TableScanNode.java,0,0,0.4964531293696743
1.3.0,avatica-server/src/main/java/org/apache/calcite/avatica/server/Main.java,0,0,0.4964531293696743
1.3.0,core/src/main/java/org/apache/calcite/interpreter/AggregateNode.java,1,0,0.48922039891523755
1.3.0,core/src/main/java/org/apache/calcite/plan/SubstitutionVisitor.java,1,0,0.4964406177238442
1.3.0,core/src/main/java/org/apache/calcite/rex/RexBuilder.java,1,0,0.4963882252555282
1.3.0,core/src/main/java/org/apache/calcite/interpreter/Bindables.java,0,0,0.4962660187420882
1.3.0,core/src/main/java/org/apache/calcite/interpreter/Interpreter.java,0,0,0.4964531293696743
1.3.0,core/src/main/java/org/apache/calcite/interpreter/JaninoRexCompiler.java,0,0,0.4964531293696743
1.3.0,core/src/main/java/org/apache/calcite/interpreter/JoinNode.java,0,0,0.4964531293696743
1.3.0,core/src/main/java/org/apache/calcite/interpreter/Nodes.java,0,0,0.4964531293696743
1.3.0,core/src/main/java/org/apache/calcite/interpreter/ProjectNode.java,0,0,0.4964531293696743
1.3.0,core/src/main/java/org/apache/calcite/interpreter/ValuesNode.java,0,0,0.4964531293696743
1.3.0,core/src/main/java/org/apache/calcite/sql/SqlAggFunction.java,0,0,0.4964531293696743
1.3.0,core/src/main/java/org/apache/calcite/sql/SqlFilterOperator.java,0,0,0.4964531293696743
1.3.0,core/src/main/java/org/apache/calcite/sql/SqlKind.java,0,0,0.4964531293696743
1.3.0,core/src/main/java/org/apache/calcite/sql/SqlOverOperator.java,0,0,0.4964531293696743
1.3.0,core/src/main/java/org/apache/calcite/sql2rel/RelDecorrelator.java,0,0,0.4959778145863153
1.3.0,core/src/main/java/org/apache/calcite/sql2rel/RelFieldTrimmer.java,0,0,0.4962553267373185
1.3.0,core/src/main/java/org/apache/calcite/util/Bug.java,0,0,0.4964531293696743
1.3.0,core/src/main/java/org/apache/calcite/adapter/enumerable/AggAddContext.java,0,0,0.4964531293696743
1.3.0,core/src/main/java/org/apache/calcite/adapter/enumerable/EnumerableAggregate.java,1,1,0.5707312112020375
1.3.0,core/src/main/java/org/apache/calcite/adapter/enumerable/EnumerableWindow.java,0,0,0.4963802545831917
1.3.0,core/src/main/java/org/apache/calcite/adapter/enumerable/StrictAggImplementor.java,0,0,0.4964531293696743
1.3.0,core/src/main/java/org/apache/calcite/rel/core/Aggregate.java,1,0,0.49645312936966884
1.3.0,core/src/main/java/org/apache/calcite/rel/core/AggregateCall.java,0,0,0.4964531293696743
1.3.0,core/src/main/java/org/apache/calcite/tools/Programs.java,0,0,0.4964531293696743
1.3.0,core/src/main/java/org/apache/calcite/rel/core/Window.java,0,0,0.4964531293696743
1.3.0,core/src/main/java/org/apache/calcite/rel/externalize/RelJsonReader.java,1,0,0.4964531293696743
1.3.0,core/src/main/java/org/apache/calcite/util/ImmutableIntList.java,0,0,0.49640247248974567
1.3.0,core/src/main/java/org/apache/calcite/rel/rules/AggregateFilterTransposeRule.java,0,1,0.5713890165921318
1.3.0,core/src/main/java/org/apache/calcite/rel/rules/AggregateProjectMergeRule.java,0,0,0.4964531293696743
1.3.0,core/src/main/java/org/apache/calcite/rel/rules/AggregateProjectPullUpConstantsRule.java,0,0,0.4964531293696743
1.3.0,core/src/main/java/org/apache/calcite/rel/rules/AggregateReduceFunctionsRule.java,0,0,0.4957031341214132
1.3.0,core/src/main/java/org/apache/calcite/adapter/enumerable/EnumerableInterpreter.java,0,0,0.4964531293696743
1.3.0,core/src/main/java/org/apache/calcite/adapter/enumerable/EnumerableInterpreterRule.java,0,0,0.4964531293696743
1.3.0,core/src/main/java/org/apache/calcite/adapter/enumerable/EnumerableProject.java,0,0,0.49622235974421475
1.3.0,core/src/main/java/org/apache/calcite/adapter/enumerable/EnumerableRel.java,0,0,0.49645312936967695
1.3.0,core/src/main/java/org/apache/calcite/adapter/enumerable/EnumerableRules.java,0,0,0.4964531293696743
1.3.0,core/src/main/java/org/apache/calcite/adapter/enumerable/EnumerableTableScanRule.java,0,0,0.4964531293696743
1.3.0,core/src/main/java/org/apache/calcite/rel/core/TableScan.java,0,0,0.4964531293696743
1.3.0,core/src/main/java/org/apache/calcite/sql/fun/SqlStdOperatorTable.java,1,0,0.4964531293696743
1.3.0,core/src/main/java/org/apache/calcite/rel/logical/LogicalTableScan.java,0,0,0.49553006091803664
1.3.0,core/src/main/java/org/apache/calcite/rel/logical/LogicalWindow.java,1,0,0.4964531293696743
1.3.0,core/src/main/java/org/apache/calcite/rel/rules/CalcSplitRule.java,0,0,0.4964531293696743
1.3.0,core/src/main/java/org/apache/calcite/rel/rules/FilterTableScanRule.java,0,0,0.4964531293696743
1.3.0,core/src/main/java/org/apache/calcite/sql/validate/AggChecker.java,0,0,0.4964531293696743
1.3.0,core/src/main/java/org/apache/calcite/rel/rules/ProjectTableScanRule.java,0,0,0.4964531293696743
1.3.0,core/src/main/java/org/apache/calcite/sql/validate/SqlValidatorImpl.java,1,0,0.4963022909456672
1.3.0,core/src/main/java/org/apache/calcite/util/mapping/Mappings.java,0,1,0.7520003076411126
1.3.0,core/src/main/java/org/apache/calcite/sql/fun/SqlQuarterFunction.java,0,0,0.4964531293696743
1.3.0,core/src/main/java/org/apache/calcite/rel/metadata/ReflectiveRelMetadataProvider.java,1,0,0.4964531293696743
1.3.0,avatica/src/main/java/org/apache/calcite/avatica/remote/JsonService.java,0,0,0.4964531293696743
1.3.0,core/src/main/java/org/apache/calcite/sql/SqlIdentifier.java,0,0,0.4964531293696743
1.3.0,core/src/main/java/org/apache/calcite/sql/validate/DelegatingScope.java,0,0,0.4964531293696743
1.3.0,avatica/src/main/java/org/apache/calcite/avatica/Helper.java,0,0,0.4964531293696743
1.3.0,core/src/main/java/org/apache/calcite/rel/rules/JoinCommuteRule.java,0,0,0.4964531293696743
1.3.0,core/src/main/java/org/apache/calcite/rel/metadata/RelMdUtil.java,0,0,0.4964036786050803
1.3.0,core/src/main/java/org/apache/calcite/rel/rules/AggregateStarTableRule.java,0,0,0.4964531293696743
1.3.0,core/src/main/java/org/apache/calcite/adapter/enumerable/JavaRowFormat.java,0,0,0.49645312936967695
1.3.0,avatica/src/main/java/org/apache/calcite/avatica/util/Base64.java,0,0,0.4964531293696743
1.3.0,core/src/main/java/org/apache/calcite/sql/SqlJdbcFunctionCall.java,0,0,0.49633272763119357
1.3.0,core/src/main/java/org/apache/calcite/tools/FrameworkConfig.java,0,0,0.4964531293696743
1.3.0,core/src/main/java/org/apache/calcite/adapter/jdbc/JdbcRules.java,1,0,0.49632725483489937
1.3.0,core/src/main/java/org/apache/calcite/rel/rules/ReduceExpressionsRule.java,1,0,0.4964531293696743
1.3.0,core/src/main/java/org/apache/calcite/plan/RelOptCluster.java,0,0,0.4964531293696743
1.3.0,core/src/main/java/org/apache/calcite/plan/RelOptQuery.java,0,0,0.4964531293696743
1.3.0,core/src/main/java/org/apache/calcite/prepare/PlannerImpl.java,1,0,0.4964531293696743
1.3.0,core/src/main/java/org/apache/calcite/rel/RelNode.java,0,0,0.4964531293696743
1.3.0,core/src/main/java/org/apache/calcite/rel/rules/JoinToCorrelateRule.java,0,0,0.4964531293696743
1.3.0,core/src/main/java/org/apache/calcite/rel/core/Filter.java,0,0,0.4964531293696743
1.3.0,avatica/src/main/java/org/apache/calcite/avatica/remote/JsonHandler.java,0,0,0.4964531293696743
1.3.0,avatica/src/main/java/org/apache/calcite/avatica/remote/LocalJsonService.java,0,0,0.4964531293696743
1.3.0,core/src/main/java/org/apache/calcite/rel/rules/FilterProjectTransposeRule.java,0,1,0.533998668748505
1.3.0,core/src/main/java/org/apache/calcite/plan/RelOptPredicateList.java,0,0,0.4964531293696743
1.3.0,core/src/main/java/org/apache/calcite/rex/RexInputRef.java,0,0,0.4964531293696743
1.3.0,core/src/main/java/org/apache/calcite/rex/RexShuttle.java,0,0,0.4964531293696743
1.3.0,core/src/main/java/org/apache/calcite/plan/RelOptUtil.java,1,1,0.9990402509444233
1.3.0,core/src/main/java/org/apache/calcite/adapter/enumerable/EnumerableJoin.java,0,0,0.3981063742966634
1.3.0,core/src/main/java/org/apache/calcite/adapter/enumerable/EnumerableMergeJoin.java,1,1,0.5711629243198635
1.3.0,core/src/main/java/org/apache/calcite/rel/core/EquiJoin.java,0,0,0.4964531293696743
1.3.0,core/src/main/java/org/apache/calcite/rel/rules/EquiJoin.java,0,0,0.4964531293696743
1.3.0,core/src/main/java/org/apache/calcite/rel/rules/FilterJoinRule.java,0,0,0.4964531293696743
1.3.0,core/src/main/java/org/apache/calcite/rel/type/RelDataType.java,0,0,0.4964531293696743
1.3.0,core/src/main/java/org/apache/calcite/rel/type/RelDataTypeImpl.java,0,0,0.4964531293696743
1.3.0,core/src/main/java/org/apache/calcite/sql/validate/SqlValidatorUtil.java,0,0,0.4964531293696743
1.3.0,splunk/src/main/java/org/apache/calcite/adapter/splunk/SplunkTableScan.java,0,0,0.4964531293696743
1.3.0,core/src/main/java/org/apache/calcite/plan/RelOptNode.java,0,0,0.4964531293696743
1.3.0,core/src/main/java/org/apache/calcite/schema/SchemaFactory.java,0,0,0.4964531293696743
1.3.0,core/src/main/java/org/apache/calcite/adapter/enumerable/AggContext.java,0,0,0.4964531293696743
1.3.0,core/src/main/java/org/apache/calcite/adapter/enumerable/CallImplementor.java,0,0,0.4964531293696743
1.3.0,core/src/main/java/org/apache/calcite/adapter/enumerable/JavaRelImplementor.java,0,0,0.4964531293696743
1.3.0,core/src/main/java/org/apache/calcite/rel/core/SetOp.java,0,0,0.4964531293696743
1.3.0,core/src/main/java/org/apache/calcite/rel/type/RelDataTypeFactory.java,0,0,0.1601113146091262
1.3.0,core/src/main/java/org/apache/calcite/schema/impl/AbstractSchema.java,0,0,0.4964531293696743
