version,file,true_label,predicted,probability
1.3.0,core/src/main/java/org/apache/calcite/adapter/jdbc/JdbcToEnumerableConverter.java,0,0,0.4061372829461433
1.3.0,core/src/main/java/org/apache/calcite/sql/validate/SqlValidator.java,1,0,0.42658447904226376
1.3.0,linq4j/src/main/java/org/apache/calcite/linq4j/CartesianProductEnumerator.java,0,1,0.5438220224851854
1.3.0,core/src/main/java/org/apache/calcite/interpreter/AbstractSingleNode.java,0,0,0.19937013594398886
1.3.0,core/src/main/java/org/apache/calcite/interpreter/Row.java,0,1,0.5199235890975406
1.3.0,core/src/main/java/org/apache/calcite/plan/RelOptPlanner.java,0,0,0.2575245481685125
1.3.0,core/src/main/java/org/apache/calcite/server/CalciteServerStatement.java,0,0,0.3243531394263374
1.3.0,core/src/main/java/org/apache/calcite/util/BuiltInMethod.java,1,1,0.9875676652237732
1.3.0,core/src/main/java/org/apache/calcite/runtime/SqlFunctions.java,1,1,0.7878217899242348
1.3.0,core/src/main/java/org/apache/calcite/util/ImmutableBitSet.java,0,1,0.9562443393862066
1.3.0,core/src/main/java/org/apache/calcite/rel/rules/SemiJoinRule.java,0,1,0.6532074468754704
1.3.0,avatica/src/main/java/org/apache/calcite/avatica/util/ByteString.java,1,0,0.4821703944154773
1.3.0,core/src/main/java/org/apache/calcite/interpreter/SortNode.java,1,1,0.5137960780098103
1.3.0,core/src/main/java/org/apache/calcite/plan/RelCompositeTrait.java,0,0,0.30175402532959905
1.3.0,core/src/main/java/org/apache/calcite/plan/RelMultipleTrait.java,0,0,0.14457273131921855
1.3.0,core/src/main/java/org/apache/calcite/plan/RelOptMaterialization.java,0,0,0.3953904672153674
1.3.0,core/src/main/java/org/apache/calcite/plan/RelTrait.java,0,0,0.1075162148900905
1.3.0,core/src/main/java/org/apache/calcite/plan/RelTraitDef.java,0,1,0.5745704112281746
1.3.0,core/src/main/java/org/apache/calcite/prepare/LixToRelTranslator.java,0,1,0.5646191738910444
1.3.0,core/src/main/java/org/apache/calcite/prepare/Prepare.java,1,0,0.4940290818508005
1.3.0,core/src/main/java/org/apache/calcite/prepare/QueryableRelBuilder.java,0,1,0.5796542223267334
1.3.0,core/src/main/java/org/apache/calcite/rel/AbstractRelNode.java,1,1,0.6566826551405885
1.3.0,core/src/main/java/org/apache/calcite/rel/RelCollation.java,0,0,0.1514921117416338
1.3.0,core/src/main/java/org/apache/calcite/rel/RelCollations.java,0,0,0.1969970630838396
1.3.0,core/src/main/java/org/apache/calcite/rel/RelCollationTraitDef.java,1,0,0.38802274745091203
1.3.0,core/src/main/java/org/apache/calcite/rel/RelFieldCollation.java,0,0,0.3755843394603995
1.3.0,core/src/main/java/org/apache/calcite/rex/RexProgram.java,0,0,0.37561186414334935
1.3.0,core/src/main/java/org/apache/calcite/sql/SqlWindow.java,1,1,0.8994431222291681
1.3.0,core/src/main/java/org/apache/calcite/adapter/clone/ArrayTable.java,0,1,0.8185637154857728
1.3.0,core/src/main/java/org/apache/calcite/adapter/enumerable/EnumerableCalcRule.java,0,0,0.19429554955680697
1.3.0,core/src/main/java/org/apache/calcite/adapter/enumerable/EnumerableFilterToCalcRule.java,0,0,0.1619880968099699
1.3.0,core/src/main/java/org/apache/calcite/adapter/enumerable/EnumerableMergeJoinRule.java,0,0,0.37083864566339003
1.3.0,core/src/main/java/org/apache/calcite/adapter/enumerable/EnumerableProjectToCalcRule.java,0,0,0.16127377013376556
1.3.0,core/src/main/java/org/apache/calcite/adapter/enumerable/EnumerableSort.java,0,0,0.4418418432410053
1.3.0,core/src/main/java/org/apache/calcite/adapter/enumerable/EnumerableSortRule.java,0,0,0.4353098155059666
1.3.0,core/src/main/java/org/apache/calcite/adapter/enumerable/EnumerableValuesRule.java,0,0,0.16681910653018076
1.3.0,core/src/main/java/org/apache/calcite/plan/volcano/AbstractConverter.java,0,0,0.4183853357985228
1.3.0,core/src/main/java/org/apache/calcite/plan/volcano/RelSubset.java,1,1,0.8206903758438531
1.3.0,core/src/main/java/org/apache/calcite/rel/core/Calc.java,0,0,0.2589516736864798
1.3.0,core/src/main/java/org/apache/calcite/rel/core/Correlate.java,0,0,0.17041480034694287
1.3.0,core/src/main/java/org/apache/calcite/rel/core/JoinInfo.java,0,0,0.32611540901545427
1.3.0,core/src/main/java/org/apache/calcite/rel/logical/LogicalAggregate.java,0,0,0.218966615113285
1.3.0,core/src/main/java/org/apache/calcite/rel/logical/LogicalCorrelate.java,0,0,0.16697576091618133
1.3.0,core/src/main/java/org/apache/calcite/rel/logical/LogicalIntersect.java,0,0,0.12393765360123116
1.3.0,core/src/main/java/org/apache/calcite/rel/logical/LogicalJoin.java,0,0,0.2839385658925745
1.3.0,core/src/main/java/org/apache/calcite/rel/logical/LogicalMinus.java,0,0,0.14633343916882788
1.3.0,core/src/main/java/org/apache/calcite/rel/logical/LogicalSort.java,0,0,0.37559971686896165
1.3.0,core/src/main/java/org/apache/calcite/rel/logical/LogicalTableFunctionScan.java,0,0,0.27006966695914003
1.3.0,core/src/main/java/org/apache/calcite/rel/logical/LogicalTableModify.java,0,0,0.275657077935505
1.3.0,core/src/main/java/org/apache/calcite/rel/logical/LogicalUnion.java,0,0,0.26655393742039685
1.3.0,core/src/main/java/org/apache/calcite/rel/logical/LogicalValues.java,0,0,0.46997887595502197
1.3.0,core/src/main/java/org/apache/calcite/rel/rules/CalcRelSplitter.java,0,1,0.5974944475499977
1.3.0,core/src/main/java/org/apache/calcite/rel/rules/FilterCalcMergeRule.java,0,0,0.1520659597886786
1.3.0,core/src/main/java/org/apache/calcite/rel/rules/FilterTableFunctionTransposeRule.java,0,0,0.13412658735776614
1.3.0,core/src/main/java/org/apache/calcite/rel/rules/FilterToCalcRule.java,0,0,0.14891029354693508
1.3.0,core/src/main/java/org/apache/calcite/rel/rules/ProjectCalcMergeRule.java,0,0,0.15696424928287583
1.3.0,core/src/main/java/org/apache/calcite/rel/rules/ProjectToCalcRule.java,0,0,0.14544233336132603
1.3.0,core/src/main/java/org/apache/calcite/rel/rules/ProjectToWindowRule.java,1,0,0.35316513662083887
1.3.0,core/src/main/java/org/apache/calcite/rel/rules/PruneEmptyRules.java,0,1,0.5061237218758411
1.3.0,core/src/main/java/org/apache/calcite/rel/rules/ReduceDecimalsRule.java,0,1,0.5709127172826929
1.3.0,core/src/main/java/org/apache/calcite/rel/rules/SortProjectTransposeRule.java,0,0,0.36792072105575646
1.3.0,core/src/main/java/org/apache/calcite/rel/rules/ValuesReduceRule.java,1,1,0.5531535536242955
1.3.0,core/src/main/java/org/apache/calcite/sql/fun/SqlLiteralChainOperator.java,0,1,0.5078544048509164
1.3.0,core/src/main/java/org/apache/calcite/sql/util/SqlShuttle.java,0,1,0.5355505368084351
1.3.0,splunk/src/main/java/org/apache/calcite/adapter/splunk/SplunkPushDownRule.java,0,0,0.28520688591130144
1.3.0,linq4j/src/main/java/org/apache/calcite/linq4j/Ord.java,0,0,0.17533447625800547
1.3.0,core/src/main/java/org/apache/calcite/interpreter/BindableConvention.java,0,0,0.4964015475755207
1.3.0,core/src/main/java/org/apache/calcite/interpreter/BindableRel.java,0,0,0.24692695783088206
1.3.0,core/src/main/java/org/apache/calcite/interpreter/Context.java,0,0,0.28008775420555077
1.3.0,core/src/main/java/org/apache/calcite/interpreter/FilterNode.java,0,1,0.7641028376247979
1.3.0,core/src/main/java/org/apache/calcite/interpreter/InterpretableConvention.java,0,0,0.18416802452720527
1.3.0,core/src/main/java/org/apache/calcite/interpreter/InterpretableConverter.java,0,0,0.24313478357420673
1.3.0,core/src/main/java/org/apache/calcite/interpreter/InterpretableRel.java,0,0,0.24313478357420673
1.3.0,core/src/main/java/org/apache/calcite/interpreter/Interpreters.java,0,0,0.22199760010015507
1.3.0,core/src/main/java/org/apache/calcite/interpreter/NoneToBindableConverterRule.java,0,0,0.29944825512427
1.3.0,core/src/main/java/org/apache/calcite/interpreter/Scalar.java,0,0,0.23311597517367988
1.3.0,core/src/main/java/org/apache/calcite/interpreter/UnionNode.java,0,1,0.7010381519811254
1.3.0,core/src/main/java/org/apache/calcite/interpreter/WindowNode.java,0,0,0.35078106498782474
1.3.0,core/src/main/java/org/apache/calcite/rex/RexExecutorImpl.java,0,0,0.3405607848413725
1.3.0,core/src/main/java/org/apache/calcite/runtime/ArrayBindable.java,0,0,0.24678914901313773
1.3.0,core/src/main/java/org/apache/calcite/adapter/enumerable/AggImpState.java,0,1,0.6005377509971562
1.3.0,core/src/main/java/org/apache/calcite/adapter/enumerable/EnumerableBindable.java,0,0,0.23298351045019594
1.3.0,core/src/main/java/org/apache/calcite/adapter/enumerable/EnumerableConvention.java,0,1,0.5578627406658317
1.3.0,core/src/main/java/org/apache/calcite/adapter/enumerable/EnumerableFilterRule.java,0,0,0.2745468789430868
1.3.0,core/src/main/java/org/apache/calcite/adapter/enumerable/EnumerableInterpretable.java,0,0,0.4914344405726059
1.3.0,core/src/main/java/org/apache/calcite/adapter/enumerable/EnumUtils.java,0,0,0.4510246674471036
1.3.0,core/src/main/java/org/apache/calcite/adapter/java/ReflectiveSchema.java,0,1,0.6839339381588713
1.3.0,core/src/main/java/org/apache/calcite/rel/convert/ConverterRule.java,0,1,0.6397344993598882
1.3.0,spark/src/main/java/org/apache/calcite/adapter/spark/SparkHandlerImpl.java,0,0,0.19439441452792675
1.3.0,linq4j/src/main/java/org/apache/calcite/linq4j/tree/ConditionalExpression.java,0,0,0.3617907471679144
1.3.0,linq4j/src/main/java/org/apache/calcite/linq4j/tree/Types.java,0,1,0.968212396575052
1.3.0,core/src/main/java/org/apache/calcite/plan/volcano/VolcanoPlanner.java,1,1,0.9986461335913259
1.3.0,mongodb/src/main/java/org/apache/calcite/adapter/mongodb/MongoAggregate.java,0,0,0.4612795859805426
1.3.0,mongodb/src/main/java/org/apache/calcite/adapter/mongodb/MongoRules.java,0,0,0.4539256289116712
1.3.0,core/src/main/java/org/apache/calcite/schema/ExtensibleTable.java,0,0,0.2559123301753961
1.3.0,core/src/main/java/org/apache/calcite/sql/SqlDelete.java,0,0,0.47210253330062746
1.3.0,core/src/main/java/org/apache/calcite/plan/RelOptRule.java,0,1,0.5983759856191683
1.3.0,core/src/main/java/org/apache/calcite/plan/RelTraitSet.java,0,1,0.7648648152135792
1.3.0,core/src/main/java/org/apache/calcite/plan/volcano/RelSet.java,1,0,0.4457733938701622
1.3.0,core/src/main/java/org/apache/calcite/rel/metadata/RelMdCollation.java,1,0,0.47561108401446534
1.3.0,avatica-server/src/main/java/org/apache/calcite/avatica/server/AvaticaHandler.java,0,1,0.7164071344050941
1.3.0,avatica-server/src/main/java/org/apache/calcite/avatica/server/HttpServer.java,0,1,0.561127168010502
1.3.0,linq4j/src/main/java/org/apache/calcite/linq4j/tree/Primitive.java,0,0,0.3830825949154861
1.3.0,core/src/main/java/org/apache/calcite/materialize/MaterializationService.java,0,1,0.7580232813604111
1.3.0,core/src/main/java/org/apache/calcite/adapter/clone/ColumnLoader.java,0,1,0.889233241849092
1.3.0,core/src/main/java/org/apache/calcite/rel/core/Project.java,1,1,0.8409344886343162
1.3.0,core/src/main/java/org/apache/calcite/rel/core/Values.java,0,1,0.7911014059239738
1.3.0,linq4j/src/main/java/org/apache/calcite/linq4j/function/Functions.java,0,1,0.7174591551270185
1.3.0,linq4j/src/main/java/org/apache/calcite/linq4j/tree/ConstructorDeclaration.java,0,0,0.3043125244700174
1.3.0,linq4j/src/main/java/org/apache/calcite/linq4j/tree/MethodDeclaration.java,0,1,0.6029196479199858
1.3.0,core/src/main/java/org/apache/calcite/adapter/enumerable/EnumerableTableFunctionScan.java,0,1,0.6102533133117697
1.3.0,core/src/main/java/org/apache/calcite/rel/core/Join.java,0,0,0.35742102108385104
1.3.0,core/src/main/java/org/apache/calcite/rel/core/TableFunctionScan.java,0,0,0.4119272516013829
1.3.0,core/src/main/java/org/apache/calcite/rel/externalize/RelWriterImpl.java,0,1,0.5169121149415459
1.3.0,core/src/main/java/org/apache/calcite/rel/rules/MultiJoin.java,0,1,0.6076338432508945
1.3.0,core/src/main/java/org/apache/calcite/sql/fun/SqlExtractFunction.java,0,1,0.661575154234477
1.3.0,core/src/main/java/org/apache/calcite/util/ImmutableNullableList.java,0,1,0.5689366213784749
1.3.0,core/src/main/java/org/apache/calcite/rel/metadata/BuiltInMetadata.java,0,0,0.2180047838965956
1.3.0,core/src/main/java/org/apache/calcite/rel/metadata/DefaultRelMetadataProvider.java,0,0,0.24006384591855082
1.3.0,core/src/main/java/org/apache/calcite/rel/metadata/RelMetadataQuery.java,0,1,0.6426276164031228
1.3.0,core/src/main/java/org/apache/calcite/sql/fun/SqlSequenceValueOperator.java,0,1,0.5293716695749575
1.3.0,core/src/main/java/org/apache/calcite/jdbc/CalciteSchema.java,0,1,0.5249625945875054
1.3.0,core/src/main/java/org/apache/calcite/model/JsonRoot.java,0,0,0.3188565018224692
1.3.0,core/src/main/java/org/apache/calcite/model/JsonStream.java,0,0,0.21880849109480732
1.3.0,core/src/main/java/org/apache/calcite/model/JsonTable.java,0,0,0.3131201887116504
1.3.0,core/src/main/java/org/apache/calcite/schema/Schema.java,1,0,0.39754180766624403
1.3.0,core/src/main/java/org/apache/calcite/schema/StreamableTable.java,0,0,0.24061358217142356
1.3.0,core/src/main/java/org/apache/calcite/sql/SqlSelectKeyword.java,0,0,0.2800508028397829
1.3.0,core/src/main/java/org/apache/calcite/sql2rel/RelStructuredTypeFlattener.java,0,1,0.5983428661893838
1.3.0,avatica/src/main/java/org/apache/calcite/avatica/util/PackageMarker.java,0,0,0.17545303203287235
1.3.0,core/src/main/java/org/apache/calcite/adapter/enumerable/EnumerableTableScan.java,0,1,0.7308630862697159
1.3.0,core/src/main/java/org/apache/calcite/adapter/enumerable/RexImpTable.java,1,1,0.9602437714965508
1.3.0,linq4j/src/main/java/org/apache/calcite/linq4j/PackageMarker.java,0,0,0.17545303203287235
1.3.0,core/src/main/java/org/apache/calcite/rel/stream/Chi.java,0,0,0.1975909481964909
1.3.0,core/src/main/java/org/apache/calcite/rel/stream/Delta.java,0,0,0.2937774534322874
1.3.0,core/src/main/java/org/apache/calcite/rel/stream/LogicalChi.java,0,0,0.2408770182957419
1.3.0,core/src/main/java/org/apache/calcite/rel/stream/LogicalDelta.java,0,0,0.18735585289977885
1.3.0,core/src/main/java/org/apache/calcite/rel/stream/StreamRules.java,0,0,0.2710175872221511
1.3.0,core/src/main/java/org/apache/calcite/sql/advise/SqlAdvisorValidator.java,1,1,0.5092432393332004
1.3.0,core/src/main/java/org/apache/calcite/sql/fun/SqlCollectionTableOperator.java,0,0,0.23288948311049812
1.3.0,core/src/main/java/org/apache/calcite/sql/fun/SqlFloorFunction.java,0,1,0.5595630808277223
1.3.0,core/src/main/java/org/apache/calcite/sql/type/CompositeSingleOperandTypeChecker.java,0,1,0.5028240551129173
1.3.0,core/src/main/java/org/apache/calcite/sql/validate/AbstractNamespace.java,1,1,0.6053278774919938
1.3.0,core/src/main/java/org/apache/calcite/sql/validate/IdentifierNamespace.java,1,1,0.7057812163507552
1.3.0,core/src/main/java/org/apache/calcite/sql/validate/SelectNamespace.java,1,0,0.27747945597992885
1.3.0,core/src/main/java/org/apache/calcite/sql/validate/SetopNamespace.java,1,0,0.48238981924597824
1.3.0,core/src/main/java/org/apache/calcite/sql/validate/SqlModality.java,0,0,0.26446412046860684
1.3.0,core/src/main/java/org/apache/calcite/sql/validate/SqlValidatorNamespace.java,1,0,0.2516597184323904
1.3.0,core/src/main/java/org/apache/calcite/sql/validate/SqlValidatorTable.java,0,0,0.2531259728916974
1.3.0,core/src/main/java/org/apache/calcite/sql/validate/TableConstructorNamespace.java,1,1,0.5767987779686881
1.3.0,core/src/main/java/org/apache/calcite/sql/validate/TableNamespace.java,1,1,0.7184802881369993
1.3.0,linq4j/src/main/java/org/apache/calcite/linq4j/Linq4j.java,0,0,0.4493238831994035
1.3.0,linq4j/src/main/java/org/apache/calcite/linq4j/tree/Visitor.java,0,0,0.48824738871233353
1.3.0,core/src/main/java/org/apache/calcite/rel/metadata/RelMdMemory.java,0,0,0.3258877633009866
1.3.0,core/src/main/java/org/apache/calcite/rel/metadata/RelMdParallelism.java,0,0,0.17743899411459918
1.3.0,core/src/main/java/org/apache/calcite/util/Static.java,0,0,0.24285353133489512
1.3.0,core/src/main/java/org/apache/calcite/sql/SqlCall.java,1,1,0.6746858813001978
1.3.0,core/src/main/java/org/apache/calcite/sql/SqlNode.java,0,1,0.6546899831053327
1.3.0,core/src/main/java/org/apache/calcite/sql/advise/SqlAdvisor.java,0,0,0.33248862242228
1.3.0,core/src/main/java/org/apache/calcite/sql/parser/SqlParserPos.java,0,1,0.6588936831723907
1.3.0,core/src/main/java/org/apache/calcite/sql/validate/AggregatingSelectScope.java,1,1,0.8127727521051917
1.3.0,core/src/main/java/org/apache/calcite/sql/validate/CatalogScope.java,0,1,0.6815066826899333
1.3.0,core/src/main/java/org/apache/calcite/sql/validate/EmptyScope.java,0,0,0.3386583025008336
1.3.0,core/src/main/java/org/apache/calcite/sql/validate/ListScope.java,0,0,0.49167946714830035
1.3.0,core/src/main/java/org/apache/calcite/sql/validate/OrderByScope.java,0,1,0.5533937418890444
1.3.0,core/src/main/java/org/apache/calcite/sql/validate/ParameterScope.java,0,0,0.39548216787609
1.3.0,core/src/main/java/org/apache/calcite/sql/validate/SchemaNamespace.java,1,0,0.31088574529813606
1.3.0,core/src/main/java/org/apache/calcite/sql/validate/SelectScope.java,0,1,0.6072149796294348
1.3.0,core/src/main/java/org/apache/calcite/sql/validate/SqlMoniker.java,0,1,0.5652552829010379
1.3.0,core/src/main/java/org/apache/calcite/sql/validate/SqlMonikerImpl.java,0,0,0.4838094869907963
1.3.0,core/src/main/java/org/apache/calcite/sql/validate/SqlMonikerType.java,0,0,0.3087725944361292
1.3.0,core/src/main/java/org/apache/calcite/sql/validate/SqlQualified.java,0,1,0.525802287529353
1.3.0,core/src/main/java/org/apache/calcite/sql/validate/SqlValidatorCatalogReader.java,0,0,0.2798476244551383
1.3.0,core/src/main/java/org/apache/calcite/sql/validate/SqlValidatorScope.java,0,0,0.2584022524174951
1.3.0,core/src/main/java/org/apache/calcite/sql/validate/WithScope.java,1,0,0.48820873625552597
1.3.0,core/src/main/java/org/apache/calcite/runtime/Enumerables.java,0,0,0.3336315883132712
1.3.0,core/src/main/java/org/apache/calcite/adapter/enumerable/EnumerableJoinRule.java,0,1,0.5549759299327816
1.3.0,core/src/main/java/org/apache/calcite/adapter/enumerable/EnumerableThetaJoin.java,0,0,0.363206026218912
1.3.0,linq4j/src/main/java/org/apache/calcite/linq4j/tree/FunctionExpression.java,0,1,0.5711284867947
1.3.0,core/src/main/java/org/apache/calcite/sql/SqlDialect.java,0,0,0.3895286520142142
1.3.0,core/src/main/java/org/apache/calcite/sql/SqlCallBinding.java,0,1,0.5505153232386627
1.3.0,core/src/main/java/org/apache/calcite/adapter/enumerable/EnumerableAggregateRule.java,0,0,0.35201892264116996
1.3.0,core/src/main/java/org/apache/calcite/adapter/enumerable/PhysType.java,0,0,0.32337706321381565
1.3.0,core/src/main/java/org/apache/calcite/sql/fun/SqlThrowOperator.java,0,0,0.30990705171861255
1.3.0,core/src/main/java/org/apache/calcite/plan/RelOptLattice.java,0,1,0.6221483887719553
1.3.0,core/src/main/java/org/apache/calcite/plan/Strong.java,0,1,0.5645197550688089
1.3.0,core/src/main/java/org/apache/calcite/util/BitSets.java,0,1,0.5967628775267396
1.3.0,core/src/main/java/org/apache/calcite/plan/hep/HepRelVertex.java,0,1,0.5571486426517197
1.3.0,core/src/main/java/org/apache/calcite/rel/core/Intersect.java,0,0,0.3371761813078079
1.3.0,core/src/main/java/org/apache/calcite/rel/core/Minus.java,0,0,0.32337706321381565
1.3.0,core/src/main/java/org/apache/calcite/rel/metadata/RelMdRowCount.java,0,1,0.5813003338157556
1.3.0,core/src/main/java/org/apache/calcite/rel/metadata/RelMdSelectivity.java,0,1,0.5327750242095037
1.3.0,core/src/main/java/org/apache/calcite/rel/rules/JoinAssociateRule.java,0,0,0.4855589024273803
1.3.0,core/src/main/java/org/apache/calcite/rel/rules/JoinPushThroughJoinRule.java,0,1,0.7614292974461638
1.3.0,core/src/main/java/org/apache/calcite/rel/rules/JoinToMultiJoinRule.java,0,1,0.6851207425965231
1.3.0,core/src/main/java/org/apache/calcite/rel/rules/LoptMultiJoin.java,0,0,0.42299588821721357
1.3.0,core/src/main/java/org/apache/calcite/rel/rules/LoptOptimizeJoinRule.java,0,1,0.9656702288958801
1.3.0,core/src/main/java/org/apache/calcite/rel/rules/MultiJoinOptimizeBushyRule.java,0,1,0.737617375903904
1.3.0,plus/src/main/java/org/apache/calcite/adapter/tpcds/TpcdsSchema.java,0,0,0.29727281536353034
1.3.0,core/src/main/java/org/apache/calcite/adapter/jdbc/JdbcTable.java,1,1,0.9078647876511643
1.3.0,core/src/main/java/org/apache/calcite/adapter/jdbc/JdbcUtils.java,0,1,0.8036202135148633
1.3.0,avatica/src/main/java/org/apache/calcite/avatica/ColumnMetaData.java,0,1,0.881638221614485
1.3.0,core/src/main/java/org/apache/calcite/DataContext.java,0,1,0.5625167268609176
1.3.0,core/src/main/java/org/apache/calcite/jdbc/CalciteConnection.java,0,0,0.32337706321381565
1.3.0,core/src/main/java/org/apache/calcite/jdbc/CalciteFactory.java,0,0,0.32209169723569664
1.3.0,core/src/main/java/org/apache/calcite/jdbc/CalciteRootSchema.java,0,0,0.35201892264116996
1.3.0,core/src/main/java/org/apache/calcite/jdbc/JavaRecordType.java,0,1,0.7720995248582222
1.3.0,core/src/main/java/org/apache/calcite/materialize/MaterializationActor.java,0,1,0.6067449564081381
1.3.0,core/src/main/java/org/apache/calcite/materialize/MaterializationKey.java,0,1,0.5161141751868134
1.3.0,core/src/main/java/org/apache/calcite/model/JsonCustomSchema.java,0,0,0.35201892264116996
1.3.0,core/src/main/java/org/apache/calcite/model/JsonJdbcSchema.java,0,0,0.35201892264116996
1.3.0,core/src/main/java/org/apache/calcite/model/JsonMapSchema.java,0,1,0.6775634890907929
1.3.0,core/src/main/java/org/apache/calcite/model/JsonMaterialization.java,0,0,0.35201892264116996
1.3.0,core/src/main/java/org/apache/calcite/model/JsonSchema.java,0,1,0.6775634890907929
1.3.0,core/src/main/java/org/apache/calcite/plan/AbstractRelOptPlanner.java,0,1,0.6841254622058317
1.3.0,core/src/main/java/org/apache/calcite/plan/Context.java,0,0,0.32337706321381565
1.3.0,core/src/main/java/org/apache/calcite/plan/Convention.java,0,0,0.349948914269467
1.3.0,core/src/main/java/org/apache/calcite/plan/ConventionTraitDef.java,1,1,0.7862442498873363
1.3.0,core/src/main/java/org/apache/calcite/plan/MulticastRelOptListener.java,0,0,0.32337706321381565
1.3.0,core/src/main/java/org/apache/calcite/plan/RelOptCostImpl.java,0,0,0.15837868370602082
1.3.0,core/src/main/java/org/apache/calcite/plan/RelOptListener.java,0,0,0.32337706321381565
1.3.0,core/src/main/java/org/apache/calcite/plan/RelOptRuleCall.java,0,1,0.5843737432718892
1.3.0,core/src/main/java/org/apache/calcite/plan/RelOptSchema.java,0,0,0.37341519344286916
1.3.0,core/src/main/java/org/apache/calcite/plan/RelTraitPropagationVisitor.java,0,1,0.6427430543640005
1.3.0,core/src/main/java/org/apache/calcite/plan/TableAccessMap.java,0,0,0.32337706321381565
1.3.0,core/src/main/java/org/apache/calcite/prepare/CalciteSqlValidator.java,0,0,0.35201892264116996
1.3.0,core/src/main/java/org/apache/calcite/rel/RelWriter.java,0,0,0.32337706321381565
1.3.0,core/src/main/java/org/apache/calcite/rel/SingleRel.java,0,1,0.5739470677694963
1.3.0,core/src/main/java/org/apache/calcite/rex/RexCall.java,0,1,0.8194654392167333
1.3.0,core/src/main/java/org/apache/calcite/rex/RexCallBinding.java,0,0,0.4012181284557112
1.3.0,core/src/main/java/org/apache/calcite/rex/RexChecker.java,0,1,0.6094391888897129
1.3.0,core/src/main/java/org/apache/calcite/rex/RexCorrelVariable.java,0,0,0.35201892264116996
1.3.0,core/src/main/java/org/apache/calcite/rex/RexDynamicParam.java,0,0,0.35201892264116996
1.3.0,core/src/main/java/org/apache/calcite/rex/RexExecutable.java,0,1,0.678531924332726
1.3.0,core/src/main/java/org/apache/calcite/rex/RexFieldAccess.java,0,1,0.5763108036584584
1.3.0,core/src/main/java/org/apache/calcite/rex/RexFieldCollation.java,0,1,0.7072771196333683
1.3.0,core/src/main/java/org/apache/calcite/rex/RexLocalRef.java,0,1,0.6887838263574871
1.3.0,core/src/main/java/org/apache/calcite/rex/RexMultisetUtil.java,0,0,0.4808909718518678
1.3.0,core/src/main/java/org/apache/calcite/rex/RexNode.java,0,0,0.39850434447344807
1.3.0,core/src/main/java/org/apache/calcite/rex/RexOver.java,0,0,0.2926998765673005
1.3.0,core/src/main/java/org/apache/calcite/rex/RexPermutationShuttle.java,0,0,0.32337706321381565
1.3.0,core/src/main/java/org/apache/calcite/rex/RexPermuteInputsShuttle.java,0,0,0.4546212245686083
1.3.0,core/src/main/java/org/apache/calcite/rex/RexRangeRef.java,0,0,0.38185566858923065
1.3.0,core/src/main/java/org/apache/calcite/rex/RexSlot.java,0,1,0.6422453658749121
1.3.0,core/src/main/java/org/apache/calcite/rex/RexSqlConvertlet.java,0,0,0.32337706321381565
1.3.0,core/src/main/java/org/apache/calcite/rex/RexSqlReflectiveConvertletTable.java,0,0,0.41323881455292516
1.3.0,core/src/main/java/org/apache/calcite/rex/RexSqlStandardConvertletTable.java,0,0,0.32337706321381565
1.3.0,core/src/main/java/org/apache/calcite/rex/RexToSqlNodeConverter.java,0,0,0.32337706321381565
1.3.0,core/src/main/java/org/apache/calcite/rex/RexToSqlNodeConverterImpl.java,0,0,0.32337706321381565
1.3.0,core/src/main/java/org/apache/calcite/rex/RexTransformer.java,0,1,0.675247622684114
1.3.0,core/src/main/java/org/apache/calcite/rex/RexVariable.java,0,1,0.6889667366147925
1.3.0,core/src/main/java/org/apache/calcite/rex/RexVisitor.java,0,0,0.32337706321381565
1.3.0,core/src/main/java/org/apache/calcite/rex/RexVisitorImpl.java,0,1,0.58151706497936
1.3.0,core/src/main/java/org/apache/calcite/rex/RexWindow.java,0,1,0.806403059739337
1.3.0,core/src/main/java/org/apache/calcite/rex/RexWindowBound.java,0,1,0.6764904891081879
1.3.0,core/src/main/java/org/apache/calcite/runtime/BinarySearch.java,0,1,0.8067683708974772
1.3.0,core/src/main/java/org/apache/calcite/runtime/Bindable.java,0,0,0.32337706321381565
1.3.0,core/src/main/java/org/apache/calcite/runtime/CalciteContextException.java,0,1,0.5161584984403066
1.3.0,core/src/main/java/org/apache/calcite/runtime/CalciteException.java,0,0,0.35201892264116996
1.3.0,core/src/main/java/org/apache/calcite/runtime/Feature.java,0,0,0.35201892264116996
1.3.0,core/src/main/java/org/apache/calcite/runtime/FlatLists.java,0,0,0.44326598722216454
1.3.0,core/src/main/java/org/apache/calcite/runtime/ResultSetEnumerable.java,0,0,0.24822582728999057
1.3.0,core/src/main/java/org/apache/calcite/runtime/SortedMultiMap.java,0,1,0.6273038458505081
1.3.0,core/src/main/java/org/apache/calcite/schema/AggregateFunction.java,0,0,0.32337706321381565
1.3.0,core/src/main/java/org/apache/calcite/schema/FilterableTable.java,0,0,0.32337706321381565
1.3.0,core/src/main/java/org/apache/calcite/schema/FunctionParameter.java,0,0,0.32337706321381565
1.3.0,core/src/main/java/org/apache/calcite/schema/ImplementableAggFunction.java,0,0,0.32337706321381565
1.3.0,core/src/main/java/org/apache/calcite/schema/ImplementableFunction.java,0,0,0.32337706321381565
1.3.0,core/src/main/java/org/apache/calcite/schema/Member.java,0,0,0.32337706321381565
1.3.0,core/src/main/java/org/apache/calcite/schema/ProjectableFilterableTable.java,0,0,0.29727281536353034
1.3.0,core/src/main/java/org/apache/calcite/schema/QueryableTable.java,0,0,0.32337706321381565
1.3.0,core/src/main/java/org/apache/calcite/schema/ScalarFunction.java,0,0,0.32337706321381565
1.3.0,core/src/main/java/org/apache/calcite/schema/ScannableTable.java,0,0,0.32337706321381565
1.3.0,core/src/main/java/org/apache/calcite/schema/SchemaPlus.java,0,0,0.32337706321381565
1.3.0,core/src/main/java/org/apache/calcite/schema/Table.java,0,0,0.32337706321381565
1.3.0,core/src/main/java/org/apache/calcite/schema/TableFactory.java,0,0,0.32337706321381565
1.3.0,core/src/main/java/org/apache/calcite/schema/TableFunction.java,0,0,0.32337706321381565
1.3.0,core/src/main/java/org/apache/calcite/schema/TranslatableTable.java,0,0,0.32337706321381565
1.3.0,core/src/main/java/org/apache/calcite/sql/ExplicitOperatorBinding.java,0,0,0.38600833426687553
1.3.0,core/src/main/java/org/apache/calcite/sql/JoinConditionType.java,0,0,0.35201892264116996
1.3.0,core/src/main/java/org/apache/calcite/sql/JoinType.java,0,0,0.35201892264116996
1.3.0,core/src/main/java/org/apache/calcite/sql/SqlAbstractDateTimeLiteral.java,0,0,0.43017726652852584
1.3.0,core/src/main/java/org/apache/calcite/sql/SqlAbstractStringLiteral.java,0,0,0.35201892264116996
1.3.0,core/src/main/java/org/apache/calcite/sql/SqlAccessType.java,0,0,0.3984315641718182
1.3.0,core/src/main/java/org/apache/calcite/sql/SqlAsOperator.java,0,1,0.6653078515160729
1.3.0,core/src/main/java/org/apache/calcite/sql/SqlBasicCall.java,0,0,0.47036517896543734
1.3.0,core/src/main/java/org/apache/calcite/sql/SqlBinaryStringLiteral.java,0,1,0.5820981502090113
1.3.0,core/src/main/java/org/apache/calcite/sql/SqlCharStringLiteral.java,0,1,0.7328201869309621
1.3.0,core/src/main/java/org/apache/calcite/sql/SqlCollation.java,0,1,0.5380216882049419
1.3.0,core/src/main/java/org/apache/calcite/sql/SqlDynamicParam.java,0,1,0.5110490377940287
1.3.0,core/src/main/java/org/apache/calcite/sql/SqlExplain.java,0,1,0.6912497033062215
1.3.0,core/src/main/java/org/apache/calcite/sql/SqlExplainLevel.java,0,0,0.35201892264116996
1.3.0,core/src/main/java/org/apache/calcite/sql/SqlFunction.java,0,1,0.5755449715239176
1.3.0,core/src/main/java/org/apache/calcite/sql/SqlFunctionalOperator.java,0,0,0.35201892264116996
1.3.0,core/src/main/java/org/apache/calcite/sql/SqlFunctionCategory.java,0,0,0.35201892264116996
1.3.0,core/src/main/java/org/apache/calcite/sql/SqlIntervalLiteral.java,0,1,0.5118466692746036
1.3.0,core/src/main/java/org/apache/calcite/sql/SqlJoin.java,0,1,0.6883060824010989
1.3.0,core/src/main/java/org/apache/calcite/sql/SqlMerge.java,0,1,0.5874438769343379
1.3.0,core/src/main/java/org/apache/calcite/sql/SqlNodeList.java,0,1,0.8535395168994332
1.3.0,core/src/main/java/org/apache/calcite/sql/SqlNumericLiteral.java,0,1,0.5695466543073915
1.3.0,core/src/main/java/org/apache/calcite/sql/SqlOperatorBinding.java,0,0,0.3453548125371452
1.3.0,core/src/main/java/org/apache/calcite/sql/SqlOperatorTable.java,0,0,0.32337706321381565
1.3.0,core/src/main/java/org/apache/calcite/sql/SqlOrderBy.java,0,1,0.7086820803135627
1.3.0,core/src/main/java/org/apache/calcite/sql/SqlPostfixOperator.java,0,1,0.6912729180505046
1.3.0,core/src/main/java/org/apache/calcite/sql/SqlPrefixOperator.java,0,1,0.5468320345177815
1.3.0,core/src/main/java/org/apache/calcite/sql/SqlProcedureCallOperator.java,0,0,0.3887223088333027
1.3.0,core/src/main/java/org/apache/calcite/sql/SqlSampleSpec.java,0,1,0.5508548736787721
1.3.0,core/src/main/java/org/apache/calcite/sql/SqlSelect.java,1,1,0.6563759076584621
1.3.0,core/src/main/java/org/apache/calcite/sql/SqlSelectOperator.java,1,1,0.6494869468058475
1.3.0,core/src/main/java/org/apache/calcite/sql/SqlSetOperator.java,1,0,0.39933551073838225
1.3.0,core/src/main/java/org/apache/calcite/sql/SqlSetOption.java,1,1,0.598503799714279
1.3.0,core/src/main/java/org/apache/calcite/sql/SqlStateCodes.java,0,0,0.4027920452235955
1.3.0,core/src/main/java/org/apache/calcite/sql/SqlSyntax.java,0,1,0.5545223374745346
1.3.0,core/src/main/java/org/apache/calcite/sql/SqlUnnestOperator.java,0,1,0.6931990352095089
1.3.0,core/src/main/java/org/apache/calcite/sql/SqlWriter.java,0,0,0.35201892264116996
1.3.0,core/src/main/java/org/apache/calcite/sql2rel/DefaultValueFactory.java,0,0,0.32337706321381565
1.3.0,core/src/main/java/org/apache/calcite/sql2rel/ReflectiveConvertletTable.java,0,1,0.780384499586662
1.3.0,core/src/main/java/org/apache/calcite/sql2rel/SqlNodeToRexConverter.java,0,0,0.32337706321381565
1.3.0,core/src/main/java/org/apache/calcite/sql2rel/SqlRexContext.java,0,0,0.32337706321381565
1.3.0,core/src/main/java/org/apache/calcite/sql2rel/SqlRexConvertlet.java,0,0,0.32337706321381565
1.3.0,core/src/main/java/org/apache/calcite/sql2rel/SqlRexConvertletTable.java,0,0,0.32337706321381565
1.3.0,core/src/main/java/org/apache/calcite/sql2rel/SubqueryConverter.java,0,0,0.32337706321381565
1.3.0,core/src/main/java/org/apache/calcite/tools/Planner.java,0,0,0.32337706321381565
1.3.0,core/src/main/java/org/apache/calcite/tools/Program.java,0,0,0.32337706321381565
1.3.0,core/src/main/java/org/apache/calcite/tools/RuleSet.java,0,0,0.32337706321381565
1.3.0,core/src/main/java/org/apache/calcite/tools/RuleSets.java,0,0,0.4546593545116954
1.3.0,core/src/main/java/org/apache/calcite/util/BarfingInvocationHandler.java,0,0,0.3457232979592565
1.3.0,core/src/main/java/org/apache/calcite/util/BasicDatetime.java,0,0,0.32337706321381565
1.3.0,core/src/main/java/org/apache/calcite/util/Benchmark.java,0,1,0.660334651692297
1.3.0,core/src/main/java/org/apache/calcite/util/BitString.java,0,1,0.7171477991416463
1.3.0,core/src/main/java/org/apache/calcite/util/CalciteParserException.java,0,0,0.32337706321381565
1.3.0,core/src/main/java/org/apache/calcite/util/CalciteValidatorException.java,0,0,0.32337706321381565
1.3.0,core/src/main/java/org/apache/calcite/util/CastingList.java,0,0,0.35955497960719784
1.3.0,core/src/main/java/org/apache/calcite/util/ChunkList.java,1,1,0.8769537670973393
1.3.0,core/src/main/java/org/apache/calcite/util/CompatibleGuava11.java,0,0,0.33257085287366583
1.3.0,core/src/main/java/org/apache/calcite/util/CompositeList.java,0,1,0.566582350525984
1.3.0,core/src/main/java/org/apache/calcite/util/CompositeMap.java,0,1,0.607276642783965
1.3.0,core/src/main/java/org/apache/calcite/util/CompoundClosableAllocation.java,0,0,0.32337706321381565
1.3.0,core/src/main/java/org/apache/calcite/util/ConversionUtil.java,0,0,0.2587053232918428
1.3.0,core/src/main/java/org/apache/calcite/util/DelegatingInvocationHandler.java,0,0,0.29727281536353034
1.3.0,core/src/main/java/org/apache/calcite/util/Filterator.java,0,1,0.7520857658094415
1.3.0,core/src/main/java/org/apache/calcite/util/IntegerIntervalSet.java,0,1,0.680833700987466
1.3.0,core/src/main/java/org/apache/calcite/util/IntList.java,0,1,0.6002242868172137
1.3.0,core/src/main/java/org/apache/calcite/util/NlsString.java,0,1,0.8392981799049486
1.3.0,core/src/main/java/org/apache/calcite/util/NumberUtil.java,0,0,0.3613072449991763
1.3.0,core/src/main/java/org/apache/calcite/util/Pair.java,0,0,0.22001180043777344
1.3.0,core/src/main/java/org/apache/calcite/util/PartiallyOrderedSet.java,0,1,0.9437036128329218
1.3.0,core/src/main/java/org/apache/calcite/util/Permutation.java,0,0,0.4546946113626583
1.3.0,core/src/main/java/org/apache/calcite/util/ReflectiveVisitDispatcher.java,0,0,0.32337706321381565
1.3.0,core/src/main/java/org/apache/calcite/util/ReflectUtil.java,0,1,0.8735101390884816
1.3.0,core/src/main/java/org/apache/calcite/util/SaffronProperties.java,0,0,0.1718343698647799
1.3.0,core/src/main/java/org/apache/calcite/util/SerializableCharset.java,0,1,0.7246506911509981
1.3.0,core/src/main/java/org/apache/calcite/util/StackWriter.java,0,0,0.29727281536353034
1.3.0,core/src/main/java/org/apache/calcite/util/Template.java,0,0,0.3211358341458809
1.3.0,core/src/main/java/org/apache/calcite/util/UnmodifiableArrayList.java,0,0,0.24974087572357326
1.3.0,core/src/main/java/org/apache/calcite/util/XmlOutput.java,0,1,0.7172230149275787
1.3.0,core/src/main/java/org/apache/calcite/adapter/clone/CloneSchema.java,0,1,0.6352412128600038
1.3.0,core/src/main/java/org/apache/calcite/adapter/enumerable/AggResetContext.java,0,0,0.32337706321381565
1.3.0,core/src/main/java/org/apache/calcite/adapter/enumerable/AggResultContext.java,0,0,0.32337706321381565
1.3.0,core/src/main/java/org/apache/calcite/adapter/enumerable/EnumerableCollect.java,0,1,0.546831109603671
1.3.0,core/src/main/java/org/apache/calcite/adapter/enumerable/EnumerableCollectRule.java,0,0,0.35201892264116996
1.3.0,core/src/main/java/org/apache/calcite/adapter/enumerable/EnumerableIntersect.java,1,0,0.3385308392146694
1.3.0,core/src/main/java/org/apache/calcite/adapter/enumerable/EnumerableIntersectRule.java,0,0,0.362489763090255
1.3.0,core/src/main/java/org/apache/calcite/adapter/enumerable/EnumerableLimitRule.java,0,1,0.6775634890907929
1.3.0,core/src/main/java/org/apache/calcite/adapter/enumerable/EnumerableMinus.java,1,0,0.3385308392146694
1.3.0,core/src/main/java/org/apache/calcite/adapter/enumerable/EnumerableMinusRule.java,0,0,0.3505590368693182
1.3.0,core/src/main/java/org/apache/calcite/adapter/enumerable/EnumerableTableFunctionScanRule.java,0,0,0.273627335440351
1.3.0,core/src/main/java/org/apache/calcite/adapter/enumerable/EnumerableTableModify.java,0,0,0.4655777698357814
1.3.0,core/src/main/java/org/apache/calcite/adapter/enumerable/EnumerableTableModifyRule.java,0,1,0.5505443560708889
1.3.0,core/src/main/java/org/apache/calcite/adapter/enumerable/EnumerableUncollect.java,0,1,0.7164136369581263
1.3.0,core/src/main/java/org/apache/calcite/adapter/enumerable/EnumerableUncollectRule.java,0,0,0.35201892264116996
1.3.0,core/src/main/java/org/apache/calcite/adapter/enumerable/EnumerableUnion.java,1,1,0.6923319242505843
1.3.0,core/src/main/java/org/apache/calcite/adapter/enumerable/EnumerableUnionRule.java,0,0,0.35201892264116996
1.3.0,core/src/main/java/org/apache/calcite/adapter/enumerable/EnumerableWindowRule.java,0,0,0.2792160227822699
1.3.0,core/src/main/java/org/apache/calcite/adapter/enumerable/NestedBlockBuilder.java,0,0,0.32337706321381565
1.3.0,core/src/main/java/org/apache/calcite/adapter/enumerable/NestedBlockBuilderImpl.java,0,1,0.6386752355088287
1.3.0,core/src/main/java/org/apache/calcite/adapter/enumerable/NotNullImplementor.java,0,0,0.32337706321381565
1.3.0,core/src/main/java/org/apache/calcite/adapter/enumerable/NullPolicy.java,0,0,0.35201892264116996
1.3.0,core/src/main/java/org/apache/calcite/adapter/enumerable/ReflectiveCallNotNullImplementor.java,0,1,0.6775634890907929
1.3.0,core/src/main/java/org/apache/calcite/adapter/enumerable/StrictWinAggImplementor.java,0,0,0.42552423396226335
1.3.0,core/src/main/java/org/apache/calcite/adapter/enumerable/WinAggAddContext.java,0,0,0.32337706321381565
1.3.0,core/src/main/java/org/apache/calcite/adapter/enumerable/WinAggFrameContext.java,0,0,0.32337706321381565
1.3.0,core/src/main/java/org/apache/calcite/adapter/enumerable/WinAggFrameResultContext.java,0,0,0.32337706321381565
1.3.0,core/src/main/java/org/apache/calcite/adapter/enumerable/WinAggResetContext.java,0,0,0.32337706321381565
1.3.0,core/src/main/java/org/apache/calcite/adapter/enumerable/WinAggResultContext.java,0,0,0.32337706321381565
1.3.0,core/src/main/java/org/apache/calcite/adapter/java/AbstractQueryableTable.java,0,0,0.35201892264116996
1.3.0,core/src/main/java/org/apache/calcite/adapter/java/JavaTypeFactory.java,0,0,0.32337706321381565
1.3.0,core/src/main/java/org/apache/calcite/adapter/jdbc/JdbcImplementor.java,1,1,0.6703041808256469
1.3.0,core/src/main/java/org/apache/calcite/adapter/jdbc/JdbcQueryProvider.java,0,0,0.32337706321381565
1.3.0,core/src/main/java/org/apache/calcite/adapter/jdbc/JdbcRel.java,0,0,0.32337706321381565
1.3.0,core/src/main/java/org/apache/calcite/adapter/jdbc/JdbcTableScan.java,0,1,0.6931061541146973
1.3.0,core/src/main/java/org/apache/calcite/adapter/jdbc/JdbcToEnumerableConverterRule.java,0,0,0.35201892264116996
1.3.0,core/src/main/java/org/apache/calcite/plan/hep/HepInstruction.java,0,1,0.7020639609982435
1.3.0,core/src/main/java/org/apache/calcite/plan/hep/HepPlanner.java,1,1,0.8483502260427008
1.3.0,core/src/main/java/org/apache/calcite/plan/hep/HepProgram.java,0,1,0.7777017651936021
1.3.0,core/src/main/java/org/apache/calcite/plan/hep/HepProgramBuilder.java,0,1,0.6116274180078329
1.3.0,core/src/main/java/org/apache/calcite/plan/hep/HepRelMetadataProvider.java,0,1,0.6775634890907929
1.3.0,core/src/main/java/org/apache/calcite/plan/hep/HepRuleCall.java,0,0,0.44460985679734427
1.3.0,core/src/main/java/org/apache/calcite/plan/volcano/ChainedPhaseRuleMappingInitializer.java,0,0,0.32337706321381565
1.3.0,core/src/main/java/org/apache/calcite/plan/volcano/VolcanoCost.java,0,1,0.5865056110301348
1.3.0,core/src/main/java/org/apache/calcite/plan/volcano/VolcanoPlannerPhaseRuleMappingInitializer.java,0,0,0.32337706321381565
1.3.0,core/src/main/java/org/apache/calcite/plan/volcano/VolcanoRelMetadataProvider.java,0,0,0.32337706321381565
1.3.0,core/src/main/java/org/apache/calcite/plan/volcano/VolcanoRuleCall.java,0,1,0.9075008225329865
1.3.0,core/src/main/java/org/apache/calcite/plan/volcano/VolcanoRuleMatch.java,0,1,0.7717386091125165
1.3.0,core/src/main/java/org/apache/calcite/rel/convert/Converter.java,0,0,0.32337706321381565
1.3.0,core/src/main/java/org/apache/calcite/rel/convert/ConverterImpl.java,0,0,0.3986289026076322
1.3.0,core/src/main/java/org/apache/calcite/rel/convert/NoneConverter.java,0,0,0.32337706321381565
1.3.0,core/src/main/java/org/apache/calcite/rel/convert/TraitMatchingRule.java,0,0,0.32337706321381565
1.3.0,core/src/main/java/org/apache/calcite/rel/core/Collect.java,0,1,0.5695025058815014
1.3.0,core/src/main/java/org/apache/calcite/rel/core/Sample.java,0,0,0.3765453551474092
1.3.0,core/src/main/java/org/apache/calcite/rel/core/TableModify.java,0,0,0.417623733317281
1.3.0,core/src/main/java/org/apache/calcite/rel/core/Union.java,0,0,0.3287936958808313
1.3.0,core/src/main/java/org/apache/calcite/rel/externalize/RelJsonWriter.java,0,1,0.6118966285231667
1.3.0,core/src/main/java/org/apache/calcite/rel/externalize/RelXmlWriter.java,0,1,0.554356216788796
1.3.0,core/src/main/java/org/apache/calcite/rel/metadata/ChainedRelMetadataProvider.java,0,1,0.5926188303774482
1.3.0,core/src/main/java/org/apache/calcite/rel/metadata/Metadata.java,0,0,0.32337706321381565
1.3.0,core/src/main/java/org/apache/calcite/rel/metadata/MetadataFactory.java,0,0,0.32337706321381565
1.3.0,core/src/main/java/org/apache/calcite/rel/metadata/MetadataFactoryImpl.java,0,1,0.6302654586426286
1.3.0,core/src/main/java/org/apache/calcite/rel/metadata/RelColumnOrigin.java,0,1,0.5208122475815637
1.3.0,core/src/main/java/org/apache/calcite/rel/metadata/RelMdExplainVisibility.java,0,0,0.32471216387702806
1.3.0,core/src/main/java/org/apache/calcite/rel/metadata/RelMdPercentageOriginalRows.java,0,1,0.5473135831042827
1.3.0,core/src/main/java/org/apache/calcite/rel/metadata/RelMetadataProvider.java,0,0,0.32337706321381565
1.3.0,core/src/main/java/org/apache/calcite/rel/rules/CoerceInputsRule.java,0,1,0.6221747625552387
1.3.0,core/src/main/java/org/apache/calcite/rel/rules/FilterMergeRule.java,0,0,0.35201892264116996
1.3.0,core/src/main/java/org/apache/calcite/rel/rules/FilterMultiJoinMergeRule.java,0,0,0.29727281536353034
1.3.0,core/src/main/java/org/apache/calcite/rel/rules/FilterRemoveIsNotDistinctFromRule.java,0,0,0.4431052571950956
1.3.0,core/src/main/java/org/apache/calcite/rel/rules/FilterSetOpTransposeRule.java,0,1,0.6775634890907929
1.3.0,core/src/main/java/org/apache/calcite/rel/rules/JoinExtractFilterRule.java,0,1,0.5843344252335883
1.3.0,core/src/main/java/org/apache/calcite/rel/rules/JoinProjectTransposeRule.java,0,1,0.5928452759918853
1.3.0,core/src/main/java/org/apache/calcite/rel/rules/JoinPushTransitivePredicatesRule.java,0,1,0.6775634890907929
1.3.0,core/src/main/java/org/apache/calcite/rel/rules/LoptJoinTree.java,0,0,0.27335882483822005
1.3.0,core/src/main/java/org/apache/calcite/rel/rules/MultiJoinProjectTransposeRule.java,0,0,0.32337706321381565
1.3.0,core/src/main/java/org/apache/calcite/rel/rules/ProjectFilterTransposeRule.java,0,1,0.6041489639301076
1.3.0,core/src/main/java/org/apache/calcite/rel/rules/ProjectMultiJoinMergeRule.java,0,0,0.29727281536353034
1.3.0,core/src/main/java/org/apache/calcite/rel/rules/ProjectSetOpTransposeRule.java,0,1,0.5783749545413072
1.3.0,core/src/main/java/org/apache/calcite/rel/rules/ProjectSortTransposeRule.java,0,0,0.29727281536353034
1.3.0,core/src/main/java/org/apache/calcite/rel/rules/SemiJoinRemoveRule.java,0,0,0.32471216387702806
1.3.0,core/src/main/java/org/apache/calcite/rel/rules/SortRemoveRule.java,0,1,0.6184827229963391
1.3.0,core/src/main/java/org/apache/calcite/rel/rules/TableScanRule.java,0,0,0.2732944793366028
1.3.0,core/src/main/java/org/apache/calcite/rel/type/RelCrossType.java,1,1,0.7468064733844213
1.3.0,core/src/main/java/org/apache/calcite/rel/type/RelDataTypeComparability.java,0,0,0.35201892264116996
1.3.0,core/src/main/java/org/apache/calcite/rel/type/RelDataTypeFieldImpl.java,0,1,0.6989732287189162
1.3.0,core/src/main/java/org/apache/calcite/rel/type/RelDataTypeSystem.java,0,0,0.35201892264116996
1.3.0,core/src/main/java/org/apache/calcite/rel/type/RelDataTypeSystemImpl.java,0,1,0.6439348581461397
1.3.0,core/src/main/java/org/apache/calcite/rel/type/RelProtoDataType.java,0,0,0.32337706321381565
1.3.0,core/src/main/java/org/apache/calcite/rel/type/RelRecordType.java,0,1,0.6826480283928389
1.3.0,core/src/main/java/org/apache/calcite/schema/impl/AbstractTable.java,0,0,0.32471216387702806
1.3.0,core/src/main/java/org/apache/calcite/schema/impl/AbstractTableQueryable.java,0,0,0.4356944967242218
1.3.0,core/src/main/java/org/apache/calcite/schema/impl/AggregateFunctionImpl.java,1,1,0.5474405459133238
1.3.0,core/src/main/java/org/apache/calcite/schema/impl/DelegatingSchema.java,0,0,0.32337706321381565
1.3.0,core/src/main/java/org/apache/calcite/schema/impl/ReflectiveFunctionBase.java,1,1,0.7559911602349061
1.3.0,core/src/main/java/org/apache/calcite/schema/impl/ScalarFunctionImpl.java,0,0,0.47645957013205786
1.3.0,core/src/main/java/org/apache/calcite/schema/impl/StarTable.java,0,1,0.6284355642120687
1.3.0,core/src/main/java/org/apache/calcite/schema/impl/TableFunctionImpl.java,0,1,0.530354741911703
1.3.0,core/src/main/java/org/apache/calcite/schema/impl/TableMacroImpl.java,0,1,0.785291160075525
1.3.0,core/src/main/java/org/apache/calcite/sql/advise/SqlAdvisorGetHintsFunction.java,0,1,0.6775634890907929
1.3.0,core/src/main/java/org/apache/calcite/sql/advise/SqlAdvisorHint.java,0,1,0.6408557714313291
1.3.0,core/src/main/java/org/apache/calcite/sql/advise/SqlSimpleParser.java,0,0,0.3528821854018485
1.3.0,core/src/main/java/org/apache/calcite/sql/fun/SqlAbstractTimeFunction.java,0,1,0.627571533416214
1.3.0,core/src/main/java/org/apache/calcite/sql/fun/SqlArrayQueryConstructor.java,0,0,0.35201892264116996
1.3.0,core/src/main/java/org/apache/calcite/sql/fun/SqlArrayValueConstructor.java,0,1,0.5512900312444545
1.3.0,core/src/main/java/org/apache/calcite/sql/fun/SqlAvgAggFunction.java,0,0,0.3156307705630121
1.3.0,core/src/main/java/org/apache/calcite/sql/fun/SqlCase.java,0,1,0.6193009700056222
1.3.0,core/src/main/java/org/apache/calcite/sql/fun/SqlCaseOperator.java,0,1,0.5852237761632201
1.3.0,core/src/main/java/org/apache/calcite/sql/fun/SqlCastFunction.java,1,1,0.6031430839694459
1.3.0,core/src/main/java/org/apache/calcite/sql/fun/SqlCoalesceFunction.java,0,1,0.6353995806148087
1.3.0,core/src/main/java/org/apache/calcite/sql/fun/SqlColumnListConstructor.java,0,0,0.33398517269247185
1.3.0,core/src/main/java/org/apache/calcite/sql/fun/SqlConvertFunction.java,0,0,0.37459560464249225
1.3.0,core/src/main/java/org/apache/calcite/sql/fun/SqlCovarAggFunction.java,0,0,0.2864165502858541
1.3.0,core/src/main/java/org/apache/calcite/sql/fun/SqlCurrentDateFunction.java,0,0,0.31176848251904615
1.3.0,core/src/main/java/org/apache/calcite/sql/fun/SqlCursorConstructor.java,0,1,0.5759259836587414
1.3.0,core/src/main/java/org/apache/calcite/sql/fun/SqlDatetimeSubtractionOperator.java,0,0,0.35201892264116996
1.3.0,core/src/main/java/org/apache/calcite/sql/fun/SqlHistogramAggFunction.java,0,0,0.31077032734688426
1.3.0,core/src/main/java/org/apache/calcite/sql/fun/SqlInOperator.java,0,1,0.6249322785319879
1.3.0,core/src/main/java/org/apache/calcite/sql/fun/SqlLeadLagAggFunction.java,0,1,0.5792226131199936
1.3.0,core/src/main/java/org/apache/calcite/sql/fun/SqlLikeOperator.java,0,1,0.5099371614549743
1.3.0,core/src/main/java/org/apache/calcite/sql/fun/SqlMapQueryConstructor.java,0,0,0.35201892264116996
1.3.0,core/src/main/java/org/apache/calcite/sql/fun/SqlMapValueConstructor.java,0,1,0.6989217157966419
1.3.0,core/src/main/java/org/apache/calcite/sql/fun/SqlMinMaxAggFunction.java,0,0,0.376572029067117
1.3.0,core/src/main/java/org/apache/calcite/sql/fun/SqlMonotonicBinaryOperator.java,0,1,0.6579889448241966
1.3.0,core/src/main/java/org/apache/calcite/sql/fun/SqlMonotonicUnaryFunction.java,0,0,0.3948348901552588
1.3.0,core/src/main/java/org/apache/calcite/sql/fun/SqlMultisetMemberOfOperator.java,0,1,0.5929649381150534
1.3.0,core/src/main/java/org/apache/calcite/sql/fun/SqlMultisetQueryConstructor.java,0,0,0.3954040470367039
1.3.0,core/src/main/java/org/apache/calcite/sql/fun/SqlMultisetSetOperator.java,0,1,0.5555764981962337
1.3.0,core/src/main/java/org/apache/calcite/sql/fun/SqlMultisetValueConstructor.java,0,1,0.7041934200799181
1.3.0,core/src/main/java/org/apache/calcite/sql/fun/SqlNewOperator.java,0,0,0.28597531200167026
1.3.0,core/src/main/java/org/apache/calcite/sql/fun/SqlNtileAggFunction.java,0,0,0.3179113570798848
1.3.0,core/src/main/java/org/apache/calcite/sql/fun/SqlNullifFunction.java,0,1,0.5812819956572013
1.3.0,core/src/main/java/org/apache/calcite/sql/fun/SqlOverlapsOperator.java,0,1,0.5809191968744443
1.3.0,core/src/main/java/org/apache/calcite/sql/fun/SqlOverlayFunction.java,0,1,0.673410370934081
1.3.0,core/src/main/java/org/apache/calcite/sql/fun/SqlPositionFunction.java,0,1,0.510622898127148
1.3.0,core/src/main/java/org/apache/calcite/sql/fun/SqlRowOperator.java,0,0,0.3271501590434138
1.3.0,core/src/main/java/org/apache/calcite/sql/fun/SqlSingleValueAggFunction.java,0,0,0.31077032734688426
1.3.0,core/src/main/java/org/apache/calcite/sql/fun/SqlStringContextVariable.java,0,0,0.31176848251904615
1.3.0,core/src/main/java/org/apache/calcite/sql/fun/SqlSubstringFunction.java,0,1,0.5929392623677724
1.3.0,core/src/main/java/org/apache/calcite/sql/fun/SqlSumAggFunction.java,0,0,0.31077032734688426
1.3.0,core/src/main/java/org/apache/calcite/sql/fun/SqlTrimFunction.java,1,1,0.5702992923525732
1.3.0,core/src/main/java/org/apache/calcite/sql/parser/SqlParseException.java,0,1,0.8168330264771742
1.3.0,core/src/main/java/org/apache/calcite/sql/parser/SqlParserImplFactory.java,0,0,0.32337706321381565
1.3.0,core/src/main/java/org/apache/calcite/sql/type/AbstractSqlType.java,0,0,0.4255718728403192
1.3.0,core/src/main/java/org/apache/calcite/sql/type/ArraySqlType.java,0,1,0.6653397284984846
1.3.0,core/src/main/java/org/apache/calcite/sql/type/BasicSqlType.java,0,1,0.7696458432090623
1.3.0,core/src/main/java/org/apache/calcite/sql/type/CursorReturnTypeInference.java,0,0,0.32337706321381565
1.3.0,core/src/main/java/org/apache/calcite/sql/type/ExplicitOperandTypeInference.java,1,1,0.6121516426230892
1.3.0,core/src/main/java/org/apache/calcite/sql/type/ExplicitReturnTypeInference.java,0,1,0.6531270191500136
1.3.0,core/src/main/java/org/apache/calcite/sql/type/InferTypes.java,0,1,0.5930351960962845
1.3.0,core/src/main/java/org/apache/calcite/sql/type/JavaToSqlTypeConversionRules.java,0,0,0.298186593893452
1.3.0,core/src/main/java/org/apache/calcite/sql/type/MapSqlType.java,0,1,0.6870663736114666
1.3.0,core/src/main/java/org/apache/calcite/sql/type/MatchReturnTypeInference.java,0,1,0.7533302767771213
1.3.0,core/src/main/java/org/apache/calcite/sql/type/MultisetSqlType.java,0,1,0.6653397284984846
1.3.0,core/src/main/java/org/apache/calcite/sql/type/ObjectSqlType.java,0,0,0.31968213366979437
1.3.0,core/src/main/java/org/apache/calcite/sql/type/OperandsTypeChecking.java,0,0,0.2724273711378105
1.3.0,core/src/main/java/org/apache/calcite/sql/type/OrdinalReturnTypeInference.java,0,0,0.35201892264116996
1.3.0,core/src/main/java/org/apache/calcite/sql/type/SqlOperandCountRanges.java,0,1,0.6129337387809339
1.3.0,core/src/main/java/org/apache/calcite/sql/type/SqlOperandTypeInference.java,0,0,0.29727281536353034
1.3.0,core/src/main/java/org/apache/calcite/sql/type/SqlReturnTypeInference.java,0,0,0.32337706321381565
1.3.0,core/src/main/java/org/apache/calcite/sql/type/SqlReturnTypeInferenceChain.java,0,1,0.6945657026816788
1.3.0,core/src/main/java/org/apache/calcite/sql/type/SqlSingleOperandTypeChecker.java,0,0,0.32337706321381565
1.3.0,core/src/main/java/org/apache/calcite/sql/type/SqlTypeAssignmentRules.java,0,1,0.5229634807653728
1.3.0,core/src/main/java/org/apache/calcite/sql/type/SqlTypeExplicitPrecedenceList.java,1,0,0.4431052571950956
1.3.0,core/src/main/java/org/apache/calcite/sql/type/SqlTypeFactoryImpl.java,1,1,0.8151430739417287
1.3.0,core/src/main/java/org/apache/calcite/sql/type/SqlTypeFamily.java,0,1,0.5092404474243619
1.3.0,core/src/main/java/org/apache/calcite/sql/type/SqlTypeTransform.java,0,0,0.32337706321381565
1.3.0,core/src/main/java/org/apache/calcite/sql/type/SqlTypeTransformCascade.java,0,1,0.7095082294244495
1.3.0,core/src/main/java/org/apache/calcite/sql/type/SqlTypeTransforms.java,0,1,0.5967136783656964
1.3.0,core/src/main/java/org/apache/calcite/sql/type/TableFunctionReturnTypeInference.java,0,0,0.32337706321381565
1.3.0,core/src/main/java/org/apache/calcite/sql/util/ChainedSqlOperatorTable.java,1,0,0.47764135155360654
1.3.0,core/src/main/java/org/apache/calcite/sql/util/ListSqlOperatorTable.java,0,1,0.5779482744392337
1.3.0,core/src/main/java/org/apache/calcite/sql/util/ReflectiveSqlOperatorTable.java,0,1,0.556221712363558
1.3.0,core/src/main/java/org/apache/calcite/sql/util/SqlBasicVisitor.java,0,1,0.6082810389401442
1.3.0,core/src/main/java/org/apache/calcite/sql/util/SqlBuilder.java,0,1,0.6461168845460559
1.3.0,core/src/main/java/org/apache/calcite/sql/util/SqlString.java,0,1,0.5857758457384074
1.3.0,core/src/main/java/org/apache/calcite/sql/util/SqlVisitor.java,0,0,0.32337706321381565
1.3.0,core/src/main/java/org/apache/calcite/sql/validate/AggFinder.java,0,1,0.6753889447431468
1.3.0,core/src/main/java/org/apache/calcite/sql/validate/AggregatingScope.java,0,0,0.32337706321381565
1.3.0,core/src/main/java/org/apache/calcite/sql/validate/AliasNamespace.java,1,1,0.6815744270264562
1.3.0,core/src/main/java/org/apache/calcite/sql/validate/CollectNamespace.java,1,1,0.6653397284984846
1.3.0,core/src/main/java/org/apache/calcite/sql/validate/CollectScope.java,0,1,0.5611612625704397
1.3.0,core/src/main/java/org/apache/calcite/sql/validate/DelegatingNamespace.java,1,0,0.32337706321381565
1.3.0,core/src/main/java/org/apache/calcite/sql/validate/DelegatingSqlValidatorCatalogReader.java,0,0,0.32337706321381565
1.3.0,core/src/main/java/org/apache/calcite/sql/validate/DelegatingSqlValidatorTable.java,0,0,0.32337706321381565
1.3.0,core/src/main/java/org/apache/calcite/sql/validate/FieldNamespace.java,1,0,0.48591680136284465
1.3.0,core/src/main/java/org/apache/calcite/sql/validate/JoinNamespace.java,1,1,0.7478252765854853
1.3.0,core/src/main/java/org/apache/calcite/sql/validate/JoinScope.java,0,0,0.4517518840500548
1.3.0,core/src/main/java/org/apache/calcite/sql/validate/OverScope.java,0,0,0.32337706321381565
1.3.0,core/src/main/java/org/apache/calcite/sql/validate/ParameterNamespace.java,1,0,0.32337706321381565
1.3.0,core/src/main/java/org/apache/calcite/sql/validate/ProcedureNamespace.java,1,1,0.7404519730310828
1.3.0,core/src/main/java/org/apache/calcite/sql/validate/SqlIdentifierMoniker.java,0,0,0.22620973675208916
1.3.0,core/src/main/java/org/apache/calcite/sql/validate/SqlScopedShuttle.java,0,0,0.35201892264116996
1.3.0,core/src/main/java/org/apache/calcite/sql/validate/SqlUserDefinedAggFunction.java,0,0,0.36974868160447094
1.3.0,core/src/main/java/org/apache/calcite/sql/validate/SqlUserDefinedFunction.java,0,0,0.35201892264116996
1.3.0,core/src/main/java/org/apache/calcite/sql/validate/SqlUserDefinedTableFunction.java,0,0,0.35201892264116996
1.3.0,core/src/main/java/org/apache/calcite/sql/validate/SqlValidatorException.java,0,0,0.47490851095480624
1.3.0,core/src/main/java/org/apache/calcite/sql/validate/SqlValidatorWithHints.java,0,0,0.2815680357877266
1.3.0,core/src/main/java/org/apache/calcite/sql/validate/UnnestNamespace.java,1,1,0.7020849196699853
1.3.0,core/src/main/java/org/apache/calcite/sql/validate/WithItemNamespace.java,1,1,0.7081239607127353
1.3.0,core/src/main/java/org/apache/calcite/sql/validate/WithNamespace.java,1,1,0.6775634890907929
1.3.0,core/src/main/java/org/apache/calcite/util/graph/CycleDetector.java,0,0,0.35201892264116996
1.3.0,core/src/main/java/org/apache/calcite/util/graph/DefaultDirectedGraph.java,0,1,0.9020509720602525
1.3.0,core/src/main/java/org/apache/calcite/util/graph/DefaultEdge.java,0,1,0.6067276032382348
1.3.0,core/src/main/java/org/apache/calcite/util/graph/DepthFirstIterator.java,0,0,0.49870542816532976
1.3.0,core/src/main/java/org/apache/calcite/util/graph/Graphs.java,0,1,0.8164781021899319
1.3.0,core/src/main/java/org/apache/calcite/util/graph/TopologicalOrderIterator.java,0,1,0.8753888447799146
1.3.0,core/src/main/java/org/apache/calcite/util/javac/JaninoCompiler.java,0,1,0.5938335288967233
1.3.0,core/src/main/java/org/apache/calcite/util/javac/JavaCompilerArgs.java,0,0,0.3866124554694274
1.3.0,core/src/main/java/org/apache/calcite/util/mapping/Mapping.java,0,0,0.32337706321381565
1.3.0,core/src/main/java/org/apache/calcite/util/trace/CalciteLogger.java,0,0,0.3348696850809736
1.3.0,core/src/main/java/org/apache/calcite/util/trace/CalciteTimingTracer.java,0,0,0.22620973675208916
1.3.0,core/src/main/java/org/apache/calcite/adapter/enumerable/impl/AggAddContextImpl.java,0,0,0.35201892264116996
1.3.0,core/src/main/java/org/apache/calcite/adapter/enumerable/impl/AggResetContextImpl.java,0,0,0.298186593893452
1.3.0,core/src/main/java/org/apache/calcite/adapter/enumerable/impl/AggResultContextImpl.java,0,0,0.35201892264116996
1.3.0,core/src/main/java/org/apache/calcite/adapter/enumerable/impl/WinAggResetContextImpl.java,0,0,0.28526806460941734
1.3.0,core/src/main/java/org/apache/calcite/adapter/enumerable/impl/WinAggResultContextImpl.java,0,0,0.364074801511463
1.3.0,ubenchmark/src/main/java/org/apache/calcite/StatementTest.java,0,0,0.13619330097579782
1.3.0,avatica/src/main/java/org/apache/calcite/avatica/ConnectStringParser.java,1,1,0.8811132253292959
1.3.0,mongodb/src/main/java/org/apache/calcite/adapter/mongodb/MongoFilter.java,1,0,0.41323881455292516
1.3.0,mongodb/src/main/java/org/apache/calcite/adapter/mongodb/MongoMethod.java,0,0,0.32337706321381565
1.3.0,mongodb/src/main/java/org/apache/calcite/adapter/mongodb/MongoRel.java,0,0,0.41323881455292516
1.3.0,mongodb/src/main/java/org/apache/calcite/adapter/mongodb/MongoSchema.java,0,1,0.553008783535052
1.3.0,mongodb/src/main/java/org/apache/calcite/adapter/mongodb/MongoSchemaFactory.java,0,0,0.41323881455292516
1.3.0,mongodb/src/main/java/org/apache/calcite/adapter/mongodb/MongoSort.java,0,1,0.5647950216413719
1.3.0,mongodb/src/main/java/org/apache/calcite/adapter/mongodb/MongoTableScan.java,0,0,0.4431052571950956
1.3.0,mongodb/src/main/java/org/apache/calcite/adapter/mongodb/MongoToEnumerableConverter.java,0,0,0.492840879211377
1.3.0,mongodb/src/main/java/org/apache/calcite/adapter/mongodb/MongoToEnumerableConverterRule.java,0,0,0.29727281536353034
1.3.0,plus/src/main/java/org/apache/calcite/adapter/tpcds/TpcdsSchemaFactory.java,0,1,0.53453555681207
1.3.0,plus/src/main/java/org/apache/calcite/adapter/tpch/TpchSchema.java,0,0,0.24860054915899935
1.3.0,plus/src/main/java/org/apache/calcite/adapter/tpch/TpchSchemaFactory.java,0,0,0.41323881455292516
1.3.0,spark/src/main/java/org/apache/calcite/adapter/spark/EnumerableToSparkConverter.java,0,0,0.4379858645742444
1.3.0,spark/src/main/java/org/apache/calcite/adapter/spark/EnumerableToSparkConverterRule.java,0,0,0.29727281536353034
1.3.0,spark/src/main/java/org/apache/calcite/adapter/spark/JdbcToSparkConverter.java,0,0,0.37341519344286916
1.3.0,spark/src/main/java/org/apache/calcite/adapter/spark/JdbcToSparkConverterRule.java,0,0,0.32337706321381565
1.3.0,spark/src/main/java/org/apache/calcite/adapter/spark/SparkMethod.java,0,0,0.37341519344286916
1.3.0,spark/src/main/java/org/apache/calcite/adapter/spark/SparkRel.java,0,0,0.41323881455292516
1.3.0,spark/src/main/java/org/apache/calcite/adapter/spark/SparkRuntime.java,0,0,0.29727281536353034
1.3.0,splunk/src/main/java/org/apache/calcite/adapter/splunk/SplunkDriver.java,0,0,0.3268539560362367
1.3.0,splunk/src/main/java/org/apache/calcite/adapter/splunk/SplunkDriverVersion.java,0,0,0.35201892264116996
1.3.0,splunk/src/main/java/org/apache/calcite/adapter/splunk/SplunkSchema.java,0,0,0.32337706321381565
1.3.0,splunk/src/main/java/org/apache/calcite/adapter/splunk/SplunkTable.java,0,0,0.32337706321381565
1.3.0,splunk/src/main/java/org/apache/calcite/adapter/splunk/search/SplunkConnection.java,0,0,0.32337706321381565
1.3.0,splunk/src/main/java/org/apache/calcite/adapter/splunk/search/SplunkConnectionImpl.java,0,1,0.5955423331938555
1.3.0,splunk/src/main/java/org/apache/calcite/adapter/splunk/util/HttpUtils.java,0,1,0.7174649899213483
1.3.0,splunk/src/main/java/org/apache/calcite/adapter/splunk/util/SocketFactoryImpl.java,0,0,0.37341519344286916
1.3.0,splunk/src/main/java/org/apache/calcite/adapter/splunk/util/TrustAllSslSocketFactory.java,0,0,0.42061823276049315
1.3.0,linq4j/src/main/java/org/apache/calcite/linq4j/BaseQueryable.java,0,0,0.32828795795434923
1.3.0,linq4j/src/main/java/org/apache/calcite/linq4j/DefaultQueryable.java,0,0,0.34777951876200935
1.3.0,linq4j/src/main/java/org/apache/calcite/linq4j/EnumerableOrderedQueryable.java,0,0,0.32337706321381565
1.3.0,linq4j/src/main/java/org/apache/calcite/linq4j/ExtendedOrderedEnumerable.java,0,0,0.32337706321381565
1.3.0,linq4j/src/main/java/org/apache/calcite/linq4j/ExtendedOrderedQueryable.java,0,0,0.32337706321381565
1.3.0,linq4j/src/main/java/org/apache/calcite/linq4j/ExtendedQueryable.java,0,0,0.27208560849405866
1.3.0,linq4j/src/main/java/org/apache/calcite/linq4j/Extensions.java,0,1,0.6475403497319465
1.3.0,linq4j/src/main/java/org/apache/calcite/linq4j/GroupingImpl.java,0,0,0.42147411778069926
1.3.0,linq4j/src/main/java/org/apache/calcite/linq4j/Lookup.java,0,0,0.32337706321381565
1.3.0,linq4j/src/main/java/org/apache/calcite/linq4j/LookupImpl.java,0,0,0.4994872449996746
1.3.0,linq4j/src/main/java/org/apache/calcite/linq4j/QueryableFactory.java,0,0,0.32337706321381565
1.3.0,linq4j/src/main/java/org/apache/calcite/linq4j/QueryableRecorder.java,0,0,0.27371997408842247
1.3.0,linq4j/src/main/java/org/apache/calcite/linq4j/QueryProvider.java,0,0,0.32337706321381565
1.3.0,linq4j/src/main/java/org/apache/calcite/linq4j/QueryProviderImpl.java,0,1,0.5355768470769443
1.3.0,linq4j/src/main/java/org/apache/calcite/linq4j/RawQueryable.java,0,0,0.32337706321381565
1.3.0,linq4j/src/main/java/org/apache/calcite/linq4j/tree/AbstractNode.java,0,1,0.7682262419206962
1.3.0,linq4j/src/main/java/org/apache/calcite/linq4j/tree/ArrayLengthRecordField.java,0,0,0.46343002198556466
1.3.0,linq4j/src/main/java/org/apache/calcite/linq4j/tree/BinaryExpression.java,0,1,0.5895628111685164
1.3.0,linq4j/src/main/java/org/apache/calcite/linq4j/tree/BlockBuilder.java,0,1,0.7514530833223118
1.3.0,linq4j/src/main/java/org/apache/calcite/linq4j/tree/Blocks.java,0,0,0.23150366747954038
1.3.0,linq4j/src/main/java/org/apache/calcite/linq4j/tree/BlockStatement.java,0,1,0.588848416006482
1.3.0,linq4j/src/main/java/org/apache/calcite/linq4j/tree/CatchBlock.java,0,0,0.43130578241342055
1.3.0,linq4j/src/main/java/org/apache/calcite/linq4j/tree/ClassDeclaration.java,0,1,0.5345247211905461
1.3.0,linq4j/src/main/java/org/apache/calcite/linq4j/tree/ClassDeclarationFinder.java,0,1,0.7612663934833729
1.3.0,linq4j/src/main/java/org/apache/calcite/linq4j/tree/ConditionalStatement.java,0,1,0.671087700014836
1.3.0,linq4j/src/main/java/org/apache/calcite/linq4j/tree/ConstantUntypedNull.java,0,1,0.7558942429532313
1.3.0,linq4j/src/main/java/org/apache/calcite/linq4j/tree/DeclarationStatement.java,0,1,0.6919399585856304
1.3.0,linq4j/src/main/java/org/apache/calcite/linq4j/tree/DefaultExpression.java,0,0,0.32337706321381565
1.3.0,linq4j/src/main/java/org/apache/calcite/linq4j/tree/DeterministicCodeOptimizer.java,1,1,0.5905918498115184
1.3.0,linq4j/src/main/java/org/apache/calcite/linq4j/tree/DynamicExpression.java,0,0,0.32337706321381565
1.3.0,linq4j/src/main/java/org/apache/calcite/linq4j/tree/Expression.java,0,1,0.6964807152579365
1.3.0,linq4j/src/main/java/org/apache/calcite/linq4j/tree/ExpressionVisitor.java,0,0,0.32337706321381565
1.3.0,linq4j/src/main/java/org/apache/calcite/linq4j/tree/ExpressionWriter.java,0,1,0.755128150728527
1.3.0,linq4j/src/main/java/org/apache/calcite/linq4j/tree/FieldDeclaration.java,0,1,0.5657554527226293
1.3.0,linq4j/src/main/java/org/apache/calcite/linq4j/tree/ForStatement.java,0,0,0.4885583678993013
1.3.0,linq4j/src/main/java/org/apache/calcite/linq4j/tree/GotoStatement.java,0,1,0.6537478176443539
1.3.0,linq4j/src/main/java/org/apache/calcite/linq4j/tree/IndexExpression.java,0,1,0.7302520622201937
1.3.0,linq4j/src/main/java/org/apache/calcite/linq4j/tree/InvocationExpression.java,0,0,0.32337706321381565
1.3.0,linq4j/src/main/java/org/apache/calcite/linq4j/tree/LabelStatement.java,0,0,0.32337706321381565
1.3.0,linq4j/src/main/java/org/apache/calcite/linq4j/tree/LabelTarget.java,0,0,0.32337706321381565
1.3.0,linq4j/src/main/java/org/apache/calcite/linq4j/tree/LambdaExpression.java,0,0,0.39863401382737923
1.3.0,linq4j/src/main/java/org/apache/calcite/linq4j/tree/ListInitExpression.java,0,0,0.32337706321381565
1.3.0,linq4j/src/main/java/org/apache/calcite/linq4j/tree/MemberExpression.java,0,1,0.8023980803060321
1.3.0,linq4j/src/main/java/org/apache/calcite/linq4j/tree/MemberInitExpression.java,0,0,0.32337706321381565
1.3.0,linq4j/src/main/java/org/apache/calcite/linq4j/tree/MethodCallExpression.java,0,1,0.8775817548601703
1.3.0,linq4j/src/main/java/org/apache/calcite/linq4j/tree/NewArrayExpression.java,0,1,0.5585619806520565
1.3.0,linq4j/src/main/java/org/apache/calcite/linq4j/tree/NewExpression.java,0,1,0.6243057270667238
1.3.0,linq4j/src/main/java/org/apache/calcite/linq4j/tree/OptimizeVisitor.java,0,1,0.6360797177365413
1.3.0,linq4j/src/main/java/org/apache/calcite/linq4j/tree/ParameterExpression.java,0,1,0.797936483273146
1.3.0,linq4j/src/main/java/org/apache/calcite/linq4j/tree/ReflectedPseudoField.java,0,1,0.6015995491013112
1.3.0,linq4j/src/main/java/org/apache/calcite/linq4j/tree/Statement.java,0,1,0.8245971573126964
1.3.0,linq4j/src/main/java/org/apache/calcite/linq4j/tree/SwitchStatement.java,0,0,0.32337706321381565
1.3.0,linq4j/src/main/java/org/apache/calcite/linq4j/tree/TernaryExpression.java,0,1,0.683441865662675
1.3.0,linq4j/src/main/java/org/apache/calcite/linq4j/tree/ThrowStatement.java,0,1,0.5196058447208718
1.3.0,linq4j/src/main/java/org/apache/calcite/linq4j/tree/TryStatement.java,0,1,0.5993583945219707
1.3.0,linq4j/src/main/java/org/apache/calcite/linq4j/tree/TypeBinaryExpression.java,0,1,0.7191865954255978
1.3.0,linq4j/src/main/java/org/apache/calcite/linq4j/tree/UnaryExpression.java,0,1,0.7993387596047563
1.3.0,linq4j/src/main/java/org/apache/calcite/linq4j/tree/WhileStatement.java,0,0,0.4415765423671012
1.3.0,core/src/main/java/org/apache/calcite/config/CalciteConnectionConfig.java,0,0,0.10494784703939765
1.3.0,core/src/main/java/org/apache/calcite/config/CalciteConnectionConfigImpl.java,0,0,0.11233956996662295
1.3.0,core/src/main/java/org/apache/calcite/config/CalciteConnectionProperty.java,0,0,0.18147152449336176
1.3.0,core/src/main/java/org/apache/calcite/plan/RelImplementor.java,0,0,0.13615522007822195
1.3.0,core/src/main/java/org/apache/calcite/sql/SemiJoinType.java,0,0,0.330518827172321
1.3.0,core/src/main/java/org/apache/calcite/adapter/enumerable/EnumerableCorrelateRule.java,0,0,0.14868082655924755
1.3.0,core/src/main/java/org/apache/calcite/rel/core/CorrelationId.java,0,0,0.25210249196154616
1.3.0,core/src/main/java/org/apache/calcite/rel/core/Uncollect.java,0,0,0.3046919212564637
1.3.0,core/src/main/java/org/apache/calcite/rel/rules/ProjectJoinTransposeRule.java,0,0,0.3111606130413605
1.3.0,core/src/main/java/org/apache/calcite/rel/rules/PushProjector.java,0,1,0.6448447800664705
1.3.0,core/src/main/java/org/apache/calcite/util/trace/CalciteTrace.java,0,0,0.11789800914265026
1.3.0,spark/src/main/java/org/apache/calcite/adapter/spark/SparkToEnumerableConverter.java,0,0,0.20592539351064543
1.3.0,linq4j/src/main/java/org/apache/calcite/linq4j/DefaultEnumerable.java,0,0,0.14320103941486223
1.3.0,linq4j/src/main/java/org/apache/calcite/linq4j/ExtendedEnumerable.java,0,0,0.1089581327529702
1.3.0,core/src/main/java/org/apache/calcite/plan/RelOptAbstractTable.java,0,1,0.6473250435099905
1.3.0,core/src/main/java/org/apache/calcite/plan/RelOptTable.java,0,0,0.4305996598207607
1.3.0,core/src/main/java/org/apache/calcite/rel/RelDistribution.java,0,0,0.28131106571016806
1.3.0,core/src/main/java/org/apache/calcite/rel/RelDistributions.java,0,0,0.24495884059360665
1.3.0,core/src/main/java/org/apache/calcite/rel/RelDistributionTraitDef.java,0,0,0.25158469709234654
1.3.0,core/src/main/java/org/apache/calcite/rel/RelHomogeneousShuttle.java,0,0,0.30999089112086164
1.3.0,core/src/main/java/org/apache/calcite/rel/RelInput.java,0,0,0.2532852750801383
1.3.0,core/src/main/java/org/apache/calcite/rel/RelShuttle.java,0,0,0.17994514291554645
1.3.0,core/src/main/java/org/apache/calcite/rel/RelShuttleImpl.java,0,0,0.4844255735880847
1.3.0,core/src/main/java/org/apache/calcite/schema/Statistic.java,0,0,0.3013059108694628
1.3.0,core/src/main/java/org/apache/calcite/schema/Statistics.java,0,1,0.541170936591064
1.3.0,core/src/main/java/org/apache/calcite/adapter/enumerable/EnumerableCalc.java,0,1,0.5654862801654489
1.3.0,core/src/main/java/org/apache/calcite/adapter/enumerable/EnumerableFilter.java,0,0,0.43975088294056947
1.3.0,core/src/main/java/org/apache/calcite/adapter/enumerable/EnumerableLimit.java,0,1,0.5233735306296246
1.3.0,core/src/main/java/org/apache/calcite/adapter/enumerable/EnumerableValues.java,0,0,0.4953346353387257
1.3.0,core/src/main/java/org/apache/calcite/rel/core/Exchange.java,0,0,0.2791844505431286
1.3.0,core/src/main/java/org/apache/calcite/rel/core/Sort.java,0,1,0.785544176342316
1.3.0,core/src/main/java/org/apache/calcite/rel/core/SortExchange.java,0,0,0.2783691493928669
1.3.0,core/src/main/java/org/apache/calcite/rel/externalize/RelJson.java,0,1,0.6509455940133339
1.3.0,core/src/main/java/org/apache/calcite/rel/logical/LogicalCalc.java,0,0,0.2611185418771508
1.3.0,core/src/main/java/org/apache/calcite/rel/logical/LogicalExchange.java,0,0,0.2980273676848031
1.3.0,core/src/main/java/org/apache/calcite/rel/logical/LogicalFilter.java,0,0,0.4612541217533273
1.3.0,core/src/main/java/org/apache/calcite/rel/metadata/RelMdColumnOrigins.java,0,1,0.5801422008474809
1.3.0,core/src/main/java/org/apache/calcite/rel/metadata/RelMdDistinctRowCount.java,0,0,0.3694508402977837
1.3.0,core/src/main/java/org/apache/calcite/rel/metadata/RelMdPopulationSize.java,0,0,0.3100617197499801
1.3.0,core/src/main/java/org/apache/calcite/rel/metadata/RelMdPredicates.java,0,1,0.9133487382038631
1.3.0,core/src/main/java/org/apache/calcite/rel/rules/CalcMergeRule.java,0,1,0.5562161435797914
1.3.0,core/src/main/java/org/apache/calcite/rel/rules/CalcRemoveRule.java,0,0,0.2836274427415111
1.3.0,core/src/main/java/org/apache/calcite/rel/rules/FilterAggregateTransposeRule.java,1,1,0.6574946674386009
1.3.0,core/src/main/java/org/apache/calcite/rel/RelCollationImpl.java,0,1,0.5135984373861473
1.3.0,core/src/main/java/org/apache/calcite/rex/RexProgramBuilder.java,0,1,0.7223293845177812
1.3.0,core/src/main/java/org/apache/calcite/plan/RelOptRuleOperand.java,0,0,0.46353887326652143
1.3.0,core/src/main/java/org/apache/calcite/rel/type/RelDataTypeFactoryImpl.java,1,1,0.8722427631788641
1.3.0,avatica/src/main/java/org/apache/calcite/avatica/ConnectionPropertiesImpl.java,0,0,0.16963815922865158
1.3.0,core/src/main/java/org/apache/calcite/rel/metadata/RelMdColumnUniqueness.java,1,0,0.49247651902174844
1.3.0,core/src/main/java/org/apache/calcite/rel/metadata/RelMdUniqueKeys.java,0,0,0.24685348089053885
1.3.0,core/src/main/java/org/apache/calcite/sql/fun/SqlAbstractGroupFunction.java,1,0,0.4380663952475949
1.3.0,core/src/main/java/org/apache/calcite/sql/fun/SqlGroupIdFunction.java,0,0,0.16755870979392812
1.3.0,core/src/main/java/org/apache/calcite/sql/fun/SqlGroupingFunction.java,0,0,0.1701173376916036
1.3.0,core/src/main/java/org/apache/calcite/sql/fun/SqlGroupingIdFunction.java,0,0,0.16755870979392812
1.3.0,avatica/src/main/java/org/apache/calcite/avatica/remote/MockJsonService.java,0,0,0.4960081406177585
1.3.0,core/src/main/java/org/apache/calcite/rex/RexLiteral.java,0,1,0.805097950004753
1.3.0,core/src/main/java/org/apache/calcite/util/Litmus.java,0,0,0.24158568718291915
1.3.0,core/src/main/java/org/apache/calcite/sql/validate/SqlUserDefinedTableMacro.java,0,1,0.7343731819894648
1.3.0,core/src/main/java/org/apache/calcite/materialize/Lattice.java,0,1,0.8079918610251633
1.3.0,core/src/main/java/org/apache/calcite/materialize/TileKey.java,0,1,0.5549957623665541
1.3.0,core/src/main/java/org/apache/calcite/materialize/TileSuggester.java,0,1,0.5258568017129847
1.3.0,core/src/main/java/org/apache/calcite/rel/RelNodes.java,0,0,0.47907662523728944
1.3.0,core/src/main/java/org/apache/calcite/adapter/jdbc/JdbcConvention.java,0,1,0.5673342625756794
1.3.0,core/src/main/java/org/apache/calcite/plan/volcano/RuleQueue.java,0,1,0.6246567533219172
1.3.0,core/src/main/java/org/apache/calcite/jdbc/CalciteConnectionImpl.java,0,1,0.904292830754769
1.3.0,core/src/main/java/org/apache/calcite/jdbc/CalciteJdbc41Factory.java,0,0,0.3650528174503933
1.3.0,avatica-server/src/main/java/org/apache/calcite/avatica/jdbc/JdbcResultSet.java,0,1,0.9276498373531867
1.3.0,avatica/src/main/java/org/apache/calcite/avatica/AvaticaConnection.java,0,1,0.9746796195413974
1.3.0,avatica/src/main/java/org/apache/calcite/avatica/AvaticaJdbc41Factory.java,0,0,0.4995167552127479
1.3.0,avatica/src/main/java/org/apache/calcite/avatica/AvaticaParameter.java,0,1,0.7693262175474787
1.3.0,avatica/src/main/java/org/apache/calcite/avatica/AvaticaResultSet.java,0,1,0.6868864611000071
1.3.0,avatica/src/main/java/org/apache/calcite/avatica/AvaticaStatement.java,1,1,0.9284997600747571
1.3.0,avatica/src/main/java/org/apache/calcite/avatica/remote/TypedValue.java,0,0,0.19408526677573
1.3.0,avatica/src/main/java/org/apache/calcite/avatica/util/DateTimeUtils.java,0,1,0.8404965168091371
1.3.0,core/src/main/java/org/apache/calcite/config/Lex.java,0,0,0.22979415255296443
1.3.0,core/src/main/java/org/apache/calcite/jdbc/CalcitePreparedStatement.java,0,0,0.25885611519971896
1.3.0,core/src/main/java/org/apache/calcite/jdbc/CalciteStatement.java,1,0,0.47300999390648907
1.3.0,core/src/main/java/org/apache/calcite/jdbc/MetadataSchema.java,0,0,0.22130980851685286
1.3.0,core/src/main/java/org/apache/calcite/runtime/ArrayEnumeratorCursor.java,0,0,0.23546415674424578
1.3.0,core/src/main/java/org/apache/calcite/runtime/EnumeratorCursor.java,0,0,0.20322219081798862
1.3.0,core/src/main/java/org/apache/calcite/runtime/ObjectEnumeratorCursor.java,0,0,0.2164925182887678
1.3.0,core/src/main/java/org/apache/calcite/runtime/RecordEnumeratorCursor.java,0,0,0.2228252460903347
1.3.0,core/src/main/java/org/apache/calcite/server/CalciteServer.java,0,0,0.2341293768781111
1.3.0,core/src/main/java/org/apache/calcite/sql/SqlDateLiteral.java,0,0,0.3315037788576932
1.3.0,core/src/main/java/org/apache/calcite/sql/SqlIntervalQualifier.java,1,1,0.8662367701949865
1.3.0,core/src/main/java/org/apache/calcite/sql/SqlLiteral.java,0,0,0.462627788437794
1.3.0,core/src/main/java/org/apache/calcite/sql2rel/SqlNodeToRexConverterImpl.java,1,0,0.48150847904837346
1.3.0,core/src/main/java/org/apache/calcite/tools/Frameworks.java,0,0,0.31642918921569474
1.3.0,core/src/main/java/org/apache/calcite/util/JsonBuilder.java,1,1,0.5901174747468354
1.3.0,core/src/main/java/org/apache/calcite/util/ZonelessDate.java,0,0,0.3407579421452536
1.3.0,core/src/main/java/org/apache/calcite/util/ZonelessDatetime.java,0,0,0.3759237757259209
1.3.0,core/src/main/java/org/apache/calcite/util/ZonelessTime.java,0,0,0.2624486041554395
1.3.0,core/src/main/java/org/apache/calcite/util/ZonelessTimestamp.java,0,0,0.2574166334785171
1.3.0,core/src/main/java/org/apache/calcite/adapter/clone/ListTable.java,0,0,0.2243581889524091
1.3.0,core/src/main/java/org/apache/calcite/sql/parser/SqlAbstractParserImpl.java,0,1,0.5686370547699989
1.3.0,core/src/main/java/org/apache/calcite/sql/parser/SqlParser.java,0,0,0.3069968712469967
1.3.0,core/src/main/java/org/apache/calcite/sql/parser/SqlParserUtil.java,0,1,0.8640424153567947
1.3.0,core/src/main/java/org/apache/calcite/sql/pretty/SqlPrettyWriter.java,0,0,0.23554538765826313
1.3.0,core/src/main/java/org/apache/calcite/sql/type/IntervalSqlType.java,0,1,0.5763801496074684
1.3.0,core/src/main/java/org/apache/calcite/sql/type/SqlTypeName.java,0,1,0.7616267655726277
1.3.0,avatica/src/main/java/org/apache/calcite/avatica/AvaticaResultSetMetaData.java,0,1,0.5043534232746507
1.3.0,avatica/src/main/java/org/apache/calcite/avatica/BuiltInConnectionProperty.java,0,0,0.11943183759208442
1.3.0,avatica/src/main/java/org/apache/calcite/avatica/ConnectionConfig.java,0,0,0.20051457095985126
1.3.0,avatica/src/main/java/org/apache/calcite/avatica/ConnectionConfigImpl.java,0,0,0.19907929648158967
1.3.0,avatica/src/main/java/org/apache/calcite/avatica/ConnectionProperty.java,0,0,0.23448305298830716
1.3.0,avatica/src/main/java/org/apache/calcite/avatica/InternalProperty.java,0,0,0.261817828759028
1.3.0,avatica/src/main/java/org/apache/calcite/avatica/remote/AvaticaRemoteConnectionConfigImpl.java,0,0,0.1871781726142862
1.3.0,avatica/src/main/java/org/apache/calcite/avatica/remote/AvaticaRemoteConnectionProperty.java,0,0,0.10992336348504589
1.3.0,avatica/src/main/java/org/apache/calcite/avatica/remote/Driver.java,0,0,0.3513862360063612
1.3.0,avatica/src/main/java/org/apache/calcite/avatica/remote/Handler.java,0,0,0.18792496166656317
1.3.0,avatica/src/main/java/org/apache/calcite/avatica/remote/RemoteService.java,1,0,0.22046919505033333
1.3.0,avatica/src/main/java/org/apache/calcite/avatica/util/ArrayImpl.java,0,0,0.24869374057008486
1.3.0,avatica/src/main/java/org/apache/calcite/avatica/util/ArrayIteratorCursor.java,0,0,0.1868747383036424
1.3.0,avatica/src/main/java/org/apache/calcite/avatica/util/Casing.java,0,0,0.20311605020679374
1.3.0,avatica/src/main/java/org/apache/calcite/avatica/util/Cursor.java,0,0,0.19299517436792651
1.3.0,avatica/src/main/java/org/apache/calcite/avatica/util/IteratorCursor.java,0,0,0.14770030614605664
1.3.0,avatica/src/main/java/org/apache/calcite/avatica/util/ListIteratorCursor.java,0,0,0.1869767523700626
1.3.0,avatica/src/main/java/org/apache/calcite/avatica/util/MapIteratorCursor.java,0,0,0.1866216640725778
1.3.0,avatica/src/main/java/org/apache/calcite/avatica/util/PositionedCursor.java,0,0,0.21609524552192622
1.3.0,avatica/src/main/java/org/apache/calcite/avatica/util/Quoting.java,0,0,0.20311605020679374
1.3.0,avatica/src/main/java/org/apache/calcite/avatica/util/RecordIteratorCursor.java,0,0,0.18564118663578796
1.3.0,avatica/src/main/java/org/apache/calcite/avatica/util/Spacer.java,0,0,0.18942431261923248
1.3.0,avatica/src/main/java/org/apache/calcite/avatica/util/Spaces.java,0,0,0.11231379443432615
1.3.0,avatica/src/main/java/org/apache/calcite/avatica/util/TimeUnit.java,0,0,0.18454794202419159
1.3.0,avatica/src/main/java/org/apache/calcite/avatica/util/TimeUnitRange.java,0,0,0.09734132613219736
1.3.0,mongodb/src/main/java/org/apache/calcite/adapter/mongodb/MongoEnumerator.java,1,0,0.4131038097253503
1.3.0,splunk/src/main/java/org/apache/calcite/adapter/splunk/SplunkQuery.java,0,0,0.18820454915201087
1.3.0,linq4j/src/main/java/org/apache/calcite/linq4j/AbstractEnumerable2.java,0,0,0.20988203722272925
1.3.0,core/src/main/java/org/apache/calcite/jdbc/CalciteResultSet.java,0,1,0.6749921369408811
1.3.0,avatica/src/main/java/org/apache/calcite/avatica/AvaticaFactory.java,0,0,0.4617113765270561
1.3.0,core/src/main/java/org/apache/calcite/rel/rules/ProjectMergeRule.java,0,1,0.6916913052026354
1.3.0,core/src/main/java/org/apache/calcite/jdbc/CalciteMetaImpl.java,0,1,0.9766707372910327
1.3.0,core/src/main/java/org/apache/calcite/rel/BiRel.java,0,0,0.24472249854244493
1.3.0,core/src/main/java/org/apache/calcite/sql2rel/DeduplicateCorrelateVariables.java,0,0,0.4019421750957512
1.3.0,core/src/main/java/org/apache/calcite/sql/SqlRankFunction.java,1,0,0.32418245773808296
1.3.0,core/src/main/java/org/apache/calcite/rel/metadata/CachingRelMetadataProvider.java,0,1,0.7404102802803705
1.3.0,avatica-server/src/main/java/org/apache/calcite/avatica/jdbc/JdbcMeta.java,1,1,0.9770950430079834
1.3.0,avatica/src/main/java/org/apache/calcite/avatica/AvaticaDatabaseMetaData.java,0,0,0.3520660975653236
1.3.0,avatica/src/main/java/org/apache/calcite/avatica/AvaticaUtils.java,0,0,0.35086560453344673
1.3.0,avatica/src/main/java/org/apache/calcite/avatica/Meta.java,1,1,0.9005620569324401
1.3.0,avatica/src/main/java/org/apache/calcite/avatica/MetaImpl.java,1,1,0.952048587414523
1.3.0,avatica/src/main/java/org/apache/calcite/avatica/SqlType.java,0,0,0.2774530855292676
1.3.0,avatica/src/main/java/org/apache/calcite/avatica/remote/LocalService.java,0,1,0.9607468684654799
1.3.0,avatica/src/main/java/org/apache/calcite/avatica/remote/RemoteMeta.java,0,1,0.9880321394573279
1.3.0,avatica/src/main/java/org/apache/calcite/avatica/remote/Service.java,0,1,0.9863241669465355
1.3.0,avatica/src/main/java/org/apache/calcite/avatica/AvaticaPreparedStatement.java,1,1,0.7915831984941293
1.3.0,avatica/src/main/java/org/apache/calcite/avatica/AvaticaSite.java,0,0,0.33105777948712134
1.3.0,linq4j/src/main/java/org/apache/calcite/linq4j/CorrelateJoinType.java,0,0,0.11418119888405656
1.3.0,avatica/src/main/java/org/apache/calcite/avatica/util/AbstractCursor.java,1,1,0.9296207968654119
1.3.0,core/src/main/java/org/apache/calcite/sql/type/ReturnTypes.java,0,1,0.6028465184428196
1.3.0,core/src/main/java/org/apache/calcite/sql/SqlDataTypeSpec.java,0,1,0.5145982391724309
1.3.0,core/src/main/java/org/apache/calcite/adapter/enumerable/AggImplementor.java,0,0,0.13954912063797137
1.3.0,core/src/main/java/org/apache/calcite/adapter/enumerable/EnumerableCorrelate.java,0,0,0.28371635533960604
1.3.0,core/src/main/java/org/apache/calcite/adapter/enumerable/EnumerableRelImplementor.java,1,1,0.653077199065361
1.3.0,core/src/main/java/org/apache/calcite/adapter/enumerable/impl/WinAggAddContextImpl.java,0,0,0.21125973321258296
1.3.0,linq4j/src/main/java/org/apache/calcite/linq4j/EnumerableQueryable.java,0,0,0.2246605038996481
1.3.0,linq4j/src/main/java/org/apache/calcite/linq4j/QueryableDefaults.java,0,0,0.29166410339743815
1.3.0,core/src/main/java/org/apache/calcite/rel/rules/JoinUnionTransposeRule.java,0,1,0.5699817476346789
1.3.0,core/src/main/java/org/apache/calcite/prepare/CalciteMaterializer.java,0,1,0.8362835323856096
1.3.0,avatica/src/main/java/org/apache/calcite/avatica/DriverVersion.java,0,1,0.7388415046005853
1.3.0,avatica/src/main/java/org/apache/calcite/avatica/Handler.java,0,0,0.32337706321381565
1.3.0,avatica/src/main/java/org/apache/calcite/avatica/HandlerImpl.java,0,0,0.22528268364834936
1.3.0,core/src/main/java/org/apache/calcite/Demo.java,0,0,0.2674867472574056
1.3.0,core/src/main/java/org/apache/calcite/schema/Function.java,0,0,0.32337706321381565
1.3.0,core/src/main/java/org/apache/calcite/schema/SemiMutableSchema.java,0,0,0.32337706321381565
1.3.0,core/src/main/java/org/apache/calcite/schema/TableMacro.java,0,0,0.32337706321381565
1.3.0,core/src/main/java/org/apache/calcite/util/CancelFlag.java,0,0,0.2888390770411807
1.3.0,core/src/main/java/org/apache/calcite/util/ClosableAllocation.java,0,0,0.32337706321381565
1.3.0,core/src/main/java/org/apache/calcite/util/ClosableAllocationOwner.java,0,0,0.32337706321381565
1.3.0,core/src/main/java/org/apache/calcite/util/ControlFlowException.java,0,0,0.35201892264116996
1.3.0,core/src/main/java/org/apache/calcite/util/Glossary.java,0,0,0.17978384618989207
1.3.0,core/src/main/java/org/apache/calcite/util/Holder.java,0,0,0.298186593893452
1.3.0,core/src/main/java/org/apache/calcite/util/ReflectiveVisitor.java,0,0,0.32337706321381565
1.3.0,core/src/main/java/org/apache/calcite/util/Stacks.java,0,1,0.5788548050841915
1.3.0,core/src/main/java/org/apache/calcite/interpreter/Node.java,0,0,0.27208560849405866
1.3.0,core/src/main/java/org/apache/calcite/interpreter/Sink.java,0,0,0.27208560849405866
1.3.0,core/src/main/java/org/apache/calcite/interpreter/Source.java,0,0,0.32337706321381565
1.3.0,core/src/main/java/org/apache/calcite/jdbc/SqlTimeoutException.java,0,0,0.32337706321381565
1.3.0,core/src/main/java/org/apache/calcite/model/JsonColumn.java,0,0,0.35201892264116996
1.3.0,core/src/main/java/org/apache/calcite/model/JsonCustomTable.java,0,0,0.35201892264116996
1.3.0,core/src/main/java/org/apache/calcite/model/JsonFunction.java,0,0,0.35201892264116996
1.3.0,core/src/main/java/org/apache/calcite/model/JsonLattice.java,0,1,0.7669516105616475
1.3.0,core/src/main/java/org/apache/calcite/model/JsonMeasure.java,0,0,0.35201892264116996
1.3.0,core/src/main/java/org/apache/calcite/model/JsonTile.java,0,0,0.35201892264116996
1.3.0,core/src/main/java/org/apache/calcite/runtime/ArrayComparator.java,0,0,0.24860054915899935
1.3.0,core/src/main/java/org/apache/calcite/runtime/Hook.java,0,1,0.5398676194096141
1.3.0,core/src/main/java/org/apache/calcite/runtime/Like.java,1,1,0.7184276444414514
1.3.0,core/src/main/java/org/apache/calcite/runtime/Typed.java,0,0,0.32337706321381565
1.3.0,core/src/main/java/org/apache/calcite/runtime/Unit.java,0,0,0.17202522725300654
1.3.0,core/src/main/java/org/apache/calcite/runtime/Utilities.java,0,0,0.488417230332551
1.3.0,core/src/main/java/org/apache/calcite/tools/RelConversionException.java,0,0,0.32337706321381565
1.3.0,core/src/main/java/org/apache/calcite/tools/ValidationException.java,0,0,0.3459298863791605
1.3.0,core/src/main/java/org/apache/calcite/plan/CommonRelSubExprRule.java,0,0,0.32337706321381565
1.3.0,core/src/main/java/org/apache/calcite/plan/RelOptConnection.java,0,0,0.32337706321381565
1.3.0,core/src/main/java/org/apache/calcite/plan/RelOptCost.java,0,0,0.18501217620441882
1.3.0,core/src/main/java/org/apache/calcite/plan/RelOptCostFactory.java,0,0,0.32337706321381565
1.3.0,core/src/main/java/org/apache/calcite/plan/RelOptRuleOperandChildPolicy.java,0,0,0.35201892264116996
1.3.0,core/src/main/java/org/apache/calcite/plan/RelOptRuleOperandChildren.java,0,0,0.47490851095480624
1.3.0,core/src/main/java/org/apache/calcite/plan/RelOptSamplingParameters.java,0,0,0.298186593893452
1.3.0,core/src/main/java/org/apache/calcite/plan/RelOptSchemaWithSampling.java,0,0,0.29727281536353034
1.3.0,core/src/main/java/org/apache/calcite/rel/InvalidRelException.java,0,0,0.3665034970185144
1.3.0,core/src/main/java/org/apache/calcite/rel/RelVisitor.java,0,0,0.23760561826020887
1.3.0,core/src/main/java/org/apache/calcite/rex/RexAction.java,0,0,0.29727281536353034
1.3.0,core/src/main/java/org/apache/calcite/rex/RexPattern.java,0,0,0.32337706321381565
1.3.0,core/src/main/java/org/apache/calcite/rex/RexSqlConvertletTable.java,0,0,0.32337706321381565
1.3.0,core/src/main/java/org/apache/calcite/sql/SqlAccessEnum.java,0,0,0.35201892264116996
1.3.0,core/src/main/java/org/apache/calcite/sql/SqlNullSemantics.java,0,0,0.32337706321381565
1.3.0,core/src/main/java/org/apache/calcite/sql/SqlOperandCountRange.java,0,0,0.32337706321381565
1.3.0,core/src/main/java/org/apache/calcite/sql/SqlValuesOperator.java,0,1,0.6775634890907929
1.3.0,core/src/main/java/org/apache/calcite/util/graph/BreadthFirstIterator.java,0,1,0.610948164119277
1.3.0,core/src/main/java/org/apache/calcite/util/graph/DirectedGraph.java,0,0,0.32337706321381565
1.3.0,core/src/main/java/org/apache/calcite/util/mapping/AbstractSourceMapping.java,0,0,0.3505590915306028
1.3.0,core/src/main/java/org/apache/calcite/util/mapping/AbstractTargetMapping.java,0,0,0.2995845309778871
1.3.0,core/src/main/java/org/apache/calcite/util/mapping/IntPair.java,0,0,0.38179792031567256
1.3.0,core/src/main/java/org/apache/calcite/util/mapping/MappingType.java,0,0,0.42478502192145584
1.3.0,core/src/main/java/org/apache/calcite/util/javac/JavaCompiler.java,0,0,0.32337706321381565
1.3.0,core/src/main/java/org/apache/calcite/adapter/enumerable/WinAggContext.java,0,0,0.32337706321381565
1.3.0,core/src/main/java/org/apache/calcite/adapter/enumerable/WinAggImplementor.java,0,0,0.35201892264116996
1.3.0,core/src/main/java/org/apache/calcite/plan/hep/HepMatchOrder.java,0,0,0.35201892264116996
1.3.0,core/src/main/java/org/apache/calcite/plan/volcano/VolcanoPlannerPhase.java,0,0,0.35201892264116996
1.3.0,core/src/main/java/org/apache/calcite/rel/core/JoinRelType.java,0,1,0.6144649880923885
1.3.0,core/src/main/java/org/apache/calcite/rel/metadata/RelColumnMapping.java,0,0,0.29727281536353034
1.3.0,core/src/main/java/org/apache/calcite/rel/type/RelDataTypeFamily.java,0,0,0.32337706321381565
1.3.0,core/src/main/java/org/apache/calcite/rel/type/RelDataTypeField.java,0,0,0.32337706321381565
1.3.0,core/src/main/java/org/apache/calcite/rel/type/RelDataTypePrecedenceList.java,0,0,0.32337706321381565
1.3.0,core/src/main/java/org/apache/calcite/sql/pretty/SqlFormatOptions.java,0,0,0.27208560849405866
1.3.0,core/src/main/java/org/apache/calcite/sql/type/ExtraSqlTypes.java,0,0,0.29727281536353034
1.3.0,core/src/main/java/org/apache/calcite/sql/validate/SqlConformance.java,0,0,0.49040065606237
1.3.0,core/src/main/java/org/apache/calcite/sql/validate/SqlMonotonicity.java,0,0,0.3948910813953556
1.3.0,splunk/src/main/java/org/apache/calcite/adapter/splunk/search/SearchResultListener.java,0,0,0.29727281536353034
1.3.0,splunk/src/main/java/org/apache/calcite/adapter/splunk/util/StringUtils.java,0,0,0.11888241664861138
1.3.0,linq4j/src/main/java/org/apache/calcite/linq4j/AbstractEnumerable.java,0,0,0.35201892264116996
1.3.0,linq4j/src/main/java/org/apache/calcite/linq4j/AbstractQueryable.java,0,0,0.32471216387702806
1.3.0,linq4j/src/main/java/org/apache/calcite/linq4j/Enumerable.java,0,0,0.32337706321381565
1.3.0,linq4j/src/main/java/org/apache/calcite/linq4j/Enumerator.java,0,0,0.32337706321381565
1.3.0,linq4j/src/main/java/org/apache/calcite/linq4j/Grouping.java,0,0,0.32337706321381565
1.3.0,linq4j/src/main/java/org/apache/calcite/linq4j/OpType.java,0,0,0.32337706321381565
1.3.0,linq4j/src/main/java/org/apache/calcite/linq4j/OrderedEnumerable.java,0,0,0.32337706321381565
1.3.0,linq4j/src/main/java/org/apache/calcite/linq4j/OrderedQueryable.java,0,0,0.32337706321381565
1.3.0,linq4j/src/main/java/org/apache/calcite/linq4j/Queryable.java,0,0,0.32337706321381565
1.3.0,linq4j/src/main/java/org/apache/calcite/linq4j/RawEnumerable.java,0,0,0.32337706321381565
1.3.0,linq4j/src/main/java/org/apache/calcite/linq4j/function/BigDecimalFunction1.java,0,0,0.27208560849405866
1.3.0,linq4j/src/main/java/org/apache/calcite/linq4j/function/Deterministic.java,0,0,0.32337706321381565
1.3.0,linq4j/src/main/java/org/apache/calcite/linq4j/function/DoubleFunction1.java,0,0,0.27208560849405866
1.3.0,linq4j/src/main/java/org/apache/calcite/linq4j/function/EqualityComparer.java,0,0,0.32337706321381565
1.3.0,linq4j/src/main/java/org/apache/calcite/linq4j/function/FloatFunction1.java,0,0,0.27208560849405866
1.3.0,linq4j/src/main/java/org/apache/calcite/linq4j/function/Function.java,0,0,0.32337706321381565
1.3.0,linq4j/src/main/java/org/apache/calcite/linq4j/function/Function0.java,0,0,0.32337706321381565
1.3.0,linq4j/src/main/java/org/apache/calcite/linq4j/function/Function1.java,0,0,0.298186593893452
1.3.0,linq4j/src/main/java/org/apache/calcite/linq4j/function/Function2.java,0,0,0.27208560849405866
1.3.0,linq4j/src/main/java/org/apache/calcite/linq4j/function/IntegerFunction1.java,0,0,0.27208560849405866
1.3.0,linq4j/src/main/java/org/apache/calcite/linq4j/function/LongFunction1.java,0,0,0.27208560849405866
1.3.0,linq4j/src/main/java/org/apache/calcite/linq4j/function/NonDeterministic.java,0,0,0.32337706321381565
1.3.0,linq4j/src/main/java/org/apache/calcite/linq4j/function/NullableBigDecimalFunction1.java,0,0,0.27208560849405866
1.3.0,linq4j/src/main/java/org/apache/calcite/linq4j/function/NullableDoubleFunction1.java,0,0,0.27208560849405866
1.3.0,linq4j/src/main/java/org/apache/calcite/linq4j/function/NullableFloatFunction1.java,0,0,0.27208560849405866
1.3.0,linq4j/src/main/java/org/apache/calcite/linq4j/function/NullableIntegerFunction1.java,0,0,0.27208560849405866
1.3.0,linq4j/src/main/java/org/apache/calcite/linq4j/function/NullableLongFunction1.java,0,0,0.27208560849405866
1.3.0,linq4j/src/main/java/org/apache/calcite/linq4j/function/Predicate1.java,0,0,0.298186593893452
1.3.0,linq4j/src/main/java/org/apache/calcite/linq4j/function/Predicate2.java,0,0,0.26500613548354374
1.3.0,linq4j/src/main/java/org/apache/calcite/linq4j/tree/CallSiteBinder.java,0,0,0.32337706321381565
1.3.0,linq4j/src/main/java/org/apache/calcite/linq4j/tree/ElementInit.java,0,0,0.32337706321381565
1.3.0,linq4j/src/main/java/org/apache/calcite/linq4j/tree/Evaluator.java,0,1,0.6886129677396783
1.3.0,linq4j/src/main/java/org/apache/calcite/linq4j/tree/ExpressionType.java,0,1,0.6775634890907929
1.3.0,linq4j/src/main/java/org/apache/calcite/linq4j/tree/GotoExpressionKind.java,0,0,0.35201892264116996
1.3.0,linq4j/src/main/java/org/apache/calcite/linq4j/tree/MemberAssignment.java,0,0,0.32337706321381565
1.3.0,linq4j/src/main/java/org/apache/calcite/linq4j/tree/MemberBinding.java,0,0,0.32337706321381565
1.3.0,linq4j/src/main/java/org/apache/calcite/linq4j/tree/MemberDeclaration.java,0,0,0.35201892264116996
1.3.0,linq4j/src/main/java/org/apache/calcite/linq4j/tree/MemberListBinding.java,0,0,0.32337706321381565
1.3.0,linq4j/src/main/java/org/apache/calcite/linq4j/tree/MemberMemberBinding.java,0,0,0.32337706321381565
1.3.0,linq4j/src/main/java/org/apache/calcite/linq4j/tree/Node.java,0,0,0.27208560849405866
1.3.0,linq4j/src/main/java/org/apache/calcite/linq4j/tree/PseudoField.java,0,0,0.32337706321381565
1.3.0,linq4j/src/main/java/org/apache/calcite/linq4j/tree/SwitchCase.java,0,0,0.32337706321381565
1.3.0,core/src/main/java/org/apache/calcite/rel/rules/AggregateJoinTransposeRule.java,0,0,0.43823234234727093
1.3.0,core/src/main/java/org/apache/calcite/sql/fun/SqlItemOperator.java,0,1,0.5114767060259727
1.3.0,core/src/main/java/org/apache/calcite/plan/Contexts.java,0,0,0.38455231905597886
1.3.0,core/src/main/java/org/apache/calcite/sql/SqlInsert.java,0,1,0.7055394445424976
1.3.0,core/src/main/java/org/apache/calcite/sql/SqlInsertKeyword.java,0,0,0.2967174589256818
1.3.0,core/src/main/java/org/apache/calcite/rel/rules/AggregateExpandDistinctAggregatesRule.java,0,1,0.7425944551097347
1.3.0,spark/src/main/java/org/apache/calcite/adapter/spark/HttpServer.java,0,0,0.4276427006392881
1.3.0,core/src/main/java/org/apache/calcite/rel/metadata/RelMdDistribution.java,0,0,0.24513218371700485
1.3.0,linq4j/src/main/java/org/apache/calcite/linq4j/EnumerableDefaults.java,0,0,0.4312107592840739
1.3.0,core/src/main/java/org/apache/calcite/rel/rules/ProjectRemoveRule.java,0,0,0.32908672139601175
1.3.0,core/src/main/java/org/apache/calcite/sql/SqlBinaryOperator.java,0,1,0.8293282887471956
1.3.0,core/src/main/java/org/apache/calcite/sql/SqlInfixOperator.java,0,0,0.4599983065594339
1.3.0,core/src/main/java/org/apache/calcite/sql/SqlInternalOperator.java,0,0,0.2554876615211367
1.3.0,core/src/main/java/org/apache/calcite/sql/SqlOperator.java,0,1,0.8558534396570304
1.3.0,core/src/main/java/org/apache/calcite/sql/SqlSpecialOperator.java,0,0,0.27704297873100536
1.3.0,core/src/main/java/org/apache/calcite/sql/SqlUpdate.java,1,1,0.619564126671639
1.3.0,core/src/main/java/org/apache/calcite/sql/SqlUtil.java,0,1,0.6884925139979834
1.3.0,core/src/main/java/org/apache/calcite/sql/SqlWith.java,0,1,0.615752831614146
1.3.0,core/src/main/java/org/apache/calcite/sql/SqlWithItem.java,0,0,0.3978954390731255
1.3.0,core/src/main/java/org/apache/calcite/sql/fun/SqlExtendOperator.java,0,1,0.6037470537464812
1.3.0,core/src/main/java/org/apache/calcite/sql/fun/SqlRollupOperator.java,0,1,0.5834824879621934
1.3.0,core/src/main/java/org/apache/calcite/jdbc/CalcitePrepare.java,0,1,0.7547978256916906
1.3.0,core/src/main/java/org/apache/calcite/model/JsonView.java,0,0,0.3601506278251104
1.3.0,core/src/main/java/org/apache/calcite/model/ModelHandler.java,1,1,0.9660726538100695
1.3.0,core/src/main/java/org/apache/calcite/prepare/CalcitePrepareImpl.java,1,1,0.9922209142089203
1.3.0,core/src/main/java/org/apache/calcite/prepare/RelOptTableImpl.java,0,1,0.927090802633825
1.3.0,core/src/main/java/org/apache/calcite/rex/RexCopier.java,0,0,0.3014168926839486
1.3.0,core/src/main/java/org/apache/calcite/runtime/CalciteResource.java,0,1,0.6814691724239972
1.3.0,core/src/main/java/org/apache/calcite/schema/ModifiableTable.java,0,0,0.3432177328921605
1.3.0,core/src/main/java/org/apache/calcite/schema/ModifiableView.java,0,0,0.2636083072788968
1.3.0,core/src/main/java/org/apache/calcite/schema/Path.java,0,0,0.22815251431391118
1.3.0,core/src/main/java/org/apache/calcite/schema/Schemas.java,0,1,0.7371624274412797
1.3.0,core/src/main/java/org/apache/calcite/sql2rel/SqlToRelConverter.java,1,1,0.9997593098256786
1.3.0,core/src/main/java/org/apache/calcite/adapter/enumerable/RexToLixTranslator.java,0,1,0.9819293683607858
1.3.0,core/src/main/java/org/apache/calcite/schema/impl/MaterializedViewTable.java,0,0,0.4314205878667822
1.3.0,core/src/main/java/org/apache/calcite/schema/impl/ViewTable.java,0,1,0.6611591264175964
1.3.0,linq4j/src/main/java/org/apache/calcite/linq4j/tree/ConstantExpression.java,0,1,0.8858018320645932
1.3.0,linq4j/src/main/java/org/apache/calcite/linq4j/tree/Expressions.java,0,1,0.6563121798625879
1.3.0,core/src/main/java/org/apache/calcite/rex/RexUtil.java,0,1,0.8073281153110047
1.3.0,core/src/main/java/org/apache/calcite/sql/SqlTimeLiteral.java,0,1,0.6596425729877369
1.3.0,core/src/main/java/org/apache/calcite/sql/SqlTimestampLiteral.java,0,1,0.6302988093190848
1.3.0,core/src/main/java/org/apache/calcite/sql2rel/StandardConvertletTable.java,1,1,0.6991322826160491
1.3.0,core/src/main/java/org/apache/calcite/sql/fun/SqlBetweenOperator.java,1,1,0.7777869238367702
1.3.0,core/src/main/java/org/apache/calcite/sql/type/AssignableOperandTypeChecker.java,0,0,0.4724414001186537
1.3.0,core/src/main/java/org/apache/calcite/sql/type/ComparableOperandTypeChecker.java,0,0,0.47665520122276567
1.3.0,core/src/main/java/org/apache/calcite/sql/type/CompositeOperandTypeChecker.java,1,1,0.7088725803793473
1.3.0,core/src/main/java/org/apache/calcite/sql/type/FamilyOperandTypeChecker.java,0,1,0.6027287022940585
1.3.0,core/src/main/java/org/apache/calcite/sql/type/LiteralOperandTypeChecker.java,0,1,0.5021489013165009
1.3.0,core/src/main/java/org/apache/calcite/sql/type/MultisetOperandTypeChecker.java,0,0,0.4230180984527803
1.3.0,core/src/main/java/org/apache/calcite/sql/type/OperandTypes.java,0,1,0.5299577000070019
1.3.0,core/src/main/java/org/apache/calcite/sql/type/SameOperandTypeChecker.java,0,1,0.6371445209328493
1.3.0,core/src/main/java/org/apache/calcite/sql/type/SetopOperandTypeChecker.java,0,1,0.6271030058219614
1.3.0,core/src/main/java/org/apache/calcite/sql/type/SqlOperandTypeChecker.java,0,0,0.28048521399311377
1.3.0,core/src/main/java/org/apache/calcite/sql/type/SqlTypeUtil.java,1,1,0.7990616772355119
1.3.0,core/src/main/java/org/apache/calcite/jdbc/Driver.java,0,0,0.45411710415260587
1.3.0,core/src/main/java/org/apache/calcite/util/Compatible.java,0,0,0.3607545231211422
1.3.0,avatica/src/main/java/org/apache/calcite/avatica/UnregisteredDriver.java,0,1,0.8293507100221535
1.3.0,core/src/main/java/org/apache/calcite/adapter/jdbc/JdbcSchema.java,1,0,0.470634594333752
1.3.0,core/src/main/java/org/apache/calcite/util/Util.java,1,1,0.982823503844245
1.3.0,core/src/main/java/org/apache/calcite/adapter/enumerable/PhysTypeImpl.java,1,1,0.8917894731689815
1.3.0,core/src/main/java/org/apache/calcite/rel/rules/AggregateRemoveRule.java,0,0,0.4593927235265574
1.3.0,core/src/main/java/org/apache/calcite/rel/logical/LogicalProject.java,0,1,0.558997464333056
1.3.0,core/src/main/java/org/apache/calcite/adapter/enumerable/EnumerableProjectRule.java,0,0,0.3095248276998615
1.3.0,core/src/main/java/org/apache/calcite/adapter/enumerable/EnumerableSemiJoin.java,0,0,0.4967348097664503
1.3.0,core/src/main/java/org/apache/calcite/adapter/enumerable/EnumerableSemiJoinRule.java,0,1,0.6151226753984347
1.3.0,core/src/main/java/org/apache/calcite/rel/core/RelFactories.java,0,0,0.4793499042647308
1.3.0,core/src/main/java/org/apache/calcite/rel/core/SemiJoin.java,0,0,0.49668496054286265
1.3.0,mongodb/src/main/java/org/apache/calcite/adapter/mongodb/MongoProject.java,0,0,0.30196810383946765
1.3.0,spark/src/main/java/org/apache/calcite/adapter/spark/SparkRules.java,0,0,0.3531260372667954
1.3.0,core/src/main/java/org/apache/calcite/rel/rules/JoinAddRedundantSemiJoinRule.java,0,0,0.48403488565128344
1.3.0,core/src/main/java/org/apache/calcite/rel/rules/LoptSemiJoinOptimizer.java,0,0,0.4539699963556192
1.3.0,core/src/main/java/org/apache/calcite/rel/rules/SemiJoinFilterTransposeRule.java,0,0,0.268616873307387
1.3.0,core/src/main/java/org/apache/calcite/rel/rules/SemiJoinJoinTransposeRule.java,0,1,0.5897313413523493
1.3.0,core/src/main/java/org/apache/calcite/rel/rules/SemiJoinProjectTransposeRule.java,0,1,0.5824133112269898
1.3.0,core/src/main/java/org/apache/calcite/rel/metadata/RelMdSize.java,0,1,0.7498534164345054
1.3.0,core/src/main/java/org/apache/calcite/jdbc/JavaTypeFactoryImpl.java,1,1,0.8115368550663911
1.3.0,core/src/main/java/org/apache/calcite/prepare/CalciteCatalogReader.java,1,1,0.7467940876594075
1.3.0,core/src/main/java/org/apache/calcite/sql/SqlUnresolvedFunction.java,0,0,0.23588675264719103
1.3.0,core/src/main/java/org/apache/calcite/sql/fun/SqlCountAggFunction.java,0,0,0.47818444326049514
1.3.0,core/src/main/java/org/apache/calcite/sql/fun/SqlFirstLastValueAggFunction.java,0,0,0.45629435910660027
1.3.0,core/src/main/java/org/apache/calcite/sql/fun/SqlSumEmptyIsZeroAggFunction.java,0,0,0.22683583577384156
1.3.0,mongodb/src/main/java/org/apache/calcite/adapter/mongodb/MongoTable.java,0,0,0.34921060910655144
1.3.0,core/src/main/java/org/apache/calcite/rel/rules/AggregateUnionAggregateRule.java,0,0,0.35181442415993963
1.3.0,core/src/main/java/org/apache/calcite/rel/rules/AggregateUnionTransposeRule.java,1,1,0.5616201510534533
1.3.0,core/src/main/java/org/apache/calcite/rel/rules/UnionEliminatorRule.java,0,0,0.22488466160554324
1.3.0,core/src/main/java/org/apache/calcite/rel/rules/UnionMergeRule.java,0,0,0.1487484209590356
1.3.0,core/src/main/java/org/apache/calcite/rel/rules/UnionToDistinctRule.java,0,0,0.43793867309107093
1.3.0,core/src/main/java/org/apache/calcite/interpreter/TableScanNode.java,0,1,0.9309968804424397
1.3.0,avatica-server/src/main/java/org/apache/calcite/avatica/server/Main.java,0,0,0.20391543009331345
1.3.0,core/src/main/java/org/apache/calcite/interpreter/AggregateNode.java,1,1,0.7321406609365142
1.3.0,core/src/main/java/org/apache/calcite/plan/SubstitutionVisitor.java,1,1,0.9311506289747042
1.3.0,core/src/main/java/org/apache/calcite/rex/RexBuilder.java,1,1,0.7027092044397228
1.3.0,core/src/main/java/org/apache/calcite/interpreter/Bindables.java,0,0,0.47570935729773256
1.3.0,core/src/main/java/org/apache/calcite/interpreter/Interpreter.java,0,1,0.6463613139602356
1.3.0,core/src/main/java/org/apache/calcite/interpreter/JaninoRexCompiler.java,0,1,0.7258157722614089
1.3.0,core/src/main/java/org/apache/calcite/interpreter/JoinNode.java,0,0,0.43270619230723983
1.3.0,core/src/main/java/org/apache/calcite/interpreter/Nodes.java,0,0,0.3343455225802497
1.3.0,core/src/main/java/org/apache/calcite/interpreter/ProjectNode.java,0,1,0.7822317214959303
1.3.0,core/src/main/java/org/apache/calcite/interpreter/ValuesNode.java,0,1,0.6772486827235248
1.3.0,core/src/main/java/org/apache/calcite/sql/SqlAggFunction.java,0,0,0.28397368818594904
1.3.0,core/src/main/java/org/apache/calcite/sql/SqlFilterOperator.java,0,1,0.5147097742177391
1.3.0,core/src/main/java/org/apache/calcite/sql/SqlKind.java,0,1,0.8205511720717765
1.3.0,core/src/main/java/org/apache/calcite/sql/SqlOverOperator.java,0,1,0.5924390705918108
1.3.0,core/src/main/java/org/apache/calcite/sql2rel/RelDecorrelator.java,0,1,0.8754851327992386
1.3.0,core/src/main/java/org/apache/calcite/sql2rel/RelFieldTrimmer.java,0,1,0.9610106304233693
1.3.0,core/src/main/java/org/apache/calcite/util/Bug.java,0,1,0.5318105362005294
1.3.0,core/src/main/java/org/apache/calcite/adapter/enumerable/AggAddContext.java,0,0,0.19744901426224448
1.3.0,core/src/main/java/org/apache/calcite/adapter/enumerable/EnumerableAggregate.java,1,1,0.8708858145902286
1.3.0,core/src/main/java/org/apache/calcite/adapter/enumerable/EnumerableWindow.java,0,1,0.7362539894924451
1.3.0,core/src/main/java/org/apache/calcite/adapter/enumerable/StrictAggImplementor.java,0,1,0.5577290258502374
1.3.0,core/src/main/java/org/apache/calcite/rel/core/Aggregate.java,1,1,0.7052612299283283
1.3.0,core/src/main/java/org/apache/calcite/rel/core/AggregateCall.java,0,1,0.6794857068555871
1.3.0,core/src/main/java/org/apache/calcite/tools/Programs.java,0,1,0.5927066594576904
1.3.0,core/src/main/java/org/apache/calcite/rel/core/Window.java,0,1,0.6535724299837001
1.3.0,core/src/main/java/org/apache/calcite/rel/externalize/RelJsonReader.java,1,1,0.8642828640558379
1.3.0,core/src/main/java/org/apache/calcite/util/ImmutableIntList.java,0,1,0.582978260553556
1.3.0,core/src/main/java/org/apache/calcite/rel/rules/AggregateFilterTransposeRule.java,0,1,0.5141038810097298
1.3.0,core/src/main/java/org/apache/calcite/rel/rules/AggregateProjectMergeRule.java,0,1,0.6414313757546846
1.3.0,core/src/main/java/org/apache/calcite/rel/rules/AggregateProjectPullUpConstantsRule.java,0,1,0.7966500066351058
1.3.0,core/src/main/java/org/apache/calcite/rel/rules/AggregateReduceFunctionsRule.java,0,1,0.7353490313430225
1.3.0,core/src/main/java/org/apache/calcite/adapter/enumerable/EnumerableInterpreter.java,0,0,0.45232385058022
1.3.0,core/src/main/java/org/apache/calcite/adapter/enumerable/EnumerableInterpreterRule.java,0,0,0.24001548880604703
1.3.0,core/src/main/java/org/apache/calcite/adapter/enumerable/EnumerableProject.java,0,1,0.5885231667547991
1.3.0,core/src/main/java/org/apache/calcite/adapter/enumerable/EnumerableRel.java,0,0,0.47861283439365615
1.3.0,core/src/main/java/org/apache/calcite/adapter/enumerable/EnumerableRules.java,0,0,0.14937457270348145
1.3.0,core/src/main/java/org/apache/calcite/adapter/enumerable/EnumerableTableScanRule.java,0,1,0.5797508318341059
1.3.0,core/src/main/java/org/apache/calcite/rel/core/TableScan.java,0,0,0.44257222369798427
1.3.0,core/src/main/java/org/apache/calcite/sql/fun/SqlStdOperatorTable.java,1,1,0.8806447549218264
1.3.0,core/src/main/java/org/apache/calcite/rel/logical/LogicalTableScan.java,0,1,0.5057440967674119
1.3.0,core/src/main/java/org/apache/calcite/rel/logical/LogicalWindow.java,1,1,0.5446830910406981
1.3.0,core/src/main/java/org/apache/calcite/rel/rules/CalcSplitRule.java,0,0,0.2198137732326642
1.3.0,core/src/main/java/org/apache/calcite/rel/rules/FilterTableScanRule.java,0,1,0.5001123513078289
1.3.0,core/src/main/java/org/apache/calcite/sql/validate/AggChecker.java,0,1,0.8500811702350564
1.3.0,core/src/main/java/org/apache/calcite/rel/rules/ProjectTableScanRule.java,0,0,0.46230220082636025
1.3.0,core/src/main/java/org/apache/calcite/sql/validate/SqlValidatorImpl.java,1,1,0.9990755732551809
1.3.0,core/src/main/java/org/apache/calcite/util/mapping/Mappings.java,0,0,0.4621753722147151
1.3.0,core/src/main/java/org/apache/calcite/sql/fun/SqlQuarterFunction.java,0,0,0.28894218174687614
1.3.0,core/src/main/java/org/apache/calcite/rel/metadata/ReflectiveRelMetadataProvider.java,1,1,0.600692738127675
1.3.0,avatica/src/main/java/org/apache/calcite/avatica/remote/JsonService.java,0,1,0.9833893139780926
1.3.0,core/src/main/java/org/apache/calcite/sql/SqlIdentifier.java,0,1,0.6879759258332747
1.3.0,core/src/main/java/org/apache/calcite/sql/validate/DelegatingScope.java,0,1,0.7275854018031854
1.3.0,avatica/src/main/java/org/apache/calcite/avatica/Helper.java,0,0,0.3791803200493912
1.3.0,core/src/main/java/org/apache/calcite/rel/rules/JoinCommuteRule.java,0,1,0.5562652321310809
1.3.0,core/src/main/java/org/apache/calcite/rel/metadata/RelMdUtil.java,0,0,0.3478116034069097
1.3.0,core/src/main/java/org/apache/calcite/rel/rules/AggregateStarTableRule.java,0,1,0.6463988110402925
1.3.0,core/src/main/java/org/apache/calcite/adapter/enumerable/JavaRowFormat.java,0,1,0.6509338782679819
1.3.0,avatica/src/main/java/org/apache/calcite/avatica/util/Base64.java,0,0,0.047308270791900295
1.3.0,core/src/main/java/org/apache/calcite/sql/SqlJdbcFunctionCall.java,0,1,0.7801411950559333
1.3.0,core/src/main/java/org/apache/calcite/tools/FrameworkConfig.java,0,0,0.20969671236219134
1.3.0,core/src/main/java/org/apache/calcite/adapter/jdbc/JdbcRules.java,1,1,0.9676204915586945
1.3.0,core/src/main/java/org/apache/calcite/rel/rules/ReduceExpressionsRule.java,1,1,0.9368577100316563
1.3.0,core/src/main/java/org/apache/calcite/plan/RelOptCluster.java,0,0,0.48980991177705036
1.3.0,core/src/main/java/org/apache/calcite/plan/RelOptQuery.java,0,0,0.360905609601833
1.3.0,core/src/main/java/org/apache/calcite/prepare/PlannerImpl.java,1,1,0.5470053102021923
1.3.0,core/src/main/java/org/apache/calcite/rel/RelNode.java,0,0,0.34469124784626487
1.3.0,core/src/main/java/org/apache/calcite/rel/rules/JoinToCorrelateRule.java,0,0,0.1427510115567229
1.3.0,core/src/main/java/org/apache/calcite/rel/core/Filter.java,0,0,0.4762466373115236
1.3.0,avatica/src/main/java/org/apache/calcite/avatica/remote/JsonHandler.java,0,0,0.418519166102105
1.3.0,avatica/src/main/java/org/apache/calcite/avatica/remote/LocalJsonService.java,0,0,0.26525283752600454
1.3.0,core/src/main/java/org/apache/calcite/rel/rules/FilterProjectTransposeRule.java,0,1,0.5956039020372719
1.3.0,core/src/main/java/org/apache/calcite/plan/RelOptPredicateList.java,0,0,0.32024854434143873
1.3.0,core/src/main/java/org/apache/calcite/rex/RexInputRef.java,0,0,0.4039823486277208
1.3.0,core/src/main/java/org/apache/calcite/rex/RexShuttle.java,0,0,0.4910568842674669
1.3.0,core/src/main/java/org/apache/calcite/plan/RelOptUtil.java,1,1,0.9815573577283491
1.3.0,core/src/main/java/org/apache/calcite/adapter/enumerable/EnumerableJoin.java,0,0,0.2043862924479711
1.3.0,core/src/main/java/org/apache/calcite/adapter/enumerable/EnumerableMergeJoin.java,1,0,0.39215275916911224
1.3.0,core/src/main/java/org/apache/calcite/rel/core/EquiJoin.java,0,0,0.2674062884340011
1.3.0,core/src/main/java/org/apache/calcite/rel/rules/EquiJoin.java,0,0,0.2498630102589872
1.3.0,core/src/main/java/org/apache/calcite/rel/rules/FilterJoinRule.java,0,1,0.6588415118557327
1.3.0,core/src/main/java/org/apache/calcite/rel/type/RelDataType.java,0,0,0.2743765613426183
1.3.0,core/src/main/java/org/apache/calcite/rel/type/RelDataTypeImpl.java,0,1,0.7634565977593762
1.3.0,core/src/main/java/org/apache/calcite/sql/validate/SqlValidatorUtil.java,0,1,0.9726263503963318
1.3.0,splunk/src/main/java/org/apache/calcite/adapter/splunk/SplunkTableScan.java,0,0,0.4102105902593514
1.3.0,core/src/main/java/org/apache/calcite/plan/RelOptNode.java,0,0,0.17701244217419826
1.3.0,core/src/main/java/org/apache/calcite/schema/SchemaFactory.java,0,0,0.1983456115683424
1.3.0,core/src/main/java/org/apache/calcite/adapter/enumerable/AggContext.java,0,0,0.18216898873827295
1.3.0,core/src/main/java/org/apache/calcite/adapter/enumerable/CallImplementor.java,0,0,0.18218531881411124
1.3.0,core/src/main/java/org/apache/calcite/adapter/enumerable/JavaRelImplementor.java,0,0,0.37248399296235524
1.3.0,core/src/main/java/org/apache/calcite/rel/core/SetOp.java,0,0,0.299909995189948
1.3.0,core/src/main/java/org/apache/calcite/rel/type/RelDataTypeFactory.java,0,0,0.44189471549796205
1.3.0,core/src/main/java/org/apache/calcite/schema/impl/AbstractSchema.java,0,0,0.2830476080243858
