version,file,true_label,predicted,probability
1.11.0,core/src/main/java/org/apache/calcite/tools/PigRelBuilder.java,0,1,0.8150110333171436
1.11.0,core/src/main/java/org/apache/calcite/tools/RelBuilder.java,1,1,1.0
1.11.0,core/src/main/java/org/apache/calcite/interpreter/Bindables.java,0,0,0.049668752540974484
1.11.0,core/src/main/java/org/apache/calcite/rel/rules/DateRangeRules.java,1,1,0.938060083693887
1.11.0,core/src/main/java/org/apache/calcite/rel/rules/ProjectSortTransposeRule.java,0,0,0.10708465560999465
1.11.0,core/src/main/java/org/apache/calcite/rel/rules/SortProjectTransposeRule.java,1,1,0.7337270380187917
1.11.0,druid/src/main/java/org/apache/calcite/adapter/druid/DruidSchemaFactory.java,0,0,1.6966353252060887e-06
1.11.0,druid/src/main/java/org/apache/calcite/adapter/druid/QueryType.java,0,0,1.9617282161178694e-08
1.11.0,avatica/core/src/main/java/org/apache/calcite/avatica/ConnectStringParser.java,0,0,0.40464789819357644
1.11.0,core/src/main/java/org/apache/calcite/interpreter/AggregateNode.java,1,1,0.9999999578814183
1.11.0,core/src/main/java/org/apache/calcite/rel/rules/SubQueryRemoveRule.java,1,1,0.9999988215034707
1.11.0,core/src/main/java/org/apache/calcite/runtime/HttpUtils.java,0,0,0.00021875053528264197
1.11.0,splunk/src/main/java/org/apache/calcite/adapter/splunk/search/SplunkConnectionImpl.java,0,1,0.7681115398132833
1.11.0,core/src/main/java/org/apache/calcite/rex/RexCall.java,0,0,2.6109458431335964e-06
1.11.0,core/src/main/java/org/apache/calcite/rex/RexOver.java,0,0,0.02515683909403524
1.11.0,core/src/main/java/org/apache/calcite/util/Bug.java,0,0,2.484090432465543e-09
1.11.0,core/src/main/java/org/apache/calcite/schema/TranslatableTable.java,0,0,5.903225930819469e-22
1.11.0,core/src/main/java/org/apache/calcite/rex/RexLiteral.java,0,0,0.1724787754933669
1.11.0,core/src/main/java/org/apache/calcite/sql/SqlCollation.java,0,0,0.003872612724191737
1.11.0,core/src/main/java/org/apache/calcite/util/SaffronProperties.java,0,0,0.007411240101523012
1.11.0,core/src/main/java/org/apache/calcite/util/Util.java,0,0,0.00016577085663180925
1.11.0,core/src/main/java/org/apache/calcite/plan/volcano/VolcanoPlanner.java,0,1,0.756941988855064
1.11.0,core/src/main/java/org/apache/calcite/sql/parser/SqlParserUtil.java,0,0,0.3673409177862049
1.11.0,core/src/main/java/org/apache/calcite/rel/metadata/RelMdUtil.java,0,1,0.9999320550069803
1.11.0,core/src/main/java/org/apache/calcite/sql/validate/AggregatingSelectScope.java,0,0,0.08191428533774928
1.11.0,core/src/main/java/org/apache/calcite/sql/SqlExplain.java,0,0,0.0010747081080764785
1.11.0,core/src/main/java/org/apache/calcite/sql/SqlExplainFormat.java,0,0,2.9515007728732046e-14
1.11.0,core/src/main/java/org/apache/calcite/sql2rel/RelFieldTrimmer.java,0,0,0.046675498566492134
1.11.0,core/src/main/java/org/apache/calcite/rel/externalize/RelJsonWriter.java,0,1,0.6309884161704469
1.11.0,linq4j/src/main/java/org/apache/calcite/linq4j/DefaultEnumerable.java,0,0,1.495808200513774e-08
1.11.0,linq4j/src/main/java/org/apache/calcite/linq4j/ExtendedEnumerable.java,0,0,0.003785333664417512
1.11.0,core/src/main/java/org/apache/calcite/runtime/ResultSetEnumerable.java,0,0,0.059335903157942696
1.11.0,core/src/main/java/org/apache/calcite/schema/ModifiableTable.java,0,0,9.635652701043013e-12
1.11.0,core/src/main/java/org/apache/calcite/sql/SqlInsert.java,0,0,0.015643840219931062
1.11.0,core/src/main/java/org/apache/calcite/sql/SqlValuesOperator.java,0,0,0.00028515722396900927
1.11.0,core/src/main/java/org/apache/calcite/sql/SqlWriter.java,0,0,7.29564804004848e-29
1.11.0,core/src/main/java/org/apache/calcite/sql2rel/RelStructuredTypeFlattener.java,0,0,3.270175103950472e-09
1.11.0,core/src/main/java/org/apache/calcite/adapter/enumerable/EnumerableTableModifyRule.java,0,0,0.009188038453558329
1.11.0,core/src/main/java/org/apache/calcite/adapter/jdbc/JdbcRules.java,0,0,1.0948833703607422e-07
1.11.0,core/src/main/java/org/apache/calcite/adapter/jdbc/JdbcTable.java,0,0,0.009849637597391537
1.11.0,core/src/main/java/org/apache/calcite/rel/core/TableModify.java,0,0,0.0004136048528247293
1.11.0,core/src/main/java/org/apache/calcite/rel/logical/LogicalTableModify.java,0,0,0.3883421276635121
1.11.0,core/src/main/java/org/apache/calcite/rel/rel2sql/RelToSqlConverter.java,1,0,0.08438802264854339
1.11.0,core/src/main/java/org/apache/calcite/rel/rel2sql/SqlImplementor.java,1,1,0.9995354859416709
1.11.0,core/src/main/java/org/apache/calcite/sql/fun/SqlRowOperator.java,0,0,0.0005726806839495346
1.11.0,core/src/main/java/org/apache/calcite/sql/pretty/SqlPrettyWriter.java,0,0,2.1909438425727583e-11
1.11.0,core/src/main/java/org/apache/calcite/sql/type/SqlTypeFactoryImpl.java,0,0,0.4878087127235372
1.11.0,linq4j/src/main/java/org/apache/calcite/linq4j/tree/Types.java,0,0,0.00011330572310690716
1.11.0,core/src/main/java/org/apache/calcite/sql/SqlCallBinding.java,0,1,0.9981340170821631
1.11.0,core/src/main/java/org/apache/calcite/sql/SqlLiteral.java,0,1,0.9880777014982205
1.11.0,spark/src/main/java/org/apache/calcite/adapter/spark/SparkRules.java,0,0,0.38389104826177234
1.11.0,spark/src/main/java/org/apache/calcite/adapter/spark/SparkRuntime.java,0,0,0.0007284329784351748
1.11.0,core/src/main/java/org/apache/calcite/prepare/CalciteCatalogReader.java,0,0,0.006307970716694409
1.11.0,core/src/main/java/org/apache/calcite/util/ImmutableIntList.java,0,0,1.0643222632397273e-10
1.11.0,core/src/main/java/org/apache/calcite/util/Pair.java,0,0,1.226528957851763e-07
1.11.0,core/src/main/java/org/apache/calcite/rel/type/DynamicRecordTypeImpl.java,0,0,0.48343421491983884
1.11.0,core/src/main/java/org/apache/calcite/rel/type/RelDataType.java,0,0,1.3631174519039312e-11
1.11.0,core/src/main/java/org/apache/calcite/rel/type/RelDataTypeFactory.java,0,0,0.013605219525766044
1.11.0,core/src/main/java/org/apache/calcite/rel/type/RelDataTypeHolder.java,0,0,0.0011662886992841765
1.11.0,core/src/main/java/org/apache/calcite/rel/type/RelDataTypeImpl.java,0,0,1.561531777968507e-10
1.11.0,core/src/main/java/org/apache/calcite/rel/type/RelRecordType.java,0,0,0.0013657784794918113
1.11.0,core/src/main/java/org/apache/calcite/rel/type/StructKind.java,0,0,1.0469701907891316e-05
1.11.0,core/src/main/java/org/apache/calcite/sql/validate/CatalogScope.java,0,0,0.05053768472849071
1.11.0,core/src/main/java/org/apache/calcite/sql/validate/ParameterScope.java,0,0,0.13453178461779486
1.11.0,core/src/main/java/org/apache/calcite/sql/validate/SqlQualified.java,0,0,0.43052435908373893
1.11.0,core/src/main/java/org/apache/calcite/sql/validate/SqlValidatorCatalogReader.java,0,0,3.5204913333779744e-08
1.11.0,splunk/src/main/java/org/apache/calcite/adapter/splunk/SplunkPushDownRule.java,0,0,0.420353308449536
1.11.0,core/src/main/java/org/apache/calcite/sql/SqlStateCodes.java,0,0,4.193198996914253e-10
1.11.0,core/src/main/java/org/apache/calcite/runtime/CalciteResource.java,0,1,0.8502168879454772
1.11.0,core/src/main/java/org/apache/calcite/sql/validate/SqlAbstractConformance.java,0,0,0.0032918815783158357
1.11.0,core/src/main/java/org/apache/calcite/sql/validate/SqlConformance.java,0,0,2.2554150182678012e-14
1.11.0,core/src/main/java/org/apache/calcite/sql/validate/SqlConformanceEnum.java,0,0,4.4120342121752035e-16
1.11.0,core/src/main/java/org/apache/calcite/interpreter/Interpreter.java,0,0,1.0006140337248278e-08
1.11.0,core/src/main/java/org/apache/calcite/interpreter/Source.java,0,0,6.122677873592238e-14
1.11.0,core/src/main/java/org/apache/calcite/tools/Planner.java,0,0,1.816348838717148e-13
1.11.0,core/src/main/java/org/apache/calcite/util/Closer.java,0,0,0.22943561347793115
1.11.0,core/src/main/java/org/apache/calcite/rel/rules/SemiJoinRule.java,0,1,0.5919777720173831
1.11.0,core/src/main/java/org/apache/calcite/sql/SqlFunction.java,0,0,0.003430946370725871
1.11.0,core/src/main/java/org/apache/calcite/rel/rules/LoptOptimizeJoinRule.java,0,0,0.012160081923309978
1.11.0,avatica/core/src/main/java/org/apache/calcite/avatica/proto/Common.java,0,0,1.2878515728638e-11
1.11.0,avatica/core/src/main/java/org/apache/calcite/avatica/proto/Requests.java,0,0,1.0116657389889631e-16
1.11.0,avatica/core/src/main/java/org/apache/calcite/avatica/proto/Responses.java,0,0,0.005740020862387972
1.11.0,avatica/core/src/main/java/org/apache/calcite/avatica/remote/ProtobufTranslationImpl.java,0,0,3.778740609744502e-09
1.11.0,avatica/core/src/main/java/org/apache/calcite/avatica/remote/Service.java,0,0,4.296884689939378e-09
1.11.0,avatica/core/src/main/java/org/apache/calcite/avatica/remote/TypedValue.java,0,0,0.006943483493995587
1.11.0,core/src/main/java/org/apache/calcite/Demo.java,0,0,5.973295526800673e-39
1.11.0,core/src/main/java/org/apache/calcite/config/Lex.java,0,0,2.5688589418558163e-05
1.11.0,core/src/main/java/org/apache/calcite/config/NullCollation.java,0,0,1.3546768328071136e-22
1.11.0,core/src/main/java/org/apache/calcite/interpreter/AbstractSingleNode.java,0,0,4.208609583780182e-09
1.11.0,core/src/main/java/org/apache/calcite/interpreter/BindableRel.java,0,0,4.294477671016675e-13
1.11.0,core/src/main/java/org/apache/calcite/interpreter/Context.java,0,0,0.0002929625241915232
1.11.0,core/src/main/java/org/apache/calcite/interpreter/FilterNode.java,0,0,0.010748544534164756
1.11.0,core/src/main/java/org/apache/calcite/interpreter/InterpretableConverter.java,0,0,0.03754534655920931
1.11.0,core/src/main/java/org/apache/calcite/interpreter/InterpretableRel.java,0,0,0.001405301079649651
1.11.0,core/src/main/java/org/apache/calcite/interpreter/Interpreters.java,0,0,2.2704511185439874e-09
1.11.0,core/src/main/java/org/apache/calcite/interpreter/JaninoRexCompiler.java,0,0,0.00019710219900817834
1.11.0,core/src/main/java/org/apache/calcite/interpreter/JoinNode.java,0,0,0.10649469664071014
1.11.0,core/src/main/java/org/apache/calcite/interpreter/Node.java,0,0,6.191207986866515e-17
1.11.0,core/src/main/java/org/apache/calcite/interpreter/Nodes.java,0,0,1.5523048873126836e-05
1.11.0,core/src/main/java/org/apache/calcite/interpreter/NoneToBindableConverterRule.java,0,0,8.159872198169702e-05
1.11.0,core/src/main/java/org/apache/calcite/interpreter/ProjectNode.java,0,0,0.018059611261386697
1.11.0,core/src/main/java/org/apache/calcite/interpreter/Row.java,0,0,7.195291921955704e-06
1.11.0,core/src/main/java/org/apache/calcite/interpreter/Scalar.java,0,0,2.1457545764163328e-14
1.11.0,core/src/main/java/org/apache/calcite/interpreter/Sink.java,0,0,0.025710784680982215
1.11.0,core/src/main/java/org/apache/calcite/interpreter/SortNode.java,1,1,0.9862647356196702
1.11.0,core/src/main/java/org/apache/calcite/interpreter/TableScanNode.java,0,0,0.0005450281200514344
1.11.0,core/src/main/java/org/apache/calcite/interpreter/UnionNode.java,0,0,0.00032606113497525915
1.11.0,core/src/main/java/org/apache/calcite/interpreter/ValuesNode.java,0,0,0.006069575990498344
1.11.0,core/src/main/java/org/apache/calcite/interpreter/WindowNode.java,0,0,0.009872202114837041
1.11.0,core/src/main/java/org/apache/calcite/jdbc/CachingCalciteSchema.java,1,1,0.9875435879918872
1.11.0,core/src/main/java/org/apache/calcite/jdbc/CalciteConnection.java,0,0,4.2292060263880424e-07
1.11.0,core/src/main/java/org/apache/calcite/jdbc/CalciteFactory.java,0,0,0.12804408809034074
1.11.0,core/src/main/java/org/apache/calcite/jdbc/CalciteJdbc41Factory.java,0,0,1.1451804950709434e-15
1.11.0,core/src/main/java/org/apache/calcite/jdbc/CalcitePrepare.java,0,0,1.1482189233069442e-19
1.11.0,core/src/main/java/org/apache/calcite/jdbc/CalcitePreparedStatement.java,0,0,0.32158281045393294
1.11.0,core/src/main/java/org/apache/calcite/jdbc/CalciteRootSchema.java,0,0,2.343621446769977e-08
1.11.0,core/src/main/java/org/apache/calcite/jdbc/CalciteSchema.java,1,1,0.9850545074507907
1.11.0,core/src/main/java/org/apache/calcite/jdbc/CalciteStatement.java,1,1,0.939901673026165
1.11.0,core/src/main/java/org/apache/calcite/jdbc/Driver.java,0,0,0.08114983178113364
1.11.0,core/src/main/java/org/apache/calcite/jdbc/JavaRecordType.java,0,0,0.00018061215204127188
1.11.0,core/src/main/java/org/apache/calcite/jdbc/MetadataSchema.java,0,0,2.3630582688017365e-11
1.11.0,core/src/main/java/org/apache/calcite/jdbc/SimpleCalciteSchema.java,0,0,0.28527849522499665
1.11.0,core/src/main/java/org/apache/calcite/jdbc/SqlTimeoutException.java,0,0,3.6621500203145233e-09
1.11.0,core/src/main/java/org/apache/calcite/materialize/CachingLatticeStatisticProvider.java,0,0,0.03344233838821932
1.11.0,core/src/main/java/org/apache/calcite/materialize/DelegatingLatticeStatisticProvider.java,0,0,0.08293938720866464
1.11.0,core/src/main/java/org/apache/calcite/materialize/Lattices.java,0,0,0.0016825746127926847
1.11.0,core/src/main/java/org/apache/calcite/materialize/LatticeStatisticProvider.java,0,0,9.472335182535725e-22
1.11.0,core/src/main/java/org/apache/calcite/materialize/MaterializationActor.java,0,0,3.3983172720299956e-10
1.11.0,core/src/main/java/org/apache/calcite/materialize/MaterializationKey.java,0,0,0.06685911124848588
1.11.0,core/src/main/java/org/apache/calcite/materialize/MaterializationService.java,0,0,8.45792484150281e-07
1.11.0,core/src/main/java/org/apache/calcite/materialize/SqlLatticeStatisticProvider.java,0,1,0.5800193628919627
1.11.0,core/src/main/java/org/apache/calcite/materialize/TileKey.java,0,0,0.10678962589286252
1.11.0,core/src/main/java/org/apache/calcite/materialize/TileSuggester.java,0,0,0.0019392187695615815
1.11.0,core/src/main/java/org/apache/calcite/model/JsonColumn.java,0,0,2.5932561165771185e-05
1.11.0,core/src/main/java/org/apache/calcite/model/JsonCustomSchema.java,0,0,0.11343272780310293
1.11.0,core/src/main/java/org/apache/calcite/model/JsonCustomTable.java,0,0,0.00716996542670251
1.11.0,core/src/main/java/org/apache/calcite/model/JsonFunction.java,0,0,1.8486599366734108e-06
1.11.0,core/src/main/java/org/apache/calcite/model/JsonJdbcSchema.java,0,0,0.0043665517943986525
1.11.0,core/src/main/java/org/apache/calcite/model/JsonLattice.java,0,0,0.0004960091941720621
1.11.0,core/src/main/java/org/apache/calcite/model/JsonMapSchema.java,0,0,0.3249482912022392
1.11.0,core/src/main/java/org/apache/calcite/model/JsonMaterialization.java,0,0,5.259888302458574e-05
1.11.0,core/src/main/java/org/apache/calcite/model/JsonMeasure.java,0,0,2.073505209341929e-06
1.11.0,core/src/main/java/org/apache/calcite/model/JsonRoot.java,0,0,3.922507156492806e-06
1.11.0,core/src/main/java/org/apache/calcite/model/JsonStream.java,0,0,2.0226701016165377e-05
1.11.0,core/src/main/java/org/apache/calcite/model/JsonTable.java,0,0,1.1346801065981842e-06
1.11.0,core/src/main/java/org/apache/calcite/model/JsonTile.java,0,0,2.8368007585598783e-06
1.11.0,core/src/main/java/org/apache/calcite/model/JsonView.java,0,0,1.4278078393099381e-05
1.11.0,core/src/main/java/org/apache/calcite/plan/CommonRelSubExprRule.java,0,0,3.4007862599200136e-13
1.11.0,core/src/main/java/org/apache/calcite/plan/Context.java,0,0,9.022471877789176e-23
1.11.0,core/src/main/java/org/apache/calcite/plan/Contexts.java,0,0,2.4865747225870663e-05
1.11.0,core/src/main/java/org/apache/calcite/plan/MaterializedViewSubstitutionVisitor.java,0,0,1.6783939188430785e-10
1.11.0,core/src/main/java/org/apache/calcite/plan/MulticastRelOptListener.java,0,0,0.25781821461425186
1.11.0,core/src/main/java/org/apache/calcite/plan/RelCompositeTrait.java,0,0,0.00591722315835989
1.11.0,core/src/main/java/org/apache/calcite/plan/RelImplementor.java,0,0,5.249961740448632e-11
1.11.0,core/src/main/java/org/apache/calcite/plan/RelMultipleTrait.java,0,0,5.190649826027526e-26
1.11.0,core/src/main/java/org/apache/calcite/plan/RelOptAbstractTable.java,0,0,0.0008781658809153616
1.11.0,core/src/main/java/org/apache/calcite/plan/RelOptCluster.java,0,0,0.03798577155207032
1.11.0,core/src/main/java/org/apache/calcite/plan/RelOptConnection.java,0,0,6.390838324439057e-22
1.11.0,core/src/main/java/org/apache/calcite/plan/RelOptCost.java,0,0,3.990789137909766e-11
1.11.0,core/src/main/java/org/apache/calcite/plan/RelOptCostFactory.java,0,0,1.1155463263396787e-19
1.11.0,core/src/main/java/org/apache/calcite/plan/RelOptCostImpl.java,0,0,0.002470614276786448
1.11.0,core/src/main/java/org/apache/calcite/plan/RelOptLattice.java,0,0,0.0006770384176892583
1.11.0,core/src/main/java/org/apache/calcite/plan/RelOptListener.java,0,0,5.483030949160015e-16
1.11.0,core/src/main/java/org/apache/calcite/plan/RelOptNode.java,0,0,7.76391002698051e-17
1.11.0,core/src/main/java/org/apache/calcite/plan/RelOptQuery.java,0,0,0.0017799968412815226
1.11.0,core/src/main/java/org/apache/calcite/plan/RelOptRule.java,0,0,0.01899989515208443
1.11.0,core/src/main/java/org/apache/calcite/plan/RelOptRuleCall.java,0,0,0.34836274030256775
1.11.0,core/src/main/java/org/apache/calcite/plan/RelOptRuleOperand.java,0,0,0.015122522234901497
1.11.0,core/src/main/java/org/apache/calcite/plan/RelOptRuleOperandChildPolicy.java,0,0,1.0979095226605065e-06
1.11.0,core/src/main/java/org/apache/calcite/plan/RelOptRuleOperandChildren.java,0,0,1.9727474146334252e-06
1.11.0,core/src/main/java/org/apache/calcite/plan/RelOptSamplingParameters.java,0,0,8.782658839119105e-06
1.11.0,core/src/main/java/org/apache/calcite/plan/RelOptSchema.java,0,0,3.6592613800425426e-18
1.11.0,core/src/main/java/org/apache/calcite/plan/RelOptSchemaWithSampling.java,0,0,6.970066132058703e-22
1.11.0,core/src/main/java/org/apache/calcite/plan/RelTrait.java,0,0,8.267078413417983e-15
1.11.0,core/src/main/java/org/apache/calcite/plan/RelTraitPropagationVisitor.java,0,0,0.018189024557467834
1.11.0,core/src/main/java/org/apache/calcite/plan/RelTraitSet.java,0,0,0.0011668174084779462
1.11.0,core/src/main/java/org/apache/calcite/plan/TableAccessMap.java,0,0,4.683009518019257e-10
1.11.0,core/src/main/java/org/apache/calcite/prepare/CalciteSqlValidator.java,0,0,0.1012927641080773
1.11.0,core/src/main/java/org/apache/calcite/prepare/QueryableRelBuilder.java,0,0,0.003062260442944107
1.11.0,core/src/main/java/org/apache/calcite/rel/BiRel.java,0,0,0.002447748454630235
1.11.0,core/src/main/java/org/apache/calcite/rel/InvalidRelException.java,0,0,9.144486214859858e-09
1.11.0,core/src/main/java/org/apache/calcite/rel/RelCollation.java,0,0,5.189689506798652e-35
1.11.0,core/src/main/java/org/apache/calcite/rel/RelCollationImpl.java,0,0,0.018258245694692053
1.11.0,core/src/main/java/org/apache/calcite/rel/RelCollations.java,0,0,1.5179105447481808e-07
1.11.0,core/src/main/java/org/apache/calcite/rel/RelDistribution.java,0,0,0.002736137070858165
1.11.0,core/src/main/java/org/apache/calcite/rel/RelDistributions.java,0,0,0.001991897862629084
1.11.0,core/src/main/java/org/apache/calcite/rel/RelDistributionTraitDef.java,0,0,0.08439279397943136
1.11.0,core/src/main/java/org/apache/calcite/rel/RelFieldCollation.java,0,0,3.7413613792206926e-08
1.11.0,core/src/main/java/org/apache/calcite/rel/RelHomogeneousShuttle.java,0,0,0.0040614859674202135
1.11.0,core/src/main/java/org/apache/calcite/rel/RelInput.java,0,0,0.022286712712144597
1.11.0,core/src/main/java/org/apache/calcite/rel/RelNodes.java,0,0,4.16820421657915e-09
1.11.0,core/src/main/java/org/apache/calcite/rel/RelShuttle.java,0,0,9.242472198809206e-19
1.11.0,core/src/main/java/org/apache/calcite/rel/RelShuttleImpl.java,0,0,0.031078771095446666
1.11.0,core/src/main/java/org/apache/calcite/rel/RelVisitor.java,0,0,7.39065702232231e-06
1.11.0,core/src/main/java/org/apache/calcite/rel/RelWriter.java,0,0,5.574383022958088e-16
1.11.0,core/src/main/java/org/apache/calcite/rel/SingleRel.java,0,0,0.0009661046921005955
1.11.0,core/src/main/java/org/apache/calcite/rex/RexAction.java,0,0,3.825211977551659e-19
1.11.0,core/src/main/java/org/apache/calcite/rex/RexBiVisitor.java,0,0,4.771100064848046e-15
1.11.0,core/src/main/java/org/apache/calcite/rex/RexCallBinding.java,1,1,0.9960079853022584
1.11.0,core/src/main/java/org/apache/calcite/rex/RexCopier.java,0,0,0.24302697009372826
1.11.0,core/src/main/java/org/apache/calcite/rex/RexCorrelVariable.java,0,0,0.01036947362497577
1.11.0,core/src/main/java/org/apache/calcite/rex/RexDynamicParam.java,0,0,0.008882676209520091
1.11.0,core/src/main/java/org/apache/calcite/rex/RexExecutable.java,1,0,0.04572237154094933
1.11.0,core/src/main/java/org/apache/calcite/rex/RexFieldAccess.java,0,0,1.7019814556213916e-05
1.11.0,core/src/main/java/org/apache/calcite/rex/RexFieldCollation.java,0,0,0.017626157595445013
1.11.0,core/src/main/java/org/apache/calcite/rex/RexInputRef.java,0,0,0.000853502376880767
1.11.0,core/src/main/java/org/apache/calcite/rex/RexLocalRef.java,0,0,0.0003722485377216322
1.11.0,core/src/main/java/org/apache/calcite/rex/RexMultisetUtil.java,0,0,3.874020556071932e-06
1.11.0,core/src/main/java/org/apache/calcite/rex/RexNode.java,0,0,3.6679020731937227e-11
1.11.0,core/src/main/java/org/apache/calcite/rex/RexPattern.java,0,0,1.332875288244867e-18
1.11.0,core/src/main/java/org/apache/calcite/rex/RexPermutationShuttle.java,0,0,9.345197153940349e-06
1.11.0,core/src/main/java/org/apache/calcite/rex/RexPermuteInputsShuttle.java,0,0,0.11833857336752651
1.11.0,core/src/main/java/org/apache/calcite/rex/RexRangeRef.java,0,0,0.0005765138178753556
1.11.0,core/src/main/java/org/apache/calcite/rex/RexShuttle.java,0,0,1.1875544985392593e-05
1.11.0,core/src/main/java/org/apache/calcite/rex/RexSlot.java,0,0,0.00034496072100323883
1.11.0,core/src/main/java/org/apache/calcite/rex/RexSqlConvertlet.java,0,0,4.41839615559036e-22
1.11.0,core/src/main/java/org/apache/calcite/rex/RexSqlConvertletTable.java,0,0,5.465240260247843e-23
1.11.0,core/src/main/java/org/apache/calcite/rex/RexSqlReflectiveConvertletTable.java,0,0,0.02323438274132509
1.11.0,core/src/main/java/org/apache/calcite/rex/RexSubQuery.java,0,0,0.054291476788379894
1.11.0,core/src/main/java/org/apache/calcite/rex/RexToSqlNodeConverter.java,0,0,2.630182326106073e-17
1.11.0,core/src/main/java/org/apache/calcite/rex/RexToSqlNodeConverterImpl.java,0,0,0.00797656561949119
1.11.0,core/src/main/java/org/apache/calcite/rex/RexTransformer.java,0,0,0.23020064522281253
1.11.0,core/src/main/java/org/apache/calcite/rex/RexVariable.java,0,0,9.864061137676893e-07
1.11.0,core/src/main/java/org/apache/calcite/rex/RexVisitor.java,0,0,3.457155223703584e-16
1.11.0,core/src/main/java/org/apache/calcite/rex/RexVisitorImpl.java,0,0,0.0013819113557271873
1.11.0,core/src/main/java/org/apache/calcite/rex/RexWindow.java,0,0,0.01046932704596203
1.11.0,core/src/main/java/org/apache/calcite/rex/RexWindowBound.java,0,0,3.1726487539292955e-05
1.11.0,core/src/main/java/org/apache/calcite/runtime/AbstractImmutableList.java,0,0,0.09320073107450531
1.11.0,core/src/main/java/org/apache/calcite/runtime/ArrayBindable.java,0,0,1.0110958642705147e-24
1.11.0,core/src/main/java/org/apache/calcite/runtime/ArrayComparator.java,0,0,0.003999662032209077
1.11.0,core/src/main/java/org/apache/calcite/runtime/ArrayEnumeratorCursor.java,0,0,4.493859983817776e-05
1.11.0,core/src/main/java/org/apache/calcite/runtime/BinarySearch.java,0,0,0.03342190849514949
1.11.0,core/src/main/java/org/apache/calcite/runtime/Bindable.java,0,0,7.716302423584406e-24
1.11.0,core/src/main/java/org/apache/calcite/runtime/CalciteContextException.java,0,0,5.967329096647487e-07
1.11.0,core/src/main/java/org/apache/calcite/runtime/CalciteException.java,0,0,1.701601368334282e-11
1.11.0,core/src/main/java/org/apache/calcite/runtime/ConsList.java,0,0,0.03366458628342715
1.11.0,core/src/main/java/org/apache/calcite/runtime/Enumerables.java,0,0,7.547392710889146e-14
1.11.0,core/src/main/java/org/apache/calcite/runtime/EnumeratorCursor.java,0,0,0.000203354568573177
1.11.0,core/src/main/java/org/apache/calcite/runtime/Feature.java,0,0,0.0008886763829050354
1.11.0,core/src/main/java/org/apache/calcite/runtime/Like.java,1,1,0.9884453703059407
1.11.0,core/src/main/java/org/apache/calcite/runtime/ObjectEnumeratorCursor.java,0,0,0.0004019276835496905
1.11.0,core/src/main/java/org/apache/calcite/runtime/RecordEnumeratorCursor.java,0,0,0.0015746692703801713
1.11.0,core/src/main/java/org/apache/calcite/runtime/SocketFactoryImpl.java,0,0,1.556818115195316e-05
1.11.0,core/src/main/java/org/apache/calcite/runtime/SortedMultiMap.java,0,0,8.80276050931299e-06
1.11.0,core/src/main/java/org/apache/calcite/runtime/TrustAllSslSocketFactory.java,0,0,1.9894924401519865e-05
1.11.0,core/src/main/java/org/apache/calcite/runtime/Typed.java,0,0,2.5089787562694926e-25
1.11.0,core/src/main/java/org/apache/calcite/runtime/Unit.java,0,0,0.00013929888135091146
1.11.0,core/src/main/java/org/apache/calcite/runtime/Utilities.java,0,0,0.059583002240288306
1.11.0,core/src/main/java/org/apache/calcite/schema/AggregateFunction.java,0,0,1.3672402735608287e-24
1.11.0,core/src/main/java/org/apache/calcite/schema/ExtensibleTable.java,0,0,2.293278098197836e-22
1.11.0,core/src/main/java/org/apache/calcite/schema/FilterableTable.java,0,0,1.0392629704407207e-23
1.11.0,core/src/main/java/org/apache/calcite/schema/Function.java,0,0,2.7172732671416225e-25
1.11.0,core/src/main/java/org/apache/calcite/schema/FunctionParameter.java,0,0,5.62479381936685e-14
1.11.0,core/src/main/java/org/apache/calcite/schema/ImplementableAggFunction.java,0,0,7.626200715996165e-24
1.11.0,core/src/main/java/org/apache/calcite/schema/ImplementableFunction.java,0,0,1.6727166202898786e-25
1.11.0,core/src/main/java/org/apache/calcite/schema/Member.java,0,0,5.130256181498191e-10
1.11.0,core/src/main/java/org/apache/calcite/schema/ModifiableView.java,0,0,2.884875074496651e-15
1.11.0,core/src/main/java/org/apache/calcite/schema/Path.java,0,0,3.175568514245927e-17
1.11.0,core/src/main/java/org/apache/calcite/schema/ProjectableFilterableTable.java,0,0,3.8831437440181617e-19
1.11.0,core/src/main/java/org/apache/calcite/schema/QueryableTable.java,0,0,5.473403692267366e-15
1.11.0,core/src/main/java/org/apache/calcite/schema/ScalarFunction.java,0,0,1.8043678108081063e-24
1.11.0,core/src/main/java/org/apache/calcite/schema/ScannableTable.java,0,0,6.790248230890704e-26
1.11.0,core/src/main/java/org/apache/calcite/schema/Schema.java,0,0,0.05428353190784096
1.11.0,core/src/main/java/org/apache/calcite/schema/SchemaFactory.java,0,0,8.683420137267478e-17
1.11.0,core/src/main/java/org/apache/calcite/schema/SchemaPlus.java,0,0,3.9502749421799543e-10
1.11.0,core/src/main/java/org/apache/calcite/schema/Schemas.java,0,0,0.11268642098642051
1.11.0,core/src/main/java/org/apache/calcite/schema/SemiMutableSchema.java,0,0,9.111115469398456e-10
1.11.0,core/src/main/java/org/apache/calcite/schema/Statistic.java,0,0,3.2320315157168536e-15
1.11.0,core/src/main/java/org/apache/calcite/schema/Statistics.java,0,0,0.005715808883532859
1.11.0,core/src/main/java/org/apache/calcite/schema/StreamableTable.java,0,0,2.5692744640849122e-24
1.11.0,core/src/main/java/org/apache/calcite/schema/Table.java,0,0,7.105719906298952e-18
1.11.0,core/src/main/java/org/apache/calcite/schema/TableFactory.java,0,0,2.0044849601178736e-15
1.11.0,core/src/main/java/org/apache/calcite/schema/TableFunction.java,0,0,2.339455699689083e-17
1.11.0,core/src/main/java/org/apache/calcite/schema/TableMacro.java,0,0,1.8393104886148893e-24
1.11.0,core/src/main/java/org/apache/calcite/server/CalciteServer.java,0,0,1.4521459334939567e-12
1.11.0,core/src/main/java/org/apache/calcite/server/CalciteServerStatement.java,0,0,6.409711764198455e-12
1.11.0,core/src/main/java/org/apache/calcite/sql/ExplicitOperatorBinding.java,0,0,0.030769508199713733
1.11.0,core/src/main/java/org/apache/calcite/sql/JoinConditionType.java,0,0,7.2193758768966e-18
1.11.0,core/src/main/java/org/apache/calcite/sql/JoinType.java,0,0,5.759089932131679e-18
1.11.0,core/src/main/java/org/apache/calcite/sql/SemiJoinType.java,0,0,2.95796313245582e-11
1.11.0,core/src/main/java/org/apache/calcite/sql/SqlAbstractDateTimeLiteral.java,0,0,0.0100736304576927
1.11.0,core/src/main/java/org/apache/calcite/sql/SqlAbstractStringLiteral.java,0,0,2.4744861589169817e-05
1.11.0,core/src/main/java/org/apache/calcite/sql/SqlAccessEnum.java,0,0,1.8200378688852325e-05
1.11.0,core/src/main/java/org/apache/calcite/sql/SqlAccessType.java,0,0,0.239291414670661
1.11.0,core/src/main/java/org/apache/calcite/sql/SqlAsOperator.java,0,0,0.0010806176494414623
1.11.0,core/src/main/java/org/apache/calcite/sql/SqlBinaryOperator.java,0,0,0.3421817266330726
1.11.0,core/src/main/java/org/apache/calcite/sql/SqlBinaryStringLiteral.java,0,0,2.598947732453576e-05
1.11.0,core/src/main/java/org/apache/calcite/sql/SqlCharStringLiteral.java,0,0,3.830611870356099e-05
1.11.0,core/src/main/java/org/apache/calcite/sql/SqlDateLiteral.java,0,0,0.06049856549100144
1.11.0,core/src/main/java/org/apache/calcite/sql/SqlDelete.java,0,1,0.5146383881024925
1.11.0,core/src/main/java/org/apache/calcite/sql/SqlDynamicParam.java,0,0,0.07271120099587859
1.11.0,core/src/main/java/org/apache/calcite/sql/SqlExplainLevel.java,0,0,1.2551709992001727e-14
1.11.0,core/src/main/java/org/apache/calcite/sql/SqlFilterOperator.java,0,0,0.0047095623774946575
1.11.0,core/src/main/java/org/apache/calcite/sql/SqlFunctionalOperator.java,0,0,1.3211770082806358e-05
1.11.0,core/src/main/java/org/apache/calcite/sql/SqlInfixOperator.java,0,0,0.06454602148235868
1.11.0,core/src/main/java/org/apache/calcite/sql/SqlInsertKeyword.java,0,0,2.8176090418013396e-14
1.11.0,core/src/main/java/org/apache/calcite/sql/SqlInternalOperator.java,0,0,0.48408952214597234
1.11.0,core/src/main/java/org/apache/calcite/sql/SqlIntervalLiteral.java,1,0,0.0001304152969379081
1.11.0,core/src/main/java/org/apache/calcite/sql/SqlJoin.java,0,0,0.0061011908457200515
1.11.0,core/src/main/java/org/apache/calcite/sql/SqlMerge.java,0,0,0.09922184246132594
1.11.0,core/src/main/java/org/apache/calcite/sql/SqlNode.java,0,0,0.00017104473411743253
1.11.0,core/src/main/java/org/apache/calcite/sql/SqlNodeList.java,0,0,0.0001311733380702464
1.11.0,core/src/main/java/org/apache/calcite/sql/SqlNullSemantics.java,0,0,7.405706629994104e-09
1.11.0,core/src/main/java/org/apache/calcite/sql/SqlNumericLiteral.java,0,0,0.11446333783439672
1.11.0,core/src/main/java/org/apache/calcite/sql/SqlOperandCountRange.java,0,0,3.8579435939080995e-18
1.11.0,core/src/main/java/org/apache/calcite/sql/SqlOperatorBinding.java,0,0,7.187131392552375e-05
1.11.0,core/src/main/java/org/apache/calcite/sql/SqlOperatorTable.java,0,0,1.3535361472510809e-14
1.11.0,core/src/main/java/org/apache/calcite/sql/SqlOrderBy.java,0,0,0.05679474401870882
1.11.0,core/src/main/java/org/apache/calcite/sql/SqlOverOperator.java,0,0,0.00046344951443697354
1.11.0,core/src/main/java/org/apache/calcite/sql/SqlPostfixOperator.java,0,0,0.19630471601253457
1.11.0,core/src/main/java/org/apache/calcite/sql/SqlProcedureCallOperator.java,0,0,0.0023726367495617907
1.11.0,core/src/main/java/org/apache/calcite/sql/SqlRankFunction.java,0,0,4.2960358934448055e-06
1.11.0,core/src/main/java/org/apache/calcite/sql/SqlSampleSpec.java,0,0,0.0025898310854855565
1.11.0,core/src/main/java/org/apache/calcite/sql/SqlSelect.java,1,1,0.9806303791649968
1.11.0,core/src/main/java/org/apache/calcite/sql/SqlSelectKeyword.java,0,0,6.563530883161989e-18
1.11.0,core/src/main/java/org/apache/calcite/sql/SqlSelectOperator.java,0,1,0.7708197549011687
1.11.0,core/src/main/java/org/apache/calcite/sql/SqlSetOperator.java,0,1,0.7148785760727289
1.11.0,core/src/main/java/org/apache/calcite/sql/SqlSplittableAggFunction.java,1,1,1.0
1.11.0,core/src/main/java/org/apache/calcite/sql/SqlSyntax.java,0,0,0.0012983154385396805
1.11.0,core/src/main/java/org/apache/calcite/sql/SqlTimeLiteral.java,0,0,0.0010058262090560548
1.11.0,core/src/main/java/org/apache/calcite/sql/SqlTimestampLiteral.java,0,0,1.6562759392928045e-05
1.11.0,core/src/main/java/org/apache/calcite/sql/SqlUnnestOperator.java,0,0,0.000484891720169398
1.11.0,core/src/main/java/org/apache/calcite/sql/SqlUnresolvedFunction.java,0,0,0.011038917675183864
1.11.0,core/src/main/java/org/apache/calcite/sql/SqlUpdate.java,0,1,0.5646486282660822
1.11.0,core/src/main/java/org/apache/calcite/sql/SqlWindow.java,0,0,0.05235285676233294
1.11.0,core/src/main/java/org/apache/calcite/sql/SqlWith.java,0,0,0.18198341817276595
1.11.0,core/src/main/java/org/apache/calcite/sql/SqlWithItem.java,0,0,0.27935975508964594
1.11.0,core/src/main/java/org/apache/calcite/sql2rel/CorrelationReferenceFinder.java,0,0,0.03410771234064028
1.11.0,core/src/main/java/org/apache/calcite/sql2rel/DeduplicateCorrelateVariables.java,0,0,0.0013570440843019079
1.11.0,core/src/main/java/org/apache/calcite/sql2rel/DefaultValueFactory.java,0,0,2.2403261815562658e-14
1.11.0,core/src/main/java/org/apache/calcite/sql2rel/ReflectiveConvertletTable.java,0,0,0.00043945443972557955
1.11.0,core/src/main/java/org/apache/calcite/sql2rel/SqlNodeToRexConverter.java,0,0,9.85100282019318e-18
1.11.0,core/src/main/java/org/apache/calcite/sql2rel/SqlRexContext.java,0,0,3.149484423778047e-16
1.11.0,core/src/main/java/org/apache/calcite/sql2rel/SqlRexConvertlet.java,0,0,1.447352921237314e-22
1.11.0,core/src/main/java/org/apache/calcite/sql2rel/SqlRexConvertletTable.java,0,0,2.755339234512617e-22
1.11.0,core/src/main/java/org/apache/calcite/tools/FrameworkConfig.java,1,0,1.0165449246129964e-16
1.11.0,core/src/main/java/org/apache/calcite/tools/Frameworks.java,1,0,5.257640107704438e-05
1.11.0,core/src/main/java/org/apache/calcite/tools/Program.java,0,0,3.193374671869621e-17
1.11.0,core/src/main/java/org/apache/calcite/tools/RelBuilderFactory.java,0,0,1.6400029967724635e-23
1.11.0,core/src/main/java/org/apache/calcite/tools/RelConversionException.java,0,0,8.45289651961867e-06
1.11.0,core/src/main/java/org/apache/calcite/tools/RelRunner.java,0,0,5.306903967878903e-20
1.11.0,core/src/main/java/org/apache/calcite/tools/RelRunners.java,0,0,0.2811906868416619
1.11.0,core/src/main/java/org/apache/calcite/tools/RuleSet.java,0,0,6.02958077912405e-12
1.11.0,core/src/main/java/org/apache/calcite/tools/RuleSets.java,0,0,2.191386403938431e-06
1.11.0,core/src/main/java/org/apache/calcite/tools/ValidationException.java,0,0,1.1959984356672334e-05
1.11.0,core/src/main/java/org/apache/calcite/util/BarfingInvocationHandler.java,0,0,0.007765055582069202
1.11.0,core/src/main/java/org/apache/calcite/util/BasicDatetime.java,0,0,2.960427329047124e-15
1.11.0,core/src/main/java/org/apache/calcite/util/Benchmark.java,0,0,0.00909363407353383
1.11.0,core/src/main/java/org/apache/calcite/util/BitSets.java,0,0,9.238486949443629e-14
1.11.0,core/src/main/java/org/apache/calcite/util/BitString.java,0,0,0.00040461015124345045
1.11.0,core/src/main/java/org/apache/calcite/util/CalciteParserException.java,0,0,1.3657577050029484e-11
1.11.0,core/src/main/java/org/apache/calcite/util/CalciteValidatorException.java,0,0,1.3657577050029484e-11
1.11.0,core/src/main/java/org/apache/calcite/util/CastingList.java,0,0,0.01698972575564575
1.11.0,core/src/main/java/org/apache/calcite/util/ChunkList.java,0,0,0.20170402085785494
1.11.0,core/src/main/java/org/apache/calcite/util/ClosableAllocation.java,0,0,9.6002411649285e-24
1.11.0,core/src/main/java/org/apache/calcite/util/ClosableAllocationOwner.java,0,0,2.5316419979880634e-21
1.11.0,core/src/main/java/org/apache/calcite/util/CompatibleGuava11.java,0,0,0.002096474551811922
1.11.0,core/src/main/java/org/apache/calcite/util/CompositeMap.java,0,0,0.007635269431163121
1.11.0,core/src/main/java/org/apache/calcite/util/CompoundClosableAllocation.java,0,0,0.0005769507931446581
1.11.0,core/src/main/java/org/apache/calcite/util/ControlFlowException.java,0,0,0.0019162424165262465
1.11.0,core/src/main/java/org/apache/calcite/util/ConversionUtil.java,0,0,0.0742408257516602
1.11.0,core/src/main/java/org/apache/calcite/util/DelegatingInvocationHandler.java,0,0,0.00014788068327402408
1.11.0,core/src/main/java/org/apache/calcite/util/Filterator.java,0,0,0.012087405328525536
1.11.0,core/src/main/java/org/apache/calcite/util/Glossary.java,0,0,0.00013647785115131748
1.11.0,core/src/main/java/org/apache/calcite/util/Holder.java,0,0,3.9878263975100913e-07
1.11.0,core/src/main/java/org/apache/calcite/util/ImmutableBitSet.java,0,0,0.0016842723006885853
1.11.0,core/src/main/java/org/apache/calcite/util/ImmutableNullableList.java,0,0,0.05130048535636815
1.11.0,core/src/main/java/org/apache/calcite/util/IntegerIntervalSet.java,0,0,2.7782277621893276e-06
1.11.0,core/src/main/java/org/apache/calcite/util/IntList.java,0,0,0.010634505022213426
1.11.0,core/src/main/java/org/apache/calcite/util/JsonBuilder.java,0,0,0.3222771636146041
1.11.0,core/src/main/java/org/apache/calcite/util/Litmus.java,0,0,9.81917859418079e-07
1.11.0,core/src/main/java/org/apache/calcite/util/NlsString.java,0,0,0.0038932192365754314
1.11.0,core/src/main/java/org/apache/calcite/util/NumberUtil.java,0,0,0.07486213558520956
1.11.0,core/src/main/java/org/apache/calcite/util/PartiallyOrderedSet.java,0,0,0.0012998662706027722
1.11.0,core/src/main/java/org/apache/calcite/util/Permutation.java,0,0,0.008701330547109485
1.11.0,core/src/main/java/org/apache/calcite/util/ReflectiveVisitDispatcher.java,0,0,3.8213287262807476e-11
1.11.0,core/src/main/java/org/apache/calcite/util/ReflectiveVisitor.java,0,0,3.584934391929736e-12
1.11.0,core/src/main/java/org/apache/calcite/util/ReflectUtil.java,0,0,0.0043785125784956275
1.11.0,core/src/main/java/org/apache/calcite/util/SerializableCharset.java,0,0,2.9711191618162375e-05
1.11.0,core/src/main/java/org/apache/calcite/util/Stacks.java,0,0,7.378690619817393e-05
1.11.0,core/src/main/java/org/apache/calcite/util/StackWriter.java,0,0,0.08542256132796092
1.11.0,core/src/main/java/org/apache/calcite/util/Static.java,0,0,0.00018046898017142588
1.11.0,core/src/main/java/org/apache/calcite/util/Template.java,0,0,0.0005539523280163707
1.11.0,core/src/main/java/org/apache/calcite/util/TryThreadLocal.java,0,0,6.564048567177109e-09
1.11.0,core/src/main/java/org/apache/calcite/util/UnmodifiableArrayList.java,0,0,0.0001568333255832837
1.11.0,core/src/main/java/org/apache/calcite/util/XmlOutput.java,0,0,1.7712678841123605e-11
1.11.0,core/src/main/java/org/apache/calcite/util/ZonelessDate.java,0,0,0.0012161226745638373
1.11.0,core/src/main/java/org/apache/calcite/util/ZonelessDatetime.java,0,0,0.000161583407530382
1.11.0,core/src/main/java/org/apache/calcite/util/ZonelessTime.java,0,0,0.0017408444138224412
1.11.0,core/src/main/java/org/apache/calcite/util/ZonelessTimestamp.java,0,0,0.009329534379095285
1.11.0,core/src/main/java/org/apache/calcite/adapter/clone/ArrayTable.java,0,0,0.008215760853361873
1.11.0,core/src/main/java/org/apache/calcite/adapter/clone/CloneSchema.java,0,0,0.07163234553825651
1.11.0,core/src/main/java/org/apache/calcite/adapter/clone/ColumnLoader.java,0,0,8.159250555488038e-05
1.11.0,core/src/main/java/org/apache/calcite/adapter/clone/ListTable.java,0,0,0.01666287218354871
1.11.0,core/src/main/java/org/apache/calcite/adapter/enumerable/AggAddContext.java,0,0,8.576787697962625e-22
1.11.0,core/src/main/java/org/apache/calcite/adapter/enumerable/AggContext.java,0,0,6.344547316751325e-16
1.11.0,core/src/main/java/org/apache/calcite/adapter/enumerable/AggImplementor.java,0,0,5.039466496785807e-17
1.11.0,core/src/main/java/org/apache/calcite/adapter/enumerable/AggImpState.java,0,0,9.038760103303738e-09
1.11.0,core/src/main/java/org/apache/calcite/adapter/enumerable/AggResetContext.java,0,0,5.17673268157761e-28
1.11.0,core/src/main/java/org/apache/calcite/adapter/enumerable/AggResultContext.java,0,0,6.559794554199038e-13
1.11.0,core/src/main/java/org/apache/calcite/adapter/enumerable/CallImplementor.java,0,0,3.316567162260845e-23
1.11.0,core/src/main/java/org/apache/calcite/adapter/enumerable/EnumerableAggregate.java,0,0,0.4513328623043471
1.11.0,core/src/main/java/org/apache/calcite/adapter/enumerable/EnumerableAggregateRule.java,0,0,0.005379746514619916
1.11.0,core/src/main/java/org/apache/calcite/adapter/enumerable/EnumerableBindable.java,0,0,0.0020484694551613594
1.11.0,core/src/main/java/org/apache/calcite/adapter/enumerable/EnumerableCalc.java,0,0,0.0009362753629565658
1.11.0,core/src/main/java/org/apache/calcite/adapter/enumerable/EnumerableCalcRule.java,0,0,5.110732284839352e-06
1.11.0,core/src/main/java/org/apache/calcite/adapter/enumerable/EnumerableCollect.java,0,0,0.04479599769007467
1.11.0,core/src/main/java/org/apache/calcite/adapter/enumerable/EnumerableCollectRule.java,0,0,0.000343823613277129
1.11.0,core/src/main/java/org/apache/calcite/adapter/enumerable/EnumerableCorrelate.java,0,0,0.21766182215393987
1.11.0,core/src/main/java/org/apache/calcite/adapter/enumerable/EnumerableCorrelateRule.java,0,0,0.000603879874686129
1.11.0,core/src/main/java/org/apache/calcite/adapter/enumerable/EnumerableFilter.java,0,0,2.807548492967791e-09
1.11.0,core/src/main/java/org/apache/calcite/adapter/enumerable/EnumerableFilterRule.java,0,0,0.0012125085081634438
1.11.0,core/src/main/java/org/apache/calcite/adapter/enumerable/EnumerableFilterToCalcRule.java,0,0,1.2463381024760493e-08
1.11.0,core/src/main/java/org/apache/calcite/adapter/enumerable/EnumerableInterpretable.java,0,0,0.04771616345029798
1.11.0,core/src/main/java/org/apache/calcite/adapter/enumerable/EnumerableInterpreter.java,0,0,0.017869634785687902
1.11.0,core/src/main/java/org/apache/calcite/adapter/enumerable/EnumerableInterpreterRule.java,0,0,2.484116152556691e-06
1.11.0,core/src/main/java/org/apache/calcite/adapter/enumerable/EnumerableIntersectRule.java,0,0,0.0009011357632540937
1.11.0,core/src/main/java/org/apache/calcite/adapter/enumerable/EnumerableJoin.java,0,0,0.0001331976863473423
1.11.0,core/src/main/java/org/apache/calcite/adapter/enumerable/EnumerableJoinRule.java,0,0,0.0007697952047628068
1.11.0,core/src/main/java/org/apache/calcite/adapter/enumerable/EnumerableLimit.java,0,0,4.3364217967728924e-10
1.11.0,core/src/main/java/org/apache/calcite/adapter/enumerable/EnumerableLimitRule.java,0,0,0.011368418027931088
1.11.0,core/src/main/java/org/apache/calcite/adapter/enumerable/EnumerableMergeJoin.java,1,1,0.9750208845943227
1.11.0,core/src/main/java/org/apache/calcite/adapter/enumerable/EnumerableMergeJoinRule.java,0,0,0.15250725913285942
1.11.0,core/src/main/java/org/apache/calcite/adapter/enumerable/EnumerableMinusRule.java,0,0,0.0012157472992885001
1.11.0,core/src/main/java/org/apache/calcite/adapter/enumerable/EnumerableProject.java,0,0,0.0012318643462160706
1.11.0,core/src/main/java/org/apache/calcite/adapter/enumerable/EnumerableProjectRule.java,0,0,0.00248122033661352
1.11.0,core/src/main/java/org/apache/calcite/adapter/enumerable/EnumerableProjectToCalcRule.java,0,0,1.0169361307144333e-07
1.11.0,core/src/main/java/org/apache/calcite/adapter/enumerable/EnumerableRules.java,0,0,1.6623148187825675e-06
1.11.0,core/src/main/java/org/apache/calcite/adapter/enumerable/EnumerableSemiJoin.java,0,0,0.06642342607376524
1.11.0,core/src/main/java/org/apache/calcite/adapter/enumerable/EnumerableSemiJoinRule.java,0,0,7.883718973701932e-06
1.11.0,core/src/main/java/org/apache/calcite/adapter/enumerable/EnumerableSort.java,0,0,0.0669628441918118
1.11.0,core/src/main/java/org/apache/calcite/adapter/enumerable/EnumerableSortRule.java,0,0,0.0033379307229981113
1.11.0,core/src/main/java/org/apache/calcite/adapter/enumerable/EnumerableTableFunctionScan.java,0,0,0.48446812196163064
1.11.0,core/src/main/java/org/apache/calcite/adapter/enumerable/EnumerableTableFunctionScanRule.java,0,0,0.0002929518927745348
1.11.0,core/src/main/java/org/apache/calcite/adapter/enumerable/EnumerableTableScanRule.java,0,0,0.0006885342492324408
1.11.0,core/src/main/java/org/apache/calcite/adapter/enumerable/EnumerableThetaJoin.java,0,0,0.03482740164469013
1.11.0,core/src/main/java/org/apache/calcite/adapter/enumerable/EnumerableUncollect.java,0,0,0.4620290992345284
1.11.0,core/src/main/java/org/apache/calcite/adapter/enumerable/EnumerableUncollectRule.java,0,0,6.800957347657087e-05
1.11.0,core/src/main/java/org/apache/calcite/adapter/enumerable/EnumerableUnionRule.java,0,0,6.531853797035639e-05
1.11.0,core/src/main/java/org/apache/calcite/adapter/enumerable/EnumerableValues.java,0,0,0.000236482978724094
1.11.0,core/src/main/java/org/apache/calcite/adapter/enumerable/EnumerableValuesRule.java,0,0,0.0001256226399778626
1.11.0,core/src/main/java/org/apache/calcite/adapter/enumerable/EnumerableWindowRule.java,0,0,4.891605043120021e-08
1.11.0,core/src/main/java/org/apache/calcite/adapter/enumerable/EnumUtils.java,0,0,0.08446635881610393
1.11.0,core/src/main/java/org/apache/calcite/adapter/enumerable/JavaRelImplementor.java,0,0,2.0881394215536073e-06
1.11.0,core/src/main/java/org/apache/calcite/adapter/enumerable/JavaRowFormat.java,1,1,0.9983539290728228
1.11.0,core/src/main/java/org/apache/calcite/adapter/enumerable/NestedBlockBuilder.java,0,0,2.948426855295886e-13
1.11.0,core/src/main/java/org/apache/calcite/adapter/enumerable/NestedBlockBuilderImpl.java,0,0,0.006086556586608571
1.11.0,core/src/main/java/org/apache/calcite/adapter/enumerable/NotNullImplementor.java,0,0,4.2289482680321187e-22
1.11.0,core/src/main/java/org/apache/calcite/adapter/enumerable/NullPolicy.java,0,0,8.316785701104589e-06
1.11.0,core/src/main/java/org/apache/calcite/adapter/enumerable/StrictAggImplementor.java,0,0,0.10884838321961302
1.11.0,core/src/main/java/org/apache/calcite/adapter/enumerable/StrictWinAggImplementor.java,0,0,0.005333672576221908
1.11.0,core/src/main/java/org/apache/calcite/adapter/enumerable/WinAggAddContext.java,0,0,2.913318593252031e-30
1.11.0,core/src/main/java/org/apache/calcite/adapter/enumerable/WinAggContext.java,0,0,5.190959639641756e-11
1.11.0,core/src/main/java/org/apache/calcite/adapter/enumerable/WinAggFrameContext.java,0,0,8.242374483884132e-16
1.11.0,core/src/main/java/org/apache/calcite/adapter/enumerable/WinAggFrameResultContext.java,0,0,1.085868822723734e-17
1.11.0,core/src/main/java/org/apache/calcite/adapter/enumerable/WinAggImplementor.java,0,0,7.330256069392859e-07
1.11.0,core/src/main/java/org/apache/calcite/adapter/enumerable/WinAggResetContext.java,0,0,4.580925847223819e-13
1.11.0,core/src/main/java/org/apache/calcite/adapter/enumerable/WinAggResultContext.java,0,0,9.902650967606571e-24
1.11.0,core/src/main/java/org/apache/calcite/adapter/java/AbstractQueryableTable.java,0,0,2.07766298888481e-06
1.11.0,core/src/main/java/org/apache/calcite/adapter/java/Array.java,0,0,2.762749828611856e-32
1.11.0,core/src/main/java/org/apache/calcite/adapter/java/JavaTypeFactory.java,0,0,5.80795197376365e-15
1.11.0,core/src/main/java/org/apache/calcite/adapter/java/Map.java,0,0,1.4069126329005877e-33
1.11.0,core/src/main/java/org/apache/calcite/adapter/java/ReflectiveSchema.java,0,0,0.0005192001471477653
1.11.0,core/src/main/java/org/apache/calcite/adapter/jdbc/JdbcConvention.java,0,0,0.00013027829412398702
1.11.0,core/src/main/java/org/apache/calcite/adapter/jdbc/JdbcQueryProvider.java,0,0,1.3504786229837039e-05
1.11.0,core/src/main/java/org/apache/calcite/adapter/jdbc/JdbcRel.java,0,0,2.2220744047216902e-13
1.11.0,core/src/main/java/org/apache/calcite/adapter/jdbc/JdbcSchema.java,1,1,0.9996077316276942
1.11.0,core/src/main/java/org/apache/calcite/adapter/jdbc/JdbcToEnumerableConverter.java,0,0,0.014585934888299757
1.11.0,core/src/main/java/org/apache/calcite/adapter/jdbc/JdbcToEnumerableConverterRule.java,0,0,5.466090944710255e-05
1.11.0,core/src/main/java/org/apache/calcite/adapter/jdbc/JdbcUtils.java,0,0,0.2797323889771327
1.11.0,core/src/main/java/org/apache/calcite/plan/hep/HepInstruction.java,0,0,0.005441583872169805
1.11.0,core/src/main/java/org/apache/calcite/plan/hep/HepMatchOrder.java,0,0,1.1015594316115225e-05
1.11.0,core/src/main/java/org/apache/calcite/plan/hep/HepPlanner.java,1,1,0.9919361109044419
1.11.0,core/src/main/java/org/apache/calcite/plan/hep/HepProgram.java,0,0,0.20848077131930232
1.11.0,core/src/main/java/org/apache/calcite/plan/hep/HepProgramBuilder.java,0,0,0.0009309458665568359
1.11.0,core/src/main/java/org/apache/calcite/plan/hep/HepRelMetadataProvider.java,0,0,1.9157394725145927e-07
1.11.0,core/src/main/java/org/apache/calcite/plan/hep/HepRelVertex.java,0,0,0.001456930159948794
1.11.0,core/src/main/java/org/apache/calcite/plan/hep/HepRuleCall.java,0,0,0.45554463472958956
1.11.0,core/src/main/java/org/apache/calcite/plan/volcano/AbstractConverter.java,0,0,7.348397449042755e-08
1.11.0,core/src/main/java/org/apache/calcite/plan/volcano/ChainedPhaseRuleMappingInitializer.java,0,0,0.00542950400601217
1.11.0,core/src/main/java/org/apache/calcite/plan/volcano/RelSubset.java,0,1,0.5518310358997763
1.11.0,core/src/main/java/org/apache/calcite/plan/volcano/VolcanoCost.java,0,0,0.12373705423826475
1.11.0,core/src/main/java/org/apache/calcite/plan/volcano/VolcanoPlannerPhase.java,0,0,1.1506204732845248e-06
1.11.0,core/src/main/java/org/apache/calcite/plan/volcano/VolcanoPlannerPhaseRuleMappingInitializer.java,0,0,4.8358451644504676e-20
1.11.0,core/src/main/java/org/apache/calcite/plan/volcano/VolcanoRelMetadataProvider.java,0,0,5.786099949141594e-10
1.11.0,core/src/main/java/org/apache/calcite/plan/volcano/VolcanoRuleCall.java,0,0,0.29177256436672866
1.11.0,core/src/main/java/org/apache/calcite/plan/volcano/VolcanoRuleMatch.java,0,0,0.0013243911947918444
1.11.0,core/src/main/java/org/apache/calcite/rel/convert/Converter.java,0,0,1.0144610657023369e-13
1.11.0,core/src/main/java/org/apache/calcite/rel/convert/ConverterImpl.java,0,0,0.0020448045959494394
1.11.0,core/src/main/java/org/apache/calcite/rel/convert/ConverterRule.java,0,0,0.058984005840645726
1.11.0,core/src/main/java/org/apache/calcite/rel/convert/NoneConverter.java,0,0,1.8100689209446371e-07
1.11.0,core/src/main/java/org/apache/calcite/rel/convert/TraitMatchingRule.java,0,0,0.03303794422897508
1.11.0,core/src/main/java/org/apache/calcite/rel/core/AggregateCall.java,0,0,0.12056789985049866
1.11.0,core/src/main/java/org/apache/calcite/rel/core/Collect.java,0,0,0.00404322098063607
1.11.0,core/src/main/java/org/apache/calcite/rel/core/CorrelationId.java,0,1,0.8578674375324075
1.11.0,core/src/main/java/org/apache/calcite/rel/core/EquiJoin.java,0,0,0.11533553284715588
1.11.0,core/src/main/java/org/apache/calcite/rel/core/Exchange.java,0,0,0.01219034011552216
1.11.0,core/src/main/java/org/apache/calcite/rel/core/Intersect.java,0,0,0.0004645634986960512
1.11.0,core/src/main/java/org/apache/calcite/rel/core/JoinInfo.java,0,0,0.010000107268691213
1.11.0,core/src/main/java/org/apache/calcite/rel/core/JoinRelType.java,0,0,0.005642637536058702
1.11.0,core/src/main/java/org/apache/calcite/rel/core/Minus.java,0,0,0.012777893133666491
1.11.0,core/src/main/java/org/apache/calcite/rel/core/Sample.java,0,0,0.03671231928834531
1.11.0,core/src/main/java/org/apache/calcite/rel/core/Sort.java,1,0,0.48950249669766116
1.11.0,core/src/main/java/org/apache/calcite/rel/core/SortExchange.java,0,0,0.0038140933342318815
1.11.0,core/src/main/java/org/apache/calcite/rel/core/TableFunctionScan.java,0,0,0.024967785671713358
1.11.0,core/src/main/java/org/apache/calcite/rel/core/TableScan.java,0,0,0.10919671853245361
1.11.0,core/src/main/java/org/apache/calcite/rel/core/Uncollect.java,0,0,0.0896869122244595
1.11.0,core/src/main/java/org/apache/calcite/rel/core/Union.java,0,0,0.11983835858854083
1.11.0,core/src/main/java/org/apache/calcite/rel/externalize/RelJsonReader.java,0,1,0.6975282165766475
1.11.0,core/src/main/java/org/apache/calcite/rel/externalize/RelWriterImpl.java,0,0,0.11983308430410099
1.11.0,core/src/main/java/org/apache/calcite/rel/externalize/RelXmlWriter.java,0,0,0.04635495129463538
1.11.0,core/src/main/java/org/apache/calcite/rel/logical/LogicalAggregate.java,0,0,0.007223259511624466
1.11.0,core/src/main/java/org/apache/calcite/rel/logical/LogicalCalc.java,0,0,4.266669954452359e-12
1.11.0,core/src/main/java/org/apache/calcite/rel/logical/LogicalExchange.java,0,0,5.247013052781183e-05
1.11.0,core/src/main/java/org/apache/calcite/rel/logical/LogicalFilter.java,0,0,0.00013022853633339485
1.11.0,core/src/main/java/org/apache/calcite/rel/logical/LogicalIntersect.java,0,0,0.2470003295100533
1.11.0,core/src/main/java/org/apache/calcite/rel/logical/LogicalJoin.java,0,0,0.06962670793260371
1.11.0,core/src/main/java/org/apache/calcite/rel/logical/LogicalMinus.java,0,0,0.013519988883095429
1.11.0,core/src/main/java/org/apache/calcite/rel/logical/LogicalSort.java,0,0,0.00032282947167863057
1.11.0,core/src/main/java/org/apache/calcite/rel/logical/LogicalTableFunctionScan.java,0,0,0.01093675975836148
1.11.0,core/src/main/java/org/apache/calcite/rel/logical/LogicalTableScan.java,0,0,6.577602768151997e-09
1.11.0,core/src/main/java/org/apache/calcite/rel/logical/LogicalUnion.java,0,0,0.013294499470075528
1.11.0,core/src/main/java/org/apache/calcite/rel/logical/LogicalValues.java,0,0,3.6580654166007087e-06
1.11.0,core/src/main/java/org/apache/calcite/rel/logical/LogicalWindow.java,0,0,0.07662421698417918
1.11.0,core/src/main/java/org/apache/calcite/rel/metadata/BuiltInMetadata.java,0,0,9.328440808386719e-62
1.11.0,core/src/main/java/org/apache/calcite/rel/metadata/CachingRelMetadataProvider.java,0,0,0.20937862817208752
1.11.0,core/src/main/java/org/apache/calcite/rel/metadata/ChainedRelMetadataProvider.java,0,0,0.005346578365764614
1.11.0,core/src/main/java/org/apache/calcite/rel/metadata/CyclicMetadataException.java,0,0,1.9289284000189245e-05
1.11.0,core/src/main/java/org/apache/calcite/rel/metadata/DefaultRelMetadataProvider.java,0,0,0.00038755180767852267
1.11.0,core/src/main/java/org/apache/calcite/rel/metadata/Metadata.java,0,0,1.501715765920773e-21
1.11.0,core/src/main/java/org/apache/calcite/rel/metadata/MetadataDef.java,0,0,0.0025092559107447185
1.11.0,core/src/main/java/org/apache/calcite/rel/metadata/MetadataFactory.java,0,0,5.261285867628395e-19
1.11.0,core/src/main/java/org/apache/calcite/rel/metadata/MetadataFactoryImpl.java,0,0,2.0771109391708262e-05
1.11.0,core/src/main/java/org/apache/calcite/rel/metadata/MetadataHandler.java,0,0,3.1148289953730094e-18
1.11.0,core/src/main/java/org/apache/calcite/rel/metadata/NullSentinel.java,0,0,2.851564853246172e-21
1.11.0,core/src/main/java/org/apache/calcite/rel/metadata/ReflectiveRelMetadataProvider.java,0,0,0.013689997358177155
1.11.0,core/src/main/java/org/apache/calcite/rel/metadata/RelColumnMapping.java,0,0,3.1944632673081907e-06
1.11.0,core/src/main/java/org/apache/calcite/rel/metadata/RelColumnOrigin.java,0,0,0.16715854024319174
1.11.0,core/src/main/java/org/apache/calcite/rel/metadata/RelMdCollation.java,1,1,0.9999854187458993
1.11.0,core/src/main/java/org/apache/calcite/rel/metadata/RelMdColumnOrigins.java,0,0,0.03803266759527745
1.11.0,core/src/main/java/org/apache/calcite/rel/metadata/RelMdDistinctRowCount.java,0,0,0.004611499303923405
1.11.0,core/src/main/java/org/apache/calcite/rel/metadata/RelMdDistribution.java,0,0,0.038060231455268045
1.11.0,core/src/main/java/org/apache/calcite/rel/metadata/RelMdExplainVisibility.java,0,0,0.0008458631384878766
1.11.0,core/src/main/java/org/apache/calcite/rel/metadata/RelMdMaxRowCount.java,0,0,9.441628055436537e-05
1.11.0,core/src/main/java/org/apache/calcite/rel/metadata/RelMdMemory.java,0,0,0.08758089121174324
1.11.0,core/src/main/java/org/apache/calcite/rel/metadata/RelMdParallelism.java,0,0,0.006887008018870666
1.11.0,core/src/main/java/org/apache/calcite/rel/metadata/RelMdPercentageOriginalRows.java,0,0,0.04374799726839415
1.11.0,core/src/main/java/org/apache/calcite/rel/metadata/RelMdPopulationSize.java,0,0,0.002695278902188976
1.11.0,core/src/main/java/org/apache/calcite/rel/metadata/RelMdRowCount.java,0,0,0.0029676280964543666
1.11.0,core/src/main/java/org/apache/calcite/rel/metadata/RelMdSelectivity.java,0,0,0.007113513683450585
1.11.0,core/src/main/java/org/apache/calcite/rel/metadata/RelMdUniqueKeys.java,0,0,0.29133827447515726
1.11.0,core/src/main/java/org/apache/calcite/rel/metadata/RelMetadataProvider.java,0,0,2.987844819600984e-10
1.11.0,core/src/main/java/org/apache/calcite/rel/metadata/RelMetadataQuery.java,0,0,0.10469855368555617
1.11.0,core/src/main/java/org/apache/calcite/rel/metadata/UnboundMetadata.java,0,0,2.384983763600822e-15
1.11.0,core/src/main/java/org/apache/calcite/rel/rules/AggregateFilterTransposeRule.java,0,0,0.04264840648739907
1.11.0,core/src/main/java/org/apache/calcite/rel/rules/AggregateJoinTransposeRule.java,1,1,0.9575226567596362
1.11.0,core/src/main/java/org/apache/calcite/rel/rules/AggregateProjectMergeRule.java,0,0,0.15040472921297285
1.11.0,core/src/main/java/org/apache/calcite/rel/rules/AggregateReduceFunctionsRule.java,0,0,0.013845525590803655
1.11.0,core/src/main/java/org/apache/calcite/rel/rules/AggregateRemoveRule.java,0,0,0.15028979952296798
1.11.0,core/src/main/java/org/apache/calcite/rel/rules/AggregateStarTableRule.java,0,0,0.0001239553411391224
1.11.0,core/src/main/java/org/apache/calcite/rel/rules/AggregateUnionAggregateRule.java,0,0,0.04467193741142916
1.11.0,core/src/main/java/org/apache/calcite/rel/rules/AggregateUnionTransposeRule.java,0,0,0.028446709904083628
1.11.0,core/src/main/java/org/apache/calcite/rel/rules/CalcMergeRule.java,0,0,0.06784148173707219
1.11.0,core/src/main/java/org/apache/calcite/rel/rules/CalcRemoveRule.java,0,0,0.00015286362920541888
1.11.0,core/src/main/java/org/apache/calcite/rel/rules/CalcSplitRule.java,0,0,0.007975956102166757
1.11.0,core/src/main/java/org/apache/calcite/rel/rules/CoerceInputsRule.java,0,0,0.05844076542438592
1.11.0,core/src/main/java/org/apache/calcite/rel/rules/EquiJoin.java,0,0,1.209020446608476e-05
1.11.0,core/src/main/java/org/apache/calcite/rel/rules/FilterAggregateTransposeRule.java,0,0,0.08515426468179994
1.11.0,core/src/main/java/org/apache/calcite/rel/rules/FilterCalcMergeRule.java,0,0,0.008045153440078435
1.11.0,core/src/main/java/org/apache/calcite/rel/rules/FilterCorrelateRule.java,0,0,0.033074678846107444
1.11.0,core/src/main/java/org/apache/calcite/rel/rules/FilterJoinRule.java,0,0,0.37164883120686104
1.11.0,core/src/main/java/org/apache/calcite/rel/rules/FilterMergeRule.java,0,0,0.0004022105679576307
1.11.0,core/src/main/java/org/apache/calcite/rel/rules/FilterMultiJoinMergeRule.java,0,0,0.044641855695596026
1.11.0,core/src/main/java/org/apache/calcite/rel/rules/FilterProjectTransposeRule.java,1,1,0.7208359694718569
1.11.0,core/src/main/java/org/apache/calcite/rel/rules/FilterSetOpTransposeRule.java,0,0,0.002255150745119722
1.11.0,core/src/main/java/org/apache/calcite/rel/rules/FilterTableFunctionTransposeRule.java,0,0,0.03888732271414068
1.11.0,core/src/main/java/org/apache/calcite/rel/rules/FilterTableScanRule.java,0,0,6.921545062578629e-13
1.11.0,core/src/main/java/org/apache/calcite/rel/rules/FilterToCalcRule.java,0,0,3.25329804755527e-05
1.11.0,core/src/main/java/org/apache/calcite/rel/rules/JoinAddRedundantSemiJoinRule.java,0,0,0.03712153559709753
1.11.0,core/src/main/java/org/apache/calcite/rel/rules/JoinAssociateRule.java,0,0,0.019835323635404425
1.11.0,core/src/main/java/org/apache/calcite/rel/rules/JoinCommuteRule.java,0,0,0.0033017663695863657
1.11.0,core/src/main/java/org/apache/calcite/rel/rules/JoinPushExpressionsRule.java,0,0,0.00043140214173757925
1.11.0,core/src/main/java/org/apache/calcite/rel/rules/JoinPushThroughJoinRule.java,0,0,0.2257518485134608
1.11.0,core/src/main/java/org/apache/calcite/rel/rules/JoinPushTransitivePredicatesRule.java,0,0,0.0006102721889215395
1.11.0,core/src/main/java/org/apache/calcite/rel/rules/JoinToCorrelateRule.java,0,0,1.2484609115891235e-08
1.11.0,core/src/main/java/org/apache/calcite/rel/rules/JoinToMultiJoinRule.java,0,0,1.2811121494396556e-07
1.11.0,core/src/main/java/org/apache/calcite/rel/rules/JoinUnionTransposeRule.java,0,0,7.062136905979322e-05
1.11.0,core/src/main/java/org/apache/calcite/rel/rules/LoptJoinTree.java,0,0,0.005508258299745839
1.11.0,core/src/main/java/org/apache/calcite/rel/rules/LoptMultiJoin.java,0,0,4.2886719592564356e-06
1.11.0,core/src/main/java/org/apache/calcite/rel/rules/MaterializedViewFilterScanRule.java,0,0,0.44967001714203925
1.11.0,core/src/main/java/org/apache/calcite/rel/rules/MultiJoin.java,0,0,0.02646702408728334
1.11.0,core/src/main/java/org/apache/calcite/rel/rules/MultiJoinOptimizeBushyRule.java,0,0,0.06299067208590035
1.11.0,core/src/main/java/org/apache/calcite/rel/rules/MultiJoinProjectTransposeRule.java,0,0,0.026774013860816855
1.11.0,core/src/main/java/org/apache/calcite/rel/rules/ProjectCalcMergeRule.java,0,0,0.030961149343847253
1.11.0,core/src/main/java/org/apache/calcite/rel/rules/ProjectMergeRule.java,0,0,0.000200835012878547
1.11.0,core/src/main/java/org/apache/calcite/rel/rules/ProjectMultiJoinMergeRule.java,0,0,0.010900449340944541
1.11.0,core/src/main/java/org/apache/calcite/rel/rules/ProjectRemoveRule.java,0,0,5.9332290012472256e-05
1.11.0,core/src/main/java/org/apache/calcite/rel/rules/ProjectTableScanRule.java,0,0,3.49738785712321e-06
1.11.0,core/src/main/java/org/apache/calcite/rel/rules/ProjectToCalcRule.java,0,0,2.1262862803988357e-06
1.11.0,core/src/main/java/org/apache/calcite/rel/rules/ProjectToWindowRule.java,0,0,0.061266598527993946
1.11.0,core/src/main/java/org/apache/calcite/rel/rules/ProjectWindowTransposeRule.java,0,0,0.007860612837958001
1.11.0,core/src/main/java/org/apache/calcite/rel/rules/ReduceDecimalsRule.java,0,0,0.01787027014057783
1.11.0,core/src/main/java/org/apache/calcite/rel/rules/SemiJoinJoinTransposeRule.java,0,0,0.053105165058949674
1.11.0,core/src/main/java/org/apache/calcite/rel/rules/SemiJoinRemoveRule.java,0,0,2.6174531012713186e-06
1.11.0,core/src/main/java/org/apache/calcite/rel/rules/SortRemoveRule.java,0,0,0.03076257778939918
1.11.0,core/src/main/java/org/apache/calcite/rel/rules/SortUnionTransposeRule.java,0,0,0.012428324693566936
1.11.0,core/src/main/java/org/apache/calcite/rel/rules/TableScanRule.java,0,0,6.713255394490512e-06
1.11.0,core/src/main/java/org/apache/calcite/rel/rules/UnionEliminatorRule.java,0,0,0.00018808117111485554
1.11.0,core/src/main/java/org/apache/calcite/rel/rules/UnionToDistinctRule.java,0,0,8.439691733755943e-05
1.11.0,core/src/main/java/org/apache/calcite/rel/stream/Chi.java,0,0,2.757557174406396e-08
1.11.0,core/src/main/java/org/apache/calcite/rel/stream/Delta.java,0,0,8.406612600764727e-05
1.11.0,core/src/main/java/org/apache/calcite/rel/stream/LogicalChi.java,0,0,1.2617292849877218e-06
1.11.0,core/src/main/java/org/apache/calcite/rel/stream/LogicalDelta.java,0,0,4.0417272312258046e-05
1.11.0,core/src/main/java/org/apache/calcite/rel/type/DynamicRecordType.java,0,0,0.0005970624736568988
1.11.0,core/src/main/java/org/apache/calcite/rel/type/RelCrossType.java,0,0,0.2650367012924357
1.11.0,core/src/main/java/org/apache/calcite/rel/type/RelDataTypeComparability.java,0,0,0.08794345115923334
1.11.0,core/src/main/java/org/apache/calcite/rel/type/RelDataTypeFamily.java,0,0,2.179199232803109e-10
1.11.0,core/src/main/java/org/apache/calcite/rel/type/RelDataTypeField.java,0,0,1.258069149271108e-28
1.11.0,core/src/main/java/org/apache/calcite/rel/type/RelDataTypeFieldImpl.java,0,0,0.0478916541127411
1.11.0,core/src/main/java/org/apache/calcite/rel/type/RelDataTypePrecedenceList.java,0,0,2.2831791116284526e-15
1.11.0,core/src/main/java/org/apache/calcite/rel/type/RelProtoDataType.java,0,0,8.083998258310107e-14
1.11.0,core/src/main/java/org/apache/calcite/schema/impl/AbstractSchema.java,0,0,8.147907103215303e-11
1.11.0,core/src/main/java/org/apache/calcite/schema/impl/AbstractTable.java,0,0,3.0760240212226127e-07
1.11.0,core/src/main/java/org/apache/calcite/schema/impl/AbstractTableQueryable.java,0,0,0.0761997535362001
1.11.0,core/src/main/java/org/apache/calcite/schema/impl/DelegatingSchema.java,0,0,0.014347802749532537
1.11.0,core/src/main/java/org/apache/calcite/schema/impl/ScalarFunctionImpl.java,0,0,0.03465703329058942
1.11.0,core/src/main/java/org/apache/calcite/schema/impl/StarTable.java,0,0,0.007684370264723304
1.11.0,core/src/main/java/org/apache/calcite/schema/impl/TableFunctionImpl.java,0,0,1.162721777464086e-05
1.11.0,core/src/main/java/org/apache/calcite/schema/impl/TableMacroImpl.java,0,0,0.10909919229502574
1.11.0,core/src/main/java/org/apache/calcite/sql/advise/SqlAdvisor.java,0,0,0.03946491559687297
1.11.0,core/src/main/java/org/apache/calcite/sql/advise/SqlAdvisorGetHintsFunction.java,0,0,1.0100140128596718e-05
1.11.0,core/src/main/java/org/apache/calcite/sql/advise/SqlAdvisorHint.java,0,0,3.5278506169725604e-06
1.11.0,core/src/main/java/org/apache/calcite/sql/advise/SqlSimpleParser.java,0,0,3.05695829486928e-10
1.11.0,core/src/main/java/org/apache/calcite/sql/fun/OracleSqlOperatorTable.java,0,0,2.2209157899476238e-15
1.11.0,core/src/main/java/org/apache/calcite/sql/fun/SqlAbstractGroupFunction.java,0,1,0.525477061422847
1.11.0,core/src/main/java/org/apache/calcite/sql/fun/SqlAbstractTimeFunction.java,0,0,9.955354257172476e-05
1.11.0,core/src/main/java/org/apache/calcite/sql/fun/SqlArgumentAssignmentOperator.java,0,0,0.001071377780041227
1.11.0,core/src/main/java/org/apache/calcite/sql/fun/SqlArrayQueryConstructor.java,0,0,1.3652058359705325e-11
1.11.0,core/src/main/java/org/apache/calcite/sql/fun/SqlArrayValueConstructor.java,0,0,1.9807727413269503e-06
1.11.0,core/src/main/java/org/apache/calcite/sql/fun/SqlAvgAggFunction.java,0,0,0.003227425964826088
1.11.0,core/src/main/java/org/apache/calcite/sql/fun/SqlCase.java,0,0,0.05858278762007861
1.11.0,core/src/main/java/org/apache/calcite/sql/fun/SqlCaseOperator.java,0,0,0.11700373926936893
1.11.0,core/src/main/java/org/apache/calcite/sql/fun/SqlCollectionTableOperator.java,0,0,8.000504396603712e-08
1.11.0,core/src/main/java/org/apache/calcite/sql/fun/SqlColumnListConstructor.java,0,0,3.811607887549089e-05
1.11.0,core/src/main/java/org/apache/calcite/sql/fun/SqlConvertFunction.java,0,0,0.0037968701315516766
1.11.0,core/src/main/java/org/apache/calcite/sql/fun/SqlCountAggFunction.java,0,1,0.6957545124174574
1.11.0,core/src/main/java/org/apache/calcite/sql/fun/SqlCovarAggFunction.java,0,0,0.0010311003632657834
1.11.0,core/src/main/java/org/apache/calcite/sql/fun/SqlCurrentDateFunction.java,0,0,0.18642708837075234
1.11.0,core/src/main/java/org/apache/calcite/sql/fun/SqlCursorConstructor.java,0,0,0.0015065782261312354
1.11.0,core/src/main/java/org/apache/calcite/sql/fun/SqlDefaultOperator.java,0,0,0.004774774525846446
1.11.0,core/src/main/java/org/apache/calcite/sql/fun/SqlExtendOperator.java,0,0,0.107339406923884
1.11.0,core/src/main/java/org/apache/calcite/sql/fun/SqlFirstLastValueAggFunction.java,0,0,0.0019947005581088485
1.11.0,core/src/main/java/org/apache/calcite/sql/fun/SqlFloorFunction.java,0,0,0.07505393313602982
1.11.0,core/src/main/java/org/apache/calcite/sql/fun/SqlGroupIdFunction.java,0,0,5.423262119647596e-07
1.11.0,core/src/main/java/org/apache/calcite/sql/fun/SqlGroupingFunction.java,0,0,5.278332141919704e-07
1.11.0,core/src/main/java/org/apache/calcite/sql/fun/SqlGroupingIdFunction.java,0,0,5.423262119647596e-07
1.11.0,core/src/main/java/org/apache/calcite/sql/fun/SqlHistogramAggFunction.java,0,0,0.014564000831895376
1.11.0,core/src/main/java/org/apache/calcite/sql/fun/SqlInOperator.java,0,0,0.007533674657469614
1.11.0,core/src/main/java/org/apache/calcite/sql/fun/SqlLeadLagAggFunction.java,0,0,0.004489091685814675
1.11.0,core/src/main/java/org/apache/calcite/sql/fun/SqlLiteralChainOperator.java,0,0,0.058438663433148394
1.11.0,core/src/main/java/org/apache/calcite/sql/fun/SqlMapQueryConstructor.java,0,0,1.4612594479056424e-11
1.11.0,core/src/main/java/org/apache/calcite/sql/fun/SqlMapValueConstructor.java,0,0,0.0006158695500788358
1.11.0,core/src/main/java/org/apache/calcite/sql/fun/SqlMinMaxAggFunction.java,0,0,0.02386427311486565
1.11.0,core/src/main/java/org/apache/calcite/sql/fun/SqlMonotonicBinaryOperator.java,0,0,0.4013491793522982
1.11.0,core/src/main/java/org/apache/calcite/sql/fun/SqlMonotonicUnaryFunction.java,0,0,0.0034996526223138296
1.11.0,core/src/main/java/org/apache/calcite/sql/fun/SqlMultisetMemberOfOperator.java,0,0,0.0014584038220279635
1.11.0,core/src/main/java/org/apache/calcite/sql/fun/SqlMultisetQueryConstructor.java,0,0,0.021252180717297443
1.11.0,core/src/main/java/org/apache/calcite/sql/fun/SqlMultisetSetOperator.java,0,0,4.743573854039822e-07
1.11.0,core/src/main/java/org/apache/calcite/sql/fun/SqlMultisetValueConstructor.java,0,0,0.004100544502790237
1.11.0,core/src/main/java/org/apache/calcite/sql/fun/SqlNewOperator.java,0,0,0.0016134954310009538
1.11.0,core/src/main/java/org/apache/calcite/sql/fun/SqlNtileAggFunction.java,0,0,3.3742802770552083e-06
1.11.0,core/src/main/java/org/apache/calcite/sql/fun/SqlOverlapsOperator.java,0,0,0.001012040071593366
1.11.0,core/src/main/java/org/apache/calcite/sql/fun/SqlOverlayFunction.java,0,0,0.0018874530816968386
1.11.0,core/src/main/java/org/apache/calcite/sql/fun/SqlQuarterFunction.java,0,0,0.26568966578406916
1.11.0,core/src/main/java/org/apache/calcite/sql/fun/SqlRollupOperator.java,0,0,0.0004430116237158477
1.11.0,core/src/main/java/org/apache/calcite/sql/fun/SqlSequenceValueOperator.java,0,0,0.010273721207187317
1.11.0,core/src/main/java/org/apache/calcite/sql/fun/SqlSingleValueAggFunction.java,0,0,0.06571547641467079
1.11.0,core/src/main/java/org/apache/calcite/sql/fun/SqlStringContextVariable.java,0,0,0.00031883320629237807
1.11.0,core/src/main/java/org/apache/calcite/sql/fun/SqlSubstringFunction.java,0,0,0.4950967141906689
1.11.0,core/src/main/java/org/apache/calcite/sql/fun/SqlSumAggFunction.java,0,1,0.5255931176045758
1.11.0,core/src/main/java/org/apache/calcite/sql/fun/SqlSumEmptyIsZeroAggFunction.java,1,1,0.9715150935007731
1.11.0,core/src/main/java/org/apache/calcite/sql/fun/SqlThrowOperator.java,0,0,1.1035534365524959e-05
1.11.0,core/src/main/java/org/apache/calcite/sql/fun/SqlTranslate3Function.java,0,0,0.062324304618787456
1.11.0,core/src/main/java/org/apache/calcite/sql/fun/SqlTrimFunction.java,1,1,0.9988802745137573
1.11.0,core/src/main/java/org/apache/calcite/sql/parser/SqlParseException.java,0,0,0.017305285849690693
1.11.0,core/src/main/java/org/apache/calcite/sql/parser/SqlParserImplFactory.java,0,0,9.667808116409536e-22
1.11.0,core/src/main/java/org/apache/calcite/sql/parser/SqlParserPos.java,0,0,0.0002873658630188825
1.11.0,core/src/main/java/org/apache/calcite/sql/pretty/SqlFormatOptions.java,0,0,0.0475218841188493
1.11.0,core/src/main/java/org/apache/calcite/sql/type/AbstractSqlType.java,0,0,0.008157566478755375
1.11.0,core/src/main/java/org/apache/calcite/sql/type/ArraySqlType.java,0,0,3.593586707595984e-05
1.11.0,core/src/main/java/org/apache/calcite/sql/type/AssignableOperandTypeChecker.java,0,0,0.38208969017108907
1.11.0,core/src/main/java/org/apache/calcite/sql/type/BasicSqlType.java,0,0,0.3530591077477057
1.11.0,core/src/main/java/org/apache/calcite/sql/type/ComparableOperandTypeChecker.java,0,0,0.00756926746136824
1.11.0,core/src/main/java/org/apache/calcite/sql/type/CompositeOperandTypeChecker.java,1,1,0.9945000097758354
1.11.0,core/src/main/java/org/apache/calcite/sql/type/CompositeSingleOperandTypeChecker.java,0,0,0.04222523350847003
1.11.0,core/src/main/java/org/apache/calcite/sql/type/CursorReturnTypeInference.java,0,0,0.024371974913037425
1.11.0,core/src/main/java/org/apache/calcite/sql/type/ExplicitOperandTypeInference.java,0,0,0.16748736669525205
1.11.0,core/src/main/java/org/apache/calcite/sql/type/ExplicitReturnTypeInference.java,0,0,0.019100085166168842
1.11.0,core/src/main/java/org/apache/calcite/sql/type/ExtraSqlTypes.java,0,0,3.830199281206022e-19
1.11.0,core/src/main/java/org/apache/calcite/sql/type/FamilyOperandTypeChecker.java,0,0,0.0026131878002418254
1.11.0,core/src/main/java/org/apache/calcite/sql/type/InferTypes.java,0,0,0.004582509074551615
1.11.0,core/src/main/java/org/apache/calcite/sql/type/JavaToSqlTypeConversionRules.java,0,0,3.3101698392086382e-12
1.11.0,core/src/main/java/org/apache/calcite/sql/type/LiteralOperandTypeChecker.java,0,0,0.004327569180615622
1.11.0,core/src/main/java/org/apache/calcite/sql/type/MapSqlType.java,0,0,0.002652771800582983
1.11.0,core/src/main/java/org/apache/calcite/sql/type/MultisetOperandTypeChecker.java,0,0,0.05884551592595318
1.11.0,core/src/main/java/org/apache/calcite/sql/type/MultisetSqlType.java,0,0,4.2610251823522416e-05
1.11.0,core/src/main/java/org/apache/calcite/sql/type/ObjectSqlType.java,0,0,0.006809494925155458
1.11.0,core/src/main/java/org/apache/calcite/sql/type/OperandsTypeChecking.java,0,0,2.5529953163112046e-05
1.11.0,core/src/main/java/org/apache/calcite/sql/type/OrdinalReturnTypeInference.java,0,0,0.00044994168682931123
1.11.0,core/src/main/java/org/apache/calcite/sql/type/SameOperandTypeChecker.java,0,0,0.0023621730559638915
1.11.0,core/src/main/java/org/apache/calcite/sql/type/SetopOperandTypeChecker.java,0,0,0.0009515064389801228
1.11.0,core/src/main/java/org/apache/calcite/sql/type/SqlOperandCountRanges.java,0,0,4.227347562551188e-08
1.11.0,core/src/main/java/org/apache/calcite/sql/type/SqlOperandTypeChecker.java,0,0,0.030941501588078374
1.11.0,core/src/main/java/org/apache/calcite/sql/type/SqlOperandTypeInference.java,0,0,1.2776714345779467e-20
1.11.0,core/src/main/java/org/apache/calcite/sql/type/SqlReturnTypeInference.java,0,0,5.989124947727397e-24
1.11.0,core/src/main/java/org/apache/calcite/sql/type/SqlReturnTypeInferenceChain.java,0,0,0.0004308535354095643
1.11.0,core/src/main/java/org/apache/calcite/sql/type/SqlSingleOperandTypeChecker.java,0,0,7.075646379598484e-19
1.11.0,core/src/main/java/org/apache/calcite/sql/type/SqlTypeTransform.java,0,0,1.4277577058910192e-20
1.11.0,core/src/main/java/org/apache/calcite/sql/type/SqlTypeTransformCascade.java,0,0,0.003875880639743775
1.11.0,core/src/main/java/org/apache/calcite/sql/type/SqlTypeTransforms.java,0,0,0.0032738028066243183
1.11.0,core/src/main/java/org/apache/calcite/sql/type/TableFunctionReturnTypeInference.java,0,0,0.036437572345923874
1.11.0,core/src/main/java/org/apache/calcite/sql/util/ChainedSqlOperatorTable.java,0,0,0.11880852812208505
1.11.0,core/src/main/java/org/apache/calcite/sql/util/ReflectiveSqlOperatorTable.java,0,0,7.66043184227093e-06
1.11.0,core/src/main/java/org/apache/calcite/sql/util/SqlBasicVisitor.java,0,0,5.622615214475639e-10
1.11.0,core/src/main/java/org/apache/calcite/sql/util/SqlBuilder.java,0,0,4.151663911113635e-05
1.11.0,core/src/main/java/org/apache/calcite/sql/util/SqlShuttle.java,0,0,8.722012277522835e-06
1.11.0,core/src/main/java/org/apache/calcite/sql/util/SqlString.java,0,0,1.897234799999984e-05
1.11.0,core/src/main/java/org/apache/calcite/sql/util/SqlVisitor.java,0,0,1.2469837314373046e-18
1.11.0,core/src/main/java/org/apache/calcite/sql/validate/AggregatingScope.java,0,0,4.114178699698955e-18
1.11.0,core/src/main/java/org/apache/calcite/sql/validate/AliasNamespace.java,0,1,0.9196692667106316
1.11.0,core/src/main/java/org/apache/calcite/sql/validate/CollectNamespace.java,0,1,0.6477896756017684
1.11.0,core/src/main/java/org/apache/calcite/sql/validate/CollectScope.java,0,0,2.990671885081106e-08
1.11.0,core/src/main/java/org/apache/calcite/sql/validate/DelegatingSqlValidatorCatalogReader.java,0,0,0.0019016678422210068
1.11.0,core/src/main/java/org/apache/calcite/sql/validate/DelegatingSqlValidatorTable.java,0,0,0.0008932436000494091
1.11.0,core/src/main/java/org/apache/calcite/sql/validate/FieldNamespace.java,0,1,0.9609380681368848
1.11.0,core/src/main/java/org/apache/calcite/sql/validate/JoinNamespace.java,0,1,0.9041641266959879
1.11.0,core/src/main/java/org/apache/calcite/sql/validate/OrderByScope.java,0,0,0.03808271559602127
1.11.0,core/src/main/java/org/apache/calcite/sql/validate/OverScope.java,0,0,0.00010238234719593134
1.11.0,core/src/main/java/org/apache/calcite/sql/validate/ParameterNamespace.java,0,1,0.5267239854308478
1.11.0,core/src/main/java/org/apache/calcite/sql/validate/ProcedureNamespace.java,0,1,0.7972580227706824
1.11.0,core/src/main/java/org/apache/calcite/sql/validate/SchemaNamespace.java,0,1,0.9513295322136589
1.11.0,core/src/main/java/org/apache/calcite/sql/validate/SelectNamespace.java,0,1,0.822668564116116
1.11.0,core/src/main/java/org/apache/calcite/sql/validate/SelectScope.java,0,0,0.28221620397849545
1.11.0,core/src/main/java/org/apache/calcite/sql/validate/SetopNamespace.java,0,1,0.8643652194809085
1.11.0,core/src/main/java/org/apache/calcite/sql/validate/SqlIdentifierMoniker.java,0,0,0.012098108935735312
1.11.0,core/src/main/java/org/apache/calcite/sql/validate/SqlModality.java,0,0,0.0007859429855433522
1.11.0,core/src/main/java/org/apache/calcite/sql/validate/SqlMoniker.java,0,0,1.3701068191583962e-11
1.11.0,core/src/main/java/org/apache/calcite/sql/validate/SqlMonikerImpl.java,0,0,0.0405144689397959
1.11.0,core/src/main/java/org/apache/calcite/sql/validate/SqlMonikerType.java,0,0,3.294769033740215e-05
1.11.0,core/src/main/java/org/apache/calcite/sql/validate/SqlMonotonicity.java,0,0,7.0291390872367e-14
1.11.0,core/src/main/java/org/apache/calcite/sql/validate/SqlScopedShuttle.java,0,0,9.897188551335103e-05
1.11.0,core/src/main/java/org/apache/calcite/sql/validate/SqlUserDefinedAggFunction.java,0,0,0.3368877977495038
1.11.0,core/src/main/java/org/apache/calcite/sql/validate/SqlUserDefinedTableMacro.java,0,0,0.19586483018508744
1.11.0,core/src/main/java/org/apache/calcite/sql/validate/SqlValidatorException.java,0,0,1.4559505567783226e-06
1.11.0,core/src/main/java/org/apache/calcite/sql/validate/SqlValidatorTable.java,0,0,3.2961481678516473e-12
1.11.0,core/src/main/java/org/apache/calcite/sql/validate/SqlValidatorWithHints.java,0,0,0.0008359739426833668
1.11.0,core/src/main/java/org/apache/calcite/sql/validate/TableConstructorNamespace.java,0,1,0.663879641909724
1.11.0,core/src/main/java/org/apache/calcite/sql/validate/TableNamespace.java,0,1,0.922682689635907
1.11.0,core/src/main/java/org/apache/calcite/sql/validate/UnnestNamespace.java,0,1,0.8358934863976841
1.11.0,core/src/main/java/org/apache/calcite/sql/validate/WithItemNamespace.java,0,1,0.9347793168088555
1.11.0,core/src/main/java/org/apache/calcite/sql/validate/WithNamespace.java,0,1,0.562091866894593
1.11.0,core/src/main/java/org/apache/calcite/util/graph/BreadthFirstIterator.java,0,0,8.545965485791492e-05
1.11.0,core/src/main/java/org/apache/calcite/util/graph/CycleDetector.java,0,0,8.61930993864822e-05
1.11.0,core/src/main/java/org/apache/calcite/util/graph/DefaultDirectedGraph.java,0,0,0.024321499944838034
1.11.0,core/src/main/java/org/apache/calcite/util/graph/DefaultEdge.java,0,0,0.0026783890653888013
1.11.0,core/src/main/java/org/apache/calcite/util/graph/DepthFirstIterator.java,0,0,0.04868421816566611
1.11.0,core/src/main/java/org/apache/calcite/util/graph/DirectedGraph.java,0,0,2.5373582771703946e-17
1.11.0,core/src/main/java/org/apache/calcite/util/graph/Graphs.java,0,0,3.672669089652073e-14
1.11.0,core/src/main/java/org/apache/calcite/util/graph/TopologicalOrderIterator.java,0,0,0.14605896683017955
1.11.0,core/src/main/java/org/apache/calcite/util/javac/JaninoCompiler.java,0,0,8.731757683008746e-05
1.11.0,core/src/main/java/org/apache/calcite/util/javac/JavaCompiler.java,0,0,2.7095000964508386e-10
1.11.0,core/src/main/java/org/apache/calcite/util/javac/JavaCompilerArgs.java,0,0,0.19554397270259766
1.11.0,core/src/main/java/org/apache/calcite/util/mapping/AbstractSourceMapping.java,0,0,3.9594931407344786e-05
1.11.0,core/src/main/java/org/apache/calcite/util/mapping/AbstractTargetMapping.java,0,0,0.0006601067185476074
1.11.0,core/src/main/java/org/apache/calcite/util/mapping/IntPair.java,0,0,3.502995207098289e-08
1.11.0,core/src/main/java/org/apache/calcite/util/mapping/Mapping.java,0,0,1.5744548767610203e-19
1.11.0,core/src/main/java/org/apache/calcite/util/mapping/Mappings.java,0,0,1.4655042611180944e-07
1.11.0,core/src/main/java/org/apache/calcite/util/mapping/MappingType.java,0,0,1.0156179678086772e-16
1.11.0,core/src/main/java/org/apache/calcite/util/trace/CalciteLogger.java,0,0,0.2494124586530433
1.11.0,core/src/main/java/org/apache/calcite/util/trace/CalciteTimingTracer.java,0,0,0.004717861817596716
1.11.0,core/src/main/java/org/apache/calcite/util/trace/CalciteTrace.java,0,0,1.657598670151492e-10
1.11.0,core/src/main/java/org/apache/calcite/adapter/enumerable/impl/AggAddContextImpl.java,0,0,0.023080375643895062
1.11.0,core/src/main/java/org/apache/calcite/adapter/enumerable/impl/AggResetContextImpl.java,0,0,0.005384129877211321
1.11.0,core/src/main/java/org/apache/calcite/adapter/enumerable/impl/AggResultContextImpl.java,0,0,3.0664977943597856e-13
1.11.0,core/src/main/java/org/apache/calcite/adapter/enumerable/impl/WinAggAddContextImpl.java,0,0,0.04492390702759823
1.11.0,core/src/main/java/org/apache/calcite/adapter/enumerable/impl/WinAggResetContextImpl.java,0,0,0.002829918246603728
1.11.0,core/src/main/java/org/apache/calcite/adapter/enumerable/impl/WinAggResultContextImpl.java,0,0,0.05143394860801101
1.11.0,avatica/core/src/main/java/org/apache/calcite/avatica/AvaticaClientRuntimeException.java,0,0,5.8174735438160026e-05
1.11.0,avatica/core/src/main/java/org/apache/calcite/avatica/AvaticaDatabaseMetaData.java,0,0,0.00017706900487545965
1.11.0,avatica/core/src/main/java/org/apache/calcite/avatica/AvaticaFactory.java,0,0,1.77514494660569e-13
1.11.0,avatica/core/src/main/java/org/apache/calcite/avatica/AvaticaJdbc41Factory.java,0,0,2.883775922192337e-15
1.11.0,avatica/core/src/main/java/org/apache/calcite/avatica/AvaticaParameter.java,0,0,0.0002910453768972048
1.11.0,avatica/core/src/main/java/org/apache/calcite/avatica/AvaticaPreparedStatement.java,0,0,0.1586564228686611
1.11.0,avatica/core/src/main/java/org/apache/calcite/avatica/AvaticaResultSetMetaData.java,0,0,0.008898442384884245
1.11.0,avatica/core/src/main/java/org/apache/calcite/avatica/AvaticaSeverity.java,0,0,8.966168930791295e-18
1.11.0,avatica/core/src/main/java/org/apache/calcite/avatica/AvaticaSite.java,0,0,0.00438437300994438
1.11.0,avatica/core/src/main/java/org/apache/calcite/avatica/AvaticaSpecificDatabaseMetaData.java,0,0,9.070182684854697e-16
1.11.0,avatica/core/src/main/java/org/apache/calcite/avatica/AvaticaSqlException.java,0,0,0.0004041060150266043
1.11.0,avatica/core/src/main/java/org/apache/calcite/avatica/ColumnMetaData.java,0,0,7.3368594479317185e-22
1.11.0,avatica/core/src/main/java/org/apache/calcite/avatica/ConnectionPropertiesImpl.java,0,0,0.08435443740735699
1.11.0,avatica/core/src/main/java/org/apache/calcite/avatica/DriverVersion.java,0,0,8.485586324628337e-14
1.11.0,avatica/core/src/main/java/org/apache/calcite/avatica/Handler.java,0,0,9.628114091981563e-14
1.11.0,avatica/core/src/main/java/org/apache/calcite/avatica/HandlerImpl.java,0,0,1.305524179907596e-08
1.11.0,avatica/core/src/main/java/org/apache/calcite/avatica/Helper.java,0,0,0.035120391268400566
1.11.0,avatica/core/src/main/java/org/apache/calcite/avatica/InternalProperty.java,0,0,2.488916429560239e-11
1.11.0,avatica/core/src/main/java/org/apache/calcite/avatica/MissingResultsException.java,0,0,2.846510421744082e-07
1.11.0,avatica/core/src/main/java/org/apache/calcite/avatica/NoSuchConnectionException.java,0,0,3.9642081926511135e-06
1.11.0,avatica/core/src/main/java/org/apache/calcite/avatica/NoSuchStatementException.java,0,0,3.410538883142758e-08
1.11.0,avatica/core/src/main/java/org/apache/calcite/avatica/QueryState.java,0,0,2.7079032891676304e-11
1.11.0,avatica/core/src/main/java/org/apache/calcite/avatica/SqlState.java,0,0,2.5079760696929878e-23
1.11.0,avatica/core/src/main/java/org/apache/calcite/avatica/SqlType.java,0,0,1.6474957846393e-20
1.11.0,avatica/core/src/main/java/org/apache/calcite/avatica/UnregisteredDriver.java,0,0,4.1811603732912276e-11
1.11.0,avatica/core/src/main/java/org/apache/calcite/avatica/util/ArrayImpl.java,0,0,4.540381676916488e-08
1.11.0,avatica/core/src/main/java/org/apache/calcite/avatica/util/ArrayIteratorCursor.java,0,0,0.0035147697832126463
1.11.0,avatica/core/src/main/java/org/apache/calcite/avatica/util/Base64.java,0,0,2.7119227232254902e-21
1.11.0,avatica/core/src/main/java/org/apache/calcite/avatica/util/Casing.java,0,0,2.010697791940599e-05
1.11.0,avatica/core/src/main/java/org/apache/calcite/avatica/util/Cursor.java,0,0,1.2321171035980836e-08
1.11.0,avatica/core/src/main/java/org/apache/calcite/avatica/util/DateTimeUtils.java,0,0,0.025930398414330175
1.11.0,avatica/core/src/main/java/org/apache/calcite/avatica/util/IteratorCursor.java,0,0,0.15046211786646357
1.11.0,avatica/core/src/main/java/org/apache/calcite/avatica/util/ListIteratorCursor.java,0,0,0.010406644211228498
1.11.0,avatica/core/src/main/java/org/apache/calcite/avatica/util/MapIteratorCursor.java,0,0,0.02239154217230022
1.11.0,avatica/core/src/main/java/org/apache/calcite/avatica/util/PackageMarker.java,0,0,3.6028392732503595e-15
1.11.0,avatica/core/src/main/java/org/apache/calcite/avatica/util/PositionedCursor.java,0,0,0.003728741863216331
1.11.0,avatica/core/src/main/java/org/apache/calcite/avatica/util/Quoting.java,0,0,0.004916084806215446
1.11.0,avatica/core/src/main/java/org/apache/calcite/avatica/util/RecordIteratorCursor.java,0,0,0.03857549337855335
1.11.0,avatica/core/src/main/java/org/apache/calcite/avatica/util/Spacer.java,0,0,7.071623506153276e-05
1.11.0,avatica/core/src/main/java/org/apache/calcite/avatica/util/Spaces.java,0,0,0.012588912522686912
1.11.0,avatica/core/src/main/java/org/apache/calcite/avatica/util/StructImpl.java,0,0,1.4500012885808841e-05
1.11.0,avatica/core/src/main/java/org/apache/calcite/avatica/util/TimeUnit.java,0,0,3.860689714806234e-07
1.11.0,avatica/core/src/main/java/org/apache/calcite/avatica/util/TimeUnitRange.java,0,0,0.00018829039773170505
1.11.0,avatica/core/src/main/java/org/apache/calcite/avatica/util/UnsynchronizedBuffer.java,0,0,0.0911983708872029
1.11.0,avatica/core/src/main/java/org/apache/calcite/avatica/remote/AbstractHandler.java,0,0,0.008544573867579246
1.11.0,avatica/core/src/main/java/org/apache/calcite/avatica/remote/AbstractService.java,0,0,0.0005054278426418207
1.11.0,avatica/core/src/main/java/org/apache/calcite/avatica/remote/AuthenticationType.java,0,0,1.8239199679774251e-06
1.11.0,avatica/core/src/main/java/org/apache/calcite/avatica/remote/AvaticaCommonsHttpClientSpnegoImpl.java,0,0,1.5030024728067948e-06
1.11.0,avatica/core/src/main/java/org/apache/calcite/avatica/remote/AvaticaHttpClient.java,0,0,5.147041770282569e-23
1.11.0,avatica/core/src/main/java/org/apache/calcite/avatica/remote/AvaticaHttpClientFactory.java,0,0,2.79705469972402e-25
1.11.0,avatica/core/src/main/java/org/apache/calcite/avatica/remote/AvaticaHttpClientImpl.java,0,0,0.09180823283613063
1.11.0,avatica/core/src/main/java/org/apache/calcite/avatica/remote/AvaticaRemoteConnectionConfigImpl.java,0,0,1.9250861328950814e-05
1.11.0,avatica/core/src/main/java/org/apache/calcite/avatica/remote/AvaticaRuntimeException.java,0,0,3.8446434534890513e-07
1.11.0,avatica/core/src/main/java/org/apache/calcite/avatica/remote/DoAsAvaticaHttpClient.java,0,0,7.924455522235252e-08
1.11.0,avatica/core/src/main/java/org/apache/calcite/avatica/remote/Driver.java,0,0,0.2334719293746825
1.11.0,avatica/core/src/main/java/org/apache/calcite/avatica/remote/Handler.java,0,0,4.4712154787834284e-08
1.11.0,avatica/core/src/main/java/org/apache/calcite/avatica/remote/JsonHandler.java,0,0,0.014588082149509305
1.11.0,avatica/core/src/main/java/org/apache/calcite/avatica/remote/JsonService.java,0,0,0.41429751560894923
1.11.0,avatica/core/src/main/java/org/apache/calcite/avatica/remote/KerberosConnection.java,0,0,0.0039545996816126635
1.11.0,avatica/core/src/main/java/org/apache/calcite/avatica/remote/LocalJsonService.java,0,0,0.001041397294210203
1.11.0,avatica/core/src/main/java/org/apache/calcite/avatica/remote/LocalProtobufService.java,0,0,0.0001398194955768034
1.11.0,avatica/core/src/main/java/org/apache/calcite/avatica/remote/LocalService.java,0,0,9.816102580439748e-08
1.11.0,avatica/core/src/main/java/org/apache/calcite/avatica/remote/MetaDataOperation.java,0,0,2.8197141444034224e-87
1.11.0,avatica/core/src/main/java/org/apache/calcite/avatica/remote/MetricsHelper.java,0,0,0.0025605769115942126
1.11.0,avatica/core/src/main/java/org/apache/calcite/avatica/remote/MockJsonService.java,0,0,0.006704571399877645
1.11.0,avatica/core/src/main/java/org/apache/calcite/avatica/remote/ProtobufHandler.java,0,0,0.007487982435303121
1.11.0,avatica/core/src/main/java/org/apache/calcite/avatica/remote/ProtobufMeta.java,0,0,4.6625308598372636e-20
1.11.0,avatica/core/src/main/java/org/apache/calcite/avatica/remote/ProtobufService.java,0,0,0.09882599924661828
1.11.0,avatica/core/src/main/java/org/apache/calcite/avatica/remote/ProtobufTranslation.java,0,0,8.240279507251249e-18
1.11.0,avatica/core/src/main/java/org/apache/calcite/avatica/remote/RemoteMeta.java,0,0,9.783090238129719e-07
1.11.0,avatica/core/src/main/java/org/apache/calcite/avatica/remote/RemoteProtobufService.java,0,0,0.0022369956444011773
1.11.0,avatica/core/src/main/java/org/apache/calcite/avatica/remote/RemoteService.java,0,0,4.746996590884038e-06
1.11.0,avatica/core/src/main/java/org/apache/calcite/avatica/remote/RequestTranslator.java,0,0,1.7323908774737407e-07
1.11.0,avatica/core/src/main/java/org/apache/calcite/avatica/remote/ResponseTranslator.java,0,0,8.066413440019711e-08
1.11.0,avatica/core/src/main/java/org/apache/calcite/avatica/remote/UsernamePasswordAuthenticateable.java,0,0,4.3761659117950706e-15
1.11.0,avatica/core/src/main/java-filtered/org/apache/calcite/avatica/util/FilteredConstants.java,0,0,6.470475888348575e-05
1.11.0,avatica/server/src/main/java/org/apache/calcite/avatica/jdbc/JdbcMeta.java,0,0,0.13544744293468491
1.11.0,avatica/server/src/main/java/org/apache/calcite/avatica/jdbc/JdbcResultSet.java,0,0,0.43504855557280664
1.11.0,avatica/server/src/main/java/org/apache/calcite/avatica/jdbc/StatementInfo.java,1,1,0.9603661224093591
1.11.0,avatica/server/src/main/java/org/apache/calcite/avatica/server/AbstractAvaticaHandler.java,0,0,3.2472634008639016e-14
1.11.0,avatica/server/src/main/java/org/apache/calcite/avatica/server/AvaticaHandler.java,0,0,1.4329874991794507e-07
1.11.0,avatica/server/src/main/java/org/apache/calcite/avatica/server/AvaticaJsonHandler.java,0,0,0.00010810101066500069
1.11.0,avatica/server/src/main/java/org/apache/calcite/avatica/server/AvaticaProtobufHandler.java,0,0,0.004087417363606159
1.11.0,avatica/server/src/main/java/org/apache/calcite/avatica/server/AvaticaServerConfiguration.java,0,0,1.1232788535170323e-10
1.11.0,avatica/server/src/main/java/org/apache/calcite/avatica/server/DelegatingAvaticaHandler.java,0,0,3.108735898456799e-05
1.11.0,avatica/server/src/main/java/org/apache/calcite/avatica/server/DoAsRemoteUserCallback.java,0,0,2.397577675540311e-20
1.11.0,avatica/server/src/main/java/org/apache/calcite/avatica/server/HandlerFactory.java,0,0,0.24344699289101057
1.11.0,avatica/server/src/main/java/org/apache/calcite/avatica/server/Main.java,0,0,1.6191088188132636e-08
1.11.0,avatica/server/src/main/java/org/apache/calcite/avatica/server/MetricsAwareAvaticaHandler.java,0,0,3.0062490783782246e-11
1.11.0,avatica/server/src/main/java/org/apache/calcite/avatica/server/PropertyBasedSpnegoLoginService.java,0,0,0.13049909874419446
1.11.0,avatica/metrics/src/main/java/org/apache/calcite/avatica/metrics/Counter.java,0,0,7.579399073940802e-18
1.11.0,avatica/metrics/src/main/java/org/apache/calcite/avatica/metrics/Gauge.java,0,0,2.8634899476192516e-21
1.11.0,avatica/metrics/src/main/java/org/apache/calcite/avatica/metrics/Histogram.java,0,0,3.1857792969025944e-23
1.11.0,avatica/metrics/src/main/java/org/apache/calcite/avatica/metrics/Meter.java,0,0,7.141196352631974e-22
1.11.0,avatica/metrics/src/main/java/org/apache/calcite/avatica/metrics/Metric.java,0,0,1.8550200147445763e-13
1.11.0,avatica/metrics/src/main/java/org/apache/calcite/avatica/metrics/MetricsSystem.java,0,0,1.1952307690741991e-18
1.11.0,avatica/metrics/src/main/java/org/apache/calcite/avatica/metrics/MetricsSystemConfiguration.java,0,0,1.2036596507291741e-21
1.11.0,avatica/metrics/src/main/java/org/apache/calcite/avatica/metrics/MetricsSystemFactory.java,0,0,1.0528971304846915e-24
1.11.0,avatica/metrics/src/main/java/org/apache/calcite/avatica/metrics/MetricsSystemLoader.java,0,0,5.315273401267293e-05
1.11.0,avatica/metrics/src/main/java/org/apache/calcite/avatica/metrics/PackageMarker.java,0,0,3.6028392732503595e-15
1.11.0,avatica/metrics/src/main/java/org/apache/calcite/avatica/metrics/Timer.java,0,0,1.6177182872344672e-13
1.11.0,avatica/metrics/src/main/java/org/apache/calcite/avatica/metrics/noop/NoopCounter.java,0,0,4.099538044343629e-06
1.11.0,avatica/metrics/src/main/java/org/apache/calcite/avatica/metrics/noop/NoopHistogram.java,0,0,0.003105464798686054
1.11.0,avatica/metrics/src/main/java/org/apache/calcite/avatica/metrics/noop/NoopMeter.java,0,0,3.484628746955969e-06
1.11.0,avatica/metrics/src/main/java/org/apache/calcite/avatica/metrics/noop/NoopMetricsSystem.java,0,0,0.00013084290914037354
1.11.0,avatica/metrics/src/main/java/org/apache/calcite/avatica/metrics/noop/NoopMetricsSystemConfiguration.java,0,0,4.016246262409449e-06
1.11.0,avatica/metrics/src/main/java/org/apache/calcite/avatica/metrics/noop/NoopMetricsSystemFactory.java,0,0,1.2495684191807926e-06
1.11.0,avatica/metrics/src/main/java/org/apache/calcite/avatica/metrics/noop/NoopTimer.java,0,0,1.4568060140567675e-12
1.11.0,avatica/metrics-dropwizardmetrics3/src/main/java/org/apache/calcite/avatica/metrics/dropwizard3/DropwizardCounter.java,0,0,0.000196648272291022
1.11.0,avatica/metrics-dropwizardmetrics3/src/main/java/org/apache/calcite/avatica/metrics/dropwizard3/DropwizardGauge.java,0,0,4.83512989690559e-08
1.11.0,avatica/metrics-dropwizardmetrics3/src/main/java/org/apache/calcite/avatica/metrics/dropwizard3/DropwizardHistogram.java,0,0,2.930378697036329e-05
1.11.0,avatica/metrics-dropwizardmetrics3/src/main/java/org/apache/calcite/avatica/metrics/dropwizard3/DropwizardMeter.java,0,0,4.908312650853085e-05
1.11.0,avatica/metrics-dropwizardmetrics3/src/main/java/org/apache/calcite/avatica/metrics/dropwizard3/DropwizardMetricsSystem.java,0,0,2.6485708818565605e-07
1.11.0,avatica/metrics-dropwizardmetrics3/src/main/java/org/apache/calcite/avatica/metrics/dropwizard3/DropwizardMetricsSystemConfiguration.java,0,0,2.9119082354305544e-06
1.11.0,avatica/metrics-dropwizardmetrics3/src/main/java/org/apache/calcite/avatica/metrics/dropwizard3/DropwizardMetricsSystemFactory.java,0,0,1.0161409606253958e-09
1.11.0,avatica/metrics-dropwizardmetrics3/src/main/java/org/apache/calcite/avatica/metrics/dropwizard3/DropwizardTimer.java,0,0,1.9318054230554687e-09
1.11.0,avatica/noop-driver/src/main/java/org/apache/calcite/avatica/noop/AvaticaNoopConnection.java,0,0,2.2478609010952224e-05
1.11.0,avatica/noop-driver/src/main/java/org/apache/calcite/avatica/noop/AvaticaNoopDatabaseMetaData.java,0,0,3.864233429572112e-13
1.11.0,avatica/noop-driver/src/main/java/org/apache/calcite/avatica/noop/AvaticaNoopDriver.java,0,0,0.004044751253331895
1.11.0,avatica/noop-driver/src/main/java/org/apache/calcite/avatica/noop/AvaticaNoopParameterMetaData.java,0,0,0.0058951077713286035
1.11.0,avatica/noop-driver/src/main/java/org/apache/calcite/avatica/noop/AvaticaNoopPreparedStatement.java,0,0,1.7257560490429363e-11
1.11.0,avatica/noop-driver/src/main/java/org/apache/calcite/avatica/noop/AvaticaNoopResultSet.java,0,0,6.14263211526173e-10
1.11.0,avatica/noop-driver/src/main/java/org/apache/calcite/avatica/noop/AvaticaNoopResultSetMetaData.java,0,0,0.000839262267909386
1.11.0,avatica/noop-driver/src/main/java/org/apache/calcite/avatica/noop/AvaticaNoopStatement.java,0,0,0.0011322525851135716
1.11.0,avatica/noop-driver/src/main/java/org/apache/calcite/avatica/noop/PackageMarker.java,0,0,3.6028392732503595e-15
1.11.0,avatica/tck/src/main/java/org/apache/calcite/avatica/tck/PackageMarker.java,0,0,3.6028392732503595e-15
1.11.0,avatica/tck/src/main/java/org/apache/calcite/avatica/tck/TestRunner.java,0,0,0.0007666665473402941
1.11.0,cassandra/src/main/java/org/apache/calcite/adapter/cassandra/CassandraEnumerator.java,1,1,0.8700087256935117
1.11.0,cassandra/src/main/java/org/apache/calcite/adapter/cassandra/CassandraFilter.java,0,0,0.22414546970191546
1.11.0,cassandra/src/main/java/org/apache/calcite/adapter/cassandra/CassandraLimit.java,0,0,0.37704512445686383
1.11.0,cassandra/src/main/java/org/apache/calcite/adapter/cassandra/CassandraMethod.java,0,0,0.35244987216848217
1.11.0,cassandra/src/main/java/org/apache/calcite/adapter/cassandra/CassandraProject.java,0,0,0.0045730598186774765
1.11.0,cassandra/src/main/java/org/apache/calcite/adapter/cassandra/CassandraRel.java,0,0,3.647966302014675e-06
1.11.0,cassandra/src/main/java/org/apache/calcite/adapter/cassandra/CassandraRules.java,0,0,0.03369848947240801
1.11.0,cassandra/src/main/java/org/apache/calcite/adapter/cassandra/CassandraSort.java,0,0,0.017221933355767206
1.11.0,cassandra/src/main/java/org/apache/calcite/adapter/cassandra/CassandraTable.java,1,1,0.9450728732108367
1.11.0,cassandra/src/main/java/org/apache/calcite/adapter/cassandra/CassandraTableScan.java,0,0,0.019705260549674204
1.11.0,cassandra/src/main/java/org/apache/calcite/adapter/cassandra/CassandraToEnumerableConverter.java,0,0,0.024318660251261438
1.11.0,cassandra/src/main/java/org/apache/calcite/adapter/cassandra/CassandraToEnumerableConverterRule.java,0,0,0.00018942362021412133
1.11.0,druid/src/main/java/org/apache/calcite/adapter/druid/DruidConnection.java,0,0,6.913312190712233e-11
1.11.0,druid/src/main/java/org/apache/calcite/adapter/druid/DruidResultEnumerator.java,0,0,1.5228712381397579e-05
1.11.0,elasticsearch/src/main/java/org/apache/calcite/adapter/elasticsearch/ElasticsearchEnumerator.java,0,0,0.011335627668653685
1.11.0,elasticsearch/src/main/java/org/apache/calcite/adapter/elasticsearch/ElasticsearchFilter.java,0,0,0.007897251818873527
1.11.0,elasticsearch/src/main/java/org/apache/calcite/adapter/elasticsearch/ElasticsearchMethod.java,0,0,0.1144082341585744
1.11.0,elasticsearch/src/main/java/org/apache/calcite/adapter/elasticsearch/ElasticsearchProject.java,0,0,0.445860040138154
1.11.0,elasticsearch/src/main/java/org/apache/calcite/adapter/elasticsearch/ElasticsearchRel.java,0,0,4.5789664904516905e-09
1.11.0,elasticsearch/src/main/java/org/apache/calcite/adapter/elasticsearch/ElasticsearchRules.java,0,0,0.028122937046407965
1.11.0,elasticsearch/src/main/java/org/apache/calcite/adapter/elasticsearch/ElasticsearchSchema.java,0,0,1.1418177666781476e-06
1.11.0,elasticsearch/src/main/java/org/apache/calcite/adapter/elasticsearch/ElasticsearchSchemaFactory.java,0,0,1.3025596177629702e-17
1.11.0,elasticsearch/src/main/java/org/apache/calcite/adapter/elasticsearch/ElasticsearchSort.java,0,0,0.006777975868671268
1.11.0,elasticsearch/src/main/java/org/apache/calcite/adapter/elasticsearch/ElasticsearchTable.java,0,0,0.1271963404163678
1.11.0,elasticsearch/src/main/java/org/apache/calcite/adapter/elasticsearch/ElasticsearchTableScan.java,0,0,0.008148794232084908
1.11.0,elasticsearch/src/main/java/org/apache/calcite/adapter/elasticsearch/ElasticsearchToEnumerableConverter.java,0,0,1.9227293908377723e-06
1.11.0,elasticsearch/src/main/java/org/apache/calcite/adapter/elasticsearch/ElasticsearchToEnumerableConverterRule.java,0,0,5.5301894296257414e-05
1.11.0,mongodb/src/main/java/org/apache/calcite/adapter/mongodb/MongoAggregate.java,0,0,8.80479244108966e-05
1.11.0,mongodb/src/main/java/org/apache/calcite/adapter/mongodb/MongoEnumerator.java,0,0,0.005420401350727818
1.11.0,mongodb/src/main/java/org/apache/calcite/adapter/mongodb/MongoFilter.java,0,0,0.2292864853168306
1.11.0,mongodb/src/main/java/org/apache/calcite/adapter/mongodb/MongoMethod.java,0,0,0.35190875422345763
1.11.0,mongodb/src/main/java/org/apache/calcite/adapter/mongodb/MongoProject.java,0,0,0.09082095797389789
1.11.0,mongodb/src/main/java/org/apache/calcite/adapter/mongodb/MongoRel.java,0,0,2.082176225270595e-10
1.11.0,mongodb/src/main/java/org/apache/calcite/adapter/mongodb/MongoRules.java,0,0,0.0006055335121827418
1.11.0,mongodb/src/main/java/org/apache/calcite/adapter/mongodb/MongoSchema.java,0,0,3.199102000655205e-05
1.11.0,mongodb/src/main/java/org/apache/calcite/adapter/mongodb/MongoSchemaFactory.java,0,0,0.0277159351390383
1.11.0,mongodb/src/main/java/org/apache/calcite/adapter/mongodb/MongoSort.java,0,0,0.087625570493171
1.11.0,mongodb/src/main/java/org/apache/calcite/adapter/mongodb/MongoTable.java,0,0,0.01922724723807157
1.11.0,mongodb/src/main/java/org/apache/calcite/adapter/mongodb/MongoTableScan.java,0,0,0.012135148940943816
1.11.0,mongodb/src/main/java/org/apache/calcite/adapter/mongodb/MongoToEnumerableConverter.java,0,0,0.05201421804913796
1.11.0,mongodb/src/main/java/org/apache/calcite/adapter/mongodb/MongoToEnumerableConverterRule.java,0,0,0.00014660130374565097
1.11.0,plus/src/main/java/org/apache/calcite/adapter/tpcds/TpcdsSchema.java,0,0,3.4172268951217892e-09
1.11.0,plus/src/main/java/org/apache/calcite/adapter/tpcds/TpcdsSchemaFactory.java,0,0,0.07614248488303701
1.11.0,plus/src/main/java/org/apache/calcite/adapter/tpch/TpchSchema.java,0,0,7.53602855064714e-07
1.11.0,plus/src/main/java/org/apache/calcite/adapter/tpch/TpchSchemaFactory.java,0,0,0.08165547882693795
1.11.0,spark/src/main/java/org/apache/calcite/adapter/spark/EnumerableToSparkConverter.java,0,0,0.004825882884778549
1.11.0,spark/src/main/java/org/apache/calcite/adapter/spark/EnumerableToSparkConverterRule.java,0,0,0.0002344608678967322
1.11.0,spark/src/main/java/org/apache/calcite/adapter/spark/HttpServer.java,0,0,0.05051020579332726
1.11.0,spark/src/main/java/org/apache/calcite/adapter/spark/JdbcToSparkConverter.java,0,1,0.6549256203467316
1.11.0,spark/src/main/java/org/apache/calcite/adapter/spark/JdbcToSparkConverterRule.java,0,0,0.002726045539439567
1.11.0,spark/src/main/java/org/apache/calcite/adapter/spark/SparkHandlerImpl.java,0,1,0.648683755254958
1.11.0,spark/src/main/java/org/apache/calcite/adapter/spark/SparkMethod.java,0,0,3.877717587315004e-08
1.11.0,spark/src/main/java/org/apache/calcite/adapter/spark/SparkRel.java,0,0,1.2726019650127023e-18
1.11.0,spark/src/main/java/org/apache/calcite/adapter/spark/SparkToEnumerableConverter.java,0,0,4.566345261320177e-07
1.11.0,splunk/src/main/java/org/apache/calcite/adapter/splunk/SplunkDriver.java,0,0,0.06405608158385674
1.11.0,splunk/src/main/java/org/apache/calcite/adapter/splunk/SplunkDriverVersion.java,0,0,8.137741271461234e-11
1.11.0,splunk/src/main/java/org/apache/calcite/adapter/splunk/SplunkQuery.java,0,0,0.09234756234046865
1.11.0,splunk/src/main/java/org/apache/calcite/adapter/splunk/SplunkSchema.java,0,0,2.2751145365832974e-07
1.11.0,splunk/src/main/java/org/apache/calcite/adapter/splunk/SplunkTable.java,0,0,0.07652497078083223
1.11.0,splunk/src/main/java/org/apache/calcite/adapter/splunk/SplunkTableScan.java,0,0,0.18300001373417618
1.11.0,splunk/src/main/java/org/apache/calcite/adapter/splunk/search/SearchResultListener.java,0,0,0.00014709821704716374
1.11.0,splunk/src/main/java/org/apache/calcite/adapter/splunk/search/SplunkConnection.java,0,0,3.3636142399100555e-15
1.11.0,splunk/src/main/java/org/apache/calcite/adapter/splunk/util/StringUtils.java,0,0,0.00016446633239603216
1.11.0,piglet/src/main/java/org/apache/calcite/piglet/Ast.java,1,1,0.9996707782637205
1.11.0,piglet/src/main/java/org/apache/calcite/piglet/Handler.java,0,0,0.10003178335963278
1.11.0,linq4j/src/main/java/org/apache/calcite/linq4j/AbstractEnumerable.java,0,0,1.8902272256298194e-09
1.11.0,linq4j/src/main/java/org/apache/calcite/linq4j/AbstractEnumerable2.java,0,0,1.6720957282993067e-13
1.11.0,linq4j/src/main/java/org/apache/calcite/linq4j/AbstractQueryable.java,0,0,1.003402465698143e-10
1.11.0,linq4j/src/main/java/org/apache/calcite/linq4j/BaseQueryable.java,0,0,2.1191980560846036e-07
1.11.0,linq4j/src/main/java/org/apache/calcite/linq4j/CartesianProductEnumerator.java,0,0,1.498243108110207e-08
1.11.0,linq4j/src/main/java/org/apache/calcite/linq4j/CorrelateJoinType.java,0,0,8.569169682629509e-12
1.11.0,linq4j/src/main/java/org/apache/calcite/linq4j/DefaultQueryable.java,0,0,8.47217119432856e-09
1.11.0,linq4j/src/main/java/org/apache/calcite/linq4j/DelegatingEnumerator.java,0,0,9.056216636578388e-10
1.11.0,linq4j/src/main/java/org/apache/calcite/linq4j/Enumerable.java,0,0,6.883834842860541e-45
1.11.0,linq4j/src/main/java/org/apache/calcite/linq4j/EnumerableOrderedQueryable.java,0,0,1.753488564435262e-06
1.11.0,linq4j/src/main/java/org/apache/calcite/linq4j/EnumerableQueryable.java,0,0,0.0004667602740808987
1.11.0,linq4j/src/main/java/org/apache/calcite/linq4j/Enumerator.java,0,0,8.934067607154772e-31
1.11.0,linq4j/src/main/java/org/apache/calcite/linq4j/ExtendedOrderedEnumerable.java,0,0,2.618314358868871e-25
1.11.0,linq4j/src/main/java/org/apache/calcite/linq4j/ExtendedOrderedQueryable.java,0,0,2.434335334581711e-31
1.11.0,linq4j/src/main/java/org/apache/calcite/linq4j/ExtendedQueryable.java,0,0,5.675616843242795e-17
1.11.0,linq4j/src/main/java/org/apache/calcite/linq4j/Extensions.java,0,0,5.443988558201689e-12
1.11.0,linq4j/src/main/java/org/apache/calcite/linq4j/Grouping.java,0,0,4.5709441280536704e-35
1.11.0,linq4j/src/main/java/org/apache/calcite/linq4j/GroupingImpl.java,0,0,2.8347773265709015e-06
1.11.0,linq4j/src/main/java/org/apache/calcite/linq4j/Linq4j.java,0,0,7.075585832057182e-08
1.11.0,linq4j/src/main/java/org/apache/calcite/linq4j/Lookup.java,0,0,2.1998233659089925e-30
1.11.0,linq4j/src/main/java/org/apache/calcite/linq4j/LookupImpl.java,0,0,0.02414388979244077
1.11.0,linq4j/src/main/java/org/apache/calcite/linq4j/OpType.java,0,0,2.0406115328219193e-14
1.11.0,linq4j/src/main/java/org/apache/calcite/linq4j/Ord.java,0,0,1.1581169881011711e-14
1.11.0,linq4j/src/main/java/org/apache/calcite/linq4j/OrderedEnumerable.java,0,0,1.216199124480644e-22
1.11.0,linq4j/src/main/java/org/apache/calcite/linq4j/OrderedQueryable.java,0,0,3.205174938403583e-25
1.11.0,linq4j/src/main/java/org/apache/calcite/linq4j/PackageMarker.java,0,0,3.6028392732503595e-15
1.11.0,linq4j/src/main/java/org/apache/calcite/linq4j/Queryable.java,0,0,4.0675142094048045e-23
1.11.0,linq4j/src/main/java/org/apache/calcite/linq4j/QueryableDefaults.java,0,0,0.0006808215750847126
1.11.0,linq4j/src/main/java/org/apache/calcite/linq4j/QueryableFactory.java,0,0,2.444701915064239e-16
1.11.0,linq4j/src/main/java/org/apache/calcite/linq4j/QueryableRecorder.java,0,0,2.0646334910125134e-10
1.11.0,linq4j/src/main/java/org/apache/calcite/linq4j/QueryProvider.java,0,0,2.1297955546108104e-20
1.11.0,linq4j/src/main/java/org/apache/calcite/linq4j/QueryProviderImpl.java,0,0,2.5449321480071115e-14
1.11.0,linq4j/src/main/java/org/apache/calcite/linq4j/RawEnumerable.java,0,0,2.529942491011365e-46
1.11.0,linq4j/src/main/java/org/apache/calcite/linq4j/RawQueryable.java,0,0,6.734464004746523e-30
1.11.0,linq4j/src/main/java/org/apache/calcite/linq4j/TransformedEnumerator.java,0,0,1.2401448211272914e-10
1.11.0,linq4j/src/main/java/org/apache/calcite/linq4j/function/BigDecimalFunction1.java,0,0,4.308380917968318e-13
1.11.0,linq4j/src/main/java/org/apache/calcite/linq4j/function/Deterministic.java,0,0,7.735705903859569e-16
1.11.0,linq4j/src/main/java/org/apache/calcite/linq4j/function/DoubleFunction1.java,0,0,1.5833353616118727e-17
1.11.0,linq4j/src/main/java/org/apache/calcite/linq4j/function/EqualityComparer.java,0,0,4.967800059972963e-14
1.11.0,linq4j/src/main/java/org/apache/calcite/linq4j/function/FloatFunction1.java,0,0,1.5833353616118727e-17
1.11.0,linq4j/src/main/java/org/apache/calcite/linq4j/function/Function.java,0,0,6.263926852306295e-15
1.11.0,linq4j/src/main/java/org/apache/calcite/linq4j/function/Function0.java,0,0,4.3254483972285816e-23
1.11.0,linq4j/src/main/java/org/apache/calcite/linq4j/function/Function1.java,0,0,1.606812422391691e-35
1.11.0,linq4j/src/main/java/org/apache/calcite/linq4j/function/Function2.java,0,0,8.448607723834684e-27
1.11.0,linq4j/src/main/java/org/apache/calcite/linq4j/function/Functions.java,0,0,2.43842943736724e-08
1.11.0,linq4j/src/main/java/org/apache/calcite/linq4j/function/IntegerFunction1.java,0,0,1.7811153287703251e-16
1.11.0,linq4j/src/main/java/org/apache/calcite/linq4j/function/LongFunction1.java,0,0,1.5833353616118727e-17
1.11.0,linq4j/src/main/java/org/apache/calcite/linq4j/function/NonDeterministic.java,0,0,2.7334024702810508e-15
1.11.0,linq4j/src/main/java/org/apache/calcite/linq4j/function/NullableBigDecimalFunction1.java,0,0,3.203280565314652e-13
1.11.0,linq4j/src/main/java/org/apache/calcite/linq4j/function/NullableDoubleFunction1.java,0,0,6.535028390328049e-13
1.11.0,linq4j/src/main/java/org/apache/calcite/linq4j/function/NullableFloatFunction1.java,0,0,6.535028390328049e-13
1.11.0,linq4j/src/main/java/org/apache/calcite/linq4j/function/NullableIntegerFunction1.java,0,0,6.535028390328049e-13
1.11.0,linq4j/src/main/java/org/apache/calcite/linq4j/function/NullableLongFunction1.java,0,0,6.535028390328049e-13
1.11.0,linq4j/src/main/java/org/apache/calcite/linq4j/function/Parameter.java,0,0,1.7858577498106047e-40
1.11.0,linq4j/src/main/java/org/apache/calcite/linq4j/function/Predicate1.java,0,0,3.5776776804720555e-21
1.11.0,linq4j/src/main/java/org/apache/calcite/linq4j/function/Predicate2.java,0,0,9.627885089982956e-16
1.11.0,linq4j/src/main/java/org/apache/calcite/linq4j/tree/AbstractNode.java,0,0,0.00010212669888126366
1.11.0,linq4j/src/main/java/org/apache/calcite/linq4j/tree/ArrayLengthRecordField.java,0,0,4.184487420078192e-06
1.11.0,linq4j/src/main/java/org/apache/calcite/linq4j/tree/Blocks.java,0,0,0.002720557561965649
1.11.0,linq4j/src/main/java/org/apache/calcite/linq4j/tree/CallSiteBinder.java,0,0,5.79130845631724e-13
1.11.0,linq4j/src/main/java/org/apache/calcite/linq4j/tree/CatchBlock.java,0,0,0.0007027218663079752
1.11.0,linq4j/src/main/java/org/apache/calcite/linq4j/tree/ConstantUntypedNull.java,0,0,6.338702450269682e-06
1.11.0,linq4j/src/main/java/org/apache/calcite/linq4j/tree/ElementInit.java,0,0,1.7279434042481477e-06
1.11.0,linq4j/src/main/java/org/apache/calcite/linq4j/tree/Evaluator.java,0,0,0.033354662497134306
1.11.0,linq4j/src/main/java/org/apache/calcite/linq4j/tree/Expression.java,0,0,1.6116658559171955e-10
1.11.0,linq4j/src/main/java/org/apache/calcite/linq4j/tree/ExpressionType.java,0,0,0.023966253897370948
1.11.0,linq4j/src/main/java/org/apache/calcite/linq4j/tree/ExpressionVisitor.java,0,0,8.281759496844362e-22
1.11.0,linq4j/src/main/java/org/apache/calcite/linq4j/tree/ExpressionWriter.java,0,0,4.651383544664811e-07
1.11.0,linq4j/src/main/java/org/apache/calcite/linq4j/tree/GotoExpressionKind.java,0,0,3.182174123729735e-05
1.11.0,linq4j/src/main/java/org/apache/calcite/linq4j/tree/LabelTarget.java,0,0,0.01555463727427005
1.11.0,linq4j/src/main/java/org/apache/calcite/linq4j/tree/MemberAssignment.java,0,0,8.26051255702343e-07
1.11.0,linq4j/src/main/java/org/apache/calcite/linq4j/tree/MemberBinding.java,0,0,2.2705343389556196e-06
1.11.0,linq4j/src/main/java/org/apache/calcite/linq4j/tree/MemberDeclaration.java,0,0,3.6689360071964047e-07
1.11.0,linq4j/src/main/java/org/apache/calcite/linq4j/tree/MemberListBinding.java,0,0,8.663833794887203e-07
1.11.0,linq4j/src/main/java/org/apache/calcite/linq4j/tree/MemberMemberBinding.java,0,0,8.26051255702343e-07
1.11.0,linq4j/src/main/java/org/apache/calcite/linq4j/tree/Primitive.java,0,0,0.03077671187020588
1.11.0,linq4j/src/main/java/org/apache/calcite/linq4j/tree/PseudoField.java,0,0,1.6354916528464553e-11
1.11.0,linq4j/src/main/java/org/apache/calcite/linq4j/tree/ReflectedPseudoField.java,0,0,7.0706632935195536e-06
1.11.0,linq4j/src/main/java/org/apache/calcite/linq4j/tree/Statement.java,0,0,6.0801418870427014e-05
1.11.0,linq4j/src/main/java/org/apache/calcite/linq4j/tree/SwitchCase.java,0,0,1.6475037609245381e-06
1.11.0,ubenchmark/src/main/java/org/apache/calcite/benchmarks/FlightRecorderProfiler.java,0,0,0.001249525382090807
1.11.0,ubenchmark/src/main/java/org/apache/calcite/benchmarks/ParserBenchmark.java,0,0,0.24542373167233586
1.11.0,ubenchmark/src/main/java/org/apache/calcite/benchmarks/PreconditionTest.java,0,0,0.13304403038083892
1.11.0,ubenchmark/src/main/java/org/apache/calcite/benchmarks/StatementTest.java,0,0,6.307428575376533e-09
1.11.0,core/src/main/java/org/apache/calcite/rel/rules/AggregateExpandDistinctAggregatesRule.java,1,1,0.9997378456086748
1.11.0,core/src/main/java/org/apache/calcite/rel/metadata/JaninoRelMetadataProvider.java,1,1,0.9906677435332373
1.11.0,core/src/main/java/org/apache/calcite/rel/metadata/RelMdColumnUniqueness.java,1,1,0.9971665464788296
1.11.0,avatica/core/src/main/java/org/apache/calcite/avatica/AvaticaConnection.java,0,0,2.10804529462077e-16
1.11.0,avatica/core/src/main/java/org/apache/calcite/avatica/AvaticaStatement.java,0,0,0.02993827708072059
1.11.0,core/src/main/java/org/apache/calcite/plan/RexImplicationChecker.java,1,1,0.9874629729929559
1.11.0,core/src/main/java/org/apache/calcite/rex/RexUtil.java,1,1,0.9999991918767741
1.11.0,core/src/main/java/org/apache/calcite/sql/SqlKind.java,0,1,0.9455015940094814
1.11.0,core/src/main/java/org/apache/calcite/rel/metadata/RelMdPredicates.java,1,1,0.7565065582800221
1.11.0,core/src/main/java/org/apache/calcite/sql/fun/SqlCoalesceFunction.java,0,0,0.005125098829286754
1.11.0,core/src/main/java/org/apache/calcite/sql/fun/SqlNullifFunction.java,0,0,0.0015986049657751194
1.11.0,avatica/core/src/main/java/org/apache/calcite/avatica/util/ByteString.java,0,0,0.15893517024769185
1.11.0,core/src/main/java/org/apache/calcite/plan/volcano/RuleQueue.java,0,0,1.0160113516821606e-06
1.11.0,core/src/main/java/org/apache/calcite/rel/rules/LoptSemiJoinOptimizer.java,0,0,0.00997716876533151
1.11.0,cassandra/src/main/java/org/apache/calcite/adapter/cassandra/CassandraSchema.java,0,1,0.6916062276146682
1.11.0,core/src/main/java/org/apache/calcite/sql/SqlLateralOperator.java,0,0,0.0467308699998829
1.11.0,core/src/main/java/org/apache/calcite/sql/SqlPrefixOperator.java,0,0,0.4431237929300707
1.11.0,core/src/main/java/org/apache/calcite/sql/SqlSpecialOperator.java,0,0,1.0956036678322188e-10
1.11.0,core/src/main/java/org/apache/calcite/util/PrecedenceClimbingParser.java,0,0,0.180759708380748
1.11.0,core/src/main/java/org/apache/calcite/sql/fun/SqlBetweenOperator.java,0,1,0.9631582586253831
1.11.0,core/src/main/java/org/apache/calcite/sql/fun/SqlItemOperator.java,0,0,0.0011433090847988816
1.11.0,core/src/main/java/org/apache/calcite/sql/fun/SqlLikeOperator.java,0,0,0.00010612910479165273
1.11.0,avatica/core/src/main/java/org/apache/calcite/avatica/Meta.java,0,1,0.9999993071349282
1.11.0,core/src/main/java/org/apache/calcite/rel/core/Values.java,0,0,8.413863072338719e-05
1.11.0,core/src/main/java/org/apache/calcite/rel/rules/ValuesReduceRule.java,0,1,0.9994478310824969
1.11.0,cassandra/src/main/java/org/apache/calcite/adapter/cassandra/CassandraSchemaFactory.java,0,0,0.0058847558208036214
1.11.0,avatica/core/src/main/java/org/apache/calcite/avatica/util/AbstractCursor.java,0,1,0.7856956439639773
1.11.0,core/src/main/java/org/apache/calcite/plan/RelOptPredicateList.java,0,1,0.6729359199311808
1.11.0,core/src/main/java/org/apache/calcite/schema/impl/AggregateFunctionImpl.java,0,1,0.9052836064424588
1.11.0,core/src/main/java/org/apache/calcite/rex/RexExecutorImpl.java,1,0,1.543087392598605e-09
1.11.0,core/src/main/java/org/apache/calcite/sql2rel/StandardConvertletTable.java,1,1,0.9928663601502004
1.11.0,core/src/main/java/org/apache/calcite/rel/rules/FilterRemoveIsNotDistinctFromRule.java,0,0,3.3686887877171425e-05
1.11.0,core/src/main/java/org/apache/calcite/rel/rules/JoinExtractFilterRule.java,0,0,0.0003214182679932702
1.11.0,core/src/main/java/org/apache/calcite/rel/rules/SemiJoinFilterTransposeRule.java,0,0,0.007877361429329393
1.11.0,linq4j/src/main/java/org/apache/calcite/linq4j/tree/BinaryExpression.java,0,0,2.960035258437508e-10
1.11.0,linq4j/src/main/java/org/apache/calcite/linq4j/tree/BlockStatement.java,0,0,3.1803064369741813e-07
1.11.0,linq4j/src/main/java/org/apache/calcite/linq4j/tree/ClassDeclaration.java,0,0,1.250954813234724e-06
1.11.0,linq4j/src/main/java/org/apache/calcite/linq4j/tree/ClassDeclarationFinder.java,0,0,0.004811644413619512
1.11.0,linq4j/src/main/java/org/apache/calcite/linq4j/tree/ConditionalExpression.java,0,0,1.0833621348393775e-07
1.11.0,linq4j/src/main/java/org/apache/calcite/linq4j/tree/ConditionalStatement.java,0,0,2.4118670943356007e-05
1.11.0,linq4j/src/main/java/org/apache/calcite/linq4j/tree/ConstantExpression.java,0,0,7.862447662012582e-05
1.11.0,linq4j/src/main/java/org/apache/calcite/linq4j/tree/ConstructorDeclaration.java,0,0,0.001389347651049676
1.11.0,linq4j/src/main/java/org/apache/calcite/linq4j/tree/DeclarationStatement.java,0,0,3.603918005130673e-06
1.11.0,linq4j/src/main/java/org/apache/calcite/linq4j/tree/DefaultExpression.java,0,0,2.0586689368798643e-07
1.11.0,linq4j/src/main/java/org/apache/calcite/linq4j/tree/DynamicExpression.java,0,0,2.0586689368798643e-07
1.11.0,linq4j/src/main/java/org/apache/calcite/linq4j/tree/Expressions.java,0,0,0.4419488440432253
1.11.0,linq4j/src/main/java/org/apache/calcite/linq4j/tree/FieldDeclaration.java,0,0,0.0002661625444354991
1.11.0,linq4j/src/main/java/org/apache/calcite/linq4j/tree/ForStatement.java,0,0,1.4715426008998726e-05
1.11.0,linq4j/src/main/java/org/apache/calcite/linq4j/tree/FunctionExpression.java,0,0,0.0010510392738441805
1.11.0,linq4j/src/main/java/org/apache/calcite/linq4j/tree/GotoStatement.java,0,0,7.826008662697003e-06
1.11.0,linq4j/src/main/java/org/apache/calcite/linq4j/tree/IndexExpression.java,0,0,9.534779744865426e-07
1.11.0,linq4j/src/main/java/org/apache/calcite/linq4j/tree/InvocationExpression.java,0,0,1.9315097159588334e-07
1.11.0,linq4j/src/main/java/org/apache/calcite/linq4j/tree/LabelStatement.java,0,0,2.971065865193834e-07
1.11.0,linq4j/src/main/java/org/apache/calcite/linq4j/tree/LambdaExpression.java,0,0,3.33636824426657e-07
1.11.0,linq4j/src/main/java/org/apache/calcite/linq4j/tree/ListInitExpression.java,0,0,1.845151108737098e-07
1.11.0,linq4j/src/main/java/org/apache/calcite/linq4j/tree/MemberExpression.java,0,0,8.751169208026786e-07
1.11.0,linq4j/src/main/java/org/apache/calcite/linq4j/tree/MemberInitExpression.java,0,0,1.474367653784627e-07
1.11.0,linq4j/src/main/java/org/apache/calcite/linq4j/tree/MethodCallExpression.java,0,0,5.792442976902304e-06
1.11.0,linq4j/src/main/java/org/apache/calcite/linq4j/tree/MethodDeclaration.java,0,0,0.00767338801016079
1.11.0,linq4j/src/main/java/org/apache/calcite/linq4j/tree/NewArrayExpression.java,0,0,5.573312828306015e-06
1.11.0,linq4j/src/main/java/org/apache/calcite/linq4j/tree/NewExpression.java,0,0,1.550830496874513e-07
1.11.0,linq4j/src/main/java/org/apache/calcite/linq4j/tree/Node.java,0,0,1.3617653197089604e-14
1.11.0,linq4j/src/main/java/org/apache/calcite/linq4j/tree/OptimizeShuttle.java,0,0,0.07627816424494811
1.11.0,linq4j/src/main/java/org/apache/calcite/linq4j/tree/ParameterExpression.java,0,0,1.6153112892346987e-07
1.11.0,linq4j/src/main/java/org/apache/calcite/linq4j/tree/Shuttle.java,0,0,9.202512961346251e-05
1.11.0,linq4j/src/main/java/org/apache/calcite/linq4j/tree/SwitchStatement.java,0,0,2.1448362052596852e-07
1.11.0,linq4j/src/main/java/org/apache/calcite/linq4j/tree/TernaryExpression.java,0,0,1.0901762655605704e-07
1.11.0,linq4j/src/main/java/org/apache/calcite/linq4j/tree/ThrowStatement.java,0,0,1.1201044197531206e-05
1.11.0,linq4j/src/main/java/org/apache/calcite/linq4j/tree/TryStatement.java,0,0,2.399774221739696e-08
1.11.0,linq4j/src/main/java/org/apache/calcite/linq4j/tree/TypeBinaryExpression.java,0,0,9.669268861557557e-07
1.11.0,linq4j/src/main/java/org/apache/calcite/linq4j/tree/UnaryExpression.java,0,0,4.511857180235747e-06
1.11.0,linq4j/src/main/java/org/apache/calcite/linq4j/tree/Visitor.java,0,0,7.635059341721512e-31
1.11.0,linq4j/src/main/java/org/apache/calcite/linq4j/tree/VisitorImpl.java,0,0,8.860733958461691e-05
1.11.0,linq4j/src/main/java/org/apache/calcite/linq4j/tree/WhileStatement.java,0,0,1.2522594954815111e-06
1.11.0,avatica/core/src/main/java/org/apache/calcite/avatica/remote/AvaticaRemoteConnectionProperty.java,0,0,4.62211143481734e-14
1.11.0,core/src/main/java/org/apache/calcite/rel/rules/AggregateProjectPullUpConstantsRule.java,0,1,0.950328008335186
1.11.0,core/src/main/java/org/apache/calcite/rel/rules/UnionPullUpConstantsRule.java,0,0,0.12315110011589427
1.11.0,core/src/main/java/org/apache/calcite/rel/rules/SortJoinTransposeRule.java,0,0,0.4106568351784383
1.11.0,druid/src/main/java/org/apache/calcite/adapter/druid/DruidSchema.java,0,0,0.4430707817212782
1.11.0,druid/src/main/java/org/apache/calcite/adapter/druid/DruidTableFactory.java,1,0,0.22900710300660082
1.11.0,core/src/main/java/org/apache/calcite/prepare/PlannerImpl.java,1,0,0.10654597516346054
1.11.0,core/src/main/java/org/apache/calcite/sql/parser/SqlParser.java,0,0,1.8952707138493532e-06
1.11.0,core/src/main/java/org/apache/calcite/sql/SqlAlter.java,0,0,0.0020882974957764197
1.11.0,core/src/main/java/org/apache/calcite/sql/SqlSetOption.java,0,0,1.1721535320910596e-07
1.11.0,core/src/main/java/org/apache/calcite/rel/rules/MaterializedViewJoinRule.java,0,0,0.008139697610067005
1.11.0,avatica/core/src/main/java/org/apache/calcite/avatica/BuiltInConnectionProperty.java,0,0,9.827052097197089e-05
1.11.0,avatica/core/src/main/java/org/apache/calcite/avatica/ConnectionConfig.java,0,0,8.211571088259673e-21
1.11.0,avatica/core/src/main/java/org/apache/calcite/avatica/ConnectionConfigImpl.java,0,0,8.714190335378629e-10
1.11.0,avatica/core/src/main/java/org/apache/calcite/avatica/remote/AvaticaCommonsHttpClientImpl.java,0,1,0.985573512078545
1.11.0,avatica/core/src/main/java/org/apache/calcite/avatica/remote/AvaticaHttpClientFactoryImpl.java,0,0,0.0163913879675154
1.11.0,avatica/core/src/main/java/org/apache/calcite/avatica/remote/TrustStoreConfigurable.java,0,0,4.17410752348497e-14
1.11.0,avatica/server/src/main/java/org/apache/calcite/avatica/server/HttpServer.java,0,1,0.9984911412511241
1.11.0,core/src/main/java/org/apache/calcite/sql/fun/SqlTimestampAddFunction.java,0,1,0.7598456102519987
1.11.0,core/src/main/java/org/apache/calcite/sql/fun/SqlTimestampDiffFunction.java,0,0,7.708445738138992e-09
1.11.0,core/src/main/java/org/apache/calcite/rel/rules/ReduceExpressionsRule.java,1,1,0.8137185801350918
1.11.0,core/src/main/java/org/apache/calcite/rel/rules/UnionMergeRule.java,1,1,0.9988896935232618
1.11.0,core/src/main/java/org/apache/calcite/plan/VisitorDataContext.java,0,0,0.02335546356790645
1.11.0,core/src/main/java/org/apache/calcite/sql/SqlDescribeSchema.java,0,0,1.0987484208462742e-05
1.11.0,core/src/main/java/org/apache/calcite/sql/SqlDescribeTable.java,0,0,2.783591782079134e-06
1.11.0,core/src/main/java/org/apache/calcite/rel/core/RelFactories.java,0,0,0.0020139415028480353
1.11.0,core/src/main/java/org/apache/calcite/rel/rules/IntersectToDistinctRule.java,0,0,0.048353318789242594
1.11.0,avatica/core/src/main/java/org/apache/calcite/avatica/AvaticaResultSet.java,0,0,0.0003939858702493299
1.11.0,avatica/core/src/main/java/org/apache/calcite/avatica/AvaticaUtils.java,0,0,2.196959133660144e-07
1.11.0,avatica/core/src/main/java/org/apache/calcite/avatica/ConnectionProperty.java,0,0,4.6744041200395373e-14
1.11.0,core/src/main/java/org/apache/calcite/sql/validate/SqlDelegatingConformance.java,0,0,0.004049637974688748
1.11.0,core/src/main/java/org/apache/calcite/adapter/enumerable/ReflectiveCallNotNullImplementor.java,0,0,0.012895928286594886
1.11.0,core/src/main/java/org/apache/calcite/sql/SqlBasicCall.java,0,0,0.14790613379524886
1.11.0,core/src/main/java/org/apache/calcite/sql/SqlCall.java,0,1,0.8639905136559943
1.11.0,linq4j/src/main/java/org/apache/calcite/linq4j/tree/BlockBuilder.java,0,0,0.02160480452440421
1.11.0,linq4j/src/main/java/org/apache/calcite/linq4j/tree/DeterministicCodeOptimizer.java,0,0,0.4066486308444046
1.11.0,core/src/main/java/org/apache/calcite/rel/AbstractRelNode.java,1,1,0.9994595540204437
1.11.0,core/src/main/java/org/apache/calcite/rel/RelNode.java,0,0,1.8518077275814831e-34
1.11.0,core/src/main/java/org/apache/calcite/rex/RexChecker.java,0,0,0.00018687407238432774
1.11.0,core/src/main/java/org/apache/calcite/rex/RexProgram.java,0,0,0.05275848098170075
1.11.0,core/src/main/java/org/apache/calcite/rex/RexProgramBuilder.java,0,1,0.7210728248503919
1.11.0,core/src/main/java/org/apache/calcite/rel/core/Aggregate.java,0,0,0.3420582689338595
1.11.0,core/src/main/java/org/apache/calcite/rel/core/Calc.java,0,0,0.0013174517051077526
1.11.0,core/src/main/java/org/apache/calcite/rel/core/Correlate.java,0,0,0.11167525657426236
1.11.0,core/src/main/java/org/apache/calcite/rel/core/Filter.java,0,0,0.047378322215185155
1.11.0,core/src/main/java/org/apache/calcite/rel/core/Project.java,1,1,0.9746486201624841
1.11.0,core/src/main/java/org/apache/calcite/rel/core/Window.java,0,0,0.01359216124450531
1.11.0,core/src/main/java/org/apache/calcite/rel/logical/LogicalCorrelate.java,0,0,0.20182183299996842
1.11.0,core/src/main/java/org/apache/calcite/rel/rules/CalcRelSplitter.java,0,1,0.6849810013768811
1.11.0,druid/src/main/java/org/apache/calcite/adapter/druid/DruidQuery.java,1,1,0.9999999999997111
1.11.0,core/src/main/java/org/apache/calcite/jdbc/CalciteConnectionImpl.java,0,1,0.9687493528079991
1.11.0,core/src/main/java/org/apache/calcite/jdbc/CalciteMetaImpl.java,0,1,0.9782700177855267
1.11.0,core/src/main/java/org/apache/calcite/jdbc/CalciteResultSet.java,0,0,0.0014220831669528894
1.11.0,core/src/main/java/org/apache/calcite/model/JsonSchema.java,0,1,0.8898840738888462
1.11.0,core/src/main/java/org/apache/calcite/sql2rel/SqlToRelConverter.java,1,1,1.0
1.11.0,core/src/main/java/org/apache/calcite/rel/core/Join.java,0,1,0.9461371519007676
1.11.0,core/src/main/java/org/apache/calcite/sql/validate/AbstractNamespace.java,0,1,0.5778229110566631
1.11.0,core/src/main/java/org/apache/calcite/sql/validate/DelegatingNamespace.java,0,1,0.9539811094481883
1.11.0,core/src/main/java/org/apache/calcite/sql/validate/DelegatingScope.java,0,1,0.9994508803429603
1.11.0,core/src/main/java/org/apache/calcite/sql/validate/EmptyScope.java,0,0,0.0007957933667114359
1.11.0,core/src/main/java/org/apache/calcite/sql/validate/JoinScope.java,0,0,0.007610688505742768
1.11.0,core/src/main/java/org/apache/calcite/sql/validate/ListScope.java,0,0,0.22390381066307483
1.11.0,core/src/main/java/org/apache/calcite/sql/validate/ScopeChild.java,0,0,0.0001321547849772054
1.11.0,core/src/main/java/org/apache/calcite/sql/validate/SqlValidatorImpl.java,1,1,1.0
1.11.0,core/src/main/java/org/apache/calcite/sql/validate/SqlValidatorNamespace.java,0,1,0.9981142331351803
1.11.0,core/src/main/java/org/apache/calcite/sql/validate/SqlValidatorScope.java,0,0,2.7994254493194063e-05
1.11.0,core/src/main/java/org/apache/calcite/sql/validate/TableScope.java,0,0,0.03333126097545681
1.11.0,core/src/main/java/org/apache/calcite/sql/validate/WithScope.java,0,0,0.139866205980497
1.11.0,core/src/main/java/org/apache/calcite/rel/rules/AggregateValuesRule.java,0,0,0.014469230208348696
1.11.0,core/src/main/java/org/apache/calcite/rel/rules/PruneEmptyRules.java,0,0,0.20479572773703889
1.11.0,core/src/main/java/org/apache/calcite/runtime/Hook.java,0,1,0.9989674178700706
1.11.0,core/src/main/java/org/apache/calcite/adapter/enumerable/EnumerableIntersect.java,0,1,0.996171371121834
1.11.0,core/src/main/java/org/apache/calcite/adapter/enumerable/EnumerableMinus.java,0,1,0.996171371121834
1.11.0,core/src/main/java/org/apache/calcite/adapter/enumerable/EnumerableUnion.java,1,1,0.9936336658508583
1.11.0,linq4j/src/main/java/org/apache/calcite/linq4j/EnumerableDefaults.java,0,0,0.019270432311417982
1.11.0,core/src/main/java/org/apache/calcite/sql/SqlAggFunction.java,0,0,0.43195995121526015
1.11.0,core/src/main/java/org/apache/calcite/sql/SqlOperator.java,0,0,0.005037059495231774
1.11.0,core/src/main/java/org/apache/calcite/sql/validate/AggChecker.java,0,0,0.003923759377351304
1.11.0,core/src/main/java/org/apache/calcite/sql/validate/AggFinder.java,0,0,0.3532019625036318
1.11.0,core/src/main/java/org/apache/calcite/jdbc/JavaTypeFactoryImpl.java,1,1,0.9959097037089484
1.11.0,core/src/main/java/org/apache/calcite/sql/SqlIntervalQualifier.java,1,1,0.9995443423548854
1.11.0,core/src/main/java/org/apache/calcite/sql2rel/SqlNodeToRexConverterImpl.java,0,0,0.10489942865054905
1.11.0,core/src/main/java/org/apache/calcite/adapter/enumerable/RexToLixTranslator.java,0,1,0.5410817973500408
1.11.0,core/src/main/java/org/apache/calcite/rel/metadata/RelMdSize.java,0,0,0.0002640228724380675
1.11.0,core/src/main/java/org/apache/calcite/rel/type/RelDataTypeSystemImpl.java,0,0,0.000654659238918261
1.11.0,core/src/main/java/org/apache/calcite/sql/type/IntervalSqlType.java,0,0,0.38766520832848256
1.11.0,core/src/main/java/org/apache/calcite/sql/type/MatchReturnTypeInference.java,0,0,0.13678639848071245
1.11.0,core/src/main/java/org/apache/calcite/sql/type/SqlTypeAssignmentRules.java,0,0,0.010505753973562761
1.11.0,core/src/main/java/org/apache/calcite/sql/type/SqlTypeExplicitPrecedenceList.java,1,1,0.930819362889274
1.11.0,core/src/main/java/org/apache/calcite/sql/type/SqlTypeFamily.java,0,0,1.8917266605431565e-08
1.11.0,core/src/main/java/org/apache/calcite/sql/type/SqlTypeName.java,0,0,0.0007495529653995134
1.11.0,core/src/main/java/org/apache/calcite/sql/type/SqlTypeUtil.java,1,1,0.9984011590884118
1.11.0,core/src/main/java/org/apache/calcite/prepare/CalciteMaterializer.java,0,0,0.020712153885978045
1.11.0,avatica/standalone-server/src/main/java/org/apache/calcite/avatica/hsqldb/HsqldbServer.java,0,0,0.0005515921942931422
1.11.0,core/src/main/java/org/apache/calcite/prepare/Prepare.java,0,0,0.36397315189089535
1.11.0,core/src/main/java/org/apache/calcite/runtime/FlatLists.java,1,1,0.9980303944392255
1.11.0,core/src/main/java/org/apache/calcite/DataContext.java,0,0,1.8272467267950515e-44
1.11.0,core/src/main/java/org/apache/calcite/plan/AbstractRelOptPlanner.java,1,0,0.0001264869836666412
1.11.0,core/src/main/java/org/apache/calcite/plan/RelOptPlanner.java,1,0,5.0369331415051304e-57
1.11.0,core/src/main/java/org/apache/calcite/util/CancelFlag.java,0,0,2.96701063463581e-05
1.11.0,core/src/main/java/org/apache/calcite/sql/SqlFunctionCategory.java,0,0,3.4745687907629387e-16
1.11.0,core/src/main/java/org/apache/calcite/sql/SqlUtil.java,0,0,1.1523444357419533e-06
1.11.0,core/src/main/java/org/apache/calcite/rel/externalize/RelJson.java,0,0,0.08057288034676668
1.11.0,core/src/main/java/org/apache/calcite/sql/util/ListSqlOperatorTable.java,0,0,0.03212911164583184
1.11.0,core/src/main/java/org/apache/calcite/sql/validate/SqlUserDefinedFunction.java,0,0,0.44561413339431555
1.11.0,core/src/main/java/org/apache/calcite/sql/validate/SqlUserDefinedTableFunction.java,0,0,0.0004200326803158375
1.11.0,core/src/main/java/org/apache/calcite/rel/stream/StreamRules.java,0,0,5.652203535644389e-08
1.11.0,core/src/main/java/org/apache/calcite/util/Compatible.java,0,0,4.457469852850848e-06
1.11.0,core/src/main/java/org/apache/calcite/rel/type/RelDataTypeFactoryImpl.java,0,1,0.6189266862915791
1.11.0,core/src/main/java/org/apache/calcite/plan/RelOptTable.java,0,0,6.788006502613552e-17
1.11.0,core/src/main/java/org/apache/calcite/prepare/LixToRelTranslator.java,0,0,0.0036215921046955234
1.11.0,core/src/main/java/org/apache/calcite/schema/impl/MaterializedViewTable.java,0,0,0.08407005264353153
1.11.0,core/src/main/java/org/apache/calcite/schema/impl/ViewTable.java,0,0,0.4024861363692135
1.11.0,core/src/main/java/org/apache/calcite/runtime/RandomFunction.java,0,0,0.048057687617647935
1.11.0,core/src/main/java/org/apache/calcite/runtime/SqlFunctions.java,1,1,0.999999997011239
1.11.0,core/src/main/java/org/apache/calcite/util/BuiltInMethod.java,0,1,0.98582091553043
1.11.0,core/src/main/java/org/apache/calcite/adapter/enumerable/RexImpTable.java,1,1,0.9999999998218443
1.11.0,core/src/main/java/org/apache/calcite/sql/fun/SqlRandFunction.java,0,0,1.925200977145437e-06
1.11.0,core/src/main/java/org/apache/calcite/sql/fun/SqlRandIntegerFunction.java,0,0,1.925200977145437e-06
1.11.0,core/src/main/java/org/apache/calcite/sql/fun/SqlStdOperatorTable.java,1,1,0.9826199006659099
1.11.0,core/src/main/java/org/apache/calcite/model/ModelHandler.java,0,1,0.783491307305841
1.11.0,core/src/main/java/org/apache/calcite/adapter/enumerable/EnumerableWindow.java,1,1,0.6815353116791867
1.11.0,core/src/main/java/org/apache/calcite/adapter/enumerable/PhysType.java,0,0,1.5139827902734068e-11
1.11.0,core/src/main/java/org/apache/calcite/adapter/enumerable/PhysTypeImpl.java,1,1,0.999999415393021
1.11.0,core/src/main/java/org/apache/calcite/plan/RelOptMaterialization.java,0,0,0.0019243539506002872
1.11.0,core/src/main/java/org/apache/calcite/rel/RelRoot.java,0,0,0.028787896977008613
1.11.0,core/src/main/java/org/apache/calcite/rex/RexBuilder.java,0,1,0.9588654201124276
1.11.0,core/src/main/java/org/apache/calcite/rel/rules/ProjectFilterTransposeRule.java,1,0,0.00018994956886284547
1.11.0,core/src/main/java/org/apache/calcite/rel/rules/ProjectJoinTransposeRule.java,1,0,0.011135727854369764
1.11.0,core/src/main/java/org/apache/calcite/rel/rules/ProjectSetOpTransposeRule.java,1,0,0.000977545635239366
1.11.0,core/src/main/java/org/apache/calcite/rel/rules/PushProjector.java,1,0,0.00022995755324506454
1.11.0,core/src/main/java/org/apache/calcite/sql/fun/SqlCastFunction.java,0,0,0.021211497125618265
1.11.0,druid/src/main/java/org/apache/calcite/adapter/druid/DruidDateTimeUtils.java,1,0,6.71652275915193e-05
1.11.0,druid/src/main/java/org/apache/calcite/adapter/druid/DruidRules.java,1,1,0.9689038704887002
1.11.0,core/src/main/java/org/apache/calcite/sql/SqlJdbcDataTypeName.java,0,0,1.6125291347599103e-11
1.11.0,core/src/main/java/org/apache/calcite/sql/SqlJdbcFunctionCall.java,0,0,8.86930690960806e-08
1.11.0,core/src/main/java/org/apache/calcite/prepare/RelOptTableImpl.java,0,0,3.267538776535484e-05
1.11.0,core/src/main/java/org/apache/calcite/sql/SqlDialect.java,0,0,0.00182609176933136
1.11.0,druid/src/main/java/org/apache/calcite/adapter/druid/DruidTable.java,1,1,0.9447420678679157
1.11.0,core/src/main/java/org/apache/calcite/adapter/jdbc/JdbcImplementor.java,0,1,0.8464304633653241
1.11.0,core/src/main/java/org/apache/calcite/adapter/jdbc/JdbcTableScan.java,0,0,0.46217505921865587
1.11.0,core/src/main/java/org/apache/calcite/interpreter/BindableConvention.java,0,0,1.0211685867819537e-12
1.11.0,core/src/main/java/org/apache/calcite/interpreter/InterpretableConvention.java,0,0,3.92896614831879e-12
1.11.0,core/src/main/java/org/apache/calcite/plan/Convention.java,0,0,5.196240537854309e-13
1.11.0,core/src/main/java/org/apache/calcite/plan/ConventionTraitDef.java,1,1,0.9863265381413725
1.11.0,core/src/main/java/org/apache/calcite/plan/RelTraitDef.java,0,0,1.4049935403033101e-09
1.11.0,core/src/main/java/org/apache/calcite/rel/RelCollationTraitDef.java,0,1,0.5601806666918205
1.11.0,core/src/main/java/org/apache/calcite/adapter/enumerable/EnumerableConvention.java,0,0,7.435955330222772e-13
1.11.0,core/src/main/java/org/apache/calcite/plan/volcano/RelSet.java,0,0,0.04895434259824208
1.11.0,core/src/main/java/org/apache/calcite/rel/core/SetOp.java,0,0,0.3751786314497252
1.11.0,core/src/main/java/org/apache/calcite/config/CalciteConnectionConfig.java,0,0,5.636322419256337e-24
1.11.0,core/src/main/java/org/apache/calcite/config/CalciteConnectionConfigImpl.java,0,1,0.5398941447516459
1.11.0,core/src/main/java/org/apache/calcite/config/CalciteConnectionProperty.java,0,0,0.0001740073061995241
1.11.0,core/src/main/java/org/apache/calcite/prepare/CalcitePrepareImpl.java,0,1,0.9913526112377007
1.11.0,core/src/main/java/org/apache/calcite/sql/SqlCreate.java,0,0,0.0005028605198751543
1.11.0,core/src/main/java/org/apache/calcite/sql/SqlDataTypeSpec.java,0,0,0.29189044397843017
1.11.0,core/src/main/java/org/apache/calcite/sql/SqlDrop.java,0,0,0.00011362114483982481
1.11.0,core/src/main/java/org/apache/calcite/sql/SqlExecutableStatement.java,0,0,1.676683891314519e-14
1.11.0,core/src/main/java/org/apache/calcite/adapter/enumerable/EnumerableRelImplementor.java,1,1,0.9318069932658573
1.11.0,core/src/main/java/org/apache/calcite/adapter/enumerable/EnumerableTableModify.java,0,1,0.9726537907474463
1.11.0,core/src/main/java/org/apache/calcite/adapter/enumerable/EnumerableTableScan.java,1,0,0.4737940066786501
1.11.0,core/src/main/java/org/apache/calcite/sql/fun/SqlExtractFunction.java,0,0,0.032585852273011785
1.11.0,core/src/main/java/org/apache/calcite/plan/Strong.java,1,0,0.027846081963989994
1.11.0,core/src/main/java/org/apache/calcite/materialize/Lattice.java,0,1,0.7055973054398166
1.11.0,core/src/main/java/org/apache/calcite/plan/SubstitutionVisitor.java,0,1,0.8941630704356203
1.11.0,core/src/main/java/org/apache/calcite/adapter/enumerable/EnumerableRel.java,0,0,0.000186944048306033
1.11.0,core/src/main/java/org/apache/calcite/rel/core/SemiJoin.java,0,0,0.44349622032237834
1.11.0,core/src/main/java/org/apache/calcite/rel/logical/LogicalProject.java,0,0,0.18711343870668737
1.11.0,core/src/main/java/org/apache/calcite/rel/rules/JoinProjectTransposeRule.java,0,1,0.6565404096253793
1.11.0,core/src/main/java/org/apache/calcite/rel/rules/SemiJoinProjectTransposeRule.java,0,0,0.4605782099071499
1.11.0,core/src/main/java/org/apache/calcite/rel/type/RelDataTypeSystem.java,0,0,2.6292987222326027e-11
1.11.0,core/src/main/java/org/apache/calcite/sql/fun/SqlPositionFunction.java,0,0,0.00014945184346831268
1.11.0,core/src/main/java/org/apache/calcite/sql/type/OperandTypes.java,0,0,0.017648774459328647
1.11.0,core/src/main/java/org/apache/calcite/sql/type/SameOperandTypeExceptLastOperandChecker.java,0,0,0.35738789099644
1.11.0,core/src/main/java/org/apache/calcite/util/CompositeList.java,0,0,0.11120879655966644
1.11.0,core/src/main/java/org/apache/calcite/sql2rel/SubQueryConverter.java,0,0,5.1378791544265616e-12
1.11.0,core/src/main/java/org/apache/calcite/tools/Programs.java,0,0,1.0956188005889344e-09
1.11.0,core/src/main/java/org/apache/calcite/schema/CustomColumnResolvingTable.java,0,0,8.455212841986634e-22
1.11.0,core/src/main/java/org/apache/calcite/sql/SqlIdentifier.java,0,0,1.0752738027618755e-11
1.11.0,core/src/main/java/org/apache/calcite/sql/parser/SqlAbstractParserImpl.java,0,0,0.29377154188732185
1.11.0,core/src/main/java/org/apache/calcite/sql/advise/SqlAdvisorValidator.java,0,1,0.9963243451994889
1.11.0,core/src/main/java/org/apache/calcite/sql/validate/IdentifierNamespace.java,0,1,0.9587135851539905
1.11.0,core/src/main/java/org/apache/calcite/sql/validate/SqlValidator.java,0,1,0.7164654267502644
1.11.0,core/src/main/java/org/apache/calcite/sql/validate/SqlValidatorUtil.java,0,0,0.4028479361866126
1.11.0,core/src/main/java/org/apache/calcite/schema/impl/ReflectiveFunctionBase.java,0,1,0.9856894497579016
1.11.0,core/src/main/java/org/apache/calcite/rex/RexSqlStandardConvertletTable.java,0,0,5.552680060351843e-06
1.11.0,core/src/main/java/org/apache/calcite/sql/fun/SqlDatetimeSubtractionOperator.java,1,0,0.0013235928011822052
1.11.0,core/src/main/java/org/apache/calcite/sql/type/ReturnTypes.java,0,0,0.005702150933667165
1.11.0,core/src/main/java/org/apache/calcite/plan/RelOptUtil.java,1,1,0.9999999408086382
1.11.0,druid/src/main/java/org/apache/calcite/adapter/druid/DruidConnectionImpl.java,1,1,0.9999999997395179
1.11.0,core/src/main/java/org/apache/calcite/rex/LogicVisitor.java,1,1,0.6478211088249346
1.11.0,core/src/main/java/org/apache/calcite/sql2rel/RelDecorrelator.java,1,1,0.9783057647017629
1.11.0,avatica/core/src/main/java/org/apache/calcite/avatica/MetaImpl.java,0,0,3.743191167505865e-33
1.11.0,avatica/core/src/main/java/org/apache/calcite/avatica/remote/MockProtobufService.java,0,1,0.9784373731055369
