version,file,true_label,predicted,probability
1.14.0,core/src/main/java/org/apache/calcite/tools/PigRelBuilder.java,0,0,0.32120616595048984
1.14.0,core/src/main/java/org/apache/calcite/interpreter/Bindables.java,0,0,0.011739356807314976
1.14.0,core/src/main/java/org/apache/calcite/rel/rules/ProjectSortTransposeRule.java,0,0,0.1199861888636234
1.14.0,core/src/main/java/org/apache/calcite/rex/RexUtil.java,0,1,0.9999970082496159
1.14.0,core/src/main/java/org/apache/calcite/util/Source.java,0,0,3.181636401553525e-09
1.14.0,druid/src/main/java/org/apache/calcite/adapter/druid/DruidSchemaFactory.java,0,0,8.79349281449213e-07
1.14.0,druid/src/main/java/org/apache/calcite/adapter/druid/QueryType.java,0,0,0.0007151915751506975
1.14.0,core/src/main/java/org/apache/calcite/rel/type/RelDataTypeFactoryImpl.java,0,0,0.011951975533898464
1.14.0,file/src/main/java/org/apache/calcite/adapter/file/FileEnumerator.java,0,1,0.7396892878258285
1.14.0,file/src/main/java/org/apache/calcite/adapter/file/FileTable.java,0,0,0.28990481468522217
1.14.0,core/src/main/java/org/apache/calcite/rex/LogicVisitor.java,0,1,0.6960366620339641
1.14.0,core/src/main/java/org/apache/calcite/rex/RexBiVisitor.java,0,0,2.0610487412352796e-05
1.14.0,core/src/main/java/org/apache/calcite/sql/validate/GroupByScope.java,0,0,1.9510048678134682e-05
1.14.0,core/src/main/java/org/apache/calcite/rex/RexShuttle.java,0,0,0.00022507363095398747
1.14.0,core/src/main/java/org/apache/calcite/sql/validate/SqlDelegatingConformance.java,0,0,0.0029977030792886082
1.14.0,core/src/main/java/org/apache/calcite/rex/RexVisitor.java,0,0,3.111321642638496e-13
1.14.0,core/src/main/java/org/apache/calcite/rex/RexVisitorImpl.java,0,0,0.013175623115397037
1.14.0,cassandra/src/main/java/org/apache/calcite/adapter/cassandra/CassandraEnumerator.java,0,1,0.9213041523621713
1.14.0,core/src/main/java/org/apache/calcite/rel/metadata/RelMdNodeTypes.java,0,0,0.00590208633600912
1.14.0,core/src/main/java/org/apache/calcite/rel/rules/UnionMergeRule.java,0,1,0.9847929458119105
1.14.0,core/src/main/java/org/apache/calcite/adapter/enumerable/EnumerableMergeJoin.java,0,0,0.4148283085279856
1.14.0,core/src/main/java/org/apache/calcite/sql/fun/SqlOverlapsOperator.java,0,0,0.10502855489283097
1.14.0,core/src/main/java/org/apache/calcite/schema/TranslatableTable.java,0,0,1.1260610933076188e-14
1.14.0,core/src/main/java/org/apache/calcite/rel/mutable/Holder.java,0,0,0.005341709169647817
1.14.0,core/src/main/java/org/apache/calcite/rel/mutable/MutableBiRel.java,0,0,0.027480671108427508
1.14.0,core/src/main/java/org/apache/calcite/rel/mutable/MutableCalc.java,0,0,0.146546806238498
1.14.0,core/src/main/java/org/apache/calcite/rel/mutable/MutableCollect.java,0,0,0.0726157093762223
1.14.0,core/src/main/java/org/apache/calcite/rel/mutable/MutableCorrelate.java,0,0,0.15333528037454008
1.14.0,core/src/main/java/org/apache/calcite/rel/mutable/MutableExchange.java,0,0,0.03282308444377165
1.14.0,core/src/main/java/org/apache/calcite/rel/mutable/MutableFilter.java,0,0,0.003389392465888705
1.14.0,core/src/main/java/org/apache/calcite/rel/mutable/MutableIntersect.java,0,0,0.06927448609393588
1.14.0,core/src/main/java/org/apache/calcite/rel/mutable/MutableJoin.java,0,0,0.3858315832635687
1.14.0,core/src/main/java/org/apache/calcite/rel/mutable/MutableLeafRel.java,0,0,0.0010204637278582386
1.14.0,core/src/main/java/org/apache/calcite/rel/mutable/MutableMinus.java,0,0,0.06927448609393588
1.14.0,core/src/main/java/org/apache/calcite/rel/mutable/MutableProject.java,0,1,0.8466293719723177
1.14.0,core/src/main/java/org/apache/calcite/rel/mutable/MutableRel.java,0,0,0.0018692059034748066
1.14.0,core/src/main/java/org/apache/calcite/rel/mutable/MutableRelType.java,0,0,0.0004365842956886053
1.14.0,core/src/main/java/org/apache/calcite/rel/mutable/MutableRelVisitor.java,0,0,6.95047179092972e-05
1.14.0,core/src/main/java/org/apache/calcite/rel/mutable/MutableSample.java,0,0,0.02628001826948927
1.14.0,core/src/main/java/org/apache/calcite/rel/mutable/MutableScan.java,0,0,0.018422363038665533
1.14.0,core/src/main/java/org/apache/calcite/rel/mutable/MutableSemiJoin.java,0,0,0.07598697425079033
1.14.0,core/src/main/java/org/apache/calcite/rel/mutable/MutableSetOp.java,0,0,0.001296386657576706
1.14.0,core/src/main/java/org/apache/calcite/rel/mutable/MutableSingleRel.java,0,0,0.005972386339180956
1.14.0,core/src/main/java/org/apache/calcite/rel/mutable/MutableSort.java,0,0,0.038716742197587924
1.14.0,core/src/main/java/org/apache/calcite/rel/mutable/MutableTableFunctionScan.java,0,0,0.17652488258434967
1.14.0,core/src/main/java/org/apache/calcite/rel/mutable/MutableTableModify.java,0,0,0.36619225389244925
1.14.0,core/src/main/java/org/apache/calcite/rel/mutable/MutableUncollect.java,0,0,0.12846432157831902
1.14.0,core/src/main/java/org/apache/calcite/rel/mutable/MutableUnion.java,0,0,0.06927448609393588
1.14.0,core/src/main/java/org/apache/calcite/rel/mutable/MutableValues.java,0,0,0.07370014511510734
1.14.0,core/src/main/java/org/apache/calcite/rel/mutable/MutableWindow.java,0,0,0.059969692411612006
1.14.0,core/src/main/java/org/apache/calcite/sql/SqlIdentifier.java,0,0,5.93817248410513e-07
1.14.0,core/src/main/java/org/apache/calcite/sql/validate/SqlNameMatcher.java,0,0,2.9519476890599955e-08
1.14.0,core/src/main/java/org/apache/calcite/sql/validate/SqlNameMatchers.java,0,0,0.47727876701164673
1.14.0,core/src/main/java/org/apache/calcite/sql/validate/SqlValidatorScope.java,0,0,2.861697493884726e-08
1.14.0,core/src/main/java/org/apache/calcite/sql/validate/WithScope.java,0,1,0.9217711434291097
1.14.0,core/src/main/java/org/apache/calcite/materialize/CachingLatticeStatisticProvider.java,0,0,0.001264904680022855
1.14.0,core/src/main/java/org/apache/calcite/rel/BiRel.java,0,0,0.0002632227238269403
1.14.0,core/src/main/java/org/apache/calcite/sql/SqlNode.java,0,0,0.000615715458427428
1.14.0,core/src/main/java/org/apache/calcite/sql/SqlPostfixOperator.java,0,0,0.0675049618709712
1.14.0,core/src/main/java/org/apache/calcite/sql/SqlPrefixOperator.java,0,0,0.14305557162458796
1.14.0,core/src/main/java/org/apache/calcite/sql2rel/ReflectiveConvertletTable.java,0,0,0.00020749237089089242
1.14.0,core/src/main/java/org/apache/calcite/tools/RelRunners.java,0,0,0.45859610674676926
1.14.0,core/src/main/java/org/apache/calcite/util/Closer.java,0,0,0.005674596650317045
1.14.0,core/src/main/java/org/apache/calcite/util/SaffronProperties.java,0,0,0.02017921381060413
1.14.0,core/src/main/java/org/apache/calcite/rel/convert/ConverterImpl.java,0,0,0.014672481946626417
1.14.0,core/src/main/java/org/apache/calcite/rel/metadata/CachingRelMetadataProvider.java,0,0,0.011502274018278547
1.14.0,core/src/main/java/org/apache/calcite/rel/metadata/ChainedRelMetadataProvider.java,0,0,0.006055113332350677
1.14.0,core/src/main/java/org/apache/calcite/rel/metadata/MetadataFactoryImpl.java,0,0,1.2080553699688752e-06
1.14.0,core/src/main/java/org/apache/calcite/rel/rules/CalcRelSplitter.java,0,1,0.9953724118852212
1.14.0,core/src/main/java/org/apache/calcite/rel/rules/JoinCommuteRule.java,0,0,0.0023239952825747385
1.14.0,core/src/main/java/org/apache/calcite/rel/rules/ReduceDecimalsRule.java,0,0,0.03185743187451355
1.14.0,core/src/main/java/org/apache/calcite/sql/fun/SqlLikeOperator.java,0,0,0.0003551513615086844
1.14.0,core/src/main/java/org/apache/calcite/sql/type/BasicSqlType.java,0,0,0.3056534755762285
1.14.0,core/src/main/java/org/apache/calcite/sql/validate/SetopNamespace.java,0,1,0.5919287258683826
1.14.0,core/src/main/java/org/apache/calcite/sql/validate/SqlIdentifierMoniker.java,0,0,0.030922044998505413
1.14.0,core/src/main/java/org/apache/calcite/rel/metadata/RelMdMaxRowCount.java,0,0,3.096828762848157e-05
1.14.0,core/src/main/java/org/apache/calcite/rel/metadata/RelMdMinRowCount.java,0,0,7.764439234476456e-06
1.14.0,core/src/main/java/org/apache/calcite/sql/SqlExplain.java,0,0,4.5087236381246076e-05
1.14.0,core/src/main/java/org/apache/calcite/sql/SqlExplainFormat.java,0,0,3.9185266748193576e-10
1.14.0,core/src/main/java/org/apache/calcite/rel/externalize/RelJsonWriter.java,0,1,0.7164946386688354
1.14.0,druid/src/main/java/org/apache/calcite/adapter/druid/DruidTable.java,0,1,0.9794540980711971
1.14.0,druid/src/main/java/org/apache/calcite/adapter/druid/DruidTableFactory.java,0,1,0.9484895647059168
1.14.0,linq4j/src/main/java/org/apache/calcite/linq4j/DefaultEnumerable.java,0,0,4.1505464845209944e-15
1.14.0,linq4j/src/main/java/org/apache/calcite/linq4j/ExtendedEnumerable.java,0,0,5.546520402340881e-08
1.14.0,core/src/main/java/org/apache/calcite/schema/ModifiableTable.java,0,0,0.010608744746939435
1.14.0,core/src/main/java/org/apache/calcite/sql/SqlInsert.java,0,0,0.020554671094347908
1.14.0,core/src/main/java/org/apache/calcite/sql/SqlValuesOperator.java,0,0,0.00023485643241134455
1.14.0,core/src/main/java/org/apache/calcite/sql/SqlWriter.java,0,0,1.900792330519396e-12
1.14.0,core/src/main/java/org/apache/calcite/adapter/enumerable/EnumerableTableModifyRule.java,0,0,0.00876327834305587
1.14.0,core/src/main/java/org/apache/calcite/adapter/jdbc/JdbcRules.java,0,0,0.00012379541649326002
1.14.0,core/src/main/java/org/apache/calcite/rel/core/TableModify.java,0,0,0.0023375439687479678
1.14.0,core/src/main/java/org/apache/calcite/rel/logical/LogicalTableModify.java,0,0,0.2492537818141749
1.14.0,core/src/main/java/org/apache/calcite/sql/fun/SqlRowOperator.java,0,0,0.0030559025290695955
1.14.0,core/src/main/java/org/apache/calcite/rel/mutable/MutableMultiRel.java,0,0,5.980952424960972e-08
1.14.0,linq4j/src/main/java/org/apache/calcite/linq4j/tree/Types.java,0,0,7.891166011104351e-08
1.14.0,druid/src/main/java/org/apache/calcite/adapter/druid/DruidSchema.java,0,0,0.0020197587577269666
1.14.0,core/src/main/java/org/apache/calcite/rex/RexCallBinding.java,0,1,0.9845684249805984
1.14.0,core/src/main/java/org/apache/calcite/util/Pair.java,0,0,2.1731405682254465e-05
1.14.0,core/src/main/java/org/apache/calcite/rel/type/DynamicRecordTypeImpl.java,0,0,0.07201952397971155
1.14.0,core/src/main/java/org/apache/calcite/rel/type/RelDataType.java,0,0,3.2640224924856e-63
1.14.0,core/src/main/java/org/apache/calcite/rel/type/RelDataTypeHolder.java,0,0,0.004279726857765537
1.14.0,core/src/main/java/org/apache/calcite/rel/type/RelDataTypeImpl.java,0,0,2.8755258812019913e-05
1.14.0,core/src/main/java/org/apache/calcite/sql/validate/CatalogScope.java,0,0,0.0582731470954053
1.14.0,core/src/main/java/org/apache/calcite/sql/validate/ParameterScope.java,0,0,0.13674883534404716
1.14.0,core/src/main/java/org/apache/calcite/sql/SqlStateCodes.java,0,0,2.4653719697484268e-08
1.14.0,file/src/main/java/org/apache/calcite/adapter/file/FileSchema.java,0,1,0.5996958618375402
1.14.0,file/src/main/java/org/apache/calcite/adapter/file/FileSchemaFactory.java,0,1,0.5218073443175625
1.14.0,core/src/main/java/org/apache/calcite/sql2rel/InitializerContext.java,0,0,1.77689019877898e-13
1.14.0,core/src/main/java/org/apache/calcite/sql2rel/InitializerExpressionFactory.java,0,0,0.0046085997025498504
1.14.0,core/src/main/java/org/apache/calcite/sql2rel/NullInitializerExpressionFactory.java,0,0,0.004446593325290454
1.14.0,core/src/main/java/org/apache/calcite/rel/type/RelRecordType.java,0,0,0.006802513031719103
1.14.0,core/src/main/java/org/apache/calcite/rel/type/StructKind.java,0,0,0.00012728455576374055
1.14.0,core/src/main/java/org/apache/calcite/sql/validate/DelegatingScope.java,0,1,0.8879158034841874
1.14.0,core/src/main/java/org/apache/calcite/schema/impl/ModifiableViewTable.java,0,0,0.000367345651542242
1.14.0,core/src/main/java/org/apache/calcite/schema/impl/ViewTable.java,0,0,0.31164079190026767
1.14.0,core/src/main/java/org/apache/calcite/sql/validate/SqlValidatorTable.java,0,0,4.2301022897592244e-09
1.14.0,core/src/main/java/org/apache/calcite/interpreter/Source.java,0,0,2.0215762595871285e-11
1.14.0,core/src/main/java/org/apache/calcite/tools/Planner.java,0,0,0.0004869917668796961
1.14.0,core/src/main/java/org/apache/calcite/jdbc/CachingCalciteSchema.java,0,0,5.482130122128268e-08
1.14.0,core/src/main/java/org/apache/calcite/jdbc/CalciteConnection.java,0,0,1.291241255315533e-10
1.14.0,core/src/main/java/org/apache/calcite/jdbc/CalciteConnectionImpl.java,0,0,0.10700996069419053
1.14.0,core/src/main/java/org/apache/calcite/jdbc/CalciteSchema.java,0,1,0.9265987389641132
1.14.0,core/src/main/java/org/apache/calcite/jdbc/CalciteStatement.java,1,0,0.20464403112331267
1.14.0,core/src/main/java/org/apache/calcite/jdbc/SimpleCalciteSchema.java,0,0,0.3231754604762518
1.14.0,core/src/main/java/org/apache/calcite/model/JsonSchema.java,0,1,0.7882863202680185
1.14.0,core/src/main/java/org/apache/calcite/prepare/RelOptTableImpl.java,0,0,3.3639261506357112e-06
1.14.0,core/src/main/java/org/apache/calcite/schema/Schema.java,0,0,0.0004273586334561375
1.14.0,core/src/main/java/org/apache/calcite/schema/SchemaVersion.java,0,0,2.3623965452588418e-11
1.14.0,core/src/main/java/org/apache/calcite/rel/metadata/BuiltInMetadata.java,0,0,1.1609714965414363e-44
1.14.0,core/src/main/java/org/apache/calcite/rel/metadata/RelMdExpressionLineage.java,0,0,0.2719884012927955
1.14.0,core/src/main/java/org/apache/calcite/rel/metadata/RelMdTableReferences.java,0,0,0.10133970697804183
1.14.0,core/src/main/java/org/apache/calcite/adapter/jdbc/JdbcSchema.java,0,1,0.9977701312338838
1.14.0,core/src/main/java/org/apache/calcite/schema/impl/AbstractSchema.java,0,0,5.9514780006631515e-09
1.14.0,core/src/main/java/org/apache/calcite/schema/impl/DelegatingSchema.java,0,0,0.02598438289827222
1.14.0,core/src/main/java/org/apache/calcite/schema/impl/LongSchemaVersion.java,0,0,0.20671159399586475
1.14.0,core/src/main/java/org/apache/calcite/jdbc/CalciteResultSet.java,0,0,1.8347256263416918e-08
1.14.0,core/src/main/java/org/apache/calcite/sql/validate/EmptyScope.java,0,1,0.6889775239589887
1.14.0,core/src/main/java/org/apache/calcite/prepare/PlannerImpl.java,0,1,0.5545711668936144
1.14.0,core/src/main/java/org/apache/calcite/schema/Table.java,0,0,3.5469099839553946e-13
1.14.0,core/src/main/java/org/apache/calcite/schema/impl/AbstractTable.java,0,0,0.009800889713555973
1.14.0,core/src/main/java/org/apache/calcite/sql/validate/SqlValidatorCatalogReader.java,0,0,2.9187482651010533e-06
1.14.0,druid/src/main/java/org/apache/calcite/adapter/druid/ComplexMetric.java,0,0,0.08406592699547279
1.14.0,druid/src/main/java/org/apache/calcite/adapter/druid/DruidType.java,0,0,1.2565943016839308e-08
1.14.0,plus/src/main/java/org/apache/calcite/adapter/os/DuTableFunction.java,0,0,2.849444232681292e-16
1.14.0,plus/src/main/java/org/apache/calcite/adapter/os/FilesTableFunction.java,1,0,4.5892648828719356e-05
1.14.0,plus/src/main/java/org/apache/calcite/adapter/os/GitCommitsTableFunction.java,0,0,0.0024205773094374246
1.14.0,plus/src/main/java/org/apache/calcite/adapter/os/StdinTableFunction.java,0,0,1.1038081931268526e-08
1.14.0,core/src/main/java/org/apache/calcite/sql/SqlFunction.java,0,0,0.0022688720574651224
1.14.0,core/src/main/java/org/apache/calcite/Demo.java,0,0,8.095776652736859e-38
1.14.0,core/src/main/java/org/apache/calcite/config/Lex.java,0,0,0.0038084237455627058
1.14.0,core/src/main/java/org/apache/calcite/config/NullCollation.java,0,0,2.808543225336763e-13
1.14.0,core/src/main/java/org/apache/calcite/interpreter/AbstractSingleNode.java,0,0,2.464230412525564e-07
1.14.0,core/src/main/java/org/apache/calcite/interpreter/BindableRel.java,0,0,2.551669406113026e-06
1.14.0,core/src/main/java/org/apache/calcite/interpreter/Context.java,0,0,0.0005625377926574387
1.14.0,core/src/main/java/org/apache/calcite/interpreter/FilterNode.java,0,0,0.0072229834475342845
1.14.0,core/src/main/java/org/apache/calcite/interpreter/InterpretableConverter.java,0,0,0.028092518068476756
1.14.0,core/src/main/java/org/apache/calcite/interpreter/InterpretableRel.java,0,0,0.004801134160115213
1.14.0,core/src/main/java/org/apache/calcite/interpreter/Interpreters.java,0,0,1.5159029589045923e-06
1.14.0,core/src/main/java/org/apache/calcite/interpreter/JaninoRexCompiler.java,0,0,0.0609691128143016
1.14.0,core/src/main/java/org/apache/calcite/interpreter/JoinNode.java,0,0,0.01741918531425963
1.14.0,core/src/main/java/org/apache/calcite/interpreter/Node.java,0,0,3.336547799079435e-14
1.14.0,core/src/main/java/org/apache/calcite/interpreter/Nodes.java,0,0,0.007297006894030199
1.14.0,core/src/main/java/org/apache/calcite/interpreter/NoneToBindableConverterRule.java,0,0,3.228751831551486e-05
1.14.0,core/src/main/java/org/apache/calcite/interpreter/ProjectNode.java,0,0,0.009906782457349135
1.14.0,core/src/main/java/org/apache/calcite/interpreter/Row.java,0,0,3.526606775513539e-06
1.14.0,core/src/main/java/org/apache/calcite/interpreter/Scalar.java,0,0,6.935623146798617e-12
1.14.0,core/src/main/java/org/apache/calcite/interpreter/Sink.java,0,0,1.0492749813524803e-05
1.14.0,core/src/main/java/org/apache/calcite/interpreter/TableScanNode.java,0,0,0.03265793029213249
1.14.0,core/src/main/java/org/apache/calcite/interpreter/UnionNode.java,0,0,7.5689638409805905e-06
1.14.0,core/src/main/java/org/apache/calcite/interpreter/ValuesNode.java,0,0,0.018968491977637423
1.14.0,core/src/main/java/org/apache/calcite/interpreter/WindowNode.java,0,0,0.0194887945972927
1.14.0,core/src/main/java/org/apache/calcite/jdbc/CalciteFactory.java,0,0,0.07209940811868373
1.14.0,core/src/main/java/org/apache/calcite/jdbc/CalciteJdbc41Factory.java,0,0,2.8675653866153657e-12
1.14.0,core/src/main/java/org/apache/calcite/jdbc/CalcitePreparedStatement.java,0,0,0.0026672183744332325
1.14.0,core/src/main/java/org/apache/calcite/jdbc/CalciteRootSchema.java,0,0,1.5096162303058823e-08
1.14.0,core/src/main/java/org/apache/calcite/jdbc/Driver.java,0,0,0.2006498193969469
1.14.0,core/src/main/java/org/apache/calcite/jdbc/JavaRecordType.java,0,0,6.994857055300002e-05
1.14.0,core/src/main/java/org/apache/calcite/jdbc/MetadataSchema.java,0,0,1.6816467709197025e-07
1.14.0,core/src/main/java/org/apache/calcite/jdbc/SqlTimeoutException.java,0,0,8.951178980519126e-06
1.14.0,core/src/main/java/org/apache/calcite/materialize/DelegatingLatticeStatisticProvider.java,0,0,0.07151767628739057
1.14.0,core/src/main/java/org/apache/calcite/materialize/Lattices.java,0,0,0.004455977272002482
1.14.0,core/src/main/java/org/apache/calcite/materialize/LatticeStatisticProvider.java,0,0,1.0951269218911975e-14
1.14.0,core/src/main/java/org/apache/calcite/materialize/MaterializationActor.java,0,0,9.305337668342054e-05
1.14.0,core/src/main/java/org/apache/calcite/materialize/MaterializationKey.java,0,0,0.07907596114056432
1.14.0,core/src/main/java/org/apache/calcite/materialize/SqlLatticeStatisticProvider.java,0,1,0.6420152514022298
1.14.0,core/src/main/java/org/apache/calcite/materialize/TileKey.java,0,0,0.06485858921526685
1.14.0,core/src/main/java/org/apache/calcite/model/JsonCustomSchema.java,0,0,0.1797892203543326
1.14.0,core/src/main/java/org/apache/calcite/model/JsonCustomTable.java,0,0,0.005257308442548908
1.14.0,core/src/main/java/org/apache/calcite/model/JsonFunction.java,0,0,1.8033818808772794e-05
1.14.0,core/src/main/java/org/apache/calcite/model/JsonJdbcSchema.java,0,0,0.0033199814923602746
1.14.0,core/src/main/java/org/apache/calcite/model/JsonLattice.java,0,0,0.003949915780315598
1.14.0,core/src/main/java/org/apache/calcite/model/JsonMapSchema.java,0,0,0.18423672366435107
1.14.0,core/src/main/java/org/apache/calcite/model/JsonMaterialization.java,0,0,9.732002759436178e-05
1.14.0,core/src/main/java/org/apache/calcite/model/JsonMeasure.java,0,0,2.331554129779348e-05
1.14.0,core/src/main/java/org/apache/calcite/model/JsonRoot.java,0,0,0.00010414719787145509
1.14.0,core/src/main/java/org/apache/calcite/model/JsonStream.java,0,0,0.00031722021915606
1.14.0,core/src/main/java/org/apache/calcite/model/JsonTable.java,0,0,5.665188676523729e-08
1.14.0,core/src/main/java/org/apache/calcite/model/JsonTile.java,0,0,2.4537460806945288e-05
1.14.0,core/src/main/java/org/apache/calcite/model/JsonView.java,0,0,0.0001704003760089558
1.14.0,core/src/main/java/org/apache/calcite/plan/CommonRelSubExprRule.java,0,0,2.5440771962167015e-11
1.14.0,core/src/main/java/org/apache/calcite/plan/Contexts.java,0,0,1.660931046446188e-06
1.14.0,core/src/main/java/org/apache/calcite/plan/MulticastRelOptListener.java,0,0,0.12074317739560303
1.14.0,core/src/main/java/org/apache/calcite/plan/RelImplementor.java,0,0,5.749002614029853e-09
1.14.0,core/src/main/java/org/apache/calcite/plan/RelMultipleTrait.java,0,0,9.246067994429376e-18
1.14.0,core/src/main/java/org/apache/calcite/plan/RelOptConnection.java,0,0,1.5335283356290373e-14
1.14.0,core/src/main/java/org/apache/calcite/plan/RelOptCost.java,0,0,6.07597737278158e-10
1.14.0,core/src/main/java/org/apache/calcite/plan/RelOptCostFactory.java,0,0,2.1963958238826358e-16
1.14.0,core/src/main/java/org/apache/calcite/plan/RelOptCostImpl.java,0,0,0.02075675044226646
1.14.0,core/src/main/java/org/apache/calcite/plan/RelOptLattice.java,0,0,0.004734527337247085
1.14.0,core/src/main/java/org/apache/calcite/plan/RelOptListener.java,0,0,3.2185813606586455e-07
1.14.0,core/src/main/java/org/apache/calcite/plan/RelOptNode.java,0,0,1.446497207233855e-37
1.14.0,core/src/main/java/org/apache/calcite/plan/RelOptQuery.java,0,0,0.0017649697990058247
1.14.0,core/src/main/java/org/apache/calcite/plan/RelOptRule.java,0,0,0.035744372618665046
1.14.0,core/src/main/java/org/apache/calcite/plan/RelOptRuleOperand.java,0,0,0.08894404309355007
1.14.0,core/src/main/java/org/apache/calcite/plan/RelOptRuleOperandChildPolicy.java,0,0,9.026767595706272e-05
1.14.0,core/src/main/java/org/apache/calcite/plan/RelOptRuleOperandChildren.java,0,0,4.5214049562636596e-06
1.14.0,core/src/main/java/org/apache/calcite/plan/RelOptSamplingParameters.java,0,0,8.987464939881642e-05
1.14.0,core/src/main/java/org/apache/calcite/plan/RelOptSchema.java,0,0,2.820768174476549e-10
1.14.0,core/src/main/java/org/apache/calcite/plan/RelOptSchemaWithSampling.java,0,0,1.5797346268943215e-13
1.14.0,core/src/main/java/org/apache/calcite/plan/RelTrait.java,0,0,2.584565385145078e-09
1.14.0,core/src/main/java/org/apache/calcite/plan/RelTraitPropagationVisitor.java,0,0,0.010366078756587304
1.14.0,core/src/main/java/org/apache/calcite/plan/RelTraitSet.java,0,0,0.0020899534276787837
1.14.0,core/src/main/java/org/apache/calcite/plan/TableAccessMap.java,0,0,6.506803931099538e-05
1.14.0,core/src/main/java/org/apache/calcite/prepare/QueryableRelBuilder.java,0,0,0.01587025497029666
1.14.0,core/src/main/java/org/apache/calcite/rel/InvalidRelException.java,0,0,4.526007836253814e-08
1.14.0,core/src/main/java/org/apache/calcite/rel/RelCollation.java,0,0,3.035294121233763e-28
1.14.0,core/src/main/java/org/apache/calcite/rel/RelCollationImpl.java,0,0,0.005855937753481567
1.14.0,core/src/main/java/org/apache/calcite/rel/RelCollations.java,0,0,6.174501279800675e-07
1.14.0,core/src/main/java/org/apache/calcite/rel/RelDistribution.java,0,0,1.1897672743186487e-05
1.14.0,core/src/main/java/org/apache/calcite/rel/RelDistributions.java,0,0,0.0006682178707817319
1.14.0,core/src/main/java/org/apache/calcite/rel/RelDistributionTraitDef.java,0,0,0.033994085221967445
1.14.0,core/src/main/java/org/apache/calcite/rel/RelFieldCollation.java,0,0,2.2663484141741022e-10
1.14.0,core/src/main/java/org/apache/calcite/rel/RelInput.java,0,0,0.02236584291802264
1.14.0,core/src/main/java/org/apache/calcite/rel/RelNodes.java,0,0,6.73957342906572e-11
1.14.0,core/src/main/java/org/apache/calcite/rel/RelVisitor.java,0,0,4.234378344067638e-05
1.14.0,core/src/main/java/org/apache/calcite/rel/RelWriter.java,0,0,9.097983679820194e-11
1.14.0,core/src/main/java/org/apache/calcite/rel/SingleRel.java,0,0,8.752789560478756e-07
1.14.0,core/src/main/java/org/apache/calcite/rex/RexAction.java,0,0,7.209326440339357e-15
1.14.0,core/src/main/java/org/apache/calcite/rex/RexCopier.java,0,0,0.24292573491333383
1.14.0,core/src/main/java/org/apache/calcite/rex/RexCorrelVariable.java,0,0,0.01852267303519181
1.14.0,core/src/main/java/org/apache/calcite/rex/RexDynamicParam.java,0,0,0.015310615444329535
1.14.0,core/src/main/java/org/apache/calcite/rex/RexFieldAccess.java,0,0,0.00043427296913321647
1.14.0,core/src/main/java/org/apache/calcite/rex/RexFieldCollation.java,0,0,0.005521581602898301
1.14.0,core/src/main/java/org/apache/calcite/rex/RexInputRef.java,0,0,0.005661434477894833
1.14.0,core/src/main/java/org/apache/calcite/rex/RexLocalRef.java,0,0,0.0008227151199095307
1.14.0,core/src/main/java/org/apache/calcite/rex/RexMultisetUtil.java,0,0,0.0009468423037246669
1.14.0,core/src/main/java/org/apache/calcite/rex/RexNode.java,0,0,2.6706566854617153e-07
1.14.0,core/src/main/java/org/apache/calcite/rex/RexPattern.java,0,0,1.1756766724845026e-12
1.14.0,core/src/main/java/org/apache/calcite/rex/RexPermutationShuttle.java,0,0,2.7496064258451905e-05
1.14.0,core/src/main/java/org/apache/calcite/rex/RexPermuteInputsShuttle.java,0,0,0.12876627734055976
1.14.0,core/src/main/java/org/apache/calcite/rex/RexRangeRef.java,0,0,0.0009560985636308709
1.14.0,core/src/main/java/org/apache/calcite/rex/RexSlot.java,0,0,3.3438586361990704e-07
1.14.0,core/src/main/java/org/apache/calcite/rex/RexSqlConvertlet.java,0,0,1.5083485436258634e-13
1.14.0,core/src/main/java/org/apache/calcite/rex/RexSqlConvertletTable.java,0,0,2.250393550799125e-15
1.14.0,core/src/main/java/org/apache/calcite/rex/RexSqlReflectiveConvertletTable.java,0,0,0.06251254748179835
1.14.0,core/src/main/java/org/apache/calcite/rex/RexToSqlNodeConverter.java,0,0,1.2835379951684336e-07
1.14.0,core/src/main/java/org/apache/calcite/rex/RexTransformer.java,0,0,0.24612794692790188
1.14.0,core/src/main/java/org/apache/calcite/rex/RexVariable.java,0,0,5.087217448123681e-05
1.14.0,core/src/main/java/org/apache/calcite/rex/RexWindow.java,0,0,0.009870911838330484
1.14.0,core/src/main/java/org/apache/calcite/runtime/AbstractImmutableList.java,0,0,0.013265226609877358
1.14.0,core/src/main/java/org/apache/calcite/runtime/ArrayBindable.java,0,0,3.8747414157160337e-19
1.14.0,core/src/main/java/org/apache/calcite/runtime/ArrayComparator.java,0,0,0.0002700166936161185
1.14.0,core/src/main/java/org/apache/calcite/runtime/ArrayEnumeratorCursor.java,0,0,0.008182466065482253
1.14.0,core/src/main/java/org/apache/calcite/runtime/BinarySearch.java,0,0,0.008085810485693123
1.14.0,core/src/main/java/org/apache/calcite/runtime/Bindable.java,0,0,4.954284163594016e-18
1.14.0,core/src/main/java/org/apache/calcite/runtime/CalciteContextException.java,0,0,3.0289950075207244e-06
1.14.0,core/src/main/java/org/apache/calcite/runtime/CalciteException.java,0,0,7.597153012773215e-10
1.14.0,core/src/main/java/org/apache/calcite/runtime/ConsList.java,0,0,0.017709082772961047
1.14.0,core/src/main/java/org/apache/calcite/runtime/Enumerables.java,0,0,3.816342848452774e-07
1.14.0,core/src/main/java/org/apache/calcite/runtime/EnumeratorCursor.java,0,0,4.3064514081156055e-05
1.14.0,core/src/main/java/org/apache/calcite/runtime/Feature.java,0,0,1.6359738801472335e-05
1.14.0,core/src/main/java/org/apache/calcite/runtime/ObjectEnumeratorCursor.java,0,0,0.00029263081021004315
1.14.0,core/src/main/java/org/apache/calcite/runtime/RecordEnumeratorCursor.java,0,0,0.0034217742852354106
1.14.0,core/src/main/java/org/apache/calcite/runtime/SortedMultiMap.java,0,0,2.819481717888443e-07
1.14.0,core/src/main/java/org/apache/calcite/runtime/TrustAllSslSocketFactory.java,0,0,3.97324165031604e-06
1.14.0,core/src/main/java/org/apache/calcite/runtime/Typed.java,0,0,3.945350321395577e-20
1.14.0,core/src/main/java/org/apache/calcite/runtime/Unit.java,0,0,4.388250191370677e-06
1.14.0,core/src/main/java/org/apache/calcite/runtime/Utilities.java,0,0,0.0533926140598458
1.14.0,core/src/main/java/org/apache/calcite/schema/AggregateFunction.java,0,0,2.513145102575148e-16
1.14.0,core/src/main/java/org/apache/calcite/schema/FilterableTable.java,0,0,5.555258009167313e-14
1.14.0,core/src/main/java/org/apache/calcite/schema/Function.java,0,0,2.884612688806658e-18
1.14.0,core/src/main/java/org/apache/calcite/schema/FunctionParameter.java,0,0,8.974335181996073e-10
1.14.0,core/src/main/java/org/apache/calcite/schema/ImplementableAggFunction.java,0,0,3.1659344552986027e-16
1.14.0,core/src/main/java/org/apache/calcite/schema/ImplementableFunction.java,0,0,6.849107793211103e-17
1.14.0,core/src/main/java/org/apache/calcite/schema/Member.java,0,0,0.001518674580387149
1.14.0,core/src/main/java/org/apache/calcite/schema/ModifiableView.java,0,0,1.7417265913044557e-05
1.14.0,core/src/main/java/org/apache/calcite/schema/Path.java,0,0,7.616639443731615e-11
1.14.0,core/src/main/java/org/apache/calcite/schema/ProjectableFilterableTable.java,0,0,7.243308962615048e-10
1.14.0,core/src/main/java/org/apache/calcite/schema/QueryableTable.java,0,0,2.060976642974916e-10
1.14.0,core/src/main/java/org/apache/calcite/schema/ScalarFunction.java,0,0,1.6393378030649548e-16
1.14.0,core/src/main/java/org/apache/calcite/schema/ScannableTable.java,0,0,1.4413366673654887e-19
1.14.0,core/src/main/java/org/apache/calcite/schema/SchemaPlus.java,0,0,1.0078148178627656e-20
1.14.0,core/src/main/java/org/apache/calcite/schema/SemiMutableSchema.java,0,0,2.969570838971754e-07
1.14.0,core/src/main/java/org/apache/calcite/schema/StreamableTable.java,0,0,7.092497559288293e-17
1.14.0,core/src/main/java/org/apache/calcite/schema/TableFunction.java,0,0,2.0379944326470024e-09
1.14.0,core/src/main/java/org/apache/calcite/schema/TableMacro.java,0,0,3.5321049602377165e-17
1.14.0,core/src/main/java/org/apache/calcite/server/CalciteServer.java,0,0,1.1737773834225569e-08
1.14.0,core/src/main/java/org/apache/calcite/server/CalciteServerStatement.java,0,0,1.4719943454734898e-16
1.14.0,core/src/main/java/org/apache/calcite/sql/ExplicitOperatorBinding.java,0,0,0.009133573648622278
1.14.0,core/src/main/java/org/apache/calcite/sql/JoinConditionType.java,0,0,6.501302579772197e-12
1.14.0,core/src/main/java/org/apache/calcite/sql/SqlAbstractStringLiteral.java,0,0,1.5444661214048056e-05
1.14.0,core/src/main/java/org/apache/calcite/sql/SqlAccessEnum.java,0,0,0.00018036892717879466
1.14.0,core/src/main/java/org/apache/calcite/sql/SqlAsOperator.java,0,0,0.002620266259711078
1.14.0,core/src/main/java/org/apache/calcite/sql/SqlBinaryOperator.java,0,0,0.17923771346896603
1.14.0,core/src/main/java/org/apache/calcite/sql/SqlBinaryStringLiteral.java,0,0,0.003945599073877615
1.14.0,core/src/main/java/org/apache/calcite/sql/SqlCharStringLiteral.java,0,0,0.00010074713996497717
1.14.0,core/src/main/java/org/apache/calcite/sql/SqlDelete.java,0,0,0.18265819254989402
1.14.0,core/src/main/java/org/apache/calcite/sql/SqlDynamicParam.java,0,0,0.029939632955433913
1.14.0,core/src/main/java/org/apache/calcite/sql/SqlExplainLevel.java,0,0,1.9161769260138752e-10
1.14.0,core/src/main/java/org/apache/calcite/sql/SqlFunctionalOperator.java,0,0,0.00038722226019405673
1.14.0,core/src/main/java/org/apache/calcite/sql/SqlInfixOperator.java,0,0,0.04777253699466383
1.14.0,core/src/main/java/org/apache/calcite/sql/SqlInsertKeyword.java,0,0,5.754863858711765e-10
1.14.0,core/src/main/java/org/apache/calcite/sql/SqlInternalOperator.java,0,0,0.24009017002450894
1.14.0,core/src/main/java/org/apache/calcite/sql/SqlJoin.java,0,0,0.0006313089617567436
1.14.0,core/src/main/java/org/apache/calcite/sql/SqlMerge.java,0,0,0.082889224693595
1.14.0,core/src/main/java/org/apache/calcite/sql/SqlNodeList.java,0,0,7.455025903069353e-06
1.14.0,core/src/main/java/org/apache/calcite/sql/SqlNullSemantics.java,0,0,8.156909302442445e-08
1.14.0,core/src/main/java/org/apache/calcite/sql/SqlNumericLiteral.java,0,0,0.12623995430947385
1.14.0,core/src/main/java/org/apache/calcite/sql/SqlOperandCountRange.java,0,0,1.1051805367828747e-13
1.14.0,core/src/main/java/org/apache/calcite/sql/SqlOperatorBinding.java,0,0,0.00028478472714203284
1.14.0,core/src/main/java/org/apache/calcite/sql/SqlOperatorTable.java,0,0,5.934267105117073e-07
1.14.0,core/src/main/java/org/apache/calcite/sql/SqlOrderBy.java,0,0,0.02181514085532445
1.14.0,core/src/main/java/org/apache/calcite/sql/SqlProcedureCallOperator.java,0,0,0.0006941638158441478
1.14.0,core/src/main/java/org/apache/calcite/sql/SqlSampleSpec.java,0,0,0.00017304430570916644
1.14.0,core/src/main/java/org/apache/calcite/sql/SqlSelectKeyword.java,0,0,4.094644553191393e-12
1.14.0,core/src/main/java/org/apache/calcite/sql/SqlSelectOperator.java,0,0,0.4938170341030551
1.14.0,core/src/main/java/org/apache/calcite/sql/SqlSetOperator.java,0,0,0.2814279778797956
1.14.0,core/src/main/java/org/apache/calcite/sql/SqlUnnestOperator.java,0,0,0.0004308892300490726
1.14.0,core/src/main/java/org/apache/calcite/sql/SqlUnresolvedFunction.java,0,0,0.020761947504755535
1.14.0,core/src/main/java/org/apache/calcite/sql/SqlUpdate.java,0,0,0.26205945819603144
1.14.0,core/src/main/java/org/apache/calcite/sql/SqlWith.java,0,0,0.0723091465484749
1.14.0,core/src/main/java/org/apache/calcite/sql/SqlWithItem.java,0,0,0.41248821063891467
1.14.0,core/src/main/java/org/apache/calcite/sql2rel/CorrelationReferenceFinder.java,0,0,0.009816412225700602
1.14.0,core/src/main/java/org/apache/calcite/sql2rel/DeduplicateCorrelateVariables.java,0,0,0.013727677193562151
1.14.0,core/src/main/java/org/apache/calcite/sql2rel/SqlNodeToRexConverter.java,0,0,1.4569455762870634e-06
1.14.0,core/src/main/java/org/apache/calcite/sql2rel/SqlRexContext.java,0,0,3.1808105024726354e-05
1.14.0,core/src/main/java/org/apache/calcite/sql2rel/SqlRexConvertlet.java,0,0,4.833415691572584e-15
1.14.0,core/src/main/java/org/apache/calcite/sql2rel/SqlRexConvertletTable.java,0,0,3.6664982374607897e-14
1.14.0,core/src/main/java/org/apache/calcite/tools/RelBuilderFactory.java,0,0,6.06471044253409e-16
1.14.0,core/src/main/java/org/apache/calcite/tools/RelConversionException.java,0,0,0.00038121623448369866
1.14.0,core/src/main/java/org/apache/calcite/tools/RelRunner.java,0,0,9.534983054632208e-14
1.14.0,core/src/main/java/org/apache/calcite/tools/RuleSet.java,0,0,5.261955937051951e-09
1.14.0,core/src/main/java/org/apache/calcite/tools/RuleSets.java,0,0,0.00028602134056359606
1.14.0,core/src/main/java/org/apache/calcite/tools/ValidationException.java,0,0,0.00028213342771403894
1.14.0,core/src/main/java/org/apache/calcite/util/BarfingInvocationHandler.java,0,0,0.0036960479895431796
1.14.0,core/src/main/java/org/apache/calcite/util/Benchmark.java,0,0,0.004055047053622322
1.14.0,core/src/main/java/org/apache/calcite/util/BitSets.java,0,0,1.707907008057789e-08
1.14.0,core/src/main/java/org/apache/calcite/util/BitString.java,0,0,8.754351001059056e-05
1.14.0,core/src/main/java/org/apache/calcite/util/CalciteParserException.java,0,0,6.017601404475265e-10
1.14.0,core/src/main/java/org/apache/calcite/util/CalciteValidatorException.java,0,0,6.017601404475265e-10
1.14.0,core/src/main/java/org/apache/calcite/util/CastingList.java,0,0,0.009073816159551292
1.14.0,core/src/main/java/org/apache/calcite/util/ChunkList.java,0,0,0.09561723706902153
1.14.0,core/src/main/java/org/apache/calcite/util/ClosableAllocation.java,0,0,1.0333925375552853e-16
1.14.0,core/src/main/java/org/apache/calcite/util/ClosableAllocationOwner.java,0,0,1.0589529717385475e-15
1.14.0,core/src/main/java/org/apache/calcite/util/CompositeMap.java,0,0,0.0010654857751601137
1.14.0,core/src/main/java/org/apache/calcite/util/CompoundClosableAllocation.java,0,0,0.0024541459970507094
1.14.0,core/src/main/java/org/apache/calcite/util/ControlFlowException.java,0,0,0.005506021548851528
1.14.0,core/src/main/java/org/apache/calcite/util/DelegatingInvocationHandler.java,0,0,6.291010690333471e-05
1.14.0,core/src/main/java/org/apache/calcite/util/Filterator.java,0,0,0.009136035516949206
1.14.0,core/src/main/java/org/apache/calcite/util/Glossary.java,0,0,5.8950999037329077e-05
1.14.0,core/src/main/java/org/apache/calcite/util/Holder.java,0,0,1.4994101334799594e-06
1.14.0,core/src/main/java/org/apache/calcite/util/IntegerIntervalSet.java,0,0,9.327965836180195e-10
1.14.0,core/src/main/java/org/apache/calcite/util/IntList.java,0,0,0.003142001766325218
1.14.0,core/src/main/java/org/apache/calcite/util/Litmus.java,0,0,1.546850745463018e-13
1.14.0,core/src/main/java/org/apache/calcite/util/PartiallyOrderedSet.java,0,0,0.0010498186866305648
1.14.0,core/src/main/java/org/apache/calcite/util/Permutation.java,0,0,0.003574905069175965
1.14.0,core/src/main/java/org/apache/calcite/util/ReflectiveVisitDispatcher.java,0,0,0.00017193248459256168
1.14.0,core/src/main/java/org/apache/calcite/util/ReflectiveVisitor.java,0,0,6.446525108210361e-11
1.14.0,core/src/main/java/org/apache/calcite/util/SerializableCharset.java,0,0,4.4989519823753255e-05
1.14.0,core/src/main/java/org/apache/calcite/util/Stacks.java,0,0,0.00010291502924606951
1.14.0,core/src/main/java/org/apache/calcite/util/StackWriter.java,0,0,0.006809580868901688
1.14.0,core/src/main/java/org/apache/calcite/util/Static.java,0,0,0.00018595481189969578
1.14.0,core/src/main/java/org/apache/calcite/util/TryThreadLocal.java,0,0,1.1831248917798075e-07
1.14.0,core/src/main/java/org/apache/calcite/util/UnmodifiableArrayList.java,0,0,9.512595317746694e-05
1.14.0,core/src/main/java/org/apache/calcite/util/XmlOutput.java,0,0,6.459360926216755e-10
1.14.0,core/src/main/java/org/apache/calcite/adapter/clone/ColumnLoader.java,0,0,0.0012818376133364503
1.14.0,core/src/main/java/org/apache/calcite/adapter/clone/ListTable.java,0,0,0.041351181189406366
1.14.0,core/src/main/java/org/apache/calcite/adapter/enumerable/AggAddContext.java,0,0,6.206900783092826e-12
1.14.0,core/src/main/java/org/apache/calcite/adapter/enumerable/AggImplementor.java,0,0,1.217740075600351e-06
1.14.0,core/src/main/java/org/apache/calcite/adapter/enumerable/AggImpState.java,0,0,5.565683748951038e-08
1.14.0,core/src/main/java/org/apache/calcite/adapter/enumerable/AggResetContext.java,0,0,3.0770552591292284e-19
1.14.0,core/src/main/java/org/apache/calcite/adapter/enumerable/CallImplementor.java,0,0,1.4802064570263258e-12
1.14.0,core/src/main/java/org/apache/calcite/adapter/enumerable/EnumerableAggregateRule.java,0,0,0.00918387959053195
1.14.0,core/src/main/java/org/apache/calcite/adapter/enumerable/EnumerableBindable.java,0,0,0.0008236894409911314
1.14.0,core/src/main/java/org/apache/calcite/adapter/enumerable/EnumerableCalcRule.java,0,0,1.5017721652934115e-05
1.14.0,core/src/main/java/org/apache/calcite/adapter/enumerable/EnumerableCollect.java,0,0,0.11689856579657237
1.14.0,core/src/main/java/org/apache/calcite/adapter/enumerable/EnumerableCollectRule.java,0,0,0.0005912227588856471
1.14.0,core/src/main/java/org/apache/calcite/adapter/enumerable/EnumerableCorrelate.java,0,0,0.22566789652239547
1.14.0,core/src/main/java/org/apache/calcite/adapter/enumerable/EnumerableCorrelateRule.java,0,0,0.0001627029553786678
1.14.0,core/src/main/java/org/apache/calcite/adapter/enumerable/EnumerableFilter.java,0,0,2.2407354673172632e-07
1.14.0,core/src/main/java/org/apache/calcite/adapter/enumerable/EnumerableFilterRule.java,0,0,0.00031500001089098913
1.14.0,core/src/main/java/org/apache/calcite/adapter/enumerable/EnumerableFilterToCalcRule.java,0,0,1.909870510683089e-08
1.14.0,core/src/main/java/org/apache/calcite/adapter/enumerable/EnumerableInterpretable.java,0,0,0.0536769988654693
1.14.0,core/src/main/java/org/apache/calcite/adapter/enumerable/EnumerableInterpreter.java,0,0,0.012303062657722082
1.14.0,core/src/main/java/org/apache/calcite/adapter/enumerable/EnumerableInterpreterRule.java,0,0,9.771646600824198e-05
1.14.0,core/src/main/java/org/apache/calcite/adapter/enumerable/EnumerableIntersectRule.java,0,0,0.002828326853473332
1.14.0,core/src/main/java/org/apache/calcite/adapter/enumerable/EnumerableJoin.java,0,0,9.330750840647769e-05
1.14.0,core/src/main/java/org/apache/calcite/adapter/enumerable/EnumerableJoinRule.java,0,0,0.00022021548130582902
1.14.0,core/src/main/java/org/apache/calcite/adapter/enumerable/EnumerableLimit.java,0,0,3.9660195089874354e-07
1.14.0,core/src/main/java/org/apache/calcite/adapter/enumerable/EnumerableLimitRule.java,0,0,0.009855919092612842
1.14.0,core/src/main/java/org/apache/calcite/adapter/enumerable/EnumerableMergeJoinRule.java,0,0,0.16222262317441463
1.14.0,core/src/main/java/org/apache/calcite/adapter/enumerable/EnumerableMinusRule.java,0,0,0.0035728679701103657
1.14.0,core/src/main/java/org/apache/calcite/adapter/enumerable/EnumerableProject.java,0,0,0.009973502153308356
1.14.0,core/src/main/java/org/apache/calcite/adapter/enumerable/EnumerableProjectRule.java,0,0,0.000790011112296598
1.14.0,core/src/main/java/org/apache/calcite/adapter/enumerable/EnumerableProjectToCalcRule.java,0,0,8.072510444255753e-08
1.14.0,core/src/main/java/org/apache/calcite/adapter/enumerable/EnumerableRules.java,0,0,3.5471119489362084e-07
1.14.0,core/src/main/java/org/apache/calcite/adapter/enumerable/EnumerableSemiJoin.java,0,0,0.05535348740111249
1.14.0,core/src/main/java/org/apache/calcite/adapter/enumerable/EnumerableSemiJoinRule.java,0,0,2.5501542968767553e-06
1.14.0,core/src/main/java/org/apache/calcite/adapter/enumerable/EnumerableSort.java,0,0,0.12724120726172733
1.14.0,core/src/main/java/org/apache/calcite/adapter/enumerable/EnumerableSortRule.java,0,0,0.004347358248048954
1.14.0,core/src/main/java/org/apache/calcite/adapter/enumerable/EnumerableTableFunctionScanRule.java,0,0,0.00022572416011871054
1.14.0,core/src/main/java/org/apache/calcite/adapter/enumerable/EnumerableTableScanRule.java,0,0,0.0019706250186516863
1.14.0,core/src/main/java/org/apache/calcite/adapter/enumerable/EnumerableThetaJoin.java,0,0,0.01030012616188929
1.14.0,core/src/main/java/org/apache/calcite/adapter/enumerable/EnumerableUncollect.java,0,0,0.2735903393809408
1.14.0,core/src/main/java/org/apache/calcite/adapter/enumerable/EnumerableUncollectRule.java,0,0,0.00020184948491639394
1.14.0,core/src/main/java/org/apache/calcite/adapter/enumerable/EnumerableUnionRule.java,0,0,0.000130371616411274
1.14.0,core/src/main/java/org/apache/calcite/adapter/enumerable/EnumerableValues.java,0,0,0.0009459025824809647
1.14.0,core/src/main/java/org/apache/calcite/adapter/enumerable/EnumerableValuesRule.java,0,0,6.18934221089873e-05
1.14.0,core/src/main/java/org/apache/calcite/adapter/enumerable/EnumerableWindowRule.java,0,0,5.0660141385737534e-08
1.14.0,core/src/main/java/org/apache/calcite/adapter/enumerable/EnumUtils.java,0,0,0.16958459725031175
1.14.0,core/src/main/java/org/apache/calcite/adapter/enumerable/JavaRelImplementor.java,0,0,3.146726535715191e-05
1.14.0,core/src/main/java/org/apache/calcite/adapter/enumerable/NestedBlockBuilder.java,0,0,7.143131395042999e-08
1.14.0,core/src/main/java/org/apache/calcite/adapter/enumerable/NestedBlockBuilderImpl.java,0,0,0.07693297703702648
1.14.0,core/src/main/java/org/apache/calcite/adapter/enumerable/NotNullImplementor.java,0,0,3.799938940063372e-13
1.14.0,core/src/main/java/org/apache/calcite/adapter/enumerable/StrictAggImplementor.java,0,0,0.0903471971542018
1.14.0,core/src/main/java/org/apache/calcite/adapter/enumerable/StrictWinAggImplementor.java,0,0,0.008945827686485268
1.14.0,core/src/main/java/org/apache/calcite/adapter/enumerable/WinAggAddContext.java,0,0,2.705075438471922e-19
1.14.0,core/src/main/java/org/apache/calcite/adapter/enumerable/WinAggContext.java,0,0,8.133221919095204e-08
1.14.0,core/src/main/java/org/apache/calcite/adapter/enumerable/WinAggFrameContext.java,0,0,1.7078602380604432e-09
1.14.0,core/src/main/java/org/apache/calcite/adapter/enumerable/WinAggFrameResultContext.java,0,0,2.6804179568677295e-07
1.14.0,core/src/main/java/org/apache/calcite/adapter/enumerable/WinAggImplementor.java,0,0,1.1491066559469421e-07
1.14.0,core/src/main/java/org/apache/calcite/adapter/enumerable/WinAggResetContext.java,0,0,4.615854426063436e-08
1.14.0,core/src/main/java/org/apache/calcite/adapter/enumerable/WinAggResultContext.java,0,0,1.218152393238065e-13
1.14.0,core/src/main/java/org/apache/calcite/adapter/java/AbstractQueryableTable.java,0,0,2.286497478308285e-05
1.14.0,core/src/main/java/org/apache/calcite/adapter/java/Array.java,0,0,6.856186832768174e-35
1.14.0,core/src/main/java/org/apache/calcite/adapter/java/JavaTypeFactory.java,0,0,5.215437595983241e-14
1.14.0,core/src/main/java/org/apache/calcite/adapter/java/Map.java,0,0,8.86368584874849e-38
1.14.0,core/src/main/java/org/apache/calcite/adapter/jdbc/JdbcConvention.java,0,0,0.0017644238715789468
1.14.0,core/src/main/java/org/apache/calcite/adapter/jdbc/JdbcQueryProvider.java,0,0,1.564080539572037e-05
1.14.0,core/src/main/java/org/apache/calcite/adapter/jdbc/JdbcRel.java,0,0,2.6811950367320224e-08
1.14.0,core/src/main/java/org/apache/calcite/adapter/jdbc/JdbcToEnumerableConverter.java,0,0,0.014860358414354848
1.14.0,core/src/main/java/org/apache/calcite/adapter/jdbc/JdbcToEnumerableConverterRule.java,0,0,1.1415062083200909e-05
1.14.0,core/src/main/java/org/apache/calcite/adapter/jdbc/JdbcUtils.java,0,0,0.22191658133723852
1.14.0,core/src/main/java/org/apache/calcite/plan/hep/HepMatchOrder.java,0,0,0.001190221499141157
1.14.0,core/src/main/java/org/apache/calcite/plan/hep/HepProgram.java,0,0,0.2575100104087913
1.14.0,core/src/main/java/org/apache/calcite/plan/hep/HepProgramBuilder.java,0,0,0.0002641843401563584
1.14.0,core/src/main/java/org/apache/calcite/plan/hep/HepRelMetadataProvider.java,0,0,9.324189088765458e-05
1.14.0,core/src/main/java/org/apache/calcite/plan/hep/HepRelVertex.java,0,0,0.02211767029723738
1.14.0,core/src/main/java/org/apache/calcite/plan/volcano/AbstractConverter.java,0,0,0.0011099434729220134
1.14.0,core/src/main/java/org/apache/calcite/plan/volcano/ChainedPhaseRuleMappingInitializer.java,0,0,0.0030202608456831957
1.14.0,core/src/main/java/org/apache/calcite/plan/volcano/VolcanoCost.java,0,0,0.06330358356752247
1.14.0,core/src/main/java/org/apache/calcite/plan/volcano/VolcanoPlannerPhase.java,0,0,7.855053743913645e-05
1.14.0,core/src/main/java/org/apache/calcite/plan/volcano/VolcanoPlannerPhaseRuleMappingInitializer.java,0,0,1.8870901504297642e-12
1.14.0,core/src/main/java/org/apache/calcite/plan/volcano/VolcanoRelMetadataProvider.java,0,0,1.6351359870645867e-08
1.14.0,core/src/main/java/org/apache/calcite/rel/convert/Converter.java,0,0,0.0008050324678480167
1.14.0,core/src/main/java/org/apache/calcite/rel/convert/ConverterRule.java,0,0,0.03223358714865267
1.14.0,core/src/main/java/org/apache/calcite/rel/convert/NoneConverter.java,0,0,1.445016255546891e-06
1.14.0,core/src/main/java/org/apache/calcite/rel/convert/TraitMatchingRule.java,0,0,0.005252524529978087
1.14.0,core/src/main/java/org/apache/calcite/rel/core/Collect.java,0,0,0.009208193590648502
1.14.0,core/src/main/java/org/apache/calcite/rel/core/CorrelationId.java,0,1,0.8380989237565288
1.14.0,core/src/main/java/org/apache/calcite/rel/core/EquiJoin.java,0,0,0.07807629253153468
1.14.0,core/src/main/java/org/apache/calcite/rel/core/Exchange.java,0,0,0.015023117245456227
1.14.0,core/src/main/java/org/apache/calcite/rel/core/Intersect.java,0,0,0.0025848830390163622
1.14.0,core/src/main/java/org/apache/calcite/rel/core/JoinInfo.java,0,0,0.002155932981319736
1.14.0,core/src/main/java/org/apache/calcite/rel/core/Minus.java,0,0,0.010512887771887988
1.14.0,core/src/main/java/org/apache/calcite/rel/core/Sample.java,0,0,0.004864096302764644
1.14.0,core/src/main/java/org/apache/calcite/rel/core/SortExchange.java,0,0,0.007164254268696025
1.14.0,core/src/main/java/org/apache/calcite/rel/core/TableFunctionScan.java,0,0,0.05739929957395688
1.14.0,core/src/main/java/org/apache/calcite/rel/core/Uncollect.java,0,0,0.04795115792472157
1.14.0,core/src/main/java/org/apache/calcite/rel/logical/LogicalCalc.java,0,0,4.654794782630507e-09
1.14.0,core/src/main/java/org/apache/calcite/rel/logical/LogicalExchange.java,0,0,0.00012498626543250006
1.14.0,core/src/main/java/org/apache/calcite/rel/logical/LogicalFilter.java,0,0,0.0019395437112335492
1.14.0,core/src/main/java/org/apache/calcite/rel/logical/LogicalIntersect.java,0,0,0.20469217349685964
1.14.0,core/src/main/java/org/apache/calcite/rel/logical/LogicalJoin.java,0,0,0.11326050287592178
1.14.0,core/src/main/java/org/apache/calcite/rel/logical/LogicalMinus.java,0,0,0.004306109210556782
1.14.0,core/src/main/java/org/apache/calcite/rel/logical/LogicalSort.java,0,0,0.00037452389331107955
1.14.0,core/src/main/java/org/apache/calcite/rel/logical/LogicalTableFunctionScan.java,0,0,0.02014113286403202
1.14.0,core/src/main/java/org/apache/calcite/rel/logical/LogicalTableScan.java,0,0,4.729965773036008e-06
1.14.0,core/src/main/java/org/apache/calcite/rel/logical/LogicalUnion.java,0,0,0.006648477148328268
1.14.0,core/src/main/java/org/apache/calcite/rel/logical/LogicalValues.java,0,0,0.00015410565575914683
1.14.0,core/src/main/java/org/apache/calcite/rel/metadata/CyclicMetadataException.java,0,0,0.00021034504635054078
1.14.0,core/src/main/java/org/apache/calcite/rel/metadata/Metadata.java,0,0,2.821859525218141e-15
1.14.0,core/src/main/java/org/apache/calcite/rel/metadata/MetadataDef.java,0,0,0.0032714391016047508
1.14.0,core/src/main/java/org/apache/calcite/rel/metadata/MetadataFactory.java,0,0,6.615319129848297e-10
1.14.0,core/src/main/java/org/apache/calcite/rel/metadata/MetadataHandler.java,0,0,2.7450143342945576e-15
1.14.0,core/src/main/java/org/apache/calcite/rel/metadata/NullSentinel.java,0,0,7.311731685793491e-13
1.14.0,core/src/main/java/org/apache/calcite/rel/metadata/RelColumnMapping.java,0,0,2.5823272187859162e-05
1.14.0,core/src/main/java/org/apache/calcite/rel/metadata/RelColumnOrigin.java,0,0,0.038996314459702176
1.14.0,core/src/main/java/org/apache/calcite/rel/metadata/RelMdColumnOrigins.java,0,0,0.023644422259963386
1.14.0,core/src/main/java/org/apache/calcite/rel/metadata/RelMdDistinctRowCount.java,0,0,0.013131459547101206
1.14.0,core/src/main/java/org/apache/calcite/rel/metadata/RelMdDistribution.java,0,0,0.07360023301009569
1.14.0,core/src/main/java/org/apache/calcite/rel/metadata/RelMdExplainVisibility.java,0,0,0.007401887195288428
1.14.0,core/src/main/java/org/apache/calcite/rel/metadata/RelMdMemory.java,0,0,0.1586266907983587
1.14.0,core/src/main/java/org/apache/calcite/rel/metadata/RelMdParallelism.java,0,0,0.0361495174677171
1.14.0,core/src/main/java/org/apache/calcite/rel/metadata/RelMdPercentageOriginalRows.java,0,0,0.04333275624234993
1.14.0,core/src/main/java/org/apache/calcite/rel/metadata/RelMdPopulationSize.java,0,0,0.007176255457700038
1.14.0,core/src/main/java/org/apache/calcite/rel/metadata/RelMdRowCount.java,0,0,0.0009997186565439615
1.14.0,core/src/main/java/org/apache/calcite/rel/metadata/RelMdSelectivity.java,0,0,0.025221788291259834
1.14.0,core/src/main/java/org/apache/calcite/rel/metadata/RelMdUniqueKeys.java,0,0,0.3533171437136585
1.14.0,core/src/main/java/org/apache/calcite/rel/metadata/UnboundMetadata.java,0,0,1.2713478565195235e-10
1.14.0,core/src/main/java/org/apache/calcite/rel/rules/AggregateRemoveRule.java,0,0,0.10417763170082274
1.14.0,core/src/main/java/org/apache/calcite/rel/rules/AggregateStarTableRule.java,0,0,0.00017308511620539601
1.14.0,core/src/main/java/org/apache/calcite/rel/rules/CalcMergeRule.java,0,0,0.044318255470373984
1.14.0,core/src/main/java/org/apache/calcite/rel/rules/CalcRemoveRule.java,0,0,0.001232879053708469
1.14.0,core/src/main/java/org/apache/calcite/rel/rules/CalcSplitRule.java,0,0,0.005021898490187207
1.14.0,core/src/main/java/org/apache/calcite/rel/rules/CoerceInputsRule.java,0,0,0.13407530731308254
1.14.0,core/src/main/java/org/apache/calcite/rel/rules/EquiJoin.java,0,0,0.00020308097056872672
1.14.0,core/src/main/java/org/apache/calcite/rel/rules/FilterCalcMergeRule.java,0,0,0.0038970516321251204
1.14.0,core/src/main/java/org/apache/calcite/rel/rules/FilterCorrelateRule.java,0,0,0.031423562568133334
1.14.0,core/src/main/java/org/apache/calcite/rel/rules/FilterJoinRule.java,0,0,0.08566913912447834
1.14.0,core/src/main/java/org/apache/calcite/rel/rules/FilterMergeRule.java,0,0,0.0004563576302447008
1.14.0,core/src/main/java/org/apache/calcite/rel/rules/FilterMultiJoinMergeRule.java,0,0,0.01554709220760801
1.14.0,core/src/main/java/org/apache/calcite/rel/rules/FilterSetOpTransposeRule.java,0,0,0.0015239826058257144
1.14.0,core/src/main/java/org/apache/calcite/rel/rules/FilterTableFunctionTransposeRule.java,0,0,0.023121057829472675
1.14.0,core/src/main/java/org/apache/calcite/rel/rules/FilterToCalcRule.java,0,0,3.9106244422176083e-05
1.14.0,core/src/main/java/org/apache/calcite/rel/rules/JoinAddRedundantSemiJoinRule.java,0,0,0.04537890336055946
1.14.0,core/src/main/java/org/apache/calcite/rel/rules/JoinAssociateRule.java,0,0,0.021873139481516275
1.14.0,core/src/main/java/org/apache/calcite/rel/rules/JoinPushExpressionsRule.java,0,0,0.0032360540511105172
1.14.0,core/src/main/java/org/apache/calcite/rel/rules/JoinPushTransitivePredicatesRule.java,0,0,0.0004907400957658464
1.14.0,core/src/main/java/org/apache/calcite/rel/rules/JoinToCorrelateRule.java,0,0,6.331314567192404e-09
1.14.0,core/src/main/java/org/apache/calcite/rel/rules/JoinToMultiJoinRule.java,0,0,5.390098895592791e-06
1.14.0,core/src/main/java/org/apache/calcite/rel/rules/JoinUnionTransposeRule.java,0,0,0.0006800769957988698
1.14.0,core/src/main/java/org/apache/calcite/rel/rules/LoptJoinTree.java,0,0,0.003494898200792032
1.14.0,core/src/main/java/org/apache/calcite/rel/rules/MultiJoin.java,0,0,0.012555444631186597
1.14.0,core/src/main/java/org/apache/calcite/rel/rules/MultiJoinProjectTransposeRule.java,0,0,0.03809408844131605
1.14.0,core/src/main/java/org/apache/calcite/rel/rules/ProjectCalcMergeRule.java,0,0,0.012130567431404725
1.14.0,core/src/main/java/org/apache/calcite/rel/rules/ProjectMergeRule.java,0,0,1.875458543893424e-05
1.14.0,core/src/main/java/org/apache/calcite/rel/rules/ProjectMultiJoinMergeRule.java,0,0,0.005100245661721967
1.14.0,core/src/main/java/org/apache/calcite/rel/rules/ProjectToCalcRule.java,0,0,9.204784835216526e-06
1.14.0,core/src/main/java/org/apache/calcite/rel/rules/SemiJoinJoinTransposeRule.java,0,0,0.0482493856106055
1.14.0,core/src/main/java/org/apache/calcite/rel/rules/SemiJoinRemoveRule.java,0,0,3.438627261255103e-05
1.14.0,core/src/main/java/org/apache/calcite/rel/rules/SortRemoveRule.java,0,0,0.018872454255769194
1.14.0,core/src/main/java/org/apache/calcite/rel/rules/SortUnionTransposeRule.java,0,0,0.014076475869322478
1.14.0,core/src/main/java/org/apache/calcite/rel/rules/TableScanRule.java,0,0,6.134365506991724e-05
1.14.0,core/src/main/java/org/apache/calcite/rel/rules/UnionEliminatorRule.java,0,0,0.0004645597784735551
1.14.0,core/src/main/java/org/apache/calcite/rel/rules/UnionToDistinctRule.java,0,0,0.00016084657340493657
1.14.0,core/src/main/java/org/apache/calcite/rel/stream/Chi.java,0,0,7.758318660964257e-07
1.14.0,core/src/main/java/org/apache/calcite/rel/stream/Delta.java,0,0,0.0021093079603258626
1.14.0,core/src/main/java/org/apache/calcite/rel/stream/LogicalChi.java,0,0,8.834529484808475e-06
1.14.0,core/src/main/java/org/apache/calcite/rel/stream/LogicalDelta.java,0,0,0.0001781009757312224
1.14.0,core/src/main/java/org/apache/calcite/rel/type/DynamicRecordType.java,0,0,5.6200911131990416e-05
1.14.0,core/src/main/java/org/apache/calcite/rel/type/RelCrossType.java,0,0,0.2276300789477351
1.14.0,core/src/main/java/org/apache/calcite/rel/type/RelDataTypeComparability.java,0,0,0.04497844814153655
1.14.0,core/src/main/java/org/apache/calcite/rel/type/RelDataTypeFamily.java,0,0,4.669888124872584e-10
1.14.0,core/src/main/java/org/apache/calcite/rel/type/RelDataTypeFieldImpl.java,0,0,0.019139682754696668
1.14.0,core/src/main/java/org/apache/calcite/rel/type/RelProtoDataType.java,0,0,4.94728066457582e-12
1.14.0,core/src/main/java/org/apache/calcite/schema/impl/AbstractTableQueryable.java,0,0,0.07801733590214426
1.14.0,core/src/main/java/org/apache/calcite/schema/impl/StarTable.java,0,0,0.0009286424261571769
1.14.0,core/src/main/java/org/apache/calcite/sql/advise/SqlAdvisorGetHintsFunction.java,0,0,2.992538165428188e-05
1.14.0,core/src/main/java/org/apache/calcite/sql/advise/SqlAdvisorHint.java,0,0,1.6331980701981714e-05
1.14.0,core/src/main/java/org/apache/calcite/sql/fun/SqlAbstractTimeFunction.java,0,0,0.0023857091441018274
1.14.0,core/src/main/java/org/apache/calcite/sql/fun/SqlArgumentAssignmentOperator.java,0,0,0.004812170741921377
1.14.0,core/src/main/java/org/apache/calcite/sql/fun/SqlArrayQueryConstructor.java,0,0,3.344335730964298e-09
1.14.0,core/src/main/java/org/apache/calcite/sql/fun/SqlArrayValueConstructor.java,0,0,7.742328304325506e-06
1.14.0,core/src/main/java/org/apache/calcite/sql/fun/SqlCase.java,0,0,0.47420528297125536
1.14.0,core/src/main/java/org/apache/calcite/sql/fun/SqlCollectionTableOperator.java,0,0,3.1664594875917476e-06
1.14.0,core/src/main/java/org/apache/calcite/sql/fun/SqlColumnListConstructor.java,0,0,0.0016109912025993613
1.14.0,core/src/main/java/org/apache/calcite/sql/fun/SqlConvertFunction.java,0,0,0.07152725047571067
1.14.0,core/src/main/java/org/apache/calcite/sql/fun/SqlCovarAggFunction.java,0,0,0.007214943604570428
1.14.0,core/src/main/java/org/apache/calcite/sql/fun/SqlCurrentDateFunction.java,0,0,0.3612011697326487
1.14.0,core/src/main/java/org/apache/calcite/sql/fun/SqlCursorConstructor.java,0,0,0.053508900924865245
1.14.0,core/src/main/java/org/apache/calcite/sql/fun/SqlDefaultOperator.java,0,0,0.015156767561751976
1.14.0,core/src/main/java/org/apache/calcite/sql/fun/SqlExtendOperator.java,0,0,0.15363052534556493
1.14.0,core/src/main/java/org/apache/calcite/sql/fun/SqlLeadLagAggFunction.java,0,0,0.0060351117616497954
1.14.0,core/src/main/java/org/apache/calcite/sql/fun/SqlMapQueryConstructor.java,0,0,4.465496645328573e-09
1.14.0,core/src/main/java/org/apache/calcite/sql/fun/SqlMapValueConstructor.java,0,0,0.0036774628862893313
1.14.0,core/src/main/java/org/apache/calcite/sql/fun/SqlMonotonicBinaryOperator.java,0,1,0.7150389658527656
1.14.0,core/src/main/java/org/apache/calcite/sql/fun/SqlMonotonicUnaryFunction.java,0,0,0.07372620443437591
1.14.0,core/src/main/java/org/apache/calcite/sql/fun/SqlMultisetMemberOfOperator.java,0,0,0.017649689478202155
1.14.0,core/src/main/java/org/apache/calcite/sql/fun/SqlMultisetQueryConstructor.java,0,0,0.11228986041335026
1.14.0,core/src/main/java/org/apache/calcite/sql/fun/SqlMultisetSetOperator.java,0,0,8.889077213107528e-06
1.14.0,core/src/main/java/org/apache/calcite/sql/fun/SqlNewOperator.java,0,0,0.08293879171045121
1.14.0,core/src/main/java/org/apache/calcite/sql/fun/SqlNtileAggFunction.java,0,0,0.0014530160317919667
1.14.0,core/src/main/java/org/apache/calcite/sql/fun/SqlOverlayFunction.java,0,0,0.1351564333577828
1.14.0,core/src/main/java/org/apache/calcite/sql/fun/SqlRollupOperator.java,0,0,0.00033201646603518963
1.14.0,core/src/main/java/org/apache/calcite/sql/fun/SqlSequenceValueOperator.java,0,0,0.038525016060018985
1.14.0,core/src/main/java/org/apache/calcite/sql/fun/SqlSubstringFunction.java,0,0,0.29838905534863464
1.14.0,core/src/main/java/org/apache/calcite/sql/fun/SqlThrowOperator.java,0,0,0.0006313103169137991
1.14.0,core/src/main/java/org/apache/calcite/sql/fun/SqlTranslate3Function.java,0,0,0.28979276489321376
1.14.0,core/src/main/java/org/apache/calcite/sql/fun/SqlTrimFunction.java,1,1,0.9997024462409664
1.14.0,core/src/main/java/org/apache/calcite/sql/parser/SqlParseException.java,0,0,0.01981787798725878
1.14.0,core/src/main/java/org/apache/calcite/sql/parser/SqlParserImplFactory.java,0,0,5.973272395155762e-15
1.14.0,core/src/main/java/org/apache/calcite/sql/pretty/SqlFormatOptions.java,0,0,0.14483010594621976
1.14.0,core/src/main/java/org/apache/calcite/sql/type/AbstractSqlType.java,0,0,0.003443736699118819
1.14.0,core/src/main/java/org/apache/calcite/sql/type/AssignableOperandTypeChecker.java,0,1,0.5212951774990944
1.14.0,core/src/main/java/org/apache/calcite/sql/type/ComparableOperandTypeChecker.java,0,0,0.02827019943185063
1.14.0,core/src/main/java/org/apache/calcite/sql/type/CompositeSingleOperandTypeChecker.java,0,0,0.1087267666193831
1.14.0,core/src/main/java/org/apache/calcite/sql/type/CursorReturnTypeInference.java,0,0,0.03973201720181967
1.14.0,core/src/main/java/org/apache/calcite/sql/type/ExplicitOperandTypeInference.java,0,1,0.5896692519865769
1.14.0,core/src/main/java/org/apache/calcite/sql/type/ExplicitReturnTypeInference.java,0,0,0.004960736757588835
1.14.0,core/src/main/java/org/apache/calcite/sql/type/FamilyOperandTypeChecker.java,0,0,0.005827365247702362
1.14.0,core/src/main/java/org/apache/calcite/sql/type/InferTypes.java,0,0,1.6643635292950865e-07
1.14.0,core/src/main/java/org/apache/calcite/sql/type/LiteralOperandTypeChecker.java,0,0,0.05036865446550842
1.14.0,core/src/main/java/org/apache/calcite/sql/type/MapSqlType.java,0,0,0.005419006685364578
1.14.0,core/src/main/java/org/apache/calcite/sql/type/MultisetOperandTypeChecker.java,0,0,0.1977745914303042
1.14.0,core/src/main/java/org/apache/calcite/sql/type/ObjectSqlType.java,0,0,0.010005399846355555
1.14.0,core/src/main/java/org/apache/calcite/sql/type/OperandsTypeChecking.java,0,0,0.0009755858424156449
1.14.0,core/src/main/java/org/apache/calcite/sql/type/OrdinalReturnTypeInference.java,0,0,0.003680668677558788
1.14.0,core/src/main/java/org/apache/calcite/sql/type/SetopOperandTypeChecker.java,0,0,0.0019454980733716258
1.14.0,core/src/main/java/org/apache/calcite/sql/type/SqlOperandCountRanges.java,0,0,0.0011830742094292197
1.14.0,core/src/main/java/org/apache/calcite/sql/type/SqlOperandTypeChecker.java,0,0,0.02955340446817922
1.14.0,core/src/main/java/org/apache/calcite/sql/type/SqlOperandTypeInference.java,0,0,4.5079118431405553e-13
1.14.0,core/src/main/java/org/apache/calcite/sql/type/SqlReturnTypeInference.java,0,0,9.047157147555362e-17
1.14.0,core/src/main/java/org/apache/calcite/sql/type/SqlReturnTypeInferenceChain.java,0,0,5.0794035852418265e-05
1.14.0,core/src/main/java/org/apache/calcite/sql/type/SqlSingleOperandTypeChecker.java,0,0,2.3718448184655995e-10
1.14.0,core/src/main/java/org/apache/calcite/sql/type/SqlTypeTransform.java,0,0,1.8578422126970432e-12
1.14.0,core/src/main/java/org/apache/calcite/sql/type/SqlTypeTransformCascade.java,0,0,0.04182866444780653
1.14.0,core/src/main/java/org/apache/calcite/sql/type/SqlTypeTransforms.java,0,0,0.002212681403532251
1.14.0,core/src/main/java/org/apache/calcite/sql/type/TableFunctionReturnTypeInference.java,0,0,0.05561890232413443
1.14.0,core/src/main/java/org/apache/calcite/sql/util/ChainedSqlOperatorTable.java,0,0,0.1993539826658969
1.14.0,core/src/main/java/org/apache/calcite/sql/util/SqlBuilder.java,0,0,0.0006668014190913628
1.14.0,core/src/main/java/org/apache/calcite/sql/util/SqlShuttle.java,0,0,0.04465113570484722
1.14.0,core/src/main/java/org/apache/calcite/sql/util/SqlString.java,0,0,0.00010792333704308072
1.14.0,core/src/main/java/org/apache/calcite/sql/util/SqlVisitor.java,0,0,8.27596626703262e-08
1.14.0,core/src/main/java/org/apache/calcite/sql/validate/AggregatingScope.java,0,0,5.489324481613564e-10
1.14.0,core/src/main/java/org/apache/calcite/sql/validate/AliasNamespace.java,0,1,0.7562670234839468
1.14.0,core/src/main/java/org/apache/calcite/sql/validate/CollectNamespace.java,0,1,0.6331091614944823
1.14.0,core/src/main/java/org/apache/calcite/sql/validate/CollectScope.java,0,0,3.727856391478484e-07
1.14.0,core/src/main/java/org/apache/calcite/sql/validate/DelegatingSqlValidatorTable.java,0,0,0.0013064398472853005
1.14.0,core/src/main/java/org/apache/calcite/sql/validate/FieldNamespace.java,0,1,0.8933981590347823
1.14.0,core/src/main/java/org/apache/calcite/sql/validate/JoinNamespace.java,0,1,0.7173093048817788
1.14.0,core/src/main/java/org/apache/calcite/sql/validate/OverScope.java,0,0,0.00032088191168197695
1.14.0,core/src/main/java/org/apache/calcite/sql/validate/ParameterNamespace.java,0,0,0.3188574835680421
1.14.0,core/src/main/java/org/apache/calcite/sql/validate/ProcedureNamespace.java,0,1,0.6376110857709457
1.14.0,core/src/main/java/org/apache/calcite/sql/validate/SchemaNamespace.java,0,1,0.8774881370187926
1.14.0,core/src/main/java/org/apache/calcite/sql/validate/SelectNamespace.java,0,1,0.6856704204462075
1.14.0,core/src/main/java/org/apache/calcite/sql/validate/SelectScope.java,0,0,0.34053562852018754
1.14.0,core/src/main/java/org/apache/calcite/sql/validate/SqlModality.java,0,0,0.0033210845394158737
1.14.0,core/src/main/java/org/apache/calcite/sql/validate/SqlMoniker.java,0,0,9.190967669057001e-12
1.14.0,core/src/main/java/org/apache/calcite/sql/validate/SqlMonikerImpl.java,0,0,0.0222277028847863
1.14.0,core/src/main/java/org/apache/calcite/sql/validate/SqlMonikerType.java,0,0,0.0005802023881341306
1.14.0,core/src/main/java/org/apache/calcite/sql/validate/SqlMonotonicity.java,0,0,1.2414536865851062e-10
1.14.0,core/src/main/java/org/apache/calcite/sql/validate/SqlScopedShuttle.java,0,0,0.003884774615921343
1.14.0,core/src/main/java/org/apache/calcite/sql/validate/SqlUserDefinedTableMacro.java,0,0,0.1631256909335459
1.14.0,core/src/main/java/org/apache/calcite/sql/validate/SqlValidatorException.java,0,0,2.6545041239097248e-05
1.14.0,core/src/main/java/org/apache/calcite/sql/validate/SqlValidatorWithHints.java,0,0,1.9388476021961464e-05
1.14.0,core/src/main/java/org/apache/calcite/sql/validate/TableConstructorNamespace.java,0,0,0.4180025006889173
1.14.0,core/src/main/java/org/apache/calcite/sql/validate/UnnestNamespace.java,0,0,0.49468933634590767
1.14.0,core/src/main/java/org/apache/calcite/sql/validate/WithItemNamespace.java,0,1,0.8044742343519744
1.14.0,core/src/main/java/org/apache/calcite/sql/validate/WithNamespace.java,0,0,0.30088949708204277
1.14.0,core/src/main/java/org/apache/calcite/util/graph/BreadthFirstIterator.java,0,0,0.0010651969062256358
1.14.0,core/src/main/java/org/apache/calcite/util/graph/CycleDetector.java,0,0,0.0006141095018567221
1.14.0,core/src/main/java/org/apache/calcite/util/graph/DefaultDirectedGraph.java,0,0,0.022911863090887833
1.14.0,core/src/main/java/org/apache/calcite/util/graph/DefaultEdge.java,0,0,0.0013172015840244567
1.14.0,core/src/main/java/org/apache/calcite/util/graph/DepthFirstIterator.java,0,0,0.07957961952240876
1.14.0,core/src/main/java/org/apache/calcite/util/graph/DirectedGraph.java,0,0,7.510829629006609e-08
1.14.0,core/src/main/java/org/apache/calcite/util/graph/Graphs.java,0,0,1.740695199848823e-10
1.14.0,core/src/main/java/org/apache/calcite/util/graph/TopologicalOrderIterator.java,0,0,0.21740998888299173
1.14.0,core/src/main/java/org/apache/calcite/util/javac/JavaCompiler.java,0,0,1.3207044745812122e-08
1.14.0,core/src/main/java/org/apache/calcite/util/javac/JavaCompilerArgs.java,0,0,0.2750975521241048
1.14.0,core/src/main/java/org/apache/calcite/util/mapping/AbstractSourceMapping.java,0,0,5.421638404243588e-10
1.14.0,core/src/main/java/org/apache/calcite/util/mapping/AbstractTargetMapping.java,0,0,2.441357201187124e-09
1.14.0,core/src/main/java/org/apache/calcite/util/mapping/IntPair.java,0,0,1.5486943700302907e-06
1.14.0,core/src/main/java/org/apache/calcite/util/mapping/Mapping.java,0,0,1.550611913575412e-12
1.14.0,core/src/main/java/org/apache/calcite/util/mapping/Mappings.java,0,0,1.1203873491580941e-10
1.14.0,core/src/main/java/org/apache/calcite/util/mapping/MappingType.java,0,0,2.9230647414221257e-16
1.14.0,core/src/main/java/org/apache/calcite/util/trace/CalciteLogger.java,0,0,0.11654654417332382
1.14.0,core/src/main/java/org/apache/calcite/adapter/enumerable/impl/WinAggAddContextImpl.java,0,0,0.010116229139806887
1.14.0,core/src/main/java/org/apache/calcite/adapter/enumerable/impl/WinAggResetContextImpl.java,0,0,0.005190008435347131
1.14.0,cassandra/src/main/java/org/apache/calcite/adapter/cassandra/CassandraFilter.java,0,0,0.15275171346589936
1.14.0,cassandra/src/main/java/org/apache/calcite/adapter/cassandra/CassandraMethod.java,0,0,0.32062735017400285
1.14.0,cassandra/src/main/java/org/apache/calcite/adapter/cassandra/CassandraProject.java,0,0,0.007330921169120989
1.14.0,cassandra/src/main/java/org/apache/calcite/adapter/cassandra/CassandraRel.java,0,0,0.00012504348425462834
1.14.0,cassandra/src/main/java/org/apache/calcite/adapter/cassandra/CassandraTableScan.java,0,0,0.009705813711584027
1.14.0,cassandra/src/main/java/org/apache/calcite/adapter/cassandra/CassandraToEnumerableConverter.java,0,0,0.041593700600154
1.14.0,cassandra/src/main/java/org/apache/calcite/adapter/cassandra/CassandraToEnumerableConverterRule.java,0,0,0.00011522326966085603
1.14.0,druid/src/main/java/org/apache/calcite/adapter/druid/DruidConnection.java,0,0,4.90052692620607e-09
1.14.0,druid/src/main/java/org/apache/calcite/adapter/druid/DruidResultEnumerator.java,0,0,0.0005649263183025563
1.14.0,mongodb/src/main/java/org/apache/calcite/adapter/mongodb/MongoAggregate.java,0,0,6.097533179826744e-06
1.14.0,mongodb/src/main/java/org/apache/calcite/adapter/mongodb/MongoEnumerator.java,0,0,0.004095659935905017
1.14.0,mongodb/src/main/java/org/apache/calcite/adapter/mongodb/MongoFilter.java,0,1,0.6884112647613712
1.14.0,mongodb/src/main/java/org/apache/calcite/adapter/mongodb/MongoMethod.java,0,0,0.1921929010606866
1.14.0,mongodb/src/main/java/org/apache/calcite/adapter/mongodb/MongoProject.java,0,0,0.0919543629030553
1.14.0,mongodb/src/main/java/org/apache/calcite/adapter/mongodb/MongoRel.java,0,0,1.4648333703634553e-07
1.14.0,mongodb/src/main/java/org/apache/calcite/adapter/mongodb/MongoSchema.java,0,0,1.4131345041610103e-05
1.14.0,mongodb/src/main/java/org/apache/calcite/adapter/mongodb/MongoSchemaFactory.java,0,0,0.015869688869944058
1.14.0,mongodb/src/main/java/org/apache/calcite/adapter/mongodb/MongoSort.java,0,0,0.08672689873048188
1.14.0,mongodb/src/main/java/org/apache/calcite/adapter/mongodb/MongoTableScan.java,0,0,0.00601061328047293
1.14.0,mongodb/src/main/java/org/apache/calcite/adapter/mongodb/MongoToEnumerableConverter.java,0,0,0.03686157076352897
1.14.0,mongodb/src/main/java/org/apache/calcite/adapter/mongodb/MongoToEnumerableConverterRule.java,0,0,4.864966560059126e-05
1.14.0,plus/src/main/java/org/apache/calcite/adapter/tpcds/TpcdsSchemaFactory.java,0,0,0.0384050109728552
1.14.0,plus/src/main/java/org/apache/calcite/adapter/tpch/TpchSchemaFactory.java,0,0,0.08379852796012957
1.14.0,spark/src/main/java/org/apache/calcite/adapter/spark/EnumerableToSparkConverter.java,0,0,0.040012514599906006
1.14.0,spark/src/main/java/org/apache/calcite/adapter/spark/EnumerableToSparkConverterRule.java,0,0,0.00013485736308516534
1.14.0,spark/src/main/java/org/apache/calcite/adapter/spark/HttpServer.java,0,0,0.06099383964638991
1.14.0,spark/src/main/java/org/apache/calcite/adapter/spark/JdbcToSparkConverter.java,0,1,0.8117836406118568
1.14.0,spark/src/main/java/org/apache/calcite/adapter/spark/JdbcToSparkConverterRule.java,0,0,0.00010561723126575268
1.14.0,spark/src/main/java/org/apache/calcite/adapter/spark/SparkMethod.java,0,0,0.000216592201833996
1.14.0,spark/src/main/java/org/apache/calcite/adapter/spark/SparkRel.java,0,0,7.957594669019012e-13
1.14.0,spark/src/main/java/org/apache/calcite/adapter/spark/SparkToEnumerableConverter.java,0,0,0.14097941004313225
1.14.0,splunk/src/main/java/org/apache/calcite/adapter/splunk/SplunkDriver.java,0,0,0.08021466478161697
1.14.0,splunk/src/main/java/org/apache/calcite/adapter/splunk/SplunkDriverVersion.java,0,0,0.00013069997814536653
1.14.0,splunk/src/main/java/org/apache/calcite/adapter/splunk/SplunkQuery.java,0,0,0.14728836281933638
1.14.0,splunk/src/main/java/org/apache/calcite/adapter/splunk/SplunkSchema.java,0,0,6.305782477901684e-06
1.14.0,splunk/src/main/java/org/apache/calcite/adapter/splunk/SplunkTableScan.java,0,0,0.17460950371175404
1.14.0,splunk/src/main/java/org/apache/calcite/adapter/splunk/search/SearchResultListener.java,0,0,8.017987430403377e-08
1.14.0,splunk/src/main/java/org/apache/calcite/adapter/splunk/search/SplunkConnection.java,0,0,3.153439437367431e-11
1.14.0,splunk/src/main/java/org/apache/calcite/adapter/splunk/util/StringUtils.java,0,0,0.005462688369892708
1.14.0,piglet/src/main/java/org/apache/calcite/piglet/Handler.java,0,0,0.38322397345820125
1.14.0,linq4j/src/main/java/org/apache/calcite/linq4j/AbstractEnumerable.java,0,0,8.638167819067722e-08
1.14.0,linq4j/src/main/java/org/apache/calcite/linq4j/AbstractEnumerable2.java,0,0,1.2541875592087046e-11
1.14.0,linq4j/src/main/java/org/apache/calcite/linq4j/AbstractQueryable.java,0,0,3.955998894237951e-11
1.14.0,linq4j/src/main/java/org/apache/calcite/linq4j/BaseQueryable.java,0,0,1.353339189170791e-08
1.14.0,linq4j/src/main/java/org/apache/calcite/linq4j/CartesianProductEnumerator.java,0,0,8.826873107770041e-09
1.14.0,linq4j/src/main/java/org/apache/calcite/linq4j/CorrelateJoinType.java,0,0,8.618283713732424e-11
1.14.0,linq4j/src/main/java/org/apache/calcite/linq4j/DefaultQueryable.java,0,0,0.0050481420237593845
1.14.0,linq4j/src/main/java/org/apache/calcite/linq4j/DelegatingEnumerator.java,0,0,3.125851193152517e-10
1.14.0,linq4j/src/main/java/org/apache/calcite/linq4j/Enumerable.java,0,0,3.0928041814625664e-52
1.14.0,linq4j/src/main/java/org/apache/calcite/linq4j/EnumerableOrderedQueryable.java,0,0,3.716684236340821e-07
1.14.0,linq4j/src/main/java/org/apache/calcite/linq4j/EnumerableQueryable.java,0,0,0.00047345268719091725
1.14.0,linq4j/src/main/java/org/apache/calcite/linq4j/Enumerator.java,0,0,1.006112560763908e-34
1.14.0,linq4j/src/main/java/org/apache/calcite/linq4j/ExtendedOrderedEnumerable.java,0,0,4.196976878175205e-33
1.14.0,linq4j/src/main/java/org/apache/calcite/linq4j/ExtendedOrderedQueryable.java,0,0,4.656410208760281e-32
1.14.0,linq4j/src/main/java/org/apache/calcite/linq4j/ExtendedQueryable.java,0,0,0.00046505101951057644
1.14.0,linq4j/src/main/java/org/apache/calcite/linq4j/Extensions.java,0,0,2.6321376461087025e-12
1.14.0,linq4j/src/main/java/org/apache/calcite/linq4j/Grouping.java,0,0,1.6307364743235825e-28
1.14.0,linq4j/src/main/java/org/apache/calcite/linq4j/GroupingImpl.java,0,0,6.738894002561043e-07
1.14.0,linq4j/src/main/java/org/apache/calcite/linq4j/Lookup.java,0,0,2.0843900470271734e-23
1.14.0,linq4j/src/main/java/org/apache/calcite/linq4j/LookupImpl.java,0,0,0.02925609030860446
1.14.0,linq4j/src/main/java/org/apache/calcite/linq4j/OpType.java,0,0,4.6622766961688706e-14
1.14.0,linq4j/src/main/java/org/apache/calcite/linq4j/OrderedEnumerable.java,0,0,1.764954729520992e-34
1.14.0,linq4j/src/main/java/org/apache/calcite/linq4j/OrderedQueryable.java,0,0,3.8680573743110303e-32
1.14.0,linq4j/src/main/java/org/apache/calcite/linq4j/PackageMarker.java,0,0,2.343360561522376e-16
1.14.0,linq4j/src/main/java/org/apache/calcite/linq4j/Queryable.java,0,0,2.4414473642646336e-30
1.14.0,linq4j/src/main/java/org/apache/calcite/linq4j/QueryableFactory.java,0,0,2.4169798242544396e-05
1.14.0,linq4j/src/main/java/org/apache/calcite/linq4j/QueryableRecorder.java,0,0,1.1069212425466384e-22
1.14.0,linq4j/src/main/java/org/apache/calcite/linq4j/QueryProvider.java,0,0,1.5689028486802326e-13
1.14.0,linq4j/src/main/java/org/apache/calcite/linq4j/RawEnumerable.java,0,0,2.280224146131189e-53
1.14.0,linq4j/src/main/java/org/apache/calcite/linq4j/RawQueryable.java,0,0,1.6908762054179324e-32
1.14.0,linq4j/src/main/java/org/apache/calcite/linq4j/TransformedEnumerator.java,0,0,1.5104599604449738e-10
1.14.0,linq4j/src/main/java/org/apache/calcite/linq4j/function/BigDecimalFunction1.java,0,0,8.591409916898866e-13
1.14.0,linq4j/src/main/java/org/apache/calcite/linq4j/function/Deterministic.java,0,0,1.3182459245082504e-17
1.14.0,linq4j/src/main/java/org/apache/calcite/linq4j/function/DoubleFunction1.java,0,0,6.025659468148158e-16
1.14.0,linq4j/src/main/java/org/apache/calcite/linq4j/function/EqualityComparer.java,0,0,6.766349297750222e-13
1.14.0,linq4j/src/main/java/org/apache/calcite/linq4j/function/FloatFunction1.java,0,0,6.025659468148158e-16
1.14.0,linq4j/src/main/java/org/apache/calcite/linq4j/function/Function.java,0,0,1.6346975372722755e-31
1.14.0,linq4j/src/main/java/org/apache/calcite/linq4j/function/Function0.java,0,0,1.3211158065570513e-19
1.14.0,linq4j/src/main/java/org/apache/calcite/linq4j/function/Function1.java,0,0,1.1502946643157232e-40
1.14.0,linq4j/src/main/java/org/apache/calcite/linq4j/function/Function2.java,0,0,8.315005319977942e-25
1.14.0,linq4j/src/main/java/org/apache/calcite/linq4j/function/IntegerFunction1.java,0,0,1.697023900334898e-14
1.14.0,linq4j/src/main/java/org/apache/calcite/linq4j/function/LongFunction1.java,0,0,6.025659468148158e-16
1.14.0,linq4j/src/main/java/org/apache/calcite/linq4j/function/NonDeterministic.java,0,0,1.334052393721865e-16
1.14.0,linq4j/src/main/java/org/apache/calcite/linq4j/function/NullableBigDecimalFunction1.java,0,0,5.947781421360703e-13
1.14.0,linq4j/src/main/java/org/apache/calcite/linq4j/function/NullableDoubleFunction1.java,0,0,1.5604817827437606e-12
1.14.0,linq4j/src/main/java/org/apache/calcite/linq4j/function/NullableFloatFunction1.java,0,0,1.5604817827437606e-12
1.14.0,linq4j/src/main/java/org/apache/calcite/linq4j/function/NullableIntegerFunction1.java,0,0,1.5604817827437606e-12
1.14.0,linq4j/src/main/java/org/apache/calcite/linq4j/function/NullableLongFunction1.java,0,0,1.5604817827437606e-12
1.14.0,linq4j/src/main/java/org/apache/calcite/linq4j/function/Parameter.java,0,0,7.678751559342506e-47
1.14.0,linq4j/src/main/java/org/apache/calcite/linq4j/function/Predicate1.java,0,0,9.01710576965791e-23
1.14.0,linq4j/src/main/java/org/apache/calcite/linq4j/function/Predicate2.java,0,0,1.5766610408446452e-16
1.14.0,linq4j/src/main/java/org/apache/calcite/linq4j/tree/AbstractNode.java,0,0,1.3665949020118469e-05
1.14.0,linq4j/src/main/java/org/apache/calcite/linq4j/tree/ArrayLengthRecordField.java,0,0,2.3364313218120533e-05
1.14.0,linq4j/src/main/java/org/apache/calcite/linq4j/tree/Blocks.java,0,0,0.002386921341468272
1.14.0,linq4j/src/main/java/org/apache/calcite/linq4j/tree/CallSiteBinder.java,0,0,3.788595760609769e-12
1.14.0,linq4j/src/main/java/org/apache/calcite/linq4j/tree/CatchBlock.java,0,0,0.00010063329468422411
1.14.0,linq4j/src/main/java/org/apache/calcite/linq4j/tree/ConstantUntypedNull.java,0,0,2.1440315916319993e-06
1.14.0,linq4j/src/main/java/org/apache/calcite/linq4j/tree/ElementInit.java,0,0,1.8271395384492916e-05
1.14.0,linq4j/src/main/java/org/apache/calcite/linq4j/tree/Evaluator.java,0,0,0.005502810508433031
1.14.0,linq4j/src/main/java/org/apache/calcite/linq4j/tree/Expression.java,0,0,3.952666825541593e-08
1.14.0,linq4j/src/main/java/org/apache/calcite/linq4j/tree/ExpressionVisitor.java,0,0,3.332669685570168e-16
1.14.0,linq4j/src/main/java/org/apache/calcite/linq4j/tree/ExpressionWriter.java,0,0,8.99833309342432e-06
1.14.0,linq4j/src/main/java/org/apache/calcite/linq4j/tree/GotoExpressionKind.java,0,0,9.233410508321795e-05
1.14.0,linq4j/src/main/java/org/apache/calcite/linq4j/tree/LabelTarget.java,0,0,0.0011780000572608768
1.14.0,linq4j/src/main/java/org/apache/calcite/linq4j/tree/MemberAssignment.java,0,0,1.1217209110087616e-05
1.14.0,linq4j/src/main/java/org/apache/calcite/linq4j/tree/MemberBinding.java,0,0,2.9040630343641558e-05
1.14.0,linq4j/src/main/java/org/apache/calcite/linq4j/tree/MemberDeclaration.java,0,0,1.6089413488954413e-08
1.14.0,linq4j/src/main/java/org/apache/calcite/linq4j/tree/MemberListBinding.java,0,0,1.3774713256805491e-05
1.14.0,linq4j/src/main/java/org/apache/calcite/linq4j/tree/MemberMemberBinding.java,0,0,1.1217209110087616e-05
1.14.0,linq4j/src/main/java/org/apache/calcite/linq4j/tree/Primitive.java,0,0,0.005289018632350572
1.14.0,linq4j/src/main/java/org/apache/calcite/linq4j/tree/PseudoField.java,0,0,1.9008286766420146e-12
1.14.0,linq4j/src/main/java/org/apache/calcite/linq4j/tree/ReflectedPseudoField.java,0,0,9.220011848958904e-06
1.14.0,linq4j/src/main/java/org/apache/calcite/linq4j/tree/Statement.java,0,0,1.9466264857466342e-05
1.14.0,linq4j/src/main/java/org/apache/calcite/linq4j/tree/SwitchCase.java,0,0,1.4879019987946883e-05
1.14.0,ubenchmark/src/main/java/org/apache/calcite/benchmarks/FlightRecorderProfiler.java,0,0,0.00576074163526153
1.14.0,ubenchmark/src/main/java/org/apache/calcite/benchmarks/ParserBenchmark.java,0,0,0.368571856224094
1.14.0,ubenchmark/src/main/java/org/apache/calcite/benchmarks/PreconditionTest.java,0,0,0.03815348510579827
1.14.0,core/src/main/java/org/apache/calcite/rel/core/AggregateCall.java,0,0,0.3608345760229324
1.14.0,core/src/main/java/org/apache/calcite/runtime/Like.java,0,1,0.9600081365976837
1.14.0,core/src/main/java/org/apache/calcite/rex/RexProgramBuilder.java,0,0,0.08212518455411277
1.14.0,core/src/main/java/org/apache/calcite/runtime/SocketFactoryImpl.java,0,0,8.678308318049802e-06
1.14.0,core/src/main/java/org/apache/calcite/schema/SchemaFactory.java,0,0,2.3295111072522445e-09
1.14.0,core/src/main/java/org/apache/calcite/schema/TableFactory.java,0,0,2.135808199041027e-06
1.14.0,core/src/main/java/org/apache/calcite/util/NumberUtil.java,0,0,0.00037902999179300625
1.14.0,core/src/main/java/org/apache/calcite/adapter/clone/CloneSchema.java,0,0,0.018387821494750604
1.14.0,core/src/main/java/org/apache/calcite/rel/externalize/RelXmlWriter.java,0,0,0.1346057475876046
1.14.0,core/src/main/java/org/apache/calcite/rel/rules/JoinPushThroughJoinRule.java,0,0,0.050910863936343316
1.14.0,core/src/main/java/org/apache/calcite/sql/pretty/SqlPrettyWriter.java,0,0,2.064701484908283e-15
1.14.0,core/src/main/java/org/apache/calcite/sql/type/CompositeOperandTypeChecker.java,1,1,0.9976621806179921
1.14.0,pig/src/main/java/org/apache/calcite/adapter/pig/PigAggregate.java,0,0,0.18148804581701594
1.14.0,piglet/src/main/java/org/apache/calcite/piglet/Ast.java,1,1,0.9997259351094604
1.14.0,core/src/main/java/org/apache/calcite/sql/fun/SqlCoalesceFunction.java,1,0,0.40901700774406574
1.14.0,core/src/main/java/org/apache/calcite/sql/fun/SqlNullifFunction.java,0,0,0.029055290976101503
1.14.0,cassandra/src/main/java/org/apache/calcite/adapter/cassandra/CassandraSchema.java,0,0,0.2981518446843741
1.14.0,core/src/main/java/org/apache/calcite/sql/SqlLateralOperator.java,0,0,0.002414196125022339
1.14.0,core/src/main/java/org/apache/calcite/sql/SqlSpecialOperator.java,0,0,2.3043432807906365e-07
1.14.0,core/src/main/java/org/apache/calcite/util/PrecedenceClimbingParser.java,0,0,0.14030734187691823
1.14.0,core/src/main/java/org/apache/calcite/sql/fun/SqlBetweenOperator.java,0,1,0.8251544958103371
1.14.0,core/src/main/java/org/apache/calcite/prepare/CalciteCatalogReader.java,1,1,0.9756899789647272
1.14.0,core/src/main/java/org/apache/calcite/adapter/enumerable/NullPolicy.java,0,0,0.0003603463261173877
1.14.0,core/src/main/java/org/apache/calcite/schema/impl/ScalarFunctionImpl.java,0,0,0.2073485795083915
1.14.0,core/src/main/java/org/apache/calcite/sql/type/SqlTypeExplicitPrecedenceList.java,1,1,0.892476084430106
1.14.0,linq4j/src/main/java/org/apache/calcite/linq4j/function/SemiStrict.java,0,0,9.78335588120469e-18
1.14.0,linq4j/src/main/java/org/apache/calcite/linq4j/function/Strict.java,0,0,1.2838140133365374e-16
1.14.0,core/src/main/java/org/apache/calcite/schema/impl/ViewTableMacro.java,0,0,0.1447574101855614
1.14.0,core/src/main/java/org/apache/calcite/sql/validate/CyclicDefinitionException.java,0,0,2.1334756311919172e-08
1.14.0,core/src/main/java/org/apache/calcite/rel/metadata/RelMetadataQuery.java,0,1,0.628419943768796
1.14.0,core/src/main/java/org/apache/calcite/rel/rules/DateRangeRules.java,1,1,0.7374399270727261
1.14.0,core/src/main/java/org/apache/calcite/adapter/enumerable/EnumerableTableFunctionScan.java,0,1,0.6121333463957049
1.14.0,core/src/main/java/org/apache/calcite/rel/rules/ValuesReduceRule.java,0,1,0.8919346891182263
1.14.0,cassandra/src/main/java/org/apache/calcite/adapter/cassandra/CassandraSchemaFactory.java,0,0,0.005986517487985187
1.14.0,core/src/main/java/org/apache/calcite/sql/SqlJdbcFunctionCall.java,0,0,0.08748387296847629
1.14.0,core/src/main/java/org/apache/calcite/sql/fun/SqlDatePartFunction.java,0,0,0.42628411942233063
1.14.0,core/src/main/java/org/apache/calcite/plan/RelOptPredicateList.java,0,1,0.5412988348072614
1.14.0,core/src/main/java/org/apache/calcite/schema/impl/AggregateFunctionImpl.java,0,1,0.8558087552690177
1.14.0,core/src/main/java/org/apache/calcite/rel/rules/FilterRemoveIsNotDistinctFromRule.java,0,0,2.1887551364733622e-06
1.14.0,core/src/main/java/org/apache/calcite/rel/rules/JoinExtractFilterRule.java,0,0,0.0027692213197007703
1.14.0,core/src/main/java/org/apache/calcite/rel/rules/SemiJoinFilterTransposeRule.java,0,0,0.019180538578557973
1.14.0,linq4j/src/main/java/org/apache/calcite/linq4j/tree/BinaryExpression.java,0,0,2.3364519270448286e-11
1.14.0,linq4j/src/main/java/org/apache/calcite/linq4j/tree/BlockStatement.java,0,0,8.23408225881946e-08
1.14.0,linq4j/src/main/java/org/apache/calcite/linq4j/tree/ClassDeclaration.java,0,0,4.782820973889154e-07
1.14.0,linq4j/src/main/java/org/apache/calcite/linq4j/tree/ConditionalExpression.java,0,0,1.2309368671650897e-08
1.14.0,linq4j/src/main/java/org/apache/calcite/linq4j/tree/ConditionalStatement.java,0,0,7.656868633540063e-07
1.14.0,linq4j/src/main/java/org/apache/calcite/linq4j/tree/ConstantExpression.java,0,0,0.0026036884602290335
1.14.0,linq4j/src/main/java/org/apache/calcite/linq4j/tree/ConstructorDeclaration.java,0,0,7.821303413874399e-05
1.14.0,linq4j/src/main/java/org/apache/calcite/linq4j/tree/DeclarationStatement.java,0,0,1.0827747578805901e-06
1.14.0,linq4j/src/main/java/org/apache/calcite/linq4j/tree/DefaultExpression.java,0,0,2.720479077886988e-08
1.14.0,linq4j/src/main/java/org/apache/calcite/linq4j/tree/DynamicExpression.java,0,0,2.720479077886988e-08
1.14.0,linq4j/src/main/java/org/apache/calcite/linq4j/tree/FieldDeclaration.java,0,0,6.920904734066944e-05
1.14.0,linq4j/src/main/java/org/apache/calcite/linq4j/tree/ForStatement.java,0,0,1.0456389511710326e-06
1.14.0,linq4j/src/main/java/org/apache/calcite/linq4j/tree/GotoStatement.java,0,0,9.32199154098832e-06
1.14.0,linq4j/src/main/java/org/apache/calcite/linq4j/tree/IndexExpression.java,0,0,1.9150413518335236e-08
1.14.0,linq4j/src/main/java/org/apache/calcite/linq4j/tree/InvocationExpression.java,0,0,9.814448068719377e-08
1.14.0,linq4j/src/main/java/org/apache/calcite/linq4j/tree/LabelStatement.java,0,0,4.0303554428090595e-08
1.14.0,linq4j/src/main/java/org/apache/calcite/linq4j/tree/LambdaExpression.java,0,0,1.1279838451174252e-07
1.14.0,linq4j/src/main/java/org/apache/calcite/linq4j/tree/ListInitExpression.java,0,0,8.061128100517771e-08
1.14.0,linq4j/src/main/java/org/apache/calcite/linq4j/tree/MemberExpression.java,0,0,1.4374590204191385e-07
1.14.0,linq4j/src/main/java/org/apache/calcite/linq4j/tree/MemberInitExpression.java,0,0,5.18775542428094e-08
1.14.0,linq4j/src/main/java/org/apache/calcite/linq4j/tree/MethodCallExpression.java,0,0,6.044830904467035e-07
1.14.0,linq4j/src/main/java/org/apache/calcite/linq4j/tree/MethodDeclaration.java,0,0,0.0025802395286193473
1.14.0,linq4j/src/main/java/org/apache/calcite/linq4j/tree/NewArrayExpression.java,0,0,3.7587375917887226e-07
1.14.0,linq4j/src/main/java/org/apache/calcite/linq4j/tree/NewExpression.java,0,0,8.771708064353734e-09
1.14.0,linq4j/src/main/java/org/apache/calcite/linq4j/tree/Node.java,0,0,1.831862484331605e-15
1.14.0,linq4j/src/main/java/org/apache/calcite/linq4j/tree/ParameterExpression.java,0,0,3.55576558644143e-07
1.14.0,linq4j/src/main/java/org/apache/calcite/linq4j/tree/Shuttle.java,0,0,0.000158074255600789
1.14.0,linq4j/src/main/java/org/apache/calcite/linq4j/tree/SwitchStatement.java,0,0,3.2395770448743795e-08
1.14.0,linq4j/src/main/java/org/apache/calcite/linq4j/tree/TernaryExpression.java,0,0,3.4664413272219567e-09
1.14.0,linq4j/src/main/java/org/apache/calcite/linq4j/tree/ThrowStatement.java,0,0,3.692034160758404e-07
1.14.0,linq4j/src/main/java/org/apache/calcite/linq4j/tree/TryStatement.java,0,0,3.856166717230828e-09
1.14.0,linq4j/src/main/java/org/apache/calcite/linq4j/tree/TypeBinaryExpression.java,0,0,1.2161251419093515e-07
1.14.0,linq4j/src/main/java/org/apache/calcite/linq4j/tree/UnaryExpression.java,0,0,9.8031625228103e-08
1.14.0,linq4j/src/main/java/org/apache/calcite/linq4j/tree/Visitor.java,0,0,0.040986825583372986
1.14.0,linq4j/src/main/java/org/apache/calcite/linq4j/tree/VisitorImpl.java,0,0,0.0002715582920933691
1.14.0,linq4j/src/main/java/org/apache/calcite/linq4j/tree/WhileStatement.java,0,0,2.2031962907172604e-08
1.14.0,core/src/main/java/org/apache/calcite/rel/core/Sort.java,0,1,0.6501953027973085
1.14.0,core/src/main/java/org/apache/calcite/tools/FrameworkConfig.java,0,1,0.6320229047168613
1.14.0,core/src/main/java/org/apache/calcite/rex/RexExecutable.java,0,0,0.2439792242765889
1.14.0,core/src/main/java/org/apache/calcite/config/CalciteConnectionConfig.java,0,0,3.861861636347668e-17
1.14.0,core/src/main/java/org/apache/calcite/config/CalciteConnectionConfigImpl.java,0,0,0.16389745408912804
1.14.0,core/src/main/java/org/apache/calcite/rel/rules/UnionPullUpConstantsRule.java,0,0,0.012293926850621854
1.14.0,core/src/main/java/org/apache/calcite/rel/rules/SortJoinTransposeRule.java,0,0,0.07534074457693914
1.14.0,core/src/main/java/org/apache/calcite/model/ModelHandler.java,0,1,0.9509189664507554
1.14.0,core/src/main/java/org/apache/calcite/prepare/CalcitePrepareImpl.java,0,0,0.3528794135230668
1.14.0,core/src/main/java/org/apache/calcite/runtime/GeoFunctions.java,0,0,0.022648958438986948
1.14.0,core/src/main/java/org/apache/calcite/sql/type/ExtraSqlTypes.java,0,0,3.351712450983225e-26
1.14.0,core/src/main/java/org/apache/calcite/sql/type/JavaToSqlTypeConversionRules.java,0,0,5.267323473072007e-11
1.14.0,core/src/main/java/org/apache/calcite/sql/validate/SqlAbstractConformance.java,0,0,0.0026460492261992045
1.14.0,core/src/main/java/org/apache/calcite/sql/validate/SqlConformance.java,0,0,0.0698929007484371
1.14.0,core/src/main/java/org/apache/calcite/sql/validate/SqlConformanceEnum.java,0,0,2.84427079171247e-16
1.14.0,core/src/main/java/org/apache/calcite/sql/parser/SqlParser.java,0,0,2.574788066473937e-07
1.14.0,core/src/main/java/org/apache/calcite/sql/SqlAlter.java,0,0,0.0002467534275656327
1.14.0,core/src/main/java/org/apache/calcite/sql/SqlSetOption.java,0,0,4.988278550986664e-07
1.14.0,core/src/main/java/org/apache/calcite/util/Bug.java,0,0,2.5376069382559946e-09
1.14.0,core/src/main/java/org/apache/calcite/adapter/enumerable/EnumerableTableScan.java,0,1,0.8458269993161619
1.14.0,core/src/main/java/org/apache/calcite/adapter/enumerable/JavaRowFormat.java,0,0,0.31411899091439266
1.14.0,core/src/main/java/org/apache/calcite/adapter/enumerable/PhysTypeImpl.java,0,1,0.9787311720697738
1.14.0,core/src/main/java/org/apache/calcite/sql/validate/TableNamespace.java,0,0,0.09724423952599681
1.14.0,core/src/main/java/org/apache/calcite/jdbc/JavaTypeFactoryImpl.java,0,1,0.9977383305642298
1.14.0,core/src/main/java/org/apache/calcite/rex/RexBuilder.java,0,1,0.9990191692186617
1.14.0,core/src/main/java/org/apache/calcite/rex/RexLiteral.java,0,1,0.757822230032128
1.14.0,core/src/main/java/org/apache/calcite/runtime/SqlFunctions.java,0,0,0.016633346052769383
1.14.0,core/src/main/java/org/apache/calcite/schema/Schemas.java,0,0,0.0005321003538021375
1.14.0,core/src/main/java/org/apache/calcite/sql/SqlJdbcDataTypeName.java,0,0,6.802380543347579e-08
1.14.0,core/src/main/java/org/apache/calcite/sql2rel/StandardConvertletTable.java,1,1,0.9924452788473958
1.14.0,core/src/main/java/org/apache/calcite/util/BuiltInMethod.java,0,1,0.9719314789657827
1.14.0,core/src/main/java/org/apache/calcite/util/DateTimeStringUtils.java,0,0,0.04631882961368844
1.14.0,core/src/main/java/org/apache/calcite/util/TimestampString.java,0,0,7.847446948122998e-05
1.14.0,core/src/main/java/org/apache/calcite/util/TimestampWithTimeZoneString.java,0,0,0.0011212043122948649
1.14.0,core/src/main/java/org/apache/calcite/util/TimeWithTimeZoneString.java,0,0,0.006152658736543249
1.14.0,core/src/main/java/org/apache/calcite/adapter/enumerable/RexImpTable.java,1,1,0.9362147283083666
1.14.0,core/src/main/java/org/apache/calcite/adapter/enumerable/RexToLixTranslator.java,0,0,5.460899395468144e-05
1.14.0,core/src/main/java/org/apache/calcite/rel/metadata/RelMdSize.java,0,0,6.097522806528531e-10
1.14.0,core/src/main/java/org/apache/calcite/rel/rules/SortProjectTransposeRule.java,0,1,0.9473799482766198
1.14.0,core/src/main/java/org/apache/calcite/rel/type/RelDataTypeSystemImpl.java,0,0,0.00428181496764197
1.14.0,core/src/main/java/org/apache/calcite/sql/type/SqlTypeAssignmentRules.java,0,0,5.33176966031825e-05
1.14.0,core/src/main/java/org/apache/calcite/sql/type/SqlTypeFamily.java,0,0,4.814121945710549e-09
1.14.0,core/src/main/java/org/apache/calcite/sql/type/SqlTypeName.java,0,0,0.008237796691552673
1.14.0,core/src/main/java/org/apache/calcite/materialize/MaterializationService.java,0,0,0.12063471968982276
1.14.0,core/src/main/java/org/apache/calcite/plan/RelOptMaterialization.java,0,0,0.0009372641885998747
1.14.0,core/src/main/java/org/apache/calcite/plan/RelOptMaterializations.java,0,0,0.00204087829278221
1.14.0,core/src/main/java/org/apache/calcite/prepare/Prepare.java,0,0,4.43666848831275e-05
1.14.0,druid/src/main/java/org/apache/calcite/adapter/druid/DruidDateTimeUtils.java,0,1,0.9926013219288423
1.14.0,druid/src/main/java/org/apache/calcite/adapter/druid/DruidQuery.java,1,1,0.9999941268795578
1.14.0,druid/src/main/java/org/apache/calcite/adapter/druid/DruidRules.java,1,1,0.9997210370894337
1.14.0,druid/src/main/java/org/apache/calcite/adapter/druid/TimeExtractionDimensionSpec.java,0,0,0.0005434177381006062
1.14.0,druid/src/main/java/org/apache/calcite/adapter/druid/TimeExtractionFunction.java,0,0,0.007681694990733472
1.14.0,core/src/main/java/org/apache/calcite/sql/fun/SqlTimestampAddFunction.java,0,0,0.0677121381811704
1.14.0,core/src/main/java/org/apache/calcite/sql/fun/SqlTimestampDiffFunction.java,0,0,2.3681076685080602e-07
1.14.0,core/src/main/java/org/apache/calcite/plan/hep/HepPlanner.java,1,1,0.995816528371163
1.14.0,druid/src/main/java/org/apache/calcite/adapter/druid/LocalInterval.java,0,0,0.0029326348024997706
1.14.0,core/src/main/java/org/apache/calcite/rel/metadata/DefaultRelMetadataProvider.java,0,0,0.4805509772915008
1.14.0,core/src/main/java/org/apache/calcite/sql/type/ArraySqlType.java,0,0,5.262707985125986e-07
1.14.0,core/src/main/java/org/apache/calcite/sql/type/MultisetSqlType.java,0,0,1.0885345305856379e-06
1.14.0,druid/src/main/java/org/apache/calcite/adapter/druid/ExtractionDimensionSpec.java,0,0,0.00016508120500087373
1.14.0,core/src/main/java/org/apache/calcite/util/Util.java,0,1,0.8383262081311261
1.14.0,core/src/main/java/org/apache/calcite/sql/fun/SqlLiteralChainOperator.java,0,0,0.263982177709999
1.14.0,core/src/main/java/org/apache/calcite/sql/type/SqlTypeUtil.java,1,1,0.9997336269665285
1.14.0,cassandra/src/main/java/org/apache/calcite/adapter/cassandra/CassandraSort.java,0,0,0.054784259750624044
1.14.0,splunk/src/main/java/org/apache/calcite/adapter/splunk/SplunkPushDownRule.java,0,0,0.4235081836808352
1.14.0,core/src/main/java/org/apache/calcite/rex/RexSimplify.java,1,1,0.9997753562492071
1.14.0,core/src/main/java/org/apache/calcite/adapter/enumerable/ReflectiveCallNotNullImplementor.java,0,0,0.1320055915199792
1.14.0,core/src/main/java/org/apache/calcite/sql/validate/SqlUserDefinedAggFunction.java,0,1,0.8763902745834661
1.14.0,core/src/main/java/org/apache/calcite/sql/SqlIntervalQualifier.java,1,1,0.9986962128234241
1.14.0,core/src/main/java/org/apache/calcite/sql/SqlMatchRecognize.java,0,0,7.02377922495912e-05
1.14.0,core/src/main/java/org/apache/calcite/rel/core/Match.java,0,0,2.5600607620916376e-07
1.14.0,core/src/main/java/org/apache/calcite/rel/logical/LogicalMatch.java,0,0,0.2301500032986717
1.14.0,core/src/main/java/org/apache/calcite/rel/rel2sql/RelToSqlConverter.java,1,1,0.9660677193840624
1.14.0,linq4j/src/main/java/org/apache/calcite/linq4j/tree/BlockBuilder.java,0,0,0.01811511804517927
1.14.0,linq4j/src/main/java/org/apache/calcite/linq4j/tree/DeterministicCodeOptimizer.java,0,0,0.30833976325564505
1.14.0,file/src/main/java/org/apache/calcite/adapter/file/FileFieldType.java,0,0,6.206337482776061e-07
1.14.0,file/src/main/java/org/apache/calcite/adapter/file/FileReaderException.java,0,0,0.11513951440785404
1.14.0,file/src/main/java/org/apache/calcite/adapter/file/FileTableScan.java,0,0,0.0005389472523982415
1.14.0,core/src/main/java/org/apache/calcite/adapter/elasticsearch/AbstractElasticsearchTable.java,0,1,0.90409867469382
1.14.0,core/src/main/java/org/apache/calcite/adapter/elasticsearch/ElasticsearchFilter.java,1,0,0.24638246885973497
1.14.0,core/src/main/java/org/apache/calcite/adapter/elasticsearch/ElasticsearchMethod.java,0,0,0.17750034093482908
1.14.0,core/src/main/java/org/apache/calcite/adapter/elasticsearch/ElasticsearchProject.java,0,0,0.4869447990336829
1.14.0,core/src/main/java/org/apache/calcite/adapter/elasticsearch/ElasticsearchRel.java,0,0,3.1704555193206804e-05
1.14.0,core/src/main/java/org/apache/calcite/adapter/elasticsearch/ElasticsearchRules.java,0,0,0.14297188512803177
1.14.0,core/src/main/java/org/apache/calcite/adapter/elasticsearch/ElasticsearchSchema.java,0,0,2.518810393094086e-15
1.14.0,core/src/main/java/org/apache/calcite/adapter/elasticsearch/ElasticsearchSort.java,0,0,0.0612389616774627
1.14.0,core/src/main/java/org/apache/calcite/adapter/elasticsearch/ElasticsearchTableScan.java,0,0,0.017262868194303903
1.14.0,core/src/main/java/org/apache/calcite/adapter/elasticsearch/ElasticsearchToEnumerableConverter.java,0,0,0.00016365330439960547
1.14.0,core/src/main/java/org/apache/calcite/adapter/elasticsearch/ElasticsearchToEnumerableConverterRule.java,0,0,6.712631739213758e-05
1.14.0,core/src/main/java/org/apache/calcite/adapter/elasticsearch/MapProjectionFieldVisitor.java,0,0,0.008651045431151397
1.14.0,elasticsearch2/src/main/java/org/apache/calcite/adapter/elasticsearch2/Elasticsearch2Enumerator.java,0,0,0.12699729819726716
1.14.0,elasticsearch2/src/main/java/org/apache/calcite/adapter/elasticsearch2/Elasticsearch2Schema.java,0,0,9.695305002339934e-07
1.14.0,elasticsearch2/src/main/java/org/apache/calcite/adapter/elasticsearch2/Elasticsearch2SchemaFactory.java,0,0,1.2539035392627802e-10
1.14.0,elasticsearch2/src/main/java/org/apache/calcite/adapter/elasticsearch2/Elasticsearch2Table.java,0,0,3.7076790873121937e-09
1.14.0,elasticsearch5/src/main/java/org/apache/calcite/adapter/elasticsearch5/Elasticsearch5Enumerator.java,0,0,0.3738485235500186
1.14.0,elasticsearch5/src/main/java/org/apache/calcite/adapter/elasticsearch5/Elasticsearch5Schema.java,0,0,4.3000950975846966e-07
1.14.0,elasticsearch5/src/main/java/org/apache/calcite/adapter/elasticsearch5/Elasticsearch5SchemaFactory.java,0,0,1.7401660108018739e-10
1.14.0,elasticsearch5/src/main/java/org/apache/calcite/adapter/elasticsearch5/Elasticsearch5Table.java,0,0,5.0646122143911885e-08
1.14.0,core/src/main/java/org/apache/calcite/rex/RexCall.java,0,0,4.259183883664145e-06
1.14.0,core/src/main/java/org/apache/calcite/rel/RelNode.java,0,0,0.00014623408580583712
1.14.0,core/src/main/java/org/apache/calcite/rex/RexChecker.java,0,0,0.000406998123115947
1.14.0,core/src/main/java/org/apache/calcite/rel/core/Calc.java,0,0,0.0066734916061589695
1.14.0,core/src/main/java/org/apache/calcite/rel/core/Filter.java,0,0,0.11353078484630487
1.14.0,core/src/main/java/org/apache/calcite/rel/logical/LogicalCorrelate.java,0,0,0.060910803633465356
1.14.0,core/src/main/java/org/apache/calcite/sql/type/SameOperandTypeChecker.java,0,0,0.17068184576208645
1.14.0,core/src/main/java/org/apache/calcite/sql/type/SqlTypeFactoryImpl.java,0,0,2.1050203283921584e-09
1.14.0,core/src/main/java/org/apache/calcite/rel/AbstractRelNode.java,1,1,0.9962516583607232
1.14.0,core/src/main/java/org/apache/calcite/sql/SqlCallBinding.java,0,1,0.8530007966907729
1.14.0,core/src/main/java/org/apache/calcite/sql/SqlFilterOperator.java,0,0,0.007664761407294384
1.14.0,core/src/main/java/org/apache/calcite/sql/SqlIntervalLiteral.java,1,0,0.485670037083495
1.14.0,core/src/main/java/org/apache/calcite/sql/SqlOverOperator.java,0,0,0.00672255620762616
1.14.0,core/src/main/java/org/apache/calcite/rel/core/TableScan.java,0,0,0.4528972613353743
1.14.0,core/src/main/java/org/apache/calcite/schema/impl/TableFunctionImpl.java,0,0,0.00048185983825509035
1.14.0,core/src/main/java/org/apache/calcite/schema/impl/TableMacroImpl.java,0,0,0.09465031172962515
1.14.0,core/src/main/java/org/apache/calcite/sql/fun/SqlCaseOperator.java,0,0,0.20777895526637666
1.14.0,core/src/main/java/org/apache/calcite/sql/fun/SqlCastFunction.java,0,0,0.19793041718450086
1.14.0,core/src/main/java/org/apache/calcite/sql/fun/SqlCountAggFunction.java,0,1,0.9314104420179087
1.14.0,core/src/main/java/org/apache/calcite/sql/fun/SqlFirstLastValueAggFunction.java,0,0,0.0033701809538374235
1.14.0,core/src/main/java/org/apache/calcite/sql/fun/SqlHistogramAggFunction.java,0,0,0.040019656943291605
1.14.0,core/src/main/java/org/apache/calcite/sql/fun/SqlMinMaxAggFunction.java,0,1,0.5684706222874155
1.14.0,core/src/main/java/org/apache/calcite/sql/fun/SqlSingleValueAggFunction.java,0,0,0.0896695434082858
1.14.0,core/src/main/java/org/apache/calcite/sql/fun/SqlSumAggFunction.java,0,1,0.6023606952432585
1.14.0,core/src/main/java/org/apache/calcite/sql/fun/SqlSumEmptyIsZeroAggFunction.java,1,1,0.9754803987556444
1.14.0,core/src/main/java/org/apache/calcite/sql/validate/AbstractNamespace.java,0,1,0.5332526641467343
1.14.0,core/src/main/java/org/apache/calcite/sql/validate/JoinScope.java,0,0,0.004124500051003085
1.14.0,core/src/main/java/org/apache/calcite/sql/validate/ScopeChild.java,0,0,0.00014660866847543194
1.14.0,core/src/main/java/org/apache/calcite/sql/validate/TableScope.java,0,0,0.01418448082040794
1.14.0,core/src/main/java/org/apache/calcite/rel/rules/PruneEmptyRules.java,0,0,4.072250702241653e-05
1.14.0,core/src/main/java/org/apache/calcite/adapter/enumerable/EnumerableIntersect.java,0,1,0.9808276828521224
1.14.0,core/src/main/java/org/apache/calcite/adapter/enumerable/EnumerableMinus.java,0,1,0.9808276828521224
1.14.0,core/src/main/java/org/apache/calcite/adapter/enumerable/EnumerableUnion.java,1,1,0.9771137694624709
1.14.0,core/src/main/java/org/apache/calcite/rel/externalize/RelJson.java,0,0,0.17611800599104538
1.14.0,core/src/main/java/org/apache/calcite/sql/validate/ListScope.java,0,0,0.31433335372628785
1.14.0,core/src/main/java/org/apache/calcite/sql/SqlCall.java,0,1,0.5403501723762563
1.14.0,core/src/main/java/org/apache/calcite/sql/dialect/HsqldbHandler.java,0,0,6.582829217216973e-18
1.14.0,core/src/main/java/org/apache/calcite/sql/dialect/MysqlHandler.java,0,0,4.534888900195347e-06
1.14.0,core/src/main/java/org/apache/calcite/sql/dialect/OracleHandler.java,0,0,1.998702219770531e-10
1.14.0,core/src/main/java/org/apache/calcite/sql/dialect/PostgresqlHandler.java,0,0,7.249597062702132e-09
1.14.0,core/src/main/java/org/apache/calcite/sql/fun/OracleSqlOperatorTable.java,0,0,8.005823007789547e-13
1.14.0,core/src/main/java/org/apache/calcite/sql/fun/SqlFloorFunction.java,0,1,0.5688862453885042
1.14.0,core/src/main/java/org/apache/calcite/rex/RexProgram.java,0,0,0.41704918381545336
1.14.0,core/src/main/java/org/apache/calcite/adapter/enumerable/EnumerableCalc.java,0,0,0.014164307294620966
1.14.0,core/src/main/java/org/apache/calcite/sql/type/IntervalSqlType.java,0,0,0.04563114228106821
1.14.0,core/src/main/java/org/apache/calcite/sql/type/MatchReturnTypeInference.java,0,0,0.10493251788875484
1.14.0,linq4j/src/main/java/org/apache/calcite/linq4j/tree/ExpressionType.java,0,0,0.015393139814052048
1.14.0,core/src/main/java/org/apache/calcite/plan/RelOptAbstractTable.java,0,0,0.003874906698581602
1.14.0,core/src/main/java/org/apache/calcite/plan/RelOptTable.java,0,0,1.8527638396678235e-10
1.14.0,core/src/main/java/org/apache/calcite/rel/RelReferentialConstraint.java,0,0,5.750479518181996e-12
1.14.0,core/src/main/java/org/apache/calcite/rel/RelReferentialConstraintImpl.java,0,0,0.00034019364600899703
1.14.0,core/src/main/java/org/apache/calcite/schema/Statistic.java,0,0,6.029461733804317e-10
1.14.0,core/src/main/java/org/apache/calcite/schema/Statistics.java,0,0,0.17885673605794805
1.14.0,pig/src/main/java/org/apache/calcite/adapter/pig/PigFilter.java,0,0,0.04764571337973257
1.14.0,core/src/main/java/org/apache/calcite/util/CancelFlag.java,0,0,0.00010479075300232075
1.14.0,core/src/main/java/org/apache/calcite/rel/rules/AggregateValuesRule.java,0,0,0.03556717498316214
1.14.0,core/src/main/java/org/apache/calcite/rex/RexSubQuery.java,0,0,0.03544757095062779
1.14.0,core/src/main/java/org/apache/calcite/sql/util/ListSqlOperatorTable.java,0,0,0.05392128246832427
1.14.0,core/src/main/java/org/apache/calcite/sql/validate/SqlUserDefinedFunction.java,0,0,0.34486891656067287
1.14.0,core/src/main/java/org/apache/calcite/rel/rules/SubQueryRemoveRule.java,1,1,0.9999999850625678
1.14.0,core/src/main/java/org/apache/calcite/sql/validate/SqlUserDefinedTableFunction.java,0,0,0.001729637282115102
1.14.0,core/src/main/java/org/apache/calcite/sql/fun/SqlInOperator.java,0,0,0.08538921696454972
1.14.0,core/src/main/java/org/apache/calcite/sql/fun/SqlQuantifyOperator.java,0,0,2.57683235200313e-09
1.14.0,core/src/main/java/org/apache/calcite/sql/SqlSelect.java,0,0,0.4898851404940815
1.14.0,core/src/main/java/org/apache/calcite/sql/SqlWindow.java,0,0,0.011147704888711835
1.14.0,core/src/main/java/org/apache/calcite/util/Compatible.java,0,0,2.4667764258769016e-14
1.14.0,core/src/main/java/org/apache/calcite/model/JsonColumn.java,0,0,1.833777426440745e-05
1.14.0,core/src/main/java/org/apache/calcite/rel/type/RelDataTypeFactory.java,0,0,1.014885347936987e-07
1.14.0,core/src/main/java/org/apache/calcite/runtime/PredicateImpl.java,0,0,0.00208768359584348
1.14.0,core/src/main/java/org/apache/calcite/plan/volcano/VolcanoRuleMatch.java,0,0,0.0375381605298808
1.14.0,core/src/main/java/org/apache/calcite/rel/type/RelDataTypePrecedenceList.java,0,0,5.227228650726832e-09
1.14.0,core/src/main/java/org/apache/calcite/rel/core/Values.java,0,0,0.00688257901405409
1.14.0,core/src/main/java/org/apache/calcite/rel/rules/FilterTableScanRule.java,0,0,1.6122044893091166e-09
1.14.0,core/src/main/java/org/apache/calcite/rel/rules/ProjectRemoveRule.java,0,0,0.0019421408952162008
1.14.0,core/src/main/java/org/apache/calcite/rel/rules/ProjectTableScanRule.java,0,0,2.57473758201731e-06
1.14.0,core/src/main/java/org/apache/calcite/schema/ExtensibleTable.java,0,0,2.0511999849714477e-09
1.14.0,core/src/main/java/org/apache/calcite/rel/type/RelDataTypeField.java,0,0,7.286289477221282e-31
1.14.0,core/src/main/java/org/apache/calcite/sql/validate/DelegatingSqlValidatorCatalogReader.java,0,0,0.06856055533431685
1.14.0,core/src/main/java/org/apache/calcite/prepare/LixToRelTranslator.java,0,0,0.03227303834157235
1.14.0,core/src/main/java/org/apache/calcite/schema/impl/MaterializedViewTable.java,0,0,0.010019055682734293
1.14.0,core/src/main/java/org/apache/calcite/runtime/RandomFunction.java,0,0,0.0025277893813034813
1.14.0,core/src/main/java/org/apache/calcite/sql/fun/SqlRandFunction.java,0,0,0.00015308558131637076
1.14.0,core/src/main/java/org/apache/calcite/sql/fun/SqlRandIntegerFunction.java,0,0,0.00015308558131637076
1.14.0,core/src/main/java/org/apache/calcite/sql/fun/SqlMultisetValueConstructor.java,0,0,0.023743083286841455
1.14.0,pig/src/main/java/org/apache/calcite/adapter/pig/PigAggFunction.java,0,0,3.698216863014752e-13
1.14.0,pig/src/main/java/org/apache/calcite/adapter/pig/PigDataType.java,0,0,1.8079311908748763e-13
1.14.0,pig/src/main/java/org/apache/calcite/adapter/pig/PigJoin.java,0,0,0.08825001125422634
1.14.0,pig/src/main/java/org/apache/calcite/adapter/pig/PigProject.java,0,0,0.01606500231577752
1.14.0,pig/src/main/java/org/apache/calcite/adapter/pig/PigRel.java,0,0,0.00017962723068642707
1.14.0,pig/src/main/java/org/apache/calcite/adapter/pig/PigRelFactories.java,0,0,0.10698523194277995
1.14.0,pig/src/main/java/org/apache/calcite/adapter/pig/PigRules.java,0,0,0.00036176432875163544
1.14.0,pig/src/main/java/org/apache/calcite/adapter/pig/PigSchema.java,0,0,0.008717486757059039
1.14.0,pig/src/main/java/org/apache/calcite/adapter/pig/PigSchemaFactory.java,0,0,0.0005589805563634183
1.14.0,pig/src/main/java/org/apache/calcite/adapter/pig/PigTable.java,0,0,0.1179395395496583
1.14.0,pig/src/main/java/org/apache/calcite/adapter/pig/PigTableFactory.java,0,1,0.9581070288183764
1.14.0,pig/src/main/java/org/apache/calcite/adapter/pig/PigTableScan.java,0,0,0.046390208647405985
1.14.0,pig/src/main/java/org/apache/calcite/adapter/pig/PigToEnumerableConverter.java,0,0,0.08415875545888685
1.14.0,pig/src/main/java/org/apache/calcite/adapter/pig/PigToEnumerableConverterRule.java,0,0,0.00017182289088700801
1.14.0,core/src/main/java/org/apache/calcite/sql/SqlOperator.java,0,0,5.594257100262056e-06
1.14.0,core/src/main/java/org/apache/calcite/interpreter/SortNode.java,1,1,0.9989439904302535
1.14.0,core/src/main/java/org/apache/calcite/plan/RelOptCluster.java,0,0,0.029167148277236824
1.14.0,core/src/main/java/org/apache/calcite/plan/RelOptRuleCall.java,0,0,0.45135866487038284
1.14.0,core/src/main/java/org/apache/calcite/plan/Strong.java,0,0,0.1343847664693891
1.14.0,core/src/main/java/org/apache/calcite/rex/RexToSqlNodeConverterImpl.java,0,0,0.00402506885174279
1.14.0,core/src/main/java/org/apache/calcite/sql/SqlAbstractDateTimeLiteral.java,0,0,0.0019062854618606493
1.14.0,core/src/main/java/org/apache/calcite/sql/SqlDateLiteral.java,0,0,0.10618054067308899
1.14.0,core/src/main/java/org/apache/calcite/sql/SqlLiteral.java,0,1,0.9962929374875539
1.14.0,core/src/main/java/org/apache/calcite/sql/SqlTimeLiteral.java,0,0,0.0007912155056552945
1.14.0,core/src/main/java/org/apache/calcite/sql/SqlTimestampLiteral.java,0,0,2.4031563912806205e-05
1.14.0,core/src/main/java/org/apache/calcite/sql2rel/SqlNodeToRexConverterImpl.java,0,0,0.3053118507139507
1.14.0,core/src/main/java/org/apache/calcite/plan/RelOptUtil.java,1,1,0.9999996540419909
1.14.0,core/src/main/java/org/apache/calcite/plan/SubstitutionVisitor.java,0,1,0.7030987724332063
1.14.0,core/src/main/java/org/apache/calcite/adapter/enumerable/PhysType.java,0,0,7.703682991259458e-09
1.14.0,core/src/main/java/org/apache/calcite/util/DateString.java,1,0,1.4997516969374145e-05
1.14.0,core/src/main/java/org/apache/calcite/util/TimeString.java,1,0,0.0012880242826574528
1.14.0,core/src/main/java/org/apache/calcite/runtime/CalciteResource.java,0,0,0.3181225503140631
1.14.0,core/src/main/java/org/apache/calcite/plan/hep/HepRuleCall.java,0,0,0.23724704155534312
1.14.0,core/src/main/java/org/apache/calcite/plan/volcano/RelSet.java,0,0,0.01435136513185218
1.14.0,core/src/main/java/org/apache/calcite/plan/volcano/RelSubset.java,0,1,0.7701278147695075
1.14.0,core/src/main/java/org/apache/calcite/plan/volcano/RuleQueue.java,0,0,0.00022572404879470575
1.14.0,core/src/main/java/org/apache/calcite/plan/volcano/VolcanoRuleCall.java,0,0,0.17528095358902177
1.14.0,core/src/main/java/org/apache/calcite/sql/SqlAggFunction.java,0,1,0.5994452644682394
1.14.0,core/src/main/java/org/apache/calcite/rel/core/Union.java,0,0,0.017737350473646867
1.14.0,core/src/main/java/org/apache/calcite/rel/externalize/RelWriterImpl.java,0,0,0.1867284363874414
1.14.0,core/src/main/java/org/apache/calcite/sql2rel/RelDecorrelator.java,0,1,0.9654607581106339
1.14.0,core/src/main/java/org/apache/calcite/sql2rel/RelFieldTrimmer.java,0,0,0.07810974514649874
1.14.0,core/src/main/java/org/apache/calcite/sql2rel/SqlToRelConverter.java,1,1,0.9999999999999998
1.14.0,core/src/main/java/org/apache/calcite/tools/RelBuilder.java,1,1,0.9716193894076508
1.14.0,core/src/main/java/org/apache/calcite/rel/metadata/RelMdCollation.java,1,1,0.9999973941956514
1.14.0,core/src/main/java/org/apache/calcite/rel/metadata/RelMdColumnUniqueness.java,1,1,0.9999931092890519
1.14.0,core/src/main/java/org/apache/calcite/rel/metadata/RelMdUtil.java,0,1,0.9266967584719351
1.14.0,core/src/main/java/org/apache/calcite/rel/rules/LoptMultiJoin.java,0,0,2.8992407481693866e-07
1.14.0,core/src/main/java/org/apache/calcite/rel/rules/LoptOptimizeJoinRule.java,0,0,0.08385941548573339
1.14.0,core/src/main/java/org/apache/calcite/rel/rules/LoptSemiJoinOptimizer.java,0,0,0.020097909142264992
1.14.0,core/src/main/java/org/apache/calcite/adapter/enumerable/AggContext.java,0,0,1.1754599664676901e-07
1.14.0,core/src/main/java/org/apache/calcite/adapter/enumerable/AggResultContext.java,0,0,6.485684311660468e-12
1.14.0,core/src/main/java/org/apache/calcite/adapter/enumerable/EnumerableAggregate.java,0,1,0.9991265582230738
1.14.0,core/src/main/java/org/apache/calcite/adapter/enumerable/EnumerableWindow.java,1,0,0.3915352963020563
1.14.0,core/src/main/java/org/apache/calcite/plan/volcano/VolcanoPlanner.java,0,1,0.9636064422177159
1.14.0,core/src/main/java/org/apache/calcite/rel/core/Aggregate.java,0,0,0.45900628430296514
1.14.0,core/src/main/java/org/apache/calcite/rel/core/RelFactories.java,0,0,8.718298890271113e-08
1.14.0,core/src/main/java/org/apache/calcite/rel/logical/LogicalAggregate.java,0,0,0.007192848477251337
1.14.0,core/src/main/java/org/apache/calcite/sql/parser/SqlParserUtil.java,0,0,0.0004167017980948691
1.14.0,core/src/main/java/org/apache/calcite/rel/mutable/MutableAggregate.java,0,0,0.11623232938004953
1.14.0,core/src/main/java/org/apache/calcite/rel/mutable/MutableRels.java,0,0,0.15346695471619215
1.14.0,core/src/main/java/org/apache/calcite/rel/rules/AbstractMaterializedViewRule.java,1,1,0.999998463300662
1.14.0,core/src/main/java/org/apache/calcite/rel/rules/AggregateExpandDistinctAggregatesRule.java,1,0,0.08711747536021576
1.14.0,core/src/main/java/org/apache/calcite/rel/rules/AggregateFilterTransposeRule.java,1,0,0.014574304670269432
1.14.0,core/src/main/java/org/apache/calcite/rel/rules/AggregateJoinTransposeRule.java,1,1,0.9253041194074128
1.14.0,core/src/main/java/org/apache/calcite/rel/rules/AggregateProjectMergeRule.java,1,0,0.11234120399616528
1.14.0,core/src/main/java/org/apache/calcite/rel/rules/AggregateProjectPullUpConstantsRule.java,0,1,0.9496638677120162
1.14.0,core/src/main/java/org/apache/calcite/rel/rules/AggregateReduceFunctionsRule.java,0,0,0.0032302386135763766
1.14.0,core/src/main/java/org/apache/calcite/rel/rules/AggregateUnionAggregateRule.java,0,0,0.03815885432307251
1.14.0,core/src/main/java/org/apache/calcite/rel/rules/AggregateUnionTransposeRule.java,0,0,0.007637372345829824
1.14.0,core/src/main/java/org/apache/calcite/rel/rules/FilterAggregateTransposeRule.java,1,0,0.0005763709268552468
1.14.0,core/src/main/java/org/apache/calcite/rel/rules/IntersectToDistinctRule.java,0,0,0.11333918052179263
1.14.0,core/src/main/java/org/apache/calcite/rel/stream/StreamRules.java,0,0,1.6212944722554955e-09
1.14.0,core/src/main/java/org/apache/calcite/sql/fun/SqlAbstractGroupFunction.java,0,1,0.8712641398154459
1.14.0,core/src/main/java/org/apache/calcite/sql/fun/SqlGroupIdFunction.java,0,0,0.0005131263702159021
1.14.0,core/src/main/java/org/apache/calcite/sql/fun/SqlGroupingFunction.java,0,0,0.0013031106747499242
1.14.0,core/src/main/java/org/apache/calcite/sql/fun/SqlStdOperatorTable.java,1,1,0.9997427975116335
1.14.0,core/src/main/java/org/apache/calcite/sql/validate/AggFinder.java,1,1,0.5439455562359871
1.14.0,core/src/main/java/org/apache/calcite/sql/validate/AggregatingSelectScope.java,0,0,0.033317856436357145
1.14.0,core/src/main/java/org/apache/calcite/sql/validate/DelegatingNamespace.java,0,1,0.6646391751873448
1.14.0,core/src/main/java/org/apache/calcite/sql/validate/IdentifierNamespace.java,0,1,0.87632110318617
1.14.0,core/src/main/java/org/apache/calcite/sql/validate/SqlQualified.java,0,0,0.049839038148453946
1.14.0,core/src/main/java/org/apache/calcite/sql/validate/SqlValidatorImpl.java,1,1,1.0
1.14.0,core/src/main/java/org/apache/calcite/sql/validate/SqlValidatorNamespace.java,0,0,0.2529916455840829
1.14.0,core/src/main/java/org/apache/calcite/adapter/enumerable/impl/AggAddContextImpl.java,0,0,0.37666892244009403
1.14.0,core/src/main/java/org/apache/calcite/adapter/enumerable/impl/AggResetContextImpl.java,0,0,0.015498503421241516
1.14.0,core/src/main/java/org/apache/calcite/adapter/enumerable/impl/AggResultContextImpl.java,0,0,0.07426033898808654
1.14.0,core/src/main/java/org/apache/calcite/adapter/enumerable/impl/WinAggResultContextImpl.java,0,0,0.019051811618842614
1.14.0,core/src/main/java/org/apache/calcite/rel/RelRoot.java,0,0,0.005024024330714357
1.14.0,core/src/main/java/org/apache/calcite/sql/SqlSyntax.java,0,0,2.496689934233563e-05
1.14.0,core/src/main/java/org/apache/calcite/plan/Context.java,0,0,7.969532415986564e-10
1.14.0,core/src/main/java/org/apache/calcite/prepare/CalciteSqlValidator.java,0,0,0.2871532339118035
1.14.0,core/src/main/java/org/apache/calcite/schema/Wrapper.java,0,0,1.1353057912432218e-29
1.14.0,core/src/main/java/org/apache/calcite/sql/advise/SqlAdvisorValidator.java,0,1,0.9982096172643897
1.14.0,core/src/main/java/org/apache/calcite/util/ImmutableBitSet.java,0,0,0.06670078863189423
1.14.0,core/src/main/java/org/apache/calcite/sql/fun/SqlGroupingIdFunction.java,0,0,9.28516584471871e-09
1.14.0,core/src/main/java/org/apache/calcite/sql/dialect/MssqlHandler.java,0,0,6.268024749142507e-07
1.14.0,core/src/main/java/org/apache/calcite/config/CalciteConnectionProperty.java,0,1,0.5166911233721951
1.14.0,core/src/main/java/org/apache/calcite/interpreter/Interpreter.java,0,0,1.6532527302175326e-05
1.14.0,core/src/main/java/org/apache/calcite/materialize/TileSuggester.java,0,0,0.16000001391794694
1.14.0,core/src/main/java/org/apache/calcite/tools/Program.java,0,0,4.629440961881778e-11
1.14.0,core/src/main/java/org/apache/calcite/runtime/HttpUtils.java,0,0,0.010878022572436268
1.14.0,core/src/main/java/org/apache/calcite/sql/JoinType.java,0,0,7.280178328241926e-12
1.14.0,core/src/main/java/org/apache/calcite/sql/SemiJoinType.java,0,0,2.3215393908060168e-08
1.14.0,core/src/main/java/org/apache/calcite/sql/SqlAccessType.java,0,0,0.17768552153503345
1.14.0,core/src/main/java/org/apache/calcite/sql/SqlCollation.java,0,0,0.006380478959769552
1.14.0,core/src/main/java/org/apache/calcite/util/ConversionUtil.java,0,0,0.01511223604194103
1.14.0,core/src/main/java/org/apache/calcite/util/NameMap.java,0,0,0.02201717495729922
1.14.0,core/src/main/java/org/apache/calcite/util/NameMultimap.java,0,0,0.021270675759097878
1.14.0,core/src/main/java/org/apache/calcite/util/NameSet.java,0,0,0.0006272896111805642
1.14.0,core/src/main/java/org/apache/calcite/util/NlsString.java,0,0,0.001787946095131049
1.14.0,core/src/main/java/org/apache/calcite/util/Sources.java,0,0,0.007388067561272954
1.14.0,core/src/main/java/org/apache/calcite/util/Template.java,0,0,0.0002817875141425653
1.14.0,core/src/main/java/org/apache/calcite/util/Unsafe.java,0,0,0.00018273846381478006
1.14.0,core/src/main/java/org/apache/calcite/rel/rules/MaterializedViewFilterScanRule.java,0,0,0.06741070703883746
1.14.0,core/src/main/java/org/apache/calcite/rel/core/Correlate.java,0,0,0.04010169774510375
1.14.0,core/src/main/java/org/apache/calcite/rel/core/Join.java,0,0,0.4883144311316304
1.14.0,core/src/main/java/org/apache/calcite/rel/core/JoinRelType.java,0,0,5.7891235604882655e-05
1.14.0,core/src/main/java/org/apache/calcite/rel/externalize/RelJsonReader.java,0,1,0.7106983837714637
1.14.0,core/src/main/java/org/apache/calcite/rel/rules/MultiJoinOptimizeBushyRule.java,0,0,0.06425665188337278
1.14.0,core/src/main/java/org/apache/calcite/sql/advise/SqlAdvisor.java,0,0,0.011041544216689392
1.14.0,core/src/main/java/org/apache/calcite/sql/advise/SqlSimpleParser.java,0,0,0.004014459295657584
1.14.0,core/src/main/java/org/apache/calcite/sql/util/ReflectiveSqlOperatorTable.java,0,0,0.0023164926737277718
1.14.0,core/src/main/java/org/apache/calcite/util/javac/JaninoCompiler.java,0,0,2.422165073924647e-07
1.14.0,core/src/main/java/org/apache/calcite/util/trace/CalciteTimingTracer.java,0,0,0.0017025483605778442
1.14.0,druid/src/main/java/org/apache/calcite/adapter/druid/Granularity.java,0,0,0.0017602928378323314
1.14.0,file/src/main/java/org/apache/calcite/adapter/file/FileReader.java,0,0,1.819990071997215e-06
1.14.0,file/src/main/java/org/apache/calcite/adapter/file/FileRowConverter.java,0,1,0.6928050822770757
1.14.0,spark/src/main/java/org/apache/calcite/adapter/spark/SparkHandlerImpl.java,0,1,0.5726082809590807
1.14.0,spark/src/main/java/org/apache/calcite/adapter/spark/SparkRules.java,0,0,0.11967658666436623
1.14.0,splunk/src/main/java/org/apache/calcite/adapter/splunk/search/SplunkConnectionImpl.java,0,1,0.6515652342905865
1.14.0,core/src/main/java/org/apache/calcite/sql/SqlBasicCall.java,0,0,0.20961325664731484
1.14.0,core/src/main/java/org/apache/calcite/sql2rel/AuxiliaryConverter.java,0,0,0.07332628862192526
1.14.0,core/src/main/java/org/apache/calcite/sql/fun/SqlGroupFunction.java,0,1,0.8716596268655127
1.14.0,core/src/main/java/org/apache/calcite/sql/validate/AggChecker.java,0,0,0.3561299033572776
1.14.0,core/src/main/java/org/apache/calcite/plan/AbstractRelOptPlanner.java,0,1,0.604614200689949
1.14.0,core/src/main/java/org/apache/calcite/plan/RelOptPlanner.java,0,0,2.8686288595287876e-09
1.14.0,core/src/main/java/org/apache/calcite/rex/RexExecutor.java,0,0,9.22186319888435e-15
1.14.0,core/src/main/java/org/apache/calcite/rex/RexExecutorImpl.java,0,0,0.010575276689439365
1.14.0,core/src/main/java/org/apache/calcite/adapter/jdbc/JdbcImplementor.java,0,1,0.7139134652875561
1.14.0,core/src/main/java/org/apache/calcite/adapter/jdbc/JdbcTableScan.java,0,0,0.35505658310305843
1.14.0,core/src/main/java/org/apache/calcite/interpreter/BindableConvention.java,0,0,2.2301321199634596e-14
1.14.0,core/src/main/java/org/apache/calcite/interpreter/InterpretableConvention.java,0,0,9.305909249917028e-14
1.14.0,core/src/main/java/org/apache/calcite/plan/Convention.java,0,0,2.134337839572602e-14
1.14.0,core/src/main/java/org/apache/calcite/plan/RelTraitDef.java,0,0,2.989847795921716e-05
1.14.0,core/src/main/java/org/apache/calcite/rel/RelCollationTraitDef.java,0,0,0.24295030809933302
1.14.0,core/src/main/java/org/apache/calcite/adapter/enumerable/EnumerableConvention.java,0,0,4.749114812067133e-15
1.14.0,core/src/main/java/org/apache/calcite/rel/core/SetOp.java,0,0,0.37749467392703345
1.14.0,core/src/main/java/org/apache/calcite/sql/validate/OrderByScope.java,0,0,0.012227718785363446
1.14.0,core/src/main/java/org/apache/calcite/sql/SqlCreate.java,0,0,0.0001509377781514583
1.14.0,core/src/main/java/org/apache/calcite/sql/SqlDataTypeSpec.java,0,0,0.03239727731607436
1.14.0,core/src/main/java/org/apache/calcite/sql/SqlDrop.java,0,0,9.480556883421508e-06
1.14.0,core/src/main/java/org/apache/calcite/sql/SqlExecutableStatement.java,0,0,4.4499096619535463e-11
1.14.0,core/src/main/java/org/apache/calcite/adapter/enumerable/EnumerableTableModify.java,0,1,0.9373396017830977
1.14.0,core/src/main/java/org/apache/calcite/sql/fun/SqlItemOperator.java,0,0,0.0006161684552455594
1.14.0,core/src/main/java/org/apache/calcite/sql/parser/Span.java,0,0,0.027908528745848853
1.14.0,core/src/main/java/org/apache/calcite/sql/parser/SqlAbstractParserImpl.java,0,0,0.005257533706743382
1.14.0,core/src/main/java/org/apache/calcite/sql/parser/SqlParserPos.java,0,0,0.0006515430539712545
1.14.0,core/src/main/java/org/apache/calcite/sql/SqlDialect.java,0,1,0.999463301008438
1.14.0,core/src/main/java/org/apache/calcite/sql/validate/MatchRecognizeScope.java,1,1,0.7343642746359029
1.14.0,linq4j/src/main/java/org/apache/calcite/linq4j/function/Experimental.java,0,0,1.7704485622767286e-17
1.14.0,core/src/main/java/org/apache/calcite/rex/RexOver.java,0,0,0.05143207751483693
1.14.0,core/src/main/java/org/apache/calcite/rel/core/Window.java,0,0,0.03142694151687667
1.14.0,core/src/main/java/org/apache/calcite/rel/logical/LogicalWindow.java,0,1,0.9972069240533501
1.14.0,core/src/main/java/org/apache/calcite/rel/rules/ProjectWindowTransposeRule.java,0,0,0.004264592827188425
1.14.0,core/src/main/java/org/apache/calcite/sql/fun/SqlExtractFunction.java,0,0,0.14407893412661177
1.14.0,core/src/main/java/org/apache/calcite/rel/core/Project.java,1,1,0.9916115747628713
1.14.0,core/src/main/java/org/apache/calcite/plan/MaterializedViewSubstitutionVisitor.java,0,0,2.1430416890359462e-07
1.14.0,core/src/main/java/org/apache/calcite/DataContext.java,0,0,1.6902905692704504e-41
1.14.0,core/src/main/java/org/apache/calcite/runtime/Hook.java,0,0,5.295958453894891e-09
1.14.0,core/src/main/java/org/apache/calcite/util/JsonBuilder.java,0,0,0.40598926471593894
1.14.0,core/src/main/java/org/apache/calcite/sql/SqlRankFunction.java,0,0,0.00011380847522386508
1.14.0,plus/src/main/java/org/apache/calcite/adapter/os/Processes.java,0,0,0.3415147694190363
1.14.0,core/src/main/java/org/apache/calcite/materialize/Lattice.java,0,0,0.4631855991219807
1.14.0,core/src/main/java/org/apache/calcite/adapter/enumerable/EnumerableRel.java,0,0,1.3403786119617883e-06
1.14.0,core/src/main/java/org/apache/calcite/rel/core/SemiJoin.java,0,1,0.5626568626290518
1.14.0,core/src/main/java/org/apache/calcite/rel/logical/LogicalProject.java,0,0,0.11761839574136226
1.14.0,core/src/main/java/org/apache/calcite/rel/rules/JoinProjectTransposeRule.java,0,0,0.4046299435279946
1.14.0,core/src/main/java/org/apache/calcite/rel/rules/SemiJoinProjectTransposeRule.java,0,0,0.24542905203820783
1.14.0,core/src/main/java/org/apache/calcite/sql/fun/SqlBaseContextVariable.java,0,0,0.004596330598796975
1.14.0,core/src/main/java/org/apache/calcite/sql/fun/SqlStringContextVariable.java,0,0,6.673329568334427e-09
1.14.0,core/src/main/java/org/apache/calcite/sql/fun/SqlPositionFunction.java,0,0,0.0003442465723355462
1.14.0,core/src/main/java/org/apache/calcite/sql/type/SameOperandTypeExceptLastOperandChecker.java,0,0,0.31364372332588997
1.14.0,core/src/main/java/org/apache/calcite/util/CompositeList.java,0,0,0.008723162420083558
1.14.0,core/src/main/java/org/apache/calcite/interpreter/AggregateNode.java,0,1,0.96611089956283
1.14.0,core/src/main/java/org/apache/calcite/rex/RexTableInputRef.java,0,1,0.7396926502964312
1.14.0,core/src/main/java/org/apache/calcite/rel/metadata/RelMdAllPredicates.java,1,1,0.9514887069370639
1.14.0,core/src/main/java/org/apache/calcite/sql2rel/SubQueryConverter.java,0,0,0.0014690232147529629
1.14.0,core/src/main/java/org/apache/calcite/schema/CustomColumnResolvingTable.java,0,0,4.3141853369604896e-11
1.14.0,druid/src/main/java/org/apache/calcite/adapter/druid/DefaultDimensionSpec.java,0,0,0.007000197356359893
1.14.0,druid/src/main/java/org/apache/calcite/adapter/druid/DimensionSpec.java,0,0,1.727867361076143e-07
1.14.0,druid/src/main/java/org/apache/calcite/adapter/druid/ExtractionFunction.java,0,0,2.1313044861981457e-07
1.14.0,core/src/main/java/org/apache/calcite/rel/rules/FilterProjectTransposeRule.java,0,1,0.578890348617018
1.14.0,core/src/main/java/org/apache/calcite/rel/rules/ReduceExpressionsRule.java,0,1,0.9422856187575623
1.14.0,core/src/main/java/org/apache/calcite/prepare/CalciteMaterializer.java,0,0,0.000917225812714482
1.14.0,core/src/main/java/org/apache/calcite/rel/RelHomogeneousShuttle.java,0,0,0.004901671709839468
1.14.0,core/src/main/java/org/apache/calcite/rel/RelShuttle.java,0,0,7.926962851319543e-08
1.14.0,core/src/main/java/org/apache/calcite/rel/RelShuttleImpl.java,0,0,0.01371532735567127
1.14.0,core/src/main/java/org/apache/calcite/rex/RexPatternFieldRef.java,0,0,2.8390489747248355e-05
1.14.0,core/src/main/java/org/apache/calcite/sql/SqlFunctionCategory.java,0,0,1.6681871322530063e-06
1.14.0,core/src/main/java/org/apache/calcite/sql2rel/RelStructuredTypeFlattener.java,0,0,7.320076313289433e-08
1.14.0,core/src/main/java/org/apache/calcite/sql/validate/MatchRecognizeNamespace.java,0,1,0.7963010517386759
1.14.0,core/src/main/java/org/apache/calcite/sql/validate/SqlValidator.java,0,1,0.5695503113173587
1.14.0,core/src/main/java/org/apache/calcite/schema/impl/ReflectiveFunctionBase.java,0,1,0.9683676072765246
1.14.0,plus/src/main/java/org/apache/calcite/adapter/os/SqlShell.java,0,0,2.410680576587482e-31
1.14.0,core/src/main/java/org/apache/calcite/jdbc/CalciteMetaImpl.java,0,1,0.6694445949294299
1.14.0,core/src/main/java/org/apache/calcite/jdbc/CalcitePrepare.java,0,0,5.530027607160327e-08
1.14.0,core/src/main/java/org/apache/calcite/plan/ConventionTraitDef.java,0,1,0.9975801420762568
1.14.0,core/src/main/java/org/apache/calcite/plan/RelCompositeTrait.java,0,0,0.008119951625250503
1.14.0,core/src/main/java/org/apache/calcite/plan/RexImplicationChecker.java,0,1,0.9805916342081631
1.14.0,core/src/main/java/org/apache/calcite/rex/RexWindowBound.java,0,0,0.0012300835489292496
1.14.0,core/src/main/java/org/apache/calcite/rex/RexSqlStandardConvertletTable.java,0,0,0.000786032194917919
1.14.0,core/src/main/java/org/apache/calcite/runtime/FlatLists.java,1,1,0.999692236603216
1.14.0,core/src/main/java/org/apache/calcite/runtime/ResultSetEnumerable.java,0,0,0.4430616062380197
1.14.0,core/src/main/java/org/apache/calcite/sql/SqlDescribeSchema.java,0,0,4.788549440059991e-05
1.14.0,core/src/main/java/org/apache/calcite/sql/SqlDescribeTable.java,0,0,8.431387621878678e-05
1.14.0,core/src/main/java/org/apache/calcite/sql/SqlSplittableAggFunction.java,1,1,0.9999999996381308
1.14.0,core/src/main/java/org/apache/calcite/sql/SqlUtil.java,0,0,1.5976758494802542e-08
1.14.0,core/src/main/java/org/apache/calcite/tools/Frameworks.java,0,1,0.9920579390955061
1.14.0,core/src/main/java/org/apache/calcite/util/CompatibleGuava11.java,0,0,0.00014039095971602486
1.14.0,core/src/main/java/org/apache/calcite/util/ImmutableIntList.java,0,0,1.4349697418437092e-07
1.14.0,core/src/main/java/org/apache/calcite/util/ImmutableNullableList.java,0,0,0.021949469361269455
1.14.0,core/src/main/java/org/apache/calcite/util/ReflectUtil.java,0,0,0.0010420001939402703
1.14.0,core/src/main/java/org/apache/calcite/adapter/clone/ArrayTable.java,0,0,2.7031636989469546e-05
1.14.0,core/src/main/java/org/apache/calcite/adapter/enumerable/EnumerableRelImplementor.java,1,1,0.9911188709644162
1.14.0,core/src/main/java/org/apache/calcite/adapter/java/ReflectiveSchema.java,0,0,0.07410702270677023
1.14.0,core/src/main/java/org/apache/calcite/adapter/jdbc/JdbcTable.java,0,0,0.054111215545583236
1.14.0,core/src/main/java/org/apache/calcite/plan/hep/HepInstruction.java,0,0,0.0014682967108739769
1.14.0,core/src/main/java/org/apache/calcite/rel/metadata/JaninoRelMetadataProvider.java,1,1,0.9922797525009935
1.14.0,core/src/main/java/org/apache/calcite/rel/metadata/ReflectiveRelMetadataProvider.java,0,0,0.24941789786478338
1.14.0,core/src/main/java/org/apache/calcite/rel/metadata/RelMetadataProvider.java,0,0,1.967194350061867e-05
1.14.0,core/src/main/java/org/apache/calcite/rel/rules/ProjectToWindowRule.java,0,0,0.007337163234240887
1.14.0,core/src/main/java/org/apache/calcite/sql/fun/SqlDatetimeSubtractionOperator.java,1,0,0.4770257198359764
1.14.0,core/src/main/java/org/apache/calcite/sql/type/OperandTypes.java,0,0,0.0030086937988191296
1.14.0,core/src/main/java/org/apache/calcite/sql/util/SqlBasicVisitor.java,0,0,0.007759022820194868
1.14.0,core/src/main/java/org/apache/calcite/sql/validate/SqlValidatorUtil.java,1,1,0.9999982841530572
1.14.0,core/src/main/java/org/apache/calcite/util/trace/CalciteTrace.java,0,0,4.735639249764763e-09
1.14.0,cassandra/src/main/java/org/apache/calcite/adapter/cassandra/CassandraLimit.java,0,1,0.5649019466156929
1.14.0,cassandra/src/main/java/org/apache/calcite/adapter/cassandra/CassandraRules.java,0,0,9.313364972555743e-06
1.14.0,cassandra/src/main/java/org/apache/calcite/adapter/cassandra/CassandraTable.java,0,0,0.3980529619435727
1.14.0,druid/src/main/java/org/apache/calcite/adapter/druid/DruidConnectionImpl.java,0,1,0.9815297651262508
1.14.0,mongodb/src/main/java/org/apache/calcite/adapter/mongodb/MongoRules.java,0,0,1.1068116551589878e-06
1.14.0,mongodb/src/main/java/org/apache/calcite/adapter/mongodb/MongoTable.java,0,0,0.01257436192058432
1.14.0,plus/src/main/java/org/apache/calcite/adapter/os/PsTableFunction.java,0,0,4.897270250905747e-09
1.14.0,plus/src/main/java/org/apache/calcite/adapter/os/VmstatTableFunction.java,0,0,3.0764915426874995e-06
1.14.0,plus/src/main/java/org/apache/calcite/adapter/tpcds/TpcdsSchema.java,0,0,2.3243933597548214e-07
1.14.0,plus/src/main/java/org/apache/calcite/adapter/tpch/TpchSchema.java,0,0,0.0026977605009051143
1.14.0,spark/src/main/java/org/apache/calcite/adapter/spark/SparkRuntime.java,0,0,0.023709908761377897
1.14.0,splunk/src/main/java/org/apache/calcite/adapter/splunk/SplunkTable.java,0,0,0.036172018174811124
1.14.0,linq4j/src/main/java/org/apache/calcite/linq4j/EnumerableDefaults.java,0,0,0.005959168408916556
1.14.0,linq4j/src/main/java/org/apache/calcite/linq4j/Linq4j.java,0,0,7.5044486328012e-07
1.14.0,linq4j/src/main/java/org/apache/calcite/linq4j/Ord.java,0,0,5.0197133361533385e-11
1.14.0,linq4j/src/main/java/org/apache/calcite/linq4j/QueryableDefaults.java,0,0,4.0617580528292174e-18
1.14.0,linq4j/src/main/java/org/apache/calcite/linq4j/QueryProviderImpl.java,0,0,1.8472130205531335e-12
1.14.0,linq4j/src/main/java/org/apache/calcite/linq4j/function/Functions.java,0,0,1.1559699755190846e-05
1.14.0,linq4j/src/main/java/org/apache/calcite/linq4j/tree/ClassDeclarationFinder.java,0,0,0.00030330877778651083
1.14.0,linq4j/src/main/java/org/apache/calcite/linq4j/tree/Expressions.java,0,0,2.89079566911296e-18
1.14.0,linq4j/src/main/java/org/apache/calcite/linq4j/tree/FunctionExpression.java,0,0,2.000838996116608e-06
1.14.0,linq4j/src/main/java/org/apache/calcite/linq4j/tree/OptimizeShuttle.java,0,0,0.05567135113506473
1.14.0,ubenchmark/src/main/java/org/apache/calcite/benchmarks/StatementTest.java,0,0,7.682083007022674e-10
1.14.0,core/src/main/java/org/apache/calcite/sql/SqlKind.java,0,1,0.9999999999999223
1.14.0,core/src/main/java/org/apache/calcite/rel/rel2sql/SqlImplementor.java,1,1,0.8941864045619051
1.14.0,core/src/main/java/org/apache/calcite/rel/type/RelDataTypeSystem.java,0,0,1.3813366870214503e-12
1.14.0,core/src/main/java/org/apache/calcite/sql/fun/SqlAvgAggFunction.java,0,0,0.05981739786471778
1.14.0,core/src/main/java/org/apache/calcite/sql/type/ReturnTypes.java,0,0,0.0001245178476163652
1.14.0,core/src/main/java/org/apache/calcite/plan/VisitorDataContext.java,0,0,0.011314453610437421
1.14.0,core/src/main/java/org/apache/calcite/rel/metadata/RelMdPredicates.java,1,1,0.9333867104817082
1.14.0,core/src/main/java/org/apache/calcite/tools/Programs.java,0,0,0.038119920744553684
1.14.0,core/src/main/java/org/apache/calcite/rel/rules/ProjectFilterTransposeRule.java,0,1,0.5595430405838141
1.14.0,core/src/main/java/org/apache/calcite/rel/rules/ProjectJoinTransposeRule.java,0,0,0.3495095080900291
1.14.0,core/src/main/java/org/apache/calcite/rel/rules/ProjectSetOpTransposeRule.java,0,0,0.16104739850698283
1.14.0,core/src/main/java/org/apache/calcite/rel/rules/PushProjector.java,0,1,0.8533573927204631
1.14.0,core/src/main/java/org/apache/calcite/rel/rules/SemiJoinRule.java,0,0,0.0006194371767646153
