version,file,true_label,predicted,probability
1.12.0,core/src/main/java/org/apache/calcite/tools/PigRelBuilder.java,0,1,0.5263825809554582
1.12.0,core/src/main/java/org/apache/calcite/interpreter/Bindables.java,0,0,0.3144387455500898
1.12.0,core/src/main/java/org/apache/calcite/rel/rules/ProjectSortTransposeRule.java,0,0,0.16218167541745146
1.12.0,core/src/main/java/org/apache/calcite/util/Source.java,0,0,0.1878733759830266
1.12.0,druid/src/main/java/org/apache/calcite/adapter/druid/DruidSchemaFactory.java,0,0,0.3518988596007261
1.12.0,druid/src/main/java/org/apache/calcite/adapter/druid/QueryType.java,0,0,0.1315252797535707
1.12.0,file/src/main/java/org/apache/calcite/adapter/file/FileEnumerator.java,0,0,0.3243818389168041
1.12.0,file/src/main/java/org/apache/calcite/adapter/file/FileTable.java,0,0,0.4463431619830401
1.12.0,avatica/core/src/main/java/org/apache/calcite/avatica/ConnectStringParser.java,0,1,0.9056549550931681
1.12.0,avatica/core/src/main/java/org/apache/calcite/avatica/proto/Common.java,0,1,0.8235076809619959
1.12.0,avatica/core/src/main/java/org/apache/calcite/avatica/proto/Requests.java,0,1,0.944182293134995
1.12.0,avatica/core/src/main/java/org/apache/calcite/avatica/proto/Responses.java,0,1,0.8701123442059712
1.12.0,core/src/main/java/org/apache/calcite/rel/rules/SubQueryRemoveRule.java,1,1,0.7424060988010214
1.12.0,core/src/main/java/org/apache/calcite/adapter/enumerable/EnumerableMergeJoin.java,0,1,0.5854864748543023
1.12.0,core/src/main/java/org/apache/calcite/util/Bug.java,0,0,0.14092826221228952
1.12.0,core/src/main/java/org/apache/calcite/schema/TranslatableTable.java,0,0,0.16218167541745146
1.12.0,core/src/main/java/org/apache/calcite/plan/MaterializedViewSubstitutionVisitor.java,0,0,0.33180673203648975
1.12.0,core/src/main/java/org/apache/calcite/sql/SqlMatchRecognize.java,0,1,0.5171555857751987
1.12.0,core/src/main/java/org/apache/calcite/jdbc/JavaTypeFactoryImpl.java,1,1,0.7490286455398892
1.12.0,core/src/main/java/org/apache/calcite/rel/mutable/Holder.java,0,0,0.11662367698084593
1.12.0,core/src/main/java/org/apache/calcite/rel/mutable/MutableAggregate.java,0,0,0.4149299829821506
1.12.0,core/src/main/java/org/apache/calcite/rel/mutable/MutableBiRel.java,0,0,0.4573719149526675
1.12.0,core/src/main/java/org/apache/calcite/rel/mutable/MutableCalc.java,0,0,0.17855462576510028
1.12.0,core/src/main/java/org/apache/calcite/rel/mutable/MutableCollect.java,0,0,0.19138482542918753
1.12.0,core/src/main/java/org/apache/calcite/rel/mutable/MutableCorrelate.java,0,0,0.24164927696398492
1.12.0,core/src/main/java/org/apache/calcite/rel/mutable/MutableExchange.java,0,0,0.13635669059386263
1.12.0,core/src/main/java/org/apache/calcite/rel/mutable/MutableFilter.java,0,0,0.41381209186545526
1.12.0,core/src/main/java/org/apache/calcite/rel/mutable/MutableIntersect.java,0,0,0.3256246210838295
1.12.0,core/src/main/java/org/apache/calcite/rel/mutable/MutableJoin.java,0,0,0.35408451646415645
1.12.0,core/src/main/java/org/apache/calcite/rel/mutable/MutableLeafRel.java,0,0,0.17825231388193585
1.12.0,core/src/main/java/org/apache/calcite/rel/mutable/MutableMinus.java,0,0,0.3256246210838295
1.12.0,core/src/main/java/org/apache/calcite/rel/mutable/MutableProject.java,0,0,0.417694077721163
1.12.0,core/src/main/java/org/apache/calcite/rel/mutable/MutableRel.java,0,1,0.6839169808814443
1.12.0,core/src/main/java/org/apache/calcite/rel/mutable/MutableRels.java,0,1,0.5571917292700963
1.12.0,core/src/main/java/org/apache/calcite/rel/mutable/MutableRelType.java,0,0,0.11406066340301493
1.12.0,core/src/main/java/org/apache/calcite/rel/mutable/MutableRelVisitor.java,0,0,0.11230231287603402
1.12.0,core/src/main/java/org/apache/calcite/rel/mutable/MutableSample.java,0,0,0.3295345338844876
1.12.0,core/src/main/java/org/apache/calcite/rel/mutable/MutableScan.java,0,0,0.39474301197862477
1.12.0,core/src/main/java/org/apache/calcite/rel/mutable/MutableSemiJoin.java,0,0,0.21411955597285146
1.12.0,core/src/main/java/org/apache/calcite/rel/mutable/MutableSetOp.java,0,0,0.4721025141222212
1.12.0,core/src/main/java/org/apache/calcite/rel/mutable/MutableSingleRel.java,0,0,0.4089414637698788
1.12.0,core/src/main/java/org/apache/calcite/rel/mutable/MutableSort.java,0,0,0.26561613611945695
1.12.0,core/src/main/java/org/apache/calcite/rel/mutable/MutableTableFunctionScan.java,0,0,0.24395056311353736
1.12.0,core/src/main/java/org/apache/calcite/rel/mutable/MutableTableModify.java,0,0,0.37147047845898257
1.12.0,core/src/main/java/org/apache/calcite/rel/mutable/MutableUncollect.java,0,0,0.22662785887888762
1.12.0,core/src/main/java/org/apache/calcite/rel/mutable/MutableUnion.java,0,0,0.3256246210838295
1.12.0,core/src/main/java/org/apache/calcite/rel/mutable/MutableValues.java,0,0,0.19804435973972523
1.12.0,core/src/main/java/org/apache/calcite/rel/mutable/MutableWindow.java,0,0,0.21346245757019608
1.12.0,core/src/main/java/org/apache/calcite/schema/Table.java,0,0,0.32755440241753303
1.12.0,core/src/main/java/org/apache/calcite/sql/SqlIdentifier.java,0,1,0.7695847950635105
1.12.0,core/src/main/java/org/apache/calcite/rel/rel2sql/RelToSqlConverter.java,1,1,0.8174652527155223
1.12.0,core/src/main/java/org/apache/calcite/sql/fun/SqlStdOperatorTable.java,1,1,0.9792800848575468
1.12.0,core/src/main/java/org/apache/calcite/sql/validate/SqlNameMatcher.java,0,0,0.19912234523486502
1.12.0,core/src/main/java/org/apache/calcite/sql/validate/SqlNameMatchers.java,0,0,0.33251725964776185
1.12.0,core/src/main/java/org/apache/calcite/sql/validate/SqlQualified.java,0,1,0.604416898448121
1.12.0,core/src/main/java/org/apache/calcite/sql/validate/SqlValidatorScope.java,0,1,0.8098159034377701
1.12.0,core/src/main/java/org/apache/calcite/sql/validate/WithScope.java,0,1,0.5915089919860621
1.12.0,core/src/main/java/org/apache/calcite/jdbc/CalciteConnectionImpl.java,1,1,0.7852977511487202
1.12.0,core/src/main/java/org/apache/calcite/materialize/CachingLatticeStatisticProvider.java,0,0,0.11268795846089255
1.12.0,core/src/main/java/org/apache/calcite/plan/ConventionTraitDef.java,0,1,0.7392967205285672
1.12.0,core/src/main/java/org/apache/calcite/rel/BiRel.java,0,1,0.503788105909232
1.12.0,core/src/main/java/org/apache/calcite/sql/SqlLiteral.java,0,1,0.601420927013073
1.12.0,core/src/main/java/org/apache/calcite/sql/SqlNode.java,0,1,0.5743724118983305
1.12.0,core/src/main/java/org/apache/calcite/sql/SqlPostfixOperator.java,0,1,0.6663308536271766
1.12.0,core/src/main/java/org/apache/calcite/sql/SqlPrefixOperator.java,0,0,0.42429350966091944
1.12.0,core/src/main/java/org/apache/calcite/sql/SqlSyntax.java,0,0,0.44343349850456526
1.12.0,core/src/main/java/org/apache/calcite/sql/SqlWindow.java,0,1,0.8893060284871669
1.12.0,core/src/main/java/org/apache/calcite/sql2rel/ReflectiveConvertletTable.java,0,1,0.5947342671722248
1.12.0,core/src/main/java/org/apache/calcite/sql2rel/RelFieldTrimmer.java,0,1,0.9010786043929242
1.12.0,core/src/main/java/org/apache/calcite/sql2rel/SqlNodeToRexConverterImpl.java,0,1,0.7435143079410341
1.12.0,core/src/main/java/org/apache/calcite/tools/RelRunners.java,0,0,0.08869465532616867
1.12.0,core/src/main/java/org/apache/calcite/util/Closer.java,0,0,0.4860131318613827
1.12.0,core/src/main/java/org/apache/calcite/util/ReflectUtil.java,0,1,0.9264495636023865
1.12.0,core/src/main/java/org/apache/calcite/util/SaffronProperties.java,0,1,0.8535343380063015
1.12.0,core/src/main/java/org/apache/calcite/plan/volcano/VolcanoRuleCall.java,0,1,0.8619083168421539
1.12.0,core/src/main/java/org/apache/calcite/rel/convert/ConverterImpl.java,0,0,0.2637038817665995
1.12.0,core/src/main/java/org/apache/calcite/rel/metadata/CachingRelMetadataProvider.java,0,1,0.6935575535866346
1.12.0,core/src/main/java/org/apache/calcite/rel/metadata/ChainedRelMetadataProvider.java,0,1,0.538399869048144
1.12.0,core/src/main/java/org/apache/calcite/rel/metadata/JaninoRelMetadataProvider.java,1,1,0.8761516290872978
1.12.0,core/src/main/java/org/apache/calcite/rel/metadata/MetadataFactoryImpl.java,0,0,0.39689926135728604
1.12.0,core/src/main/java/org/apache/calcite/rel/metadata/ReflectiveRelMetadataProvider.java,0,1,0.7949957006555666
1.12.0,core/src/main/java/org/apache/calcite/rel/rules/CalcRelSplitter.java,0,1,0.7702897075961034
1.12.0,core/src/main/java/org/apache/calcite/rel/rules/JoinCommuteRule.java,0,1,0.5272002667597974
1.12.0,core/src/main/java/org/apache/calcite/rel/rules/ProjectToWindowRule.java,0,1,0.7631762467472635
1.12.0,core/src/main/java/org/apache/calcite/rel/rules/ReduceDecimalsRule.java,0,1,0.7310876035734093
1.12.0,core/src/main/java/org/apache/calcite/sql/fun/SqlLikeOperator.java,0,1,0.6465449319916403
1.12.0,core/src/main/java/org/apache/calcite/sql/parser/SqlAbstractParserImpl.java,0,1,0.823600647776286
1.12.0,core/src/main/java/org/apache/calcite/sql/type/BasicSqlType.java,0,1,0.7579654332706387
1.12.0,core/src/main/java/org/apache/calcite/sql/type/SqlTypeAssignmentRules.java,0,1,0.531125887116134
1.12.0,core/src/main/java/org/apache/calcite/sql/validate/SetopNamespace.java,0,1,0.5698983315349957
1.12.0,core/src/main/java/org/apache/calcite/sql/validate/SqlIdentifierMoniker.java,0,0,0.14466721214204
1.12.0,cassandra/src/main/java/org/apache/calcite/adapter/cassandra/CassandraRules.java,0,1,0.639401698376853
1.12.0,elasticsearch/src/main/java/org/apache/calcite/adapter/elasticsearch/ElasticsearchSchema.java,0,0,0.18623848117990324
1.12.0,mongodb/src/main/java/org/apache/calcite/adapter/mongodb/MongoRules.java,0,1,0.5981742276635421
1.12.0,core/src/main/java/org/apache/calcite/model/ModelHandler.java,0,1,0.9547934725902624
1.12.0,core/src/main/java/org/apache/calcite/rel/metadata/BuiltInMetadata.java,0,0,0.1447917233128516
1.12.0,core/src/main/java/org/apache/calcite/rel/metadata/DefaultRelMetadataProvider.java,0,0,0.16205247822649568
1.12.0,core/src/main/java/org/apache/calcite/rel/metadata/RelMdMaxRowCount.java,0,1,0.5090050710288265
1.12.0,core/src/main/java/org/apache/calcite/rel/metadata/RelMdMinRowCount.java,0,1,0.519602267059535
1.12.0,core/src/main/java/org/apache/calcite/rel/metadata/RelMetadataQuery.java,0,1,0.5123778964654442
1.12.0,core/src/main/java/org/apache/calcite/sql/SqlExplain.java,0,1,0.5241467767901594
1.12.0,core/src/main/java/org/apache/calcite/sql/SqlExplainFormat.java,0,0,0.12398640369382218
1.12.0,core/src/main/java/org/apache/calcite/rel/externalize/RelJsonWriter.java,0,1,0.5988579384108351
1.12.0,linq4j/src/main/java/org/apache/calcite/linq4j/DefaultEnumerable.java,0,0,0.11830628603480256
1.12.0,linq4j/src/main/java/org/apache/calcite/linq4j/ExtendedEnumerable.java,0,0,0.13021591216023726
1.12.0,core/src/main/java/org/apache/calcite/runtime/ResultSetEnumerable.java,0,0,0.37279493070418585
1.12.0,core/src/main/java/org/apache/calcite/schema/ModifiableTable.java,0,0,0.2698116102541169
1.12.0,core/src/main/java/org/apache/calcite/sql/SqlInsert.java,0,1,0.6105023100327561
1.12.0,core/src/main/java/org/apache/calcite/sql/SqlValuesOperator.java,0,1,0.5563156506823862
1.12.0,core/src/main/java/org/apache/calcite/sql/SqlWriter.java,0,0,0.2156048351671576
1.12.0,core/src/main/java/org/apache/calcite/adapter/enumerable/EnumerableTableModifyRule.java,0,1,0.5551831248654744
1.12.0,core/src/main/java/org/apache/calcite/adapter/jdbc/JdbcRules.java,0,1,0.6560857069439878
1.12.0,core/src/main/java/org/apache/calcite/adapter/jdbc/JdbcTable.java,0,1,0.68892867192897
1.12.0,core/src/main/java/org/apache/calcite/rel/core/TableModify.java,0,0,0.33967308592230233
1.12.0,core/src/main/java/org/apache/calcite/rel/logical/LogicalTableModify.java,0,0,0.40792771017477425
1.12.0,core/src/main/java/org/apache/calcite/sql/fun/SqlRowOperator.java,0,0,0.4667672817358908
1.12.0,core/src/main/java/org/apache/calcite/rel/mutable/MutableMultiRel.java,0,0,0.43970151113010897
1.12.0,spark/src/main/java/org/apache/calcite/adapter/spark/SparkRuntime.java,0,0,0.17843224547632536
1.12.0,core/src/main/java/org/apache/calcite/rex/RexCallBinding.java,0,1,0.77757521892754
1.12.0,core/src/main/java/org/apache/calcite/rel/rules/SortProjectTransposeRule.java,0,1,0.6127309579197351
1.12.0,core/src/main/java/org/apache/calcite/util/ImmutableIntList.java,0,0,0.29799655233206407
1.12.0,core/src/main/java/org/apache/calcite/util/Pair.java,0,0,0.1224540664293621
1.12.0,core/src/main/java/org/apache/calcite/rel/type/DynamicRecordTypeImpl.java,0,1,0.5379487862355647
1.12.0,core/src/main/java/org/apache/calcite/rel/type/RelDataType.java,0,0,0.16218167541745146
1.12.0,core/src/main/java/org/apache/calcite/rel/type/RelDataTypeFactory.java,0,0,0.4704504488684198
1.12.0,core/src/main/java/org/apache/calcite/rel/type/RelDataTypeHolder.java,0,1,0.550429959229673
1.12.0,core/src/main/java/org/apache/calcite/rel/type/RelDataTypeImpl.java,0,0,0.4462534792574109
1.12.0,core/src/main/java/org/apache/calcite/rel/type/RelRecordType.java,0,1,0.5276984425326825
1.12.0,core/src/main/java/org/apache/calcite/rel/type/StructKind.java,0,0,0.1017925273295202
1.12.0,core/src/main/java/org/apache/calcite/sql/validate/CatalogScope.java,0,1,0.7721691924032666
1.12.0,core/src/main/java/org/apache/calcite/sql/validate/ParameterScope.java,0,0,0.379775651669215
1.12.0,splunk/src/main/java/org/apache/calcite/adapter/splunk/SplunkPushDownRule.java,0,0,0.35561357214392764
1.12.0,core/src/main/java/org/apache/calcite/sql/SqlStateCodes.java,0,0,0.19815789827559893
1.12.0,file/src/main/java/org/apache/calcite/adapter/file/FileSchema.java,0,1,0.7175697139345
1.12.0,file/src/main/java/org/apache/calcite/adapter/file/FileSchemaFactory.java,0,1,0.7560020916992537
1.12.0,core/src/main/java/org/apache/calcite/jdbc/CachingCalciteSchema.java,1,1,0.8404928840500343
1.12.0,core/src/main/java/org/apache/calcite/jdbc/SimpleCalciteSchema.java,1,1,0.5162415876248966
1.12.0,core/src/main/java/org/apache/calcite/interpreter/Source.java,0,0,0.25957117934305673
1.12.0,core/src/main/java/org/apache/calcite/tools/Planner.java,0,0,0.2552813301603226
1.12.0,core/src/main/java/org/apache/calcite/sql2rel/RelDecorrelator.java,0,1,0.9997413469413219
1.12.0,core/src/main/java/org/apache/calcite/sql/SqlFunction.java,0,0,0.35872733597228096
1.12.0,core/src/main/java/org/apache/calcite/rel/rules/LoptOptimizeJoinRule.java,0,1,0.831888804930437
1.12.0,avatica/core/src/main/java/org/apache/calcite/avatica/remote/TypedValue.java,0,0,0.48474012381991033
1.12.0,core/src/main/java/org/apache/calcite/plan/RelOptUtil.java,1,1,0.9993000422050684
1.12.0,core/src/main/java/org/apache/calcite/Demo.java,0,0,0.13537559503631885
1.12.0,core/src/main/java/org/apache/calcite/config/Lex.java,0,0,0.1017925273295202
1.12.0,core/src/main/java/org/apache/calcite/config/NullCollation.java,0,0,0.4634092166680693
1.12.0,core/src/main/java/org/apache/calcite/interpreter/AbstractSingleNode.java,0,0,0.1017925273295202
1.12.0,core/src/main/java/org/apache/calcite/interpreter/BindableRel.java,0,0,0.16218167541745146
1.12.0,core/src/main/java/org/apache/calcite/interpreter/Context.java,0,0,0.1017925273295202
1.12.0,core/src/main/java/org/apache/calcite/interpreter/FilterNode.java,0,1,0.5746945109021595
1.12.0,core/src/main/java/org/apache/calcite/interpreter/InterpretableConverter.java,0,0,0.16218167541745146
1.12.0,core/src/main/java/org/apache/calcite/interpreter/InterpretableRel.java,0,0,0.16218167541745146
1.12.0,core/src/main/java/org/apache/calcite/interpreter/Interpreters.java,0,0,0.17015279166996827
1.12.0,core/src/main/java/org/apache/calcite/interpreter/JaninoRexCompiler.java,0,0,0.42652244495538794
1.12.0,core/src/main/java/org/apache/calcite/interpreter/JoinNode.java,0,0,0.2088628572429392
1.12.0,core/src/main/java/org/apache/calcite/interpreter/Node.java,0,0,0.13021591216023726
1.12.0,core/src/main/java/org/apache/calcite/interpreter/Nodes.java,0,0,0.11884256082033716
1.12.0,core/src/main/java/org/apache/calcite/interpreter/NoneToBindableConverterRule.java,0,0,0.13930853751801087
1.12.0,core/src/main/java/org/apache/calcite/interpreter/ProjectNode.java,0,1,0.5408252554576072
1.12.0,core/src/main/java/org/apache/calcite/interpreter/Row.java,0,0,0.3133427547550652
1.12.0,core/src/main/java/org/apache/calcite/interpreter/Scalar.java,0,0,0.17015279166996827
1.12.0,core/src/main/java/org/apache/calcite/interpreter/Sink.java,0,0,0.13021591216023726
1.12.0,core/src/main/java/org/apache/calcite/interpreter/SortNode.java,1,1,0.520470846931635
1.12.0,core/src/main/java/org/apache/calcite/interpreter/TableScanNode.java,0,1,0.7021961056845333
1.12.0,core/src/main/java/org/apache/calcite/interpreter/UnionNode.java,0,1,0.5408252554576072
1.12.0,core/src/main/java/org/apache/calcite/interpreter/ValuesNode.java,0,0,0.4634092166680693
1.12.0,core/src/main/java/org/apache/calcite/interpreter/WindowNode.java,0,0,0.2088628572429392
1.12.0,core/src/main/java/org/apache/calcite/jdbc/CalciteConnection.java,0,0,0.16218167541745146
1.12.0,core/src/main/java/org/apache/calcite/jdbc/CalciteFactory.java,0,0,0.14508717167363322
1.12.0,core/src/main/java/org/apache/calcite/jdbc/CalciteJdbc41Factory.java,0,0,0.10593672494667919
1.12.0,core/src/main/java/org/apache/calcite/jdbc/CalcitePreparedStatement.java,0,0,0.1017925273295202
1.12.0,core/src/main/java/org/apache/calcite/jdbc/CalciteRootSchema.java,0,0,0.16218167541745146
1.12.0,core/src/main/java/org/apache/calcite/jdbc/CalciteStatement.java,1,0,0.373982301330003
1.12.0,core/src/main/java/org/apache/calcite/jdbc/Driver.java,0,0,0.4925076062139533
1.12.0,core/src/main/java/org/apache/calcite/jdbc/JavaRecordType.java,0,1,0.5621014987335051
1.12.0,core/src/main/java/org/apache/calcite/jdbc/MetadataSchema.java,0,0,0.13603012833795186
1.12.0,core/src/main/java/org/apache/calcite/jdbc/SqlTimeoutException.java,0,0,0.16218167541745146
1.12.0,core/src/main/java/org/apache/calcite/materialize/DelegatingLatticeStatisticProvider.java,0,0,0.2012976312787123
1.12.0,core/src/main/java/org/apache/calcite/materialize/Lattices.java,0,0,0.11280684284431049
1.12.0,core/src/main/java/org/apache/calcite/materialize/LatticeStatisticProvider.java,0,0,0.16218167541745146
1.12.0,core/src/main/java/org/apache/calcite/materialize/MaterializationActor.java,0,0,0.35479729162252505
1.12.0,core/src/main/java/org/apache/calcite/materialize/MaterializationKey.java,0,0,0.22383447552819347
1.12.0,core/src/main/java/org/apache/calcite/materialize/MaterializationService.java,1,0,0.4098912828297729
1.12.0,core/src/main/java/org/apache/calcite/materialize/SqlLatticeStatisticProvider.java,0,0,0.14068231598582454
1.12.0,core/src/main/java/org/apache/calcite/materialize/TileKey.java,0,1,0.5427202834426182
1.12.0,core/src/main/java/org/apache/calcite/model/JsonColumn.java,0,0,0.1017925273295202
1.12.0,core/src/main/java/org/apache/calcite/model/JsonCustomSchema.java,0,0,0.1017925273295202
1.12.0,core/src/main/java/org/apache/calcite/model/JsonCustomTable.java,0,0,0.1017925273295202
1.12.0,core/src/main/java/org/apache/calcite/model/JsonFunction.java,0,0,0.1017925273295202
1.12.0,core/src/main/java/org/apache/calcite/model/JsonJdbcSchema.java,0,0,0.20387045825748254
1.12.0,core/src/main/java/org/apache/calcite/model/JsonLattice.java,0,0,0.46758980282570944
1.12.0,core/src/main/java/org/apache/calcite/model/JsonMapSchema.java,0,0,0.4634092166680693
1.12.0,core/src/main/java/org/apache/calcite/model/JsonMaterialization.java,0,0,0.1017925273295202
1.12.0,core/src/main/java/org/apache/calcite/model/JsonMeasure.java,0,0,0.1017925273295202
1.12.0,core/src/main/java/org/apache/calcite/model/JsonRoot.java,0,0,0.1017925273295202
1.12.0,core/src/main/java/org/apache/calcite/model/JsonStream.java,0,0,0.08058453590071786
1.12.0,core/src/main/java/org/apache/calcite/model/JsonTable.java,0,0,0.1017925273295202
1.12.0,core/src/main/java/org/apache/calcite/model/JsonTile.java,0,0,0.1017925273295202
1.12.0,core/src/main/java/org/apache/calcite/model/JsonView.java,0,0,0.1017925273295202
1.12.0,core/src/main/java/org/apache/calcite/plan/CommonRelSubExprRule.java,0,0,0.16218167541745146
1.12.0,core/src/main/java/org/apache/calcite/plan/Contexts.java,0,0,0.44293633152760764
1.12.0,core/src/main/java/org/apache/calcite/plan/MulticastRelOptListener.java,0,0,0.16218167541745146
1.12.0,core/src/main/java/org/apache/calcite/plan/RelCompositeTrait.java,0,0,0.3880085047712693
1.12.0,core/src/main/java/org/apache/calcite/plan/RelImplementor.java,0,0,0.16218167541745146
1.12.0,core/src/main/java/org/apache/calcite/plan/RelMultipleTrait.java,0,0,0.16218167541745146
1.12.0,core/src/main/java/org/apache/calcite/plan/RelOptAbstractTable.java,0,0,0.355952914959693
1.12.0,core/src/main/java/org/apache/calcite/plan/RelOptCluster.java,0,0,0.22327945007375166
1.12.0,core/src/main/java/org/apache/calcite/plan/RelOptConnection.java,0,0,0.16218167541745146
1.12.0,core/src/main/java/org/apache/calcite/plan/RelOptCost.java,0,0,0.10175983408025074
1.12.0,core/src/main/java/org/apache/calcite/plan/RelOptCostFactory.java,0,0,0.16218167541745146
1.12.0,core/src/main/java/org/apache/calcite/plan/RelOptCostImpl.java,0,0,0.1332123813144286
1.12.0,core/src/main/java/org/apache/calcite/plan/RelOptLattice.java,0,0,0.43638113324785194
1.12.0,core/src/main/java/org/apache/calcite/plan/RelOptListener.java,0,0,0.16218167541745146
1.12.0,core/src/main/java/org/apache/calcite/plan/RelOptNode.java,0,0,0.16218167541745146
1.12.0,core/src/main/java/org/apache/calcite/plan/RelOptQuery.java,0,0,0.2088628572429392
1.12.0,core/src/main/java/org/apache/calcite/plan/RelOptRule.java,0,0,0.4639579515876215
1.12.0,core/src/main/java/org/apache/calcite/plan/RelOptRuleCall.java,0,0,0.31357120316005593
1.12.0,core/src/main/java/org/apache/calcite/plan/RelOptRuleOperand.java,0,0,0.4874115563630006
1.12.0,core/src/main/java/org/apache/calcite/plan/RelOptRuleOperandChildPolicy.java,0,0,0.1017925273295202
1.12.0,core/src/main/java/org/apache/calcite/plan/RelOptRuleOperandChildren.java,0,0,0.13386908269353992
1.12.0,core/src/main/java/org/apache/calcite/plan/RelOptSamplingParameters.java,0,0,0.08058453590071786
1.12.0,core/src/main/java/org/apache/calcite/plan/RelOptSchema.java,0,0,0.15285866500899228
1.12.0,core/src/main/java/org/apache/calcite/plan/RelOptSchemaWithSampling.java,0,0,0.17015279166996827
1.12.0,core/src/main/java/org/apache/calcite/plan/RelTrait.java,0,0,0.16218167541745146
1.12.0,core/src/main/java/org/apache/calcite/plan/RelTraitPropagationVisitor.java,0,0,0.465590137789942
1.12.0,core/src/main/java/org/apache/calcite/plan/RelTraitSet.java,0,1,0.6671440173107337
1.12.0,core/src/main/java/org/apache/calcite/plan/TableAccessMap.java,0,0,0.16218167541745146
1.12.0,core/src/main/java/org/apache/calcite/prepare/QueryableRelBuilder.java,0,1,0.6090510990953771
1.12.0,core/src/main/java/org/apache/calcite/rel/InvalidRelException.java,0,0,0.1371969113163863
1.12.0,core/src/main/java/org/apache/calcite/rel/RelCollation.java,0,0,0.16218167541745146
1.12.0,core/src/main/java/org/apache/calcite/rel/RelCollationImpl.java,0,1,0.6277416033745956
1.12.0,core/src/main/java/org/apache/calcite/rel/RelCollations.java,0,0,0.28696122524773937
1.12.0,core/src/main/java/org/apache/calcite/rel/RelDistribution.java,0,0,0.1017925273295202
1.12.0,core/src/main/java/org/apache/calcite/rel/RelDistributions.java,0,0,0.3208540261532437
1.12.0,core/src/main/java/org/apache/calcite/rel/RelDistributionTraitDef.java,0,0,0.15139754611531
1.12.0,core/src/main/java/org/apache/calcite/rel/RelFieldCollation.java,0,0,0.3440697861925003
1.12.0,core/src/main/java/org/apache/calcite/rel/RelInput.java,0,0,0.13021591216023726
1.12.0,core/src/main/java/org/apache/calcite/rel/RelNodes.java,0,0,0.4777432352884181
1.12.0,core/src/main/java/org/apache/calcite/rel/RelVisitor.java,0,0,0.08865336063898255
1.12.0,core/src/main/java/org/apache/calcite/rel/RelWriter.java,0,0,0.16218167541745146
1.12.0,core/src/main/java/org/apache/calcite/rel/SingleRel.java,0,0,0.3045315601887099
1.12.0,core/src/main/java/org/apache/calcite/rex/RexAction.java,0,0,0.17015279166996827
1.12.0,core/src/main/java/org/apache/calcite/rex/RexCopier.java,0,0,0.1497208326814354
1.12.0,core/src/main/java/org/apache/calcite/rex/RexCorrelVariable.java,0,0,0.13062128493193242
1.12.0,core/src/main/java/org/apache/calcite/rex/RexDynamicParam.java,0,0,0.12087776181491265
1.12.0,core/src/main/java/org/apache/calcite/rex/RexFieldAccess.java,0,0,0.327493337441337
1.12.0,core/src/main/java/org/apache/calcite/rex/RexFieldCollation.java,0,0,0.4448747863077401
1.12.0,core/src/main/java/org/apache/calcite/rex/RexInputRef.java,0,0,0.4004495794412509
1.12.0,core/src/main/java/org/apache/calcite/rex/RexLocalRef.java,0,0,0.4782160604224713
1.12.0,core/src/main/java/org/apache/calcite/rex/RexMultisetUtil.java,0,0,0.20448233115593417
1.12.0,core/src/main/java/org/apache/calcite/rex/RexNode.java,0,0,0.4519078836383641
1.12.0,core/src/main/java/org/apache/calcite/rex/RexPattern.java,0,0,0.16218167541745146
1.12.0,core/src/main/java/org/apache/calcite/rex/RexPermutationShuttle.java,0,0,0.16218167541745146
1.12.0,core/src/main/java/org/apache/calcite/rex/RexPermuteInputsShuttle.java,0,0,0.31634025542020744
1.12.0,core/src/main/java/org/apache/calcite/rex/RexRangeRef.java,0,0,0.15758307890169904
1.12.0,core/src/main/java/org/apache/calcite/rex/RexSlot.java,0,0,0.4551975534286284
1.12.0,core/src/main/java/org/apache/calcite/rex/RexSqlConvertlet.java,0,0,0.16218167541745146
1.12.0,core/src/main/java/org/apache/calcite/rex/RexSqlConvertletTable.java,0,0,0.16218167541745146
1.12.0,core/src/main/java/org/apache/calcite/rex/RexSqlReflectiveConvertletTable.java,0,0,0.2681574794333129
1.12.0,core/src/main/java/org/apache/calcite/rex/RexSubQuery.java,0,1,0.6331875404164494
1.12.0,core/src/main/java/org/apache/calcite/rex/RexToSqlNodeConverter.java,0,0,0.16218167541745146
1.12.0,core/src/main/java/org/apache/calcite/rex/RexToSqlNodeConverterImpl.java,0,0,0.21925647808736978
1.12.0,core/src/main/java/org/apache/calcite/rex/RexTransformer.java,0,1,0.5323934522832715
1.12.0,core/src/main/java/org/apache/calcite/rex/RexVariable.java,0,0,0.48521918948012716
1.12.0,core/src/main/java/org/apache/calcite/rex/RexWindow.java,0,1,0.6748654577040268
1.12.0,core/src/main/java/org/apache/calcite/rex/RexWindowBound.java,0,0,0.48128492594680045
1.12.0,core/src/main/java/org/apache/calcite/runtime/AbstractImmutableList.java,0,0,0.45712424458755035
1.12.0,core/src/main/java/org/apache/calcite/runtime/ArrayBindable.java,0,0,0.16218167541745146
1.12.0,core/src/main/java/org/apache/calcite/runtime/ArrayComparator.java,0,0,0.13687259988765194
1.12.0,core/src/main/java/org/apache/calcite/runtime/ArrayEnumeratorCursor.java,0,0,0.16218167541745146
1.12.0,core/src/main/java/org/apache/calcite/runtime/BinarySearch.java,0,1,0.584159099231555
1.12.0,core/src/main/java/org/apache/calcite/runtime/Bindable.java,0,0,0.16218167541745146
1.12.0,core/src/main/java/org/apache/calcite/runtime/CalciteContextException.java,0,0,0.2724233973486553
1.12.0,core/src/main/java/org/apache/calcite/runtime/CalciteException.java,0,0,0.1017925273295202
1.12.0,core/src/main/java/org/apache/calcite/runtime/ConsList.java,0,0,0.48622131258994644
1.12.0,core/src/main/java/org/apache/calcite/runtime/Enumerables.java,0,0,0.14617505099714725
1.12.0,core/src/main/java/org/apache/calcite/runtime/EnumeratorCursor.java,0,0,0.16218167541745146
1.12.0,core/src/main/java/org/apache/calcite/runtime/Feature.java,0,0,0.1017925273295202
1.12.0,core/src/main/java/org/apache/calcite/runtime/ObjectEnumeratorCursor.java,0,0,0.09803020420011728
1.12.0,core/src/main/java/org/apache/calcite/runtime/RecordEnumeratorCursor.java,0,0,0.16218167541745146
1.12.0,core/src/main/java/org/apache/calcite/runtime/SocketFactoryImpl.java,0,0,0.15285866500899228
1.12.0,core/src/main/java/org/apache/calcite/runtime/SortedMultiMap.java,0,1,0.5605627104968481
1.12.0,core/src/main/java/org/apache/calcite/runtime/TrustAllSslSocketFactory.java,0,0,0.14959074307160547
1.12.0,core/src/main/java/org/apache/calcite/runtime/Typed.java,0,0,0.16218167541745146
1.12.0,core/src/main/java/org/apache/calcite/runtime/Unit.java,0,0,0.090792911825726
1.12.0,core/src/main/java/org/apache/calcite/runtime/Utilities.java,0,0,0.32613758887860145
1.12.0,core/src/main/java/org/apache/calcite/schema/AggregateFunction.java,0,0,0.16218167541745146
1.12.0,core/src/main/java/org/apache/calcite/schema/FilterableTable.java,0,0,0.16218167541745146
1.12.0,core/src/main/java/org/apache/calcite/schema/Function.java,0,0,0.16218167541745146
1.12.0,core/src/main/java/org/apache/calcite/schema/FunctionParameter.java,0,0,0.1017925273295202
1.12.0,core/src/main/java/org/apache/calcite/schema/ImplementableAggFunction.java,0,0,0.16218167541745146
1.12.0,core/src/main/java/org/apache/calcite/schema/ImplementableFunction.java,0,0,0.16218167541745146
1.12.0,core/src/main/java/org/apache/calcite/schema/Member.java,0,0,0.16218167541745146
1.12.0,core/src/main/java/org/apache/calcite/schema/ModifiableView.java,0,0,0.16218167541745146
1.12.0,core/src/main/java/org/apache/calcite/schema/Path.java,0,0,0.13021591216023726
1.12.0,core/src/main/java/org/apache/calcite/schema/ProjectableFilterableTable.java,0,0,0.17015279166996827
1.12.0,core/src/main/java/org/apache/calcite/schema/QueryableTable.java,0,0,0.16218167541745146
1.12.0,core/src/main/java/org/apache/calcite/schema/ScalarFunction.java,0,0,0.16218167541745146
1.12.0,core/src/main/java/org/apache/calcite/schema/ScannableTable.java,0,0,0.16218167541745146
1.12.0,core/src/main/java/org/apache/calcite/schema/Schema.java,0,0,0.1017925273295202
1.12.0,core/src/main/java/org/apache/calcite/schema/SchemaFactory.java,0,0,0.28087110134943766
1.12.0,core/src/main/java/org/apache/calcite/schema/SchemaPlus.java,0,0,0.16218167541745146
1.12.0,core/src/main/java/org/apache/calcite/schema/SemiMutableSchema.java,0,0,0.16218167541745146
1.12.0,core/src/main/java/org/apache/calcite/schema/Statistic.java,0,0,0.16218167541745146
1.12.0,core/src/main/java/org/apache/calcite/schema/Statistics.java,0,0,0.4196664593779522
1.12.0,core/src/main/java/org/apache/calcite/schema/StreamableTable.java,0,0,0.16218167541745146
1.12.0,core/src/main/java/org/apache/calcite/schema/TableFactory.java,0,0,0.16218167541745146
1.12.0,core/src/main/java/org/apache/calcite/schema/TableFunction.java,0,0,0.16218167541745146
1.12.0,core/src/main/java/org/apache/calcite/schema/TableMacro.java,0,0,0.16218167541745146
1.12.0,core/src/main/java/org/apache/calcite/server/CalciteServer.java,0,0,0.16218167541745146
1.12.0,core/src/main/java/org/apache/calcite/server/CalciteServerStatement.java,0,0,0.16218167541745146
1.12.0,core/src/main/java/org/apache/calcite/sql/ExplicitOperatorBinding.java,0,0,0.14703573129054728
1.12.0,core/src/main/java/org/apache/calcite/sql/JoinConditionType.java,0,0,0.1017925273295202
1.12.0,core/src/main/java/org/apache/calcite/sql/SqlAbstractDateTimeLiteral.java,0,0,0.1521248037134258
1.12.0,core/src/main/java/org/apache/calcite/sql/SqlAbstractStringLiteral.java,0,0,0.1017925273295202
1.12.0,core/src/main/java/org/apache/calcite/sql/SqlAccessEnum.java,0,0,0.1017925273295202
1.12.0,core/src/main/java/org/apache/calcite/sql/SqlAsOperator.java,0,1,0.5091406009757631
1.12.0,core/src/main/java/org/apache/calcite/sql/SqlBinaryOperator.java,0,1,0.6778504585821867
1.12.0,core/src/main/java/org/apache/calcite/sql/SqlBinaryStringLiteral.java,0,0,0.3327434768003428
1.12.0,core/src/main/java/org/apache/calcite/sql/SqlCharStringLiteral.java,0,1,0.5008378497572971
1.12.0,core/src/main/java/org/apache/calcite/sql/SqlDateLiteral.java,0,0,0.3129648064729542
1.12.0,core/src/main/java/org/apache/calcite/sql/SqlDelete.java,0,0,0.3043103198554508
1.12.0,core/src/main/java/org/apache/calcite/sql/SqlDynamicParam.java,0,0,0.18034425385072556
1.12.0,core/src/main/java/org/apache/calcite/sql/SqlExplainLevel.java,0,0,0.1017925273295202
1.12.0,core/src/main/java/org/apache/calcite/sql/SqlFunctionalOperator.java,0,0,0.1017925273295202
1.12.0,core/src/main/java/org/apache/calcite/sql/SqlInfixOperator.java,0,0,0.23852294051350734
1.12.0,core/src/main/java/org/apache/calcite/sql/SqlInsertKeyword.java,0,0,0.1017925273295202
1.12.0,core/src/main/java/org/apache/calcite/sql/SqlInternalOperator.java,0,0,0.09914372970218904
1.12.0,core/src/main/java/org/apache/calcite/sql/SqlJoin.java,0,0,0.466729944843444
1.12.0,core/src/main/java/org/apache/calcite/sql/SqlMerge.java,0,0,0.3876849116542783
1.12.0,core/src/main/java/org/apache/calcite/sql/SqlNodeList.java,0,1,0.5865564536736182
1.12.0,core/src/main/java/org/apache/calcite/sql/SqlNullSemantics.java,0,0,0.16218167541745146
1.12.0,core/src/main/java/org/apache/calcite/sql/SqlNumericLiteral.java,0,0,0.3962506766307495
1.12.0,core/src/main/java/org/apache/calcite/sql/SqlOperandCountRange.java,0,0,0.16218167541745146
1.12.0,core/src/main/java/org/apache/calcite/sql/SqlOperatorBinding.java,0,0,0.14075002660202995
1.12.0,core/src/main/java/org/apache/calcite/sql/SqlOperatorTable.java,0,0,0.16218167541745146
1.12.0,core/src/main/java/org/apache/calcite/sql/SqlOrderBy.java,0,1,0.521876624070983
1.12.0,core/src/main/java/org/apache/calcite/sql/SqlProcedureCallOperator.java,0,0,0.12334669852847263
1.12.0,core/src/main/java/org/apache/calcite/sql/SqlRankFunction.java,0,0,0.1017925273295202
1.12.0,core/src/main/java/org/apache/calcite/sql/SqlSampleSpec.java,0,1,0.6240967039034702
1.12.0,core/src/main/java/org/apache/calcite/sql/SqlSelectKeyword.java,0,0,0.1017925273295202
1.12.0,core/src/main/java/org/apache/calcite/sql/SqlSelectOperator.java,0,0,0.49319798192790787
1.12.0,core/src/main/java/org/apache/calcite/sql/SqlSetOperator.java,0,0,0.16217020993018835
1.12.0,core/src/main/java/org/apache/calcite/sql/SqlSplittableAggFunction.java,1,0,0.3881495714874081
1.12.0,core/src/main/java/org/apache/calcite/sql/SqlTimeLiteral.java,0,0,0.47903846127074773
1.12.0,core/src/main/java/org/apache/calcite/sql/SqlTimestampLiteral.java,0,1,0.5043891999098649
1.12.0,core/src/main/java/org/apache/calcite/sql/SqlUnnestOperator.java,0,0,0.4875334380637468
1.12.0,core/src/main/java/org/apache/calcite/sql/SqlUnresolvedFunction.java,0,0,0.11019326557511963
1.12.0,core/src/main/java/org/apache/calcite/sql/SqlUpdate.java,0,0,0.3513079633750201
1.12.0,core/src/main/java/org/apache/calcite/sql/SqlWith.java,0,0,0.3731507156915002
1.12.0,core/src/main/java/org/apache/calcite/sql/SqlWithItem.java,0,0,0.2373874737219001
1.12.0,core/src/main/java/org/apache/calcite/sql2rel/CorrelationReferenceFinder.java,0,0,0.43764453495458183
1.12.0,core/src/main/java/org/apache/calcite/sql2rel/DeduplicateCorrelateVariables.java,0,0,0.4101059467668453
1.12.0,core/src/main/java/org/apache/calcite/sql2rel/SqlNodeToRexConverter.java,0,0,0.16218167541745146
1.12.0,core/src/main/java/org/apache/calcite/sql2rel/SqlRexContext.java,0,0,0.2830057287741455
1.12.0,core/src/main/java/org/apache/calcite/sql2rel/SqlRexConvertlet.java,0,0,0.16218167541745146
1.12.0,core/src/main/java/org/apache/calcite/sql2rel/SqlRexConvertletTable.java,0,0,0.16218167541745146
1.12.0,core/src/main/java/org/apache/calcite/tools/RelBuilderFactory.java,0,0,0.16218167541745146
1.12.0,core/src/main/java/org/apache/calcite/tools/RelConversionException.java,0,0,0.16218167541745146
1.12.0,core/src/main/java/org/apache/calcite/tools/RelRunner.java,0,0,0.16218167541745146
1.12.0,core/src/main/java/org/apache/calcite/tools/RuleSet.java,0,0,0.16218167541745146
1.12.0,core/src/main/java/org/apache/calcite/tools/RuleSets.java,0,0,0.21889092844179522
1.12.0,core/src/main/java/org/apache/calcite/tools/ValidationException.java,0,0,0.1433460154696774
1.12.0,core/src/main/java/org/apache/calcite/util/BarfingInvocationHandler.java,0,0,0.21707926975331895
1.12.0,core/src/main/java/org/apache/calcite/util/BasicDatetime.java,0,0,0.16218167541745146
1.12.0,core/src/main/java/org/apache/calcite/util/Benchmark.java,0,0,0.36977668827016064
1.12.0,core/src/main/java/org/apache/calcite/util/BitSets.java,0,1,0.5563381978636006
1.12.0,core/src/main/java/org/apache/calcite/util/BitString.java,0,1,0.5254684642019688
1.12.0,core/src/main/java/org/apache/calcite/util/CalciteParserException.java,0,0,0.16218167541745146
1.12.0,core/src/main/java/org/apache/calcite/util/CalciteValidatorException.java,0,0,0.16218167541745146
1.12.0,core/src/main/java/org/apache/calcite/util/CastingList.java,0,0,0.129297455580587
1.12.0,core/src/main/java/org/apache/calcite/util/ChunkList.java,0,1,0.6838191855222193
1.12.0,core/src/main/java/org/apache/calcite/util/ClosableAllocation.java,0,0,0.16218167541745146
1.12.0,core/src/main/java/org/apache/calcite/util/ClosableAllocationOwner.java,0,0,0.16218167541745146
1.12.0,core/src/main/java/org/apache/calcite/util/CompatibleGuava11.java,0,0,0.16958449911859236
1.12.0,core/src/main/java/org/apache/calcite/util/CompositeMap.java,0,1,0.5176532921094967
1.12.0,core/src/main/java/org/apache/calcite/util/CompoundClosableAllocation.java,0,0,0.16218167541745146
1.12.0,core/src/main/java/org/apache/calcite/util/ControlFlowException.java,0,0,0.1017925273295202
1.12.0,core/src/main/java/org/apache/calcite/util/DelegatingInvocationHandler.java,0,0,0.17015279166996827
1.12.0,core/src/main/java/org/apache/calcite/util/Filterator.java,0,1,0.5277895984532233
1.12.0,core/src/main/java/org/apache/calcite/util/Glossary.java,0,0,0.17015279166996827
1.12.0,core/src/main/java/org/apache/calcite/util/Holder.java,0,0,0.08058453590071786
1.12.0,core/src/main/java/org/apache/calcite/util/ImmutableNullableList.java,0,0,0.45275527512916874
1.12.0,core/src/main/java/org/apache/calcite/util/IntegerIntervalSet.java,0,0,0.4320948460478573
1.12.0,core/src/main/java/org/apache/calcite/util/IntList.java,0,0,0.13687259988765194
1.12.0,core/src/main/java/org/apache/calcite/util/JsonBuilder.java,0,1,0.5183130924894808
1.12.0,core/src/main/java/org/apache/calcite/util/Litmus.java,0,0,0.33563388867258365
1.12.0,core/src/main/java/org/apache/calcite/util/PartiallyOrderedSet.java,0,1,0.7539580776171922
1.12.0,core/src/main/java/org/apache/calcite/util/Permutation.java,0,0,0.24762624981525122
1.12.0,core/src/main/java/org/apache/calcite/util/ReflectiveVisitDispatcher.java,0,0,0.16218167541745146
1.12.0,core/src/main/java/org/apache/calcite/util/ReflectiveVisitor.java,0,0,0.16218167541745146
1.12.0,core/src/main/java/org/apache/calcite/util/SerializableCharset.java,0,0,0.4488822953962957
1.12.0,core/src/main/java/org/apache/calcite/util/Stacks.java,0,0,0.17015279166996827
1.12.0,core/src/main/java/org/apache/calcite/util/StackWriter.java,0,0,0.17015279166996827
1.12.0,core/src/main/java/org/apache/calcite/util/Static.java,0,0,0.11869502032300375
1.12.0,core/src/main/java/org/apache/calcite/util/TryThreadLocal.java,0,0,0.2854622343522331
1.12.0,core/src/main/java/org/apache/calcite/util/UnmodifiableArrayList.java,0,0,0.08953281331893924
1.12.0,core/src/main/java/org/apache/calcite/util/XmlOutput.java,0,1,0.5249586158788014
1.12.0,core/src/main/java/org/apache/calcite/util/ZonelessDate.java,0,0,0.2904227832180833
1.12.0,core/src/main/java/org/apache/calcite/util/ZonelessTime.java,0,0,0.2119423605764963
1.12.0,core/src/main/java/org/apache/calcite/adapter/clone/ArrayTable.java,0,1,0.8514146687856753
1.12.0,core/src/main/java/org/apache/calcite/adapter/clone/CloneSchema.java,0,0,0.4490029898935174
1.12.0,core/src/main/java/org/apache/calcite/adapter/clone/ColumnLoader.java,0,1,0.6522413053748725
1.12.0,core/src/main/java/org/apache/calcite/adapter/clone/ListTable.java,0,0,0.16218167541745146
1.12.0,core/src/main/java/org/apache/calcite/adapter/enumerable/AggAddContext.java,0,0,0.16218167541745146
1.12.0,core/src/main/java/org/apache/calcite/adapter/enumerable/AggContext.java,0,0,0.16218167541745146
1.12.0,core/src/main/java/org/apache/calcite/adapter/enumerable/AggImplementor.java,0,0,0.16218167541745146
1.12.0,core/src/main/java/org/apache/calcite/adapter/enumerable/AggImpState.java,0,1,0.5207161398773359
1.12.0,core/src/main/java/org/apache/calcite/adapter/enumerable/AggResetContext.java,0,0,0.16218167541745146
1.12.0,core/src/main/java/org/apache/calcite/adapter/enumerable/AggResultContext.java,0,0,0.16218167541745146
1.12.0,core/src/main/java/org/apache/calcite/adapter/enumerable/CallImplementor.java,0,0,0.16218167541745146
1.12.0,core/src/main/java/org/apache/calcite/adapter/enumerable/EnumerableAggregate.java,0,1,0.6409017848115294
1.12.0,core/src/main/java/org/apache/calcite/adapter/enumerable/EnumerableAggregateRule.java,0,0,0.1017925273295202
1.12.0,core/src/main/java/org/apache/calcite/adapter/enumerable/EnumerableBindable.java,0,0,0.16218167541745146
1.12.0,core/src/main/java/org/apache/calcite/adapter/enumerable/EnumerableCalcRule.java,0,0,0.09723515181342463
1.12.0,core/src/main/java/org/apache/calcite/adapter/enumerable/EnumerableCollect.java,0,0,0.3735133558935548
1.12.0,core/src/main/java/org/apache/calcite/adapter/enumerable/EnumerableCollectRule.java,0,0,0.1017925273295202
1.12.0,core/src/main/java/org/apache/calcite/adapter/enumerable/EnumerableCorrelate.java,0,0,0.4628751199093129
1.12.0,core/src/main/java/org/apache/calcite/adapter/enumerable/EnumerableCorrelateRule.java,0,0,0.1017925273295202
1.12.0,core/src/main/java/org/apache/calcite/adapter/enumerable/EnumerableFilter.java,0,0,0.33355259810370363
1.12.0,core/src/main/java/org/apache/calcite/adapter/enumerable/EnumerableFilterRule.java,0,0,0.1017925273295202
1.12.0,core/src/main/java/org/apache/calcite/adapter/enumerable/EnumerableFilterToCalcRule.java,0,0,0.1017925273295202
1.12.0,core/src/main/java/org/apache/calcite/adapter/enumerable/EnumerableInterpretable.java,0,0,0.37321526001393157
1.12.0,core/src/main/java/org/apache/calcite/adapter/enumerable/EnumerableInterpreter.java,0,0,0.4227013684399829
1.12.0,core/src/main/java/org/apache/calcite/adapter/enumerable/EnumerableInterpreterRule.java,0,0,0.10717524182716633
1.12.0,core/src/main/java/org/apache/calcite/adapter/enumerable/EnumerableIntersectRule.java,0,0,0.370504734605837
1.12.0,core/src/main/java/org/apache/calcite/adapter/enumerable/EnumerableJoin.java,0,0,0.45792434668731075
1.12.0,core/src/main/java/org/apache/calcite/adapter/enumerable/EnumerableJoinRule.java,0,0,0.4094353519495892
1.12.0,core/src/main/java/org/apache/calcite/adapter/enumerable/EnumerableLimit.java,0,0,0.47427791867225744
1.12.0,core/src/main/java/org/apache/calcite/adapter/enumerable/EnumerableLimitRule.java,0,0,0.4634092166680693
1.12.0,core/src/main/java/org/apache/calcite/adapter/enumerable/EnumerableMergeJoinRule.java,0,0,0.4993872669849199
1.12.0,core/src/main/java/org/apache/calcite/adapter/enumerable/EnumerableMinusRule.java,0,0,0.3760315502472887
1.12.0,core/src/main/java/org/apache/calcite/adapter/enumerable/EnumerableProject.java,0,0,0.29740262760367653
1.12.0,core/src/main/java/org/apache/calcite/adapter/enumerable/EnumerableProjectRule.java,0,0,0.1017925273295202
1.12.0,core/src/main/java/org/apache/calcite/adapter/enumerable/EnumerableProjectToCalcRule.java,0,0,0.1017925273295202
1.12.0,core/src/main/java/org/apache/calcite/adapter/enumerable/EnumerableRules.java,0,0,0.11280684284431049
1.12.0,core/src/main/java/org/apache/calcite/adapter/enumerable/EnumerableSemiJoin.java,0,0,0.4135393863825985
1.12.0,core/src/main/java/org/apache/calcite/adapter/enumerable/EnumerableSemiJoinRule.java,0,0,0.4634092166680693
1.12.0,core/src/main/java/org/apache/calcite/adapter/enumerable/EnumerableSort.java,0,0,0.40044204778776354
1.12.0,core/src/main/java/org/apache/calcite/adapter/enumerable/EnumerableSortRule.java,0,0,0.4634092166680693
1.12.0,core/src/main/java/org/apache/calcite/adapter/enumerable/EnumerableTableFunctionScan.java,1,1,0.5024501581342158
1.12.0,core/src/main/java/org/apache/calcite/adapter/enumerable/EnumerableTableFunctionScanRule.java,0,0,0.1017925273295202
1.12.0,core/src/main/java/org/apache/calcite/adapter/enumerable/EnumerableTableScanRule.java,0,0,0.4634092166680693
1.12.0,core/src/main/java/org/apache/calcite/adapter/enumerable/EnumerableThetaJoin.java,0,1,0.5286792252660683
1.12.0,core/src/main/java/org/apache/calcite/adapter/enumerable/EnumerableUncollect.java,0,0,0.48252352160446693
1.12.0,core/src/main/java/org/apache/calcite/adapter/enumerable/EnumerableUncollectRule.java,0,0,0.1017925273295202
1.12.0,core/src/main/java/org/apache/calcite/adapter/enumerable/EnumerableUnionRule.java,0,0,0.1017925273295202
1.12.0,core/src/main/java/org/apache/calcite/adapter/enumerable/EnumerableValues.java,0,0,0.4020591251107863
1.12.0,core/src/main/java/org/apache/calcite/adapter/enumerable/EnumerableValuesRule.java,0,0,0.1017925273295202
1.12.0,core/src/main/java/org/apache/calcite/adapter/enumerable/EnumerableWindowRule.java,0,0,0.1017925273295202
1.12.0,core/src/main/java/org/apache/calcite/adapter/enumerable/EnumUtils.java,0,1,0.6101000075007974
1.12.0,core/src/main/java/org/apache/calcite/adapter/enumerable/JavaRelImplementor.java,0,0,0.38812594933651756
1.12.0,core/src/main/java/org/apache/calcite/adapter/enumerable/NestedBlockBuilder.java,0,0,0.16218167541745146
1.12.0,core/src/main/java/org/apache/calcite/adapter/enumerable/NestedBlockBuilderImpl.java,0,0,0.43851794218628565
1.12.0,core/src/main/java/org/apache/calcite/adapter/enumerable/NotNullImplementor.java,0,0,0.16218167541745146
1.12.0,core/src/main/java/org/apache/calcite/adapter/enumerable/NullPolicy.java,0,0,0.1017925273295202
1.12.0,core/src/main/java/org/apache/calcite/adapter/enumerable/StrictAggImplementor.java,0,0,0.4659437880118946
1.12.0,core/src/main/java/org/apache/calcite/adapter/enumerable/StrictWinAggImplementor.java,0,0,0.17121835154869336
1.12.0,core/src/main/java/org/apache/calcite/adapter/enumerable/WinAggAddContext.java,0,0,0.16218167541745146
1.12.0,core/src/main/java/org/apache/calcite/adapter/enumerable/WinAggContext.java,0,0,0.16218167541745146
1.12.0,core/src/main/java/org/apache/calcite/adapter/enumerable/WinAggFrameContext.java,0,0,0.16218167541745146
1.12.0,core/src/main/java/org/apache/calcite/adapter/enumerable/WinAggFrameResultContext.java,0,0,0.16218167541745146
1.12.0,core/src/main/java/org/apache/calcite/adapter/enumerable/WinAggImplementor.java,0,0,0.1017925273295202
1.12.0,core/src/main/java/org/apache/calcite/adapter/enumerable/WinAggResetContext.java,0,0,0.16218167541745146
1.12.0,core/src/main/java/org/apache/calcite/adapter/enumerable/WinAggResultContext.java,0,0,0.16218167541745146
1.12.0,core/src/main/java/org/apache/calcite/adapter/java/AbstractQueryableTable.java,0,0,0.1017925273295202
1.12.0,core/src/main/java/org/apache/calcite/adapter/java/Array.java,0,0,0.16218167541745146
1.12.0,core/src/main/java/org/apache/calcite/adapter/java/JavaTypeFactory.java,0,0,0.16218167541745146
1.12.0,core/src/main/java/org/apache/calcite/adapter/java/Map.java,0,0,0.16218167541745146
1.12.0,core/src/main/java/org/apache/calcite/adapter/jdbc/JdbcConvention.java,0,0,0.4004495794412509
1.12.0,core/src/main/java/org/apache/calcite/adapter/jdbc/JdbcQueryProvider.java,0,0,0.16218167541745146
1.12.0,core/src/main/java/org/apache/calcite/adapter/jdbc/JdbcRel.java,0,0,0.16218167541745146
1.12.0,core/src/main/java/org/apache/calcite/adapter/jdbc/JdbcToEnumerableConverter.java,0,0,0.4974869985570051
1.12.0,core/src/main/java/org/apache/calcite/adapter/jdbc/JdbcToEnumerableConverterRule.java,0,0,0.1017925273295202
1.12.0,core/src/main/java/org/apache/calcite/adapter/jdbc/JdbcUtils.java,0,1,0.5601556912073541
1.12.0,core/src/main/java/org/apache/calcite/plan/hep/HepInstruction.java,0,0,0.46361832749347126
1.12.0,core/src/main/java/org/apache/calcite/plan/hep/HepMatchOrder.java,0,0,0.1017925273295202
1.12.0,core/src/main/java/org/apache/calcite/plan/hep/HepProgram.java,0,1,0.5408252554576072
1.12.0,core/src/main/java/org/apache/calcite/plan/hep/HepProgramBuilder.java,0,0,0.40783490144418455
1.12.0,core/src/main/java/org/apache/calcite/plan/hep/HepRelMetadataProvider.java,0,0,0.1531148244975235
1.12.0,core/src/main/java/org/apache/calcite/plan/hep/HepRelVertex.java,0,0,0.24868869541014021
1.12.0,core/src/main/java/org/apache/calcite/plan/hep/HepRuleCall.java,0,0,0.14068231598582454
1.12.0,core/src/main/java/org/apache/calcite/plan/volcano/AbstractConverter.java,0,0,0.4477297200048369
1.12.0,core/src/main/java/org/apache/calcite/plan/volcano/ChainedPhaseRuleMappingInitializer.java,0,0,0.16218167541745146
1.12.0,core/src/main/java/org/apache/calcite/plan/volcano/RelSubset.java,0,1,0.7763363155802128
1.12.0,core/src/main/java/org/apache/calcite/plan/volcano/VolcanoCost.java,0,1,0.5283493677103127
1.12.0,core/src/main/java/org/apache/calcite/plan/volcano/VolcanoPlannerPhase.java,0,0,0.1017925273295202
1.12.0,core/src/main/java/org/apache/calcite/plan/volcano/VolcanoPlannerPhaseRuleMappingInitializer.java,0,0,0.16218167541745146
1.12.0,core/src/main/java/org/apache/calcite/plan/volcano/VolcanoRelMetadataProvider.java,0,0,0.16218167541745146
1.12.0,core/src/main/java/org/apache/calcite/rel/convert/Converter.java,0,0,0.16218167541745146
1.12.0,core/src/main/java/org/apache/calcite/rel/convert/ConverterRule.java,0,0,0.47768323409274754
1.12.0,core/src/main/java/org/apache/calcite/rel/convert/NoneConverter.java,0,0,0.16218167541745146
1.12.0,core/src/main/java/org/apache/calcite/rel/convert/TraitMatchingRule.java,0,0,0.16218167541745146
1.12.0,core/src/main/java/org/apache/calcite/rel/core/AggregateCall.java,0,1,0.5710418120802349
1.12.0,core/src/main/java/org/apache/calcite/rel/core/Collect.java,0,0,0.33983505362803207
1.12.0,core/src/main/java/org/apache/calcite/rel/core/CorrelationId.java,0,0,0.23346817597765632
1.12.0,core/src/main/java/org/apache/calcite/rel/core/EquiJoin.java,0,0,0.10253144297968508
1.12.0,core/src/main/java/org/apache/calcite/rel/core/Exchange.java,0,0,0.39399516946989366
1.12.0,core/src/main/java/org/apache/calcite/rel/core/Intersect.java,0,0,0.14906862493183426
1.12.0,core/src/main/java/org/apache/calcite/rel/core/JoinInfo.java,0,0,0.3280363623447983
1.12.0,core/src/main/java/org/apache/calcite/rel/core/Minus.java,0,0,0.13103857718002837
1.12.0,core/src/main/java/org/apache/calcite/rel/core/Sample.java,0,0,0.40926926785762074
1.12.0,core/src/main/java/org/apache/calcite/rel/core/SortExchange.java,0,0,0.16218167541745146
1.12.0,core/src/main/java/org/apache/calcite/rel/core/TableFunctionScan.java,0,0,0.31367551778991426
1.12.0,core/src/main/java/org/apache/calcite/rel/core/Uncollect.java,0,0,0.4326572987171005
1.12.0,core/src/main/java/org/apache/calcite/rel/core/Union.java,0,0,0.14637956924843432
1.12.0,core/src/main/java/org/apache/calcite/rel/externalize/RelWriterImpl.java,0,1,0.5764950505589017
1.12.0,core/src/main/java/org/apache/calcite/rel/externalize/RelXmlWriter.java,0,0,0.3326425374812362
1.12.0,core/src/main/java/org/apache/calcite/rel/logical/LogicalAggregate.java,0,0,0.32202885941852927
1.12.0,core/src/main/java/org/apache/calcite/rel/logical/LogicalCalc.java,0,0,0.11616440267869263
1.12.0,core/src/main/java/org/apache/calcite/rel/logical/LogicalExchange.java,0,0,0.40866221867501307
1.12.0,core/src/main/java/org/apache/calcite/rel/logical/LogicalFilter.java,0,0,0.37986441749684713
1.12.0,core/src/main/java/org/apache/calcite/rel/logical/LogicalIntersect.java,0,0,0.10305983841158849
1.12.0,core/src/main/java/org/apache/calcite/rel/logical/LogicalJoin.java,0,0,0.2771240932012824
1.12.0,core/src/main/java/org/apache/calcite/rel/logical/LogicalMinus.java,0,0,0.2989375977476033
1.12.0,core/src/main/java/org/apache/calcite/rel/logical/LogicalSort.java,0,0,0.33206677812590313
1.12.0,core/src/main/java/org/apache/calcite/rel/logical/LogicalTableFunctionScan.java,0,0,0.30427307112493973
1.12.0,core/src/main/java/org/apache/calcite/rel/logical/LogicalTableScan.java,0,0,0.43686357205401954
1.12.0,core/src/main/java/org/apache/calcite/rel/logical/LogicalUnion.java,0,0,0.2989375977476033
1.12.0,core/src/main/java/org/apache/calcite/rel/logical/LogicalValues.java,0,0,0.3330103521482978
1.12.0,core/src/main/java/org/apache/calcite/rel/metadata/CyclicMetadataException.java,0,0,0.10717524182716633
1.12.0,core/src/main/java/org/apache/calcite/rel/metadata/Metadata.java,0,0,0.16218167541745146
1.12.0,core/src/main/java/org/apache/calcite/rel/metadata/MetadataDef.java,0,1,0.5916250391130421
1.12.0,core/src/main/java/org/apache/calcite/rel/metadata/MetadataFactory.java,0,0,0.16218167541745146
1.12.0,core/src/main/java/org/apache/calcite/rel/metadata/MetadataHandler.java,0,0,0.16218167541745146
1.12.0,core/src/main/java/org/apache/calcite/rel/metadata/NullSentinel.java,0,0,0.4149000843852636
1.12.0,core/src/main/java/org/apache/calcite/rel/metadata/RelColumnMapping.java,0,0,0.17015279166996827
1.12.0,core/src/main/java/org/apache/calcite/rel/metadata/RelColumnOrigin.java,0,0,0.3906576016649407
1.12.0,core/src/main/java/org/apache/calcite/rel/metadata/RelMdCollation.java,1,1,0.5071566955399447
1.12.0,core/src/main/java/org/apache/calcite/rel/metadata/RelMdColumnOrigins.java,0,0,0.43847126987788315
1.12.0,core/src/main/java/org/apache/calcite/rel/metadata/RelMdDistinctRowCount.java,0,0,0.13903336875947003
1.12.0,core/src/main/java/org/apache/calcite/rel/metadata/RelMdDistribution.java,0,0,0.1539887089443355
1.12.0,core/src/main/java/org/apache/calcite/rel/metadata/RelMdExplainVisibility.java,0,0,0.12160805438267171
1.12.0,core/src/main/java/org/apache/calcite/rel/metadata/RelMdMemory.java,0,0,0.26005068131822207
1.12.0,core/src/main/java/org/apache/calcite/rel/metadata/RelMdParallelism.java,0,0,0.11886949018917926
1.12.0,core/src/main/java/org/apache/calcite/rel/metadata/RelMdPercentageOriginalRows.java,0,0,0.48035417784620144
1.12.0,core/src/main/java/org/apache/calcite/rel/metadata/RelMdPopulationSize.java,0,0,0.20467067519489907
1.12.0,core/src/main/java/org/apache/calcite/rel/metadata/RelMdRowCount.java,0,1,0.5025795477106375
1.12.0,core/src/main/java/org/apache/calcite/rel/metadata/RelMdSelectivity.java,0,0,0.43994541563682116
1.12.0,core/src/main/java/org/apache/calcite/rel/metadata/RelMdUniqueKeys.java,0,0,0.4249992652797592
1.12.0,core/src/main/java/org/apache/calcite/rel/metadata/RelMetadataProvider.java,0,0,0.16218167541745146
1.12.0,core/src/main/java/org/apache/calcite/rel/metadata/UnboundMetadata.java,0,0,0.16218167541745146
1.12.0,core/src/main/java/org/apache/calcite/rel/rules/AggregateProjectMergeRule.java,0,0,0.467877108935535
1.12.0,core/src/main/java/org/apache/calcite/rel/rules/AggregateRemoveRule.java,0,0,0.4919072743177966
1.12.0,core/src/main/java/org/apache/calcite/rel/rules/AggregateStarTableRule.java,0,0,0.491957283996973
1.12.0,core/src/main/java/org/apache/calcite/rel/rules/AggregateUnionAggregateRule.java,0,0,0.4709243328638223
1.12.0,core/src/main/java/org/apache/calcite/rel/rules/AggregateUnionTransposeRule.java,0,0,0.47455006099516384
1.12.0,core/src/main/java/org/apache/calcite/rel/rules/CalcMergeRule.java,0,1,0.5219118363650039
1.12.0,core/src/main/java/org/apache/calcite/rel/rules/CalcRemoveRule.java,0,0,0.12129744701187956
1.12.0,core/src/main/java/org/apache/calcite/rel/rules/CalcSplitRule.java,0,0,0.08897586587194019
1.12.0,core/src/main/java/org/apache/calcite/rel/rules/CoerceInputsRule.java,0,0,0.48485281600486063
1.12.0,core/src/main/java/org/apache/calcite/rel/rules/EquiJoin.java,0,0,0.16218167541745146
1.12.0,core/src/main/java/org/apache/calcite/rel/rules/FilterCalcMergeRule.java,0,0,0.12861192377688235
1.12.0,core/src/main/java/org/apache/calcite/rel/rules/FilterCorrelateRule.java,0,0,0.4803282923938332
1.12.0,core/src/main/java/org/apache/calcite/rel/rules/FilterJoinRule.java,0,0,0.4993060005523315
1.12.0,core/src/main/java/org/apache/calcite/rel/rules/FilterMergeRule.java,0,0,0.12227648025891052
1.12.0,core/src/main/java/org/apache/calcite/rel/rules/FilterMultiJoinMergeRule.java,0,0,0.08809825126185859
1.12.0,core/src/main/java/org/apache/calcite/rel/rules/FilterSetOpTransposeRule.java,0,0,0.4974454691190892
1.12.0,core/src/main/java/org/apache/calcite/rel/rules/FilterTableFunctionTransposeRule.java,0,0,0.17015279166996827
1.12.0,core/src/main/java/org/apache/calcite/rel/rules/FilterToCalcRule.java,0,0,0.10717524182716633
1.12.0,core/src/main/java/org/apache/calcite/rel/rules/JoinAddRedundantSemiJoinRule.java,0,0,0.46878130372302723
1.12.0,core/src/main/java/org/apache/calcite/rel/rules/JoinAssociateRule.java,0,0,0.3173011877910731
1.12.0,core/src/main/java/org/apache/calcite/rel/rules/JoinPushExpressionsRule.java,0,0,0.45470498443129587
1.12.0,core/src/main/java/org/apache/calcite/rel/rules/JoinPushThroughJoinRule.java,0,1,0.5492897504622077
1.12.0,core/src/main/java/org/apache/calcite/rel/rules/JoinPushTransitivePredicatesRule.java,0,1,0.6288120395702527
1.12.0,core/src/main/java/org/apache/calcite/rel/rules/JoinToCorrelateRule.java,0,0,0.16218167541745146
1.12.0,core/src/main/java/org/apache/calcite/rel/rules/JoinToMultiJoinRule.java,0,1,0.6159253244781847
1.12.0,core/src/main/java/org/apache/calcite/rel/rules/JoinUnionTransposeRule.java,0,1,0.5283879095607287
1.12.0,core/src/main/java/org/apache/calcite/rel/rules/LoptJoinTree.java,0,0,0.08808797473286246
1.12.0,core/src/main/java/org/apache/calcite/rel/rules/LoptMultiJoin.java,0,0,0.29819804068578587
1.12.0,core/src/main/java/org/apache/calcite/rel/rules/MultiJoin.java,0,0,0.4848615187730131
1.12.0,core/src/main/java/org/apache/calcite/rel/rules/MultiJoinProjectTransposeRule.java,0,0,0.16218167541745146
1.12.0,core/src/main/java/org/apache/calcite/rel/rules/ProjectCalcMergeRule.java,0,0,0.1505800684649289
1.12.0,core/src/main/java/org/apache/calcite/rel/rules/ProjectMergeRule.java,0,0,0.3861088574131045
1.12.0,core/src/main/java/org/apache/calcite/rel/rules/ProjectMultiJoinMergeRule.java,0,0,0.4777432352884181
1.12.0,core/src/main/java/org/apache/calcite/rel/rules/ProjectToCalcRule.java,0,0,0.10717524182716633
1.12.0,core/src/main/java/org/apache/calcite/rel/rules/ProjectWindowTransposeRule.java,0,0,0.4920282043521202
1.12.0,core/src/main/java/org/apache/calcite/rel/rules/SemiJoinJoinTransposeRule.java,0,0,0.497786816877213
1.12.0,core/src/main/java/org/apache/calcite/rel/rules/SemiJoinRemoveRule.java,0,0,0.10717524182716633
1.12.0,core/src/main/java/org/apache/calcite/rel/rules/SortRemoveRule.java,0,1,0.5150607879984932
1.12.0,core/src/main/java/org/apache/calcite/rel/rules/SortUnionTransposeRule.java,0,0,0.48994813625689726
1.12.0,core/src/main/java/org/apache/calcite/rel/rules/TableScanRule.java,0,0,0.08495185452183554
1.12.0,core/src/main/java/org/apache/calcite/rel/rules/UnionEliminatorRule.java,0,0,0.17015279166996827
1.12.0,core/src/main/java/org/apache/calcite/rel/rules/UnionToDistinctRule.java,0,1,0.5047373466798585
1.12.0,core/src/main/java/org/apache/calcite/rel/stream/Chi.java,0,0,0.13021591216023726
1.12.0,core/src/main/java/org/apache/calcite/rel/stream/Delta.java,0,0,0.14406062600145864
1.12.0,core/src/main/java/org/apache/calcite/rel/stream/LogicalChi.java,0,0,0.16218167541745146
1.12.0,core/src/main/java/org/apache/calcite/rel/stream/LogicalDelta.java,0,0,0.09244331660203452
1.12.0,core/src/main/java/org/apache/calcite/rel/type/DynamicRecordType.java,0,0,0.1017925273295202
1.12.0,core/src/main/java/org/apache/calcite/rel/type/RelCrossType.java,0,1,0.5731836945373823
1.12.0,core/src/main/java/org/apache/calcite/rel/type/RelDataTypeComparability.java,0,0,0.1017925273295202
1.12.0,core/src/main/java/org/apache/calcite/rel/type/RelDataTypeFamily.java,0,0,0.16218167541745146
1.12.0,core/src/main/java/org/apache/calcite/rel/type/RelDataTypeFieldImpl.java,0,0,0.46963393169383433
1.12.0,core/src/main/java/org/apache/calcite/rel/type/RelProtoDataType.java,0,0,0.16218167541745146
1.12.0,core/src/main/java/org/apache/calcite/schema/impl/AbstractSchema.java,0,0,0.14068231598582454
1.12.0,core/src/main/java/org/apache/calcite/schema/impl/AbstractTable.java,0,0,0.10717524182716633
1.12.0,core/src/main/java/org/apache/calcite/schema/impl/AbstractTableQueryable.java,0,0,0.17156548554592096
1.12.0,core/src/main/java/org/apache/calcite/schema/impl/DelegatingSchema.java,0,0,0.16218167541745146
1.12.0,core/src/main/java/org/apache/calcite/schema/impl/ScalarFunctionImpl.java,0,0,0.491027182508343
1.12.0,core/src/main/java/org/apache/calcite/schema/impl/StarTable.java,0,0,0.40515937607622127
1.12.0,core/src/main/java/org/apache/calcite/sql/advise/SqlAdvisorGetHintsFunction.java,0,0,0.4634092166680693
1.12.0,core/src/main/java/org/apache/calcite/sql/advise/SqlAdvisorHint.java,0,0,0.4076455966641541
1.12.0,core/src/main/java/org/apache/calcite/sql/fun/OracleSqlOperatorTable.java,0,1,0.6044937480900443
1.12.0,core/src/main/java/org/apache/calcite/sql/fun/SqlAbstractGroupFunction.java,0,1,0.5004366768729515
1.12.0,core/src/main/java/org/apache/calcite/sql/fun/SqlAbstractTimeFunction.java,0,0,0.47032691806765003
1.12.0,core/src/main/java/org/apache/calcite/sql/fun/SqlArgumentAssignmentOperator.java,0,0,0.1017925273295202
1.12.0,core/src/main/java/org/apache/calcite/sql/fun/SqlArrayQueryConstructor.java,0,0,0.1017925273295202
1.12.0,core/src/main/java/org/apache/calcite/sql/fun/SqlArrayValueConstructor.java,0,0,0.38450494095838617
1.12.0,core/src/main/java/org/apache/calcite/sql/fun/SqlAvgAggFunction.java,0,0,0.3177591606618503
1.12.0,core/src/main/java/org/apache/calcite/sql/fun/SqlCase.java,0,0,0.4029985029896306
1.12.0,core/src/main/java/org/apache/calcite/sql/fun/SqlCollectionTableOperator.java,0,0,0.14459890890129276
1.12.0,core/src/main/java/org/apache/calcite/sql/fun/SqlColumnListConstructor.java,0,0,0.1398677461354897
1.12.0,core/src/main/java/org/apache/calcite/sql/fun/SqlConvertFunction.java,0,0,0.17828217558444295
1.12.0,core/src/main/java/org/apache/calcite/sql/fun/SqlCovarAggFunction.java,0,0,0.3425556040021198
1.12.0,core/src/main/java/org/apache/calcite/sql/fun/SqlCurrentDateFunction.java,0,0,0.11042417655156483
1.12.0,core/src/main/java/org/apache/calcite/sql/fun/SqlCursorConstructor.java,0,0,0.3361928745194572
1.12.0,core/src/main/java/org/apache/calcite/sql/fun/SqlDefaultOperator.java,0,0,0.1017925273295202
1.12.0,core/src/main/java/org/apache/calcite/sql/fun/SqlExtendOperator.java,0,0,0.4998875059513714
1.12.0,core/src/main/java/org/apache/calcite/sql/fun/SqlFloorFunction.java,0,0,0.48103114912764144
1.12.0,core/src/main/java/org/apache/calcite/sql/fun/SqlGroupIdFunction.java,0,0,0.1017925273295202
1.12.0,core/src/main/java/org/apache/calcite/sql/fun/SqlLeadLagAggFunction.java,0,0,0.38401228752470656
1.12.0,core/src/main/java/org/apache/calcite/sql/fun/SqlLiteralChainOperator.java,0,1,0.5814106575660899
1.12.0,core/src/main/java/org/apache/calcite/sql/fun/SqlMapQueryConstructor.java,0,0,0.1017925273295202
1.12.0,core/src/main/java/org/apache/calcite/sql/fun/SqlMapValueConstructor.java,0,1,0.5528001806750569
1.12.0,core/src/main/java/org/apache/calcite/sql/fun/SqlMonotonicBinaryOperator.java,0,1,0.5341893947264836
1.12.0,core/src/main/java/org/apache/calcite/sql/fun/SqlMonotonicUnaryFunction.java,0,0,0.14956993074276134
1.12.0,core/src/main/java/org/apache/calcite/sql/fun/SqlMultisetMemberOfOperator.java,0,0,0.4611906753227021
1.12.0,core/src/main/java/org/apache/calcite/sql/fun/SqlMultisetQueryConstructor.java,0,0,0.2147991978835346
1.12.0,core/src/main/java/org/apache/calcite/sql/fun/SqlMultisetSetOperator.java,0,0,0.22373748654001255
1.12.0,core/src/main/java/org/apache/calcite/sql/fun/SqlMultisetValueConstructor.java,0,1,0.5135284905979056
1.12.0,core/src/main/java/org/apache/calcite/sql/fun/SqlNewOperator.java,0,0,0.11130973901176597
1.12.0,core/src/main/java/org/apache/calcite/sql/fun/SqlNtileAggFunction.java,0,0,0.1017925273295202
1.12.0,core/src/main/java/org/apache/calcite/sql/fun/SqlOverlapsOperator.java,0,0,0.47547603752910145
1.12.0,core/src/main/java/org/apache/calcite/sql/fun/SqlOverlayFunction.java,0,0,0.49537359859511976
1.12.0,core/src/main/java/org/apache/calcite/sql/fun/SqlRollupOperator.java,0,0,0.4869254870653828
1.12.0,core/src/main/java/org/apache/calcite/sql/fun/SqlSequenceValueOperator.java,0,1,0.5091196053572351
1.12.0,core/src/main/java/org/apache/calcite/sql/fun/SqlSubstringFunction.java,0,0,0.4966939767122472
1.12.0,core/src/main/java/org/apache/calcite/sql/fun/SqlThrowOperator.java,0,0,0.10748589281438609
1.12.0,core/src/main/java/org/apache/calcite/sql/fun/SqlTranslate3Function.java,0,0,0.43916580579488956
1.12.0,core/src/main/java/org/apache/calcite/sql/fun/SqlTrimFunction.java,1,0,0.4805792196761791
1.12.0,core/src/main/java/org/apache/calcite/sql/parser/SqlParseException.java,0,0,0.4289634182774871
1.12.0,core/src/main/java/org/apache/calcite/sql/parser/SqlParserImplFactory.java,0,0,0.16218167541745146
1.12.0,core/src/main/java/org/apache/calcite/sql/parser/SqlParserPos.java,0,1,0.5259420154260699
1.12.0,core/src/main/java/org/apache/calcite/sql/pretty/SqlFormatOptions.java,0,0,0.13021591216023726
1.12.0,core/src/main/java/org/apache/calcite/sql/type/AbstractSqlType.java,0,0,0.3732667992628496
1.12.0,core/src/main/java/org/apache/calcite/sql/type/ArraySqlType.java,0,0,0.4634092166680693
1.12.0,core/src/main/java/org/apache/calcite/sql/type/AssignableOperandTypeChecker.java,0,1,0.5160713624623662
1.12.0,core/src/main/java/org/apache/calcite/sql/type/ComparableOperandTypeChecker.java,0,0,0.4389276252479498
1.12.0,core/src/main/java/org/apache/calcite/sql/type/CompositeOperandTypeChecker.java,1,0,0.4361473135761052
1.12.0,core/src/main/java/org/apache/calcite/sql/type/CompositeSingleOperandTypeChecker.java,0,1,0.506920583097752
1.12.0,core/src/main/java/org/apache/calcite/sql/type/CursorReturnTypeInference.java,0,0,0.16218167541745146
1.12.0,core/src/main/java/org/apache/calcite/sql/type/ExplicitOperandTypeInference.java,0,0,0.4777432352884181
1.12.0,core/src/main/java/org/apache/calcite/sql/type/ExplicitReturnTypeInference.java,0,0,0.41974973133366383
1.12.0,core/src/main/java/org/apache/calcite/sql/type/ExtraSqlTypes.java,0,0,0.17015279166996827
1.12.0,core/src/main/java/org/apache/calcite/sql/type/FamilyOperandTypeChecker.java,0,0,0.4634092166680693
1.12.0,core/src/main/java/org/apache/calcite/sql/type/InferTypes.java,0,1,0.506497817146907
1.12.0,core/src/main/java/org/apache/calcite/sql/type/JavaToSqlTypeConversionRules.java,0,0,0.08058453590071786
1.12.0,core/src/main/java/org/apache/calcite/sql/type/LiteralOperandTypeChecker.java,0,0,0.48214451674515063
1.12.0,core/src/main/java/org/apache/calcite/sql/type/MapSqlType.java,0,0,0.4941061694185738
1.12.0,core/src/main/java/org/apache/calcite/sql/type/MultisetOperandTypeChecker.java,0,0,0.35932190257905866
1.12.0,core/src/main/java/org/apache/calcite/sql/type/MultisetSqlType.java,0,0,0.45059664194510035
1.12.0,core/src/main/java/org/apache/calcite/sql/type/ObjectSqlType.java,0,0,0.12358718273551911
1.12.0,core/src/main/java/org/apache/calcite/sql/type/OperandsTypeChecking.java,0,0,0.17843224547632536
1.12.0,core/src/main/java/org/apache/calcite/sql/type/OrdinalReturnTypeInference.java,0,0,0.1017925273295202
1.12.0,core/src/main/java/org/apache/calcite/sql/type/SameOperandTypeChecker.java,0,1,0.58054684865732
1.12.0,core/src/main/java/org/apache/calcite/sql/type/SetopOperandTypeChecker.java,0,0,0.4509571004187348
1.12.0,core/src/main/java/org/apache/calcite/sql/type/SqlOperandCountRanges.java,0,0,0.4049620629658503
1.12.0,core/src/main/java/org/apache/calcite/sql/type/SqlOperandTypeChecker.java,0,0,0.1017925273295202
1.12.0,core/src/main/java/org/apache/calcite/sql/type/SqlOperandTypeInference.java,0,0,0.17015279166996827
1.12.0,core/src/main/java/org/apache/calcite/sql/type/SqlReturnTypeInference.java,0,0,0.16218167541745146
1.12.0,core/src/main/java/org/apache/calcite/sql/type/SqlReturnTypeInferenceChain.java,0,1,0.5892839069582405
1.12.0,core/src/main/java/org/apache/calcite/sql/type/SqlSingleOperandTypeChecker.java,0,0,0.16218167541745146
1.12.0,core/src/main/java/org/apache/calcite/sql/type/SqlTypeTransform.java,0,0,0.16218167541745146
1.12.0,core/src/main/java/org/apache/calcite/sql/type/SqlTypeTransformCascade.java,0,1,0.5534898079083355
1.12.0,core/src/main/java/org/apache/calcite/sql/type/SqlTypeTransforms.java,0,0,0.41809161580102033
1.12.0,core/src/main/java/org/apache/calcite/sql/type/TableFunctionReturnTypeInference.java,0,0,0.16218167541745146
1.12.0,core/src/main/java/org/apache/calcite/sql/util/ChainedSqlOperatorTable.java,0,0,0.20247968311567832
1.12.0,core/src/main/java/org/apache/calcite/sql/util/SqlBasicVisitor.java,0,0,0.403681184913122
1.12.0,core/src/main/java/org/apache/calcite/sql/util/SqlBuilder.java,0,1,0.5555305380788116
1.12.0,core/src/main/java/org/apache/calcite/sql/util/SqlShuttle.java,0,1,0.53379393616002
1.12.0,core/src/main/java/org/apache/calcite/sql/util/SqlString.java,0,0,0.3977960997347128
1.12.0,core/src/main/java/org/apache/calcite/sql/util/SqlVisitor.java,0,0,0.16218167541745146
1.12.0,core/src/main/java/org/apache/calcite/sql/validate/AggregatingScope.java,0,0,0.16218167541745146
1.12.0,core/src/main/java/org/apache/calcite/sql/validate/AliasNamespace.java,0,1,0.5051923526854936
1.12.0,core/src/main/java/org/apache/calcite/sql/validate/CollectNamespace.java,0,0,0.45059664194510035
1.12.0,core/src/main/java/org/apache/calcite/sql/validate/CollectScope.java,0,0,0.3356938302007712
1.12.0,core/src/main/java/org/apache/calcite/sql/validate/DelegatingSqlValidatorTable.java,0,0,0.16218167541745146
1.12.0,core/src/main/java/org/apache/calcite/sql/validate/FieldNamespace.java,0,0,0.38045799002195646
1.12.0,core/src/main/java/org/apache/calcite/sql/validate/JoinNamespace.java,0,1,0.5243834753486447
1.12.0,core/src/main/java/org/apache/calcite/sql/validate/OverScope.java,0,0,0.22358395565922776
1.12.0,core/src/main/java/org/apache/calcite/sql/validate/ParameterNamespace.java,0,0,0.16218167541745146
1.12.0,core/src/main/java/org/apache/calcite/sql/validate/ProcedureNamespace.java,0,1,0.5516142399148795
1.12.0,core/src/main/java/org/apache/calcite/sql/validate/SchemaNamespace.java,0,0,0.1659526890744593
1.12.0,core/src/main/java/org/apache/calcite/sql/validate/SelectNamespace.java,0,0,0.16589668414359926
1.12.0,core/src/main/java/org/apache/calcite/sql/validate/SelectScope.java,0,1,0.551896550785156
1.12.0,core/src/main/java/org/apache/calcite/sql/validate/SqlModality.java,0,0,0.1017925273295202
1.12.0,core/src/main/java/org/apache/calcite/sql/validate/SqlMoniker.java,0,0,0.4004495794412509
1.12.0,core/src/main/java/org/apache/calcite/sql/validate/SqlMonikerImpl.java,0,0,0.38542562072624065
1.12.0,core/src/main/java/org/apache/calcite/sql/validate/SqlMonikerType.java,0,0,0.1017925273295202
1.12.0,core/src/main/java/org/apache/calcite/sql/validate/SqlMonotonicity.java,0,0,0.3983376254775734
1.12.0,core/src/main/java/org/apache/calcite/sql/validate/SqlScopedShuttle.java,0,0,0.1017925273295202
1.12.0,core/src/main/java/org/apache/calcite/sql/validate/SqlUserDefinedTableMacro.java,0,1,0.569814453532916
1.12.0,core/src/main/java/org/apache/calcite/sql/validate/SqlValidatorException.java,0,0,0.13386908269353992
1.12.0,core/src/main/java/org/apache/calcite/sql/validate/SqlValidatorWithHints.java,0,0,0.16218167541745146
1.12.0,core/src/main/java/org/apache/calcite/sql/validate/TableConstructorNamespace.java,0,0,0.4760960259804633
1.12.0,core/src/main/java/org/apache/calcite/sql/validate/UnnestNamespace.java,0,1,0.5017215955954285
1.12.0,core/src/main/java/org/apache/calcite/sql/validate/WithItemNamespace.java,0,1,0.5019345975288589
1.12.0,core/src/main/java/org/apache/calcite/sql/validate/WithNamespace.java,0,0,0.4634092166680693
1.12.0,core/src/main/java/org/apache/calcite/util/graph/BreadthFirstIterator.java,0,0,0.4037286519690468
1.12.0,core/src/main/java/org/apache/calcite/util/graph/CycleDetector.java,0,0,0.1017925273295202
1.12.0,core/src/main/java/org/apache/calcite/util/graph/DefaultDirectedGraph.java,0,1,0.8364372950512451
1.12.0,core/src/main/java/org/apache/calcite/util/graph/DefaultEdge.java,0,0,0.4572027692352071
1.12.0,core/src/main/java/org/apache/calcite/util/graph/DepthFirstIterator.java,0,0,0.3628286717770798
1.12.0,core/src/main/java/org/apache/calcite/util/graph/DirectedGraph.java,0,0,0.16218167541745146
1.12.0,core/src/main/java/org/apache/calcite/util/graph/Graphs.java,0,1,0.660858518118354
1.12.0,core/src/main/java/org/apache/calcite/util/graph/TopologicalOrderIterator.java,0,1,0.7099921504538492
1.12.0,core/src/main/java/org/apache/calcite/util/javac/JavaCompiler.java,0,0,0.16218167541745146
1.12.0,core/src/main/java/org/apache/calcite/util/javac/JavaCompilerArgs.java,0,0,0.2341193863845743
1.12.0,core/src/main/java/org/apache/calcite/util/mapping/AbstractSourceMapping.java,0,0,0.18767312836107491
1.12.0,core/src/main/java/org/apache/calcite/util/mapping/AbstractTargetMapping.java,0,0,0.17464978082576457
1.12.0,core/src/main/java/org/apache/calcite/util/mapping/IntPair.java,0,0,0.17818478121409656
1.12.0,core/src/main/java/org/apache/calcite/util/mapping/Mapping.java,0,0,0.16218167541745146
1.12.0,core/src/main/java/org/apache/calcite/util/mapping/Mappings.java,0,0,0.3322036777864292
1.12.0,core/src/main/java/org/apache/calcite/util/mapping/MappingType.java,0,0,0.32048507558723377
1.12.0,core/src/main/java/org/apache/calcite/util/trace/CalciteLogger.java,0,0,0.16315380892967207
1.12.0,core/src/main/java/org/apache/calcite/util/trace/CalciteTrace.java,0,0,0.12698090704015755
1.12.0,core/src/main/java/org/apache/calcite/adapter/enumerable/impl/AggAddContextImpl.java,0,0,0.1017925273295202
1.12.0,core/src/main/java/org/apache/calcite/adapter/enumerable/impl/AggResetContextImpl.java,0,0,0.08058453590071786
1.12.0,core/src/main/java/org/apache/calcite/adapter/enumerable/impl/AggResultContextImpl.java,0,0,0.1017925273295202
1.12.0,core/src/main/java/org/apache/calcite/adapter/enumerable/impl/WinAggAddContextImpl.java,0,0,0.1017925273295202
1.12.0,core/src/main/java/org/apache/calcite/adapter/enumerable/impl/WinAggResetContextImpl.java,0,0,0.16816855131968397
1.12.0,core/src/main/java/org/apache/calcite/adapter/enumerable/impl/WinAggResultContextImpl.java,0,0,0.12055984224717019
1.12.0,avatica/core/src/main/java/org/apache/calcite/avatica/AvaticaClientRuntimeException.java,0,0,0.1261812630307127
1.12.0,avatica/core/src/main/java/org/apache/calcite/avatica/AvaticaDatabaseMetaData.java,0,0,0.08519924426994631
1.12.0,avatica/core/src/main/java/org/apache/calcite/avatica/AvaticaFactory.java,0,0,0.16218167541745146
1.12.0,avatica/core/src/main/java/org/apache/calcite/avatica/AvaticaJdbc41Factory.java,0,0,0.125376940677518
1.12.0,avatica/core/src/main/java/org/apache/calcite/avatica/AvaticaParameter.java,0,1,0.5246766687023333
1.12.0,avatica/core/src/main/java/org/apache/calcite/avatica/AvaticaResultSetMetaData.java,0,0,0.21414940450620892
1.12.0,avatica/core/src/main/java/org/apache/calcite/avatica/AvaticaSeverity.java,0,0,0.4338868401954229
1.12.0,avatica/core/src/main/java/org/apache/calcite/avatica/AvaticaSpecificDatabaseMetaData.java,0,0,0.16218167541745146
1.12.0,avatica/core/src/main/java/org/apache/calcite/avatica/AvaticaSqlException.java,0,0,0.1802871759185224
1.12.0,avatica/core/src/main/java/org/apache/calcite/avatica/ColumnMetaData.java,0,1,0.5888949044490173
1.12.0,avatica/core/src/main/java/org/apache/calcite/avatica/ConnectionPropertiesImpl.java,0,0,0.26042994625509897
1.12.0,avatica/core/src/main/java/org/apache/calcite/avatica/DriverVersion.java,0,0,0.33417591166051486
1.12.0,avatica/core/src/main/java/org/apache/calcite/avatica/Handler.java,0,0,0.16218167541745146
1.12.0,avatica/core/src/main/java/org/apache/calcite/avatica/HandlerImpl.java,0,0,0.10494751371754266
1.12.0,avatica/core/src/main/java/org/apache/calcite/avatica/Helper.java,0,0,0.15218133831586547
1.12.0,avatica/core/src/main/java/org/apache/calcite/avatica/InternalProperty.java,0,0,0.1512174491442619
1.12.0,avatica/core/src/main/java/org/apache/calcite/avatica/MissingResultsException.java,0,0,0.16218167541745146
1.12.0,avatica/core/src/main/java/org/apache/calcite/avatica/NoSuchConnectionException.java,0,0,0.16218167541745146
1.12.0,avatica/core/src/main/java/org/apache/calcite/avatica/NoSuchStatementException.java,0,0,0.16218167541745146
1.12.0,avatica/core/src/main/java/org/apache/calcite/avatica/QueryState.java,0,0,0.36365899959389353
1.12.0,avatica/core/src/main/java/org/apache/calcite/avatica/SqlType.java,0,0,0.30223693938861657
1.12.0,avatica/core/src/main/java/org/apache/calcite/avatica/util/ArrayImpl.java,0,0,0.16358262934125217
1.12.0,avatica/core/src/main/java/org/apache/calcite/avatica/util/ArrayIteratorCursor.java,0,0,0.1017925273295202
1.12.0,avatica/core/src/main/java/org/apache/calcite/avatica/util/Casing.java,0,0,0.16218167541745146
1.12.0,avatica/core/src/main/java/org/apache/calcite/avatica/util/Cursor.java,0,0,0.13021591216023726
1.12.0,avatica/core/src/main/java/org/apache/calcite/avatica/util/IteratorCursor.java,0,0,0.1681838090771386
1.12.0,avatica/core/src/main/java/org/apache/calcite/avatica/util/ListIteratorCursor.java,0,0,0.16218167541745146
1.12.0,avatica/core/src/main/java/org/apache/calcite/avatica/util/MapIteratorCursor.java,0,0,0.16218167541745146
1.12.0,avatica/core/src/main/java/org/apache/calcite/avatica/util/PackageMarker.java,0,0,0.16218167541745146
1.12.0,avatica/core/src/main/java/org/apache/calcite/avatica/util/PositionedCursor.java,0,0,0.20999549782944113
1.12.0,avatica/core/src/main/java/org/apache/calcite/avatica/util/Quoting.java,0,0,0.16218167541745146
1.12.0,avatica/core/src/main/java/org/apache/calcite/avatica/util/RecordIteratorCursor.java,0,0,0.16218167541745146
1.12.0,avatica/core/src/main/java/org/apache/calcite/avatica/util/Spacer.java,0,0,0.16218167541745146
1.12.0,avatica/core/src/main/java/org/apache/calcite/avatica/util/Spaces.java,0,0,0.10924477247683279
1.12.0,avatica/core/src/main/java/org/apache/calcite/avatica/util/StructImpl.java,0,0,0.16218167541745146
1.12.0,avatica/core/src/main/java/org/apache/calcite/avatica/util/TimeUnit.java,0,0,0.2884714040394045
1.12.0,avatica/core/src/main/java/org/apache/calcite/avatica/util/TimeUnitRange.java,0,0,0.3191950878835015
1.12.0,avatica/core/src/main/java/org/apache/calcite/avatica/util/UnsynchronizedBuffer.java,0,0,0.4112576093195503
1.12.0,avatica/core/src/main/java/org/apache/calcite/avatica/remote/AbstractHandler.java,0,1,0.659899836137316
1.12.0,avatica/core/src/main/java/org/apache/calcite/avatica/remote/AbstractService.java,0,0,0.36588932490531095
1.12.0,avatica/core/src/main/java/org/apache/calcite/avatica/remote/AuthenticationType.java,0,0,0.16218167541745146
1.12.0,avatica/core/src/main/java/org/apache/calcite/avatica/remote/AvaticaCommonsHttpClientSpnegoImpl.java,0,0,0.15067716374617127
1.12.0,avatica/core/src/main/java/org/apache/calcite/avatica/remote/AvaticaHttpClient.java,0,0,0.16218167541745146
1.12.0,avatica/core/src/main/java/org/apache/calcite/avatica/remote/AvaticaHttpClientFactory.java,0,0,0.16218167541745146
1.12.0,avatica/core/src/main/java/org/apache/calcite/avatica/remote/AvaticaHttpClientImpl.java,0,1,0.5382446166015101
1.12.0,avatica/core/src/main/java/org/apache/calcite/avatica/remote/AvaticaRemoteConnectionConfigImpl.java,0,0,0.16218167541745146
1.12.0,avatica/core/src/main/java/org/apache/calcite/avatica/remote/AvaticaRuntimeException.java,0,0,0.1017925273295202
1.12.0,avatica/core/src/main/java/org/apache/calcite/avatica/remote/DoAsAvaticaHttpClient.java,0,0,0.16218167541745146
1.12.0,avatica/core/src/main/java/org/apache/calcite/avatica/remote/Handler.java,0,0,0.1799191373810944
1.12.0,avatica/core/src/main/java/org/apache/calcite/avatica/remote/JsonHandler.java,0,0,0.21981814699188612
1.12.0,avatica/core/src/main/java/org/apache/calcite/avatica/remote/JsonService.java,0,0,0.4838859921203235
1.12.0,avatica/core/src/main/java/org/apache/calcite/avatica/remote/KerberosConnection.java,0,1,0.5375979494404215
1.12.0,avatica/core/src/main/java/org/apache/calcite/avatica/remote/LocalJsonService.java,0,0,0.08248360905495225
1.12.0,avatica/core/src/main/java/org/apache/calcite/avatica/remote/LocalProtobufService.java,0,0,0.1224618626306139
1.12.0,avatica/core/src/main/java/org/apache/calcite/avatica/remote/MetaDataOperation.java,0,0,0.45223823108450334
1.12.0,avatica/core/src/main/java/org/apache/calcite/avatica/remote/MetricsHelper.java,0,0,0.10717524182716633
1.12.0,avatica/core/src/main/java/org/apache/calcite/avatica/remote/MockJsonService.java,0,0,0.15285866500899228
1.12.0,avatica/core/src/main/java/org/apache/calcite/avatica/remote/ProtobufHandler.java,0,0,0.2645426925634994
1.12.0,avatica/core/src/main/java/org/apache/calcite/avatica/remote/ProtobufMeta.java,0,0,0.16218167541745146
1.12.0,avatica/core/src/main/java/org/apache/calcite/avatica/remote/ProtobufService.java,0,1,0.5935912383412761
1.12.0,avatica/core/src/main/java/org/apache/calcite/avatica/remote/ProtobufTranslation.java,0,0,0.16218167541745146
1.12.0,avatica/core/src/main/java/org/apache/calcite/avatica/remote/RemoteService.java,0,0,0.16218167541745146
1.12.0,avatica/core/src/main/java/org/apache/calcite/avatica/remote/RequestTranslator.java,0,0,0.1017925273295202
1.12.0,avatica/core/src/main/java/org/apache/calcite/avatica/remote/ResponseTranslator.java,0,0,0.1017925273295202
1.12.0,avatica/core/src/main/java/org/apache/calcite/avatica/remote/UsernamePasswordAuthenticateable.java,0,0,0.16218167541745146
1.12.0,avatica/core/src/main/java-filtered/org/apache/calcite/avatica/util/FilteredConstants.java,0,0,0.16218167541745146
1.12.0,avatica/server/src/main/java/org/apache/calcite/avatica/server/AbstractAvaticaHandler.java,0,1,0.5065207182499402
1.12.0,avatica/server/src/main/java/org/apache/calcite/avatica/server/AvaticaHandler.java,0,0,0.16218167541745146
1.12.0,avatica/server/src/main/java/org/apache/calcite/avatica/server/AvaticaJsonHandler.java,0,0,0.4226606783159282
1.12.0,avatica/server/src/main/java/org/apache/calcite/avatica/server/AvaticaProtobufHandler.java,0,1,0.5235404550468056
1.12.0,avatica/server/src/main/java/org/apache/calcite/avatica/server/AvaticaServerConfiguration.java,0,0,0.15285866500899228
1.12.0,avatica/server/src/main/java/org/apache/calcite/avatica/server/DelegatingAvaticaHandler.java,0,0,0.21137285962772975
1.12.0,avatica/server/src/main/java/org/apache/calcite/avatica/server/DoAsRemoteUserCallback.java,0,0,0.15285866500899228
1.12.0,avatica/server/src/main/java/org/apache/calcite/avatica/server/HandlerFactory.java,0,0,0.25472486583555526
1.12.0,avatica/server/src/main/java/org/apache/calcite/avatica/server/MetricsAwareAvaticaHandler.java,0,0,0.16218167541745146
1.12.0,avatica/server/src/main/java/org/apache/calcite/avatica/server/PropertyBasedSpnegoLoginService.java,0,0,0.09554509835417256
1.12.0,avatica/metrics/src/main/java/org/apache/calcite/avatica/metrics/Counter.java,0,0,0.16218167541745146
1.12.0,avatica/metrics/src/main/java/org/apache/calcite/avatica/metrics/Gauge.java,0,0,0.16218167541745146
1.12.0,avatica/metrics/src/main/java/org/apache/calcite/avatica/metrics/Histogram.java,0,0,0.16218167541745146
1.12.0,avatica/metrics/src/main/java/org/apache/calcite/avatica/metrics/Meter.java,0,0,0.16218167541745146
1.12.0,avatica/metrics/src/main/java/org/apache/calcite/avatica/metrics/Metric.java,0,0,0.16218167541745146
1.12.0,avatica/metrics/src/main/java/org/apache/calcite/avatica/metrics/MetricsSystem.java,0,0,0.16218167541745146
1.12.0,avatica/metrics/src/main/java/org/apache/calcite/avatica/metrics/MetricsSystemConfiguration.java,0,0,0.16218167541745146
1.12.0,avatica/metrics/src/main/java/org/apache/calcite/avatica/metrics/MetricsSystemFactory.java,0,0,0.16218167541745146
1.12.0,avatica/metrics/src/main/java/org/apache/calcite/avatica/metrics/MetricsSystemLoader.java,0,0,0.35078851417982154
1.12.0,avatica/metrics/src/main/java/org/apache/calcite/avatica/metrics/PackageMarker.java,0,0,0.16218167541745146
1.12.0,avatica/metrics/src/main/java/org/apache/calcite/avatica/metrics/Timer.java,0,0,0.16218167541745146
1.12.0,avatica/metrics/src/main/java/org/apache/calcite/avatica/metrics/noop/NoopCounter.java,0,0,0.10717524182716633
1.12.0,avatica/metrics/src/main/java/org/apache/calcite/avatica/metrics/noop/NoopHistogram.java,0,0,0.10717524182716633
1.12.0,avatica/metrics/src/main/java/org/apache/calcite/avatica/metrics/noop/NoopMeter.java,0,0,0.10717524182716633
1.12.0,avatica/metrics/src/main/java/org/apache/calcite/avatica/metrics/noop/NoopMetricsSystem.java,0,0,0.11280684284431049
1.12.0,avatica/metrics/src/main/java/org/apache/calcite/avatica/metrics/noop/NoopMetricsSystemConfiguration.java,0,0,0.11071338052269596
1.12.0,avatica/metrics/src/main/java/org/apache/calcite/avatica/metrics/noop/NoopMetricsSystemFactory.java,0,0,0.1017925273295202
1.12.0,avatica/metrics/src/main/java/org/apache/calcite/avatica/metrics/noop/NoopTimer.java,0,0,0.10717524182716633
1.12.0,avatica/metrics-dropwizardmetrics3/src/main/java/org/apache/calcite/avatica/metrics/dropwizard3/DropwizardCounter.java,0,0,0.1017925273295202
1.12.0,avatica/metrics-dropwizardmetrics3/src/main/java/org/apache/calcite/avatica/metrics/dropwizard3/DropwizardGauge.java,0,0,0.1017925273295202
1.12.0,avatica/metrics-dropwizardmetrics3/src/main/java/org/apache/calcite/avatica/metrics/dropwizard3/DropwizardHistogram.java,0,0,0.1017925273295202
1.12.0,avatica/metrics-dropwizardmetrics3/src/main/java/org/apache/calcite/avatica/metrics/dropwizard3/DropwizardMeter.java,0,0,0.1017925273295202
1.12.0,avatica/metrics-dropwizardmetrics3/src/main/java/org/apache/calcite/avatica/metrics/dropwizard3/DropwizardMetricsSystem.java,0,0,0.1017925273295202
1.12.0,avatica/metrics-dropwizardmetrics3/src/main/java/org/apache/calcite/avatica/metrics/dropwizard3/DropwizardMetricsSystemConfiguration.java,0,0,0.1017925273295202
1.12.0,avatica/metrics-dropwizardmetrics3/src/main/java/org/apache/calcite/avatica/metrics/dropwizard3/DropwizardMetricsSystemFactory.java,0,0,0.4634092166680693
1.12.0,avatica/metrics-dropwizardmetrics3/src/main/java/org/apache/calcite/avatica/metrics/dropwizard3/DropwizardTimer.java,0,0,0.08058453590071786
1.12.0,avatica/noop-driver/src/main/java/org/apache/calcite/avatica/noop/AvaticaNoopConnection.java,0,0,0.15104439705805503
1.12.0,avatica/noop-driver/src/main/java/org/apache/calcite/avatica/noop/AvaticaNoopDatabaseMetaData.java,0,0,0.17843224547632536
1.12.0,avatica/noop-driver/src/main/java/org/apache/calcite/avatica/noop/AvaticaNoopDriver.java,0,0,0.14397948731066404
1.12.0,avatica/noop-driver/src/main/java/org/apache/calcite/avatica/noop/AvaticaNoopParameterMetaData.java,0,0,0.17015279166996827
1.12.0,avatica/noop-driver/src/main/java/org/apache/calcite/avatica/noop/AvaticaNoopResultSetMetaData.java,0,0,0.17015279166996827
1.12.0,avatica/noop-driver/src/main/java/org/apache/calcite/avatica/noop/AvaticaNoopStatement.java,0,0,0.15104439705805503
1.12.0,avatica/noop-driver/src/main/java/org/apache/calcite/avatica/noop/PackageMarker.java,0,0,0.16218167541745146
1.12.0,avatica/tck/src/main/java/org/apache/calcite/avatica/tck/PackageMarker.java,0,0,0.16218167541745146
1.12.0,cassandra/src/main/java/org/apache/calcite/adapter/cassandra/CassandraEnumerator.java,1,0,0.13687259988765194
1.12.0,cassandra/src/main/java/org/apache/calcite/adapter/cassandra/CassandraFilter.java,0,0,0.13961314695366092
1.12.0,cassandra/src/main/java/org/apache/calcite/adapter/cassandra/CassandraLimit.java,0,0,0.16218167541745146
1.12.0,cassandra/src/main/java/org/apache/calcite/adapter/cassandra/CassandraMethod.java,0,0,0.16218167541745146
1.12.0,cassandra/src/main/java/org/apache/calcite/adapter/cassandra/CassandraProject.java,0,0,0.16218167541745146
1.12.0,cassandra/src/main/java/org/apache/calcite/adapter/cassandra/CassandraRel.java,0,0,0.17781509458390904
1.12.0,cassandra/src/main/java/org/apache/calcite/adapter/cassandra/CassandraSort.java,0,0,0.16218167541745146
1.12.0,cassandra/src/main/java/org/apache/calcite/adapter/cassandra/CassandraTable.java,1,1,0.5206776511548191
1.12.0,cassandra/src/main/java/org/apache/calcite/adapter/cassandra/CassandraTableScan.java,0,0,0.2088628572429392
1.12.0,cassandra/src/main/java/org/apache/calcite/adapter/cassandra/CassandraToEnumerableConverter.java,0,0,0.15285866500899228
1.12.0,cassandra/src/main/java/org/apache/calcite/adapter/cassandra/CassandraToEnumerableConverterRule.java,0,0,0.17015279166996827
1.12.0,druid/src/main/java/org/apache/calcite/adapter/druid/DruidConnection.java,0,0,0.16218167541745146
1.12.0,druid/src/main/java/org/apache/calcite/adapter/druid/DruidResultEnumerator.java,0,0,0.16218167541745146
1.12.0,elasticsearch/src/main/java/org/apache/calcite/adapter/elasticsearch/ElasticsearchEnumerator.java,0,0,0.19498575314608452
1.12.0,elasticsearch/src/main/java/org/apache/calcite/adapter/elasticsearch/ElasticsearchMethod.java,0,0,0.16218167541745146
1.12.0,elasticsearch/src/main/java/org/apache/calcite/adapter/elasticsearch/ElasticsearchProject.java,0,0,0.16218167541745146
1.12.0,elasticsearch/src/main/java/org/apache/calcite/adapter/elasticsearch/ElasticsearchRel.java,0,0,0.2185298816303639
1.12.0,elasticsearch/src/main/java/org/apache/calcite/adapter/elasticsearch/ElasticsearchSchemaFactory.java,0,0,0.20676709923090092
1.12.0,elasticsearch/src/main/java/org/apache/calcite/adapter/elasticsearch/ElasticsearchSort.java,0,0,0.16218167541745146
1.12.0,elasticsearch/src/main/java/org/apache/calcite/adapter/elasticsearch/ElasticsearchTable.java,0,0,0.3299000699632652
1.12.0,elasticsearch/src/main/java/org/apache/calcite/adapter/elasticsearch/ElasticsearchTableScan.java,0,0,0.16218167541745146
1.12.0,elasticsearch/src/main/java/org/apache/calcite/adapter/elasticsearch/ElasticsearchToEnumerableConverter.java,0,0,0.15285866500899228
1.12.0,elasticsearch/src/main/java/org/apache/calcite/adapter/elasticsearch/ElasticsearchToEnumerableConverterRule.java,0,0,0.17015279166996827
1.12.0,mongodb/src/main/java/org/apache/calcite/adapter/mongodb/MongoAggregate.java,0,0,0.4156134387181231
1.12.0,mongodb/src/main/java/org/apache/calcite/adapter/mongodb/MongoEnumerator.java,0,0,0.17386589107524333
1.12.0,mongodb/src/main/java/org/apache/calcite/adapter/mongodb/MongoFilter.java,0,0,0.3879916267967392
1.12.0,mongodb/src/main/java/org/apache/calcite/adapter/mongodb/MongoMethod.java,0,0,0.16218167541745146
1.12.0,mongodb/src/main/java/org/apache/calcite/adapter/mongodb/MongoProject.java,0,0,0.16218167541745146
1.12.0,mongodb/src/main/java/org/apache/calcite/adapter/mongodb/MongoRel.java,0,0,0.2185298816303639
1.12.0,mongodb/src/main/java/org/apache/calcite/adapter/mongodb/MongoSchema.java,0,0,0.18658828979872474
1.12.0,mongodb/src/main/java/org/apache/calcite/adapter/mongodb/MongoSchemaFactory.java,0,0,0.2185298816303639
1.12.0,mongodb/src/main/java/org/apache/calcite/adapter/mongodb/MongoSort.java,0,0,0.3651307344819294
1.12.0,mongodb/src/main/java/org/apache/calcite/adapter/mongodb/MongoTable.java,0,0,0.14397948731066404
1.12.0,mongodb/src/main/java/org/apache/calcite/adapter/mongodb/MongoTableScan.java,0,0,0.2088628572429392
1.12.0,mongodb/src/main/java/org/apache/calcite/adapter/mongodb/MongoToEnumerableConverter.java,0,0,0.2644155681903368
1.12.0,mongodb/src/main/java/org/apache/calcite/adapter/mongodb/MongoToEnumerableConverterRule.java,0,0,0.17015279166996827
1.12.0,plus/src/main/java/org/apache/calcite/adapter/tpcds/TpcdsSchemaFactory.java,0,0,0.24593265462067823
1.12.0,plus/src/main/java/org/apache/calcite/adapter/tpch/TpchSchemaFactory.java,0,0,0.2185298816303639
1.12.0,spark/src/main/java/org/apache/calcite/adapter/spark/EnumerableToSparkConverter.java,0,0,0.27830727475846184
1.12.0,spark/src/main/java/org/apache/calcite/adapter/spark/EnumerableToSparkConverterRule.java,0,0,0.17015279166996827
1.12.0,spark/src/main/java/org/apache/calcite/adapter/spark/HttpServer.java,0,0,0.1565017234173954
1.12.0,spark/src/main/java/org/apache/calcite/adapter/spark/JdbcToSparkConverter.java,0,0,0.20712174051010207
1.12.0,spark/src/main/java/org/apache/calcite/adapter/spark/JdbcToSparkConverterRule.java,0,0,0.16218167541745146
1.12.0,spark/src/main/java/org/apache/calcite/adapter/spark/SparkMethod.java,0,0,0.15285866500899228
1.12.0,spark/src/main/java/org/apache/calcite/adapter/spark/SparkRel.java,0,0,0.2185298816303639
1.12.0,spark/src/main/java/org/apache/calcite/adapter/spark/SparkToEnumerableConverter.java,0,0,0.2088628572429392
1.12.0,splunk/src/main/java/org/apache/calcite/adapter/splunk/SplunkDriver.java,0,0,0.11644259666535021
1.12.0,splunk/src/main/java/org/apache/calcite/adapter/splunk/SplunkDriverVersion.java,0,0,0.1017925273295202
1.12.0,splunk/src/main/java/org/apache/calcite/adapter/splunk/SplunkQuery.java,0,0,0.16218167541745146
1.12.0,splunk/src/main/java/org/apache/calcite/adapter/splunk/SplunkSchema.java,0,0,0.16218167541745146
1.12.0,splunk/src/main/java/org/apache/calcite/adapter/splunk/SplunkTable.java,0,0,0.16218167541745146
1.12.0,splunk/src/main/java/org/apache/calcite/adapter/splunk/SplunkTableScan.java,0,0,0.20676709923090092
1.12.0,splunk/src/main/java/org/apache/calcite/adapter/splunk/search/SearchResultListener.java,0,0,0.17015279166996827
1.12.0,splunk/src/main/java/org/apache/calcite/adapter/splunk/search/SplunkConnection.java,0,0,0.16218167541745146
1.12.0,splunk/src/main/java/org/apache/calcite/adapter/splunk/util/StringUtils.java,0,0,0.11509337628546747
1.12.0,piglet/src/main/java/org/apache/calcite/piglet/Ast.java,1,1,0.9219341879468934
1.12.0,piglet/src/main/java/org/apache/calcite/piglet/Handler.java,0,0,0.3918966034599476
1.12.0,linq4j/src/main/java/org/apache/calcite/linq4j/AbstractEnumerable.java,0,0,0.1017925273295202
1.12.0,linq4j/src/main/java/org/apache/calcite/linq4j/AbstractEnumerable2.java,0,0,0.1017925273295202
1.12.0,linq4j/src/main/java/org/apache/calcite/linq4j/AbstractQueryable.java,0,0,0.10717524182716633
1.12.0,linq4j/src/main/java/org/apache/calcite/linq4j/BaseQueryable.java,0,0,0.17111559943501886
1.12.0,linq4j/src/main/java/org/apache/calcite/linq4j/CartesianProductEnumerator.java,0,0,0.2966528204294051
1.12.0,linq4j/src/main/java/org/apache/calcite/linq4j/CorrelateJoinType.java,0,0,0.1017925273295202
1.12.0,linq4j/src/main/java/org/apache/calcite/linq4j/DefaultQueryable.java,0,0,0.17141319520853793
1.12.0,linq4j/src/main/java/org/apache/calcite/linq4j/DelegatingEnumerator.java,0,0,0.16218167541745146
1.12.0,linq4j/src/main/java/org/apache/calcite/linq4j/Enumerable.java,0,0,0.16218167541745146
1.12.0,linq4j/src/main/java/org/apache/calcite/linq4j/EnumerableOrderedQueryable.java,0,0,0.16218167541745146
1.12.0,linq4j/src/main/java/org/apache/calcite/linq4j/EnumerableQueryable.java,0,0,0.16307628126582568
1.12.0,linq4j/src/main/java/org/apache/calcite/linq4j/Enumerator.java,0,0,0.16218167541745146
1.12.0,linq4j/src/main/java/org/apache/calcite/linq4j/ExtendedOrderedEnumerable.java,0,0,0.16218167541745146
1.12.0,linq4j/src/main/java/org/apache/calcite/linq4j/ExtendedOrderedQueryable.java,0,0,0.16218167541745146
1.12.0,linq4j/src/main/java/org/apache/calcite/linq4j/ExtendedQueryable.java,0,0,0.13021591216023726
1.12.0,linq4j/src/main/java/org/apache/calcite/linq4j/Extensions.java,0,0,0.4090336694831862
1.12.0,linq4j/src/main/java/org/apache/calcite/linq4j/Grouping.java,0,0,0.16218167541745146
1.12.0,linq4j/src/main/java/org/apache/calcite/linq4j/GroupingImpl.java,0,0,0.18888811997623928
1.12.0,linq4j/src/main/java/org/apache/calcite/linq4j/Linq4j.java,0,0,0.16892717798278745
1.12.0,linq4j/src/main/java/org/apache/calcite/linq4j/Lookup.java,0,0,0.16218167541745146
1.12.0,linq4j/src/main/java/org/apache/calcite/linq4j/LookupImpl.java,0,0,0.281050579264759
1.12.0,linq4j/src/main/java/org/apache/calcite/linq4j/OpType.java,0,0,0.16218167541745146
1.12.0,linq4j/src/main/java/org/apache/calcite/linq4j/Ord.java,0,0,0.13688028991086337
1.12.0,linq4j/src/main/java/org/apache/calcite/linq4j/OrderedEnumerable.java,0,0,0.16218167541745146
1.12.0,linq4j/src/main/java/org/apache/calcite/linq4j/OrderedQueryable.java,0,0,0.16218167541745146
1.12.0,linq4j/src/main/java/org/apache/calcite/linq4j/PackageMarker.java,0,0,0.16218167541745146
1.12.0,linq4j/src/main/java/org/apache/calcite/linq4j/Queryable.java,0,0,0.16218167541745146
1.12.0,linq4j/src/main/java/org/apache/calcite/linq4j/QueryableDefaults.java,0,0,0.24925726519501176
1.12.0,linq4j/src/main/java/org/apache/calcite/linq4j/QueryableFactory.java,0,0,0.16218167541745146
1.12.0,linq4j/src/main/java/org/apache/calcite/linq4j/QueryableRecorder.java,0,0,0.12973906494545712
1.12.0,linq4j/src/main/java/org/apache/calcite/linq4j/QueryProvider.java,0,0,0.16218167541745146
1.12.0,linq4j/src/main/java/org/apache/calcite/linq4j/QueryProviderImpl.java,0,0,0.24120056428592246
1.12.0,linq4j/src/main/java/org/apache/calcite/linq4j/RawEnumerable.java,0,0,0.16218167541745146
1.12.0,linq4j/src/main/java/org/apache/calcite/linq4j/RawQueryable.java,0,0,0.16218167541745146
1.12.0,linq4j/src/main/java/org/apache/calcite/linq4j/TransformedEnumerator.java,0,0,0.10337801687684191
1.12.0,linq4j/src/main/java/org/apache/calcite/linq4j/function/BigDecimalFunction1.java,0,0,0.13021591216023726
1.12.0,linq4j/src/main/java/org/apache/calcite/linq4j/function/Deterministic.java,0,0,0.16218167541745146
1.12.0,linq4j/src/main/java/org/apache/calcite/linq4j/function/DoubleFunction1.java,0,0,0.13021591216023726
1.12.0,linq4j/src/main/java/org/apache/calcite/linq4j/function/EqualityComparer.java,0,0,0.16218167541745146
1.12.0,linq4j/src/main/java/org/apache/calcite/linq4j/function/FloatFunction1.java,0,0,0.13021591216023726
1.12.0,linq4j/src/main/java/org/apache/calcite/linq4j/function/Function.java,0,0,0.16218167541745146
1.12.0,linq4j/src/main/java/org/apache/calcite/linq4j/function/Function0.java,0,0,0.16218167541745146
1.12.0,linq4j/src/main/java/org/apache/calcite/linq4j/function/Function1.java,0,0,0.08058453590071786
1.12.0,linq4j/src/main/java/org/apache/calcite/linq4j/function/Function2.java,0,0,0.13021591216023726
1.12.0,linq4j/src/main/java/org/apache/calcite/linq4j/function/Functions.java,0,1,0.5690504954095129
1.12.0,linq4j/src/main/java/org/apache/calcite/linq4j/function/IntegerFunction1.java,0,0,0.13021591216023726
1.12.0,linq4j/src/main/java/org/apache/calcite/linq4j/function/LongFunction1.java,0,0,0.13021591216023726
1.12.0,linq4j/src/main/java/org/apache/calcite/linq4j/function/NonDeterministic.java,0,0,0.16218167541745146
1.12.0,linq4j/src/main/java/org/apache/calcite/linq4j/function/NullableBigDecimalFunction1.java,0,0,0.13021591216023726
1.12.0,linq4j/src/main/java/org/apache/calcite/linq4j/function/NullableDoubleFunction1.java,0,0,0.13021591216023726
1.12.0,linq4j/src/main/java/org/apache/calcite/linq4j/function/NullableFloatFunction1.java,0,0,0.13021591216023726
1.12.0,linq4j/src/main/java/org/apache/calcite/linq4j/function/NullableIntegerFunction1.java,0,0,0.13021591216023726
1.12.0,linq4j/src/main/java/org/apache/calcite/linq4j/function/NullableLongFunction1.java,0,0,0.13021591216023726
1.12.0,linq4j/src/main/java/org/apache/calcite/linq4j/function/Parameter.java,0,0,0.16218167541745146
1.12.0,linq4j/src/main/java/org/apache/calcite/linq4j/function/Predicate1.java,0,0,0.08058453590071786
1.12.0,linq4j/src/main/java/org/apache/calcite/linq4j/function/Predicate2.java,0,0,0.08489983610475677
1.12.0,linq4j/src/main/java/org/apache/calcite/linq4j/tree/AbstractNode.java,0,1,0.611380792564855
1.12.0,linq4j/src/main/java/org/apache/calcite/linq4j/tree/ArrayLengthRecordField.java,0,0,0.2667618590955689
1.12.0,linq4j/src/main/java/org/apache/calcite/linq4j/tree/Blocks.java,0,0,0.2905280805138934
1.12.0,linq4j/src/main/java/org/apache/calcite/linq4j/tree/CallSiteBinder.java,0,0,0.16218167541745146
1.12.0,linq4j/src/main/java/org/apache/calcite/linq4j/tree/CatchBlock.java,0,0,0.2495096254037196
1.12.0,linq4j/src/main/java/org/apache/calcite/linq4j/tree/ConstantUntypedNull.java,0,1,0.555076777894913
1.12.0,linq4j/src/main/java/org/apache/calcite/linq4j/tree/ElementInit.java,0,0,0.16218167541745146
1.12.0,linq4j/src/main/java/org/apache/calcite/linq4j/tree/Evaluator.java,0,0,0.40532450345407955
1.12.0,linq4j/src/main/java/org/apache/calcite/linq4j/tree/Expression.java,0,1,0.6510941686034958
1.12.0,linq4j/src/main/java/org/apache/calcite/linq4j/tree/ExpressionType.java,0,0,0.4634092166680693
1.12.0,linq4j/src/main/java/org/apache/calcite/linq4j/tree/ExpressionVisitor.java,0,0,0.16218167541745146
1.12.0,linq4j/src/main/java/org/apache/calcite/linq4j/tree/ExpressionWriter.java,0,1,0.6628299192780699
1.12.0,linq4j/src/main/java/org/apache/calcite/linq4j/tree/GotoExpressionKind.java,0,0,0.1017925273295202
1.12.0,linq4j/src/main/java/org/apache/calcite/linq4j/tree/LabelTarget.java,0,0,0.16218167541745146
1.12.0,linq4j/src/main/java/org/apache/calcite/linq4j/tree/MemberAssignment.java,0,0,0.16218167541745146
1.12.0,linq4j/src/main/java/org/apache/calcite/linq4j/tree/MemberBinding.java,0,0,0.16218167541745146
1.12.0,linq4j/src/main/java/org/apache/calcite/linq4j/tree/MemberDeclaration.java,0,0,0.15267417099929173
1.12.0,linq4j/src/main/java/org/apache/calcite/linq4j/tree/MemberListBinding.java,0,0,0.16218167541745146
1.12.0,linq4j/src/main/java/org/apache/calcite/linq4j/tree/MemberMemberBinding.java,0,0,0.16218167541745146
1.12.0,linq4j/src/main/java/org/apache/calcite/linq4j/tree/Primitive.java,0,0,0.29886177639008576
1.12.0,linq4j/src/main/java/org/apache/calcite/linq4j/tree/PseudoField.java,0,0,0.16218167541745146
1.12.0,linq4j/src/main/java/org/apache/calcite/linq4j/tree/ReflectedPseudoField.java,0,0,0.4179178229477637
1.12.0,linq4j/src/main/java/org/apache/calcite/linq4j/tree/Statement.java,0,1,0.7290164410770721
1.12.0,linq4j/src/main/java/org/apache/calcite/linq4j/tree/SwitchCase.java,0,0,0.16218167541745146
1.12.0,ubenchmark/src/main/java/org/apache/calcite/benchmarks/FlightRecorderProfiler.java,0,0,0.17015279166996827
1.12.0,ubenchmark/src/main/java/org/apache/calcite/benchmarks/ParserBenchmark.java,0,0,0.3942289562685765
1.12.0,ubenchmark/src/main/java/org/apache/calcite/benchmarks/PreconditionTest.java,0,0,0.17781509458390904
1.12.0,ubenchmark/src/main/java/org/apache/calcite/benchmarks/StatementTest.java,0,0,0.24399431714331019
1.12.0,core/src/main/java/org/apache/calcite/runtime/Like.java,1,1,0.5934072038620092
1.12.0,avatica/core/src/main/java/org/apache/calcite/avatica/AvaticaConnection.java,0,0,0.47141070994523615
1.12.0,avatica/core/src/main/java/org/apache/calcite/avatica/AvaticaStatement.java,0,0,0.43627911913170164
1.12.0,core/src/main/java/org/apache/calcite/sql/fun/SqlCoalesceFunction.java,0,1,0.6090443679591137
1.12.0,core/src/main/java/org/apache/calcite/sql/fun/SqlNullifFunction.java,0,0,0.49383728944832034
1.12.0,avatica/core/src/main/java/org/apache/calcite/avatica/util/ByteString.java,0,0,0.2927160184759248
1.12.0,core/src/main/java/org/apache/calcite/rel/rules/LoptSemiJoinOptimizer.java,0,0,0.38496634893118464
1.12.0,cassandra/src/main/java/org/apache/calcite/adapter/cassandra/CassandraSchema.java,0,1,0.6446667043057998
1.12.0,core/src/main/java/org/apache/calcite/sql/SqlLateralOperator.java,0,0,0.4851202328374452
1.12.0,core/src/main/java/org/apache/calcite/sql/SqlSpecialOperator.java,0,0,0.09245321700869569
1.12.0,core/src/main/java/org/apache/calcite/util/PrecedenceClimbingParser.java,0,1,0.6230739886163912
1.12.0,core/src/main/java/org/apache/calcite/sql/fun/SqlBetweenOperator.java,0,1,0.5254654377833675
1.12.0,core/src/main/java/org/apache/calcite/sql/fun/SqlItemOperator.java,0,0,0.40428895732987663
1.12.0,avatica/core/src/main/java/org/apache/calcite/avatica/Meta.java,0,1,0.7451862257688764
1.12.0,core/src/main/java/org/apache/calcite/rel/rules/ValuesReduceRule.java,0,1,0.6555967628979817
1.12.0,cassandra/src/main/java/org/apache/calcite/adapter/cassandra/CassandraSchemaFactory.java,0,0,0.27411784782490684
1.12.0,core/src/main/java/org/apache/calcite/sql/SqlJdbcFunctionCall.java,0,1,0.9006625895252179
1.12.0,core/src/main/java/org/apache/calcite/sql/fun/SqlDatePartFunction.java,0,0,0.2340503335161408
1.12.0,avatica/core/src/main/java/org/apache/calcite/avatica/util/AbstractCursor.java,0,1,0.9151367494032858
1.12.0,core/src/main/java/org/apache/calcite/plan/RelOptPredicateList.java,0,1,0.6116201468132316
1.12.0,core/src/main/java/org/apache/calcite/schema/impl/AggregateFunctionImpl.java,0,1,0.504010761529791
1.12.0,core/src/main/java/org/apache/calcite/rel/rules/FilterRemoveIsNotDistinctFromRule.java,0,0,0.3065366007765088
1.12.0,core/src/main/java/org/apache/calcite/rel/rules/JoinExtractFilterRule.java,0,1,0.5858233651468543
1.12.0,core/src/main/java/org/apache/calcite/rel/rules/SemiJoinFilterTransposeRule.java,0,0,0.1681176800246285
1.12.0,avatica/core/src/main/java/org/apache/calcite/avatica/remote/ProtobufTranslationImpl.java,0,1,0.7362745450164011
1.12.0,linq4j/src/main/java/org/apache/calcite/linq4j/tree/BinaryExpression.java,0,1,0.6020858895006048
1.12.0,linq4j/src/main/java/org/apache/calcite/linq4j/tree/BlockStatement.java,0,1,0.6172020460735336
1.12.0,linq4j/src/main/java/org/apache/calcite/linq4j/tree/ClassDeclaration.java,0,1,0.5480796298364976
1.12.0,linq4j/src/main/java/org/apache/calcite/linq4j/tree/ClassDeclarationFinder.java,0,1,0.6617598367772936
1.12.0,linq4j/src/main/java/org/apache/calcite/linq4j/tree/ConditionalExpression.java,0,0,0.29698166539073545
1.12.0,linq4j/src/main/java/org/apache/calcite/linq4j/tree/ConditionalStatement.java,0,1,0.5755872776114839
1.12.0,linq4j/src/main/java/org/apache/calcite/linq4j/tree/ConstantExpression.java,0,1,0.7321241763771984
1.12.0,linq4j/src/main/java/org/apache/calcite/linq4j/tree/ConstructorDeclaration.java,0,0,0.26393961979091735
1.12.0,linq4j/src/main/java/org/apache/calcite/linq4j/tree/DeclarationStatement.java,0,1,0.6394270331410089
1.12.0,linq4j/src/main/java/org/apache/calcite/linq4j/tree/DefaultExpression.java,0,0,0.23678191993123335
1.12.0,linq4j/src/main/java/org/apache/calcite/linq4j/tree/DynamicExpression.java,0,0,0.23678191993123335
1.12.0,linq4j/src/main/java/org/apache/calcite/linq4j/tree/Expressions.java,0,1,0.7724385093657608
1.12.0,linq4j/src/main/java/org/apache/calcite/linq4j/tree/FieldDeclaration.java,0,1,0.5176021718841493
1.12.0,linq4j/src/main/java/org/apache/calcite/linq4j/tree/ForStatement.java,0,0,0.4776862874473714
1.12.0,linq4j/src/main/java/org/apache/calcite/linq4j/tree/FunctionExpression.java,0,1,0.6546376913153031
1.12.0,linq4j/src/main/java/org/apache/calcite/linq4j/tree/GotoStatement.java,0,1,0.668241215391649
1.12.0,linq4j/src/main/java/org/apache/calcite/linq4j/tree/IndexExpression.java,0,1,0.7080214475669568
1.12.0,linq4j/src/main/java/org/apache/calcite/linq4j/tree/InvocationExpression.java,0,0,0.23678191993123335
1.12.0,linq4j/src/main/java/org/apache/calcite/linq4j/tree/LabelStatement.java,0,0,0.23649308595465102
1.12.0,linq4j/src/main/java/org/apache/calcite/linq4j/tree/LambdaExpression.java,0,0,0.2573042774335538
1.12.0,linq4j/src/main/java/org/apache/calcite/linq4j/tree/ListInitExpression.java,0,0,0.23678191993123335
1.12.0,linq4j/src/main/java/org/apache/calcite/linq4j/tree/MemberExpression.java,0,1,0.699303300368436
1.12.0,linq4j/src/main/java/org/apache/calcite/linq4j/tree/MemberInitExpression.java,0,0,0.23678191993123335
1.12.0,linq4j/src/main/java/org/apache/calcite/linq4j/tree/MethodCallExpression.java,0,1,0.7761470770342473
1.12.0,linq4j/src/main/java/org/apache/calcite/linq4j/tree/MethodDeclaration.java,0,1,0.6439295189869308
1.12.0,linq4j/src/main/java/org/apache/calcite/linq4j/tree/NewArrayExpression.java,0,0,0.42363073691473035
1.12.0,linq4j/src/main/java/org/apache/calcite/linq4j/tree/NewExpression.java,0,0,0.4988013991573705
1.12.0,linq4j/src/main/java/org/apache/calcite/linq4j/tree/Node.java,0,0,0.19276110158603393
1.12.0,linq4j/src/main/java/org/apache/calcite/linq4j/tree/OptimizeShuttle.java,0,1,0.6527174650835005
1.12.0,linq4j/src/main/java/org/apache/calcite/linq4j/tree/ParameterExpression.java,0,1,0.657194160617475
1.12.0,linq4j/src/main/java/org/apache/calcite/linq4j/tree/Shuttle.java,0,0,0.3874305668118667
1.12.0,linq4j/src/main/java/org/apache/calcite/linq4j/tree/SwitchStatement.java,0,0,0.23678191993123335
1.12.0,linq4j/src/main/java/org/apache/calcite/linq4j/tree/TernaryExpression.java,0,1,0.6162398389449085
1.12.0,linq4j/src/main/java/org/apache/calcite/linq4j/tree/ThrowStatement.java,0,0,0.367064567653959
1.12.0,linq4j/src/main/java/org/apache/calcite/linq4j/tree/TryStatement.java,0,0,0.43337789486342876
1.12.0,linq4j/src/main/java/org/apache/calcite/linq4j/tree/TypeBinaryExpression.java,0,1,0.6333237217963671
1.12.0,linq4j/src/main/java/org/apache/calcite/linq4j/tree/UnaryExpression.java,0,1,0.7484652988641448
1.12.0,linq4j/src/main/java/org/apache/calcite/linq4j/tree/Visitor.java,0,0,0.37633246796822994
1.12.0,linq4j/src/main/java/org/apache/calcite/linq4j/tree/VisitorImpl.java,0,1,0.5703620919865956
1.12.0,linq4j/src/main/java/org/apache/calcite/linq4j/tree/WhileStatement.java,0,0,0.4124025726508472
1.12.0,core/src/main/java/org/apache/calcite/rex/RexExecutable.java,0,1,0.6304673593015693
1.12.0,core/src/main/java/org/apache/calcite/rel/rules/AggregateProjectPullUpConstantsRule.java,0,1,0.8541472298372975
1.12.0,core/src/main/java/org/apache/calcite/config/CalciteConnectionConfig.java,0,0,0.36110878852762524
1.12.0,core/src/main/java/org/apache/calcite/config/CalciteConnectionConfigImpl.java,0,1,0.7179531301182777
1.12.0,core/src/main/java/org/apache/calcite/rel/rules/UnionPullUpConstantsRule.java,0,1,0.5568358667179845
1.12.0,core/src/main/java/org/apache/calcite/rel/rules/SortJoinTransposeRule.java,0,1,0.6141089654754643
1.12.0,core/src/main/java/org/apache/calcite/sql/SqlSelect.java,1,1,0.6659348566755247
1.12.0,core/src/main/java/org/apache/calcite/rel/rel2sql/SqlImplementor.java,1,1,0.9304003281567184
1.12.0,druid/src/main/java/org/apache/calcite/adapter/druid/DruidSchema.java,0,0,0.24425329791578368
1.12.0,core/src/main/java/org/apache/calcite/sql/parser/SqlParser.java,0,1,0.7305255309697701
1.12.0,core/src/main/java/org/apache/calcite/rex/RexCall.java,0,1,0.7735146004662051
1.12.0,avatica/standalone-server/src/main/java/org/apache/calcite/avatica/standalone/StandaloneServer.java,0,0,0.3313812578830544
1.12.0,core/src/main/java/org/apache/calcite/sql/SqlAlter.java,0,1,0.6166057605373576
1.12.0,core/src/main/java/org/apache/calcite/sql/SqlSetOption.java,0,0,0.49236921268089595
1.12.0,core/src/main/java/org/apache/calcite/adapter/enumerable/EnumerableTableScan.java,0,1,0.708763591271961
1.12.0,core/src/main/java/org/apache/calcite/adapter/enumerable/JavaRowFormat.java,0,1,0.6810158754856565
1.12.0,core/src/main/java/org/apache/calcite/adapter/enumerable/PhysTypeImpl.java,0,1,0.8498344086902067
1.12.0,avatica/core/src/main/java/org/apache/calcite/avatica/AvaticaPreparedStatement.java,0,1,0.5885436763803817
1.12.0,avatica/core/src/main/java/org/apache/calcite/avatica/AvaticaResultSet.java,0,1,0.7738519073629317
1.12.0,avatica/core/src/main/java/org/apache/calcite/avatica/AvaticaSite.java,0,0,0.27860388741135783
1.12.0,avatica/core/src/main/java/org/apache/calcite/avatica/AvaticaUtils.java,0,1,0.6116837606148477
1.12.0,avatica/core/src/main/java/org/apache/calcite/avatica/BuiltInConnectionProperty.java,0,1,0.6993251068547708
1.12.0,avatica/core/src/main/java/org/apache/calcite/avatica/ConnectionConfigImpl.java,0,1,0.7997712991531767
1.12.0,avatica/core/src/main/java/org/apache/calcite/avatica/SqlState.java,0,1,0.5535964739581785
1.12.0,avatica/core/src/main/java/org/apache/calcite/avatica/util/Base64.java,0,0,0.10853263975254973
1.12.0,avatica/core/src/main/java/org/apache/calcite/avatica/util/DateTimeUtils.java,0,1,0.8767933343708904
1.12.0,avatica/core/src/main/java/org/apache/calcite/avatica/util/Unsafe.java,0,0,0.12452862079970894
1.12.0,avatica/core/src/main/java/org/apache/calcite/avatica/remote/AvaticaRemoteConnectionProperty.java,0,0,0.2515690182662826
1.12.0,avatica/core/src/main/java/org/apache/calcite/avatica/remote/Driver.java,0,0,0.32524798233013447
1.12.0,avatica/core/src/main/java/org/apache/calcite/avatica/remote/RemoteProtobufService.java,0,0,0.16724814628834894
1.12.0,avatica/server/src/main/java/org/apache/calcite/avatica/jdbc/JdbcMeta.java,0,1,0.6897975037923841
1.12.0,avatica/server/src/main/java/org/apache/calcite/avatica/jdbc/JdbcResultSet.java,0,1,0.5547996531467871
1.12.0,avatica/server/src/main/java/org/apache/calcite/avatica/server/HttpServer.java,0,1,0.6494816223072486
1.12.0,avatica/tck/src/main/java/org/apache/calcite/avatica/tck/TestRunner.java,0,0,0.38109219725511423
1.12.0,avatica/tck/src/main/java/org/apache/calcite/avatica/tck/Unsafe.java,0,0,0.16247373791418102
1.12.0,avatica/core/src/main/java/org/apache/calcite/avatica/ConnectionConfig.java,0,0,0.2522888444968078
1.12.0,avatica/core/src/main/java/org/apache/calcite/avatica/remote/AvaticaCommonsHttpClientImpl.java,0,0,0.3580374764705028
1.12.0,avatica/core/src/main/java/org/apache/calcite/avatica/remote/AvaticaHttpClientFactoryImpl.java,0,1,0.5180676281341031
1.12.0,avatica/core/src/main/java/org/apache/calcite/avatica/remote/TrustStoreConfigurable.java,0,0,0.19141530819838723
1.12.0,core/src/main/java/org/apache/calcite/plan/RelOptMaterializations.java,0,1,0.711190674827204
1.12.0,core/src/main/java/org/apache/calcite/rex/RexLiteral.java,1,1,0.8796314576985846
1.12.0,core/src/main/java/org/apache/calcite/sql/fun/SqlTimestampAddFunction.java,0,0,0.4634092166680693
1.12.0,core/src/main/java/org/apache/calcite/sql/fun/SqlTimestampDiffFunction.java,0,0,0.1017925273295202
1.12.0,druid/src/main/java/org/apache/calcite/adapter/druid/DruidDateTimeUtils.java,1,1,0.7809124586285833
1.12.0,druid/src/main/java/org/apache/calcite/adapter/druid/DruidTable.java,0,1,0.6413688584708922
1.12.0,druid/src/main/java/org/apache/calcite/adapter/druid/DruidTableFactory.java,0,0,0.4948368372579832
1.12.0,druid/src/main/java/org/apache/calcite/adapter/druid/LocalInterval.java,0,0,0.28853781733392725
1.12.0,core/src/main/java/org/apache/calcite/rel/rules/UnionMergeRule.java,1,1,0.7418022725174579
1.12.0,core/src/main/java/org/apache/calcite/plan/VisitorDataContext.java,0,0,0.30480536058686536
1.12.0,core/src/main/java/org/apache/calcite/sql/SqlDescribeSchema.java,0,0,0.2027037507973853
1.12.0,core/src/main/java/org/apache/calcite/sql/SqlDescribeTable.java,0,0,0.35319890961085976
1.12.0,core/src/main/java/org/apache/calcite/rel/rules/IntersectToDistinctRule.java,0,1,0.6027992006071146
1.12.0,avatica/core/src/main/java/org/apache/calcite/avatica/ConnectionProperty.java,0,1,0.5527277759675303
1.12.0,core/src/main/java/org/apache/calcite/adapter/enumerable/ReflectiveCallNotNullImplementor.java,0,1,0.6323128987000325
1.12.0,core/src/main/java/org/apache/calcite/sql/SqlBasicCall.java,1,0,0.14053178784303988
1.12.0,core/src/main/java/org/apache/calcite/sql/SqlCall.java,0,1,0.5704013643025835
1.12.0,linq4j/src/main/java/org/apache/calcite/linq4j/tree/BlockBuilder.java,0,1,0.8734812405737308
1.12.0,linq4j/src/main/java/org/apache/calcite/linq4j/tree/DeterministicCodeOptimizer.java,0,1,0.6035771769330923
1.12.0,file/src/main/java/org/apache/calcite/adapter/file/FileFieldType.java,0,0,0.14089871353749975
1.12.0,file/src/main/java/org/apache/calcite/adapter/file/FileReaderException.java,0,0,0.10787866788817203
1.12.0,file/src/main/java/org/apache/calcite/adapter/file/FileTableScan.java,0,0,0.1736784711228754
1.12.0,core/src/main/java/org/apache/calcite/rel/RelNode.java,0,0,0.2586166800837821
1.12.0,core/src/main/java/org/apache/calcite/rex/RexChecker.java,0,1,0.6700436122753902
1.12.0,core/src/main/java/org/apache/calcite/rel/core/Calc.java,0,0,0.3507296708307084
1.12.0,core/src/main/java/org/apache/calcite/rel/core/Filter.java,0,1,0.5601916987376108
1.12.0,core/src/main/java/org/apache/calcite/rel/core/Project.java,1,1,0.5653081448070539
1.12.0,core/src/main/java/org/apache/calcite/rel/core/Window.java,0,1,0.7224655693290515
1.12.0,core/src/main/java/org/apache/calcite/rel/logical/LogicalCorrelate.java,0,0,0.4243866397397027
1.12.0,core/src/main/java/org/apache/calcite/jdbc/CalciteResultSet.java,1,1,0.6682212478850611
1.12.0,core/src/main/java/org/apache/calcite/model/JsonSchema.java,0,1,0.7301117066208868
1.12.0,core/src/main/java/org/apache/calcite/interpreter/AggregateNode.java,1,1,0.842492153670656
1.12.0,core/src/main/java/org/apache/calcite/jdbc/CalciteMetaImpl.java,1,1,0.6635681272534688
1.12.0,core/src/main/java/org/apache/calcite/rel/AbstractRelNode.java,1,1,0.9719384383281062
1.12.0,core/src/main/java/org/apache/calcite/sql/SqlCallBinding.java,0,1,0.7293995970470337
1.12.0,core/src/main/java/org/apache/calcite/sql/SqlFilterOperator.java,0,1,0.5909200383157952
1.12.0,core/src/main/java/org/apache/calcite/sql/SqlIntervalLiteral.java,1,1,0.5387209971363605
1.12.0,core/src/main/java/org/apache/calcite/sql/SqlOverOperator.java,0,1,0.6257379015072775
1.12.0,core/src/main/java/org/apache/calcite/adapter/java/ReflectiveSchema.java,0,1,0.6891316879894028
1.12.0,core/src/main/java/org/apache/calcite/rel/core/Sort.java,1,1,0.5690929180265526
1.12.0,core/src/main/java/org/apache/calcite/rel/core/TableScan.java,0,0,0.4540118651423002
1.12.0,core/src/main/java/org/apache/calcite/rel/type/RelDataTypeFactoryImpl.java,0,1,0.7471528436282713
1.12.0,core/src/main/java/org/apache/calcite/schema/impl/TableFunctionImpl.java,0,1,0.6216623330930271
1.12.0,core/src/main/java/org/apache/calcite/schema/impl/TableMacroImpl.java,0,1,0.6175970537041797
1.12.0,core/src/main/java/org/apache/calcite/sql/fun/SqlCaseOperator.java,0,1,0.595071810678355
1.12.0,core/src/main/java/org/apache/calcite/sql/fun/SqlCastFunction.java,0,1,0.6730720272915443
1.12.0,core/src/main/java/org/apache/calcite/sql/fun/SqlCountAggFunction.java,0,1,0.5135682087612385
1.12.0,core/src/main/java/org/apache/calcite/sql/fun/SqlFirstLastValueAggFunction.java,0,0,0.41489478978559735
1.12.0,core/src/main/java/org/apache/calcite/sql/fun/SqlHistogramAggFunction.java,0,0,0.24234587655739806
1.12.0,core/src/main/java/org/apache/calcite/sql/fun/SqlInOperator.java,0,1,0.6713587003055251
1.12.0,core/src/main/java/org/apache/calcite/sql/fun/SqlMinMaxAggFunction.java,0,0,0.4718727520293691
1.12.0,core/src/main/java/org/apache/calcite/sql/fun/SqlSingleValueAggFunction.java,0,0,0.24234587655739806
1.12.0,core/src/main/java/org/apache/calcite/sql/fun/SqlSumAggFunction.java,0,0,0.48264729575064175
1.12.0,core/src/main/java/org/apache/calcite/sql/fun/SqlSumEmptyIsZeroAggFunction.java,1,0,0.4213498555216889
1.12.0,core/src/main/java/org/apache/calcite/sql/validate/AbstractNamespace.java,0,1,0.7778829910414271
1.12.0,core/src/main/java/org/apache/calcite/sql/validate/DelegatingNamespace.java,0,0,0.3694736335469053
1.12.0,core/src/main/java/org/apache/calcite/sql/validate/SqlUserDefinedAggFunction.java,0,0,0.2798537653375237
1.12.0,avatica/core/src/main/java/org/apache/calcite/avatica/UnregisteredDriver.java,0,0,0.4125259180082064
1.12.0,avatica/core/src/main/java/org/apache/calcite/avatica/remote/RemoteMeta.java,0,0,0.4226842412497663
1.12.0,avatica/core/src/main/java/org/apache/calcite/avatica/remote/Service.java,0,1,0.767386973844113
1.12.0,avatica/server/src/main/java/org/apache/calcite/avatica/server/Main.java,0,0,0.18276732519497169
1.12.0,avatica/noop-driver/src/main/java/org/apache/calcite/avatica/noop/AvaticaNoopPreparedStatement.java,0,0,0.20260292540761052
1.12.0,avatica/noop-driver/src/main/java/org/apache/calcite/avatica/noop/AvaticaNoopResultSet.java,0,0,0.468567024715405
1.12.0,elasticsearch/src/main/java/org/apache/calcite/adapter/elasticsearch/ElasticsearchRules.java,0,0,0.2613857455500147
1.12.0,linq4j/src/main/java/org/apache/calcite/linq4j/tree/Types.java,0,1,0.9810804823928204
1.12.0,core/src/main/java/org/apache/calcite/sql/validate/JoinScope.java,0,0,0.43021741517884465
1.12.0,core/src/main/java/org/apache/calcite/sql/validate/ScopeChild.java,0,0,0.15834603768905536
1.12.0,core/src/main/java/org/apache/calcite/sql/validate/SqlValidatorNamespace.java,0,0,0.32415153990782397
1.12.0,core/src/main/java/org/apache/calcite/sql/validate/TableScope.java,0,1,0.5373556885157397
1.12.0,core/src/main/java/org/apache/calcite/rel/rules/PruneEmptyRules.java,0,1,0.7593418637405117
1.12.0,core/src/main/java/org/apache/calcite/runtime/Hook.java,0,1,0.775927887248543
1.12.0,core/src/main/java/org/apache/calcite/adapter/enumerable/EnumerableIntersect.java,0,1,0.620974585774882
1.12.0,core/src/main/java/org/apache/calcite/adapter/enumerable/EnumerableMinus.java,0,1,0.6184291365913891
1.12.0,core/src/main/java/org/apache/calcite/adapter/enumerable/EnumerableUnion.java,1,1,0.611820171774571
1.12.0,linq4j/src/main/java/org/apache/calcite/linq4j/EnumerableDefaults.java,0,1,0.9488501674593026
1.12.0,core/src/main/java/org/apache/calcite/rel/externalize/RelJson.java,0,1,0.9234839106780336
1.12.0,core/src/main/java/org/apache/calcite/sql/validate/DelegatingScope.java,0,1,0.928356799617067
1.12.0,core/src/main/java/org/apache/calcite/sql/validate/ListScope.java,0,1,0.8713393339377721
1.12.0,core/src/main/java/org/apache/calcite/sql/validate/MatchRecognizeScope.java,0,0,0.39976788343010716
1.12.0,avatica/server/src/main/java/org/apache/calcite/avatica/jdbc/StatementInfo.java,0,1,0.5160553987595535
1.12.0,core/src/main/java/org/apache/calcite/sql/SqlAggFunction.java,0,0,0.13625664076126057
1.12.0,core/src/main/java/org/apache/calcite/plan/SubstitutionVisitor.java,0,1,0.9785839998341077
1.12.0,core/src/main/java/org/apache/calcite/rex/RexProgram.java,0,1,0.7096499595265227
1.12.0,core/src/main/java/org/apache/calcite/rex/RexProgramBuilder.java,0,1,0.9429037463821525
1.12.0,core/src/main/java/org/apache/calcite/rex/RexSimplify.java,1,1,0.917002487280772
1.12.0,core/src/main/java/org/apache/calcite/rex/RexUtil.java,1,1,0.9996032760587477
1.12.0,core/src/main/java/org/apache/calcite/sql2rel/StandardConvertletTable.java,1,1,0.9670178996891401
1.12.0,core/src/main/java/org/apache/calcite/tools/RelBuilder.java,1,1,0.978015811904038
1.12.0,core/src/main/java/org/apache/calcite/adapter/enumerable/EnumerableCalc.java,0,1,0.552446407910903
1.12.0,core/src/main/java/org/apache/calcite/rel/metadata/RelMdPredicates.java,1,1,0.9702454019614906
1.12.0,core/src/main/java/org/apache/calcite/rel/rules/DateRangeRules.java,1,1,0.9759241278455897
1.12.0,core/src/main/java/org/apache/calcite/rel/rules/ReduceExpressionsRule.java,1,1,0.8985237816509887
1.12.0,core/src/main/java/org/apache/calcite/sql/SqlIntervalQualifier.java,1,1,0.8875866684481486
1.12.0,core/src/main/java/org/apache/calcite/rel/metadata/RelMdSize.java,0,1,0.5341869206507566
1.12.0,core/src/main/java/org/apache/calcite/sql/type/IntervalSqlType.java,0,1,0.551206530795466
1.12.0,core/src/main/java/org/apache/calcite/sql/type/MatchReturnTypeInference.java,0,0,0.4757576706225203
1.12.0,core/src/main/java/org/apache/calcite/sql/type/SqlTypeFamily.java,0,0,0.3910272287422316
1.12.0,core/src/main/java/org/apache/calcite/rex/RexBuilder.java,0,1,0.9461666385566871
1.12.0,core/src/main/java/org/apache/calcite/adapter/enumerable/RexToLixTranslator.java,0,1,0.9981316155689748
1.12.0,core/src/main/java/org/apache/calcite/sql/type/SqlTypeFactoryImpl.java,0,1,0.8666087893445135
1.12.0,core/src/main/java/org/apache/calcite/sql/type/SqlTypeUtil.java,1,1,0.8086769589746329
1.12.0,pig/src/main/java/org/apache/calcite/adapter/pig/PigFilter.java,0,1,0.5951113013763202
1.12.0,core/src/main/java/org/apache/calcite/runtime/FlatLists.java,1,1,0.649745351600202
1.12.0,core/src/main/java/org/apache/calcite/DataContext.java,0,0,0.34397456513223085
1.12.0,core/src/main/java/org/apache/calcite/util/CancelFlag.java,0,0,0.16218167541745146
1.12.0,core/src/main/java/org/apache/calcite/rel/rules/AggregateExpandDistinctAggregatesRule.java,1,1,0.7076791699938877
1.12.0,core/src/main/java/org/apache/calcite/rel/rules/AggregateReduceFunctionsRule.java,0,1,0.7347757243781917
1.12.0,core/src/main/java/org/apache/calcite/rel/rules/AggregateValuesRule.java,0,1,0.6155922893932371
1.12.0,core/src/main/java/org/apache/calcite/sql/util/ListSqlOperatorTable.java,0,0,0.45726638883880255
1.12.0,core/src/main/java/org/apache/calcite/sql/validate/SqlUserDefinedFunction.java,0,0,0.1017925273295202
1.12.0,core/src/main/java/org/apache/calcite/sql/validate/SqlUserDefinedTableFunction.java,0,0,0.1017925273295202
1.12.0,core/src/main/java/org/apache/calcite/rel/stream/StreamRules.java,0,0,0.3421688743599091
1.12.0,core/src/main/java/org/apache/calcite/util/Compatible.java,0,0,0.4446164815100328
1.12.0,core/src/main/java/org/apache/calcite/rex/RexOver.java,0,0,0.1596839378154768
1.12.0,core/src/main/java/org/apache/calcite/runtime/PredicateImpl.java,0,0,0.1820195946471162
1.12.0,core/src/main/java/org/apache/calcite/plan/volcano/VolcanoRuleMatch.java,0,1,0.876382016857954
1.12.0,core/src/main/java/org/apache/calcite/rel/type/RelDataTypePrecedenceList.java,0,0,0.25529668456503113
1.12.0,core/src/main/java/org/apache/calcite/adapter/enumerable/RexImpTable.java,1,1,0.9965951466130327
1.12.0,core/src/main/java/org/apache/calcite/rel/core/Aggregate.java,0,1,0.7245954977452138
1.12.0,core/src/main/java/org/apache/calcite/rel/core/Values.java,0,1,0.8701807506014854
1.12.0,core/src/main/java/org/apache/calcite/sql/type/SqlTypeExplicitPrecedenceList.java,1,1,0.8216491897659611
1.12.0,core/src/main/java/org/apache/calcite/rel/logical/LogicalWindow.java,0,1,0.6165847051138637
1.12.0,core/src/main/java/org/apache/calcite/rel/metadata/RelMdColumnUniqueness.java,1,1,0.8384584351844487
1.12.0,core/src/main/java/org/apache/calcite/rel/rules/FilterTableScanRule.java,0,1,0.537236313123299
1.12.0,core/src/main/java/org/apache/calcite/rel/rules/ProjectRemoveRule.java,0,0,0.4539011100989192
1.12.0,core/src/main/java/org/apache/calcite/rel/rules/ProjectTableScanRule.java,0,1,0.5847375633843216
1.12.0,core/src/main/java/org/apache/calcite/jdbc/CalcitePrepare.java,1,1,0.5889156014672934
1.12.0,core/src/main/java/org/apache/calcite/prepare/CalciteCatalogReader.java,1,1,0.7567942822602531
1.12.0,core/src/main/java/org/apache/calcite/prepare/CalcitePrepareImpl.java,1,1,0.9929728547843751
1.12.0,core/src/main/java/org/apache/calcite/prepare/Prepare.java,0,1,0.9386226935556392
1.12.0,core/src/main/java/org/apache/calcite/prepare/RelOptTableImpl.java,0,1,0.7491501423188431
1.12.0,core/src/main/java/org/apache/calcite/runtime/CalciteResource.java,0,1,0.8084075157568602
1.12.0,core/src/main/java/org/apache/calcite/schema/ExtensibleTable.java,0,0,0.24082953654499498
1.12.0,core/src/main/java/org/apache/calcite/schema/Schemas.java,1,1,0.5568246011973708
1.12.0,core/src/main/java/org/apache/calcite/sql2rel/SqlToRelConverter.java,1,1,0.9999946330522451
1.12.0,core/src/main/java/org/apache/calcite/rel/type/RelDataTypeField.java,0,0,0.24629891478311652
1.12.0,core/src/main/java/org/apache/calcite/schema/impl/ModifiableViewTable.java,0,1,0.5422022234998436
1.12.0,core/src/main/java/org/apache/calcite/schema/impl/ViewTable.java,0,1,0.7520045730644375
1.12.0,core/src/main/java/org/apache/calcite/schema/impl/ViewTableMacro.java,0,1,0.5435513237351137
1.12.0,core/src/main/java/org/apache/calcite/sql/validate/DelegatingSqlValidatorCatalogReader.java,0,0,0.3006539511866611
1.12.0,core/src/main/java/org/apache/calcite/sql/validate/EmptyScope.java,1,1,0.832002841257692
1.12.0,core/src/main/java/org/apache/calcite/sql/validate/IdentifierNamespace.java,0,1,0.7264923005169374
1.12.0,core/src/main/java/org/apache/calcite/sql/validate/SqlValidatorCatalogReader.java,0,0,0.4082578376672799
1.12.0,core/src/main/java/org/apache/calcite/sql/validate/SqlValidatorImpl.java,1,1,0.9997496499439008
1.12.0,core/src/main/java/org/apache/calcite/sql/validate/SqlValidatorUtil.java,0,1,0.9649497136107068
1.12.0,core/src/main/java/org/apache/calcite/sql/validate/TableNamespace.java,0,1,0.5872479002923582
1.12.0,core/src/main/java/org/apache/calcite/rel/type/RelDataTypeSystemImpl.java,0,1,0.6311320158227174
1.12.0,core/src/main/java/org/apache/calcite/sql/type/ReturnTypes.java,0,1,0.8379408245784671
1.12.0,core/src/main/java/org/apache/calcite/prepare/LixToRelTranslator.java,0,0,0.39941054360750156
1.12.0,core/src/main/java/org/apache/calcite/schema/impl/MaterializedViewTable.java,0,0,0.19218367720456592
1.12.0,core/src/main/java/org/apache/calcite/runtime/RandomFunction.java,0,1,0.6623273473767989
1.12.0,core/src/main/java/org/apache/calcite/sql/fun/SqlRandFunction.java,0,0,0.20850638850164327
1.12.0,core/src/main/java/org/apache/calcite/sql/fun/SqlRandIntegerFunction.java,0,0,0.1428588201285143
1.12.0,core/src/main/java/org/apache/calcite/util/BuiltInMethod.java,0,1,0.8890024679683225
1.12.0,pig/src/main/java/org/apache/calcite/adapter/pig/PigAggFunction.java,0,0,0.48175154016325594
1.12.0,pig/src/main/java/org/apache/calcite/adapter/pig/PigAggregate.java,0,1,0.58832937399482
1.12.0,pig/src/main/java/org/apache/calcite/adapter/pig/PigDataType.java,0,0,0.49714573845695537
1.12.0,pig/src/main/java/org/apache/calcite/adapter/pig/PigJoin.java,0,0,0.48547816551241574
1.12.0,pig/src/main/java/org/apache/calcite/adapter/pig/PigProject.java,0,0,0.415634932008163
1.12.0,pig/src/main/java/org/apache/calcite/adapter/pig/PigRel.java,0,0,0.3537631446024852
1.12.0,pig/src/main/java/org/apache/calcite/adapter/pig/PigRelFactories.java,0,0,0.13215984402996273
1.12.0,pig/src/main/java/org/apache/calcite/adapter/pig/PigRules.java,0,0,0.1285733077868983
1.12.0,pig/src/main/java/org/apache/calcite/adapter/pig/PigSchema.java,0,0,0.18925285407487788
1.12.0,pig/src/main/java/org/apache/calcite/adapter/pig/PigSchemaFactory.java,0,0,0.12404637633956628
1.12.0,pig/src/main/java/org/apache/calcite/adapter/pig/PigTable.java,0,1,0.5050690646202421
1.12.0,pig/src/main/java/org/apache/calcite/adapter/pig/PigTableFactory.java,0,1,0.692040099279833
1.12.0,pig/src/main/java/org/apache/calcite/adapter/pig/PigTableScan.java,0,0,0.4293216254732976
1.12.0,pig/src/main/java/org/apache/calcite/adapter/pig/PigToEnumerableConverter.java,0,0,0.11988472247100175
1.12.0,pig/src/main/java/org/apache/calcite/adapter/pig/PigToEnumerableConverterRule.java,0,0,0.12394235359426979
1.12.0,core/src/main/java/org/apache/calcite/sql/SqlOperator.java,0,1,0.8302227320123956
1.12.0,core/src/main/java/org/apache/calcite/sql/fun/SqlGroupFunction.java,1,1,0.567711843449221
1.12.0,core/src/main/java/org/apache/calcite/sql/validate/AggChecker.java,1,1,0.723000271575853
1.12.0,core/src/main/java/org/apache/calcite/sql/validate/AggFinder.java,0,1,0.6803634935529205
1.12.0,core/src/main/java/org/apache/calcite/sql/validate/AggregatingSelectScope.java,0,1,0.7934916242676928
1.12.0,core/src/main/java/org/apache/calcite/adapter/enumerable/EnumerableWindow.java,1,1,0.7509827129416383
1.12.0,core/src/main/java/org/apache/calcite/adapter/enumerable/PhysType.java,0,0,0.31212013236107145
1.12.0,core/src/main/java/org/apache/calcite/rel/RelRoot.java,0,0,0.41710903500293656
1.12.0,core/src/main/java/org/apache/calcite/plan/Context.java,0,0,0.24967854367418996
1.12.0,core/src/main/java/org/apache/calcite/plan/RelOptTable.java,0,0,0.2338843309121842
1.12.0,core/src/main/java/org/apache/calcite/prepare/CalciteSqlValidator.java,0,0,0.16999629796321017
1.12.0,core/src/main/java/org/apache/calcite/rel/rules/ProjectJoinTransposeRule.java,1,0,0.48253415189099225
1.12.0,core/src/main/java/org/apache/calcite/rel/rules/ProjectSetOpTransposeRule.java,1,0,0.450143577725783
1.12.0,core/src/main/java/org/apache/calcite/rel/rules/PushProjector.java,1,1,0.6451973738308052
1.12.0,core/src/main/java/org/apache/calcite/schema/Wrapper.java,0,0,0.25064443517053464
1.12.0,core/src/main/java/org/apache/calcite/sql2rel/InitializerExpressionFactory.java,0,0,0.23451236574002748
1.12.0,core/src/main/java/org/apache/calcite/sql2rel/NullInitializerExpressionFactory.java,0,0,0.19375198107504069
1.12.0,core/src/main/java/org/apache/calcite/rel/rules/AggregateJoinTransposeRule.java,1,1,0.7966315754827917
1.12.0,core/src/main/java/org/apache/calcite/sql/advise/SqlAdvisorValidator.java,0,1,0.629244736976721
1.12.0,core/src/main/java/org/apache/calcite/sql/validate/SqlAbstractConformance.java,0,0,0.21433606520103826
1.12.0,core/src/main/java/org/apache/calcite/sql/validate/SqlConformance.java,0,1,0.7175458149395831
1.12.0,core/src/main/java/org/apache/calcite/sql/validate/SqlConformanceEnum.java,0,1,0.7253015500267377
1.12.0,core/src/main/java/org/apache/calcite/sql/validate/SqlDelegatingConformance.java,0,0,0.27916784154911506
1.12.0,core/src/main/java/org/apache/calcite/sql/validate/SqlValidatorTable.java,0,0,0.23434739084761622
1.12.0,core/src/main/java/org/apache/calcite/util/ImmutableBitSet.java,0,1,0.7881667683965462
1.12.0,avatica/core/src/main/java/org/apache/calcite/avatica/remote/LocalService.java,0,0,0.2003677385046959
1.12.0,core/src/main/java/org/apache/calcite/rel/rules/AggregateFilterTransposeRule.java,0,1,0.633015679282477
1.12.0,core/src/main/java/org/apache/calcite/rel/rules/FilterAggregateTransposeRule.java,0,1,0.59225439531458
1.12.0,core/src/main/java/org/apache/calcite/rel/rules/FilterProjectTransposeRule.java,1,1,0.5735039841011749
1.12.0,core/src/main/java/org/apache/calcite/rel/rules/ProjectFilterTransposeRule.java,1,1,0.5852479388390638
1.12.0,core/src/main/java/org/apache/calcite/sql/fun/SqlGroupingFunction.java,0,0,0.16523361394892092
1.12.0,core/src/main/java/org/apache/calcite/sql/fun/SqlGroupingIdFunction.java,0,0,0.25095685073972995
1.12.0,druid/src/main/java/org/apache/calcite/adapter/druid/DruidQuery.java,1,1,0.971287525183186
1.12.0,core/src/main/java/org/apache/calcite/plan/RelOptMaterialization.java,0,1,0.6311669783575905
1.12.0,core/src/main/java/org/apache/calcite/config/CalciteConnectionProperty.java,0,1,0.8856390018838841
1.12.0,core/src/main/java/org/apache/calcite/interpreter/Interpreter.java,0,1,0.7159315832487982
1.12.0,core/src/main/java/org/apache/calcite/jdbc/CalciteSchema.java,1,1,0.9595078568488902
1.12.0,core/src/main/java/org/apache/calcite/materialize/TileSuggester.java,0,1,0.6297168207864525
1.12.0,core/src/main/java/org/apache/calcite/tools/Program.java,0,0,0.23340146771400946
1.12.0,core/src/main/java/org/apache/calcite/runtime/HttpUtils.java,0,1,0.784794010766785
1.12.0,core/src/main/java/org/apache/calcite/runtime/SqlFunctions.java,1,1,0.9932142390782118
1.12.0,core/src/main/java/org/apache/calcite/sql/JoinType.java,0,0,0.16594890789297398
1.12.0,core/src/main/java/org/apache/calcite/sql/SemiJoinType.java,0,1,0.566059874552117
1.12.0,core/src/main/java/org/apache/calcite/sql/SqlAccessType.java,0,0,0.33077642173347743
1.12.0,core/src/main/java/org/apache/calcite/sql/SqlCollation.java,0,1,0.5857975187515512
1.12.0,core/src/main/java/org/apache/calcite/sql/SqlDialect.java,1,1,0.6878016805820705
1.12.0,core/src/main/java/org/apache/calcite/sql/SqlUtil.java,0,1,0.7372583388492074
1.12.0,core/src/main/java/org/apache/calcite/plan/hep/HepPlanner.java,1,1,0.8803497084800993
1.12.0,core/src/main/java/org/apache/calcite/plan/volcano/RuleQueue.java,0,1,0.6200658239913246
1.12.0,core/src/main/java/org/apache/calcite/util/ConversionUtil.java,0,0,0.36500190781526487
1.12.0,core/src/main/java/org/apache/calcite/util/NameMap.java,0,1,0.5802426937146042
1.12.0,core/src/main/java/org/apache/calcite/util/NameMultimap.java,0,1,0.596867730182573
1.12.0,core/src/main/java/org/apache/calcite/util/NameSet.java,0,1,0.6468729671842027
1.12.0,core/src/main/java/org/apache/calcite/util/NlsString.java,0,1,0.8501876582265856
1.12.0,core/src/main/java/org/apache/calcite/util/NumberUtil.java,0,0,0.4855803095225074
1.12.0,core/src/main/java/org/apache/calcite/util/Sources.java,0,0,0.2460401198876593
1.12.0,core/src/main/java/org/apache/calcite/util/Template.java,0,0,0.40697651747244107
1.12.0,core/src/main/java/org/apache/calcite/util/Unsafe.java,0,0,0.09783730517352408
1.12.0,core/src/main/java/org/apache/calcite/util/Util.java,1,1,0.9900238888105598
1.12.0,core/src/main/java/org/apache/calcite/util/ZonelessDatetime.java,0,0,0.43339250788416384
1.12.0,core/src/main/java/org/apache/calcite/rel/rules/MaterializedViewFilterScanRule.java,0,1,0.5374759236933093
1.12.0,core/src/main/java/org/apache/calcite/rel/rules/MaterializedViewJoinRule.java,0,1,0.8536918318407224
1.12.0,core/src/main/java/org/apache/calcite/adapter/jdbc/JdbcSchema.java,1,1,0.8142678567485737
1.12.0,core/src/main/java/org/apache/calcite/rel/core/Correlate.java,0,1,0.6733434487467101
1.12.0,core/src/main/java/org/apache/calcite/rel/core/Join.java,0,1,0.5943074024084676
1.12.0,core/src/main/java/org/apache/calcite/rel/core/JoinRelType.java,0,1,0.5647888332341016
1.12.0,core/src/main/java/org/apache/calcite/rel/externalize/RelJsonReader.java,0,1,0.6518532914885765
1.12.0,core/src/main/java/org/apache/calcite/rel/rules/MultiJoinOptimizeBushyRule.java,0,1,0.6963591514815511
1.12.0,core/src/main/java/org/apache/calcite/sql/advise/SqlAdvisor.java,0,1,0.6393855650948428
1.12.0,core/src/main/java/org/apache/calcite/sql/advise/SqlSimpleParser.java,0,1,0.7538003804199443
1.12.0,core/src/main/java/org/apache/calcite/sql/parser/SqlParserUtil.java,0,1,0.8733089658300338
1.12.0,core/src/main/java/org/apache/calcite/sql/pretty/SqlPrettyWriter.java,0,1,0.6817660709303535
1.12.0,core/src/main/java/org/apache/calcite/sql/type/SqlTypeName.java,0,1,0.9162121587394416
1.12.0,core/src/main/java/org/apache/calcite/sql/util/ReflectiveSqlOperatorTable.java,0,1,0.7499651850574167
1.12.0,core/src/main/java/org/apache/calcite/util/javac/JaninoCompiler.java,0,0,0.45555544300899686
1.12.0,core/src/main/java/org/apache/calcite/util/trace/CalciteTimingTracer.java,0,0,0.20807816148644448
1.12.0,druid/src/main/java/org/apache/calcite/adapter/druid/DruidConnectionImpl.java,1,1,0.9755456854712421
1.12.0,druid/src/main/java/org/apache/calcite/adapter/druid/Granularity.java,0,0,0.26088891461628144
1.12.0,elasticsearch/src/main/java/org/apache/calcite/adapter/elasticsearch/ElasticsearchFilter.java,1,1,0.5121200725971455
1.12.0,file/src/main/java/org/apache/calcite/adapter/file/FileReader.java,0,1,0.7984671572721841
1.12.0,file/src/main/java/org/apache/calcite/adapter/file/FileRowConverter.java,1,1,0.7099044058748974
1.12.0,plus/src/main/java/org/apache/calcite/adapter/tpcds/TpcdsSchema.java,0,0,0.45567590000185615
1.12.0,plus/src/main/java/org/apache/calcite/adapter/tpch/TpchSchema.java,0,0,0.2135459839305407
1.12.0,spark/src/main/java/org/apache/calcite/adapter/spark/SparkHandlerImpl.java,0,0,0.25590586786700265
1.12.0,spark/src/main/java/org/apache/calcite/adapter/spark/SparkRules.java,0,0,0.3798229815695872
1.12.0,splunk/src/main/java/org/apache/calcite/adapter/splunk/search/SplunkConnectionImpl.java,0,1,0.7089428933666655
1.12.0,core/src/main/java/org/apache/calcite/sql/SqlJdbcDataTypeName.java,0,1,0.5412892366979634
1.12.0,core/src/main/java/org/apache/calcite/plan/AbstractRelOptPlanner.java,0,1,0.7639287992343163
1.12.0,core/src/main/java/org/apache/calcite/plan/RelOptPlanner.java,0,0,0.20928408709456023
1.12.0,core/src/main/java/org/apache/calcite/plan/RexImplicationChecker.java,0,1,0.9218531070760223
1.12.0,core/src/main/java/org/apache/calcite/prepare/PlannerImpl.java,0,1,0.7893937703250153
1.12.0,core/src/main/java/org/apache/calcite/rex/RexExecutor.java,0,0,0.18532964888120476
1.12.0,core/src/main/java/org/apache/calcite/rex/RexExecutorImpl.java,0,1,0.6380580468497129
1.12.0,core/src/main/java/org/apache/calcite/adapter/jdbc/JdbcImplementor.java,0,0,0.14003059188004663
1.12.0,core/src/main/java/org/apache/calcite/adapter/jdbc/JdbcTableScan.java,0,0,0.3918306347865039
1.12.0,core/src/main/java/org/apache/calcite/tools/FrameworkConfig.java,0,0,0.2529925900206654
1.12.0,core/src/main/java/org/apache/calcite/tools/Frameworks.java,0,0,0.4896668777338985
1.12.0,core/src/main/java/org/apache/calcite/interpreter/BindableConvention.java,0,0,0.47467528610524223
1.12.0,core/src/main/java/org/apache/calcite/interpreter/InterpretableConvention.java,0,0,0.17015279166996827
1.12.0,core/src/main/java/org/apache/calcite/plan/Convention.java,0,0,0.4188875606368828
1.12.0,core/src/main/java/org/apache/calcite/plan/RelTraitDef.java,0,1,0.5359686936424635
1.12.0,core/src/main/java/org/apache/calcite/rel/RelCollationTraitDef.java,0,0,0.28803973348908707
1.12.0,core/src/main/java/org/apache/calcite/adapter/enumerable/EnumerableConvention.java,0,0,0.47467528610524223
1.12.0,core/src/main/java/org/apache/calcite/plan/volcano/RelSet.java,0,1,0.6169456213447496
1.12.0,core/src/main/java/org/apache/calcite/rel/core/SetOp.java,0,0,0.43670028211949624
1.12.0,core/src/main/java/org/apache/calcite/sql/validate/OrderByScope.java,0,1,0.6620841706235008
1.12.0,core/src/main/java/org/apache/calcite/sql/SqlCreate.java,0,0,0.19654353231169158
1.12.0,core/src/main/java/org/apache/calcite/sql/SqlDataTypeSpec.java,0,1,0.8661171226772133
1.12.0,core/src/main/java/org/apache/calcite/sql/SqlDrop.java,0,0,0.19255893479765063
1.12.0,core/src/main/java/org/apache/calcite/sql/SqlExecutableStatement.java,0,0,0.1928485390679525
1.12.0,core/src/main/java/org/apache/calcite/adapter/enumerable/EnumerableRelImplementor.java,1,1,0.836090555984619
1.12.0,core/src/main/java/org/apache/calcite/adapter/enumerable/EnumerableTableModify.java,0,1,0.7430634860016915
1.12.0,core/src/main/java/org/apache/calcite/sql/fun/SqlExtractFunction.java,0,0,0.4777432352884181
1.12.0,core/src/main/java/org/apache/calcite/rel/metadata/RelMdUtil.java,0,1,0.7743280327519041
1.12.0,core/src/main/java/org/apache/calcite/plan/Strong.java,1,1,0.8097403896682479
1.12.0,core/src/main/java/org/apache/calcite/util/ZonelessTimestamp.java,0,0,0.43657753940233335
1.12.0,core/src/main/java/org/apache/calcite/materialize/Lattice.java,0,1,0.5892120026268124
1.12.0,core/src/main/java/org/apache/calcite/adapter/enumerable/EnumerableRel.java,0,0,0.36381145242892104
1.12.0,core/src/main/java/org/apache/calcite/rel/core/SemiJoin.java,0,0,0.39633912466779786
1.12.0,core/src/main/java/org/apache/calcite/rel/logical/LogicalProject.java,0,0,0.2706338948578748
1.12.0,core/src/main/java/org/apache/calcite/rel/rules/JoinProjectTransposeRule.java,0,0,0.46258027776359245
1.12.0,core/src/main/java/org/apache/calcite/rel/rules/SemiJoinProjectTransposeRule.java,0,0,0.4777432352884181
1.12.0,core/src/main/java/org/apache/calcite/rel/type/RelDataTypeSystem.java,0,0,0.1017925273295202
1.12.0,core/src/main/java/org/apache/calcite/sql/fun/SqlBaseContextVariable.java,0,0,0.1323177989458828
1.12.0,core/src/main/java/org/apache/calcite/sql/fun/SqlStringContextVariable.java,0,0,0.17521282967039867
1.12.0,core/src/main/java/org/apache/calcite/sql/fun/SqlPositionFunction.java,0,1,0.5608836858545228
1.12.0,core/src/main/java/org/apache/calcite/sql/type/SameOperandTypeExceptLastOperandChecker.java,0,1,0.5244595701190508
1.12.0,core/src/main/java/org/apache/calcite/util/CompositeList.java,0,0,0.45432395085782573
1.12.0,core/src/main/java/org/apache/calcite/sql2rel/SubQueryConverter.java,0,0,0.2551877825014389
1.12.0,core/src/main/java/org/apache/calcite/schema/CustomColumnResolvingTable.java,0,0,0.24080368023538856
1.12.0,core/src/main/java/org/apache/calcite/prepare/CalciteMaterializer.java,0,1,0.7696765096560325
1.12.0,core/src/main/java/org/apache/calcite/rel/RelHomogeneousShuttle.java,0,0,0.16825175989975766
1.12.0,core/src/main/java/org/apache/calcite/rel/RelShuttle.java,0,0,0.23845271367487295
1.12.0,core/src/main/java/org/apache/calcite/rel/RelShuttleImpl.java,0,1,0.6426068458097283
1.12.0,core/src/main/java/org/apache/calcite/rex/LogicVisitor.java,0,1,0.8497637213231086
1.12.0,core/src/main/java/org/apache/calcite/rex/RexBiVisitor.java,0,0,0.20852328184896246
1.12.0,core/src/main/java/org/apache/calcite/rex/RexPatternFieldRef.java,0,0,0.15001435370105418
1.12.0,core/src/main/java/org/apache/calcite/rex/RexShuttle.java,0,1,0.6347425669931085
1.12.0,core/src/main/java/org/apache/calcite/rex/RexVisitor.java,0,0,0.2383657707516746
1.12.0,core/src/main/java/org/apache/calcite/rex/RexVisitorImpl.java,0,1,0.5116465514374253
1.12.0,core/src/main/java/org/apache/calcite/sql/SqlFunctionCategory.java,0,1,0.600703574490616
1.12.0,core/src/main/java/org/apache/calcite/sql/SqlKind.java,1,1,0.922298270315576
1.12.0,core/src/main/java/org/apache/calcite/sql2rel/RelStructuredTypeFlattener.java,0,1,0.5877048116377013
1.12.0,core/src/main/java/org/apache/calcite/rel/core/Match.java,0,0,0.4829267041688666
1.12.0,core/src/main/java/org/apache/calcite/rel/core/RelFactories.java,0,1,0.5115433192694586
1.12.0,core/src/main/java/org/apache/calcite/rel/logical/LogicalMatch.java,0,0,0.1582486177822501
1.12.0,core/src/main/java/org/apache/calcite/sql/type/OperandTypes.java,0,1,0.6210755513643781
1.12.0,core/src/main/java/org/apache/calcite/sql/validate/MatchRecognizeNamespace.java,0,0,0.1172588771022512
1.12.0,core/src/main/java/org/apache/calcite/sql/validate/SqlValidator.java,0,0,0.24371605013015038
1.12.0,druid/src/main/java/org/apache/calcite/adapter/druid/DruidRules.java,1,1,0.9462280876976205
1.12.0,core/src/main/java/org/apache/calcite/schema/impl/ReflectiveFunctionBase.java,0,1,0.6610240358542349
1.12.0,core/src/main/java/org/apache/calcite/rex/RexSqlStandardConvertletTable.java,0,0,0.21094323158771394
1.12.0,core/src/main/java/org/apache/calcite/sql/fun/SqlDatetimeSubtractionOperator.java,1,0,0.1017925273295202
1.12.0,avatica/core/src/main/java/org/apache/calcite/avatica/MetaImpl.java,0,0,0.018274480355498127
1.12.0,avatica/core/src/main/java/org/apache/calcite/avatica/remote/MockProtobufService.java,0,0,0.15578030590744912
1.12.0,core/src/main/java/org/apache/calcite/tools/Programs.java,0,1,0.7723456847538839
1.12.0,core/src/main/java/org/apache/calcite/plan/volcano/VolcanoPlanner.java,0,1,0.9980910184129438
1.12.0,core/src/main/java/org/apache/calcite/rel/rules/SemiJoinRule.java,0,1,0.9087001070232714
