Ant version,ID,file,Bug,SM_interface_nod_stdev,SM_enum_dloc_stdev,SM_enum_cloc_stdev,SM_enum_tcloc_stdev,SM_enum_npa_stdev,SM_enum_nlpa_stdev,SM_enum_nla_stdev,SM_enum_na_stdev,SM_enum_tnlpa_stdev,SM_enum_tnpa_stdev,SM_enum_tna_stdev,SM_enum_tnla_stdev,SM_interface_cboi_stdev,SM_enum_ad_generalized_entropy,SM_enum_ad_atkinson,SM_enum_ad_theil,SM_method_cco_min,SM_method_ci_min,SM_method_cco_median,SM_method_ccl_min,SM_enum_cco_min,SM_method_ci_median,SM_method_cco_avg,SM_enum_cboi_stdev,SM_enum_ci_min,SM_interface_noc_stdev,SM_enum_pua_stdev,SM_enum_nlg_stdev,SM_enum_ng_stdev,SM_enum_cco_median
1.4.1,0.0,src/java/fr/jayasoft/ivy/util/PropertiesFile.java,0.0,0,0,0,0,0,0,0,0,0,0,0,0,0.0,0,0,0,0,0,0.0,0,0,0.0,0.0,0,0,0,0,0,0,0
1.4.1,1.0,src/java/fr/jayasoft/ivy/util/FileUtil.java,0.0,0,0,0,0,0,0,0,0,0,0,0,0,0.0,0,0,0,0,0,0.0,0,0,0.0,0.0,0,0,0,0,0,0,0
1.4.1,2.0,src/java/fr/jayasoft/ivy/event/FilteredIvyListener.java,0.0,0,0,0,0,0,0,0,0,0,0,0,0,0.0,0,0,0,0,0,0.0,0,0,0.0,0.0,0,0,0,0,0,0,0
1.4.1,3.0,src/java/fr/jayasoft/ivy/event/Trigger.java,0.0,0,0,0,0,0,0,0,0,0,0,0,0,0.0,0,0,0,0,0,0.0,0,0,0.0,0.0,0,0,0,0,0,0,0
1.4.1,4.0,src/java/fr/jayasoft/ivy/filter/AndFilter.java,0.0,0,0,0,0,0,0,0,0,0,0,0,0,0.0,0,0,0,0,0,0.0,0,0,0.0,0.0,0,0,0,0,0,0,0
1.4.1,5.0,src/java/fr/jayasoft/ivy/filter/FilterHelper.java,0.0,0,0,0,0,0,0,0,0,0,0,0,0,0.0,0,0,0,0,0,0.0,0,0,0.0,0.0,0,0,0,0,0,0,0
1.4.1,6.0,src/java/fr/jayasoft/ivy/filter/NoFilter.java,0.0,0,0,0,0,0,0,0,0,0,0,0,0,0.0,0,0,0,0,0,0.0,0,0,0.0,0.0,0,0,0,0,0,0,0
1.4.1,7.0,src/java/fr/jayasoft/ivy/filter/NotFilter.java,0.0,0,0,0,0,0,0,0,0,0,0,0,0,0.0,0,0,0,0,0,0.0,0,0,0.0,0.0,0,0,0,0,0,0,0
1.4.1,8.0,src/java/fr/jayasoft/ivy/filter/OrFilter.java,0.0,0,0,0,0,0,0,0,0,0,0,0,0,0.0,0,0,0,0,0,0.0,0,0,0.0,0.0,0,0,0,0,0,0,0
1.4.1,9.0,src/java/fr/jayasoft/ivy/event/download/DownloadEvent.java,0.0,0,0,0,0,0,0,0,0,0,0,0,0,0.0,0,0,0,0,0,0.0,0,0,0.0,0.0,0,0,0,0,0,0,0
1.4.1,10.0,src/java/fr/jayasoft/ivy/event/download/NeedArtifactEvent.java,0.0,0,0,0,0,0,0,0,0,0,0,0,0,0.0,0,0,0,0,0,0.0,0,0,0.0,0.0,0,0,0,0,0,0,0
1.4.1,11.0,src/java/fr/jayasoft/ivy/event/download/PrepareDownloadEvent.java,0.0,0,0,0,0,0,0,0,0,0,0,0,0,0.0,0,0,0,0,0,0.0,0,0,0.0,0.0,0,0,0,0,0,0,0
1.4.1,12.0,src/java/fr/jayasoft/ivy/event/download/StartArtifactDownloadEvent.java,0.0,0,0,0,0,0,0,0,0,0,0,0,0,0.0,0,0,0,0,0,0.0,0,0,0.0,0.0,0,0,0,0,0,0,0
1.4.1,13.0,src/java/fr/jayasoft/ivy/event/resolve/EndResolveEvent.java,0.0,0,0,0,0,0,0,0,0,0,0,0,0,0.0,0,0,0,0,0,0.0,0,0,0.0,0.0,0,0,0,0,0,0,0
1.4.1,14.0,src/java/fr/jayasoft/ivy/event/resolve/StartResolveEvent.java,0.0,0,0,0,0,0,0,0,0,0,0,0,0,0.0,0,0,0,0,0,0.0,0,0,0.0,0.0,0,0,0,0,0,0,0
1.4.1,15.0,src/java/fr/jayasoft/ivy/DefaultDependencyArtifactDescriptor.java,0.0,0,0,0,0,0,0,0,0,0,0,0,0,0.0,0,0,0,0,0,0.0,0,0,0.0,0.266666667,0,0,0,0,0,0,0
1.4.1,16.0,src/java/fr/jayasoft/ivy/DefaultModuleRevision.java,0.0,0,0,0,0,0,0,0,0,0,0,0,0,0.0,0,0,0,0,0,0.0,0,0,0.0,0.0,0,0,0,0,0,0,0
1.4.1,17.0,src/java/fr/jayasoft/ivy/DependencyDescriptor.java,0.0,0,0,0,0,0,0,0,0,0,0,0,0,0.0,0,0,0,0,0,0.0,0,0,0.0,0.0,0,0,0,0,0,0,0
1.4.1,18.0,src/java/fr/jayasoft/ivy/LatestStrategy.java,0.0,0,0,0,0,0,0,0,0,0,0,0,0,0.0,0,0,0,0,0,0.0,0,0,0.0,0.0,0,0,0,0,0,0,0
1.4.1,19.0,src/java/fr/jayasoft/ivy/ResolvedModuleRevision.java,0.0,0,0,0,0,0,0,0,0,0,0,0,0,0.0,0,0,0,0,0,0.0,0,0,0.0,0.0,0,0,0,0,0,0,0
1.4.1,20.0,src/java/fr/jayasoft/ivy/latest/AbstractLatestStrategy.java,1.0,0,0,0,0,0,0,0,0,0,0,0,0,0.0,0,0,0,0,0,0.0,0,0,0.0,0.0,0,0,0,0,0,0,0
1.4.1,21.0,src/java/fr/jayasoft/ivy/latest/ComparatorLatestStrategy.java,1.0,0,0,0,0,0,0,0,0,0,0,0,0,0.0,0,0,0,0,0,0.0,0,0,0.0,0.0,0,0,0,0,0,0,0
1.4.1,22.0,src/java/fr/jayasoft/ivy/latest/LatestLexicographicStrategy.java,0.0,0,0,0,0,0,0,0,0,0,0,0,0,0.0,0,0,0,0,0,2.5,0,0,0.5,2.5,0,0,0,0,0,0,0
1.4.1,23.0,src/java/fr/jayasoft/ivy/latest/LatestRevisionStrategy.java,0.0,0,0,0,0,0,0,0,0,0,0,0,0,0.0,0,0,0,0,0,0.0,0,0,0.0,0.416666667,0,0,0,0,0,0,0
1.4.1,24.0,src/java/fr/jayasoft/ivy/latest/LatestTimeStrategy.java,0.0,0,0,0,0,0,0,0,0,0,0,0,0,0.0,0,0,0,0,0,0.0,0,0,0.0,0.0,0,0,0,0,0,0,0
1.4.1,25.0,src/java/fr/jayasoft/ivy/resolver/MDResolvedResource.java,0.0,0,0,0,0,0,0,0,0,0,0,0,0,0.0,0,0,0,0,0,0.0,0,0,0.0,0.0,0,0,0,0,0,0,0
1.4.1,26.0,src/java/fr/jayasoft/ivy/resolver/ResolvedModuleRevisionProxy.java,0.0,0,0,0,0,0,0,0,0,0,0,0,0,0.0,0,0,0,0,0,0.0,0,0,0.0,0.0,0,0,0,0,0,0,0
1.4.1,27.0,src/java/fr/jayasoft/ivy/resolver/ResolvedResource.java,0.0,0,0,0,0,0,0,0,0,0,0,0,0,0.0,0,0,0,0,0,0.0,0,0,0.0,0.0,0,0,0,0,0,0,0
1.4.1,28.0,src/java/fr/jayasoft/ivy/resolver/ResourceMDParser.java,0.0,0,0,0,0,0,0,0,0,0,0,0,0,0.0,0,0,0,0,0,0.0,0,0,0.0,0.0,0,0,0,0,0,0,0
1.4.1,29.0,src/java/fr/jayasoft/ivy/version/AbstractVersionMatcher.java,0.0,0,0,0,0,0,0,0,0,0,0,0,0,0.0,0,0,0,0,0,0.0,0,0,0.0,0.0,0,0,0,0,0,0,0
1.4.1,30.0,src/java/fr/jayasoft/ivy/version/ExactVersionMatcher.java,0.0,0,0,0,0,0,0,0,0,0,0,0,0,0.0,0,0,0,0,0,0.0,0,0,0.0,0.0,0,0,0,0,0,0,0
1.4.1,31.0,src/java/fr/jayasoft/ivy/version/SubVersionMatcher.java,0.0,0,0,0,0,0,0,0,0,0,0,0,0,0.0,0,0,0,0,0,0.0,0,0,0.0,0.0,0,0,0,0,0,0,0
1.4.1,32.0,src/java/fr/jayasoft/ivy/version/VersionMatcher.java,0.0,0,0,0,0,0,0,0,0,0,0,0,0,0.0,0,0,0,0,0,0.0,0,0,0.0,0.0,0,0,0,0,0,0,0
1.4.1,33.0,src/java/fr/jayasoft/ivy/version/VersionRangeMatcher.java,0.0,0,0,0,0,0,0,0,0,0,0,0,0,0.0,0,0,0,0,0,0.0,0,0,0.0,0.0,0,0,0,0,0,0,0
1.4.1,34.0,src/java/fr/jayasoft/ivy/ant/IvyPublish.java,0.0,0,0,0,0,0,0,0,0,0,0,0,0,0.0,0,0,0,0,0,0.0,0,0,0.0,0.129032258,0,0,0,0,0,0,0
1.4.1,35.0,src/java/fr/jayasoft/ivy/util/Configurator.java,0.0,0,0,0,0,0,0,0,0,0,0,0,0,0.0,0,0,0,0,0,0.0,0,0,0.0,0.0,0,0,0,0,0,0,0
1.4.1,36.0,src/java/fr/jayasoft/ivy/xml/XmlIvyConfigurationParser.java,1.0,0,0,0,0,0,0,0,0,0,0,0,0,0.0,0,0,0,0,0,0.0,0,0,0.0,0.0,0,0,0,0,0,0,0
1.4.1,37.0,src/java/fr/jayasoft/ivy/tools/analyser/DependencyAnalyser.java,0.0,0,0,0,0,0,0,0,0,0,0,0,0,0.0,0,0,0,0,0,0.0,0,0,0.0,0.0,0,0,0,0,0,0,0
1.4.1,38.0,src/java/fr/jayasoft/ivy/tools/analyser/JarJarDependencyAnalyser.java,0.0,0,0,0,0,0,0,0,0,0,0,0,0,0.0,0,0,0,0,0,0.0,0,0,0.0,0.0,0,0,0,0,0,0,0
1.4.1,39.0,src/java/fr/jayasoft/ivy/tools/analyser/JarModule.java,0.0,0,0,0,0,0,0,0,0,0,0,0,0,0.0,0,0,0,0,0,0.0,0,0,0.0,0.0,0,0,0,0,0,0,0
1.4.1,40.0,src/java/fr/jayasoft/ivy/tools/analyser/JarModuleFinder.java,0.0,0,0,0,0,0,0,0,0,0,0,0,0,0.0,0,0,0,0,0,0.0,0,0,0.0,0.0,0,0,0,0,0,0,0
1.4.1,41.0,src/java/fr/jayasoft/ivy/tools/analyser/RepositoryAnalyser.java,0.0,0,0,0,0,0,0,0,0,0,0,0,0,0.0,0,0,0,0,0,0.0,0,0,0.0,0.0,0,0,0,0,0,0,0
1.4.1,42.0,src/java/fr/jayasoft/ivy/ant/AntMessageImpl.java,0.0,0,0,0,0,0,0,0,0,0,0,0,0,0.0,0,0,0,0,0,0.0,0,0,0.0,0.0,0,0,0,0,0,0,0
1.4.1,43.0,src/java/fr/jayasoft/ivy/repository/BasicResource.java,0.0,0,0,0,0,0,0,0,0,0,0,0,0,0.0,0,0,0,0,0,0.0,0,0,0.0,0.0,0,0,0,0,0,0,0
1.4.1,44.0,src/java/fr/jayasoft/ivy/resolver/VfsResolver.java,0.0,0,0,0,0,0,0,0,0,0,0,0,0,0.0,0,0,0,0,0,0.0,0,0,0.0,0.0,0,0,0,0,0,0,0
1.4.1,45.0,src/java/fr/jayasoft/ivy/repository/vfs/VfsResource.java,0.0,0,0,0,0,0,0,0,0,0,0,0,0,0.0,0,0,0,0,0,0.0,0,0,0.0,0.0,0,0,0,0,0,0,0
1.4.1,46.0,src/java/fr/jayasoft/ivy/conflict/StrictConflictException.java,0.0,0,0,0,0,0,0,0,0,0,0,0,0,0.0,0,0,0,0,0,0.0,0,0,0.0,0.0,0,0,0,0,0,0,0
1.4.1,47.0,src/java/fr/jayasoft/ivy/conflict/StrictConflictManager.java,0.0,0,0,0,0,0,0,0,0,0,0,0,0,0.0,0,0,0,0,0,0.0,0,0,0.0,0.0,0,0,0,0,0,0,0
1.4.1,48.0,src/java/fr/jayasoft/ivy/DependencyResolver.java,0.0,0,0,0,0,0,0,0,0,0,0,0,0,0.0,0,0,0,0,0,0.0,0,0,0.0,0.0,0,0,0,0,0,0,0
1.4.1,49.0,src/java/fr/jayasoft/ivy/ant/IvyArtifactProperty.java,0.0,0,0,0,0,0,0,0,0,0,0,0,0,0.0,0,0,0,0,0,0.0,0,0,0.0,0.0,0,0,0,0,0,0,0
1.4.1,50.0,src/java/fr/jayasoft/ivy/ant/IvyArtifactReport.java,0.0,0,0,0,0,0,0,0,0,0,0,0,0,0.0,0,0,0,0,0,0.0,0,0,0.0,0.0,0,0,0,0,0,0,0
1.4.1,51.0,src/java/fr/jayasoft/ivy/ant/IvyCacheFileset.java,0.0,0,0,0,0,0,0,0,0,0,0,0,0,0.0,0,0,0,0,0,0.0,0,0,0.0,0.0,0,0,0,0,0,0,0
1.4.1,52.0,src/java/fr/jayasoft/ivy/ant/IvyCacheTask.java,0.0,0,0,0,0,0,0,0,0,0,0,0,0,0.0,0,0,0,0,0,0.0,0,0,0.0,0.0,0,0,0,0,0,0,0
1.4.1,53.0,src/java/fr/jayasoft/ivy/resolver/AbstractResolver.java,0.0,0,0,0,0,0,0,0,0,0,0,0,0,0.0,0,0,0,0,0,0.0,0,0,0.0,0.102564103,0,0,0,0,0,0,0
1.4.1,54.0,src/java/fr/jayasoft/ivy/resolver/ChainResolver.java,0.0,0,0,0,0,0,0,0,0,0,0,0,0,0.0,0,0,0,0,0,0.0,0,0,0.0,0.0,0,0,0,0,0,0,0
1.4.1,55.0,src/java/fr/jayasoft/ivy/resolver/DualResolver.java,0.0,0,0,0,0,0,0,0,0,0,0,0,0,0.0,0,0,0,0,0,0.0,0,0,0.0,0.0,0,0,0,0,0,0,0
1.4.1,56.0,src/java/fr/jayasoft/ivy/resolver/IBiblioResolver.java,0.0,0,0,0,0,0,0,0,0,0,0,0,0,0.0,0,0,0,0,0,0.0,0,0,0.0,0.375,0,0,0,0,0,0,0
1.4.1,57.0,src/java/fr/jayasoft/ivy/resolver/IvyRepResolver.java,0.0,0,0,0,0,0,0,0,0,0,0,0,0,0.0,0,0,0,0,0,0.0,0,0,0.0,0.714285714,0,0,0,0,0,0,0
1.4.1,58.0,src/java/fr/jayasoft/ivy/conflict/RegexpConflictManager.java,0.0,0,0,0,0,0,0,0,0,0,0,0,0,0.0,0,0,0,0,0,0.0,0,0,0.0,0.0,0,0,0,0,0,0,0
1.4.1,59.0,src/java/fr/jayasoft/ivy/util/ChecksumHelper.java,0.0,0,0,0,0,0,0,0,0,0,0,0,0,0.0,0,0,0,0,0,0.0,0,0,0.0,0.0,0,0,0,0,0,0,0
1.4.1,60.0,src/java/fr/jayasoft/ivy/extendable/ExtendableItemHelper.java,0.0,0,0,0,0,0,0,0,0,0,0,0,0,0.0,0,0,0,0,0,0.0,0,0,0.0,0.0,0,0,0,0,0,0,0
1.4.1,61.0,src/java/fr/jayasoft/ivy/namespace/NamespaceRule.java,0.0,0,0,0,0,0,0,0,0,0,0,0,0,0.0,0,0,0,0,0,0.0,0,0,0.0,0.0,0,0,0,0,0,0,0
1.4.1,62.0,src/java/fr/jayasoft/ivy/status/StatusManager.java,0.0,0,0,0,0,0,0,0,0,0,0,0,0,0.0,0,0,0,0,0,0.0,0,0,0.0,0.0,0,0,0,0,0,0,0
1.4.1,63.0,src/java/fr/jayasoft/ivy/repository/vfs/IvyWebdavClientFactory.java,0.0,0,0,0,0,0,0,0,0,0,0,0,0,0.0,0,0,0,0,0,0.0,0,0,0.0,0.0,0,0,0,0,0,0,0
1.4.1,64.0,src/java/fr/jayasoft/ivy/repository/vfs/IvyWebdavConnectionManager.java,0.0,0,0,0,0,0,0,0,0,0,0,0,0,0.0,0,0,0,0,0,0.0,0,0,0.0,0.0,0,0,0,0,0,0,0
1.4.1,65.0,src/java/fr/jayasoft/ivy/repository/vfs/IvyWebdavFileProvider.java,0.0,0,0,0,0,0,0,0,0,0,0,0,0,0.0,0,0,0,0,0,0.0,0,0,0.0,0.0,0,0,0,0,0,0,0
1.4.1,66.0,src/java/fr/jayasoft/ivy/repository/vfs/IvyWebdavFileSystem.java,0.0,0,0,0,0,0,0,0,0,0,0,0,0,0.0,0,0,0,0,0,0.0,0,0,0.0,0.0,0,0,0,0,0,0,0
1.4.1,67.0,src/java/fr/jayasoft/ivy/event/IvyEvent.java,0.0,0,0,0,0,0,0,0,0,0,0,0,0,0.0,0,0,0,0,0,0.0,0,0,0.0,0.0,0,0,0,0,0,0,0
1.4.1,68.0,src/java/fr/jayasoft/ivy/xml/XmlModuleDescriptorUpdater.java,1.0,0,0,0,0,0,0,0,0,0,0,0,0,0.0,0,0,0,0,0,0.0,0,0,0.0,0.0,0,0,0,0,0,0,0
1.4.1,69.0,src/java/fr/jayasoft/ivy/parser/AbstractModuleDescriptorParser.java,0.0,0,0,0,0,0,0,0,0,0,0,0,0,0.0,0,0,0,0,0,0.0,0,0,0.0,0.0,0,0,0,0,0,0,0
1.4.1,70.0,src/java/fr/jayasoft/ivy/DefaultDependencyDescriptor.java,1.0,0,0,0,0,0,0,0,0,0,0,0,0,0.0,0,0,0,0,0,0.0,0,0,0.0,0.0,0,0,0,0,0,0,0
1.4.1,71.0,src/java/fr/jayasoft/ivy/ant/IvyCheck.java,0.0,0,0,0,0,0,0,0,0,0,0,0,0,0.0,0,0,0,0,0,0.0,0,0,0.0,0.0,0,0,0,0,0,0,0
1.4.1,72.0,src/java/fr/jayasoft/ivy/ant/IvyConvertPom.java,0.0,0,0,0,0,0,0,0,0,0,0,0,0,0.0,0,0,0,0,0,0.0,0,0,0.0,0.0,0,0,0,0,0,0,0
1.4.1,73.0,src/java/fr/jayasoft/ivy/ant/IvyExtractFromSources.java,0.0,0,0,0,0,0,0,0,0,0,0,0,0,0.0,0,0,0,0,0,0.0,0,0,0.0,0.0,0,0,0,0,0,0,0
1.4.1,74.0,src/java/fr/jayasoft/ivy/ant/IvyInfo.java,0.0,0,0,0,0,0,0,0,0,0,0,0,0,0.0,0,0,0,0,0,0.0,0,0,0.0,0.0,0,0,0,0,0,0,0
1.4.1,75.0,src/java/fr/jayasoft/ivy/ant/IvyVar.java,0.0,0,0,0,0,0,0,0,0,0,0,0,0,0.0,0,0,0,0,0,0.0,0,0,0.0,0.0,0,0,0,0,0,0,0
1.4.1,76.0,src/java/fr/jayasoft/ivy/ant/PackageMapping.java,0.0,0,0,0,0,0,0,0,0,0,0,0,0,0.0,0,0,0,0,0,0.0,0,0,0.0,0.0,0,0,0,0,0,0,0
1.4.1,77.0,src/java/fr/jayasoft/ivy/AbstractArtifact.java,0.0,0,0,0,0,0,0,0,0,0,0,0,0,0.0,0,0,0,0,0,0.0,0,0,0.0,0.0,0,0,0,0,0,0,0
1.4.1,78.0,src/java/fr/jayasoft/ivy/ArtifactRevisionId.java,0.0,0,0,0,0,0,0,0,0,0,0,0,0,0.0,0,0,0,0,0,0.0,0,0,0.0,0.0,0,0,0,0,0,0,0
1.4.1,79.0,src/java/fr/jayasoft/ivy/extendable/DefaultExtendableItem.java,0.0,0,0,0,0,0,0,0,0,0,0,0,0,0.0,0,0,0,0,0,0.0,0,0,0.0,0.0,0,0,0,0,0,0,0
1.4.1,80.0,src/java/fr/jayasoft/ivy/extendable/ExtendableItem.java,0.0,0,0,0,0,0,0,0,0,0,0,0,0,0.0,0,0,0,0,0,0.0,0,0,0.0,0.0,0,0,0,0,0,0,0
1.4.1,81.0,src/java/fr/jayasoft/ivy/extendable/UnmodifiableExtendableItem.java,0.0,0,0,0,0,0,0,0,0,0,0,0,0,0.0,0,0,0,0,0,0.0,0,0,0.0,0.0,0,0,0,0,0,0,0
1.4.1,82.0,src/java/fr/jayasoft/ivy/ModuleId.java,1.0,0,0,0,0,0,0,0,0,0,0,0,0,0.0,0,0,0,0,0,0.0,0,0,0.0,0.0,0,0,0,0,0,0,0
1.4.1,83.0,src/java/fr/jayasoft/ivy/url/BasicURLHandler.java,0.0,0,0,0,0,0,0,0,0,0,0,0,0,0.0,0,0,0,0,0,0.0,0,0,0.0,0.0,0,0,0,0,0,0,0
1.4.1,84.0,src/java/fr/jayasoft/ivy/Artifact.java,0.0,0,0,0,0,0,0,0,0,0,0,0,0,0.0,0,0,0,0,0,0.0,0,0,0.0,0.0,0,0,0,0,0,0,0
1.4.1,85.0,src/java/fr/jayasoft/ivy/repository/AbstractRepository.java,0.0,0,0,0,0,0,0,0,0,0,0,0,0,0.0,0,0,0,0,0,0.0,0,0,0.0,0.0,0,0,0,0,0,0,0
1.4.1,86.0,src/java/fr/jayasoft/ivy/repository/Repository.java,0.0,0,0,0,0,0,0,0,0,0,0,0,0,0.0,0,0,0,0,0,0.0,0,0,0.0,0.0,0,0,0,0,0,0,0
1.4.1,87.0,src/java/fr/jayasoft/ivy/resolver/BasicResolver.java,0.0,0,0,0,0,0,0,0,0,0,0,0,0,0.0,0,0,0,0,0,0.0,0,0,0.0,0.181818182,0,0,0,0,0,0,0
1.4.1,88.0,src/java/fr/jayasoft/ivy/ant/IvyResolve.java,0.0,0,0,0,0,0,0,0,0,0,0,0,0,0.0,0,0,0,0,0,0.0,0,0,0.0,0.0,0,0,0,0,0,0,0
1.4.1,89.0,src/java/fr/jayasoft/ivy/util/Message.java,0.0,0,0,0,0,0,0,0,0,0,0,0,0,0.0,0,0,0,0,0,0.0,0,0,0.0,0.631578947,0,0,0,0,0,0,0
1.4.1,90.0,src/java/fr/jayasoft/ivy/event/resolve/ResolveEvent.java,0.0,0,0,0,0,0,0,0,0,0,0,0,0,0.0,0,0,0,0,0,0.0,0,0,0.0,0.0,0,0,0,0,0,0,0
1.4.1,91.0,src/java/fr/jayasoft/ivy/Configuration.java,0.0,0,0,0,0,0,0,0,0,0,0,0,0,0.0,0,0,0,0,0,0.0,0,0,0.0,0.0,0,0,0,0,0,0,0
1.4.1,92.0,src/java/fr/jayasoft/ivy/IvyContext.java,0.0,0,0,0,0,0,0,0,0,0,0,0,0,0.0,0,0,0,0,0,0.0,0,0,0.0,0.0,0,0,0,0,0,0,0
1.4.1,93.0,src/java/fr/jayasoft/ivy/resolver/VsftpResolver.java,0.0,0,0,0,0,0,0,0,0,0,0,0,0,0.0,0,0,0,0,0,0.0,0,0,0.0,0.0,0,0,0,0,0,0,0
1.4.1,94.0,src/java/fr/jayasoft/ivy/report/XmlReportOutputter.java,0.0,0,0,0,0,0,0,0,0,0,0,0,0,0.0,0,0,0,0,0,0.0,0,0,0.0,0.0,0,0,0,0,0,0,0
1.4.1,95.0,src/java/fr/jayasoft/ivy/status/Status.java,0.0,0,0,0,0,0,0,0,0,0,0,0,0,0.0,0,0,0,0,0,0.0,0,0,0.0,0.0,0,0,0,0,0,0,0
1.4.1,96.0,src/java/fr/jayasoft/ivy/version/LatestVersionMatcher.java,0.0,0,0,0,0,0,0,0,0,0,0,0,0,0.0,0,0,0,0,0,0.0,0,0,0.0,0.0,0,0,0,0,0,0,0
1.4.1,97.0,src/java/fr/jayasoft/ivy/ant/IvyPostResolveTask.java,0.0,0,0,0,0,0,0,0,0,0,0,0,0,0.0,0,0,0,0,0,0.0,0,0,0.0,0.166666667,0,0,0,0,0,0,0
1.4.1,98.0,src/java/fr/jayasoft/ivy/ant/IvyTask.java,0.0,0,0,0,0,0,0,0,0,0,0,0,0,0.0,0,0,0,0,0,0.0,0,0,0.0,0.0,0,0,0,0,0,0,0
1.4.1,99.0,src/java/fr/jayasoft/ivy/conflict/LatestConflictManager.java,0.0,0,0,0,0,0,0,0,0,0,0,0,0,0.0,0,0,0,0,0,0.0,0,0,0.0,0.0,0,0,0,0,0,0,0
1.4.1,100.0,src/java/fr/jayasoft/ivy/matcher/ModuleIdMatcher.java,1.0,0,0,0,0,0,0,0,0,0,0,0,0,0.0,0,0,0,0,0,0.0,0,0,0.0,0.0,0,0,0,0,0,0,0
1.4.1,101.0,src/java/fr/jayasoft/ivy/namespace/MRIDTransformationRule.java,0.0,0,0,0,0,0,0,0,0,0,0,0,0,0.0,0,0,0,0,0,0.0,0,0,0.0,0.0,0,0,0,0,0,0,0
1.4.1,102.0,src/java/fr/jayasoft/ivy/ant/AntBuildTrigger.java,0.0,0,0,0,0,0,0,0,0,0,0,0,0,0.0,0,0,0,0,0,0.0,0,0,0.0,0.0,0,0,0,0,0,0,0
1.4.1,103.0,src/java/fr/jayasoft/ivy/ant/AntCallTrigger.java,0.0,0,0,0,0,0,0,0,0,0,0,0,0,0.0,0,0,0,0,0,0.0,0,0,0.0,0.0,0,0,0,0,0,0,0
1.4.1,104.0,src/java/fr/jayasoft/ivy/ModuleDescriptor.java,0.0,0,0,0,0,0,0,0,0,0,0,0,0,0.0,0,0,0,0,0,0.0,0,0,0.0,0.0,0,0,0,0,0,0,0
1.4.1,105.0,src/java/fr/jayasoft/ivy/parser/ModuleDescriptorParser.java,0.0,0,0,0,0,0,0,0,0,0,0,0,0,0.0,0,0,0,0,0,0.0,0,0,0.0,0.0,0,0,0,0,0,0,0
1.4.1,106.0,src/java/fr/jayasoft/ivy/xml/XmlModuleDescriptorParser.java,1.0,0,0,0,0,0,0,0,0,0,0,0,0,0.0,0,0,0,0,0,0.0,0,0,0.0,0.0,0,0,0,0,0,0,0
1.4.1,107.0,src/java/fr/jayasoft/ivy/matcher/NoMatcher.java,0.0,0,0,0,0,0,0,0,0,0,0,0,0,0.0,0,0,0,0,0,0.0,0,0,0.0,0.0,0,0,0,0,0,0,0
1.4.1,108.0,src/java/fr/jayasoft/ivy/DependencyArtifactDescriptor.java,0.0,0,0,0,0,0,0,0,0,0,0,0,0,0.0,0,0,0,0,0,0.0,0,0,0.0,0.0,0,0,0,0,0,0,0
1.4.1,109.0,src/java/fr/jayasoft/ivy/MDArtifact.java,0.0,0,0,0,0,0,0,0,0,0,0,0,0,0.0,0,0,0,0,0,0.0,0,0,0.0,1.0,0,0,0,0,0,0,0
1.4.1,110.0,src/java/fr/jayasoft/ivy/namespace/NameSpaceHelper.java,0.0,0,0,0,0,0,0,0,0,0,0,0,0,0.0,0,0,0,0,0,0.0,0,0,0.0,0.0,0,0,0,0,0,0,0
1.4.1,111.0,src/java/fr/jayasoft/ivy/event/IvyListener.java,0.0,0,0,0,0,0,0,0,0,0,0,0,0,0.0,0,0,0,0,0,0.0,0,0,0.0,0.0,0,0,0,0,0,0,0
1.4.1,112.0,src/java/fr/jayasoft/ivy/repository/TransferListener.java,0.0,0,0,0,0,0,0,0,0,0,0,0,0,0.0,0,0,0,0,0,0.0,0,0,0.0,0.0,0,0,0,0,0,0,0
1.4.1,113.0,src/java/fr/jayasoft/ivy/repository/url/URLRepository.java,0.0,0,0,0,0,0,0,0,0,0,0,0,0,0.0,0,0,0,0,0,0.0,0,0,0.0,0.0,0,0,0,0,0,0,0
1.4.1,114.0,src/java/fr/jayasoft/ivy/ant/IvyBuildNumber.java,0.0,0,0,0,0,0,0,0,0,0,0,0,0,0.0,0,0,0,0,0,0.0,0,0,0.0,0.391304348,0,0,0,0,0,0,0
1.4.1,115.0,src/java/fr/jayasoft/ivy/Ivy.java,0.0,0,0,0,0,0,0,0,0,0,0,0,0,0.0,0,0,0,0,0,0.0,0,0,0.0,0.018604651,0,0,0,0,0,0,0
1.4.1,116.0,src/java/fr/jayasoft/ivy/ant/AddPathTask.java,0.0,0,0,0,0,0,0,0,0,0,0,0,0,0.0,0,0,0,0,0,0.0,0,0,0.0,0.0,0,0,0,0,0,0,0
1.4.1,117.0,src/java/fr/jayasoft/ivy/xml/XmlReportParser.java,0.0,0,0,0,0,0,0,0,0,0,0,0,0,0.0,0,0,0,0,0,0.0,0,0,0.0,0.4,0,0,0,0,0,0,0
1.4.1,118.0,src/java/fr/jayasoft/ivy/ant/IvyCachePath.java,0.0,0,0,0,0,0,0,0,0,0,0,0,0,0.0,0,0,0,0,0,0.0,0,0,0.0,0.0,0,0,0,0,0,0,0
1.4.1,119.0,src/java/fr/jayasoft/ivy/url/AbstractURLHandler.java,0.0,0,0,0,0,0,0,0,0,0,0,0,0,0.0,0,0,0,0,0,0.0,0,0,0.0,0.0,0,0,0,0,0,0,0
1.4.1,120.0,src/java/fr/jayasoft/ivy/url/URLHandler.java,0.0,0,0,0,0,0,0,0,0,0,0,0,0,0.0,0,0,0,0,0,0.0,0,0,0.0,0.0,0,0,0,0,0,0,0
1.4.1,121.0,src/java/fr/jayasoft/ivy/url/URLHandlerDispatcher.java,0.0,0,0,0,0,0,0,0,0,0,0,0,0,0.0,0,0,0,0,0,0.0,0,0,0.0,0.0,0,0,0,0,0,0,0
1.4.1,122.0,src/java/fr/jayasoft/ivy/resolver/RepositoryResolver.java,0.0,0,0,0,0,0,0,0,0,0,0,0,0,0.0,0,0,0,0,0,0.0,0,0,0.0,0.0,0,0,0,0,0,0,0
1.4.1,123.0,src/java/fr/jayasoft/ivy/report/ReportOutputter.java,0.0,0,0,0,0,0,0,0,0,0,0,0,0,0.0,0,0,0,0,0,0.0,0,0,0.0,0.0,0,0,0,0,0,0,0
1.4.1,124.0,src/java/fr/jayasoft/ivy/DefaultArtifact.java,0.0,0,0,0,0,0,0,0,0,0,0,0,0,0.0,0,0,0,0,0,0.0,0,0,0.0,0.25,0,0,0,0,0,0,0
1.4.1,125.0,src/java/fr/jayasoft/ivy/resolver/AbstractResourceResolver.java,1.0,0,0,0,0,0,0,0,0,0,0,0,0,0.0,0,0,0,0,0,0.0,0,0,0.0,0.0,0,0,0,0,0,0,0
1.4.1,126.0,src/java/fr/jayasoft/ivy/url/URLHandlerRegistry.java,0.0,0,0,0,0,0,0,0,0,0,0,0,0,0.0,0,0,0,0,0,0.0,0,0,0.0,0.0,0,0,0,0,0,0,0
1.4.1,127.0,src/java/fr/jayasoft/ivy/filter/ArtifactTypeFilter.java,0.0,0,0,0,0,0,0,0,0,0,0,0,0,0.0,0,0,0,0,0,0.0,0,0,0.0,0.0,0,0,0,0,0,0,0
1.4.1,128.0,src/java/fr/jayasoft/ivy/filter/Filter.java,0.0,0,0,0,0,0,0,0,0,0,0,0,0,0.0,0,0,0,0,0,0.0,0,0,0.0,0.0,0,0,0,0,0,0,0
1.4.1,129.0,src/java/fr/jayasoft/ivy/namespace/Namespace.java,0.0,0,0,0,0,0,0,0,0,0,0,0,0,0.0,0,0,0,0,0,0.0,0,0,0.0,0.727272727,0,0,0,0,0,0,0
1.4.1,130.0,src/java/fr/jayasoft/ivy/matcher/AnyMatcher.java,0.0,0,0,0,0,0,0,0,0,0,0,0,0,0.0,0,0,0,0,0,0.0,0,0,0.0,0.0,0,0,0,0,0,0,0
1.4.1,131.0,src/java/fr/jayasoft/ivy/matcher/GlobPatternMatcher.java,0.0,0,0,0,0,0,0,0,0,0,0,0,0,0.0,0,0,0,0,0,0.0,0,0,0.0,0.0,0,0,0,0,0,0,0
1.4.1,132.0,src/java/fr/jayasoft/ivy/matcher/Matcher.java,0.0,0,0,0,0,0,0,0,0,0,0,0,0,0.0,0,0,0,0,0,0.0,0,0,0.0,0.0,0,0,0,0,0,0,0
1.4.1,133.0,src/java/fr/jayasoft/ivy/ModuleRevisionId.java,0.0,0,0,0,0,0,0,0,0,0,0,0,0,0.0,0,0,0,0,0,0.0,0,0,0.0,0.0,0,0,0,0,0,0,0
1.4.1,134.0,src/java/fr/jayasoft/ivy/DefaultModuleDescriptor.java,0.0,0,0,0,0,0,0,0,0,0,0,0,0,0.0,0,0,0,0,0,0.0,0,0,0.0,0.051724138,0,0,0,0,0,0,0
1.4.1,135.0,src/java/fr/jayasoft/ivy/ant/IvyReport.java,0.0,0,0,0,0,0,0,0,0,0,0,0,0,0.0,0,0,0,0,0,0.0,0,0,0.0,0.064516129,0,0,0,0,0,0,0
1.4.1,136.0,src/java/fr/jayasoft/ivy/ant/IvyRepositoryReport.java,0.0,0,0,0,0,0,0,0,0,0,0,0,0,0.0,0,0,0,0,0,0.0,0,0,0.0,0.055555556,0,0,0,0,0,0,0
1.4.1,137.0,src/java/fr/jayasoft/ivy/report/ResolveReport.java,0.0,0,0,0,0,0,0,0,0,0,0,0,0,0.0,0,0,0,0,0,0.0,0,0,0.0,0.0,0,0,0,0,0,0,0
1.4.1,138.0,src/java/fr/jayasoft/ivy/event/download/EndArtifactDownloadEvent.java,0.0,0,0,0,0,0,0,0,0,0,0,0,0,0.0,0,0,0,0,0,0.0,0,0,0.0,0.0,0,0,0,0,0,0,0
1.4.1,139.0,src/java/fr/jayasoft/ivy/repository/file/FileResource.java,0.0,0,0,0,0,0,0,0,0,0,0,0,0,0.0,0,0,0,0,0,0.0,0,0,0.0,0.0,0,0,0,0,0,0,0
1.4.1,140.0,src/java/fr/jayasoft/ivy/report/ConfigurationResolveReport.java,0.0,0,0,0,0,0,0,0,0,0,0,0,0,0.0,0,0,0,0,0,0.0,0,0,0.0,0.608695652,0,0,0,0,0,0,0
1.4.1,141.0,src/java/fr/jayasoft/ivy/resolver/AbstractSshBasedResolver.java,0.0,0,0,0,0,0,0,0,0,0,0,0,0,0.0,0,0,0,0,0,0.0,0,0,0.0,0.0,0,0,0,0,0,0,0
1.4.1,142.0,src/java/fr/jayasoft/ivy/resolver/SFTPResolver.java,0.0,0,0,0,0,0,0,0,0,0,0,0,0,0.0,0,0,0,0,0,0.0,0,0,0.0,0.0,0,0,0,0,0,0,0
1.4.1,143.0,src/java/fr/jayasoft/ivy/resolver/SshResolver.java,0.0,0,0,0,0,0,0,0,0,0,0,0,0,0.0,0,0,0,0,0,0.0,0,0,0.0,0.0,0,0,0,0,0,0,0
1.4.1,144.0,src/java/fr/jayasoft/ivy/repository/sftp/SFTPRepository.java,0.0,0,0,0,0,0,0,0,0,0,0,0,0,0.0,0,0,0,0,0,0.0,0,0,0.0,0.0,0,0,0,0,0,0,0
1.4.1,145.0,src/java/fr/jayasoft/ivy/repository/ssh/AbstractSshBasedRepository.java,0.0,0,0,0,0,0,0,0,0,0,0,0,0,0.0,0,0,0,0,0,0.0,0,0,0.0,0.0,0,0,0,0,0,0,0
1.4.1,146.0,src/java/fr/jayasoft/ivy/repository/ssh/RemoteScpException.java,0.0,0,0,0,0,0,0,0,0,0,0,0,0,0.0,0,0,0,0,0,0.0,0,0,0.0,0.0,0,0,0,0,0,0,0
1.4.1,147.0,src/java/fr/jayasoft/ivy/repository/ssh/Scp.java,0.0,0,0,0,0,0,0,0,0,0,0,0,0,0.0,0,0,0,0,0,0.0,0,0,0.0,0.727272727,0,0,0,0,0,0,0
1.4.1,148.0,src/java/fr/jayasoft/ivy/repository/ssh/SshCache.java,1.0,0,0,0,0,0,0,0,0,0,0,0,0,0.0,0,0,0,0,0,0.0,0,0,0.0,0.0,0,0,0,0,0,0,0
1.4.1,149.0,src/java/fr/jayasoft/ivy/repository/ssh/SshRepository.java,0.0,0,0,0,0,0,0,0,0,0,0,0,0,0.0,0,0,0,0,0,0.0,0,0,0.0,0.0,0,0,0,0,0,0,0
1.4.1,150.0,src/java/fr/jayasoft/ivy/repository/ssh/SshResource.java,0.0,0,0,0,0,0,0,0,0,0,0,0,0,0.0,0,0,0,0,0,0.0,0,0,0.0,0.0,0,0,0,0,0,0,0
1.4.1,151.0,src/java/fr/jayasoft/ivy/repository/vfs/VfsRepository.java,0.0,0,0,0,0,0,0,0,0,0,0,0,0,0.0,0,0,0,0,0,0.0,0,0,0.0,0.0,0,0,0,0,0,0,0
1.4.1,152.0,src/java/fr/jayasoft/ivy/namespace/NamespaceTransformer.java,0.0,0,0,0,0,0,0,0,0,0,0,0,0,0.0,0,0,0,0,0,0.0,0,0,0.0,0.0,0,0,0,0,0,0,0
1.4.1,153.0,src/java/fr/jayasoft/ivy/event/resolve/EndResolveDependencyEvent.java,0.0,0,0,0,0,0,0,0,0,0,0,0,0,0.0,0,0,0,0,0,0.0,0,0,0.0,0.0,0,0,0,0,0,0,0
1.4.1,154.0,src/java/fr/jayasoft/ivy/event/resolve/ResolveDependencyEvent.java,0.0,0,0,0,0,0,0,0,0,0,0,0,0,0.0,0,0,0,0,0,0.0,0,0,0.0,0.0,0,0,0,0,0,0,0
1.4.1,155.0,src/java/fr/jayasoft/ivy/event/resolve/StartResolveDependencyEvent.java,0.0,0,0,0,0,0,0,0,0,0,0,0,0,0.0,0,0,0,0,0,0.0,0,0,0.0,0.0,0,0,0,0,0,0,0
1.4.1,156.0,src/java/fr/jayasoft/ivy/ResolveData.java,0.0,0,0,0,0,0,0,0,0,0,0,0,0,0.0,0,0,0,0,0,0.0,0,0,0.0,0.0,0,0,0,0,0,0,0
1.4.1,157.0,src/java/fr/jayasoft/ivy/ArtifactOrigin.java,0.0,0,0,0,0,0,0,0,0,0,0,0,0,0.0,0,0,0,0,0,0.0,0,0,0.0,0.0,0,0,0,0,0,0,0
1.4.1,158.0,src/java/fr/jayasoft/ivy/report/ArtifactDownloadReport.java,0.0,0,0,0,0,0,0,0,0,0,0,0,0,0.0,0,0,0,0,0,0.0,0,0,0.0,0.0,0,0,0,0,0,0,0
1.4.1,159.0,src/java/fr/jayasoft/ivy/version/ChainVersionMatcher.java,0.0,0,0,0,0,0,0,0,0,0,0,0,0,0.0,0,0,0,0,0,0.0,0,0,0.0,0.0,0,0,0,0,0,0,0
1.4.1,160.0,src/java/fr/jayasoft/ivy/matcher/ExactOrRegexpPatternMatcher.java,0.0,0,0,0,0,0,0,0,0,0,0,0,0,0.0,0,0,0,0,0,0.0,0,0,0.0,0.0,0,0,0,0,0,0,0
1.4.1,161.0,src/java/fr/jayasoft/ivy/matcher/ExactPatternMatcher.java,0.0,0,0,0,0,0,0,0,0,0,0,0,0,0.0,0,0,0,0,0,0.0,0,0,0.0,0.0,0,0,0,0,0,0,0
1.4.1,162.0,src/java/fr/jayasoft/ivy/matcher/MatcherHelper.java,0.0,0,0,0,0,0,0,0,0,0,0,0,0,0.0,0,0,0,0,0,0.0,0,0,0.0,0.0,0,0,0,0,0,0,0
1.4.1,163.0,src/java/fr/jayasoft/ivy/matcher/PatternMatcher.java,0.0,0,0,0,0,0,0,0,0,0,0,0,0,0.0,0,0,0,0,0,0.0,0,0,0.0,0.0,0,0,0,0,0,0,0
1.4.1,164.0,src/java/fr/jayasoft/ivy/matcher/RegexpPatternMatcher.java,0.0,0,0,0,0,0,0,0,0,0,0,0,0,0.0,0,0,0,0,0,0.0,0,0,0.0,0.0,0,0,0,0,0,0,0
1.4.1,165.0,src/java/fr/jayasoft/ivy/repository/ResourceHelper.java,0.0,0,0,0,0,0,0,0,0,0,0,0,0,0.0,0,0,0,0,0,0.0,0,0,0.0,0.0,0,0,0,0,0,0,0
1.4.1,166.0,src/java/fr/jayasoft/ivy/ConflictManager.java,0.0,0,0,0,0,0,0,0,0,0,0,0,0,0.0,0,0,0,0,0,0.0,0,0,0.0,0.0,0,0,0,0,0,0,0
1.4.1,167.0,src/java/fr/jayasoft/ivy/ArtifactId.java,0.0,0,0,0,0,0,0,0,0,0,0,0,0,0.0,0,0,0,0,0,0.0,0,0,0.0,0.0,0,0,0,0,0,0,0
1.4.1,168.0,src/java/fr/jayasoft/ivy/ArtifactInfo.java,0.0,0,0,0,0,0,0,0,0,0,0,0,0,0.0,0,0,0,0,0,0.0,0,0,0.0,0.0,0,0,0,0,0,0,0
1.4.1,169.0,src/java/fr/jayasoft/ivy/IvyAware.java,0.0,0,0,0,0,0,0,0,0,0,0,0,0,0.0,0,0,0,0,0,0.0,0,0,0.0,0.0,0,0,0,0,0,0,0
1.4.1,170.0,src/java/fr/jayasoft/ivy/License.java,0.0,0,0,0,0,0,0,0,0,0,0,0,0,0.0,0,0,0,0,0,0.0,0,0,0.0,0.0,0,0,0,0,0,0,0
1.4.1,171.0,src/java/fr/jayasoft/ivy/conflict/AbstractConflictManager.java,0.0,0,0,0,0,0,0,0,0,0,0,0,0,0.0,0,0,0,0,0,0.0,0,0,0.0,0.0,0,0,0,0,0,0,0
1.4.1,172.0,src/java/fr/jayasoft/ivy/conflict/FixedConflictManager.java,0.0,0,0,0,0,0,0,0,0,0,0,0,0,0.0,0,0,0,0,0,0.0,0,0,0.0,0.0,0,0,0,0,0,0,0
1.4.1,173.0,src/java/fr/jayasoft/ivy/conflict/NoConflictManager.java,0.0,0,0,0,0,0,0,0,0,0,0,0,0,0.0,0,0,0,0,0,0.0,0,0,0.0,0.0,0,0,0,0,0,0,0
1.4.1,174.0,src/java/fr/jayasoft/ivy/report/DownloadReport.java,0.0,0,0,0,0,0,0,0,0,0,0,0,0,0.0,0,0,0,0,0,0.0,0,0,0.0,0.0,0,0,0,0,0,0,0
1.4.1,175.0,src/java/fr/jayasoft/ivy/report/DownloadStatus.java,0.0,0,0,0,0,0,0,0,0,0,0,0,0,0.0,0,0,0,0,0,0.0,0,0,0.0,0.0,0,0,0,0,0,0,0
1.4.1,176.0,src/java/fr/jayasoft/ivy/resolver/ApacheHttpURLLister.java,0.0,0,0,0,0,0,0,0,0,0,0,0,0,0.0,0,0,0,0,0,0.0,0,0,0.0,0.0,0,0,0,0,0,0,0
1.4.1,177.0,src/java/fr/jayasoft/ivy/resolver/FileURLLister.java,0.0,0,0,0,0,0,0,0,0,0,0,0,0,0.0,0,0,0,0,0,0.0,0,0,0.0,0.0,0,0,0,0,0,0,0
1.4.1,178.0,src/java/fr/jayasoft/ivy/resolver/ModuleEntry.java,0.0,0,0,0,0,0,0,0,0,0,0,0,0,0.0,0,0,0,0,0,0.0,0,0,0.0,0.0,0,0,0,0,0,0,0
1.4.1,179.0,src/java/fr/jayasoft/ivy/resolver/OrganisationEntry.java,0.0,0,0,0,0,0,0,0,0,0,0,0,0,0.0,0,0,0,0,0,0.0,0,0,0.0,0.0,0,0,0,0,0,0,0
1.4.1,180.0,src/java/fr/jayasoft/ivy/resolver/RevisionEntry.java,0.0,0,0,0,0,0,0,0,0,0,0,0,0,0.0,0,0,0,0,0,0.0,0,0,0.0,0.0,0,0,0,0,0,0,0
1.4.1,181.0,src/java/fr/jayasoft/ivy/resolver/URLLister.java,0.0,0,0,0,0,0,0,0,0,0,0,0,0,0.0,0,0,0,0,0,0.0,0,0,0.0,0.0,0,0,0,0,0,0,0
1.4.1,182.0,src/java/fr/jayasoft/ivy/resolver/URLResolver.java,0.0,0,0,0,0,0,0,0,0,0,0,0,0,0.0,0,0,0,0,0,0.0,0,0,0.0,0.0,0,0,0,0,0,0,0
1.4.1,183.0,src/java/fr/jayasoft/ivy/util/CopyProgressEvent.java,0.0,0,0,0,0,0,0,0,0,0,0,0,0,0.0,0,0,0,0,0,0.0,0,0,0.0,0.0,0,0,0,0,0,0,0
1.4.1,184.0,src/java/fr/jayasoft/ivy/util/CopyProgressListener.java,0.0,0,0,0,0,0,0,0,0,0,0,0,0,0.0,0,0,0,0,0,0.0,0,0,0.0,0.0,0,0,0,0,0,0,0
1.4.1,185.0,src/java/fr/jayasoft/ivy/util/IvyPattern.java,0.0,0,0,0,0,0,0,0,0,0,0,0,0,0.0,0,0,0,0,0,0.0,0,0,0.0,0.0,0,0,0,0,0,0,0
1.4.1,186.0,src/java/fr/jayasoft/ivy/util/XMLHelper.java,0.0,0,0,0,0,0,0,0,0,0,0,0,0,0.0,0,0,0,0,0,0.0,0,0,0.0,0.0,0,0,0,0,0,0,0
1.4.1,187.0,src/java/fr/jayasoft/ivy/url/ApacheURLLister.java,0.0,0,0,0,0,0,0,0,0,0,0,0,0,0.0,0,0,0,0,0,0.0,0,0,0.0,0.0,0,0,0,0,0,0,0
1.4.1,188.0,src/java/fr/jayasoft/ivy/Main.java,1.0,0,0,0,0,0,0,0,0,0,0,0,0,0.0,0,0,0,0,0,0.0,0,0,0.0,3.142857143,0,0,0,0,0,0,0
1.4.1,189.0,src/java/fr/jayasoft/ivy/resolver/FileSystemResolver.java,0.0,0,0,0,0,0,0,0,0,0,0,0,0,0.0,0,0,0,0,0,0.0,0,0,0.0,0.0,0,0,0,0,0,0,0
1.4.1,190.0,src/java/fr/jayasoft/ivy/repository/file/FileRepository.java,0.0,0,0,0,0,0,0,0,0,0,0,0,0,0.0,0,0,0,0,0,0.0,0,0,0.0,0.0,0,0,0,0,0,0,0
1.4.1,191.0,src/java/fr/jayasoft/ivy/report/LogReportOutputter.java,0.0,0,0,0,0,0,0,0,0,0,0,0,0,0.0,0,0,0,0,0,0.0,0,0,0.0,0.0,0,0,0,0,0,0,0
1.4.1,192.0,src/java/fr/jayasoft/ivy/util/DefaultMessageImpl.java,0.0,0,0,0,0,0,0,0,0,0,0,0,0,0.0,0,0,0,0,0,0.0,0,0,0.0,0.0,0,0,0,0,0,0,0
1.4.1,193.0,src/java/fr/jayasoft/ivy/util/MessageImpl.java,0.0,0,0,0,0,0,0,0,0,0,0,0,0,0.0,0,0,0,0,0,0.0,0,0,0.0,0.0,0,0,0,0,0,0,0
1.4.1,194.0,src/java/fr/jayasoft/ivy/repository/LazyResource.java,0.0,0,0,0,0,0,0,0,0,0,0,0,0,0.0,0,0,0,0,0,0.0,0,0,0.0,0.0,0,0,0,0,0,0,0
1.4.1,195.0,src/java/fr/jayasoft/ivy/repository/RepositoryCopyProgressListener.java,0.0,0,0,0,0,0,0,0,0,0,0,0,0,0.0,0,0,0,0,0,0.0,0,0,0.0,0.0,0,0,0,0,0,0,0
1.4.1,196.0,src/java/fr/jayasoft/ivy/repository/TransferEvent.java,0.0,0,0,0,0,0,0,0,0,0,0,0,0,0.0,0,0,0,0,0,0.0,0,0,0.0,0.0,0,0,0,0,0,0,0
1.4.1,197.0,src/java/fr/jayasoft/ivy/repository/vsftp/VsftpResource.java,0.0,0,0,0,0,0,0,0,0,0,0,0,0,0.0,0,0,0,0,0,0.0,0,0,0.0,0.0,0,0,0,0,0,0,0
1.4.1,198.0,src/java/fr/jayasoft/ivy/ModuleDescriptorSorter.java,0.0,0,0,0,0,0,0,0,0,0,0,0,0,0.0,0,0,0,0,0,0.0,0,0,0.0,0.0,0,0,0,0,0,0,0
1.4.1,199.0,src/java/fr/jayasoft/ivy/circular/AbstractCircularDependencyStrategy.java,0.0,0,0,0,0,0,0,0,0,0,0,0,0,0.0,0,0,0,0,0,0.0,0,0,0.0,0.0,0,0,0,0,0,0,0
1.4.1,200.0,src/java/fr/jayasoft/ivy/circular/CircularDependencyException.java,0.0,0,0,0,0,0,0,0,0,0,0,0,0,0.0,0,0,0,0,0,0.0,0,0,0.0,0.0,0,0,0,0,0,0,0
1.4.1,201.0,src/java/fr/jayasoft/ivy/circular/CircularDependencyHelper.java,0.0,0,0,0,0,0,0,0,0,0,0,0,0,0.0,0,0,0,0,0,0.0,0,0,0.0,0.0,0,0,0,0,0,0,0
1.4.1,202.0,src/java/fr/jayasoft/ivy/circular/CircularDependencyStrategy.java,0.0,0,0,0,0,0,0,0,0,0,0,0,0,0.0,0,0,0,0,0,0.0,0,0,0.0,0.0,0,0,0,0,0,0,0
1.4.1,203.0,src/java/fr/jayasoft/ivy/circular/ErrorCircularDependencyStrategy.java,0.0,0,0,0,0,0,0,0,0,0,0,0,0,0.0,0,0,0,0,0,0.0,0,0,0.0,0.0,0,0,0,0,0,0,0
1.4.1,204.0,src/java/fr/jayasoft/ivy/circular/IgnoreCircularDependencyStrategy.java,0.0,0,0,0,0,0,0,0,0,0,0,0,0,0.0,0,0,0,0,0,0.0,0,0,0.0,0.0,0,0,0,0,0,0,0
1.4.1,205.0,src/java/fr/jayasoft/ivy/circular/WarnCircularDependencyStrategy.java,0.0,0,0,0,0,0,0,0,0,0,0,0,0,0.0,0,0,0,0,0,0.0,0,0,0.0,0.0,0,0,0,0,0,0,0
1.4.1,206.0,src/java/fr/jayasoft/ivy/parser/ModuleDescriptorParserRegistry.java,0.0,0,0,0,0,0,0,0,0,0,0,0,0,0.0,0,0,0,0,0,0.0,0,0,0.0,0.0,0,0,0,0,0,0,0
1.4.1,207.0,src/java/fr/jayasoft/ivy/repository/Resource.java,0.0,0,0,0,0,0,0,0,0,0,0,0,0,0.0,0,0,0,0,0,0.0,0,0,0.0,0.0,0,0,0,0,0,0,0
1.4.1,208.0,src/java/fr/jayasoft/ivy/repository/sftp/SFTPResource.java,0.0,0,0,0,0,0,0,0,0,0,0,0,0,0.0,0,0,0,0,0,0.0,0,0,0.0,0.0,0,0,0,0,0,0,0
1.4.1,209.0,src/java/fr/jayasoft/ivy/repository/url/URLResource.java,0.0,0,0,0,0,0,0,0,0,0,0,0,0,0.0,0,0,0,0,0,0.0,0,0,0.0,0.0,0,0,0,0,0,0,0
1.4.1,210.0,src/java/fr/jayasoft/ivy/ant/IvyBuildList.java,0.0,0,0,0,0,0,0,0,0,0,0,0,0,0.0,0,0,0,0,0,0.0,0,0,0.0,0.0,0,0,0,0,0,0,0
1.4.1,211.0,src/java/fr/jayasoft/ivy/version/Match.java,0.0,0,0,0,0,0,0,0,0,0,0,0,0,0.0,0,0,0,0,0,0.0,0,0,0.0,0.0,0,0,0,0,0,0,0
1.4.1,212.0,src/java/fr/jayasoft/ivy/version/PatternVersionMatcher.java,0.0,0,0,0,0,0,0,0,0,0,0,0,0,0.0,0,0,0,0,0,0.0,0,0,0.0,0.0,0,0,0,0,0,0,0
1.4.1,213.0,src/java/fr/jayasoft/ivy/ant/IvyConfigure.java,0.0,0,0,0,0,0,0,0,0,0,0,0,0,0.0,0,0,0,0,0,0.0,0,0,0.0,0.0,0,0,0,0,0,0,0
1.4.1,214.0,src/java/fr/jayasoft/ivy/IvyNode.java,0.0,0,0,0,0,0,0,0,0,0,0,0,0,0.0,0,0,0,0,0,0.0,0,0,0.0,0.046511628,0,0,0,0,0,0,0
1.4.1,215.0,src/java/fr/jayasoft/ivy/ant/IvyDeliver.java,0.0,0,0,0,0,0,0,0,0,0,0,0,0,0.0,0,0,0,0,0,0.0,0,0,0.0,0.16,0,0,0,0,0,0,0
1.4.1,216.0,src/java/fr/jayasoft/ivy/ant/IvyRetrieve.java,0.0,0,0,0,0,0,0,0,0,0,0,0,0,0.0,0,0,0,0,0,0.0,0,0,0.0,0.0,0,0,0,0,0,0,0
1.4.1,217.0,src/java/fr/jayasoft/ivy/url/CredentialsStore.java,0.0,0,0,0,0,0,0,0,0,0,0,0,0,0.0,0,0,0,0,0,0.0,0,0,0.0,0.0,0,0,0,0,0,0,0
1.4.1,218.0,src/java/fr/jayasoft/ivy/url/HttpClientHandler.java,0.0,0,0,0,0,0,0,0,0,0,0,0,0,0.0,0,0,0,0,0,0.0,0,0,0.0,0.0,0,0,0,0,0,0,0
1.4.1,219.0,src/java/fr/jayasoft/ivy/url/IvyAuthenticator.java,0.0,0,0,0,0,0,0,0,0,0,0,0,0,0.0,0,0,0,0,0,0.0,0,0,0.0,0.0,0,0,0,0,0,0,0
1.4.1,220.0,src/java/fr/jayasoft/ivy/util/Credentials.java,0.0,0,0,0,0,0,0,0,0,0,0,0,0,0.0,0,0,0,0,0,0.0,0,0,0.0,0.0,0,0,0,0,0,0,0
1.4.1,221.0,src/java/fr/jayasoft/ivy/util/CredentialsUtil.java,0.0,0,0,0,0,0,0,0,0,0,0,0,0,0.0,0,0,0,0,0,0.0,0,0,0.0,0.0,0,0,0,0,0,0,0
1.4.1,222.0,src/java/fr/jayasoft/ivy/util/EncrytedProperties.java,0.0,0,0,0,0,0,0,0,0,0,0,0,0,0.0,0,0,0,0,0,0.0,0,0,0.0,0.0,0,0,0,0,0,0,0
1.4.1,223.0,src/java/fr/jayasoft/ivy/util/StringUtils.java,0.0,0,0,0,0,0,0,0,0,0,0,0,0,0.0,0,0,0,0,0,0.0,0,0,0.0,0.0,0,0,0,0,0,0,0
1.4.1,224.0,src/java/fr/jayasoft/ivy/ant/IvyFindRevision.java,0.0,0,0,0,0,0,0,0,0,0,0,0,0,0.0,0,0,0,0,0,0.0,0,0,0.0,0.818181818,0,0,0,0,0,0,0
1.4.1,225.0,src/java/fr/jayasoft/ivy/ant/IvyListModules.java,0.0,0,0,0,0,0,0,0,0,0,0,0,0,0.0,0,0,0,0,0,0.0,0,0,0.0,0.6,0,0,0,0,0,0,0
1.4.1,226.0,src/java/fr/jayasoft/ivy/event/AbstractTrigger.java,0.0,0,0,0,0,0,0,0,0,0,0,0,0,0.0,0,0,0,0,0,0.0,0,0,0.0,0.0,0,0,0,0,0,0,0
1.4.1,227.0,src/java/fr/jayasoft/ivy/event/IvyEventFilter.java,0.0,0,0,0,0,0,0,0,0,0,0,0,0,0.0,0,0,0,0,0,0.0,0,0,0.0,0.0,0,0,0,0,0,0,0
1.4.1,228.0,src/java/fr/jayasoft/ivy/ResolvedURL.java,0.0,0,0,0,0,0,0,0,0,0,0,0,0,0.0,0,0,0,0,0,0.0,0,0,0.0,0.0,0,0,0,0,0,0,0
1.4.1,229.0,src/java/fr/jayasoft/ivy/resolver/HasLatestStrategy.java,0.0,0,0,0,0,0,0,0,0,0,0,0,0,0.0,0,0,0,0,0,0.0,0,0,0.0,0.0,0,0,0,0,0,0,0
1.4.1,230.0,src/java/fr/jayasoft/ivy/ant/IvyInstall.java,0.0,0,0,0,0,0,0,0,0,0,0,0,0,0.0,0,0,0,0,0,0.0,0,0,0.0,0.0,0,0,0,0,0,0,0
1.4.1,231.0,src/java/fr/jayasoft/ivy/namespace/MRIDRule.java,0.0,0,0,0,0,0,0,0,0,0,0,0,0,0.0,0,0,0,0,0,0.0,0,0,0.0,0.0,0,0,0,0,0,0,0
1.4.1,232.0,src/java/fr/jayasoft/ivy/resolver/CacheResolver.java,0.0,0,0,0,0,0,0,0,0,0,0,0,0,0.0,0,0,0,0,0,0.0,0,0,0.0,0.0,0,0,0,0,0,0,0
1.4.1,233.0,src/java/fr/jayasoft/ivy/util/IvyPatternHelper.java,0.0,0,0,0,0,0,0,0,0,0,0,0,0,0.0,0,0,0,0,0,0.0,0,0,0.0,0.344827586,0,0,0,0,0,0,0
1.4.1,234.0,src/java/fr/jayasoft/ivy/xml/XmlModuleDescriptorWriter.java,0.0,0,0,0,0,0,0,0,0,0,0,0,0,0.0,0,0,0,0,0,8.5,0,0,2.5,8.5,0,0,0,0,0,0,0
1.4.1,235.0,src/java/fr/jayasoft/ivy/util/IvyThread.java,0.0,0,0,0,0,0,0,0,0,0,0,0,0,0.0,0,0,0,0,0,0.0,0,0,0.0,0.0,0,0,0,0,0,0,0
1.4.1,236.0,src/java/fr/jayasoft/ivy/repository/vsftp/VsftpRepository.java,0.0,0,0,0,0,0,0,0,0,0,0,0,0,0.0,0,0,0,0,0,0.0,0,0,0.0,0.0,0,0,0,0,0,0,0
1.4.1,237.0,src/java/fr/jayasoft/ivy/resolver/ResolverHelper.java,0.0,0,0,0,0,0,0,0,0,0,0,0,0,0.0,0,0,0,0,0,0.0,0,0,0.0,0.0,0,0,0,0,0,0,0
1.4.1,238.0,src/java/fr/jayasoft/ivy/DefaultPublishingDRResolver.java,0.0,0,0,0,0,0,0,0,0,0,0,0,0,0.0,0,0,0,0,0,0.0,0,0,0.0,0.0,0,0,0,0,0,0,0
1.4.1,239.0,src/java/fr/jayasoft/ivy/PublishingDependencyRevisionResolver.java,0.0,0,0,0,0,0,0,0,0,0,0,0,0,0.0,0,0,0,0,0,0.0,0,0,0.0,0.0,0,0,0,0,0,0,0
2.0.0,0.0,src/java/org/apache/ivy/Ivy.java,0.0,0,0,0,0,0,0,0,0,0,0,0,0,0.0,0,0,0,0,0,0.0,0,0,0.0,0.054054054,0,0,0,0,0,0,0
2.0.0,1.0,src/java/org/apache/ivy/Ivy14.java,0.0,0,0,0,0,0,0,0,0,0,0,0,0,0.0,0,0,0,0,0,0.0,0,0,0.0,0.0,0,0,0,0,0,0,0
2.0.0,2.0,src/java/org/apache/ivy/ant/AddPathTask.java,0.0,0,0,0,0,0,0,0,0,0,0,0,0,0.0,0,0,0,0,0,0.0,0,0,0.0,0.0,0,0,0,0,0,0,0
2.0.0,3.0,src/java/org/apache/ivy/ant/AntBuildTrigger.java,0.0,0,0,0,0,0,0,0,0,0,0,0,0,0.0,0,0,0,0,0,0.0,0,0,0.0,0.0,0,0,0,0,0,0,0
2.0.0,4.0,src/java/org/apache/ivy/ant/AntCallTrigger.java,0.0,0,0,0,0,0,0,0,0,0,0,0,0,0.0,0,0,0,0,0,0.0,0,0,0.0,0.0,0,0,0,0,0,0,0
2.0.0,5.0,src/java/org/apache/ivy/ant/AntMessageLogger.java,0.0,0,0,0,0,0,0,0,0,0,0,0,0,0.0,0,0,0,0,0,0.0,0,0,0.0,0.0,0,0,0,0,0,0,0
2.0.0,6.0,src/java/org/apache/ivy/ant/IvyAntSettings.java,0.0,0,0,0,0,0,0,0,0,0,0,0,0,0.0,0,0,0,0,0,0.0,0,0,0.0,0.0,0,0,0,0,0,0,0
2.0.0,7.0,src/java/org/apache/ivy/ant/IvyAntVariableContainer.java,0.0,0,0,0,0,0,0,0,0,0,0,0,0,0.0,0,0,0,0,0,0.0,0,0,0.0,0.0,0,0,0,0,0,0,0
2.0.0,8.0,src/java/org/apache/ivy/ant/IvyArtifactProperty.java,0.0,0,0,0,0,0,0,0,0,0,0,0,0,0.0,0,0,0,0,0,0.0,0,0,0.0,0.0,0,0,0,0,0,0,0
2.0.0,9.0,src/java/org/apache/ivy/ant/IvyArtifactReport.java,1.0,0,0,0,0,0,0,0,0,0,0,0,0,0.0,0,0,0,0,0,0.0,0,0,0.0,0.0,0,0,0,0,0,0,0
2.0.0,10.0,src/java/org/apache/ivy/ant/IvyBuildList.java,0.0,0,0,0,0,0,0,0,0,0,0,0,0,0.0,0,0,0,0,0,0.0,0,0,0.0,0.0,0,0,0,0,0,0,0
2.0.0,11.0,src/java/org/apache/ivy/ant/IvyBuildNumber.java,1.0,0,0,0,0,0,0,0,0,0,0,0,0,0.0,0,0,0,0,0,0.0,0,0,0.0,0.310344828,0,0,0,0,0,0,0
2.0.0,12.0,src/java/org/apache/ivy/ant/IvyCacheFileset.java,0.0,0,0,0,0,0,0,0,0,0,0,0,0,0.0,0,0,0,0,0,0.0,0,0,0.0,0.0,0,0,0,0,0,0,0
2.0.0,13.0,src/java/org/apache/ivy/ant/IvyCachePath.java,0.0,0,0,0,0,0,0,0,0,0,0,0,0,0.0,0,0,0,0,0,0.0,0,0,0.0,0.0,0,0,0,0,0,0,0
2.0.0,14.0,src/java/org/apache/ivy/ant/IvyCacheTask.java,0.0,0,0,0,0,0,0,0,0,0,0,0,0,0.0,0,0,0,0,0,0.0,0,0,0.0,0.0,0,0,0,0,0,0,0
2.0.0,15.0,src/java/org/apache/ivy/ant/IvyCheck.java,0.0,0,0,0,0,0,0,0,0,0,0,0,0,0.0,0,0,0,0,0,0.0,0,0,0.0,0.0,0,0,0,0,0,0,0
2.0.0,16.0,src/java/org/apache/ivy/ant/IvyCleanCache.java,0.0,0,0,0,0,0,0,0,0,0,0,0,0,0.0,0,0,0,0,0,0.0,0,0,0.0,0.0,0,0,0,0,0,0,0
2.0.0,17.0,src/java/org/apache/ivy/ant/IvyConfigure.java,0.0,0,0,0,0,0,0,0,0,0,0,0,0,0.0,0,0,0,0,0,0.0,0,0,0.0,0.0,0,0,0,0,0,0,0
2.0.0,18.0,src/java/org/apache/ivy/ant/IvyConvertPom.java,0.0,0,0,0,0,0,0,0,0,0,0,0,0,0.0,0,0,0,0,0,0.0,0,0,0.0,0.8,0,0,0,0,0,0,0
2.0.0,19.0,src/java/org/apache/ivy/ant/IvyDeliver.java,0.0,0,0,0,0,0,0,0,0,0,0,0,0,0.0,0,0,0,0,0,0.0,0,0,0.0,0.233333333,0,0,0,0,0,0,0
2.0.0,20.0,src/java/org/apache/ivy/ant/IvyExtractFromSources.java,0.0,0,0,0,0,0,0,0,0,0,0,0,0,0.0,0,0,0,0,0,0.0,0,0,0.0,0.0,0,0,0,0,0,0,0
2.0.0,21.0,src/java/org/apache/ivy/ant/IvyFindRevision.java,1.0,0,0,0,0,0,0,0,0,0,0,0,0,0.0,0,0,0,0,0,0.0,0,0,0.0,0.818181818,0,0,0,0,0,0,0
2.0.0,22.0,src/java/org/apache/ivy/ant/IvyInfo.java,0.0,0,0,0,0,0,0,0,0,0,0,0,0,0.0,0,0,0,0,0,0.0,0,0,0.0,0.0,0,0,0,0,0,0,0
2.0.0,23.0,src/java/org/apache/ivy/ant/IvyInstall.java,0.0,0,0,0,0,0,0,0,0,0,0,0,0,0.0,0,0,0,0,0,0.0,0,0,0.0,0.0,0,0,0,0,0,0,0
2.0.0,24.0,src/java/org/apache/ivy/ant/IvyListModules.java,0.0,0,0,0,0,0,0,0,0,0,0,0,0,0.0,0,0,0,0,0,0.0,0,0,0.0,0.6,0,0,0,0,0,0,0
2.0.0,25.0,src/java/org/apache/ivy/ant/IvyMakePom.java,1.0,0,0,0,0,0,0,0,0,0,0,0,0,0.0,0,0,0,0,0,0.0,0,0,0.0,0.307692308,0,0,0,0,0,0,0
2.0.0,26.0,src/java/org/apache/ivy/ant/IvyPostResolveTask.java,1.0,0,0,0,0,0,0,0,0,0,0,0,0,0.0,0,0,0,0,0,0.0,0,0,0.0,0.27027027,0,0,0,0,0,0,0
2.0.0,27.0,src/java/org/apache/ivy/ant/IvyPublish.java,0.0,0,0,0,0,0,0,0,0,0,0,0,0,0.0,0,0,0,0,0,0.0,0,0,0.0,0.169230769,0,0,0,0,0,0,0
2.0.0,28.0,src/java/org/apache/ivy/ant/IvyReport.java,1.0,0,0,0,0,0,0,0,0,0,0,0,0,0.0,0,0,0,0,0,0.0,0,0,0.0,0.090909091,0,0,0,0,0,0,0
2.0.0,29.0,src/java/org/apache/ivy/ant/IvyRepositoryReport.java,0.0,0,0,0,0,0,0,0,0,0,0,0,0,0.0,0,0,0,0,0,0.0,0,0,0.0,0.0,0,0,0,0,0,0,0
2.0.0,30.0,src/java/org/apache/ivy/ant/IvyResolve.java,1.0,0,0,0,0,0,0,0,0,0,0,0,0,0.0,0,0,0,0,0,0.0,0,0,0.0,0.0,0,0,0,0,0,0,0
2.0.0,31.0,src/java/org/apache/ivy/ant/IvyRetrieve.java,0.0,0,0,0,0,0,0,0,0,0,0,0,0,0.0,0,0,0,0,0,0.0,0,0,0.0,0.0,0,0,0,0,0,0,0
2.0.0,32.0,src/java/org/apache/ivy/ant/IvyTask.java,1.0,0,0,0,0,0,0,0,0,0,0,0,0,0.0,0,0,0,0,0,0.0,0,0,0.0,0.0,0,0,0,0,0,0,0
2.0.0,33.0,src/java/org/apache/ivy/ant/IvyVar.java,0.0,0,0,0,0,0,0,0,0,0,0,0,0,0.0,0,0,0,0,0,0.0,0,0,0.0,0.0,0,0,0,0,0,0,0
2.0.0,34.0,src/java/org/apache/ivy/ant/PackageMapping.java,0.0,0,0,0,0,0,0,0,0,0,0,0,0,0.0,0,0,0,0,0,0.0,0,0,0.0,0.0,0,0,0,0,0,0,0
2.0.0,35.0,src/java/org/apache/ivy/core/ExecutionRelativeUrlResolver.java,0.0,0,0,0,0,0,0,0,0,0,0,0,0,0.0,0,0,0,0,0,0.0,0,0,0.0,0.0,0,0,0,0,0,0,0
2.0.0,36.0,src/java/org/apache/ivy/core/IvyContext.java,0.0,0,0,0,0,0,0,0,0,0,0,0,0,0.0,0,0,0,0,0,0.0,0,0,0.0,0.275862069,0,0,0,0,0,0,0
2.0.0,37.0,src/java/org/apache/ivy/core/IvyPatternHelper.java,1.0,0,0,0,0,0,0,0,0,0,0,0,0,0.0,0,0,0,0,0,0.0,0,0,0.0,0.2,0,0,0,0,0,0,0
2.0.0,38.0,src/java/org/apache/ivy/core/IvyThread.java,0.0,0,0,0,0,0,0,0,0,0,0,0,0,0.0,0,0,0,0,0,0.0,0,0,0.0,0.0,0,0,0,0,0,0,0
2.0.0,39.0,src/java/org/apache/ivy/core/LogOptions.java,0.0,0,0,0,0,0,0,0,0,0,0,0,0,0.0,0,0,0,0,0,0.0,0,0,0.0,0.0,0,0,0,0,0,0,0
2.0.0,40.0,src/java/org/apache/ivy/core/NormalRelativeUrlResolver.java,0.0,0,0,0,0,0,0,0,0,0,0,0,0,0.0,0,0,0,0,0,0.0,0,0,0.0,0.0,0,0,0,0,0,0,0
2.0.0,41.0,src/java/org/apache/ivy/core/RelativeUrlResolver.java,0.0,0,0,0,0,0,0,0,0,0,0,0,0,0.0,0,0,0,0,0,0.0,0,0,0.0,0.0,0,0,0,0,0,0,0
2.0.0,42.0,src/java/org/apache/ivy/plugins/IvySettingsAware.java,0.0,0,0,0,0,0,0,0,0,0,0,0,0,0.0,0,0,0,0,0,0.0,0,0,0.0,0.0,0,0,0,0,0,0,0
2.0.0,43.0,src/java/org/apache/ivy/util/AbstractMessageLogger.java,0.0,0,0,0,0,0,0,0,0,0,0,0,0,0.0,0,0,0,0,0,0.0,0,0,0.0,0.0,0,0,0,0,0,0,0
2.0.0,44.0,src/java/org/apache/ivy/util/Checks.java,1.0,0,0,0,0,0,0,0,0,0,0,0,0,0.0,0,0,0,0,0,0.0,0,0,0.0,0.0,0,0,0,0,0,0,0
2.0.0,45.0,src/java/org/apache/ivy/util/ChecksumHelper.java,0.0,0,0,0,0,0,0,0,0,0,0,0,0,0.0,0,0,0,0,0,0.0,0,0,0.0,0.0,0,0,0,0,0,0,0
2.0.0,46.0,src/java/org/apache/ivy/util/ConfigurationUtils.java,0.0,0,0,0,0,0,0,0,0,0,0,0,0,0.0,0,0,0,0,0,0.0,0,0,0.0,0.0,0,0,0,0,0,0,0
2.0.0,47.0,src/java/org/apache/ivy/util/Configurator.java,0.0,0,0,0,0,0,0,0,0,0,0,0,0,0.0,0,0,0,0,0,0.0,0,0,0.0,0.0,0,0,0,0,0,0,0
2.0.0,48.0,src/java/org/apache/ivy/util/ContextualSAXHandler.java,0.0,0,0,0,0,0,0,0,0,0,0,0,0,0.0,0,0,0,0,0,0.0,0,0,0.0,0.6,0,0,0,0,0,0,0
2.0.0,49.0,src/java/org/apache/ivy/util/CopyProgressEvent.java,0.0,0,0,0,0,0,0,0,0,0,0,0,0,0.0,0,0,0,0,0,0.0,0,0,0.0,0.0,0,0,0,0,0,0,0
2.0.0,50.0,src/java/org/apache/ivy/util/CopyProgressListener.java,0.0,0,0,0,0,0,0,0,0,0,0,0,0,0.0,0,0,0,0,0,0.0,0,0,0.0,0.0,0,0,0,0,0,0,0
2.0.0,51.0,src/java/org/apache/ivy/util/Credentials.java,0.0,0,0,0,0,0,0,0,0,0,0,0,0,0.0,0,0,0,0,0,0.0,0,0,0.0,0.0,0,0,0,0,0,0,0
2.0.0,52.0,src/java/org/apache/ivy/util/CredentialsUtil.java,0.0,0,0,0,0,0,0,0,0,0,0,0,0,0.0,0,0,0,0,0,2.0,0,0,0.5,2.0,0,0,0,0,0,0,0
2.0.0,53.0,src/java/org/apache/ivy/util/DefaultMessageLogger.java,0.0,0,0,0,0,0,0,0,0,0,0,0,0,0.0,0,0,0,0,0,0.0,0,0,0.0,0.0,0,0,0,0,0,0,0
2.0.0,54.0,src/java/org/apache/ivy/util/EncrytedProperties.java,0.0,0,0,0,0,0,0,0,0,0,0,0,0,0.0,0,0,0,0,0,0.0,0,0,0.0,0.0,0,0,0,0,0,0,0
2.0.0,55.0,src/java/org/apache/ivy/util/FileResolver.java,0.0,0,0,0,0,0,0,0,0,0,0,0,0,0.0,0,0,0,0,0,0.0,0,0,0.0,0.0,0,0,0,0,0,0,0
2.0.0,56.0,src/java/org/apache/ivy/util/FileUtil.java,1.0,0,0,0,0,0,0,0,0,0,0,0,0,0.0,0,0,0,0,0,0.0,0,0,0.0,0.176470588,0,0,0,0,0,0,0
2.0.0,57.0,src/java/org/apache/ivy/util/HostUtil.java,0.0,0,0,0,0,0,0,0,0,0,0,0,0,0.0,0,0,0,0,0,0.0,0,0,0.0,0.0,0,0,0,0,0,0,0
2.0.0,58.0,src/java/org/apache/ivy/util/MemoryUtil.java,0.0,0,0,0,0,0,0,0,0,0,0,0,0,0.0,0,0,0,0,0,0.0,0,0,0.0,0.0,0,0,0,0,0,0,0
2.0.0,59.0,src/java/org/apache/ivy/util/Message.java,0.0,0,0,0,0,0,0,0,0,0,0,0,0,0.0,0,0,0,0,0,0.0,0,0,0.0,0.0,0,0,0,0,0,0,0
2.0.0,60.0,src/java/org/apache/ivy/util/MessageLogger.java,0.0,0,0,0,0,0,0,0,0,0,0,0,0,0.0,0,0,0,0,0,0.0,0,0,0.0,0.0,0,0,0,0,0,0,0
2.0.0,61.0,src/java/org/apache/ivy/util/MessageLoggerEngine.java,0.0,0,0,0,0,0,0,0,0,0,0,0,0,0.0,0,0,0,0,0,0.0,0,0,0.0,0.0,0,0,0,0,0,0,0
2.0.0,62.0,src/java/org/apache/ivy/util/MessageLoggerHelper.java,0.0,0,0,0,0,0,0,0,0,0,0,0,0,0.0,0,0,0,0,0,0.0,0,0,0.0,0.0,0,0,0,0,0,0,0
2.0.0,63.0,src/java/org/apache/ivy/util/PropertiesFile.java,0.0,0,0,0,0,0,0,0,0,0,0,0,0,0.0,0,0,0,0,0,0.0,0,0,0.0,0.0,0,0,0,0,0,0,0
2.0.0,64.0,src/java/org/apache/ivy/util/StringUtils.java,0.0,0,0,0,0,0,0,0,0,0,0,0,0,0.0,0,0,0,0,0,0.0,0,0,0.0,0.0,0,0,0,0,0,0,0
2.0.0,65.0,src/java/org/apache/ivy/util/XMLHelper.java,0.0,0,0,0,0,0,0,0,0,0,0,0,0,0.0,0,0,0,0,0,0.0,0,0,0.0,0.0,0,0,0,0,0,0,0
2.0.0,66.0,src/java/org/apache/ivy/core/cache/ArtifactOrigin.java,0.0,0,0,0,0,0,0,0,0,0,0,0,0,0.0,0,0,0,0,0,0.0,0,0,0.0,0.0,0,0,0,0,0,0,0
2.0.0,67.0,src/java/org/apache/ivy/core/cache/CacheDownloadOptions.java,0.0,0,0,0,0,0,0,0,0,0,0,0,0,0.0,0,0,0,0,0,0.0,0,0,0.0,0.0,0,0,0,0,0,0,0
2.0.0,68.0,src/java/org/apache/ivy/core/cache/CacheMetadataOptions.java,0.0,0,0,0,0,0,0,0,0,0,0,0,0,0.0,0,0,0,0,0,0.0,0,0,0.0,0.0,0,0,0,0,0,0,0
2.0.0,69.0,src/java/org/apache/ivy/core/cache/CacheUtil.java,0.0,0,0,0,0,0,0,0,0,0,0,0,0,0.0,0,0,0,0,0,0.0,0,0,0.0,0.0,0,0,0,0,0,0,0
2.0.0,70.0,src/java/org/apache/ivy/core/cache/DefaultRepositoryCacheManager.java,1.0,0,0,0,0,0,0,0,0,0,0,0,0,0.0,0,0,0,0,0,0.0,0,0,0.0,0.151898734,0,0,0,0,0,0,0
2.0.0,71.0,src/java/org/apache/ivy/core/cache/DefaultResolutionCacheManager.java,1.0,0,0,0,0,0,0,0,0,0,0,0,0,0.0,0,0,0,0,0,0.0,0,0,0.0,0.0,0,0,0,0,0,0,0
2.0.0,72.0,src/java/org/apache/ivy/core/cache/DownloadListener.java,0.0,0,0,0,0,0,0,0,0,0,0,0,0,0.0,0,0,0,0,0,0.0,0,0,0.0,0.0,0,0,0,0,0,0,0
2.0.0,73.0,src/java/org/apache/ivy/core/cache/ModuleDescriptorMemoryCache.java,0.0,0,0,0,0,0,0,0,0,0,0,0,0,0.0,0,0,0,0,0,0.0,0,0,0.0,0.0,0,0,0,0,0,0,0
2.0.0,74.0,src/java/org/apache/ivy/core/cache/ModuleDescriptorProvider.java,0.0,0,0,0,0,0,0,0,0,0,0,0,0,0.0,0,0,0,0,0,0.0,0,0,0.0,0.0,0,0,0,0,0,0,0
2.0.0,75.0,src/java/org/apache/ivy/core/cache/ModuleDescriptorWriter.java,0.0,0,0,0,0,0,0,0,0,0,0,0,0,0.0,0,0,0,0,0,0.0,0,0,0.0,0.0,0,0,0,0,0,0,0
2.0.0,76.0,src/java/org/apache/ivy/core/cache/ParserSettingsMonitor.java,0.0,0,0,0,0,0,0,0,0,0,0,0,0,0.0,0,0,0,0,0,0.0,0,0,0.0,0.0,0,0,0,0,0,0,0
2.0.0,77.0,src/java/org/apache/ivy/core/cache/RepositoryCacheManager.java,0.0,0,0,0,0,0,0,0,0,0,0,0,0,0.0,0,0,0,0,0,0.0,0,0,0.0,0.0,0,0,0,0,0,0,0
2.0.0,78.0,src/java/org/apache/ivy/core/cache/ResolutionCacheManager.java,0.0,0,0,0,0,0,0,0,0,0,0,0,0,0.0,0,0,0,0,0,0.0,0,0,0.0,0.0,0,0,0,0,0,0,0
2.0.0,79.0,src/java/org/apache/ivy/core/check/CheckEngine.java,0.0,0,0,0,0,0,0,0,0,0,0,0,0,0.0,0,0,0,0,0,0.0,0,0,0.0,0.0,0,0,0,0,0,0,0
2.0.0,80.0,src/java/org/apache/ivy/core/check/CheckEngineSettings.java,0.0,0,0,0,0,0,0,0,0,0,0,0,0,0.0,0,0,0,0,0,0.0,0,0,0.0,0.0,0,0,0,0,0,0,0
2.0.0,81.0,src/java/org/apache/ivy/core/deliver/DefaultPublishingDRResolver.java,0.0,0,0,0,0,0,0,0,0,0,0,0,0,0.0,0,0,0,0,0,0.0,0,0,0.0,0.0,0,0,0,0,0,0,0
2.0.0,82.0,src/java/org/apache/ivy/core/deliver/DeliverEngine.java,1.0,0,0,0,0,0,0,0,0,0,0,0,0,0.0,0,0,0,0,0,0.0,0,0,0.0,0.0,0,0,0,0,0,0,0
2.0.0,83.0,src/java/org/apache/ivy/core/deliver/DeliverEngineSettings.java,0.0,0,0,0,0,0,0,0,0,0,0,0,0,0.0,0,0,0,0,0,0.0,0,0,0.0,0.0,0,0,0,0,0,0,0
2.0.0,84.0,src/java/org/apache/ivy/core/deliver/DeliverOptions.java,0.0,0,0,0,0,0,0,0,0,0,0,0,0,0.0,0,0,0,0,0,0.0,0,0,0.0,0.0,0,0,0,0,0,0,0
2.0.0,85.0,src/java/org/apache/ivy/core/deliver/PublishingDependencyRevisionResolver.java,0.0,0,0,0,0,0,0,0,0,0,0,0,0,0.0,0,0,0,0,0,0.0,0,0,0.0,0.0,0,0,0,0,0,0,0
2.0.0,86.0,src/java/org/apache/ivy/core/event/EventManager.java,0.0,0,0,0,0,0,0,0,0,0,0,0,0,0.0,0,0,0,0,0,0.0,0,0,0.0,0.0,0,0,0,0,0,0,0
2.0.0,87.0,src/java/org/apache/ivy/core/event/FilteredIvyListener.java,0.0,0,0,0,0,0,0,0,0,0,0,0,0,0.0,0,0,0,0,0,0.0,0,0,0.0,0.0,0,0,0,0,0,0,0
2.0.0,88.0,src/java/org/apache/ivy/core/event/IvyEvent.java,0.0,0,0,0,0,0,0,0,0,0,0,0,0,0.0,0,0,0,0,0,0.0,0,0,0.0,0.0,0,0,0,0,0,0,0
2.0.0,89.0,src/java/org/apache/ivy/core/event/IvyEventFilter.java,0.0,0,0,0,0,0,0,0,0,0,0,0,0,0.0,0,0,0,0,0,0.0,0,0,0.0,0.0,0,0,0,0,0,0,0
2.0.0,90.0,src/java/org/apache/ivy/core/event/IvyListener.java,0.0,0,0,0,0,0,0,0,0,0,0,0,0,0.0,0,0,0,0,0,0.0,0,0,0.0,0.0,0,0,0,0,0,0,0
2.0.0,91.0,src/java/org/apache/ivy/core/install/InstallEngine.java,0.0,0,0,0,0,0,0,0,0,0,0,0,0,0.0,0,0,0,0,0,0.0,0,0,0.0,0.0,0,0,0,0,0,0,0
2.0.0,92.0,src/java/org/apache/ivy/core/install/InstallEngineSettings.java,0.0,0,0,0,0,0,0,0,0,0,0,0,0,0.0,0,0,0,0,0,0.0,0,0,0.0,0.0,0,0,0,0,0,0,0
2.0.0,93.0,src/java/org/apache/ivy/core/install/InstallOptions.java,0.0,0,0,0,0,0,0,0,0,0,0,0,0,0.0,0,0,0,0,0,0.0,0,0,0.0,0.0,0,0,0,0,0,0,0
2.0.0,94.0,src/java/org/apache/ivy/core/publish/PublishEngine.java,1.0,0,0,0,0,0,0,0,0,0,0,0,0,0.0,0,0,0,0,0,0.0,0,0,0.0,0.0,0,0,0,0,0,0,0
2.0.0,95.0,src/java/org/apache/ivy/core/publish/PublishEngineSettings.java,0.0,0,0,0,0,0,0,0,0,0,0,0,0,0.0,0,0,0,0,0,0.0,0,0,0.0,0.0,0,0,0,0,0,0,0
2.0.0,96.0,src/java/org/apache/ivy/core/publish/PublishOptions.java,0.0,0,0,0,0,0,0,0,0,0,0,0,0,0.0,0,0,0,0,0,0.0,0,0,0.0,0.0,0,0,0,0,0,0,0
2.0.0,97.0,src/java/org/apache/ivy/core/report/ArtifactDownloadReport.java,0.0,0,0,0,0,0,0,0,0,0,0,0,0,0.0,0,0,0,0,0,0.0,0,0,0.0,0.0,0,0,0,0,0,0,0
2.0.0,98.0,src/java/org/apache/ivy/core/report/ConfigurationResolveReport.java,0.0,0,0,0,0,0,0,0,0,0,0,0,0,0.0,0,0,0,0,0,0.0,0,0,0.0,0.206896552,0,0,0,0,0,0,0
2.0.0,99.0,src/java/org/apache/ivy/core/report/DownloadReport.java,0.0,0,0,0,0,0,0,0,0,0,0,0,0,0.0,0,0,0,0,0,0.0,0,0,0.0,0.0,0,0,0,0,0,0,0
2.0.0,100.0,src/java/org/apache/ivy/core/report/DownloadStatus.java,0.0,0,0,0,0,0,0,0,0,0,0,0,0,0.0,0,0,0,0,0,0.0,0,0,0.0,0.0,0,0,0,0,0,0,0
2.0.0,101.0,src/java/org/apache/ivy/core/report/MetadataArtifactDownloadReport.java,0.0,0,0,0,0,0,0,0,0,0,0,0,0,0.0,0,0,0,0,0,0.0,0,0,0.0,0.0,0,0,0,0,0,0,0
2.0.0,102.0,src/java/org/apache/ivy/core/report/ResolveReport.java,0.0,0,0,0,0,0,0,0,0,0,0,0,0,0.0,0,0,0,0,0,0.0,0,0,0.0,0.0,0,0,0,0,0,0,0
2.0.0,103.0,src/java/org/apache/ivy/core/repository/RepositoryManagementEngine.java,0.0,0,0,0,0,0,0,0,0,0,0,0,0,0.0,0,0,0,0,0,0.0,0,0,0.0,0.0,0,0,0,0,0,0,0
2.0.0,104.0,src/java/org/apache/ivy/core/repository/RepositoryManagementEngineSettings.java,0.0,0,0,0,0,0,0,0,0,0,0,0,0,0.0,0,0,0,0,0,0.0,0,0,0.0,0.0,0,0,0,0,0,0,0
2.0.0,105.0,src/java/org/apache/ivy/core/resolve/DownloadOptions.java,0.0,0,0,0,0,0,0,0,0,0,0,0,0,0.0,0,0,0,0,0,0.0,0,0,0.0,0.0,0,0,0,0,0,0,0
2.0.0,106.0,src/java/org/apache/ivy/core/resolve/IvyNode.java,1.0,0,0,0,0,0,0,0,0,0,0,0,0,0.0,0,0,0,0,0,0.0,0,0,0.0,0.0,0,0,0,0,0,0,0
2.0.0,107.0,src/java/org/apache/ivy/core/resolve/IvyNodeBlacklist.java,0.0,0,0,0,0,0,0,0,0,0,0,0,0,0.0,0,0,0,0,0,0.0,0,0,0.0,0.0,0,0,0,0,0,0,0
2.0.0,108.0,src/java/org/apache/ivy/core/resolve/IvyNodeCallers.java,1.0,0,0,0,0,0,0,0,0,0,0,0,0,0.0,0,0,0,0,0,0.0,0,0,0.0,0.0,0,0,0,0,0,0,0
2.0.0,109.0,src/java/org/apache/ivy/core/resolve/IvyNodeEviction.java,1.0,0,0,0,0,0,0,0,0,0,0,0,0,0.0,0,0,0,0,0,0.0,0,0,0.0,0.272727273,0,0,0,0,0,0,0
2.0.0,110.0,src/java/org/apache/ivy/core/resolve/IvyNodeUsage.java,0.0,0,0,0,0,0,0,0,0,0,0,0,0,0.0,0,0,0,0,0,0.0,0,0,0.0,0.0,0,0,0,0,0,0,0
2.0.0,111.0,src/java/org/apache/ivy/core/resolve/ResolveData.java,1.0,0,0,0,0,0,0,0,0,0,0,0,0,0.0,0,0,0,0,0,0.0,0,0,0.0,0.0,0,0,0,0,0,0,0
2.0.0,112.0,src/java/org/apache/ivy/core/resolve/ResolvedModuleRevision.java,0.0,0,0,0,0,0,0,0,0,0,0,0,0,0.0,0,0,0,0,0,0.0,0,0,0.0,0.0,0,0,0,0,0,0,0
2.0.0,113.0,src/java/org/apache/ivy/core/resolve/ResolveEngine.java,1.0,0,0,0,0,0,0,0,0,0,0,0,0,0.0,0,0,0,0,0,0.0,0,0,0.0,0.181818182,0,0,0,0,0,0,0
2.0.0,114.0,src/java/org/apache/ivy/core/resolve/ResolveEngineSettings.java,0.0,0,0,0,0,0,0,0,0,0,0,0,0,0.0,0,0,0,0,0,0.0,0,0,0.0,0.0,0,0,0,0,0,0,0
2.0.0,115.0,src/java/org/apache/ivy/core/resolve/ResolveOptions.java,0.0,0,0,0,0,0,0,0,0,0,0,0,0,0.0,0,0,0,0,0,0.0,0,0,0.0,0.0,0,0,0,0,0,0,0
2.0.0,116.0,src/java/org/apache/ivy/core/resolve/ResolveProcessException.java,0.0,0,0,0,0,0,0,0,0,0,0,0,0,0.0,0,0,0,0,0,0.0,0,0,0.0,0.0,0,0,0,0,0,0,0
2.0.0,117.0,src/java/org/apache/ivy/core/resolve/RestartResolveProcess.java,0.0,0,0,0,0,0,0,0,0,0,0,0,0,0.0,0,0,0,0,0,0.0,0,0,0.0,0.0,0,0,0,0,0,0,0
2.0.0,118.0,src/java/org/apache/ivy/core/resolve/VisitData.java,0.0,0,0,0,0,0,0,0,0,0,0,0,0,0.0,0,0,0,0,0,0.0,0,0,0.0,0.0,0,0,0,0,0,0,0
2.0.0,119.0,src/java/org/apache/ivy/core/resolve/VisitNode.java,1.0,0,0,0,0,0,0,0,0,0,0,0,0,0.0,0,0,0,0,0,0.0,0,0,0.0,0.0,0,0,0,0,0,0,0
2.0.0,120.0,src/java/org/apache/ivy/core/retrieve/RetrieveEngine.java,1.0,0,0,0,0,0,0,0,0,0,0,0,0,0.0,0,0,0,0,0,0.0,0,0,0.0,0.0,0,0,0,0,0,0,0
2.0.0,121.0,src/java/org/apache/ivy/core/retrieve/RetrieveEngineSettings.java,0.0,0,0,0,0,0,0,0,0,0,0,0,0,0.0,0,0,0,0,0,0.0,0,0,0.0,0.0,0,0,0,0,0,0,0
2.0.0,122.0,src/java/org/apache/ivy/core/retrieve/RetrieveOptions.java,0.0,0,0,0,0,0,0,0,0,0,0,0,0,0.0,0,0,0,0,0,0.0,0,0,0.0,0.0,0,0,0,0,0,0,0
2.0.0,123.0,src/java/org/apache/ivy/core/search/ModuleEntry.java,0.0,0,0,0,0,0,0,0,0,0,0,0,0,0.0,0,0,0,0,0,0.0,0,0,0.0,0.0,0,0,0,0,0,0,0
2.0.0,124.0,src/java/org/apache/ivy/core/search/OrganisationEntry.java,0.0,0,0,0,0,0,0,0,0,0,0,0,0,0.0,0,0,0,0,0,0.0,0,0,0.0,0.0,0,0,0,0,0,0,0
2.0.0,125.0,src/java/org/apache/ivy/core/search/RevisionEntry.java,0.0,0,0,0,0,0,0,0,0,0,0,0,0,0.0,0,0,0,0,0,0.0,0,0,0.0,0.0,0,0,0,0,0,0,0
2.0.0,126.0,src/java/org/apache/ivy/core/search/SearchEngine.java,1.0,0,0,0,0,0,0,0,0,0,0,0,0,0.0,0,0,0,0,0,0.0,0,0,0.0,1.076923077,0,0,0,0,0,0,0
2.0.0,127.0,src/java/org/apache/ivy/core/settings/IvyPattern.java,0.0,0,0,0,0,0,0,0,0,0,0,0,0,0.0,0,0,0,0,0,0.0,0,0,0.0,0.0,0,0,0,0,0,0,0
2.0.0,128.0,src/java/org/apache/ivy/core/settings/IvySettings.java,0.0,0,0,0,0,0,0,0,0,0,0,0,0,0.0,0,0,0,0,0,0.0,0,0,0.0,0.024096386,0,0,0,0,0,0,0
2.0.0,129.0,src/java/org/apache/ivy/core/settings/IvyVariableContainer.java,0.0,0,0,0,0,0,0,0,0,0,0,0,0,0.0,0,0,0,0,0,0.0,0,0,0.0,0.0,0,0,0,0,0,0,0
2.0.0,130.0,src/java/org/apache/ivy/core/settings/IvyVariableContainerImpl.java,0.0,0,0,0,0,0,0,0,0,0,0,0,0,0.0,0,0,0,0,0,0.0,0,0,0.0,0.0,0,0,0,0,0,0,0
2.0.0,131.0,src/java/org/apache/ivy/core/settings/Validatable.java,0.0,0,0,0,0,0,0,0,0,0,0,0,0,0.0,0,0,0,0,0,0.0,0,0,0.0,0.0,0,0,0,0,0,0,0
2.0.0,132.0,src/java/org/apache/ivy/core/settings/XmlSettingsParser.java,0.0,0,0,0,0,0,0,0,0,0,0,0,0,0.0,0,0,0,0,0,0.0,0,0,0.0,0.357142857,0,0,0,0,0,0,0
2.0.0,133.0,src/java/org/apache/ivy/core/sort/CollectionOfModulesToSort.java,0.0,0,0,0,0,0,0,0,0,0,0,0,0,0.0,0,0,0,0,0,0.0,0,0,0.0,0.0,0,0,0,0,0,0,0
2.0.0,134.0,src/java/org/apache/ivy/core/sort/MessageBasedNonMatchingVersionReporter.java,0.0,0,0,0,0,0,0,0,0,0,0,0,0,0.0,0,0,0,0,0,0.0,0,0,0.0,0.0,0,0,0,0,0,0,0
2.0.0,135.0,src/java/org/apache/ivy/core/sort/ModuleDescriptorSorter.java,0.0,0,0,0,0,0,0,0,0,0,0,0,0,0.0,0,0,0,0,0,0.0,0,0,0.0,0.0,0,0,0,0,0,0,0
2.0.0,136.0,src/java/org/apache/ivy/core/sort/ModuleInSort.java,0.0,0,0,0,0,0,0,0,0,0,0,0,0,0.0,0,0,0,0,0,0.0,0,0,0.0,0.0,0,0,0,0,0,0,0
2.0.0,137.0,src/java/org/apache/ivy/core/sort/NonMatchingVersionReporter.java,0.0,0,0,0,0,0,0,0,0,0,0,0,0,0.0,0,0,0,0,0,0.0,0,0,0.0,0.0,0,0,0,0,0,0,0
2.0.0,138.0,src/java/org/apache/ivy/core/sort/SilentNonMatchingVersionReporter.java,0.0,0,0,0,0,0,0,0,0,0,0,0,0,0.0,0,0,0,0,0,0.0,0,0,0.0,0.0,0,0,0,0,0,0,0
2.0.0,139.0,src/java/org/apache/ivy/core/sort/SimpleSortEngineSettings.java,0.0,0,0,0,0,0,0,0,0,0,0,0,0,0.0,0,0,0,0,0,0.0,0,0,0.0,0.0,0,0,0,0,0,0,0
2.0.0,140.0,src/java/org/apache/ivy/core/sort/SortEngine.java,0.0,0,0,0,0,0,0,0,0,0,0,0,0,0.0,0,0,0,0,0,0.0,0,0,0.0,0.0,0,0,0,0,0,0,0
2.0.0,141.0,src/java/org/apache/ivy/core/sort/SortEngineSettings.java,0.0,0,0,0,0,0,0,0,0,0,0,0,0,0.0,0,0,0,0,0,0.0,0,0,0.0,0.0,0,0,0,0,0,0,0
2.0.0,142.0,src/java/org/apache/ivy/core/sort/SortOptions.java,0.0,0,0,0,0,0,0,0,0,0,0,0,0,0.0,0,0,0,0,0,0.0,0,0,0.0,0.0,0,0,0,0,0,0,0
2.0.0,143.0,src/java/org/apache/ivy/core/sort/WarningNonMatchingVersionReporter.java,0.0,0,0,0,0,0,0,0,0,0,0,0,0,0.0,0,0,0,0,0,0.0,0,0,0.0,0.0,0,0,0,0,0,0,0
2.0.0,144.0,src/java/org/apache/ivy/plugins/circular/AbstractCircularDependencyStrategy.java,0.0,0,0,0,0,0,0,0,0,0,0,0,0,0.0,0,0,0,0,0,0.0,0,0,0.0,0.0,0,0,0,0,0,0,0
2.0.0,145.0,src/java/org/apache/ivy/plugins/circular/AbstractLogCircularDependencyStrategy.java,0.0,0,0,0,0,0,0,0,0,0,0,0,0,0.0,0,0,0,0,0,0.0,0,0,0.0,0.0,0,0,0,0,0,0,0
2.0.0,146.0,src/java/org/apache/ivy/plugins/circular/CircularDependencyException.java,0.0,0,0,0,0,0,0,0,0,0,0,0,0,0.0,0,0,0,0,0,0.0,0,0,0.0,0.0,0,0,0,0,0,0,0
2.0.0,147.0,src/java/org/apache/ivy/plugins/circular/CircularDependencyHelper.java,0.0,0,0,0,0,0,0,0,0,0,0,0,0,0.0,0,0,0,0,0,0.0,0,0,0.0,0.0,0,0,0,0,0,0,0
2.0.0,148.0,src/java/org/apache/ivy/plugins/circular/CircularDependencyStrategy.java,0.0,0,0,0,0,0,0,0,0,0,0,0,0,0.0,0,0,0,0,0,0.0,0,0,0.0,0.0,0,0,0,0,0,0,0
2.0.0,149.0,src/java/org/apache/ivy/plugins/circular/ErrorCircularDependencyStrategy.java,0.0,0,0,0,0,0,0,0,0,0,0,0,0,0.0,0,0,0,0,0,0.0,0,0,0.0,0.0,0,0,0,0,0,0,0
2.0.0,150.0,src/java/org/apache/ivy/plugins/circular/IgnoreCircularDependencyStrategy.java,0.0,0,0,0,0,0,0,0,0,0,0,0,0,0.0,0,0,0,0,0,0.0,0,0,0.0,0.0,0,0,0,0,0,0,0
2.0.0,151.0,src/java/org/apache/ivy/plugins/circular/WarnCircularDependencyStrategy.java,0.0,0,0,0,0,0,0,0,0,0,0,0,0,0.0,0,0,0,0,0,0.0,0,0,0.0,0.0,0,0,0,0,0,0,0
2.0.0,152.0,src/java/org/apache/ivy/plugins/conflict/AbstractConflictManager.java,0.0,0,0,0,0,0,0,0,0,0,0,0,0,0.0,0,0,0,0,0,0.0,0,0,0.0,0.0,0,0,0,0,0,0,0
2.0.0,153.0,src/java/org/apache/ivy/plugins/conflict/ConflictManager.java,0.0,0,0,0,0,0,0,0,0,0,0,0,0,0.0,0,0,0,0,0,0.0,0,0,0.0,0.0,0,0,0,0,0,0,0
2.0.0,154.0,src/java/org/apache/ivy/plugins/conflict/FixedConflictManager.java,0.0,0,0,0,0,0,0,0,0,0,0,0,0,0.0,0,0,0,0,0,0.0,0,0,0.0,0.0,0,0,0,0,0,0,0
2.0.0,155.0,src/java/org/apache/ivy/plugins/conflict/LatestCompatibleConflictManager.java,0.0,0,0,0,0,0,0,0,0,0,0,0,0,0.0,0,0,0,0,0,0.0,0,0,0.0,0.0,0,0,0,0,0,0,0
2.0.0,156.0,src/java/org/apache/ivy/plugins/conflict/LatestConflictManager.java,0.0,0,0,0,0,0,0,0,0,0,0,0,0,0.0,0,0,0,0,0,0.0,0,0,0.0,0.0,0,0,0,0,0,0,0
2.0.0,157.0,src/java/org/apache/ivy/plugins/conflict/NoConflictManager.java,0.0,0,0,0,0,0,0,0,0,0,0,0,0,0.0,0,0,0,0,0,0.0,0,0,0.0,0.0,0,0,0,0,0,0,0
2.0.0,158.0,src/java/org/apache/ivy/plugins/conflict/RegexpConflictManager.java,0.0,0,0,0,0,0,0,0,0,0,0,0,0,0.0,0,0,0,0,0,0.0,0,0,0.0,0.0,0,0,0,0,0,0,0
2.0.0,159.0,src/java/org/apache/ivy/plugins/conflict/StrictConflictException.java,0.0,0,0,0,0,0,0,0,0,0,0,0,0,0.0,0,0,0,0,0,0.0,0,0,0.0,0.0,0,0,0,0,0,0,0
2.0.0,160.0,src/java/org/apache/ivy/plugins/conflict/StrictConflictManager.java,0.0,0,0,0,0,0,0,0,0,0,0,0,0,0.0,0,0,0,0,0,0.0,0,0,0.0,0.0,0,0,0,0,0,0,0
2.0.0,161.0,src/java/org/apache/ivy/plugins/latest/AbstractLatestStrategy.java,0.0,0,0,0,0,0,0,0,0,0,0,0,0,0.0,0,0,0,0,0,0.0,0,0,0.0,0.0,0,0,0,0,0,0,0
2.0.0,162.0,src/java/org/apache/ivy/plugins/latest/ArtifactInfo.java,0.0,0,0,0,0,0,0,0,0,0,0,0,0,0.0,0,0,0,0,0,0.0,0,0,0.0,0.0,0,0,0,0,0,0,0
2.0.0,163.0,src/java/org/apache/ivy/plugins/latest/ComparatorLatestStrategy.java,0.0,0,0,0,0,0,0,0,0,0,0,0,0,0.0,0,0,0,0,0,0.0,0,0,0.0,0.0,0,0,0,0,0,0,0
2.0.0,164.0,src/java/org/apache/ivy/plugins/latest/LatestLexicographicStrategy.java,0.0,0,0,0,0,0,0,0,0,0,0,0,0,0.0,0,0,0,0,0,0.0,0,0,0.0,0.0,0,0,0,0,0,0,0
2.0.0,165.0,src/java/org/apache/ivy/plugins/latest/LatestRevisionStrategy.java,0.0,0,0,0,0,0,0,0,0,0,0,0,0,0.0,0,0,0,0,0,0.0,0,0,0.0,0.0,0,0,0,0,0,0,0
2.0.0,166.0,src/java/org/apache/ivy/plugins/latest/LatestStrategy.java,0.0,0,0,0,0,0,0,0,0,0,0,0,0,0.0,0,0,0,0,0,0.0,0,0,0.0,0.0,0,0,0,0,0,0,0
2.0.0,167.0,src/java/org/apache/ivy/plugins/latest/LatestTimeStrategy.java,0.0,0,0,0,0,0,0,0,0,0,0,0,0,0.0,0,0,0,0,0,0.0,0,0,0.0,0.0,0,0,0,0,0,0,0
2.0.0,168.0,src/java/org/apache/ivy/plugins/lock/AbstractLockStrategy.java,0.0,0,0,0,0,0,0,0,0,0,0,0,0,0.0,0,0,0,0,0,0.0,0,0,0.0,0.0,0,0,0,0,0,0,0
2.0.0,169.0,src/java/org/apache/ivy/plugins/lock/ArtifactLockStrategy.java,0.0,0,0,0,0,0,0,0,0,0,0,0,0,0.0,0,0,0,0,0,0.0,0,0,0.0,0.0,0,0,0,0,0,0,0
2.0.0,170.0,src/java/org/apache/ivy/plugins/lock/FileBasedLockStrategy.java,0.0,0,0,0,0,0,0,0,0,0,0,0,0,0.0,0,0,0,0,0,0.0,0,0,0.0,0.0,0,0,0,0,0,0,0
2.0.0,171.0,src/java/org/apache/ivy/plugins/lock/LockStrategy.java,0.0,0,0,0,0,0,0,0,0,0,0,0,0,0.0,0,0,0,0,0,0.0,0,0,0.0,0.0,0,0,0,0,0,0,0
2.0.0,172.0,src/java/org/apache/ivy/plugins/lock/NoLockStrategy.java,0.0,0,0,0,0,0,0,0,0,0,0,0,0,0.0,0,0,0,0,0,0.0,0,0,0.0,0.0,0,0,0,0,0,0,0
2.0.0,173.0,src/java/org/apache/ivy/plugins/matcher/AbstractPatternMatcher.java,0.0,0,0,0,0,0,0,0,0,0,0,0,0,0.0,0,0,0,0,0,0.0,0,0,0.0,0.0,0,0,0,0,0,0,0
2.0.0,174.0,src/java/org/apache/ivy/plugins/matcher/AnyMatcher.java,0.0,0,0,0,0,0,0,0,0,0,0,0,0,0.0,0,0,0,0,0,0.0,0,0,0.0,0.0,0,0,0,0,0,0,0
2.0.0,175.0,src/java/org/apache/ivy/plugins/matcher/ExactOrRegexpPatternMatcher.java,0.0,0,0,0,0,0,0,0,0,0,0,0,0,0.0,0,0,0,0,0,0.0,0,0,0.0,0.0,0,0,0,0,0,0,0
2.0.0,176.0,src/java/org/apache/ivy/plugins/matcher/ExactPatternMatcher.java,0.0,0,0,0,0,0,0,0,0,0,0,0,0,0.0,0,0,0,0,0,0.0,0,0,0.0,0.0,0,0,0,0,0,0,0
2.0.0,177.0,src/java/org/apache/ivy/plugins/matcher/GlobPatternMatcher.java,0.0,0,0,0,0,0,0,0,0,0,0,0,0,0.0,0,0,0,0,0,0.0,0,0,0.0,0.0,0,0,0,0,0,0,0
2.0.0,178.0,src/java/org/apache/ivy/plugins/matcher/MapMatcher.java,0.0,0,0,0,0,0,0,0,0,0,0,0,0,0.0,0,0,0,0,0,0.0,0,0,0.0,0.0,0,0,0,0,0,0,0
2.0.0,179.0,src/java/org/apache/ivy/plugins/matcher/Matcher.java,0.0,0,0,0,0,0,0,0,0,0,0,0,0,0.0,0,0,0,0,0,0.0,0,0,0.0,0.0,0,0,0,0,0,0,0
2.0.0,180.0,src/java/org/apache/ivy/plugins/matcher/MatcherHelper.java,0.0,0,0,0,0,0,0,0,0,0,0,0,0,0.0,0,0,0,0,0,0.0,0,0,0.0,0.0,0,0,0,0,0,0,0
2.0.0,181.0,src/java/org/apache/ivy/plugins/matcher/NoMatcher.java,0.0,0,0,0,0,0,0,0,0,0,0,0,0,0.0,0,0,0,0,0,0.0,0,0,0.0,0.0,0,0,0,0,0,0,0
2.0.0,182.0,src/java/org/apache/ivy/plugins/matcher/PatternMatcher.java,0.0,0,0,0,0,0,0,0,0,0,0,0,0,0.0,0,0,0,0,0,0.0,0,0,0.0,0.0,0,0,0,0,0,0,0
2.0.0,183.0,src/java/org/apache/ivy/plugins/matcher/RegexpPatternMatcher.java,0.0,0,0,0,0,0,0,0,0,0,0,0,0,0.0,0,0,0,0,0,0.0,0,0,0.0,0.0,0,0,0,0,0,0,0
2.0.0,184.0,src/java/org/apache/ivy/plugins/namespace/MRIDRule.java,0.0,0,0,0,0,0,0,0,0,0,0,0,0,0.0,0,0,0,0,0,0.0,0,0,0.0,0.0,0,0,0,0,0,0,0
2.0.0,185.0,src/java/org/apache/ivy/plugins/namespace/MRIDTransformationRule.java,0.0,0,0,0,0,0,0,0,0,0,0,0,0,0.0,0,0,0,0,0,0.0,0,0,0.0,0.0,0,0,0,0,0,0,0
2.0.0,186.0,src/java/org/apache/ivy/plugins/namespace/Namespace.java,0.0,0,0,0,0,0,0,0,0,0,0,0,0,0.0,0,0,0,0,0,0.0,0,0,0.0,0.909090909,0,0,0,0,0,0,0
2.0.0,187.0,src/java/org/apache/ivy/plugins/namespace/NameSpaceHelper.java,0.0,0,0,0,0,0,0,0,0,0,0,0,0,0.0,0,0,0,0,0,0.0,0,0,0.0,0.0,0,0,0,0,0,0,0
2.0.0,188.0,src/java/org/apache/ivy/plugins/namespace/NamespaceRule.java,0.0,0,0,0,0,0,0,0,0,0,0,0,0,0.0,0,0,0,0,0,0.0,0,0,0.0,0.0,0,0,0,0,0,0,0
2.0.0,189.0,src/java/org/apache/ivy/plugins/namespace/NamespaceTransformer.java,0.0,0,0,0,0,0,0,0,0,0,0,0,0,0.0,0,0,0,0,0,0.0,0,0,0.0,0.0,0,0,0,0,0,0,0
2.0.0,190.0,src/java/org/apache/ivy/plugins/parser/AbstractModuleDescriptorParser.java,0.0,0,0,0,0,0,0,0,0,0,0,0,0,0.0,0,0,0,0,0,0.0,0,0,0.0,0.0,0,0,0,0,0,0,0
2.0.0,191.0,src/java/org/apache/ivy/plugins/parser/ModuleDescriptorParser.java,0.0,0,0,0,0,0,0,0,0,0,0,0,0,0.0,0,0,0,0,0,0.0,0,0,0.0,0.0,0,0,0,0,0,0,0
2.0.0,192.0,src/java/org/apache/ivy/plugins/parser/ModuleDescriptorParserRegistry.java,0.0,0,0,0,0,0,0,0,0,0,0,0,0,0.0,0,0,0,0,0,0.0,0,0,0.0,0.0,0,0,0,0,0,0,0
2.0.0,193.0,src/java/org/apache/ivy/plugins/parser/ParserSettings.java,0.0,0,0,0,0,0,0,0,0,0,0,0,0,0.0,0,0,0,0,0,0.0,0,0,0.0,0.0,0,0,0,0,0,0,0
2.0.0,194.0,src/java/org/apache/ivy/plugins/report/ReportOutputter.java,0.0,0,0,0,0,0,0,0,0,0,0,0,0,0.0,0,0,0,0,0,0.0,0,0,0.0,0.0,0,0,0,0,0,0,0
2.0.0,195.0,src/java/org/apache/ivy/plugins/report/XmlReportOutputter.java,1.0,0,0,0,0,0,0,0,0,0,0,0,0,0.0,0,0,0,0,0,0.0,0,0,0.0,0.0,0,0,0,0,0,0,0
2.0.0,196.0,src/java/org/apache/ivy/plugins/report/XmlReportParser.java,0.0,0,0,0,0,0,0,0,0,0,0,0,0,0.0,0,0,0,0,0,0.0,0,0,0.0,0.0,0,0,0,0,0,0,0
2.0.0,197.0,src/java/org/apache/ivy/plugins/report/XmlReportWriter.java,0.0,0,0,0,0,0,0,0,0,0,0,0,0,0.0,0,0,0,0,0,0.0,0,0,0.0,0.0,0,0,0,0,0,0,0
2.0.0,198.0,src/java/org/apache/ivy/plugins/repository/AbstractRepository.java,0.0,0,0,0,0,0,0,0,0,0,0,0,0,0.0,0,0,0,0,0,0.0,0,0,0.0,0.0,0,0,0,0,0,0,0
2.0.0,199.0,src/java/org/apache/ivy/plugins/repository/ArtifactResourceResolver.java,0.0,0,0,0,0,0,0,0,0,0,0,0,0,0.0,0,0,0,0,0,0.0,0,0,0.0,0.0,0,0,0,0,0,0,0
2.0.0,200.0,src/java/org/apache/ivy/plugins/repository/BasicResource.java,0.0,0,0,0,0,0,0,0,0,0,0,0,0,0.0,0,0,0,0,0,0.0,0,0,0.0,0.0,0,0,0,0,0,0,0
2.0.0,201.0,src/java/org/apache/ivy/plugins/repository/LazyResource.java,0.0,0,0,0,0,0,0,0,0,0,0,0,0,0.0,0,0,0,0,0,0.0,0,0,0.0,0.0,0,0,0,0,0,0,0
2.0.0,202.0,src/java/org/apache/ivy/plugins/repository/Repository.java,0.0,0,0,0,0,0,0,0,0,0,0,0,0,0.0,0,0,0,0,0,0.0,0,0,0.0,0.0,0,0,0,0,0,0,0
2.0.0,203.0,src/java/org/apache/ivy/plugins/repository/RepositoryCopyProgressListener.java,0.0,0,0,0,0,0,0,0,0,0,0,0,0,0.0,0,0,0,0,0,0.0,0,0,0.0,0.0,0,0,0,0,0,0,0
2.0.0,204.0,src/java/org/apache/ivy/plugins/repository/Resource.java,0.0,0,0,0,0,0,0,0,0,0,0,0,0,0.0,0,0,0,0,0,0.0,0,0,0.0,0.0,0,0,0,0,0,0,0
2.0.0,205.0,src/java/org/apache/ivy/plugins/repository/ResourceDownloader.java,0.0,0,0,0,0,0,0,0,0,0,0,0,0,0.0,0,0,0,0,0,0.0,0,0,0.0,0.0,0,0,0,0,0,0,0
2.0.0,206.0,src/java/org/apache/ivy/plugins/repository/ResourceHelper.java,0.0,0,0,0,0,0,0,0,0,0,0,0,0,0.0,0,0,0,0,0,0.0,0,0,0.0,0.0,0,0,0,0,0,0,0
2.0.0,207.0,src/java/org/apache/ivy/plugins/repository/TransferEvent.java,0.0,0,0,0,0,0,0,0,0,0,0,0,0,0.0,0,0,0,0,0,0.0,0,0,0.0,0.0,0,0,0,0,0,0,0
2.0.0,208.0,src/java/org/apache/ivy/plugins/repository/TransferListener.java,0.0,0,0,0,0,0,0,0,0,0,0,0,0,0.0,0,0,0,0,0,0.0,0,0,0.0,0.0,0,0,0,0,0,0,0
2.0.0,209.0,src/java/org/apache/ivy/plugins/resolver/AbstractPatternsBasedResolver.java,0.0,0,0,0,0,0,0,0,0,0,0,0,0,0.0,0,0,0,0,0,0.0,0,0,0.0,0.0,0,0,0,0,0,0,0
2.0.0,210.0,src/java/org/apache/ivy/plugins/resolver/AbstractResolver.java,1.0,0,0,0,0,0,0,0,0,0,0,0,0,0.0,0,0,0,0,0,0.0,0,0,0.0,0.060606061,0,0,0,0,0,0,0
2.0.0,211.0,src/java/org/apache/ivy/plugins/resolver/AbstractSshBasedResolver.java,0.0,0,0,0,0,0,0,0,0,0,0,0,0,0.0,0,0,0,0,0,0.0,0,0,0.0,0.0,0,0,0,0,0,0,0
2.0.0,212.0,src/java/org/apache/ivy/plugins/resolver/CacheResolver.java,0.0,0,0,0,0,0,0,0,0,0,0,0,0,0.0,0,0,0,0,0,0.0,0,0,0.0,0.0,0,0,0,0,0,0,0
2.0.0,213.0,src/java/org/apache/ivy/plugins/resolver/ChainResolver.java,1.0,0,0,0,0,0,0,0,0,0,0,0,0,0.0,0,0,0,0,0,0.0,0,0,0.0,0.129032258,0,0,0,0,0,0,0
2.0.0,214.0,src/java/org/apache/ivy/plugins/resolver/DependencyResolver.java,0.0,0,0,0,0,0,0,0,0,0,0,0,0,0.0,0,0,0,0,0,0.0,0,0,0.0,0.0,0,0,0,0,0,0,0
2.0.0,215.0,src/java/org/apache/ivy/plugins/resolver/DualResolver.java,0.0,0,0,0,0,0,0,0,0,0,0,0,0,0.0,0,0,0,0,0,0.0,0,0,0.0,0.142857143,0,0,0,0,0,0,0
2.0.0,216.0,src/java/org/apache/ivy/plugins/resolver/FileSystemResolver.java,1.0,0,0,0,0,0,0,0,0,0,0,0,0,0.0,0,0,0,0,0,0.0,0,0,0.0,0.0,0,0,0,0,0,0,0
2.0.0,217.0,src/java/org/apache/ivy/plugins/resolver/IBiblioResolver.java,0.0,0,0,0,0,0,0,0,0,0,0,0,0,0.0,0,0,0,0,0,0.0,0,0,0.0,0.315789474,0,0,0,0,0,0,0
2.0.0,218.0,src/java/org/apache/ivy/plugins/resolver/IvyRepResolver.java,0.0,0,0,0,0,0,0,0,0,0,0,0,0,0.0,0,0,0,0,0,0.0,0,0,0.0,0.482758621,0,0,0,0,0,0,0
2.0.0,219.0,src/java/org/apache/ivy/plugins/resolver/RepositoryResolver.java,1.0,0,0,0,0,0,0,0,0,0,0,0,0,0.0,0,0,0,0,0,0.0,0,0,0.0,0.0,0,0,0,0,0,0,0
2.0.0,220.0,src/java/org/apache/ivy/plugins/resolver/ResolverSettings.java,0.0,0,0,0,0,0,0,0,0,0,0,0,0,0.0,0,0,0,0,0,0.0,0,0,0.0,0.0,0,0,0,0,0,0,0
2.0.0,221.0,src/java/org/apache/ivy/plugins/resolver/SFTPResolver.java,0.0,0,0,0,0,0,0,0,0,0,0,0,0,0.0,0,0,0,0,0,0.0,0,0,0.0,0.0,0,0,0,0,0,0,0
2.0.0,222.0,src/java/org/apache/ivy/plugins/resolver/SshResolver.java,0.0,0,0,0,0,0,0,0,0,0,0,0,0,0.0,0,0,0,0,0,0.0,0,0,0.0,0.0,0,0,0,0,0,0,0
2.0.0,223.0,src/java/org/apache/ivy/plugins/resolver/URLResolver.java,0.0,0,0,0,0,0,0,0,0,0,0,0,0,0.0,0,0,0,0,0,0.0,0,0,0.0,0.0,0,0,0,0,0,0,0
2.0.0,224.0,src/java/org/apache/ivy/plugins/resolver/VfsResolver.java,0.0,0,0,0,0,0,0,0,0,0,0,0,0,0.0,0,0,0,0,0,0.0,0,0,0.0,0.0,0,0,0,0,0,0,0
2.0.0,225.0,src/java/org/apache/ivy/plugins/resolver/VsftpResolver.java,0.0,0,0,0,0,0,0,0,0,0,0,0,0,0.0,0,0,0,0,0,0.0,0,0,0.0,0.0,0,0,0,0,0,0,0
2.0.0,226.0,src/java/org/apache/ivy/plugins/trigger/AbstractTrigger.java,0.0,0,0,0,0,0,0,0,0,0,0,0,0,0.0,0,0,0,0,0,0.0,0,0,0.0,0.0,0,0,0,0,0,0,0
2.0.0,227.0,src/java/org/apache/ivy/plugins/trigger/LogTrigger.java,0.0,0,0,0,0,0,0,0,0,0,0,0,0,0.0,0,0,0,0,0,0.0,0,0,0.0,0.0,0,0,0,0,0,0,0
2.0.0,228.0,src/java/org/apache/ivy/plugins/trigger/Trigger.java,0.0,0,0,0,0,0,0,0,0,0,0,0,0,0.0,0,0,0,0,0,0.0,0,0,0.0,0.0,0,0,0,0,0,0,0
2.0.0,229.0,src/java/org/apache/ivy/plugins/version/AbstractVersionMatcher.java,0.0,0,0,0,0,0,0,0,0,0,0,0,0,0.0,0,0,0,0,0,0.0,0,0,0.0,0.0,0,0,0,0,0,0,0
2.0.0,230.0,src/java/org/apache/ivy/plugins/version/ChainVersionMatcher.java,0.0,0,0,0,0,0,0,0,0,0,0,0,0,0.0,0,0,0,0,0,0.0,0,0,0.0,1.0,0,0,0,0,0,0,0
2.0.0,231.0,src/java/org/apache/ivy/plugins/version/ExactVersionMatcher.java,0.0,0,0,0,0,0,0,0,0,0,0,0,0,0.0,0,0,0,0,0,0.0,0,0,0.0,0.0,0,0,0,0,0,0,0
2.0.0,232.0,src/java/org/apache/ivy/plugins/version/LatestVersionMatcher.java,1.0,0,0,0,0,0,0,0,0,0,0,0,0,0.0,0,0,0,0,0,0.0,0,0,0.0,0.0,0,0,0,0,0,0,0
2.0.0,233.0,src/java/org/apache/ivy/plugins/version/Match.java,0.0,0,0,0,0,0,0,0,0,0,0,0,0,0.0,0,0,0,0,0,0.0,0,0,0.0,0.0,0,0,0,0,0,0,0
2.0.0,234.0,src/java/org/apache/ivy/plugins/version/PatternVersionMatcher.java,0.0,0,0,0,0,0,0,0,0,0,0,0,0,0.0,0,0,0,0,0,0.0,0,0,0.0,0.0,0,0,0,0,0,0,0
2.0.0,235.0,src/java/org/apache/ivy/plugins/version/SubVersionMatcher.java,0.0,0,0,0,0,0,0,0,0,0,0,0,0,0.0,0,0,0,0,0,0.0,0,0,0.0,0.0,0,0,0,0,0,0,0
2.0.0,236.0,src/java/org/apache/ivy/plugins/version/VersionMatcher.java,0.0,0,0,0,0,0,0,0,0,0,0,0,0,0.0,0,0,0,0,0,0.0,0,0,0.0,0.0,0,0,0,0,0,0,0
2.0.0,237.0,src/java/org/apache/ivy/plugins/version/VersionRangeMatcher.java,0.0,0,0,0,0,0,0,0,0,0,0,0,0,0.0,0,0,0,0,0,0.0,0,0,0.0,0.0,0,0,0,0,0,0,0
2.0.0,238.0,src/java/org/apache/ivy/tools/analyser/DependencyAnalyser.java,0.0,0,0,0,0,0,0,0,0,0,0,0,0,0.0,0,0,0,0,0,0.0,0,0,0.0,0.0,0,0,0,0,0,0,0
2.0.0,239.0,src/java/org/apache/ivy/tools/analyser/JarJarDependencyAnalyser.java,0.0,0,0,0,0,0,0,0,0,0,0,0,0,0.0,0,0,0,0,0,0.0,0,0,0.0,0.0,0,0,0,0,0,0,0
2.0.0,240.0,src/java/org/apache/ivy/tools/analyser/JarModule.java,0.0,0,0,0,0,0,0,0,0,0,0,0,0,0.0,0,0,0,0,0,0.0,0,0,0.0,0.0,0,0,0,0,0,0,0
2.0.0,241.0,src/java/org/apache/ivy/tools/analyser/JarModuleFinder.java,0.0,0,0,0,0,0,0,0,0,0,0,0,0,0.0,0,0,0,0,0,0.0,0,0,0.0,0.0,0,0,0,0,0,0,0
2.0.0,242.0,src/java/org/apache/ivy/tools/analyser/RepositoryAnalyser.java,0.0,0,0,0,0,0,0,0,0,0,0,0,0,0.0,0,0,0,0,0,0.0,0,0,0.0,0.0,0,0,0,0,0,0,0
2.0.0,243.0,src/java/org/apache/ivy/util/cli/CommandLine.java,0.0,0,0,0,0,0,0,0,0,0,0,0,0,0.0,0,0,0,0,0,0.0,0,0,0.0,0.0,0,0,0,0,0,0,0
2.0.0,244.0,src/java/org/apache/ivy/util/cli/CommandLineParser.java,0.0,0,0,0,0,0,0,0,0,0,0,0,0,0.0,0,0,0,0,0,0.0,0,0,0.0,0.0,0,0,0,0,0,0,0
2.0.0,245.0,src/java/org/apache/ivy/util/cli/Option.java,0.0,0,0,0,0,0,0,0,0,0,0,0,0,0.0,0,0,0,0,0,0.0,0,0,0.0,0.0,0,0,0,0,0,0,0
2.0.0,246.0,src/java/org/apache/ivy/util/cli/OptionBuilder.java,0.0,0,0,0,0,0,0,0,0,0,0,0,0,0.0,0,0,0,0,0,0.0,0,0,0.0,0.0,0,0,0,0,0,0,0
2.0.0,247.0,src/java/org/apache/ivy/util/cli/ParseException.java,0.0,0,0,0,0,0,0,0,0,0,0,0,0,0.0,0,0,0,0,0,0.0,0,0,0.0,0.0,0,0,0,0,0,0,0
2.0.0,248.0,src/java/org/apache/ivy/util/extendable/DefaultExtendableItem.java,0.0,0,0,0,0,0,0,0,0,0,0,0,0,0.0,0,0,0,0,0,0.0,0,0,0.0,0.0,0,0,0,0,0,0,0
2.0.0,249.0,src/java/org/apache/ivy/util/extendable/ExtendableItem.java,0.0,0,0,0,0,0,0,0,0,0,0,0,0,0.0,0,0,0,0,0,0.0,0,0,0.0,0.0,0,0,0,0,0,0,0
2.0.0,250.0,src/java/org/apache/ivy/util/extendable/ExtendableItemHelper.java,0.0,0,0,0,0,0,0,0,0,0,0,0,0,0.0,0,0,0,0,0,0.0,0,0,0.0,0.0,0,0,0,0,0,0,0
2.0.0,251.0,src/java/org/apache/ivy/util/extendable/UnmodifiableExtendableItem.java,0.0,0,0,0,0,0,0,0,0,0,0,0,0,0.0,0,0,0,0,0,0.0,0,0,0.0,0.0,0,0,0,0,0,0,0
2.0.0,252.0,src/java/org/apache/ivy/util/filter/AndFilter.java,0.0,0,0,0,0,0,0,0,0,0,0,0,0,0.0,0,0,0,0,0,0.0,0,0,0.0,0.0,0,0,0,0,0,0,0
2.0.0,253.0,src/java/org/apache/ivy/util/filter/ArtifactTypeFilter.java,0.0,0,0,0,0,0,0,0,0,0,0,0,0,0.0,0,0,0,0,0,0.0,0,0,0.0,0.0,0,0,0,0,0,0,0
2.0.0,254.0,src/java/org/apache/ivy/util/filter/Filter.java,0.0,0,0,0,0,0,0,0,0,0,0,0,0,0.0,0,0,0,0,0,0.0,0,0,0.0,0.0,0,0,0,0,0,0,0
2.0.0,255.0,src/java/org/apache/ivy/util/filter/FilterHelper.java,0.0,0,0,0,0,0,0,0,0,0,0,0,0,0.0,0,0,0,0,0,0.0,0,0,0.0,0.0,0,0,0,0,0,0,0
2.0.0,256.0,src/java/org/apache/ivy/util/filter/NoFilter.java,0.0,0,0,0,0,0,0,0,0,0,0,0,0,0.0,0,0,0,0,0,0.0,0,0,0.0,0.0,0,0,0,0,0,0,0
2.0.0,257.0,src/java/org/apache/ivy/util/filter/NotFilter.java,0.0,0,0,0,0,0,0,0,0,0,0,0,0,0.0,0,0,0,0,0,0.0,0,0,0.0,0.0,0,0,0,0,0,0,0
2.0.0,258.0,src/java/org/apache/ivy/util/filter/OrFilter.java,0.0,0,0,0,0,0,0,0,0,0,0,0,0,0.0,0,0,0,0,0,0.0,0,0,0.0,0.0,0,0,0,0,0,0,0
2.0.0,259.0,src/java/org/apache/ivy/util/url/AbstractURLHandler.java,0.0,0,0,0,0,0,0,0,0,0,0,0,0,0.0,0,0,0,0,0,0.0,0,0,0.0,0.0,0,0,0,0,0,0,0
2.0.0,260.0,src/java/org/apache/ivy/util/url/ApacheURLLister.java,1.0,0,0,0,0,0,0,0,0,0,0,0,0,0.0,0,0,0,0,0,0.0,0,0,0.0,0.0,0,0,0,0,0,0,0
2.0.0,261.0,src/java/org/apache/ivy/util/url/BasicURLHandler.java,1.0,0,0,0,0,0,0,0,0,0,0,0,0,0.0,0,0,0,0,0,0.0,0,0,0.0,0.666666667,0,0,0,0,0,0,0
2.0.0,262.0,src/java/org/apache/ivy/util/url/CredentialsStore.java,0.0,0,0,0,0,0,0,0,0,0,0,0,0,0.0,0,0,0,0,0,0.0,0,0,0.0,0.0,0,0,0,0,0,0,0
2.0.0,263.0,src/java/org/apache/ivy/util/url/HttpClientHandler.java,1.0,0,0,0,0,0,0,0,0,0,0,0,0,0.0,0,0,0,0,0,0.0,0,0,0.0,0.0,0,0,0,0,0,0,0
2.0.0,264.0,src/java/org/apache/ivy/util/url/IvyAuthenticator.java,1.0,0,0,0,0,0,0,0,0,0,0,0,0,0.0,0,0,0,0,0,0.0,0,0,0.0,0.0,0,0,0,0,0,0,0
2.0.0,265.0,src/java/org/apache/ivy/util/url/URLHandler.java,0.0,0,0,0,0,0,0,0,0,0,0,0,0,0.0,0,0,0,0,0,0.0,0,0,0.0,0.0,0,0,0,0,0,0,0
2.0.0,266.0,src/java/org/apache/ivy/util/url/URLHandlerDispatcher.java,0.0,0,0,0,0,0,0,0,0,0,0,0,0,0.0,0,0,0,0,0,0.0,0,0,0.0,0.0,0,0,0,0,0,0,0
2.0.0,267.0,src/java/org/apache/ivy/util/url/URLHandlerRegistry.java,0.0,0,0,0,0,0,0,0,0,0,0,0,0,0.0,0,0,0,0,0,0.0,0,0,0.0,0.0,0,0,0,0,0,0,0
2.0.0,268.0,src/java/org/apache/ivy/core/event/download/DownloadEvent.java,0.0,0,0,0,0,0,0,0,0,0,0,0,0,0.0,0,0,0,0,0,0.0,0,0,0.0,0.0,0,0,0,0,0,0,0
2.0.0,269.0,src/java/org/apache/ivy/core/event/download/EndArtifactDownloadEvent.java,0.0,0,0,0,0,0,0,0,0,0,0,0,0,0.0,0,0,0,0,0,0.0,0,0,0.0,0.0,0,0,0,0,0,0,0
2.0.0,270.0,src/java/org/apache/ivy/core/event/download/NeedArtifactEvent.java,0.0,0,0,0,0,0,0,0,0,0,0,0,0,0.0,0,0,0,0,0,0.0,0,0,0.0,0.0,0,0,0,0,0,0,0
2.0.0,271.0,src/java/org/apache/ivy/core/event/download/PrepareDownloadEvent.java,0.0,0,0,0,0,0,0,0,0,0,0,0,0,0.0,0,0,0,0,0,0.0,0,0,0.0,0.0,0,0,0,0,0,0,0
2.0.0,272.0,src/java/org/apache/ivy/core/event/download/StartArtifactDownloadEvent.java,0.0,0,0,0,0,0,0,0,0,0,0,0,0,0.0,0,0,0,0,0,0.0,0,0,0.0,0.0,0,0,0,0,0,0,0
2.0.0,273.0,src/java/org/apache/ivy/core/event/publish/EndArtifactPublishEvent.java,0.0,0,0,0,0,0,0,0,0,0,0,0,0,0.0,0,0,0,0,0,0.0,0,0,0.0,0.0,0,0,0,0,0,0,0
2.0.0,274.0,src/java/org/apache/ivy/core/event/publish/PublishEvent.java,0.0,0,0,0,0,0,0,0,0,0,0,0,0,0.0,0,0,0,0,0,0.0,0,0,0.0,0.0,0,0,0,0,0,0,0
2.0.0,275.0,src/java/org/apache/ivy/core/event/publish/StartArtifactPublishEvent.java,0.0,0,0,0,0,0,0,0,0,0,0,0,0,0.0,0,0,0,0,0,0.0,0,0,0.0,0.0,0,0,0,0,0,0,0
2.0.0,276.0,src/java/org/apache/ivy/core/event/resolve/EndResolveDependencyEvent.java,0.0,0,0,0,0,0,0,0,0,0,0,0,0,0.0,0,0,0,0,0,0.0,0,0,0.0,0.0,0,0,0,0,0,0,0
2.0.0,277.0,src/java/org/apache/ivy/core/event/resolve/EndResolveEvent.java,0.0,0,0,0,0,0,0,0,0,0,0,0,0,0.0,0,0,0,0,0,0.0,0,0,0.0,0.0,0,0,0,0,0,0,0
2.0.0,278.0,src/java/org/apache/ivy/core/event/resolve/ResolveDependencyEvent.java,0.0,0,0,0,0,0,0,0,0,0,0,0,0,0.0,0,0,0,0,0,0.0,0,0,0.0,0.0,0,0,0,0,0,0,0
2.0.0,279.0,src/java/org/apache/ivy/core/event/resolve/ResolveEvent.java,0.0,0,0,0,0,0,0,0,0,0,0,0,0,0.0,0,0,0,0,0,0.0,0,0,0.0,0.0,0,0,0,0,0,0,0
2.0.0,280.0,src/java/org/apache/ivy/core/event/resolve/StartResolveDependencyEvent.java,0.0,0,0,0,0,0,0,0,0,0,0,0,0,0.0,0,0,0,0,0,0.0,0,0,0.0,0.0,0,0,0,0,0,0,0
2.0.0,281.0,src/java/org/apache/ivy/core/event/resolve/StartResolveEvent.java,0.0,0,0,0,0,0,0,0,0,0,0,0,0,0.0,0,0,0,0,0,0.0,0,0,0.0,0.0,0,0,0,0,0,0,0
2.0.0,282.0,src/java/org/apache/ivy/core/event/retrieve/EndRetrieveEvent.java,0.0,0,0,0,0,0,0,0,0,0,0,0,0,0.0,0,0,0,0,0,0.0,0,0,0.0,0.0,0,0,0,0,0,0,0
2.0.0,283.0,src/java/org/apache/ivy/core/event/retrieve/RetrieveEvent.java,0.0,0,0,0,0,0,0,0,0,0,0,0,0,0.0,0,0,0,0,0,0.0,0,0,0.0,0.0,0,0,0,0,0,0,0
2.0.0,284.0,src/java/org/apache/ivy/core/event/retrieve/StartRetrieveEvent.java,0.0,0,0,0,0,0,0,0,0,0,0,0,0,0.0,0,0,0,0,0,0.0,0,0,0.0,0.0,0,0,0,0,0,0,0
2.0.0,285.0,src/java/org/apache/ivy/core/module/descriptor/AbstractArtifact.java,0.0,0,0,0,0,0,0,0,0,0,0,0,0,0.0,0,0,0,0,0,0.0,0,0,0.0,0.0,0,0,0,0,0,0,0
2.0.0,286.0,src/java/org/apache/ivy/core/module/descriptor/AbstractIncludeExcludeRule.java,0.0,0,0,0,0,0,0,0,0,0,0,0,0,0.0,0,0,0,0,0,0.0,0,0,0.0,0.0,0,0,0,0,0,0,0
2.0.0,287.0,src/java/org/apache/ivy/core/module/descriptor/Artifact.java,0.0,0,0,0,0,0,0,0,0,0,0,0,0,0.0,0,0,0,0,0,0.0,0,0,0.0,0.0,0,0,0,0,0,0,0
2.0.0,288.0,src/java/org/apache/ivy/core/module/descriptor/Configuration.java,0.0,0,0,0,0,0,0,0,0,0,0,0,0,0.0,0,0,0,0,0,0.0,0,0,0.0,0.0,0,0,0,0,0,0,0
2.0.0,289.0,src/java/org/apache/ivy/core/module/descriptor/ConfigurationAware.java,0.0,0,0,0,0,0,0,0,0,0,0,0,0,0.0,0,0,0,0,0,0.0,0,0,0.0,0.0,0,0,0,0,0,0,0
2.0.0,290.0,src/java/org/apache/ivy/core/module/descriptor/DefaultArtifact.java,0.0,0,0,0,0,0,0,0,0,0,0,0,0,0.0,0,0,0,0,0,0.0,0,0,0.0,0.0,0,0,0,0,0,0,0
2.0.0,291.0,src/java/org/apache/ivy/core/module/descriptor/DefaultDependencyArtifactDescriptor.java,0.0,0,0,0,0,0,0,0,0,0,0,0,0,0.0,0,0,0,0,0,0.0,0,0,0.0,0.0,0,0,0,0,0,0,0
2.0.0,292.0,src/java/org/apache/ivy/core/module/descriptor/DefaultDependencyDescriptor.java,1.0,0,0,0,0,0,0,0,0,0,0,0,0,0.0,0,0,0,0,0,0.0,0,0,0.0,0.074074074,0,0,0,0,0,0,0
2.0.0,293.0,src/java/org/apache/ivy/core/module/descriptor/DefaultExcludeRule.java,0.0,0,0,0,0,0,0,0,0,0,0,0,0,0.0,0,0,0,0,0,0.0,0,0,0.0,0.0,0,0,0,0,0,0,0
2.0.0,294.0,src/java/org/apache/ivy/core/module/descriptor/DefaultIncludeRule.java,0.0,0,0,0,0,0,0,0,0,0,0,0,0,0.0,0,0,0,0,0,0.0,0,0,0.0,0.0,0,0,0,0,0,0,0
2.0.0,295.0,src/java/org/apache/ivy/core/module/descriptor/DefaultModuleDescriptor.java,1.0,0,0,0,0,0,0,0,0,0,0,0,0,0.0,0,0,0,0,0,0.0,0,0,0.0,0.094594595,0,0,0,0,0,0,0
2.0.0,296.0,src/java/org/apache/ivy/core/module/descriptor/DependencyArtifactDescriptor.java,0.0,0,0,0,0,0,0,0,0,0,0,0,0,0.0,0,0,0,0,0,0.0,0,0,0.0,0.0,0,0,0,0,0,0,0
2.0.0,297.0,src/java/org/apache/ivy/core/module/descriptor/DependencyDescriptor.java,0.0,0,0,0,0,0,0,0,0,0,0,0,0,0.0,0,0,0,0,0,0.0,0,0,0.0,0.0,0,0,0,0,0,0,0
2.0.0,298.0,src/java/org/apache/ivy/core/module/descriptor/DependencyDescriptorMediator.java,0.0,0,0,0,0,0,0,0,0,0,0,0,0,0.0,0,0,0,0,0,0.0,0,0,0.0,0.0,0,0,0,0,0,0,0
2.0.0,299.0,src/java/org/apache/ivy/core/module/descriptor/ExcludeRule.java,0.0,0,0,0,0,0,0,0,0,0,0,0,0,0.0,0,0,0,0,0,0.0,0,0,0.0,0.0,0,0,0,0,0,0,0
2.0.0,300.0,src/java/org/apache/ivy/core/module/descriptor/IncludeRule.java,0.0,0,0,0,0,0,0,0,0,0,0,0,0,0.0,0,0,0,0,0,0.0,0,0,0.0,0.0,0,0,0,0,0,0,0
2.0.0,301.0,src/java/org/apache/ivy/core/module/descriptor/License.java,0.0,0,0,0,0,0,0,0,0,0,0,0,0,0.0,0,0,0,0,0,0.0,0,0,0.0,0.0,0,0,0,0,0,0,0
2.0.0,302.0,src/java/org/apache/ivy/core/module/descriptor/MDArtifact.java,0.0,0,0,0,0,0,0,0,0,0,0,0,0,0.0,0,0,0,0,0,0.0,0,0,0.0,0.571428571,0,0,0,0,0,0,0
2.0.0,303.0,src/java/org/apache/ivy/core/module/descriptor/ModuleDescriptor.java,0.0,0,0,0,0,0,0,0,0,0,0,0,0,0.0,0,0,0,0,0,0.0,0,0,0.0,0.0,0,0,0,0,0,0,0
2.0.0,304.0,src/java/org/apache/ivy/core/module/descriptor/OverrideDependencyDescriptorMediator.java,0.0,0,0,0,0,0,0,0,0,0,0,0,0,0.0,0,0,0,0,0,0.0,0,0,0.0,0.0,0,0,0,0,0,0,0
2.0.0,305.0,src/java/org/apache/ivy/core/module/id/ArtifactId.java,0.0,0,0,0,0,0,0,0,0,0,0,0,0,0.0,0,0,0,0,0,0.0,0,0,0.0,0.0,0,0,0,0,0,0,0
2.0.0,306.0,src/java/org/apache/ivy/core/module/id/ArtifactRevisionId.java,0.0,0,0,0,0,0,0,0,0,0,0,0,0,0.0,0,0,0,0,0,0.0,0,0,0.0,0.0,0,0,0,0,0,0,0
2.0.0,307.0,src/java/org/apache/ivy/core/module/id/ModuleId.java,1.0,0,0,0,0,0,0,0,0,0,0,0,0,0.0,0,0,0,0,0,0.0,0,0,0.0,0.0,0,0,0,0,0,0,0
2.0.0,308.0,src/java/org/apache/ivy/core/module/id/ModuleRevisionId.java,1.0,0,0,0,0,0,0,0,0,0,0,0,0,0.0,0,0,0,0,0,0.0,0,0,0.0,0.0,0,0,0,0,0,0,0
2.0.0,309.0,src/java/org/apache/ivy/core/module/id/ModuleRules.java,0.0,0,0,0,0,0,0,0,0,0,0,0,0,0.0,0,0,0,0,0,0.0,0,0,0.0,0.0,0,0,0,0,0,0,0
2.0.0,310.0,src/java/org/apache/ivy/core/module/status/Status.java,0.0,0,0,0,0,0,0,0,0,0,0,0,0,0.0,0,0,0,0,0,0.0,0,0,0.0,0.0,0,0,0,0,0,0,0
2.0.0,311.0,src/java/org/apache/ivy/core/module/status/StatusManager.java,0.0,0,0,0,0,0,0,0,0,0,0,0,0,0.0,0,0,0,0,0,0.0,0,0,0.0,0.0,0,0,0,0,0,0,0
2.0.0,312.0,src/java/org/apache/ivy/plugins/parser/m2/DefaultPomDependencyMgt.java,1.0,0,0,0,0,0,0,0,0,0,0,0,0,0.0,0,0,0,0,0,0.0,0,0,0.0,0.0,0,0,0,0,0,0,0
2.0.0,313.0,src/java/org/apache/ivy/plugins/parser/m2/PomDependencyMgt.java,0.0,0,0,0,0,0,0,0,0,0,0,0,0,0.0,0,0,0,0,0,0.0,0,0,0.0,0.0,0,0,0,0,0,0,0
2.0.0,314.0,src/java/org/apache/ivy/plugins/parser/m2/PomModuleDescriptorParser.java,1.0,0,0,0,0,0,0,0,0,0,0,0,0,0.0,0,0,0,0,0,0.0,0,0,0.0,0.0,0,0,0,0,0,0,0
2.0.0,315.0,src/java/org/apache/ivy/plugins/parser/m2/PomModuleDescriptorWriter.java,1.0,0,0,0,0,0,0,0,0,0,0,0,0,0.0,0,0,0,0,0,0.0,0,0,0.0,0.0,0,0,0,0,0,0,0
2.0.0,316.0,src/java/org/apache/ivy/plugins/parser/xml/UpdateOptions.java,0.0,0,0,0,0,0,0,0,0,0,0,0,0,0.0,0,0,0,0,0,0.0,0,0,0.0,0.0,0,0,0,0,0,0,0
2.0.0,317.0,src/java/org/apache/ivy/plugins/parser/xml/XmlModuleDescriptorParser.java,1.0,0,0,0,0,0,0,0,0,0,0,0,0,0.0,0,0,0,0,0,0.0,0,0,0.0,0.096774194,0,0,0,0,0,0,0
2.0.0,318.0,src/java/org/apache/ivy/plugins/parser/xml/XmlModuleDescriptorUpdater.java,1.0,0,0,0,0,0,0,0,0,0,0,0,0,0.0,0,0,0,0,0,0.0,0,0,0.0,0.230769231,0,0,0,0,0,0,0
2.0.0,319.0,src/java/org/apache/ivy/plugins/parser/xml/XmlModuleDescriptorWriter.java,0.0,0,0,0,0,0,0,0,0,0,0,0,0,0.0,0,0,0,0,0,0.0,0,0,0.0,3.4375,0,0,0,0,0,0,0
2.0.0,320.0,src/java/org/apache/ivy/plugins/repository/file/FileRepository.java,0.0,0,0,0,0,0,0,0,0,0,0,0,0,0.0,0,0,0,0,0,0.0,0,0,0.0,0.0,0,0,0,0,0,0,0
2.0.0,321.0,src/java/org/apache/ivy/plugins/repository/file/FileResource.java,0.0,0,0,0,0,0,0,0,0,0,0,0,0,0.0,0,0,0,0,0,0.0,0,0,0.0,0.0,0,0,0,0,0,0,0
2.0.0,322.0,src/java/org/apache/ivy/plugins/repository/sftp/SFTPRepository.java,1.0,0,0,0,0,0,0,0,0,0,0,0,0,0.0,0,0,0,0,0,0.0,0,0,0.0,0.666666667,0,0,0,0,0,0,0
2.0.0,323.0,src/java/org/apache/ivy/plugins/repository/sftp/SFTPResource.java,0.0,0,0,0,0,0,0,0,0,0,0,0,0,0.0,0,0,0,0,0,0.0,0,0,0.0,0.0,0,0,0,0,0,0,0
2.0.0,324.0,src/java/org/apache/ivy/plugins/repository/ssh/AbstractSshBasedRepository.java,0.0,0,0,0,0,0,0,0,0,0,0,0,0,0.0,0,0,0,0,0,0.0,0,0,0.0,0.0,0,0,0,0,0,0,0
2.0.0,325.0,src/java/org/apache/ivy/plugins/repository/ssh/RemoteScpException.java,0.0,0,0,0,0,0,0,0,0,0,0,0,0,0.0,0,0,0,0,0,0.0,0,0,0.0,0.0,0,0,0,0,0,0,0
2.0.0,326.0,src/java/org/apache/ivy/plugins/repository/ssh/Scp.java,0.0,0,0,0,0,0,0,0,0,0,0,0,0,0.0,0,0,0,0,0,0.0,0,0,0.0,0.0,0,0,0,0,0,0,0
2.0.0,327.0,src/java/org/apache/ivy/plugins/repository/ssh/SshCache.java,0.0,0,0,0,0,0,0,0,0,0,0,0,0,0.0,0,0,0,0,0,0.0,0,0,0.0,0.0,0,0,0,0,0,0,0
2.0.0,328.0,src/java/org/apache/ivy/plugins/repository/ssh/SshRepository.java,0.0,0,0,0,0,0,0,0,0,0,0,0,0,0.0,0,0,0,0,0,0.0,0,0,0.0,0.0,0,0,0,0,0,0,0
2.0.0,329.0,src/java/org/apache/ivy/plugins/repository/ssh/SshResource.java,0.0,0,0,0,0,0,0,0,0,0,0,0,0,0.0,0,0,0,0,0,0.0,0,0,0.0,0.0,0,0,0,0,0,0,0
2.0.0,330.0,src/java/org/apache/ivy/plugins/repository/url/URLRepository.java,1.0,0,0,0,0,0,0,0,0,0,0,0,0,0.0,0,0,0,0,0,0.0,0,0,0.0,0.0,0,0,0,0,0,0,0
2.0.0,331.0,src/java/org/apache/ivy/plugins/repository/url/URLResource.java,1.0,0,0,0,0,0,0,0,0,0,0,0,0,0.0,0,0,0,0,0,0.0,0,0,0.0,0.0,0,0,0,0,0,0,0
2.0.0,332.0,src/java/org/apache/ivy/plugins/repository/vfs/VfsRepository.java,0.0,0,0,0,0,0,0,0,0,0,0,0,0,0.0,0,0,0,0,0,0.0,0,0,0.0,0.0,0,0,0,0,0,0,0
2.0.0,333.0,src/java/org/apache/ivy/plugins/repository/vfs/VfsResource.java,0.0,0,0,0,0,0,0,0,0,0,0,0,0,0.0,0,0,0,0,0,0.0,0,0,0.0,0.0,0,0,0,0,0,0,0
2.0.0,334.0,src/java/org/apache/ivy/plugins/repository/vsftp/VsftpRepository.java,1.0,0,0,0,0,0,0,0,0,0,0,0,0,0.0,0,0,0,0,0,0.0,0,0,0.0,0.125,0,0,0,0,0,0,0
2.0.0,335.0,src/java/org/apache/ivy/plugins/repository/vsftp/VsftpResource.java,0.0,0,0,0,0,0,0,0,0,0,0,0,0,0.0,0,0,0,0,0,0.0,0,0,0.0,0.0,0,0,0,0,0,0,0
2.0.0,336.0,src/java/org/apache/ivy/plugins/resolver/packager/BuiltFileResource.java,0.0,0,0,0,0,0,0,0,0,0,0,0,0,0.0,0,0,0,0,0,0.0,0,0,0.0,0.0,0,0,0,0,0,0,0
2.0.0,337.0,src/java/org/apache/ivy/plugins/resolver/util/ApacheHttpURLLister.java,0.0,0,0,0,0,0,0,0,0,0,0,0,0,0.0,0,0,0,0,0,0.0,0,0,0.0,0.0,0,0,0,0,0,0,0
2.0.0,338.0,src/java/org/apache/ivy/plugins/resolver/util/FileURLLister.java,0.0,0,0,0,0,0,0,0,0,0,0,0,0,0.0,0,0,0,0,0,0.0,0,0,0.0,0.0,0,0,0,0,0,0,0
2.0.0,339.0,src/java/org/apache/ivy/plugins/resolver/util/HasLatestStrategy.java,0.0,0,0,0,0,0,0,0,0,0,0,0,0,0.0,0,0,0,0,0,0.0,0,0,0.0,0.0,0,0,0,0,0,0,0
2.0.0,340.0,src/java/org/apache/ivy/plugins/resolver/util/MDResolvedResource.java,0.0,0,0,0,0,0,0,0,0,0,0,0,0,0.0,0,0,0,0,0,0.0,0,0,0.0,0.0,0,0,0,0,0,0,0
2.0.0,341.0,src/java/org/apache/ivy/plugins/resolver/util/ResolvedResource.java,0.0,0,0,0,0,0,0,0,0,0,0,0,0,0.0,0,0,0,0,0,0.0,0,0,0.0,0.0,0,0,0,0,0,0,0
2.0.0,342.0,src/java/org/apache/ivy/plugins/resolver/util/ResolverHelper.java,0.0,0,0,0,0,0,0,0,0,0,0,0,0,0.0,0,0,0,0,0,0.0,0,0,0.0,0.0,0,0,0,0,0,0,0
2.0.0,343.0,src/java/org/apache/ivy/plugins/resolver/util/ResourceMDParser.java,0.0,0,0,0,0,0,0,0,0,0,0,0,0,0.0,0,0,0,0,0,0.0,0,0,0.0,0.0,0,0,0,0,0,0,0
2.0.0,344.0,src/java/org/apache/ivy/plugins/resolver/util/URLLister.java,0.0,0,0,0,0,0,0,0,0,0,0,0,0,0.0,0,0,0,0,0,0.0,0,0,0.0,0.0,0,0,0,0,0,0,0
2.0.0,345.0,src/java/org/apache/ivy/plugins/parser/m2/PomReader.java,1.0,0,0,0,0,0,0,0,0,0,0,0,0,0.0,0,0,0,0,0,0.0,0,0,0.0,0.465116279,0,0,0,0,0,0,0
2.0.0,346.0,src/java/org/apache/ivy/plugins/parser/m2/PomModuleDescriptorBuilder.java,1.0,0,0,0,0,0,0,0,0,0,0,0,0,0.0,0,0,0,0,0,0.0,0,0,0.0,0.0,0,0,0,0,0,0,0
2.0.0,347.0,src/java/org/apache/ivy/plugins/resolver/packager/PackagerCacheEntry.java,1.0,0,0,0,0,0,0,0,0,0,0,0,0,0.0,0,0,0,0,0,0.0,0,0,0.0,0.0,0,0,0,0,0,0,0
2.0.0,348.0,src/java/org/apache/ivy/plugins/resolver/packager/PackagerResolver.java,0.0,0,0,0,0,0,0,0,0,0,0,0,0,0.0,0,0,0,0,0,0.0,0,0,0.0,0.0,0,0,0,0,0,0,0
2.0.0,349.0,src/java/org/apache/ivy/Main.java,0.0,0,0,0,0,0,0,0,0,0,0,0,0,0.0,0,0,0,0,0,0.0,0,0,0.0,0.333333333,0,0,0,0,0,0,0
2.0.0,350.0,src/java/org/apache/ivy/plugins/report/LogReportOutputter.java,0.0,0,0,0,0,0,0,0,0,0,0,0,0,0.0,0,0,0,0,0,0.0,0,0,0.0,0.0,0,0,0,0,0,0,0
2.0.0,351.0,src/java/org/apache/ivy/plugins/resolver/BasicResolver.java,1.0,0,0,0,0,0,0,0,0,0,0,0,0,0.0,0,0,0,0,0,0.0,0,0,0.0,0.076923077,0,0,0,0,0,0,0
2.1.0,0.0,src/java/org/apache/ivy/plugins/resolver/RepositoryResolver.java,1.0,0,0,0,0,0,0,0,0,0,0,0,0,0.0,0,0,0,0,0,0.0,0,0,0.0,0.0,0,0,0,0,0,0,0
2.1.0,1.0,src/java/org/apache/ivy/Main.java,0.0,0,0,0,0,0,0,0,0,0,0,0,0,0.0,0,0,0,0,0,0.0,0,0,0.0,0.333333333,0,0,0,0,0,0,0
2.1.0,2.0,src/java/org/apache/ivy/Ivy.java,1.0,0,0,0,0,0,0,0,0,0,0,0,0,0.0,0,0,0,0,0,0.0,0,0,0.0,0.054054054,0,0,0,0,0,0,0
2.1.0,3.0,src/java/org/apache/ivy/Ivy14.java,0.0,0,0,0,0,0,0,0,0,0,0,0,0,0.0,0,0,0,0,0,0.0,0,0,0.0,0.0,0,0,0,0,0,0,0
2.1.0,4.0,src/java/org/apache/ivy/ant/AddPathTask.java,0.0,0,0,0,0,0,0,0,0,0,0,0,0,0.0,0,0,0,0,0,0.0,0,0,0.0,0.0,0,0,0,0,0,0,0
2.1.0,5.0,src/java/org/apache/ivy/ant/AntBuildTrigger.java,0.0,0,0,0,0,0,0,0,0,0,0,0,0,0.0,0,0,0,0,0,0.0,0,0,0.0,0.0,0,0,0,0,0,0,0
2.1.0,6.0,src/java/org/apache/ivy/ant/AntCallTrigger.java,0.0,0,0,0,0,0,0,0,0,0,0,0,0,0.0,0,0,0,0,0,0.0,0,0,0.0,0.0,0,0,0,0,0,0,0
2.1.0,7.0,src/java/org/apache/ivy/ant/AntMessageLogger.java,0.0,0,0,0,0,0,0,0,0,0,0,0,0,0.0,0,0,0,0,0,0.0,0,0,0.0,0.0,0,0,0,0,0,0,0
2.1.0,8.0,src/java/org/apache/ivy/ant/IvyAntSettings.java,0.0,0,0,0,0,0,0,0,0,0,0,0,0,0.0,0,0,0,0,0,0.0,0,0,0.0,0.0,0,0,0,0,0,0,0
2.1.0,9.0,src/java/org/apache/ivy/ant/IvyAntVariableContainer.java,0.0,0,0,0,0,0,0,0,0,0,0,0,0,0.0,0,0,0,0,0,0.0,0,0,0.0,0.0,0,0,0,0,0,0,0
2.1.0,10.0,src/java/org/apache/ivy/ant/IvyArtifactProperty.java,0.0,0,0,0,0,0,0,0,0,0,0,0,0,0.0,0,0,0,0,0,0.0,0,0,0.0,0.0,0,0,0,0,0,0,0
2.1.0,11.0,src/java/org/apache/ivy/ant/IvyArtifactReport.java,1.0,0,0,0,0,0,0,0,0,0,0,0,0,0.0,0,0,0,0,0,0.0,0,0,0.0,0.0,0,0,0,0,0,0,0
2.1.0,12.0,src/java/org/apache/ivy/ant/IvyBuildList.java,0.0,0,0,0,0,0,0,0,0,0,0,0,0,0.0,0,0,0,0,0,0.0,0,0,0.0,0.0,0,0,0,0,0,0,0
2.1.0,13.0,src/java/org/apache/ivy/ant/IvyBuildNumber.java,1.0,0,0,0,0,0,0,0,0,0,0,0,0,0.0,0,0,0,0,0,0.0,0,0,0.0,0.25,0,0,0,0,0,0,0
2.1.0,14.0,src/java/org/apache/ivy/ant/IvyCacheFileset.java,0.0,0,0,0,0,0,0,0,0,0,0,0,0,0.0,0,0,0,0,0,0.0,0,0,0.0,0.0,0,0,0,0,0,0,0
2.1.0,15.0,src/java/org/apache/ivy/ant/IvyCachePath.java,0.0,0,0,0,0,0,0,0,0,0,0,0,0,0.0,0,0,0,0,0,0.0,0,0,0.0,0.0,0,0,0,0,0,0,0
2.1.0,16.0,src/java/org/apache/ivy/ant/IvyCacheTask.java,0.0,0,0,0,0,0,0,0,0,0,0,0,0,0.0,0,0,0,0,0,0.0,0,0,0.0,0.0,0,0,0,0,0,0,0
2.1.0,17.0,src/java/org/apache/ivy/ant/IvyCheck.java,0.0,0,0,0,0,0,0,0,0,0,0,0,0,0.0,0,0,0,0,0,0.0,0,0,0.0,0.0,0,0,0,0,0,0,0
2.1.0,18.0,src/java/org/apache/ivy/ant/IvyCleanCache.java,0.0,0,0,0,0,0,0,0,0,0,0,0,0,0.0,0,0,0,0,0,0.0,0,0,0.0,0.0,0,0,0,0,0,0,0
2.1.0,19.0,src/java/org/apache/ivy/ant/IvyConfigure.java,0.0,0,0,0,0,0,0,0,0,0,0,0,0,0.0,0,0,0,0,0,0.0,0,0,0.0,0.0,0,0,0,0,0,0,0
2.1.0,20.0,src/java/org/apache/ivy/ant/IvyConvertPom.java,0.0,0,0,0,0,0,0,0,0,0,0,0,0,0.0,0,0,0,0,0,0.0,0,0,0.0,0.8,0,0,0,0,0,0,0
2.1.0,21.0,src/java/org/apache/ivy/ant/IvyDeliver.java,1.0,0,0,0,0,0,0,0,0,0,0,0,0,0.0,0,0,0,0,0,0.0,0,0,0.0,0.21875,0,0,0,0,0,0,0
2.1.0,22.0,src/java/org/apache/ivy/ant/IvyExtractFromSources.java,0.0,0,0,0,0,0,0,0,0,0,0,0,0,0.0,0,0,0,0,0,0.0,0,0,0.0,0.0,0,0,0,0,0,0,0
2.1.0,23.0,src/java/org/apache/ivy/ant/IvyFindRevision.java,1.0,0,0,0,0,0,0,0,0,0,0,0,0,0.0,0,0,0,0,0,0.0,0,0,0.0,0.818181818,0,0,0,0,0,0,0
2.1.0,24.0,src/java/org/apache/ivy/ant/IvyInfo.java,0.0,0,0,0,0,0,0,0,0,0,0,0,0,0.0,0,0,0,0,0,0.0,0,0,0.0,0.0,0,0,0,0,0,0,0
2.1.0,25.0,src/java/org/apache/ivy/ant/IvyInstall.java,0.0,0,0,0,0,0,0,0,0,0,0,0,0,0.0,0,0,0,0,0,0.0,0,0,0.0,0.0,0,0,0,0,0,0,0
2.1.0,26.0,src/java/org/apache/ivy/ant/IvyListModules.java,0.0,0,0,0,0,0,0,0,0,0,0,0,0,0.0,0,0,0,0,0,0.0,0,0,0.0,0.6,0,0,0,0,0,0,0
2.1.0,27.0,src/java/org/apache/ivy/ant/IvyMakePom.java,1.0,0,0,0,0,0,0,0,0,0,0,0,0,0.0,0,0,0,0,0,0.0,0,0,0.0,0.307692308,0,0,0,0,0,0,0
2.1.0,28.0,src/java/org/apache/ivy/ant/IvyPostResolveTask.java,0.0,0,0,0,0,0,0,0,0,0,0,0,0,0.0,0,0,0,0,0,0.0,0,0,0.0,0.23255814,0,0,0,0,0,0,0
2.1.0,29.0,src/java/org/apache/ivy/ant/IvyPublish.java,1.0,0,0,0,0,0,0,0,0,0,0,0,0,0.0,0,0,0,0,0,0.0,0,0,0.0,0.169230769,0,0,0,0,0,0,0
2.1.0,30.0,src/java/org/apache/ivy/ant/IvyReport.java,0.0,0,0,0,0,0,0,0,0,0,0,0,0,0.0,0,0,0,0,0,0.0,0,0,0.0,0.090909091,0,0,0,0,0,0,0
2.1.0,31.0,src/java/org/apache/ivy/ant/IvyRepositoryReport.java,0.0,0,0,0,0,0,0,0,0,0,0,0,0,0.0,0,0,0,0,0,0.0,0,0,0.0,0.0,0,0,0,0,0,0,0
2.1.0,32.0,src/java/org/apache/ivy/ant/IvyResolve.java,1.0,0,0,0,0,0,0,0,0,0,0,0,0,0.0,0,0,0,0,0,0.0,0,0,0.0,0.0,0,0,0,0,0,0,0
2.1.0,33.0,src/java/org/apache/ivy/ant/IvyRetrieve.java,0.0,0,0,0,0,0,0,0,0,0,0,0,0,0.0,0,0,0,0,0,0.0,0,0,0.0,0.0,0,0,0,0,0,0,0
2.1.0,34.0,src/java/org/apache/ivy/ant/IvyTask.java,1.0,0,0,0,0,0,0,0,0,0,0,0,0,0.0,0,0,0,0,0,0.0,0,0,0.0,0.0,0,0,0,0,0,0,0
2.1.0,35.0,src/java/org/apache/ivy/ant/IvyVar.java,0.0,0,0,0,0,0,0,0,0,0,0,0,0,0.0,0,0,0,0,0,0.0,0,0,0.0,0.0,0,0,0,0,0,0,0
2.1.0,36.0,src/java/org/apache/ivy/ant/PackageMapping.java,0.0,0,0,0,0,0,0,0,0,0,0,0,0,0.0,0,0,0,0,0,0.0,0,0,0.0,0.0,0,0,0,0,0,0,0
2.1.0,37.0,src/java/org/apache/ivy/core/ExecutionRelativeUrlResolver.java,0.0,0,0,0,0,0,0,0,0,0,0,0,0,0.0,0,0,0,0,0,0.0,0,0,0.0,0.0,0,0,0,0,0,0,0
2.1.0,38.0,src/java/org/apache/ivy/core/IvyContext.java,0.0,0,0,0,0,0,0,0,0,0,0,0,0,0.0,0,0,0,0,0,0.0,0,0,0.0,0.275862069,0,0,0,0,0,0,0
2.1.0,39.0,src/java/org/apache/ivy/core/IvyPatternHelper.java,0.0,0,0,0,0,0,0,0,0,0,0,0,0,0.0,0,0,0,0,0,0.0,0,0,0.0,0.214285714,0,0,0,0,0,0,0
2.1.0,40.0,src/java/org/apache/ivy/core/IvyThread.java,0.0,0,0,0,0,0,0,0,0,0,0,0,0,0.0,0,0,0,0,0,0.0,0,0,0.0,0.0,0,0,0,0,0,0,0
2.1.0,41.0,src/java/org/apache/ivy/core/LogOptions.java,0.0,0,0,0,0,0,0,0,0,0,0,0,0,0.0,0,0,0,0,0,0.0,0,0,0.0,0.0,0,0,0,0,0,0,0
2.1.0,42.0,src/java/org/apache/ivy/core/NormalRelativeUrlResolver.java,0.0,0,0,0,0,0,0,0,0,0,0,0,0,0.0,0,0,0,0,0,0.0,0,0,0.0,0.0,0,0,0,0,0,0,0
2.1.0,43.0,src/java/org/apache/ivy/core/RelativeUrlResolver.java,0.0,0,0,0,0,0,0,0,0,0,0,0,0,0.0,0,0,0,0,0,0.0,0,0,0.0,0.0,0,0,0,0,0,0,0
2.1.0,44.0,src/java/org/apache/ivy/plugins/IvySettingsAware.java,0.0,0,0,0,0,0,0,0,0,0,0,0,0,0.0,0,0,0,0,0,0.0,0,0,0.0,0.0,0,0,0,0,0,0,0
2.1.0,45.0,src/java/org/apache/ivy/util/AbstractMessageLogger.java,0.0,0,0,0,0,0,0,0,0,0,0,0,0,0.0,0,0,0,0,0,0.0,0,0,0.0,0.0,0,0,0,0,0,0,0
2.1.0,46.0,src/java/org/apache/ivy/util/Checks.java,1.0,0,0,0,0,0,0,0,0,0,0,0,0,0.0,0,0,0,0,0,0.0,0,0,0.0,0.0,0,0,0,0,0,0,0
2.1.0,47.0,src/java/org/apache/ivy/util/ChecksumHelper.java,0.0,0,0,0,0,0,0,0,0,0,0,0,0,0.0,0,0,0,0,0,0.0,0,0,0.0,0.0,0,0,0,0,0,0,0
2.1.0,48.0,src/java/org/apache/ivy/util/ConfigurationUtils.java,0.0,0,0,0,0,0,0,0,0,0,0,0,0,0.0,0,0,0,0,0,0.0,0,0,0.0,0.0,0,0,0,0,0,0,0
2.1.0,49.0,src/java/org/apache/ivy/util/Configurator.java,0.0,0,0,0,0,0,0,0,0,0,0,0,0,0.0,0,0,0,0,0,0.0,0,0,0.0,0.0,0,0,0,0,0,0,0
2.1.0,50.0,src/java/org/apache/ivy/util/ContextualSAXHandler.java,0.0,0,0,0,0,0,0,0,0,0,0,0,0,0.0,0,0,0,0,0,0.0,0,0,0.0,0.6,0,0,0,0,0,0,0
2.1.0,51.0,src/java/org/apache/ivy/util/CopyProgressEvent.java,0.0,0,0,0,0,0,0,0,0,0,0,0,0,0.0,0,0,0,0,0,0.0,0,0,0.0,0.0,0,0,0,0,0,0,0
2.1.0,52.0,src/java/org/apache/ivy/util/CopyProgressListener.java,0.0,0,0,0,0,0,0,0,0,0,0,0,0,0.0,0,0,0,0,0,0.0,0,0,0.0,0.0,0,0,0,0,0,0,0
2.1.0,53.0,src/java/org/apache/ivy/util/Credentials.java,0.0,0,0,0,0,0,0,0,0,0,0,0,0,0.0,0,0,0,0,0,0.0,0,0,0.0,0.0,0,0,0,0,0,0,0
2.1.0,54.0,src/java/org/apache/ivy/util/CredentialsUtil.java,0.0,0,0,0,0,0,0,0,0,0,0,0,0,0.0,0,0,0,0,0,2.0,0,0,0.5,2.0,0,0,0,0,0,0,0
2.1.0,55.0,src/java/org/apache/ivy/util/DefaultMessageLogger.java,0.0,0,0,0,0,0,0,0,0,0,0,0,0,0.0,0,0,0,0,0,0.0,0,0,0.0,0.0,0,0,0,0,0,0,0
2.1.0,56.0,src/java/org/apache/ivy/util/EncrytedProperties.java,0.0,0,0,0,0,0,0,0,0,0,0,0,0,0.0,0,0,0,0,0,0.0,0,0,0.0,0.0,0,0,0,0,0,0,0
2.1.0,57.0,src/java/org/apache/ivy/util/FileResolver.java,0.0,0,0,0,0,0,0,0,0,0,0,0,0,0.0,0,0,0,0,0,0.0,0,0,0.0,0.0,0,0,0,0,0,0,0
2.1.0,58.0,src/java/org/apache/ivy/util/FileUtil.java,1.0,0,0,0,0,0,0,0,0,0,0,0,0,0.0,0,0,0,0,0,0.0,0,0,0.0,0.176470588,0,0,0,0,0,0,0
2.1.0,59.0,src/java/org/apache/ivy/util/HostUtil.java,0.0,0,0,0,0,0,0,0,0,0,0,0,0,0.0,0,0,0,0,0,0.0,0,0,0.0,0.0,0,0,0,0,0,0,0
2.1.0,60.0,src/java/org/apache/ivy/util/MemoryUtil.java,0.0,0,0,0,0,0,0,0,0,0,0,0,0,0.0,0,0,0,0,0,0.0,0,0,0.0,0.0,0,0,0,0,0,0,0
2.1.0,61.0,src/java/org/apache/ivy/util/Message.java,0.0,0,0,0,0,0,0,0,0,0,0,0,0,0.0,0,0,0,0,0,0.0,0,0,0.0,0.0,0,0,0,0,0,0,0
2.1.0,62.0,src/java/org/apache/ivy/util/MessageLogger.java,0.0,0,0,0,0,0,0,0,0,0,0,0,0,0.0,0,0,0,0,0,0.0,0,0,0.0,0.0,0,0,0,0,0,0,0
2.1.0,63.0,src/java/org/apache/ivy/util/MessageLoggerEngine.java,0.0,0,0,0,0,0,0,0,0,0,0,0,0,0.0,0,0,0,0,0,0.0,0,0,0.0,0.0,0,0,0,0,0,0,0
2.1.0,64.0,src/java/org/apache/ivy/util/MessageLoggerHelper.java,0.0,0,0,0,0,0,0,0,0,0,0,0,0,0.0,0,0,0,0,0,0.0,0,0,0.0,0.0,0,0,0,0,0,0,0
2.1.0,65.0,src/java/org/apache/ivy/util/PropertiesFile.java,0.0,0,0,0,0,0,0,0,0,0,0,0,0,0.0,0,0,0,0,0,0.0,0,0,0.0,0.0,0,0,0,0,0,0,0
2.1.0,66.0,src/java/org/apache/ivy/util/StringUtils.java,0.0,0,0,0,0,0,0,0,0,0,0,0,0,0.0,0,0,0,0,0,0.0,0,0,0.0,0.0,0,0,0,0,0,0,0
2.1.0,67.0,src/java/org/apache/ivy/util/XMLHelper.java,1.0,0,0,0,0,0,0,0,0,0,0,0,0,0.0,0,0,0,0,0,0.0,0,0,0.0,0.0,0,0,0,0,0,0,0
2.1.0,68.0,src/java/org/apache/ivy/core/cache/ArtifactOrigin.java,0.0,0,0,0,0,0,0,0,0,0,0,0,0,0.0,0,0,0,0,0,0.0,0,0,0.0,0.0,0,0,0,0,0,0,0
2.1.0,69.0,src/java/org/apache/ivy/core/cache/CacheDownloadOptions.java,0.0,0,0,0,0,0,0,0,0,0,0,0,0,0.0,0,0,0,0,0,0.0,0,0,0.0,0.0,0,0,0,0,0,0,0
2.1.0,70.0,src/java/org/apache/ivy/core/cache/CacheMetadataOptions.java,0.0,0,0,0,0,0,0,0,0,0,0,0,0,0.0,0,0,0,0,0,0.0,0,0,0.0,0.0,0,0,0,0,0,0,0
2.1.0,71.0,src/java/org/apache/ivy/core/cache/CacheUtil.java,0.0,0,0,0,0,0,0,0,0,0,0,0,0,0.0,0,0,0,0,0,0.0,0,0,0.0,0.0,0,0,0,0,0,0,0
2.1.0,72.0,src/java/org/apache/ivy/core/cache/DefaultRepositoryCacheManager.java,1.0,0,0,0,0,0,0,0,0,0,0,0,0,0.0,0,0,0,0,0,0.0,0,0,0.0,0.146341463,0,0,0,0,0,0,0
2.1.0,73.0,src/java/org/apache/ivy/core/cache/DefaultResolutionCacheManager.java,1.0,0,0,0,0,0,0,0,0,0,0,0,0,0.0,0,0,0,0,0,0.0,0,0,0.0,0.0,0,0,0,0,0,0,0
2.1.0,74.0,src/java/org/apache/ivy/core/cache/DownloadListener.java,0.0,0,0,0,0,0,0,0,0,0,0,0,0,0.0,0,0,0,0,0,0.0,0,0,0.0,0.0,0,0,0,0,0,0,0
2.1.0,75.0,src/java/org/apache/ivy/core/cache/ModuleDescriptorMemoryCache.java,0.0,0,0,0,0,0,0,0,0,0,0,0,0,0.0,0,0,0,0,0,0.0,0,0,0.0,0.0,0,0,0,0,0,0,0
2.1.0,76.0,src/java/org/apache/ivy/core/cache/ModuleDescriptorProvider.java,0.0,0,0,0,0,0,0,0,0,0,0,0,0,0.0,0,0,0,0,0,0.0,0,0,0.0,0.0,0,0,0,0,0,0,0
2.1.0,77.0,src/java/org/apache/ivy/core/cache/ModuleDescriptorWriter.java,0.0,0,0,0,0,0,0,0,0,0,0,0,0,0.0,0,0,0,0,0,0.0,0,0,0.0,0.0,0,0,0,0,0,0,0
2.1.0,78.0,src/java/org/apache/ivy/core/cache/ParserSettingsMonitor.java,0.0,0,0,0,0,0,0,0,0,0,0,0,0,0.0,0,0,0,0,0,0.0,0,0,0.0,0.0,0,0,0,0,0,0,0
2.1.0,79.0,src/java/org/apache/ivy/core/cache/RepositoryCacheManager.java,0.0,0,0,0,0,0,0,0,0,0,0,0,0,0.0,0,0,0,0,0,0.0,0,0,0.0,0.0,0,0,0,0,0,0,0
2.1.0,80.0,src/java/org/apache/ivy/core/cache/ResolutionCacheManager.java,0.0,0,0,0,0,0,0,0,0,0,0,0,0,0.0,0,0,0,0,0,0.0,0,0,0.0,0.0,0,0,0,0,0,0,0
2.1.0,81.0,src/java/org/apache/ivy/core/check/CheckEngine.java,0.0,0,0,0,0,0,0,0,0,0,0,0,0,0.0,0,0,0,0,0,0.0,0,0,0.0,0.0,0,0,0,0,0,0,0
2.1.0,82.0,src/java/org/apache/ivy/core/check/CheckEngineSettings.java,0.0,0,0,0,0,0,0,0,0,0,0,0,0,0.0,0,0,0,0,0,0.0,0,0,0.0,0.0,0,0,0,0,0,0,0
2.1.0,83.0,src/java/org/apache/ivy/core/deliver/DefaultPublishingDRResolver.java,0.0,0,0,0,0,0,0,0,0,0,0,0,0,0.0,0,0,0,0,0,0.0,0,0,0.0,0.0,0,0,0,0,0,0,0
2.1.0,84.0,src/java/org/apache/ivy/core/deliver/DeliverEngine.java,1.0,0,0,0,0,0,0,0,0,0,0,0,0,0.0,0,0,0,0,0,0.0,0,0,0.0,0.0,0,0,0,0,0,0,0
2.1.0,85.0,src/java/org/apache/ivy/core/deliver/DeliverEngineSettings.java,0.0,0,0,0,0,0,0,0,0,0,0,0,0,0.0,0,0,0,0,0,0.0,0,0,0.0,0.0,0,0,0,0,0,0,0
2.1.0,86.0,src/java/org/apache/ivy/core/deliver/DeliverOptions.java,0.0,0,0,0,0,0,0,0,0,0,0,0,0,0.0,0,0,0,0,0,0.0,0,0,0.0,0.0,0,0,0,0,0,0,0
2.1.0,87.0,src/java/org/apache/ivy/core/deliver/PublishingDependencyRevisionResolver.java,0.0,0,0,0,0,0,0,0,0,0,0,0,0,0.0,0,0,0,0,0,0.0,0,0,0.0,0.0,0,0,0,0,0,0,0
2.1.0,88.0,src/java/org/apache/ivy/core/event/EventManager.java,0.0,0,0,0,0,0,0,0,0,0,0,0,0,0.0,0,0,0,0,0,0.0,0,0,0.0,0.0,0,0,0,0,0,0,0
2.1.0,89.0,src/java/org/apache/ivy/core/event/FilteredIvyListener.java,0.0,0,0,0,0,0,0,0,0,0,0,0,0,0.0,0,0,0,0,0,0.0,0,0,0.0,0.0,0,0,0,0,0,0,0
2.1.0,90.0,src/java/org/apache/ivy/core/event/IvyEvent.java,0.0,0,0,0,0,0,0,0,0,0,0,0,0,0.0,0,0,0,0,0,0.0,0,0,0.0,0.0,0,0,0,0,0,0,0
2.1.0,91.0,src/java/org/apache/ivy/core/event/IvyEventFilter.java,0.0,0,0,0,0,0,0,0,0,0,0,0,0,0.0,0,0,0,0,0,0.0,0,0,0.0,0.0,0,0,0,0,0,0,0
2.1.0,92.0,src/java/org/apache/ivy/core/event/IvyListener.java,0.0,0,0,0,0,0,0,0,0,0,0,0,0,0.0,0,0,0,0,0,0.0,0,0,0.0,0.0,0,0,0,0,0,0,0
2.1.0,93.0,src/java/org/apache/ivy/core/install/InstallEngine.java,0.0,0,0,0,0,0,0,0,0,0,0,0,0,0.0,0,0,0,0,0,0.0,0,0,0.0,0.0,0,0,0,0,0,0,0
2.1.0,94.0,src/java/org/apache/ivy/core/install/InstallEngineSettings.java,0.0,0,0,0,0,0,0,0,0,0,0,0,0,0.0,0,0,0,0,0,0.0,0,0,0.0,0.0,0,0,0,0,0,0,0
2.1.0,95.0,src/java/org/apache/ivy/core/install/InstallOptions.java,0.0,0,0,0,0,0,0,0,0,0,0,0,0,0.0,0,0,0,0,0,0.0,0,0,0.0,0.0,0,0,0,0,0,0,0
2.1.0,96.0,src/java/org/apache/ivy/core/publish/PublishEngine.java,1.0,0,0,0,0,0,0,0,0,0,0,0,0,0.0,0,0,0,0,0,0.0,0,0,0.0,0.0,0,0,0,0,0,0,0
2.1.0,97.0,src/java/org/apache/ivy/core/publish/PublishEngineSettings.java,0.0,0,0,0,0,0,0,0,0,0,0,0,0,0.0,0,0,0,0,0,0.0,0,0,0.0,0.0,0,0,0,0,0,0,0
2.1.0,98.0,src/java/org/apache/ivy/core/publish/PublishOptions.java,0.0,0,0,0,0,0,0,0,0,0,0,0,0,0.0,0,0,0,0,0,0.0,0,0,0.0,0.0,0,0,0,0,0,0,0
2.1.0,99.0,src/java/org/apache/ivy/core/report/ArtifactDownloadReport.java,0.0,0,0,0,0,0,0,0,0,0,0,0,0,0.0,0,0,0,0,0,0.0,0,0,0.0,0.0,0,0,0,0,0,0,0
2.1.0,100.0,src/java/org/apache/ivy/core/report/ConfigurationResolveReport.java,0.0,0,0,0,0,0,0,0,0,0,0,0,0,0.0,0,0,0,0,0,0.0,0,0,0.0,0.206896552,0,0,0,0,0,0,0
2.1.0,101.0,src/java/org/apache/ivy/core/report/DownloadReport.java,0.0,0,0,0,0,0,0,0,0,0,0,0,0,0.0,0,0,0,0,0,0.0,0,0,0.0,0.0,0,0,0,0,0,0,0
2.1.0,102.0,src/java/org/apache/ivy/core/report/DownloadStatus.java,0.0,0,0,0,0,0,0,0,0,0,0,0,0,0.0,0,0,0,0,0,0.0,0,0,0.0,0.0,0,0,0,0,0,0,0
2.1.0,103.0,src/java/org/apache/ivy/core/report/MetadataArtifactDownloadReport.java,0.0,0,0,0,0,0,0,0,0,0,0,0,0,0.0,0,0,0,0,0,0.0,0,0,0.0,0.0,0,0,0,0,0,0,0
2.1.0,104.0,src/java/org/apache/ivy/core/report/ResolveReport.java,0.0,0,0,0,0,0,0,0,0,0,0,0,0,0.0,0,0,0,0,0,0.0,0,0,0.0,0.0,0,0,0,0,0,0,0
2.1.0,105.0,src/java/org/apache/ivy/core/repository/RepositoryManagementEngine.java,0.0,0,0,0,0,0,0,0,0,0,0,0,0,0.0,0,0,0,0,0,0.0,0,0,0.0,0.0,0,0,0,0,0,0,0
2.1.0,106.0,src/java/org/apache/ivy/core/repository/RepositoryManagementEngineSettings.java,0.0,0,0,0,0,0,0,0,0,0,0,0,0,0.0,0,0,0,0,0,0.0,0,0,0.0,0.0,0,0,0,0,0,0,0
2.1.0,107.0,src/java/org/apache/ivy/core/resolve/DownloadOptions.java,0.0,0,0,0,0,0,0,0,0,0,0,0,0,0.0,0,0,0,0,0,0.0,0,0,0.0,0.0,0,0,0,0,0,0,0
2.1.0,108.0,src/java/org/apache/ivy/core/resolve/IvyNode.java,1.0,0,0,0,0,0,0,0,0,0,0,0,0,0.0,0,0,0,0,0,0.0,0,0,0.0,0.0,0,0,0,0,0,0,0
2.1.0,109.0,src/java/org/apache/ivy/core/resolve/IvyNodeBlacklist.java,0.0,0,0,0,0,0,0,0,0,0,0,0,0,0.0,0,0,0,0,0,0.0,0,0,0.0,0.0,0,0,0,0,0,0,0
2.1.0,110.0,src/java/org/apache/ivy/core/resolve/IvyNodeCallers.java,1.0,0,0,0,0,0,0,0,0,0,0,0,0,0.0,0,0,0,0,0,0.0,0,0,0.0,0.0,0,0,0,0,0,0,0
2.1.0,111.0,src/java/org/apache/ivy/core/resolve/IvyNodeEviction.java,1.0,0,0,0,0,0,0,0,0,0,0,0,0,0.0,0,0,0,0,0,0.0,0,0,0.0,0.272727273,0,0,0,0,0,0,0
2.1.0,112.0,src/java/org/apache/ivy/core/resolve/IvyNodeUsage.java,0.0,0,0,0,0,0,0,0,0,0,0,0,0,0.0,0,0,0,0,0,0.0,0,0,0.0,0.0,0,0,0,0,0,0,0
2.1.0,113.0,src/java/org/apache/ivy/core/resolve/ResolveData.java,1.0,0,0,0,0,0,0,0,0,0,0,0,0,0.0,0,0,0,0,0,0.0,0,0,0.0,0.0,0,0,0,0,0,0,0
2.1.0,114.0,src/java/org/apache/ivy/core/resolve/ResolvedModuleRevision.java,0.0,0,0,0,0,0,0,0,0,0,0,0,0,0.0,0,0,0,0,0,0.0,0,0,0.0,0.0,0,0,0,0,0,0,0
2.1.0,115.0,src/java/org/apache/ivy/core/resolve/ResolveEngine.java,1.0,0,0,0,0,0,0,0,0,0,0,0,0,0.0,0,0,0,0,0,0.0,0,0,0.0,0.181818182,0,0,0,0,0,0,0
2.1.0,116.0,src/java/org/apache/ivy/core/resolve/ResolveEngineSettings.java,0.0,0,0,0,0,0,0,0,0,0,0,0,0,0.0,0,0,0,0,0,0.0,0,0,0.0,0.0,0,0,0,0,0,0,0
2.1.0,117.0,src/java/org/apache/ivy/core/resolve/ResolveOptions.java,0.0,0,0,0,0,0,0,0,0,0,0,0,0,0.0,0,0,0,0,0,0.0,0,0,0.0,0.0,0,0,0,0,0,0,0
2.1.0,118.0,src/java/org/apache/ivy/core/resolve/ResolveProcessException.java,0.0,0,0,0,0,0,0,0,0,0,0,0,0,0.0,0,0,0,0,0,0.0,0,0,0.0,0.0,0,0,0,0,0,0,0
2.1.0,119.0,src/java/org/apache/ivy/core/resolve/RestartResolveProcess.java,0.0,0,0,0,0,0,0,0,0,0,0,0,0,0.0,0,0,0,0,0,0.0,0,0,0.0,0.0,0,0,0,0,0,0,0
2.1.0,120.0,src/java/org/apache/ivy/core/resolve/VisitData.java,0.0,0,0,0,0,0,0,0,0,0,0,0,0,0.0,0,0,0,0,0,0.0,0,0,0.0,0.0,0,0,0,0,0,0,0
2.1.0,121.0,src/java/org/apache/ivy/core/resolve/VisitNode.java,1.0,0,0,0,0,0,0,0,0,0,0,0,0,0.0,0,0,0,0,0,0.0,0,0,0.0,0.0,0,0,0,0,0,0,0
2.1.0,122.0,src/java/org/apache/ivy/core/retrieve/RetrieveEngine.java,0.0,0,0,0,0,0,0,0,0,0,0,0,0,0.0,0,0,0,0,0,0.0,0,0,0.0,0.0,0,0,0,0,0,0,0
2.1.0,123.0,src/java/org/apache/ivy/core/retrieve/RetrieveEngineSettings.java,0.0,0,0,0,0,0,0,0,0,0,0,0,0,0.0,0,0,0,0,0,0.0,0,0,0.0,0.0,0,0,0,0,0,0,0
2.1.0,124.0,src/java/org/apache/ivy/core/retrieve/RetrieveOptions.java,0.0,0,0,0,0,0,0,0,0,0,0,0,0,0.0,0,0,0,0,0,0.0,0,0,0.0,0.0,0,0,0,0,0,0,0
2.1.0,125.0,src/java/org/apache/ivy/core/search/ModuleEntry.java,0.0,0,0,0,0,0,0,0,0,0,0,0,0,0.0,0,0,0,0,0,0.0,0,0,0.0,0.0,0,0,0,0,0,0,0
2.1.0,126.0,src/java/org/apache/ivy/core/search/OrganisationEntry.java,0.0,0,0,0,0,0,0,0,0,0,0,0,0,0.0,0,0,0,0,0,0.0,0,0,0.0,0.0,0,0,0,0,0,0,0
2.1.0,127.0,src/java/org/apache/ivy/core/search/RevisionEntry.java,0.0,0,0,0,0,0,0,0,0,0,0,0,0,0.0,0,0,0,0,0,0.0,0,0,0.0,0.0,0,0,0,0,0,0,0
2.1.0,128.0,src/java/org/apache/ivy/core/search/SearchEngine.java,1.0,0,0,0,0,0,0,0,0,0,0,0,0,0.0,0,0,0,0,0,0.0,0,0,0.0,1.076923077,0,0,0,0,0,0,0
2.1.0,129.0,src/java/org/apache/ivy/core/settings/IvyPattern.java,0.0,0,0,0,0,0,0,0,0,0,0,0,0,0.0,0,0,0,0,0,0.0,0,0,0.0,0.0,0,0,0,0,0,0,0
2.1.0,130.0,src/java/org/apache/ivy/core/settings/IvySettings.java,1.0,0,0,0,0,0,0,0,0,0,0,0,0,0.0,0,0,0,0,0,0.0,0,0,0.0,0.024096386,0,0,0,0,0,0,0
2.1.0,131.0,src/java/org/apache/ivy/core/settings/IvyVariableContainer.java,0.0,0,0,0,0,0,0,0,0,0,0,0,0,0.0,0,0,0,0,0,0.0,0,0,0.0,0.0,0,0,0,0,0,0,0
2.1.0,132.0,src/java/org/apache/ivy/core/settings/IvyVariableContainerImpl.java,0.0,0,0,0,0,0,0,0,0,0,0,0,0,0.0,0,0,0,0,0,0.0,0,0,0.0,0.0,0,0,0,0,0,0,0
2.1.0,133.0,src/java/org/apache/ivy/core/settings/Validatable.java,0.0,0,0,0,0,0,0,0,0,0,0,0,0,0.0,0,0,0,0,0,0.0,0,0,0.0,0.0,0,0,0,0,0,0,0
2.1.0,134.0,src/java/org/apache/ivy/core/settings/XmlSettingsParser.java,1.0,0,0,0,0,0,0,0,0,0,0,0,0,0.0,0,0,0,0,0,0.0,0,0,0.0,0.357142857,0,0,0,0,0,0,0
2.1.0,135.0,src/java/org/apache/ivy/core/sort/CollectionOfModulesToSort.java,0.0,0,0,0,0,0,0,0,0,0,0,0,0,0.0,0,0,0,0,0,0.0,0,0,0.0,0.0,0,0,0,0,0,0,0
2.1.0,136.0,src/java/org/apache/ivy/core/sort/MessageBasedNonMatchingVersionReporter.java,0.0,0,0,0,0,0,0,0,0,0,0,0,0,0.0,0,0,0,0,0,0.0,0,0,0.0,0.0,0,0,0,0,0,0,0
2.1.0,137.0,src/java/org/apache/ivy/core/sort/ModuleDescriptorSorter.java,0.0,0,0,0,0,0,0,0,0,0,0,0,0,0.0,0,0,0,0,0,0.0,0,0,0.0,0.0,0,0,0,0,0,0,0
2.1.0,138.0,src/java/org/apache/ivy/core/sort/ModuleInSort.java,0.0,0,0,0,0,0,0,0,0,0,0,0,0,0.0,0,0,0,0,0,0.0,0,0,0.0,0.0,0,0,0,0,0,0,0
2.1.0,139.0,src/java/org/apache/ivy/core/sort/NonMatchingVersionReporter.java,0.0,0,0,0,0,0,0,0,0,0,0,0,0,0.0,0,0,0,0,0,0.0,0,0,0.0,0.0,0,0,0,0,0,0,0
2.1.0,140.0,src/java/org/apache/ivy/core/sort/SilentNonMatchingVersionReporter.java,0.0,0,0,0,0,0,0,0,0,0,0,0,0,0.0,0,0,0,0,0,0.0,0,0,0.0,0.0,0,0,0,0,0,0,0
2.1.0,141.0,src/java/org/apache/ivy/core/sort/SimpleSortEngineSettings.java,0.0,0,0,0,0,0,0,0,0,0,0,0,0,0.0,0,0,0,0,0,0.0,0,0,0.0,0.0,0,0,0,0,0,0,0
2.1.0,142.0,src/java/org/apache/ivy/core/sort/SortEngine.java,0.0,0,0,0,0,0,0,0,0,0,0,0,0,0.0,0,0,0,0,0,0.0,0,0,0.0,0.0,0,0,0,0,0,0,0
2.1.0,143.0,src/java/org/apache/ivy/core/sort/SortEngineSettings.java,0.0,0,0,0,0,0,0,0,0,0,0,0,0,0.0,0,0,0,0,0,0.0,0,0,0.0,0.0,0,0,0,0,0,0,0
2.1.0,144.0,src/java/org/apache/ivy/core/sort/SortOptions.java,0.0,0,0,0,0,0,0,0,0,0,0,0,0,0.0,0,0,0,0,0,0.0,0,0,0.0,0.0,0,0,0,0,0,0,0
2.1.0,145.0,src/java/org/apache/ivy/core/sort/WarningNonMatchingVersionReporter.java,0.0,0,0,0,0,0,0,0,0,0,0,0,0,0.0,0,0,0,0,0,0.0,0,0,0.0,0.0,0,0,0,0,0,0,0
2.1.0,146.0,src/java/org/apache/ivy/plugins/circular/AbstractCircularDependencyStrategy.java,0.0,0,0,0,0,0,0,0,0,0,0,0,0,0.0,0,0,0,0,0,0.0,0,0,0.0,0.0,0,0,0,0,0,0,0
2.1.0,147.0,src/java/org/apache/ivy/plugins/circular/AbstractLogCircularDependencyStrategy.java,0.0,0,0,0,0,0,0,0,0,0,0,0,0,0.0,0,0,0,0,0,0.0,0,0,0.0,0.0,0,0,0,0,0,0,0
2.1.0,148.0,src/java/org/apache/ivy/plugins/circular/CircularDependencyException.java,0.0,0,0,0,0,0,0,0,0,0,0,0,0,0.0,0,0,0,0,0,0.0,0,0,0.0,0.0,0,0,0,0,0,0,0
2.1.0,149.0,src/java/org/apache/ivy/plugins/circular/CircularDependencyHelper.java,0.0,0,0,0,0,0,0,0,0,0,0,0,0,0.0,0,0,0,0,0,0.0,0,0,0.0,0.0,0,0,0,0,0,0,0
2.1.0,150.0,src/java/org/apache/ivy/plugins/circular/CircularDependencyStrategy.java,0.0,0,0,0,0,0,0,0,0,0,0,0,0,0.0,0,0,0,0,0,0.0,0,0,0.0,0.0,0,0,0,0,0,0,0
2.1.0,151.0,src/java/org/apache/ivy/plugins/circular/ErrorCircularDependencyStrategy.java,0.0,0,0,0,0,0,0,0,0,0,0,0,0,0.0,0,0,0,0,0,0.0,0,0,0.0,0.0,0,0,0,0,0,0,0
2.1.0,152.0,src/java/org/apache/ivy/plugins/circular/IgnoreCircularDependencyStrategy.java,0.0,0,0,0,0,0,0,0,0,0,0,0,0,0.0,0,0,0,0,0,0.0,0,0,0.0,0.0,0,0,0,0,0,0,0
2.1.0,153.0,src/java/org/apache/ivy/plugins/circular/WarnCircularDependencyStrategy.java,0.0,0,0,0,0,0,0,0,0,0,0,0,0,0.0,0,0,0,0,0,0.0,0,0,0.0,0.0,0,0,0,0,0,0,0
2.1.0,154.0,src/java/org/apache/ivy/plugins/conflict/AbstractConflictManager.java,0.0,0,0,0,0,0,0,0,0,0,0,0,0,0.0,0,0,0,0,0,0.0,0,0,0.0,0.0,0,0,0,0,0,0,0
2.1.0,155.0,src/java/org/apache/ivy/plugins/conflict/ConflictManager.java,0.0,0,0,0,0,0,0,0,0,0,0,0,0,0.0,0,0,0,0,0,0.0,0,0,0.0,0.0,0,0,0,0,0,0,0
2.1.0,156.0,src/java/org/apache/ivy/plugins/conflict/FixedConflictManager.java,0.0,0,0,0,0,0,0,0,0,0,0,0,0,0.0,0,0,0,0,0,0.0,0,0,0.0,0.0,0,0,0,0,0,0,0
2.1.0,157.0,src/java/org/apache/ivy/plugins/conflict/LatestCompatibleConflictManager.java,0.0,0,0,0,0,0,0,0,0,0,0,0,0,0.0,0,0,0,0,0,0.0,0,0,0.0,0.0,0,0,0,0,0,0,0
2.1.0,158.0,src/java/org/apache/ivy/plugins/conflict/LatestConflictManager.java,0.0,0,0,0,0,0,0,0,0,0,0,0,0,0.0,0,0,0,0,0,0.0,0,0,0.0,0.0,0,0,0,0,0,0,0
2.1.0,159.0,src/java/org/apache/ivy/plugins/conflict/NoConflictManager.java,0.0,0,0,0,0,0,0,0,0,0,0,0,0,0.0,0,0,0,0,0,0.0,0,0,0.0,0.0,0,0,0,0,0,0,0
2.1.0,160.0,src/java/org/apache/ivy/plugins/conflict/RegexpConflictManager.java,0.0,0,0,0,0,0,0,0,0,0,0,0,0,0.0,0,0,0,0,0,0.0,0,0,0.0,0.0,0,0,0,0,0,0,0
2.1.0,161.0,src/java/org/apache/ivy/plugins/conflict/StrictConflictException.java,0.0,0,0,0,0,0,0,0,0,0,0,0,0,0.0,0,0,0,0,0,0.0,0,0,0.0,0.0,0,0,0,0,0,0,0
2.1.0,162.0,src/java/org/apache/ivy/plugins/conflict/StrictConflictManager.java,0.0,0,0,0,0,0,0,0,0,0,0,0,0,0.0,0,0,0,0,0,0.0,0,0,0.0,0.0,0,0,0,0,0,0,0
2.1.0,163.0,src/java/org/apache/ivy/plugins/latest/AbstractLatestStrategy.java,0.0,0,0,0,0,0,0,0,0,0,0,0,0,0.0,0,0,0,0,0,0.0,0,0,0.0,0.0,0,0,0,0,0,0,0
2.1.0,164.0,src/java/org/apache/ivy/plugins/latest/ArtifactInfo.java,0.0,0,0,0,0,0,0,0,0,0,0,0,0,0.0,0,0,0,0,0,0.0,0,0,0.0,0.0,0,0,0,0,0,0,0
2.1.0,165.0,src/java/org/apache/ivy/plugins/latest/ComparatorLatestStrategy.java,0.0,0,0,0,0,0,0,0,0,0,0,0,0,0.0,0,0,0,0,0,0.0,0,0,0.0,0.0,0,0,0,0,0,0,0
2.1.0,166.0,src/java/org/apache/ivy/plugins/latest/LatestLexicographicStrategy.java,0.0,0,0,0,0,0,0,0,0,0,0,0,0,0.0,0,0,0,0,0,0.0,0,0,0.0,0.0,0,0,0,0,0,0,0
2.1.0,167.0,src/java/org/apache/ivy/plugins/latest/LatestRevisionStrategy.java,0.0,0,0,0,0,0,0,0,0,0,0,0,0,0.0,0,0,0,0,0,0.0,0,0,0.0,0.0,0,0,0,0,0,0,0
2.1.0,168.0,src/java/org/apache/ivy/plugins/latest/LatestStrategy.java,0.0,0,0,0,0,0,0,0,0,0,0,0,0,0.0,0,0,0,0,0,0.0,0,0,0.0,0.0,0,0,0,0,0,0,0
2.1.0,169.0,src/java/org/apache/ivy/plugins/latest/LatestTimeStrategy.java,0.0,0,0,0,0,0,0,0,0,0,0,0,0,0.0,0,0,0,0,0,0.0,0,0,0.0,0.0,0,0,0,0,0,0,0
2.1.0,170.0,src/java/org/apache/ivy/plugins/lock/AbstractLockStrategy.java,0.0,0,0,0,0,0,0,0,0,0,0,0,0,0.0,0,0,0,0,0,0.0,0,0,0.0,0.0,0,0,0,0,0,0,0
2.1.0,171.0,src/java/org/apache/ivy/plugins/lock/ArtifactLockStrategy.java,0.0,0,0,0,0,0,0,0,0,0,0,0,0,0.0,0,0,0,0,0,0.0,0,0,0.0,0.0,0,0,0,0,0,0,0
2.1.0,172.0,src/java/org/apache/ivy/plugins/lock/FileBasedLockStrategy.java,0.0,0,0,0,0,0,0,0,0,0,0,0,0,0.0,0,0,0,0,0,0.0,0,0,0.0,0.0,0,0,0,0,0,0,0
2.1.0,173.0,src/java/org/apache/ivy/plugins/lock/LockStrategy.java,0.0,0,0,0,0,0,0,0,0,0,0,0,0,0.0,0,0,0,0,0,0.0,0,0,0.0,0.0,0,0,0,0,0,0,0
2.1.0,174.0,src/java/org/apache/ivy/plugins/lock/NoLockStrategy.java,0.0,0,0,0,0,0,0,0,0,0,0,0,0,0.0,0,0,0,0,0,0.0,0,0,0.0,0.0,0,0,0,0,0,0,0
2.1.0,175.0,src/java/org/apache/ivy/plugins/matcher/AbstractPatternMatcher.java,0.0,0,0,0,0,0,0,0,0,0,0,0,0,0.0,0,0,0,0,0,0.0,0,0,0.0,0.0,0,0,0,0,0,0,0
2.1.0,176.0,src/java/org/apache/ivy/plugins/matcher/AnyMatcher.java,0.0,0,0,0,0,0,0,0,0,0,0,0,0,0.0,0,0,0,0,0,0.0,0,0,0.0,0.0,0,0,0,0,0,0,0
2.1.0,177.0,src/java/org/apache/ivy/plugins/matcher/ExactOrRegexpPatternMatcher.java,0.0,0,0,0,0,0,0,0,0,0,0,0,0,0.0,0,0,0,0,0,0.0,0,0,0.0,0.0,0,0,0,0,0,0,0
2.1.0,178.0,src/java/org/apache/ivy/plugins/matcher/ExactPatternMatcher.java,0.0,0,0,0,0,0,0,0,0,0,0,0,0,0.0,0,0,0,0,0,0.0,0,0,0.0,0.0,0,0,0,0,0,0,0
2.1.0,179.0,src/java/org/apache/ivy/plugins/matcher/GlobPatternMatcher.java,0.0,0,0,0,0,0,0,0,0,0,0,0,0,0.0,0,0,0,0,0,0.0,0,0,0.0,0.0,0,0,0,0,0,0,0
2.1.0,180.0,src/java/org/apache/ivy/plugins/matcher/MapMatcher.java,0.0,0,0,0,0,0,0,0,0,0,0,0,0,0.0,0,0,0,0,0,0.0,0,0,0.0,0.0,0,0,0,0,0,0,0
2.1.0,181.0,src/java/org/apache/ivy/plugins/matcher/Matcher.java,0.0,0,0,0,0,0,0,0,0,0,0,0,0,0.0,0,0,0,0,0,0.0,0,0,0.0,0.0,0,0,0,0,0,0,0
2.1.0,182.0,src/java/org/apache/ivy/plugins/matcher/MatcherHelper.java,0.0,0,0,0,0,0,0,0,0,0,0,0,0,0.0,0,0,0,0,0,0.0,0,0,0.0,0.0,0,0,0,0,0,0,0
2.1.0,183.0,src/java/org/apache/ivy/plugins/matcher/NoMatcher.java,0.0,0,0,0,0,0,0,0,0,0,0,0,0,0.0,0,0,0,0,0,0.0,0,0,0.0,0.0,0,0,0,0,0,0,0
2.1.0,184.0,src/java/org/apache/ivy/plugins/matcher/PatternMatcher.java,0.0,0,0,0,0,0,0,0,0,0,0,0,0,0.0,0,0,0,0,0,0.0,0,0,0.0,0.0,0,0,0,0,0,0,0
2.1.0,185.0,src/java/org/apache/ivy/plugins/matcher/RegexpPatternMatcher.java,0.0,0,0,0,0,0,0,0,0,0,0,0,0,0.0,0,0,0,0,0,0.0,0,0,0.0,0.0,0,0,0,0,0,0,0
2.1.0,186.0,src/java/org/apache/ivy/plugins/namespace/MRIDRule.java,0.0,0,0,0,0,0,0,0,0,0,0,0,0,0.0,0,0,0,0,0,0.0,0,0,0.0,0.0,0,0,0,0,0,0,0
2.1.0,187.0,src/java/org/apache/ivy/plugins/namespace/MRIDTransformationRule.java,0.0,0,0,0,0,0,0,0,0,0,0,0,0,0.0,0,0,0,0,0,0.0,0,0,0.0,0.0,0,0,0,0,0,0,0
2.1.0,188.0,src/java/org/apache/ivy/plugins/namespace/Namespace.java,0.0,0,0,0,0,0,0,0,0,0,0,0,0,0.0,0,0,0,0,0,0.0,0,0,0.0,0.909090909,0,0,0,0,0,0,0
2.1.0,189.0,src/java/org/apache/ivy/plugins/namespace/NameSpaceHelper.java,0.0,0,0,0,0,0,0,0,0,0,0,0,0,0.0,0,0,0,0,0,0.0,0,0,0.0,0.0,0,0,0,0,0,0,0
2.1.0,190.0,src/java/org/apache/ivy/plugins/namespace/NamespaceRule.java,0.0,0,0,0,0,0,0,0,0,0,0,0,0,0.0,0,0,0,0,0,0.0,0,0,0.0,0.0,0,0,0,0,0,0,0
2.1.0,191.0,src/java/org/apache/ivy/plugins/namespace/NamespaceTransformer.java,0.0,0,0,0,0,0,0,0,0,0,0,0,0,0.0,0,0,0,0,0,0.0,0,0,0.0,0.0,0,0,0,0,0,0,0
2.1.0,192.0,src/java/org/apache/ivy/plugins/parser/AbstractModuleDescriptorParser.java,0.0,0,0,0,0,0,0,0,0,0,0,0,0,0.0,0,0,0,0,0,0.0,0,0,0.0,0.0,0,0,0,0,0,0,0
2.1.0,193.0,src/java/org/apache/ivy/plugins/parser/ModuleDescriptorParser.java,0.0,0,0,0,0,0,0,0,0,0,0,0,0,0.0,0,0,0,0,0,0.0,0,0,0.0,0.0,0,0,0,0,0,0,0
2.1.0,194.0,src/java/org/apache/ivy/plugins/parser/ModuleDescriptorParserRegistry.java,0.0,0,0,0,0,0,0,0,0,0,0,0,0,0.0,0,0,0,0,0,0.0,0,0,0.0,0.0,0,0,0,0,0,0,0
2.1.0,195.0,src/java/org/apache/ivy/plugins/parser/ParserSettings.java,0.0,0,0,0,0,0,0,0,0,0,0,0,0,0.0,0,0,0,0,0,0.0,0,0,0.0,0.0,0,0,0,0,0,0,0
2.1.0,196.0,src/java/org/apache/ivy/plugins/report/LogReportOutputter.java,0.0,0,0,0,0,0,0,0,0,0,0,0,0,0.0,0,0,0,0,0,0.0,0,0,0.0,0.0,0,0,0,0,0,0,0
2.1.0,197.0,src/java/org/apache/ivy/plugins/report/ReportOutputter.java,0.0,0,0,0,0,0,0,0,0,0,0,0,0,0.0,0,0,0,0,0,0.0,0,0,0.0,0.0,0,0,0,0,0,0,0
2.1.0,198.0,src/java/org/apache/ivy/plugins/report/XmlReportOutputter.java,1.0,0,0,0,0,0,0,0,0,0,0,0,0,0.0,0,0,0,0,0,0.0,0,0,0.0,0.0,0,0,0,0,0,0,0
2.1.0,199.0,src/java/org/apache/ivy/plugins/report/XmlReportParser.java,1.0,0,0,0,0,0,0,0,0,0,0,0,0,0.0,0,0,0,0,0,0.0,0,0,0.0,0.0,0,0,0,0,0,0,0
2.1.0,200.0,src/java/org/apache/ivy/plugins/report/XmlReportWriter.java,1.0,0,0,0,0,0,0,0,0,0,0,0,0,0.0,0,0,0,0,0,0.0,0,0,0.0,0.0,0,0,0,0,0,0,0
2.1.0,201.0,src/java/org/apache/ivy/plugins/repository/AbstractRepository.java,0.0,0,0,0,0,0,0,0,0,0,0,0,0,0.0,0,0,0,0,0,0.0,0,0,0.0,0.0,0,0,0,0,0,0,0
2.1.0,202.0,src/java/org/apache/ivy/plugins/repository/ArtifactResourceResolver.java,0.0,0,0,0,0,0,0,0,0,0,0,0,0,0.0,0,0,0,0,0,0.0,0,0,0.0,0.0,0,0,0,0,0,0,0
2.1.0,203.0,src/java/org/apache/ivy/plugins/repository/BasicResource.java,0.0,0,0,0,0,0,0,0,0,0,0,0,0,0.0,0,0,0,0,0,0.0,0,0,0.0,0.0,0,0,0,0,0,0,0
2.1.0,204.0,src/java/org/apache/ivy/plugins/repository/LazyResource.java,0.0,0,0,0,0,0,0,0,0,0,0,0,0,0.0,0,0,0,0,0,0.0,0,0,0.0,0.0,0,0,0,0,0,0,0
2.1.0,205.0,src/java/org/apache/ivy/plugins/repository/Repository.java,0.0,0,0,0,0,0,0,0,0,0,0,0,0,0.0,0,0,0,0,0,0.0,0,0,0.0,0.0,0,0,0,0,0,0,0
2.1.0,206.0,src/java/org/apache/ivy/plugins/repository/RepositoryCopyProgressListener.java,0.0,0,0,0,0,0,0,0,0,0,0,0,0,0.0,0,0,0,0,0,0.0,0,0,0.0,0.0,0,0,0,0,0,0,0
2.1.0,207.0,src/java/org/apache/ivy/plugins/repository/Resource.java,0.0,0,0,0,0,0,0,0,0,0,0,0,0,0.0,0,0,0,0,0,0.0,0,0,0.0,0.0,0,0,0,0,0,0,0
2.1.0,208.0,src/java/org/apache/ivy/plugins/repository/ResourceDownloader.java,0.0,0,0,0,0,0,0,0,0,0,0,0,0,0.0,0,0,0,0,0,0.0,0,0,0.0,0.0,0,0,0,0,0,0,0
2.1.0,209.0,src/java/org/apache/ivy/plugins/repository/ResourceHelper.java,0.0,0,0,0,0,0,0,0,0,0,0,0,0,0.0,0,0,0,0,0,0.0,0,0,0.0,0.0,0,0,0,0,0,0,0
2.1.0,210.0,src/java/org/apache/ivy/plugins/repository/TransferEvent.java,0.0,0,0,0,0,0,0,0,0,0,0,0,0,0.0,0,0,0,0,0,0.0,0,0,0.0,0.0,0,0,0,0,0,0,0
2.1.0,211.0,src/java/org/apache/ivy/plugins/repository/TransferListener.java,0.0,0,0,0,0,0,0,0,0,0,0,0,0,0.0,0,0,0,0,0,0.0,0,0,0.0,0.0,0,0,0,0,0,0,0
2.1.0,212.0,src/java/org/apache/ivy/plugins/resolver/AbstractPatternsBasedResolver.java,0.0,0,0,0,0,0,0,0,0,0,0,0,0,0.0,0,0,0,0,0,0.0,0,0,0.0,0.0,0,0,0,0,0,0,0
2.1.0,213.0,src/java/org/apache/ivy/plugins/resolver/AbstractResolver.java,1.0,0,0,0,0,0,0,0,0,0,0,0,0,0.0,0,0,0,0,0,0.0,0,0,0.0,0.059701493,0,0,0,0,0,0,0
2.1.0,214.0,src/java/org/apache/ivy/plugins/resolver/AbstractSshBasedResolver.java,0.0,0,0,0,0,0,0,0,0,0,0,0,0,0.0,0,0,0,0,0,0.0,0,0,0.0,0.0,0,0,0,0,0,0,0
2.1.0,215.0,src/java/org/apache/ivy/plugins/resolver/BasicResolver.java,0.0,0,0,0,0,0,0,0,0,0,0,0,0,0.0,0,0,0,0,0,0.0,0,0,0.0,0.076923077,0,0,0,0,0,0,0
2.1.0,216.0,src/java/org/apache/ivy/plugins/resolver/CacheResolver.java,0.0,0,0,0,0,0,0,0,0,0,0,0,0,0.0,0,0,0,0,0,0.0,0,0,0.0,0.0,0,0,0,0,0,0,0
2.1.0,217.0,src/java/org/apache/ivy/plugins/resolver/ChainResolver.java,1.0,0,0,0,0,0,0,0,0,0,0,0,0,0.0,0,0,0,0,0,0.0,0,0,0.0,0.125,0,0,0,0,0,0,0
2.1.0,218.0,src/java/org/apache/ivy/plugins/resolver/DependencyResolver.java,0.0,0,0,0,0,0,0,0,0,0,0,0,0,0.0,0,0,0,0,0,0.0,0,0,0.0,0.0,0,0,0,0,0,0,0
2.1.0,219.0,src/java/org/apache/ivy/plugins/resolver/DualResolver.java,0.0,0,0,0,0,0,0,0,0,0,0,0,0,0.0,0,0,0,0,0,0.0,0,0,0.0,0.142857143,0,0,0,0,0,0,0
2.1.0,220.0,src/java/org/apache/ivy/plugins/resolver/FileSystemResolver.java,1.0,0,0,0,0,0,0,0,0,0,0,0,0,0.0,0,0,0,0,0,0.0,0,0,0.0,0.0,0,0,0,0,0,0,0
2.1.0,221.0,src/java/org/apache/ivy/plugins/resolver/IBiblioResolver.java,0.0,0,0,0,0,0,0,0,0,0,0,0,0,0.0,0,0,0,0,0,0.0,0,0,0.0,0.307692308,0,0,0,0,0,0,0
2.1.0,222.0,src/java/org/apache/ivy/plugins/resolver/IvyRepResolver.java,0.0,0,0,0,0,0,0,0,0,0,0,0,0,0.0,0,0,0,0,0,0.0,0,0,0.0,0.482758621,0,0,0,0,0,0,0
2.1.0,223.0,src/java/org/apache/ivy/plugins/resolver/ResolverSettings.java,0.0,0,0,0,0,0,0,0,0,0,0,0,0,0.0,0,0,0,0,0,0.0,0,0,0.0,0.0,0,0,0,0,0,0,0
2.1.0,224.0,src/java/org/apache/ivy/plugins/resolver/SFTPResolver.java,0.0,0,0,0,0,0,0,0,0,0,0,0,0,0.0,0,0,0,0,0,0.0,0,0,0.0,0.0,0,0,0,0,0,0,0
2.1.0,225.0,src/java/org/apache/ivy/plugins/resolver/SshResolver.java,0.0,0,0,0,0,0,0,0,0,0,0,0,0,0.0,0,0,0,0,0,0.0,0,0,0.0,0.0,0,0,0,0,0,0,0
2.1.0,226.0,src/java/org/apache/ivy/plugins/resolver/URLResolver.java,0.0,0,0,0,0,0,0,0,0,0,0,0,0,0.0,0,0,0,0,0,0.0,0,0,0.0,0.0,0,0,0,0,0,0,0
2.1.0,227.0,src/java/org/apache/ivy/plugins/resolver/VfsResolver.java,0.0,0,0,0,0,0,0,0,0,0,0,0,0,0.0,0,0,0,0,0,0.0,0,0,0.0,0.0,0,0,0,0,0,0,0
2.1.0,228.0,src/java/org/apache/ivy/plugins/resolver/VsftpResolver.java,0.0,0,0,0,0,0,0,0,0,0,0,0,0,0.0,0,0,0,0,0,0.0,0,0,0.0,0.0,0,0,0,0,0,0,0
2.1.0,229.0,src/java/org/apache/ivy/plugins/trigger/AbstractTrigger.java,0.0,0,0,0,0,0,0,0,0,0,0,0,0,0.0,0,0,0,0,0,0.0,0,0,0.0,0.0,0,0,0,0,0,0,0
2.1.0,230.0,src/java/org/apache/ivy/plugins/trigger/LogTrigger.java,0.0,0,0,0,0,0,0,0,0,0,0,0,0,0.0,0,0,0,0,0,0.0,0,0,0.0,0.0,0,0,0,0,0,0,0
2.1.0,231.0,src/java/org/apache/ivy/plugins/trigger/Trigger.java,0.0,0,0,0,0,0,0,0,0,0,0,0,0,0.0,0,0,0,0,0,0.0,0,0,0.0,0.0,0,0,0,0,0,0,0
2.1.0,232.0,src/java/org/apache/ivy/plugins/version/AbstractVersionMatcher.java,0.0,0,0,0,0,0,0,0,0,0,0,0,0,0.0,0,0,0,0,0,0.0,0,0,0.0,0.0,0,0,0,0,0,0,0
2.1.0,233.0,src/java/org/apache/ivy/plugins/version/ChainVersionMatcher.java,0.0,0,0,0,0,0,0,0,0,0,0,0,0,0.0,0,0,0,0,0,0.0,0,0,0.0,1.0,0,0,0,0,0,0,0
2.1.0,234.0,src/java/org/apache/ivy/plugins/version/ExactVersionMatcher.java,0.0,0,0,0,0,0,0,0,0,0,0,0,0,0.0,0,0,0,0,0,0.0,0,0,0.0,0.0,0,0,0,0,0,0,0
2.1.0,235.0,src/java/org/apache/ivy/plugins/version/LatestVersionMatcher.java,1.0,0,0,0,0,0,0,0,0,0,0,0,0,0.0,0,0,0,0,0,0.0,0,0,0.0,0.0,0,0,0,0,0,0,0
2.1.0,236.0,src/java/org/apache/ivy/plugins/version/Match.java,0.0,0,0,0,0,0,0,0,0,0,0,0,0,0.0,0,0,0,0,0,0.0,0,0,0.0,0.0,0,0,0,0,0,0,0
2.1.0,237.0,src/java/org/apache/ivy/plugins/version/PatternVersionMatcher.java,0.0,0,0,0,0,0,0,0,0,0,0,0,0,0.0,0,0,0,0,0,0.0,0,0,0.0,0.0,0,0,0,0,0,0,0
2.1.0,238.0,src/java/org/apache/ivy/plugins/version/SubVersionMatcher.java,0.0,0,0,0,0,0,0,0,0,0,0,0,0,0.0,0,0,0,0,0,0.0,0,0,0.0,0.0,0,0,0,0,0,0,0
2.1.0,239.0,src/java/org/apache/ivy/plugins/version/VersionMatcher.java,0.0,0,0,0,0,0,0,0,0,0,0,0,0,0.0,0,0,0,0,0,0.0,0,0,0.0,0.0,0,0,0,0,0,0,0
2.1.0,240.0,src/java/org/apache/ivy/plugins/version/VersionRangeMatcher.java,0.0,0,0,0,0,0,0,0,0,0,0,0,0,0.0,0,0,0,0,0,0.0,0,0,0.0,0.0,0,0,0,0,0,0,0
2.1.0,241.0,src/java/org/apache/ivy/tools/analyser/DependencyAnalyser.java,0.0,0,0,0,0,0,0,0,0,0,0,0,0,0.0,0,0,0,0,0,0.0,0,0,0.0,0.0,0,0,0,0,0,0,0
2.1.0,242.0,src/java/org/apache/ivy/tools/analyser/JarJarDependencyAnalyser.java,0.0,0,0,0,0,0,0,0,0,0,0,0,0,0.0,0,0,0,0,0,0.0,0,0,0.0,0.0,0,0,0,0,0,0,0
2.1.0,243.0,src/java/org/apache/ivy/tools/analyser/JarModule.java,0.0,0,0,0,0,0,0,0,0,0,0,0,0,0.0,0,0,0,0,0,0.0,0,0,0.0,0.0,0,0,0,0,0,0,0
2.1.0,244.0,src/java/org/apache/ivy/tools/analyser/JarModuleFinder.java,0.0,0,0,0,0,0,0,0,0,0,0,0,0,0.0,0,0,0,0,0,0.0,0,0,0.0,0.0,0,0,0,0,0,0,0
2.1.0,245.0,src/java/org/apache/ivy/tools/analyser/RepositoryAnalyser.java,0.0,0,0,0,0,0,0,0,0,0,0,0,0,0.0,0,0,0,0,0,0.0,0,0,0.0,0.0,0,0,0,0,0,0,0
2.1.0,246.0,src/java/org/apache/ivy/util/cli/CommandLine.java,0.0,0,0,0,0,0,0,0,0,0,0,0,0,0.0,0,0,0,0,0,0.0,0,0,0.0,0.0,0,0,0,0,0,0,0
2.1.0,247.0,src/java/org/apache/ivy/util/cli/CommandLineParser.java,0.0,0,0,0,0,0,0,0,0,0,0,0,0,0.0,0,0,0,0,0,0.0,0,0,0.0,0.0,0,0,0,0,0,0,0
2.1.0,248.0,src/java/org/apache/ivy/util/cli/Option.java,0.0,0,0,0,0,0,0,0,0,0,0,0,0,0.0,0,0,0,0,0,0.0,0,0,0.0,0.0,0,0,0,0,0,0,0
2.1.0,249.0,src/java/org/apache/ivy/util/cli/OptionBuilder.java,0.0,0,0,0,0,0,0,0,0,0,0,0,0,0.0,0,0,0,0,0,0.0,0,0,0.0,0.0,0,0,0,0,0,0,0
2.1.0,250.0,src/java/org/apache/ivy/util/cli/ParseException.java,0.0,0,0,0,0,0,0,0,0,0,0,0,0,0.0,0,0,0,0,0,0.0,0,0,0.0,0.0,0,0,0,0,0,0,0
2.1.0,251.0,src/java/org/apache/ivy/util/extendable/DefaultExtendableItem.java,0.0,0,0,0,0,0,0,0,0,0,0,0,0,0.0,0,0,0,0,0,0.0,0,0,0.0,0.0,0,0,0,0,0,0,0
2.1.0,252.0,src/java/org/apache/ivy/util/extendable/ExtendableItem.java,0.0,0,0,0,0,0,0,0,0,0,0,0,0,0.0,0,0,0,0,0,0.0,0,0,0.0,0.0,0,0,0,0,0,0,0
2.1.0,253.0,src/java/org/apache/ivy/util/extendable/ExtendableItemHelper.java,0.0,0,0,0,0,0,0,0,0,0,0,0,0,0.0,0,0,0,0,0,0.0,0,0,0.0,0.0,0,0,0,0,0,0,0
2.1.0,254.0,src/java/org/apache/ivy/util/extendable/UnmodifiableExtendableItem.java,0.0,0,0,0,0,0,0,0,0,0,0,0,0,0.0,0,0,0,0,0,0.0,0,0,0.0,0.0,0,0,0,0,0,0,0
2.1.0,255.0,src/java/org/apache/ivy/util/filter/AndFilter.java,0.0,0,0,0,0,0,0,0,0,0,0,0,0,0.0,0,0,0,0,0,0.0,0,0,0.0,0.0,0,0,0,0,0,0,0
2.1.0,256.0,src/java/org/apache/ivy/util/filter/ArtifactTypeFilter.java,0.0,0,0,0,0,0,0,0,0,0,0,0,0,0.0,0,0,0,0,0,0.0,0,0,0.0,0.0,0,0,0,0,0,0,0
2.1.0,257.0,src/java/org/apache/ivy/util/filter/Filter.java,0.0,0,0,0,0,0,0,0,0,0,0,0,0,0.0,0,0,0,0,0,0.0,0,0,0.0,0.0,0,0,0,0,0,0,0
2.1.0,258.0,src/java/org/apache/ivy/util/filter/FilterHelper.java,0.0,0,0,0,0,0,0,0,0,0,0,0,0,0.0,0,0,0,0,0,0.0,0,0,0.0,0.0,0,0,0,0,0,0,0
2.1.0,259.0,src/java/org/apache/ivy/util/filter/NoFilter.java,0.0,0,0,0,0,0,0,0,0,0,0,0,0,0.0,0,0,0,0,0,0.0,0,0,0.0,0.0,0,0,0,0,0,0,0
2.1.0,260.0,src/java/org/apache/ivy/util/filter/NotFilter.java,0.0,0,0,0,0,0,0,0,0,0,0,0,0,0.0,0,0,0,0,0,0.0,0,0,0.0,0.0,0,0,0,0,0,0,0
2.1.0,261.0,src/java/org/apache/ivy/util/filter/OrFilter.java,0.0,0,0,0,0,0,0,0,0,0,0,0,0,0.0,0,0,0,0,0,0.0,0,0,0.0,0.0,0,0,0,0,0,0,0
2.1.0,262.0,src/java/org/apache/ivy/util/url/AbstractURLHandler.java,0.0,0,0,0,0,0,0,0,0,0,0,0,0,0.0,0,0,0,0,0,0.0,0,0,0.0,0.0,0,0,0,0,0,0,0
2.1.0,263.0,src/java/org/apache/ivy/util/url/ApacheURLLister.java,1.0,0,0,0,0,0,0,0,0,0,0,0,0,0.0,0,0,0,0,0,0.0,0,0,0.0,0.0,0,0,0,0,0,0,0
2.1.0,264.0,src/java/org/apache/ivy/util/url/BasicURLHandler.java,1.0,0,0,0,0,0,0,0,0,0,0,0,0,0.0,0,0,0,0,0,0.0,0,0,0.0,1.222222222,0,0,0,0,0,0,0
2.1.0,265.0,src/java/org/apache/ivy/util/url/CredentialsStore.java,0.0,0,0,0,0,0,0,0,0,0,0,0,0,0.0,0,0,0,0,0,0.0,0,0,0.0,0.0,0,0,0,0,0,0,0
2.1.0,266.0,src/java/org/apache/ivy/util/url/HttpClientHandler.java,1.0,0,0,0,0,0,0,0,0,0,0,0,0,0.0,0,0,0,0,0,0.0,0,0,0.0,0.12195122,0,0,0,0,0,0,0
2.1.0,267.0,src/java/org/apache/ivy/util/url/IvyAuthenticator.java,1.0,0,0,0,0,0,0,0,0,0,0,0,0,0.0,0,0,0,0,0,0.0,0,0,0.0,0.0,0,0,0,0,0,0,0
2.1.0,268.0,src/java/org/apache/ivy/util/url/URLHandler.java,0.0,0,0,0,0,0,0,0,0,0,0,0,0,0.0,0,0,0,0,0,0.0,0,0,0.0,0.0,0,0,0,0,0,0,0
2.1.0,269.0,src/java/org/apache/ivy/util/url/URLHandlerDispatcher.java,0.0,0,0,0,0,0,0,0,0,0,0,0,0,0.0,0,0,0,0,0,0.0,0,0,0.0,0.0,0,0,0,0,0,0,0
2.1.0,270.0,src/java/org/apache/ivy/util/url/URLHandlerRegistry.java,0.0,0,0,0,0,0,0,0,0,0,0,0,0,0.0,0,0,0,0,0,0.0,0,0,0.0,0.0,0,0,0,0,0,0,0
2.1.0,271.0,src/java/org/apache/ivy/core/event/download/DownloadEvent.java,0.0,0,0,0,0,0,0,0,0,0,0,0,0,0.0,0,0,0,0,0,0.0,0,0,0.0,0.0,0,0,0,0,0,0,0
2.1.0,272.0,src/java/org/apache/ivy/core/event/download/EndArtifactDownloadEvent.java,0.0,0,0,0,0,0,0,0,0,0,0,0,0,0.0,0,0,0,0,0,0.0,0,0,0.0,0.0,0,0,0,0,0,0,0
2.1.0,273.0,src/java/org/apache/ivy/core/event/download/NeedArtifactEvent.java,0.0,0,0,0,0,0,0,0,0,0,0,0,0,0.0,0,0,0,0,0,0.0,0,0,0.0,0.0,0,0,0,0,0,0,0
2.1.0,274.0,src/java/org/apache/ivy/core/event/download/PrepareDownloadEvent.java,0.0,0,0,0,0,0,0,0,0,0,0,0,0,0.0,0,0,0,0,0,0.0,0,0,0.0,0.0,0,0,0,0,0,0,0
2.1.0,275.0,src/java/org/apache/ivy/core/event/download/StartArtifactDownloadEvent.java,0.0,0,0,0,0,0,0,0,0,0,0,0,0,0.0,0,0,0,0,0,0.0,0,0,0.0,0.0,0,0,0,0,0,0,0
2.1.0,276.0,src/java/org/apache/ivy/core/event/publish/EndArtifactPublishEvent.java,0.0,0,0,0,0,0,0,0,0,0,0,0,0,0.0,0,0,0,0,0,0.0,0,0,0.0,0.0,0,0,0,0,0,0,0
2.1.0,277.0,src/java/org/apache/ivy/core/event/publish/PublishEvent.java,0.0,0,0,0,0,0,0,0,0,0,0,0,0,0.0,0,0,0,0,0,0.0,0,0,0.0,0.0,0,0,0,0,0,0,0
2.1.0,278.0,src/java/org/apache/ivy/core/event/publish/StartArtifactPublishEvent.java,0.0,0,0,0,0,0,0,0,0,0,0,0,0,0.0,0,0,0,0,0,0.0,0,0,0.0,0.0,0,0,0,0,0,0,0
2.1.0,279.0,src/java/org/apache/ivy/core/event/resolve/EndResolveDependencyEvent.java,0.0,0,0,0,0,0,0,0,0,0,0,0,0,0.0,0,0,0,0,0,0.0,0,0,0.0,0.0,0,0,0,0,0,0,0
2.1.0,280.0,src/java/org/apache/ivy/core/event/resolve/EndResolveEvent.java,0.0,0,0,0,0,0,0,0,0,0,0,0,0,0.0,0,0,0,0,0,0.0,0,0,0.0,0.0,0,0,0,0,0,0,0
2.1.0,281.0,src/java/org/apache/ivy/core/event/resolve/ResolveDependencyEvent.java,0.0,0,0,0,0,0,0,0,0,0,0,0,0,0.0,0,0,0,0,0,0.0,0,0,0.0,0.0,0,0,0,0,0,0,0
2.1.0,282.0,src/java/org/apache/ivy/core/event/resolve/ResolveEvent.java,0.0,0,0,0,0,0,0,0,0,0,0,0,0,0.0,0,0,0,0,0,0.0,0,0,0.0,0.0,0,0,0,0,0,0,0
2.1.0,283.0,src/java/org/apache/ivy/core/event/resolve/StartResolveDependencyEvent.java,0.0,0,0,0,0,0,0,0,0,0,0,0,0,0.0,0,0,0,0,0,0.0,0,0,0.0,0.0,0,0,0,0,0,0,0
2.1.0,284.0,src/java/org/apache/ivy/core/event/resolve/StartResolveEvent.java,0.0,0,0,0,0,0,0,0,0,0,0,0,0,0.0,0,0,0,0,0,0.0,0,0,0.0,0.0,0,0,0,0,0,0,0
2.1.0,285.0,src/java/org/apache/ivy/core/event/retrieve/EndRetrieveArtifactEvent.java,0.0,0,0,0,0,0,0,0,0,0,0,0,0,0.0,0,0,0,0,0,0.0,0,0,0.0,0.0,0,0,0,0,0,0,0
2.1.0,286.0,src/java/org/apache/ivy/core/event/retrieve/EndRetrieveEvent.java,0.0,0,0,0,0,0,0,0,0,0,0,0,0,0.0,0,0,0,0,0,0.0,0,0,0.0,0.0,0,0,0,0,0,0,0
2.1.0,287.0,src/java/org/apache/ivy/core/event/retrieve/RetrieveArtifactEvent.java,0.0,0,0,0,0,0,0,0,0,0,0,0,0,0.0,0,0,0,0,0,0.0,0,0,0.0,0.0,0,0,0,0,0,0,0
2.1.0,288.0,src/java/org/apache/ivy/core/event/retrieve/RetrieveEvent.java,0.0,0,0,0,0,0,0,0,0,0,0,0,0,0.0,0,0,0,0,0,0.0,0,0,0.0,0.0,0,0,0,0,0,0,0
2.1.0,289.0,src/java/org/apache/ivy/core/event/retrieve/StartRetrieveArtifactEvent.java,0.0,0,0,0,0,0,0,0,0,0,0,0,0,0.0,0,0,0,0,0,0.0,0,0,0.0,0.0,0,0,0,0,0,0,0
2.1.0,290.0,src/java/org/apache/ivy/core/event/retrieve/StartRetrieveEvent.java,0.0,0,0,0,0,0,0,0,0,0,0,0,0,0.0,0,0,0,0,0,0.0,0,0,0.0,0.0,0,0,0,0,0,0,0
2.1.0,291.0,src/java/org/apache/ivy/core/module/descriptor/AbstractArtifact.java,0.0,0,0,0,0,0,0,0,0,0,0,0,0,0.0,0,0,0,0,0,0.0,0,0,0.0,0.0,0,0,0,0,0,0,0
2.1.0,292.0,src/java/org/apache/ivy/core/module/descriptor/AbstractIncludeExcludeRule.java,0.0,0,0,0,0,0,0,0,0,0,0,0,0,0.0,0,0,0,0,0,0.0,0,0,0.0,0.0,0,0,0,0,0,0,0
2.1.0,293.0,src/java/org/apache/ivy/core/module/descriptor/Artifact.java,0.0,0,0,0,0,0,0,0,0,0,0,0,0,0.0,0,0,0,0,0,0.0,0,0,0.0,0.0,0,0,0,0,0,0,0
2.1.0,294.0,src/java/org/apache/ivy/core/module/descriptor/Configuration.java,0.0,0,0,0,0,0,0,0,0,0,0,0,0,0.0,0,0,0,0,0,0.0,0,0,0.0,0.0,0,0,0,0,0,0,0
2.1.0,295.0,src/java/org/apache/ivy/core/module/descriptor/ConfigurationAware.java,0.0,0,0,0,0,0,0,0,0,0,0,0,0,0.0,0,0,0,0,0,0.0,0,0,0.0,0.0,0,0,0,0,0,0,0
2.1.0,296.0,src/java/org/apache/ivy/core/module/descriptor/ConfigurationGroup.java,0.0,0,0,0,0,0,0,0,0,0,0,0,0,0.0,0,0,0,0,0,0.0,0,0,0.0,0.0,0,0,0,0,0,0,0
2.1.0,297.0,src/java/org/apache/ivy/core/module/descriptor/ConfigurationIntersection.java,0.0,0,0,0,0,0,0,0,0,0,0,0,0,0.0,0,0,0,0,0,0.0,0,0,0.0,0.0,0,0,0,0,0,0,0
2.1.0,298.0,src/java/org/apache/ivy/core/module/descriptor/DefaultArtifact.java,0.0,0,0,0,0,0,0,0,0,0,0,0,0,0.0,0,0,0,0,0,0.0,0,0,0.0,0.0,0,0,0,0,0,0,0
2.1.0,299.0,src/java/org/apache/ivy/core/module/descriptor/DefaultDependencyArtifactDescriptor.java,0.0,0,0,0,0,0,0,0,0,0,0,0,0,0.0,0,0,0,0,0,0.0,0,0,0.0,0.0,0,0,0,0,0,0,0
2.1.0,300.0,src/java/org/apache/ivy/core/module/descriptor/DefaultDependencyDescriptor.java,0.0,0,0,0,0,0,0,0,0,0,0,0,0,0.0,0,0,0,0,0,0.0,0,0,0.0,0.072727273,0,0,0,0,0,0,0
2.1.0,301.0,src/java/org/apache/ivy/core/module/descriptor/DefaultExcludeRule.java,0.0,0,0,0,0,0,0,0,0,0,0,0,0,0.0,0,0,0,0,0,0.0,0,0,0.0,0.0,0,0,0,0,0,0,0
2.1.0,302.0,src/java/org/apache/ivy/core/module/descriptor/DefaultIncludeRule.java,0.0,0,0,0,0,0,0,0,0,0,0,0,0,0.0,0,0,0,0,0,0.0,0,0,0.0,0.0,0,0,0,0,0,0,0
2.1.0,303.0,src/java/org/apache/ivy/core/module/descriptor/DefaultModuleDescriptor.java,0.0,0,0,0,0,0,0,0,0,0,0,0,0,0.0,0,0,0,0,0,0.0,0,0,0.0,0.093333333,0,0,0,0,0,0,0
2.1.0,304.0,src/java/org/apache/ivy/core/module/descriptor/DependencyArtifactDescriptor.java,0.0,0,0,0,0,0,0,0,0,0,0,0,0,0.0,0,0,0,0,0,0.0,0,0,0.0,0.0,0,0,0,0,0,0,0
2.1.0,305.0,src/java/org/apache/ivy/core/module/descriptor/DependencyDescriptor.java,0.0,0,0,0,0,0,0,0,0,0,0,0,0,0.0,0,0,0,0,0,0.0,0,0,0.0,0.0,0,0,0,0,0,0,0
2.1.0,306.0,src/java/org/apache/ivy/core/module/descriptor/DependencyDescriptorMediator.java,0.0,0,0,0,0,0,0,0,0,0,0,0,0,0.0,0,0,0,0,0,0.0,0,0,0.0,0.0,0,0,0,0,0,0,0
2.1.0,307.0,src/java/org/apache/ivy/core/module/descriptor/ExcludeRule.java,0.0,0,0,0,0,0,0,0,0,0,0,0,0,0.0,0,0,0,0,0,0.0,0,0,0.0,0.0,0,0,0,0,0,0,0
2.1.0,308.0,src/java/org/apache/ivy/core/module/descriptor/IncludeRule.java,0.0,0,0,0,0,0,0,0,0,0,0,0,0,0.0,0,0,0,0,0,0.0,0,0,0.0,0.0,0,0,0,0,0,0,0
2.1.0,309.0,src/java/org/apache/ivy/core/module/descriptor/License.java,0.0,0,0,0,0,0,0,0,0,0,0,0,0,0.0,0,0,0,0,0,0.0,0,0,0.0,0.0,0,0,0,0,0,0,0
2.1.0,310.0,src/java/org/apache/ivy/core/module/descriptor/MDArtifact.java,0.0,0,0,0,0,0,0,0,0,0,0,0,0,0.0,0,0,0,0,0,0.0,0,0,0.0,0.571428571,0,0,0,0,0,0,0
2.1.0,311.0,src/java/org/apache/ivy/core/module/descriptor/ModuleDescriptor.java,0.0,0,0,0,0,0,0,0,0,0,0,0,0,0.0,0,0,0,0,0,0.0,0,0,0.0,0.0,0,0,0,0,0,0,0
2.1.0,312.0,src/java/org/apache/ivy/core/module/descriptor/OverrideDependencyDescriptorMediator.java,0.0,0,0,0,0,0,0,0,0,0,0,0,0,0.0,0,0,0,0,0,0.0,0,0,0.0,0.0,0,0,0,0,0,0,0
2.1.0,313.0,src/java/org/apache/ivy/core/module/id/ArtifactId.java,0.0,0,0,0,0,0,0,0,0,0,0,0,0,0.0,0,0,0,0,0,0.0,0,0,0.0,0.0,0,0,0,0,0,0,0
2.1.0,314.0,src/java/org/apache/ivy/core/module/id/ArtifactRevisionId.java,0.0,0,0,0,0,0,0,0,0,0,0,0,0,0.0,0,0,0,0,0,0.0,0,0,0.0,0.0,0,0,0,0,0,0,0
2.1.0,315.0,src/java/org/apache/ivy/core/module/id/ModuleId.java,1.0,0,0,0,0,0,0,0,0,0,0,0,0,0.0,0,0,0,0,0,0.0,0,0,0.0,0.0,0,0,0,0,0,0,0
2.1.0,316.0,src/java/org/apache/ivy/core/module/id/ModuleRevisionId.java,1.0,0,0,0,0,0,0,0,0,0,0,0,0,0.0,0,0,0,0,0,0.0,0,0,0.0,0.0,0,0,0,0,0,0,0
2.1.0,317.0,src/java/org/apache/ivy/core/module/id/ModuleRules.java,0.0,0,0,0,0,0,0,0,0,0,0,0,0,0.0,0,0,0,0,0,0.0,0,0,0.0,0.0,0,0,0,0,0,0,0
2.1.0,318.0,src/java/org/apache/ivy/core/module/status/Status.java,0.0,0,0,0,0,0,0,0,0,0,0,0,0,0.0,0,0,0,0,0,0.0,0,0,0.0,0.0,0,0,0,0,0,0,0
2.1.0,319.0,src/java/org/apache/ivy/core/module/status/StatusManager.java,0.0,0,0,0,0,0,0,0,0,0,0,0,0,0.0,0,0,0,0,0,0.0,0,0,0.0,0.0,0,0,0,0,0,0,0
2.1.0,320.0,src/java/org/apache/ivy/plugins/parser/m2/DefaultPomDependencyMgt.java,0.0,0,0,0,0,0,0,0,0,0,0,0,0,0.0,0,0,0,0,0,0.0,0,0,0.0,0.0,0,0,0,0,0,0,0
2.1.0,321.0,src/java/org/apache/ivy/plugins/parser/m2/PomDependencyMgt.java,0.0,0,0,0,0,0,0,0,0,0,0,0,0,0.0,0,0,0,0,0,0.0,0,0,0.0,0.0,0,0,0,0,0,0,0
2.1.0,322.0,src/java/org/apache/ivy/plugins/parser/m2/PomModuleDescriptorBuilder.java,1.0,0,0,0,0,0,0,0,0,0,0,0,0,0.0,0,0,0,0,0,0.0,0,0,0.0,0.0,0,0,0,0,0,0,0
2.1.0,323.0,src/java/org/apache/ivy/plugins/parser/m2/PomModuleDescriptorParser.java,1.0,0,0,0,0,0,0,0,0,0,0,0,0,0.0,0,0,0,0,0,0.0,0,0,0.0,0.0,0,0,0,0,0,0,0
2.1.0,324.0,src/java/org/apache/ivy/plugins/parser/m2/PomModuleDescriptorWriter.java,1.0,0,0,0,0,0,0,0,0,0,0,0,0,0.0,0,0,0,0,0,0.0,0,0,0.0,0.0,0,0,0,0,0,0,0
2.1.0,325.0,src/java/org/apache/ivy/plugins/parser/m2/PomReader.java,1.0,0,0,0,0,0,0,0,0,0,0,0,0,0.0,0,0,0,0,0,0.0,0,0,0.0,0.454545455,0,0,0,0,0,0,0
2.1.0,326.0,src/java/org/apache/ivy/plugins/parser/xml/UpdateOptions.java,0.0,0,0,0,0,0,0,0,0,0,0,0,0,0.0,0,0,0,0,0,0.0,0,0,0.0,0.0,0,0,0,0,0,0,0
2.1.0,327.0,src/java/org/apache/ivy/plugins/parser/xml/XmlModuleDescriptorParser.java,1.0,0,0,0,0,0,0,0,0,0,0,0,0,0.0,0,0,0,0,0,0.0,0,0,0.0,0.096774194,0,0,0,0,0,0,0
2.1.0,328.0,src/java/org/apache/ivy/plugins/parser/xml/XmlModuleDescriptorUpdater.java,1.0,0,0,0,0,0,0,0,0,0,0,0,0,0.0,0,0,0,0,0,0.0,0,0,0.0,0.230769231,0,0,0,0,0,0,0
2.1.0,329.0,src/java/org/apache/ivy/plugins/parser/xml/XmlModuleDescriptorWriter.java,1.0,0,0,0,0,0,0,0,0,0,0,0,0,0.0,0,0,0,0,0,0.0,0,0,0.0,3.4375,0,0,0,0,0,0,0
2.1.0,330.0,src/java/org/apache/ivy/plugins/repository/file/FileRepository.java,0.0,0,0,0,0,0,0,0,0,0,0,0,0,0.0,0,0,0,0,0,0.0,0,0,0.0,0.0,0,0,0,0,0,0,0
2.1.0,331.0,src/java/org/apache/ivy/plugins/repository/file/FileResource.java,0.0,0,0,0,0,0,0,0,0,0,0,0,0,0.0,0,0,0,0,0,0.0,0,0,0.0,0.0,0,0,0,0,0,0,0
2.1.0,332.0,src/java/org/apache/ivy/plugins/repository/sftp/SFTPRepository.java,1.0,0,0,0,0,0,0,0,0,0,0,0,0,0.0,0,0,0,0,0,0.0,0,0,0.0,0.666666667,0,0,0,0,0,0,0
2.1.0,333.0,src/java/org/apache/ivy/plugins/repository/sftp/SFTPResource.java,0.0,0,0,0,0,0,0,0,0,0,0,0,0,0.0,0,0,0,0,0,0.0,0,0,0.0,0.0,0,0,0,0,0,0,0
2.1.0,334.0,src/java/org/apache/ivy/plugins/repository/ssh/AbstractSshBasedRepository.java,0.0,0,0,0,0,0,0,0,0,0,0,0,0,0.0,0,0,0,0,0,0.0,0,0,0.0,0.0,0,0,0,0,0,0,0
2.1.0,335.0,src/java/org/apache/ivy/plugins/repository/ssh/RemoteScpException.java,0.0,0,0,0,0,0,0,0,0,0,0,0,0,0.0,0,0,0,0,0,0.0,0,0,0.0,0.0,0,0,0,0,0,0,0
2.1.0,336.0,src/java/org/apache/ivy/plugins/repository/ssh/Scp.java,0.0,0,0,0,0,0,0,0,0,0,0,0,0,0.0,0,0,0,0,0,0.0,0,0,0.0,0.0,0,0,0,0,0,0,0
2.1.0,337.0,src/java/org/apache/ivy/plugins/repository/ssh/SshCache.java,0.0,0,0,0,0,0,0,0,0,0,0,0,0,0.0,0,0,0,0,0,0.0,0,0,0.0,0.0,0,0,0,0,0,0,0
2.1.0,338.0,src/java/org/apache/ivy/plugins/repository/ssh/SshRepository.java,0.0,0,0,0,0,0,0,0,0,0,0,0,0,0.0,0,0,0,0,0,0.0,0,0,0.0,0.0,0,0,0,0,0,0,0
2.1.0,339.0,src/java/org/apache/ivy/plugins/repository/ssh/SshResource.java,0.0,0,0,0,0,0,0,0,0,0,0,0,0,0.0,0,0,0,0,0,0.0,0,0,0.0,0.0,0,0,0,0,0,0,0
2.1.0,340.0,src/java/org/apache/ivy/plugins/repository/url/URLRepository.java,1.0,0,0,0,0,0,0,0,0,0,0,0,0,0.0,0,0,0,0,0,0.0,0,0,0.0,0.0,0,0,0,0,0,0,0
2.1.0,341.0,src/java/org/apache/ivy/plugins/repository/url/URLResource.java,0.0,0,0,0,0,0,0,0,0,0,0,0,0,0.0,0,0,0,0,0,0.0,0,0,0.0,0.0,0,0,0,0,0,0,0
2.1.0,342.0,src/java/org/apache/ivy/plugins/repository/vfs/VfsRepository.java,0.0,0,0,0,0,0,0,0,0,0,0,0,0,0.0,0,0,0,0,0,0.0,0,0,0.0,0.0,0,0,0,0,0,0,0
2.1.0,343.0,src/java/org/apache/ivy/plugins/repository/vfs/VfsResource.java,0.0,0,0,0,0,0,0,0,0,0,0,0,0,0.0,0,0,0,0,0,0.0,0,0,0.0,0.0,0,0,0,0,0,0,0
2.1.0,344.0,src/java/org/apache/ivy/plugins/repository/vsftp/VsftpRepository.java,0.0,0,0,0,0,0,0,0,0,0,0,0,0,0.0,0,0,0,0,0,0.0,0,0,0.0,0.125,0,0,0,0,0,0,0
2.1.0,345.0,src/java/org/apache/ivy/plugins/repository/vsftp/VsftpResource.java,0.0,0,0,0,0,0,0,0,0,0,0,0,0,0.0,0,0,0,0,0,0.0,0,0,0.0,0.0,0,0,0,0,0,0,0
2.1.0,346.0,src/java/org/apache/ivy/plugins/resolver/packager/BuiltFileResource.java,0.0,0,0,0,0,0,0,0,0,0,0,0,0,0.0,0,0,0,0,0,0.0,0,0,0.0,0.0,0,0,0,0,0,0,0
2.1.0,347.0,src/java/org/apache/ivy/plugins/resolver/packager/PackagerCacheEntry.java,0.0,0,0,0,0,0,0,0,0,0,0,0,0,0.0,0,0,0,0,0,0.0,0,0,0.0,0.0,0,0,0,0,0,0,0
2.1.0,348.0,src/java/org/apache/ivy/plugins/resolver/packager/PackagerResolver.java,0.0,0,0,0,0,0,0,0,0,0,0,0,0,0.0,0,0,0,0,0,0.0,0,0,0.0,0.0,0,0,0,0,0,0,0
2.1.0,349.0,src/java/org/apache/ivy/plugins/resolver/util/ApacheHttpURLLister.java,0.0,0,0,0,0,0,0,0,0,0,0,0,0,0.0,0,0,0,0,0,0.0,0,0,0.0,0.0,0,0,0,0,0,0,0
2.1.0,350.0,src/java/org/apache/ivy/plugins/resolver/util/FileURLLister.java,0.0,0,0,0,0,0,0,0,0,0,0,0,0,0.0,0,0,0,0,0,0.0,0,0,0.0,0.0,0,0,0,0,0,0,0
2.1.0,351.0,src/java/org/apache/ivy/plugins/resolver/util/HasLatestStrategy.java,0.0,0,0,0,0,0,0,0,0,0,0,0,0,0.0,0,0,0,0,0,0.0,0,0,0.0,0.0,0,0,0,0,0,0,0
2.1.0,352.0,src/java/org/apache/ivy/plugins/resolver/util/MDResolvedResource.java,0.0,0,0,0,0,0,0,0,0,0,0,0,0,0.0,0,0,0,0,0,0.0,0,0,0.0,0.0,0,0,0,0,0,0,0
2.1.0,353.0,src/java/org/apache/ivy/plugins/resolver/util/ResolvedResource.java,0.0,0,0,0,0,0,0,0,0,0,0,0,0,0.0,0,0,0,0,0,0.0,0,0,0.0,0.0,0,0,0,0,0,0,0
2.1.0,354.0,src/java/org/apache/ivy/plugins/resolver/util/ResolverHelper.java,1.0,0,0,0,0,0,0,0,0,0,0,0,0,0.0,0,0,0,0,0,0.0,0,0,0.0,0.0,0,0,0,0,0,0,0
2.1.0,355.0,src/java/org/apache/ivy/plugins/resolver/util/ResourceMDParser.java,0.0,0,0,0,0,0,0,0,0,0,0,0,0,0.0,0,0,0,0,0,0.0,0,0,0.0,0.0,0,0,0,0,0,0,0
2.1.0,356.0,src/java/org/apache/ivy/plugins/resolver/util/URLLister.java,0.0,0,0,0,0,0,0,0,0,0,0,0,0,0.0,0,0,0,0,0,0.0,0,0,0.0,0.0,0,0,0,0,0,0,0
2.2.0,0.0,src/java/org/apache/ivy/Ivy.java,1.0,0,0,0,0,0,0,0,0,0,0,0,0,0.0,0,0,0,0,0,0.0,0,0,0.0,0.054054054,0,0,0,0,0,0,0
2.2.0,1.0,src/java/org/apache/ivy/Ivy14.java,0.0,0,0,0,0,0,0,0,0,0,0,0,0,0.0,0,0,0,0,0,0.0,0,0,0.0,0.0,0,0,0,0,0,0,0
2.2.0,2.0,src/java/org/apache/ivy/Main.java,0.0,0,0,0,0,0,0,0,0,0,0,0,0,0.0,0,0,0,0,0,0.0,0,0,0.0,0.333333333,0,0,0,0,0,0,0
2.2.0,3.0,src/java/org/apache/ivy/ant/AddPathTask.java,0.0,0,0,0,0,0,0,0,0,0,0,0,0,0.0,0,0,0,0,0,0.0,0,0,0.0,0.0,0,0,0,0,0,0,0
2.2.0,4.0,src/java/org/apache/ivy/ant/AntBuildTrigger.java,0.0,0,0,0,0,0,0,0,0,0,0,0,0,0.0,0,0,0,0,0,0.0,0,0,0.0,0.0,0,0,0,0,0,0,0
2.2.0,5.0,src/java/org/apache/ivy/ant/AntCallTrigger.java,0.0,0,0,0,0,0,0,0,0,0,0,0,0,0.0,0,0,0,0,0,0.0,0,0,0.0,0.0,0,0,0,0,0,0,0
2.2.0,6.0,src/java/org/apache/ivy/ant/AntMessageLogger.java,0.0,0,0,0,0,0,0,0,0,0,0,0,0,0.0,0,0,0,0,0,0.0,0,0,0.0,0.0,0,0,0,0,0,0,0
2.2.0,7.0,src/java/org/apache/ivy/ant/IvyAntSettings.java,0.0,0,0,0,0,0,0,0,0,0,0,0,0,0.0,0,0,0,0,0,0.0,0,0,0.0,0.0,0,0,0,0,0,0,0
2.2.0,8.0,src/java/org/apache/ivy/ant/IvyAntVariableContainer.java,0.0,0,0,0,0,0,0,0,0,0,0,0,0,0.0,0,0,0,0,0,0.0,0,0,0.0,0.0,0,0,0,0,0,0,0
2.2.0,9.0,src/java/org/apache/ivy/ant/IvyArtifactProperty.java,0.0,0,0,0,0,0,0,0,0,0,0,0,0,0.0,0,0,0,0,0,0.0,0,0,0.0,0.0,0,0,0,0,0,0,0
2.2.0,10.0,src/java/org/apache/ivy/ant/IvyBuildList.java,0.0,0,0,0,0,0,0,0,0,0,0,0,0,0.0,0,0,0,0,0,0.0,0,0,0.0,0.0,0,0,0,0,0,0,0
2.2.0,11.0,src/java/org/apache/ivy/ant/IvyBuildNumber.java,1.0,0,0,0,0,0,0,0,0,0,0,0,0,0.0,0,0,0,0,0,0.0,0,0,0.0,0.25,0,0,0,0,0,0,0
2.2.0,12.0,src/java/org/apache/ivy/ant/IvyCacheFileset.java,0.0,0,0,0,0,0,0,0,0,0,0,0,0,0.0,0,0,0,0,0,0.0,0,0,0.0,0.0,0,0,0,0,0,0,0
2.2.0,13.0,src/java/org/apache/ivy/ant/IvyCachePath.java,0.0,0,0,0,0,0,0,0,0,0,0,0,0,0.0,0,0,0,0,0,0.0,0,0,0.0,0.0,0,0,0,0,0,0,0
2.2.0,14.0,src/java/org/apache/ivy/ant/IvyCacheTask.java,0.0,0,0,0,0,0,0,0,0,0,0,0,0,0.0,0,0,0,0,0,0.0,0,0,0.0,0.0,0,0,0,0,0,0,0
2.2.0,15.0,src/java/org/apache/ivy/ant/IvyCheck.java,0.0,0,0,0,0,0,0,0,0,0,0,0,0,0.0,0,0,0,0,0,0.0,0,0,0.0,0.0,0,0,0,0,0,0,0
2.2.0,16.0,src/java/org/apache/ivy/ant/IvyCleanCache.java,0.0,0,0,0,0,0,0,0,0,0,0,0,0,0.0,0,0,0,0,0,0.0,0,0,0.0,0.0,0,0,0,0,0,0,0
2.2.0,17.0,src/java/org/apache/ivy/ant/IvyConfigure.java,0.0,0,0,0,0,0,0,0,0,0,0,0,0,0.0,0,0,0,0,0,0.0,0,0,0.0,0.0,0,0,0,0,0,0,0
2.2.0,18.0,src/java/org/apache/ivy/ant/IvyConvertPom.java,0.0,0,0,0,0,0,0,0,0,0,0,0,0,0.0,0,0,0,0,0,0.0,0,0,0.0,0.8,0,0,0,0,0,0,0
2.2.0,19.0,src/java/org/apache/ivy/ant/IvyDeliver.java,1.0,0,0,0,0,0,0,0,0,0,0,0,0,0.0,0,0,0,0,0,0.0,0,0,0.0,0.194444444,0,0,0,0,0,0,0
2.2.0,20.0,src/java/org/apache/ivy/ant/IvyExtractFromSources.java,0.0,0,0,0,0,0,0,0,0,0,0,0,0,0.0,0,0,0,0,0,0.0,0,0,0.0,0.0,0,0,0,0,0,0,0
2.2.0,21.0,src/java/org/apache/ivy/ant/IvyFindRevision.java,1.0,0,0,0,0,0,0,0,0,0,0,0,0,0.0,0,0,0,0,0,0.0,0,0,0.0,0.818181818,0,0,0,0,0,0,0
2.2.0,22.0,src/java/org/apache/ivy/ant/IvyInfo.java,0.0,0,0,0,0,0,0,0,0,0,0,0,0,0.0,0,0,0,0,0,0.0,0,0,0.0,0.0,0,0,0,0,0,0,0
2.2.0,23.0,src/java/org/apache/ivy/ant/IvyInstall.java,0.0,0,0,0,0,0,0,0,0,0,0,0,0,0.0,0,0,0,0,0,0.0,0,0,0.0,0.0,0,0,0,0,0,0,0
2.2.0,24.0,src/java/org/apache/ivy/ant/IvyListModules.java,0.0,0,0,0,0,0,0,0,0,0,0,0,0,0.0,0,0,0,0,0,0.0,0,0,0.0,0.529411765,0,0,0,0,0,0,0
2.2.0,25.0,src/java/org/apache/ivy/ant/IvyPostResolveTask.java,0.0,0,0,0,0,0,0,0,0,0,0,0,0,0.0,0,0,0,0,0,0.0,0,0,0.0,0.222222222,0,0,0,0,0,0,0
2.2.0,26.0,src/java/org/apache/ivy/ant/IvyReport.java,0.0,0,0,0,0,0,0,0,0,0,0,0,0,0.0,0,0,0,0,0,0.0,0,0,0.0,0.242424242,0,0,0,0,0,0,0
2.2.0,27.0,src/java/org/apache/ivy/ant/IvyRepositoryReport.java,0.0,0,0,0,0,0,0,0,0,0,0,0,0,0.0,0,0,0,0,0,0.0,0,0,0.0,0.0,0,0,0,0,0,0,0
2.2.0,28.0,src/java/org/apache/ivy/ant/IvyResolve.java,1.0,0,0,0,0,0,0,0,0,0,0,0,0,0.0,0,0,0,0,0,0.0,0,0,0.0,0.0,0,0,0,0,0,0,0
2.2.0,29.0,src/java/org/apache/ivy/ant/IvyRetrieve.java,0.0,0,0,0,0,0,0,0,0,0,0,0,0,0.0,0,0,0,0,0,0.0,0,0,0.0,0.0,0,0,0,0,0,0,0
2.2.0,30.0,src/java/org/apache/ivy/ant/IvyTask.java,1.0,0,0,0,0,0,0,0,0,0,0,0,0,0.0,0,0,0,0,0,0.0,0,0,0.0,0.0,0,0,0,0,0,0,0
2.2.0,31.0,src/java/org/apache/ivy/ant/IvyVar.java,0.0,0,0,0,0,0,0,0,0,0,0,0,0,0.0,0,0,0,0,0,0.0,0,0,0.0,0.0,0,0,0,0,0,0,0
2.2.0,32.0,src/java/org/apache/ivy/ant/PackageMapping.java,0.0,0,0,0,0,0,0,0,0,0,0,0,0,0.0,0,0,0,0,0,0.0,0,0,0.0,0.0,0,0,0,0,0,0,0
2.2.0,33.0,src/java/org/apache/ivy/core/ExecutionRelativeUrlResolver.java,0.0,0,0,0,0,0,0,0,0,0,0,0,0,0.0,0,0,0,0,0,0.0,0,0,0.0,0.0,0,0,0,0,0,0,0
2.2.0,34.0,src/java/org/apache/ivy/core/IvyContext.java,0.0,0,0,0,0,0,0,0,0,0,0,0,0,0.0,0,0,0,0,0,0.0,0,0,0.0,0.275862069,0,0,0,0,0,0,0
2.2.0,35.0,src/java/org/apache/ivy/core/IvyPatternHelper.java,0.0,0,0,0,0,0,0,0,0,0,0,0,0,0.0,0,0,0,0,0,0.0,0,0,0.0,0.214285714,0,0,0,0,0,0,0
2.2.0,36.0,src/java/org/apache/ivy/core/IvyThread.java,0.0,0,0,0,0,0,0,0,0,0,0,0,0,0.0,0,0,0,0,0,0.0,0,0,0.0,0.0,0,0,0,0,0,0,0
2.2.0,37.0,src/java/org/apache/ivy/core/LogOptions.java,0.0,0,0,0,0,0,0,0,0,0,0,0,0,0.0,0,0,0,0,0,0.0,0,0,0.0,0.0,0,0,0,0,0,0,0
2.2.0,38.0,src/java/org/apache/ivy/core/NormalRelativeUrlResolver.java,0.0,0,0,0,0,0,0,0,0,0,0,0,0,0.0,0,0,0,0,0,0.0,0,0,0.0,0.0,0,0,0,0,0,0,0
2.2.0,39.0,src/java/org/apache/ivy/core/RelativeUrlResolver.java,0.0,0,0,0,0,0,0,0,0,0,0,0,0,0.0,0,0,0,0,0,0.0,0,0,0.0,0.0,0,0,0,0,0,0,0
2.2.0,40.0,src/java/org/apache/ivy/plugins/IvySettingsAware.java,0.0,0,0,0,0,0,0,0,0,0,0,0,0,0.0,0,0,0,0,0,0.0,0,0,0.0,0.0,0,0,0,0,0,0,0
2.2.0,41.0,src/java/org/apache/ivy/util/AbstractMessageLogger.java,0.0,0,0,0,0,0,0,0,0,0,0,0,0,0.0,0,0,0,0,0,0.0,0,0,0.0,0.0,0,0,0,0,0,0,0
2.2.0,42.0,src/java/org/apache/ivy/util/Checks.java,1.0,0,0,0,0,0,0,0,0,0,0,0,0,0.0,0,0,0,0,0,0.0,0,0,0.0,0.0,0,0,0,0,0,0,0
2.2.0,43.0,src/java/org/apache/ivy/util/ChecksumHelper.java,0.0,0,0,0,0,0,0,0,0,0,0,0,0,0.0,0,0,0,0,0,0.0,0,0,0.0,0.0,0,0,0,0,0,0,0
2.2.0,44.0,src/java/org/apache/ivy/util/ConfigurationUtils.java,0.0,0,0,0,0,0,0,0,0,0,0,0,0,0.0,0,0,0,0,0,0.0,0,0,0.0,0.0,0,0,0,0,0,0,0
2.2.0,45.0,src/java/org/apache/ivy/util/Configurator.java,0.0,0,0,0,0,0,0,0,0,0,0,0,0,0.0,0,0,0,0,0,0.0,0,0,0.0,0.0,0,0,0,0,0,0,0
2.2.0,46.0,src/java/org/apache/ivy/util/ContextualSAXHandler.java,0.0,0,0,0,0,0,0,0,0,0,0,0,0,0.0,0,0,0,0,0,0.0,0,0,0.0,0.6,0,0,0,0,0,0,0
2.2.0,47.0,src/java/org/apache/ivy/util/CopyProgressEvent.java,0.0,0,0,0,0,0,0,0,0,0,0,0,0,0.0,0,0,0,0,0,0.0,0,0,0.0,0.0,0,0,0,0,0,0,0
2.2.0,48.0,src/java/org/apache/ivy/util/CopyProgressListener.java,0.0,0,0,0,0,0,0,0,0,0,0,0,0,0.0,0,0,0,0,0,0.0,0,0,0.0,0.0,0,0,0,0,0,0,0
2.2.0,49.0,src/java/org/apache/ivy/util/Credentials.java,0.0,0,0,0,0,0,0,0,0,0,0,0,0,0.0,0,0,0,0,0,0.0,0,0,0.0,0.0,0,0,0,0,0,0,0
2.2.0,50.0,src/java/org/apache/ivy/util/CredentialsUtil.java,0.0,0,0,0,0,0,0,0,0,0,0,0,0,0.0,0,0,0,0,0,2.0,0,0,0.5,2.0,0,0,0,0,0,0,0
2.2.0,51.0,src/java/org/apache/ivy/util/DefaultMessageLogger.java,0.0,0,0,0,0,0,0,0,0,0,0,0,0,0.0,0,0,0,0,0,0.0,0,0,0.0,0.0,0,0,0,0,0,0,0
2.2.0,52.0,src/java/org/apache/ivy/util/EncrytedProperties.java,0.0,0,0,0,0,0,0,0,0,0,0,0,0,0.0,0,0,0,0,0,0.0,0,0,0.0,0.0,0,0,0,0,0,0,0
2.2.0,53.0,src/java/org/apache/ivy/util/FileResolver.java,0.0,0,0,0,0,0,0,0,0,0,0,0,0,0.0,0,0,0,0,0,0.0,0,0,0.0,0.0,0,0,0,0,0,0,0
2.2.0,54.0,src/java/org/apache/ivy/util/FileUtil.java,1.0,0,0,0,0,0,0,0,0,0,0,0,0,0.0,0,0,0,0,0,0.0,0,0,0.0,0.176470588,0,0,0,0,0,0,0
2.2.0,55.0,src/java/org/apache/ivy/util/HostUtil.java,0.0,0,0,0,0,0,0,0,0,0,0,0,0,0.0,0,0,0,0,0,0.0,0,0,0.0,0.0,0,0,0,0,0,0,0
2.2.0,56.0,src/java/org/apache/ivy/util/MemoryUtil.java,0.0,0,0,0,0,0,0,0,0,0,0,0,0,0.0,0,0,0,0,0,0.0,0,0,0.0,0.0,0,0,0,0,0,0,0
2.2.0,57.0,src/java/org/apache/ivy/util/Message.java,0.0,0,0,0,0,0,0,0,0,0,0,0,0,0.0,0,0,0,0,0,0.0,0,0,0.0,0.0,0,0,0,0,0,0,0
2.2.0,58.0,src/java/org/apache/ivy/util/MessageLogger.java,0.0,0,0,0,0,0,0,0,0,0,0,0,0,0.0,0,0,0,0,0,0.0,0,0,0.0,0.0,0,0,0,0,0,0,0
2.2.0,59.0,src/java/org/apache/ivy/util/MessageLoggerEngine.java,0.0,0,0,0,0,0,0,0,0,0,0,0,0,0.0,0,0,0,0,0,0.0,0,0,0.0,0.0,0,0,0,0,0,0,0
2.2.0,60.0,src/java/org/apache/ivy/util/MessageLoggerHelper.java,0.0,0,0,0,0,0,0,0,0,0,0,0,0,0.0,0,0,0,0,0,0.0,0,0,0.0,0.0,0,0,0,0,0,0,0
2.2.0,61.0,src/java/org/apache/ivy/util/PropertiesFile.java,0.0,0,0,0,0,0,0,0,0,0,0,0,0,0.0,0,0,0,0,0,0.0,0,0,0.0,0.0,0,0,0,0,0,0,0
2.2.0,62.0,src/java/org/apache/ivy/util/StringUtils.java,0.0,0,0,0,0,0,0,0,0,0,0,0,0,0.0,0,0,0,0,0,0.0,0,0,0.0,0.0,0,0,0,0,0,0,0
2.2.0,63.0,src/java/org/apache/ivy/util/XMLHelper.java,1.0,0,0,0,0,0,0,0,0,0,0,0,0,0.0,0,0,0,0,0,0.0,0,0,0.0,0.0,0,0,0,0,0,0,0
2.2.0,64.0,src/java/org/apache/ivy/core/cache/ArtifactOrigin.java,0.0,0,0,0,0,0,0,0,0,0,0,0,0,0.0,0,0,0,0,0,0.0,0,0,0.0,0.0,0,0,0,0,0,0,0
2.2.0,65.0,src/java/org/apache/ivy/core/cache/CacheDownloadOptions.java,0.0,0,0,0,0,0,0,0,0,0,0,0,0,0.0,0,0,0,0,0,0.0,0,0,0.0,0.0,0,0,0,0,0,0,0
2.2.0,66.0,src/java/org/apache/ivy/core/cache/CacheMetadataOptions.java,0.0,0,0,0,0,0,0,0,0,0,0,0,0,0.0,0,0,0,0,0,0.0,0,0,0.0,0.0,0,0,0,0,0,0,0
2.2.0,67.0,src/java/org/apache/ivy/core/cache/CacheUtil.java,0.0,0,0,0,0,0,0,0,0,0,0,0,0,0.0,0,0,0,0,0,0.0,0,0,0.0,0.0,0,0,0,0,0,0,0
2.2.0,68.0,src/java/org/apache/ivy/core/cache/DefaultRepositoryCacheManager.java,1.0,0,0,0,0,0,0,0,0,0,0,0,0,0.0,0,0,0,0,0,0.0,0,0,0.0,0.097560976,0,0,0,0,0,0,0
2.2.0,69.0,src/java/org/apache/ivy/core/cache/DefaultResolutionCacheManager.java,1.0,0,0,0,0,0,0,0,0,0,0,0,0,0.0,0,0,0,0,0,0.0,0,0,0.0,0.0,0,0,0,0,0,0,0
2.2.0,70.0,src/java/org/apache/ivy/core/cache/DownloadListener.java,0.0,0,0,0,0,0,0,0,0,0,0,0,0,0.0,0,0,0,0,0,0.0,0,0,0.0,0.0,0,0,0,0,0,0,0
2.2.0,71.0,src/java/org/apache/ivy/core/cache/ModuleDescriptorMemoryCache.java,0.0,0,0,0,0,0,0,0,0,0,0,0,0,0.0,0,0,0,0,0,0.0,0,0,0.0,0.0,0,0,0,0,0,0,0
2.2.0,72.0,src/java/org/apache/ivy/core/cache/ModuleDescriptorProvider.java,0.0,0,0,0,0,0,0,0,0,0,0,0,0,0.0,0,0,0,0,0,0.0,0,0,0.0,0.0,0,0,0,0,0,0,0
2.2.0,73.0,src/java/org/apache/ivy/core/cache/ModuleDescriptorWriter.java,0.0,0,0,0,0,0,0,0,0,0,0,0,0,0.0,0,0,0,0,0,0.0,0,0,0.0,0.0,0,0,0,0,0,0,0
2.2.0,74.0,src/java/org/apache/ivy/core/cache/ParserSettingsMonitor.java,0.0,0,0,0,0,0,0,0,0,0,0,0,0,0.0,0,0,0,0,0,0.0,0,0,0.0,0.0,0,0,0,0,0,0,0
2.2.0,75.0,src/java/org/apache/ivy/core/cache/RepositoryCacheManager.java,0.0,0,0,0,0,0,0,0,0,0,0,0,0,0.0,0,0,0,0,0,0.0,0,0,0.0,0.0,0,0,0,0,0,0,0
2.2.0,76.0,src/java/org/apache/ivy/core/cache/ResolutionCacheManager.java,0.0,0,0,0,0,0,0,0,0,0,0,0,0,0.0,0,0,0,0,0,0.0,0,0,0.0,0.0,0,0,0,0,0,0,0
2.2.0,77.0,src/java/org/apache/ivy/core/check/CheckEngine.java,0.0,0,0,0,0,0,0,0,0,0,0,0,0,0.0,0,0,0,0,0,0.0,0,0,0.0,0.0,0,0,0,0,0,0,0
2.2.0,78.0,src/java/org/apache/ivy/core/check/CheckEngineSettings.java,0.0,0,0,0,0,0,0,0,0,0,0,0,0,0.0,0,0,0,0,0,0.0,0,0,0.0,0.0,0,0,0,0,0,0,0
2.2.0,79.0,src/java/org/apache/ivy/core/deliver/DefaultPublishingDRResolver.java,0.0,0,0,0,0,0,0,0,0,0,0,0,0,0.0,0,0,0,0,0,0.0,0,0,0.0,0.0,0,0,0,0,0,0,0
2.2.0,80.0,src/java/org/apache/ivy/core/deliver/DeliverEngine.java,1.0,0,0,0,0,0,0,0,0,0,0,0,0,0.0,0,0,0,0,0,0.0,0,0,0.0,0.0,0,0,0,0,0,0,0
2.2.0,81.0,src/java/org/apache/ivy/core/deliver/DeliverEngineSettings.java,0.0,0,0,0,0,0,0,0,0,0,0,0,0,0.0,0,0,0,0,0,0.0,0,0,0.0,0.0,0,0,0,0,0,0,0
2.2.0,82.0,src/java/org/apache/ivy/core/deliver/DeliverOptions.java,0.0,0,0,0,0,0,0,0,0,0,0,0,0,0.0,0,0,0,0,0,0.0,0,0,0.0,0.0,0,0,0,0,0,0,0
2.2.0,83.0,src/java/org/apache/ivy/core/deliver/PublishingDependencyRevisionResolver.java,0.0,0,0,0,0,0,0,0,0,0,0,0,0,0.0,0,0,0,0,0,0.0,0,0,0.0,0.0,0,0,0,0,0,0,0
2.2.0,84.0,src/java/org/apache/ivy/core/event/EventManager.java,0.0,0,0,0,0,0,0,0,0,0,0,0,0,0.0,0,0,0,0,0,0.0,0,0,0.0,0.0,0,0,0,0,0,0,0
2.2.0,85.0,src/java/org/apache/ivy/core/event/FilteredIvyListener.java,0.0,0,0,0,0,0,0,0,0,0,0,0,0,0.0,0,0,0,0,0,0.0,0,0,0.0,0.0,0,0,0,0,0,0,0
2.2.0,86.0,src/java/org/apache/ivy/core/event/IvyEvent.java,0.0,0,0,0,0,0,0,0,0,0,0,0,0,0.0,0,0,0,0,0,0.0,0,0,0.0,0.0,0,0,0,0,0,0,0
2.2.0,87.0,src/java/org/apache/ivy/core/event/IvyEventFilter.java,0.0,0,0,0,0,0,0,0,0,0,0,0,0,0.0,0,0,0,0,0,0.0,0,0,0.0,0.0,0,0,0,0,0,0,0
2.2.0,88.0,src/java/org/apache/ivy/core/event/IvyListener.java,0.0,0,0,0,0,0,0,0,0,0,0,0,0,0.0,0,0,0,0,0,0.0,0,0,0.0,0.0,0,0,0,0,0,0,0
2.2.0,89.0,src/java/org/apache/ivy/core/install/InstallEngine.java,0.0,0,0,0,0,0,0,0,0,0,0,0,0,0.0,0,0,0,0,0,0.0,0,0,0.0,0.0,0,0,0,0,0,0,0
2.2.0,90.0,src/java/org/apache/ivy/core/install/InstallEngineSettings.java,0.0,0,0,0,0,0,0,0,0,0,0,0,0,0.0,0,0,0,0,0,0.0,0,0,0.0,0.0,0,0,0,0,0,0,0
2.2.0,91.0,src/java/org/apache/ivy/core/install/InstallOptions.java,0.0,0,0,0,0,0,0,0,0,0,0,0,0,0.0,0,0,0,0,0,0.0,0,0,0.0,0.0,0,0,0,0,0,0,0
2.2.0,92.0,src/java/org/apache/ivy/core/publish/PublishEngine.java,0.0,0,0,0,0,0,0,0,0,0,0,0,0,0.0,0,0,0,0,0,0.0,0,0,0.0,0.0,0,0,0,0,0,0,0
2.2.0,93.0,src/java/org/apache/ivy/core/publish/PublishEngineSettings.java,0.0,0,0,0,0,0,0,0,0,0,0,0,0,0.0,0,0,0,0,0,0.0,0,0,0.0,0.0,0,0,0,0,0,0,0
2.2.0,94.0,src/java/org/apache/ivy/core/publish/PublishOptions.java,0.0,0,0,0,0,0,0,0,0,0,0,0,0,0.0,0,0,0,0,0,0.0,0,0,0.0,0.0,0,0,0,0,0,0,0
2.2.0,95.0,src/java/org/apache/ivy/core/report/ArtifactDownloadReport.java,0.0,0,0,0,0,0,0,0,0,0,0,0,0,0.0,0,0,0,0,0,0.0,0,0,0.0,0.0,0,0,0,0,0,0,0
2.2.0,96.0,src/java/org/apache/ivy/core/report/ConfigurationResolveReport.java,0.0,0,0,0,0,0,0,0,0,0,0,0,0,0.0,0,0,0,0,0,0.0,0,0,0.0,0.206896552,0,0,0,0,0,0,0
2.2.0,97.0,src/java/org/apache/ivy/core/report/DownloadReport.java,0.0,0,0,0,0,0,0,0,0,0,0,0,0,0.0,0,0,0,0,0,0.0,0,0,0.0,0.0,0,0,0,0,0,0,0
2.2.0,98.0,src/java/org/apache/ivy/core/report/DownloadStatus.java,0.0,0,0,0,0,0,0,0,0,0,0,0,0,0.0,0,0,0,0,0,0.0,0,0,0.0,0.0,0,0,0,0,0,0,0
2.2.0,99.0,src/java/org/apache/ivy/core/report/MetadataArtifactDownloadReport.java,0.0,0,0,0,0,0,0,0,0,0,0,0,0,0.0,0,0,0,0,0,0.0,0,0,0.0,0.0,0,0,0,0,0,0,0
2.2.0,100.0,src/java/org/apache/ivy/core/report/ResolveReport.java,0.0,0,0,0,0,0,0,0,0,0,0,0,0,0.0,0,0,0,0,0,0.0,0,0,0.0,0.0,0,0,0,0,0,0,0
2.2.0,101.0,src/java/org/apache/ivy/core/repository/RepositoryManagementEngine.java,0.0,0,0,0,0,0,0,0,0,0,0,0,0,0.0,0,0,0,0,0,0.0,0,0,0.0,0.0,0,0,0,0,0,0,0
2.2.0,102.0,src/java/org/apache/ivy/core/repository/RepositoryManagementEngineSettings.java,0.0,0,0,0,0,0,0,0,0,0,0,0,0,0.0,0,0,0,0,0,0.0,0,0,0.0,0.0,0,0,0,0,0,0,0
2.2.0,103.0,src/java/org/apache/ivy/core/resolve/DownloadOptions.java,0.0,0,0,0,0,0,0,0,0,0,0,0,0,0.0,0,0,0,0,0,0.0,0,0,0.0,0.0,0,0,0,0,0,0,0
2.2.0,104.0,src/java/org/apache/ivy/core/resolve/IvyNode.java,1.0,0,0,0,0,0,0,0,0,0,0,0,0,0.0,0,0,0,0,0,0.0,0,0,0.0,0.0,0,0,0,0,0,0,0
2.2.0,105.0,src/java/org/apache/ivy/core/resolve/IvyNodeBlacklist.java,0.0,0,0,0,0,0,0,0,0,0,0,0,0,0.0,0,0,0,0,0,0.0,0,0,0.0,0.0,0,0,0,0,0,0,0
2.2.0,106.0,src/java/org/apache/ivy/core/resolve/IvyNodeCallers.java,1.0,0,0,0,0,0,0,0,0,0,0,0,0,0.0,0,0,0,0,0,0.0,0,0,0.0,0.0,0,0,0,0,0,0,0
2.2.0,107.0,src/java/org/apache/ivy/core/resolve/IvyNodeEviction.java,1.0,0,0,0,0,0,0,0,0,0,0,0,0,0.0,0,0,0,0,0,0.0,0,0,0.0,0.272727273,0,0,0,0,0,0,0
2.2.0,108.0,src/java/org/apache/ivy/core/resolve/IvyNodeUsage.java,0.0,0,0,0,0,0,0,0,0,0,0,0,0,0.0,0,0,0,0,0,0.0,0,0,0.0,0.0,0,0,0,0,0,0,0
2.2.0,109.0,src/java/org/apache/ivy/core/resolve/ResolveData.java,1.0,0,0,0,0,0,0,0,0,0,0,0,0,0.0,0,0,0,0,0,0.0,0,0,0.0,0.0,0,0,0,0,0,0,0
2.2.0,110.0,src/java/org/apache/ivy/core/resolve/ResolvedModuleRevision.java,0.0,0,0,0,0,0,0,0,0,0,0,0,0,0.0,0,0,0,0,0,0.0,0,0,0.0,0.0,0,0,0,0,0,0,0
2.2.0,111.0,src/java/org/apache/ivy/core/resolve/ResolveEngine.java,1.0,0,0,0,0,0,0,0,0,0,0,0,0,0.0,0,0,0,0,0,0.0,0,0,0.0,0.181818182,0,0,0,0,0,0,0
2.2.0,112.0,src/java/org/apache/ivy/core/resolve/ResolveEngineSettings.java,0.0,0,0,0,0,0,0,0,0,0,0,0,0,0.0,0,0,0,0,0,0.0,0,0,0.0,0.0,0,0,0,0,0,0,0
2.2.0,113.0,src/java/org/apache/ivy/core/resolve/ResolveOptions.java,0.0,0,0,0,0,0,0,0,0,0,0,0,0,0.0,0,0,0,0,0,0.0,0,0,0.0,0.0,0,0,0,0,0,0,0
2.2.0,114.0,src/java/org/apache/ivy/core/resolve/ResolveProcessException.java,0.0,0,0,0,0,0,0,0,0,0,0,0,0,0.0,0,0,0,0,0,0.0,0,0,0.0,0.0,0,0,0,0,0,0,0
2.2.0,115.0,src/java/org/apache/ivy/core/resolve/RestartResolveProcess.java,0.0,0,0,0,0,0,0,0,0,0,0,0,0,0.0,0,0,0,0,0,0.0,0,0,0.0,0.0,0,0,0,0,0,0,0
2.2.0,116.0,src/java/org/apache/ivy/core/resolve/VisitData.java,0.0,0,0,0,0,0,0,0,0,0,0,0,0,0.0,0,0,0,0,0,0.0,0,0,0.0,0.0,0,0,0,0,0,0,0
2.2.0,117.0,src/java/org/apache/ivy/core/resolve/VisitNode.java,0.0,0,0,0,0,0,0,0,0,0,0,0,0,0.0,0,0,0,0,0,0.0,0,0,0.0,0.0,0,0,0,0,0,0,0
2.2.0,118.0,src/java/org/apache/ivy/core/retrieve/RetrieveEngine.java,0.0,0,0,0,0,0,0,0,0,0,0,0,0,0.0,0,0,0,0,0,0.0,0,0,0.0,0.0,0,0,0,0,0,0,0
2.2.0,119.0,src/java/org/apache/ivy/core/retrieve/RetrieveEngineSettings.java,0.0,0,0,0,0,0,0,0,0,0,0,0,0,0.0,0,0,0,0,0,0.0,0,0,0.0,0.0,0,0,0,0,0,0,0
2.2.0,120.0,src/java/org/apache/ivy/core/retrieve/RetrieveOptions.java,0.0,0,0,0,0,0,0,0,0,0,0,0,0,0.0,0,0,0,0,0,0.0,0,0,0.0,0.0,0,0,0,0,0,0,0
2.2.0,121.0,src/java/org/apache/ivy/core/search/ModuleEntry.java,0.0,0,0,0,0,0,0,0,0,0,0,0,0,0.0,0,0,0,0,0,0.0,0,0,0.0,0.0,0,0,0,0,0,0,0
2.2.0,122.0,src/java/org/apache/ivy/core/search/OrganisationEntry.java,0.0,0,0,0,0,0,0,0,0,0,0,0,0,0.0,0,0,0,0,0,0.0,0,0,0.0,0.0,0,0,0,0,0,0,0
2.2.0,123.0,src/java/org/apache/ivy/core/search/RevisionEntry.java,0.0,0,0,0,0,0,0,0,0,0,0,0,0,0.0,0,0,0,0,0,0.0,0,0,0.0,0.0,0,0,0,0,0,0,0
2.2.0,124.0,src/java/org/apache/ivy/core/search/SearchEngine.java,0.0,0,0,0,0,0,0,0,0,0,0,0,0,0.0,0,0,0,0,0,0.0,0,0,0.0,1.692307692,0,0,0,0,0,0,0
2.2.0,125.0,src/java/org/apache/ivy/core/settings/IvyPattern.java,0.0,0,0,0,0,0,0,0,0,0,0,0,0,0.0,0,0,0,0,0,0.0,0,0,0.0,0.0,0,0,0,0,0,0,0
2.2.0,126.0,src/java/org/apache/ivy/core/settings/IvyVariableContainer.java,0.0,0,0,0,0,0,0,0,0,0,0,0,0,0.0,0,0,0,0,0,0.0,0,0,0.0,0.0,0,0,0,0,0,0,0
2.2.0,127.0,src/java/org/apache/ivy/core/settings/IvyVariableContainerImpl.java,0.0,0,0,0,0,0,0,0,0,0,0,0,0,0.0,0,0,0,0,0,0.0,0,0,0.0,0.0,0,0,0,0,0,0,0
2.2.0,128.0,src/java/org/apache/ivy/core/settings/Validatable.java,0.0,0,0,0,0,0,0,0,0,0,0,0,0,0.0,0,0,0,0,0,0.0,0,0,0.0,0.0,0,0,0,0,0,0,0
2.2.0,129.0,src/java/org/apache/ivy/core/sort/CollectionOfModulesToSort.java,0.0,0,0,0,0,0,0,0,0,0,0,0,0,0.0,0,0,0,0,0,0.0,0,0,0.0,0.0,0,0,0,0,0,0,0
2.2.0,130.0,src/java/org/apache/ivy/core/sort/MessageBasedNonMatchingVersionReporter.java,0.0,0,0,0,0,0,0,0,0,0,0,0,0,0.0,0,0,0,0,0,0.0,0,0,0.0,0.0,0,0,0,0,0,0,0
2.2.0,131.0,src/java/org/apache/ivy/core/sort/ModuleDescriptorSorter.java,0.0,0,0,0,0,0,0,0,0,0,0,0,0,0.0,0,0,0,0,0,0.0,0,0,0.0,0.0,0,0,0,0,0,0,0
2.2.0,132.0,src/java/org/apache/ivy/core/sort/ModuleInSort.java,0.0,0,0,0,0,0,0,0,0,0,0,0,0,0.0,0,0,0,0,0,0.0,0,0,0.0,0.0,0,0,0,0,0,0,0
2.2.0,133.0,src/java/org/apache/ivy/core/sort/NonMatchingVersionReporter.java,0.0,0,0,0,0,0,0,0,0,0,0,0,0,0.0,0,0,0,0,0,0.0,0,0,0.0,0.0,0,0,0,0,0,0,0
2.2.0,134.0,src/java/org/apache/ivy/core/sort/SilentNonMatchingVersionReporter.java,0.0,0,0,0,0,0,0,0,0,0,0,0,0,0.0,0,0,0,0,0,0.0,0,0,0.0,0.0,0,0,0,0,0,0,0
2.2.0,135.0,src/java/org/apache/ivy/core/sort/SimpleSortEngineSettings.java,0.0,0,0,0,0,0,0,0,0,0,0,0,0,0.0,0,0,0,0,0,0.0,0,0,0.0,0.0,0,0,0,0,0,0,0
2.2.0,136.0,src/java/org/apache/ivy/core/sort/SortEngine.java,0.0,0,0,0,0,0,0,0,0,0,0,0,0,0.0,0,0,0,0,0,0.0,0,0,0.0,0.0,0,0,0,0,0,0,0
2.2.0,137.0,src/java/org/apache/ivy/core/sort/SortEngineSettings.java,0.0,0,0,0,0,0,0,0,0,0,0,0,0,0.0,0,0,0,0,0,0.0,0,0,0.0,0.0,0,0,0,0,0,0,0
2.2.0,138.0,src/java/org/apache/ivy/core/sort/SortOptions.java,0.0,0,0,0,0,0,0,0,0,0,0,0,0,0.0,0,0,0,0,0,0.0,0,0,0.0,0.0,0,0,0,0,0,0,0
2.2.0,139.0,src/java/org/apache/ivy/core/sort/WarningNonMatchingVersionReporter.java,0.0,0,0,0,0,0,0,0,0,0,0,0,0,0.0,0,0,0,0,0,0.0,0,0,0.0,0.0,0,0,0,0,0,0,0
2.2.0,140.0,src/java/org/apache/ivy/plugins/circular/AbstractCircularDependencyStrategy.java,0.0,0,0,0,0,0,0,0,0,0,0,0,0,0.0,0,0,0,0,0,0.0,0,0,0.0,0.0,0,0,0,0,0,0,0
2.2.0,141.0,src/java/org/apache/ivy/plugins/circular/AbstractLogCircularDependencyStrategy.java,0.0,0,0,0,0,0,0,0,0,0,0,0,0,0.0,0,0,0,0,0,0.0,0,0,0.0,0.0,0,0,0,0,0,0,0
2.2.0,142.0,src/java/org/apache/ivy/plugins/circular/CircularDependencyException.java,0.0,0,0,0,0,0,0,0,0,0,0,0,0,0.0,0,0,0,0,0,0.0,0,0,0.0,0.0,0,0,0,0,0,0,0
2.2.0,143.0,src/java/org/apache/ivy/plugins/circular/CircularDependencyHelper.java,0.0,0,0,0,0,0,0,0,0,0,0,0,0,0.0,0,0,0,0,0,0.0,0,0,0.0,0.0,0,0,0,0,0,0,0
2.2.0,144.0,src/java/org/apache/ivy/plugins/circular/CircularDependencyStrategy.java,0.0,0,0,0,0,0,0,0,0,0,0,0,0,0.0,0,0,0,0,0,0.0,0,0,0.0,0.0,0,0,0,0,0,0,0
2.2.0,145.0,src/java/org/apache/ivy/plugins/circular/ErrorCircularDependencyStrategy.java,0.0,0,0,0,0,0,0,0,0,0,0,0,0,0.0,0,0,0,0,0,0.0,0,0,0.0,0.0,0,0,0,0,0,0,0
2.2.0,146.0,src/java/org/apache/ivy/plugins/circular/IgnoreCircularDependencyStrategy.java,0.0,0,0,0,0,0,0,0,0,0,0,0,0,0.0,0,0,0,0,0,0.0,0,0,0.0,0.0,0,0,0,0,0,0,0
2.2.0,147.0,src/java/org/apache/ivy/plugins/circular/WarnCircularDependencyStrategy.java,0.0,0,0,0,0,0,0,0,0,0,0,0,0,0.0,0,0,0,0,0,0.0,0,0,0.0,0.0,0,0,0,0,0,0,0
2.2.0,148.0,src/java/org/apache/ivy/plugins/conflict/AbstractConflictManager.java,0.0,0,0,0,0,0,0,0,0,0,0,0,0,0.0,0,0,0,0,0,0.0,0,0,0.0,0.0,0,0,0,0,0,0,0
2.2.0,149.0,src/java/org/apache/ivy/plugins/conflict/ConflictManager.java,0.0,0,0,0,0,0,0,0,0,0,0,0,0,0.0,0,0,0,0,0,0.0,0,0,0.0,0.0,0,0,0,0,0,0,0
2.2.0,150.0,src/java/org/apache/ivy/plugins/conflict/FixedConflictManager.java,0.0,0,0,0,0,0,0,0,0,0,0,0,0,0.0,0,0,0,0,0,0.0,0,0,0.0,0.0,0,0,0,0,0,0,0
2.2.0,151.0,src/java/org/apache/ivy/plugins/conflict/LatestCompatibleConflictManager.java,0.0,0,0,0,0,0,0,0,0,0,0,0,0,0.0,0,0,0,0,0,0.0,0,0,0.0,0.0,0,0,0,0,0,0,0
2.2.0,152.0,src/java/org/apache/ivy/plugins/conflict/LatestConflictManager.java,0.0,0,0,0,0,0,0,0,0,0,0,0,0,0.0,0,0,0,0,0,0.0,0,0,0.0,0.0,0,0,0,0,0,0,0
2.2.0,153.0,src/java/org/apache/ivy/plugins/conflict/NoConflictManager.java,0.0,0,0,0,0,0,0,0,0,0,0,0,0,0.0,0,0,0,0,0,0.0,0,0,0.0,0.0,0,0,0,0,0,0,0
2.2.0,154.0,src/java/org/apache/ivy/plugins/conflict/RegexpConflictManager.java,0.0,0,0,0,0,0,0,0,0,0,0,0,0,0.0,0,0,0,0,0,0.0,0,0,0.0,0.0,0,0,0,0,0,0,0
2.2.0,155.0,src/java/org/apache/ivy/plugins/conflict/StrictConflictException.java,0.0,0,0,0,0,0,0,0,0,0,0,0,0,0.0,0,0,0,0,0,0.0,0,0,0.0,0.0,0,0,0,0,0,0,0
2.2.0,156.0,src/java/org/apache/ivy/plugins/conflict/StrictConflictManager.java,0.0,0,0,0,0,0,0,0,0,0,0,0,0,0.0,0,0,0,0,0,0.0,0,0,0.0,0.0,0,0,0,0,0,0,0
2.2.0,157.0,src/java/org/apache/ivy/plugins/latest/AbstractLatestStrategy.java,0.0,0,0,0,0,0,0,0,0,0,0,0,0,0.0,0,0,0,0,0,0.0,0,0,0.0,0.0,0,0,0,0,0,0,0
2.2.0,158.0,src/java/org/apache/ivy/plugins/latest/ArtifactInfo.java,0.0,0,0,0,0,0,0,0,0,0,0,0,0,0.0,0,0,0,0,0,0.0,0,0,0.0,0.0,0,0,0,0,0,0,0
2.2.0,159.0,src/java/org/apache/ivy/plugins/latest/ComparatorLatestStrategy.java,0.0,0,0,0,0,0,0,0,0,0,0,0,0,0.0,0,0,0,0,0,0.0,0,0,0.0,0.0,0,0,0,0,0,0,0
2.2.0,160.0,src/java/org/apache/ivy/plugins/latest/LatestLexicographicStrategy.java,0.0,0,0,0,0,0,0,0,0,0,0,0,0,0.0,0,0,0,0,0,0.0,0,0,0.0,0.0,0,0,0,0,0,0,0
2.2.0,161.0,src/java/org/apache/ivy/plugins/latest/LatestRevisionStrategy.java,0.0,0,0,0,0,0,0,0,0,0,0,0,0,0.0,0,0,0,0,0,0.0,0,0,0.0,0.0,0,0,0,0,0,0,0
2.2.0,162.0,src/java/org/apache/ivy/plugins/latest/LatestStrategy.java,0.0,0,0,0,0,0,0,0,0,0,0,0,0,0.0,0,0,0,0,0,0.0,0,0,0.0,0.0,0,0,0,0,0,0,0
2.2.0,163.0,src/java/org/apache/ivy/plugins/latest/LatestTimeStrategy.java,0.0,0,0,0,0,0,0,0,0,0,0,0,0,0.0,0,0,0,0,0,0.0,0,0,0.0,0.0,0,0,0,0,0,0,0
2.2.0,164.0,src/java/org/apache/ivy/plugins/lock/AbstractLockStrategy.java,0.0,0,0,0,0,0,0,0,0,0,0,0,0,0.0,0,0,0,0,0,0.0,0,0,0.0,0.0,0,0,0,0,0,0,0
2.2.0,165.0,src/java/org/apache/ivy/plugins/lock/ArtifactLockStrategy.java,0.0,0,0,0,0,0,0,0,0,0,0,0,0,0.0,0,0,0,0,0,0.0,0,0,0.0,0.0,0,0,0,0,0,0,0
2.2.0,166.0,src/java/org/apache/ivy/plugins/lock/FileBasedLockStrategy.java,0.0,0,0,0,0,0,0,0,0,0,0,0,0,0.0,0,0,0,0,0,0.0,0,0,0.0,0.0,0,0,0,0,0,0,0
2.2.0,167.0,src/java/org/apache/ivy/plugins/lock/LockStrategy.java,0.0,0,0,0,0,0,0,0,0,0,0,0,0,0.0,0,0,0,0,0,0.0,0,0,0.0,0.0,0,0,0,0,0,0,0
2.2.0,168.0,src/java/org/apache/ivy/plugins/lock/NoLockStrategy.java,0.0,0,0,0,0,0,0,0,0,0,0,0,0,0.0,0,0,0,0,0,0.0,0,0,0.0,0.0,0,0,0,0,0,0,0
2.2.0,169.0,src/java/org/apache/ivy/plugins/matcher/AbstractPatternMatcher.java,0.0,0,0,0,0,0,0,0,0,0,0,0,0,0.0,0,0,0,0,0,0.0,0,0,0.0,0.0,0,0,0,0,0,0,0
2.2.0,170.0,src/java/org/apache/ivy/plugins/matcher/AnyMatcher.java,0.0,0,0,0,0,0,0,0,0,0,0,0,0,0.0,0,0,0,0,0,0.0,0,0,0.0,0.0,0,0,0,0,0,0,0
2.2.0,171.0,src/java/org/apache/ivy/plugins/matcher/ExactOrRegexpPatternMatcher.java,0.0,0,0,0,0,0,0,0,0,0,0,0,0,0.0,0,0,0,0,0,0.0,0,0,0.0,0.0,0,0,0,0,0,0,0
2.2.0,172.0,src/java/org/apache/ivy/plugins/matcher/ExactPatternMatcher.java,0.0,0,0,0,0,0,0,0,0,0,0,0,0,0.0,0,0,0,0,0,0.0,0,0,0.0,0.0,0,0,0,0,0,0,0
2.2.0,173.0,src/java/org/apache/ivy/plugins/matcher/GlobPatternMatcher.java,0.0,0,0,0,0,0,0,0,0,0,0,0,0,0.0,0,0,0,0,0,0.0,0,0,0.0,0.0,0,0,0,0,0,0,0
2.2.0,174.0,src/java/org/apache/ivy/plugins/matcher/MapMatcher.java,0.0,0,0,0,0,0,0,0,0,0,0,0,0,0.0,0,0,0,0,0,0.0,0,0,0.0,0.0,0,0,0,0,0,0,0
2.2.0,175.0,src/java/org/apache/ivy/plugins/matcher/Matcher.java,0.0,0,0,0,0,0,0,0,0,0,0,0,0,0.0,0,0,0,0,0,0.0,0,0,0.0,0.0,0,0,0,0,0,0,0
2.2.0,176.0,src/java/org/apache/ivy/plugins/matcher/MatcherHelper.java,0.0,0,0,0,0,0,0,0,0,0,0,0,0,0.0,0,0,0,0,0,0.0,0,0,0.0,0.0,0,0,0,0,0,0,0
2.2.0,177.0,src/java/org/apache/ivy/plugins/matcher/NoMatcher.java,0.0,0,0,0,0,0,0,0,0,0,0,0,0,0.0,0,0,0,0,0,0.0,0,0,0.0,0.0,0,0,0,0,0,0,0
2.2.0,178.0,src/java/org/apache/ivy/plugins/matcher/PatternMatcher.java,0.0,0,0,0,0,0,0,0,0,0,0,0,0,0.0,0,0,0,0,0,0.0,0,0,0.0,0.0,0,0,0,0,0,0,0
2.2.0,179.0,src/java/org/apache/ivy/plugins/matcher/RegexpPatternMatcher.java,0.0,0,0,0,0,0,0,0,0,0,0,0,0,0.0,0,0,0,0,0,0.0,0,0,0.0,0.0,0,0,0,0,0,0,0
2.2.0,180.0,src/java/org/apache/ivy/plugins/namespace/MRIDRule.java,0.0,0,0,0,0,0,0,0,0,0,0,0,0,0.0,0,0,0,0,0,0.0,0,0,0.0,0.0,0,0,0,0,0,0,0
2.2.0,181.0,src/java/org/apache/ivy/plugins/namespace/MRIDTransformationRule.java,0.0,0,0,0,0,0,0,0,0,0,0,0,0,0.0,0,0,0,0,0,0.0,0,0,0.0,0.0,0,0,0,0,0,0,0
2.2.0,182.0,src/java/org/apache/ivy/plugins/namespace/Namespace.java,0.0,0,0,0,0,0,0,0,0,0,0,0,0,0.0,0,0,0,0,0,0.0,0,0,0.0,0.909090909,0,0,0,0,0,0,0
2.2.0,183.0,src/java/org/apache/ivy/plugins/namespace/NameSpaceHelper.java,0.0,0,0,0,0,0,0,0,0,0,0,0,0,0.0,0,0,0,0,0,0.0,0,0,0.0,0.0,0,0,0,0,0,0,0
2.2.0,184.0,src/java/org/apache/ivy/plugins/namespace/NamespaceRule.java,0.0,0,0,0,0,0,0,0,0,0,0,0,0,0.0,0,0,0,0,0,0.0,0,0,0.0,0.0,0,0,0,0,0,0,0
2.2.0,185.0,src/java/org/apache/ivy/plugins/namespace/NamespaceTransformer.java,0.0,0,0,0,0,0,0,0,0,0,0,0,0,0.0,0,0,0,0,0,0.0,0,0,0.0,0.0,0,0,0,0,0,0,0
2.2.0,186.0,src/java/org/apache/ivy/plugins/parser/AbstractModuleDescriptorParser.java,0.0,0,0,0,0,0,0,0,0,0,0,0,0,0.0,0,0,0,0,0,0.0,0,0,0.0,0.0,0,0,0,0,0,0,0
2.2.0,187.0,src/java/org/apache/ivy/plugins/parser/ModuleDescriptorParser.java,0.0,0,0,0,0,0,0,0,0,0,0,0,0,0.0,0,0,0,0,0,0.0,0,0,0.0,0.0,0,0,0,0,0,0,0
2.2.0,188.0,src/java/org/apache/ivy/plugins/parser/ModuleDescriptorParserRegistry.java,0.0,0,0,0,0,0,0,0,0,0,0,0,0,0.0,0,0,0,0,0,0.0,0,0,0.0,0.0,0,0,0,0,0,0,0
2.2.0,189.0,src/java/org/apache/ivy/plugins/parser/ParserSettings.java,0.0,0,0,0,0,0,0,0,0,0,0,0,0,0.0,0,0,0,0,0,0.0,0,0,0.0,0.0,0,0,0,0,0,0,0
2.2.0,190.0,src/java/org/apache/ivy/plugins/report/LogReportOutputter.java,0.0,0,0,0,0,0,0,0,0,0,0,0,0,0.0,0,0,0,0,0,0.0,0,0,0.0,0.0,0,0,0,0,0,0,0
2.2.0,191.0,src/java/org/apache/ivy/plugins/report/ReportOutputter.java,0.0,0,0,0,0,0,0,0,0,0,0,0,0,0.0,0,0,0,0,0,0.0,0,0,0.0,0.0,0,0,0,0,0,0,0
2.2.0,192.0,src/java/org/apache/ivy/plugins/report/XmlReportOutputter.java,0.0,0,0,0,0,0,0,0,0,0,0,0,0,0.0,0,0,0,0,0,0.0,0,0,0.0,0.0,0,0,0,0,0,0,0
2.2.0,193.0,src/java/org/apache/ivy/plugins/report/XmlReportParser.java,1.0,0,0,0,0,0,0,0,0,0,0,0,0,0.0,0,0,0,0,0,0.0,0,0,0.0,0.0,0,0,0,0,0,0,0
2.2.0,194.0,src/java/org/apache/ivy/plugins/report/XmlReportWriter.java,1.0,0,0,0,0,0,0,0,0,0,0,0,0,0.0,0,0,0,0,0,0.0,0,0,0.0,0.0,0,0,0,0,0,0,0
2.2.0,195.0,src/java/org/apache/ivy/plugins/repository/AbstractRepository.java,0.0,0,0,0,0,0,0,0,0,0,0,0,0,0.0,0,0,0,0,0,0.0,0,0,0.0,0.0,0,0,0,0,0,0,0
2.2.0,196.0,src/java/org/apache/ivy/plugins/repository/ArtifactResourceResolver.java,0.0,0,0,0,0,0,0,0,0,0,0,0,0,0.0,0,0,0,0,0,0.0,0,0,0.0,0.0,0,0,0,0,0,0,0
2.2.0,197.0,src/java/org/apache/ivy/plugins/repository/BasicResource.java,0.0,0,0,0,0,0,0,0,0,0,0,0,0,0.0,0,0,0,0,0,0.0,0,0,0.0,0.0,0,0,0,0,0,0,0
2.2.0,198.0,src/java/org/apache/ivy/plugins/repository/LazyResource.java,0.0,0,0,0,0,0,0,0,0,0,0,0,0,0.0,0,0,0,0,0,0.0,0,0,0.0,0.0,0,0,0,0,0,0,0
2.2.0,199.0,src/java/org/apache/ivy/plugins/repository/Repository.java,0.0,0,0,0,0,0,0,0,0,0,0,0,0,0.0,0,0,0,0,0,0.0,0,0,0.0,0.0,0,0,0,0,0,0,0
2.2.0,200.0,src/java/org/apache/ivy/plugins/repository/RepositoryCopyProgressListener.java,0.0,0,0,0,0,0,0,0,0,0,0,0,0,0.0,0,0,0,0,0,0.0,0,0,0.0,0.0,0,0,0,0,0,0,0
2.2.0,201.0,src/java/org/apache/ivy/plugins/repository/Resource.java,0.0,0,0,0,0,0,0,0,0,0,0,0,0,0.0,0,0,0,0,0,0.0,0,0,0.0,0.0,0,0,0,0,0,0,0
2.2.0,202.0,src/java/org/apache/ivy/plugins/repository/ResourceDownloader.java,0.0,0,0,0,0,0,0,0,0,0,0,0,0,0.0,0,0,0,0,0,0.0,0,0,0.0,0.0,0,0,0,0,0,0,0
2.2.0,203.0,src/java/org/apache/ivy/plugins/repository/ResourceHelper.java,0.0,0,0,0,0,0,0,0,0,0,0,0,0,0.0,0,0,0,0,0,0.0,0,0,0.0,0.0,0,0,0,0,0,0,0
2.2.0,204.0,src/java/org/apache/ivy/plugins/repository/TransferEvent.java,0.0,0,0,0,0,0,0,0,0,0,0,0,0,0.0,0,0,0,0,0,0.0,0,0,0.0,0.0,0,0,0,0,0,0,0
2.2.0,205.0,src/java/org/apache/ivy/plugins/repository/TransferListener.java,0.0,0,0,0,0,0,0,0,0,0,0,0,0,0.0,0,0,0,0,0,0.0,0,0,0.0,0.0,0,0,0,0,0,0,0
2.2.0,206.0,src/java/org/apache/ivy/plugins/resolver/AbstractPatternsBasedResolver.java,0.0,0,0,0,0,0,0,0,0,0,0,0,0,0.0,0,0,0,0,0,0.0,0,0,0.0,0.0,0,0,0,0,0,0,0
2.2.0,207.0,src/java/org/apache/ivy/plugins/resolver/AbstractResolver.java,1.0,0,0,0,0,0,0,0,0,0,0,0,0,0.0,0,0,0,0,0,0.0,0,0,0.0,0.05,0,0,0,0,0,0,0
2.2.0,208.0,src/java/org/apache/ivy/plugins/resolver/AbstractSshBasedResolver.java,0.0,0,0,0,0,0,0,0,0,0,0,0,0,0.0,0,0,0,0,0,0.0,0,0,0.0,0.0,0,0,0,0,0,0,0
2.2.0,209.0,src/java/org/apache/ivy/plugins/resolver/BasicResolver.java,0.0,0,0,0,0,0,0,0,0,0,0,0,0,0.0,0,0,0,0,0,0.0,0,0,0.0,0.076923077,0,0,0,0,0,0,0
2.2.0,210.0,src/java/org/apache/ivy/plugins/resolver/ChainResolver.java,0.0,0,0,0,0,0,0,0,0,0,0,0,0,0.0,0,0,0,0,0,0.0,0,0,0.0,0.0,0,0,0,0,0,0,0
2.2.0,211.0,src/java/org/apache/ivy/plugins/resolver/DependencyResolver.java,0.0,0,0,0,0,0,0,0,0,0,0,0,0,0.0,0,0,0,0,0,0.0,0,0,0.0,0.0,0,0,0,0,0,0,0
2.2.0,212.0,src/java/org/apache/ivy/plugins/resolver/DualResolver.java,0.0,0,0,0,0,0,0,0,0,0,0,0,0,0.0,0,0,0,0,0,0.0,0,0,0.0,0.142857143,0,0,0,0,0,0,0
2.2.0,213.0,src/java/org/apache/ivy/plugins/resolver/FileSystemResolver.java,1.0,0,0,0,0,0,0,0,0,0,0,0,0,0.0,0,0,0,0,0,0.0,0,0,0.0,0.0,0,0,0,0,0,0,0
2.2.0,214.0,src/java/org/apache/ivy/plugins/resolver/IBiblioResolver.java,0.0,0,0,0,0,0,0,0,0,0,0,0,0,0.0,0,0,0,0,0,0.0,0,0,0.0,0.307692308,0,0,0,0,0,0,0
2.2.0,215.0,src/java/org/apache/ivy/plugins/resolver/IvyRepResolver.java,0.0,0,0,0,0,0,0,0,0,0,0,0,0,0.0,0,0,0,0,0,0.0,0,0,0.0,0.482758621,0,0,0,0,0,0,0
2.2.0,216.0,src/java/org/apache/ivy/plugins/resolver/SFTPResolver.java,0.0,0,0,0,0,0,0,0,0,0,0,0,0,0.0,0,0,0,0,0,0.0,0,0,0.0,0.0,0,0,0,0,0,0,0
2.2.0,217.0,src/java/org/apache/ivy/plugins/resolver/SshResolver.java,0.0,0,0,0,0,0,0,0,0,0,0,0,0,0.0,0,0,0,0,0,0.0,0,0,0.0,0.0,0,0,0,0,0,0,0
2.2.0,218.0,src/java/org/apache/ivy/plugins/resolver/URLResolver.java,0.0,0,0,0,0,0,0,0,0,0,0,0,0,0.0,0,0,0,0,0,0.0,0,0,0.0,0.0,0,0,0,0,0,0,0
2.2.0,219.0,src/java/org/apache/ivy/plugins/resolver/VfsResolver.java,0.0,0,0,0,0,0,0,0,0,0,0,0,0,0.0,0,0,0,0,0,0.0,0,0,0.0,0.0,0,0,0,0,0,0,0
2.2.0,220.0,src/java/org/apache/ivy/plugins/resolver/VsftpResolver.java,0.0,0,0,0,0,0,0,0,0,0,0,0,0,0.0,0,0,0,0,0,0.0,0,0,0.0,0.0,0,0,0,0,0,0,0
2.2.0,221.0,src/java/org/apache/ivy/plugins/trigger/AbstractTrigger.java,0.0,0,0,0,0,0,0,0,0,0,0,0,0,0.0,0,0,0,0,0,0.0,0,0,0.0,0.0,0,0,0,0,0,0,0
2.2.0,222.0,src/java/org/apache/ivy/plugins/trigger/LogTrigger.java,0.0,0,0,0,0,0,0,0,0,0,0,0,0,0.0,0,0,0,0,0,0.0,0,0,0.0,0.0,0,0,0,0,0,0,0
2.2.0,223.0,src/java/org/apache/ivy/plugins/trigger/Trigger.java,0.0,0,0,0,0,0,0,0,0,0,0,0,0,0.0,0,0,0,0,0,0.0,0,0,0.0,0.0,0,0,0,0,0,0,0
2.2.0,224.0,src/java/org/apache/ivy/plugins/version/AbstractVersionMatcher.java,0.0,0,0,0,0,0,0,0,0,0,0,0,0,0.0,0,0,0,0,0,0.0,0,0,0.0,0.0,0,0,0,0,0,0,0
2.2.0,225.0,src/java/org/apache/ivy/plugins/version/ChainVersionMatcher.java,0.0,0,0,0,0,0,0,0,0,0,0,0,0,0.0,0,0,0,0,0,0.0,0,0,0.0,1.0,0,0,0,0,0,0,0
2.2.0,226.0,src/java/org/apache/ivy/plugins/version/ExactVersionMatcher.java,0.0,0,0,0,0,0,0,0,0,0,0,0,0,0.0,0,0,0,0,0,0.0,0,0,0.0,0.0,0,0,0,0,0,0,0
2.2.0,227.0,src/java/org/apache/ivy/plugins/version/LatestVersionMatcher.java,1.0,0,0,0,0,0,0,0,0,0,0,0,0,0.0,0,0,0,0,0,0.0,0,0,0.0,0.0,0,0,0,0,0,0,0
2.2.0,228.0,src/java/org/apache/ivy/plugins/version/Match.java,0.0,0,0,0,0,0,0,0,0,0,0,0,0,0.0,0,0,0,0,0,0.0,0,0,0.0,0.0,0,0,0,0,0,0,0
2.2.0,229.0,src/java/org/apache/ivy/plugins/version/PatternVersionMatcher.java,0.0,0,0,0,0,0,0,0,0,0,0,0,0,0.0,0,0,0,0,0,0.0,0,0,0.0,0.0,0,0,0,0,0,0,0
2.2.0,230.0,src/java/org/apache/ivy/plugins/version/SubVersionMatcher.java,0.0,0,0,0,0,0,0,0,0,0,0,0,0,0.0,0,0,0,0,0,0.0,0,0,0.0,0.0,0,0,0,0,0,0,0
2.2.0,231.0,src/java/org/apache/ivy/plugins/version/VersionMatcher.java,0.0,0,0,0,0,0,0,0,0,0,0,0,0,0.0,0,0,0,0,0,0.0,0,0,0.0,0.0,0,0,0,0,0,0,0
2.2.0,232.0,src/java/org/apache/ivy/plugins/version/VersionRangeMatcher.java,0.0,0,0,0,0,0,0,0,0,0,0,0,0,0.0,0,0,0,0,0,0.0,0,0,0.0,0.0,0,0,0,0,0,0,0
2.2.0,233.0,src/java/org/apache/ivy/tools/analyser/DependencyAnalyser.java,0.0,0,0,0,0,0,0,0,0,0,0,0,0,0.0,0,0,0,0,0,0.0,0,0,0.0,0.0,0,0,0,0,0,0,0
2.2.0,234.0,src/java/org/apache/ivy/tools/analyser/JarJarDependencyAnalyser.java,0.0,0,0,0,0,0,0,0,0,0,0,0,0,0.0,0,0,0,0,0,0.0,0,0,0.0,0.0,0,0,0,0,0,0,0
2.2.0,235.0,src/java/org/apache/ivy/tools/analyser/JarModule.java,0.0,0,0,0,0,0,0,0,0,0,0,0,0,0.0,0,0,0,0,0,0.0,0,0,0.0,0.0,0,0,0,0,0,0,0
2.2.0,236.0,src/java/org/apache/ivy/tools/analyser/JarModuleFinder.java,0.0,0,0,0,0,0,0,0,0,0,0,0,0,0.0,0,0,0,0,0,0.0,0,0,0.0,0.0,0,0,0,0,0,0,0
2.2.0,237.0,src/java/org/apache/ivy/tools/analyser/RepositoryAnalyser.java,0.0,0,0,0,0,0,0,0,0,0,0,0,0,0.0,0,0,0,0,0,0.0,0,0,0.0,0.0,0,0,0,0,0,0,0
2.2.0,238.0,src/java/org/apache/ivy/util/cli/CommandLine.java,0.0,0,0,0,0,0,0,0,0,0,0,0,0,0.0,0,0,0,0,0,0.0,0,0,0.0,0.0,0,0,0,0,0,0,0
2.2.0,239.0,src/java/org/apache/ivy/util/cli/CommandLineParser.java,0.0,0,0,0,0,0,0,0,0,0,0,0,0,0.0,0,0,0,0,0,0.0,0,0,0.0,0.0,0,0,0,0,0,0,0
2.2.0,240.0,src/java/org/apache/ivy/util/cli/Option.java,0.0,0,0,0,0,0,0,0,0,0,0,0,0,0.0,0,0,0,0,0,0.0,0,0,0.0,0.0,0,0,0,0,0,0,0
2.2.0,241.0,src/java/org/apache/ivy/util/cli/OptionBuilder.java,0.0,0,0,0,0,0,0,0,0,0,0,0,0,0.0,0,0,0,0,0,0.0,0,0,0.0,0.0,0,0,0,0,0,0,0
2.2.0,242.0,src/java/org/apache/ivy/util/cli/ParseException.java,0.0,0,0,0,0,0,0,0,0,0,0,0,0,0.0,0,0,0,0,0,0.0,0,0,0.0,0.0,0,0,0,0,0,0,0
2.2.0,243.0,src/java/org/apache/ivy/util/extendable/DefaultExtendableItem.java,0.0,0,0,0,0,0,0,0,0,0,0,0,0,0.0,0,0,0,0,0,0.0,0,0,0.0,0.0,0,0,0,0,0,0,0
2.2.0,244.0,src/java/org/apache/ivy/util/extendable/ExtendableItem.java,0.0,0,0,0,0,0,0,0,0,0,0,0,0,0.0,0,0,0,0,0,0.0,0,0,0.0,0.0,0,0,0,0,0,0,0
2.2.0,245.0,src/java/org/apache/ivy/util/extendable/ExtendableItemHelper.java,0.0,0,0,0,0,0,0,0,0,0,0,0,0,0.0,0,0,0,0,0,0.0,0,0,0.0,0.0,0,0,0,0,0,0,0
2.2.0,246.0,src/java/org/apache/ivy/util/extendable/UnmodifiableExtendableItem.java,0.0,0,0,0,0,0,0,0,0,0,0,0,0,0.0,0,0,0,0,0,0.0,0,0,0.0,0.0,0,0,0,0,0,0,0
2.2.0,247.0,src/java/org/apache/ivy/util/filter/AndFilter.java,0.0,0,0,0,0,0,0,0,0,0,0,0,0,0.0,0,0,0,0,0,0.0,0,0,0.0,0.0,0,0,0,0,0,0,0
2.2.0,248.0,src/java/org/apache/ivy/util/filter/ArtifactTypeFilter.java,0.0,0,0,0,0,0,0,0,0,0,0,0,0,0.0,0,0,0,0,0,0.0,0,0,0.0,0.0,0,0,0,0,0,0,0
2.2.0,249.0,src/java/org/apache/ivy/util/filter/Filter.java,0.0,0,0,0,0,0,0,0,0,0,0,0,0,0.0,0,0,0,0,0,0.0,0,0,0.0,0.0,0,0,0,0,0,0,0
2.2.0,250.0,src/java/org/apache/ivy/util/filter/FilterHelper.java,0.0,0,0,0,0,0,0,0,0,0,0,0,0,0.0,0,0,0,0,0,0.0,0,0,0.0,0.0,0,0,0,0,0,0,0
2.2.0,251.0,src/java/org/apache/ivy/util/filter/NoFilter.java,0.0,0,0,0,0,0,0,0,0,0,0,0,0,0.0,0,0,0,0,0,0.0,0,0,0.0,0.0,0,0,0,0,0,0,0
2.2.0,252.0,src/java/org/apache/ivy/util/filter/NotFilter.java,0.0,0,0,0,0,0,0,0,0,0,0,0,0,0.0,0,0,0,0,0,0.0,0,0,0.0,0.0,0,0,0,0,0,0,0
2.2.0,253.0,src/java/org/apache/ivy/util/filter/OrFilter.java,0.0,0,0,0,0,0,0,0,0,0,0,0,0,0.0,0,0,0,0,0,0.0,0,0,0.0,0.0,0,0,0,0,0,0,0
2.2.0,254.0,src/java/org/apache/ivy/util/url/AbstractURLHandler.java,1.0,0,0,0,0,0,0,0,0,0,0,0,0,0.0,0,0,0,0,0,0.0,0,0,0.0,0.0,0,0,0,0,0,0,0
2.2.0,255.0,src/java/org/apache/ivy/util/url/CredentialsStore.java,0.0,0,0,0,0,0,0,0,0,0,0,0,0,0.0,0,0,0,0,0,0.0,0,0,0.0,0.0,0,0,0,0,0,0,0
2.2.0,256.0,src/java/org/apache/ivy/util/url/HttpClientHandler.java,1.0,0,0,0,0,0,0,0,0,0,0,0,0,0.0,0,0,0,0,0,0.0,0,0,0.0,0.172413793,0,0,0,0,0,0,0
2.2.0,257.0,src/java/org/apache/ivy/util/url/URLHandler.java,0.0,0,0,0,0,0,0,0,0,0,0,0,0,0.0,0,0,0,0,0,0.0,0,0,0.0,0.0,0,0,0,0,0,0,0
2.2.0,258.0,src/java/org/apache/ivy/util/url/URLHandlerDispatcher.java,0.0,0,0,0,0,0,0,0,0,0,0,0,0,0.0,0,0,0,0,0,0.0,0,0,0.0,0.0,0,0,0,0,0,0,0
2.2.0,259.0,src/java/org/apache/ivy/util/url/URLHandlerRegistry.java,0.0,0,0,0,0,0,0,0,0,0,0,0,0,0.0,0,0,0,0,0,0.0,0,0,0.0,0.0,0,0,0,0,0,0,0
2.2.0,260.0,src/java/org/apache/ivy/core/event/download/DownloadEvent.java,0.0,0,0,0,0,0,0,0,0,0,0,0,0,0.0,0,0,0,0,0,0.0,0,0,0.0,0.0,0,0,0,0,0,0,0
2.2.0,261.0,src/java/org/apache/ivy/core/event/download/EndArtifactDownloadEvent.java,0.0,0,0,0,0,0,0,0,0,0,0,0,0,0.0,0,0,0,0,0,0.0,0,0,0.0,0.0,0,0,0,0,0,0,0
2.2.0,262.0,src/java/org/apache/ivy/core/event/download/NeedArtifactEvent.java,0.0,0,0,0,0,0,0,0,0,0,0,0,0,0.0,0,0,0,0,0,0.0,0,0,0.0,0.0,0,0,0,0,0,0,0
2.2.0,263.0,src/java/org/apache/ivy/core/event/download/PrepareDownloadEvent.java,0.0,0,0,0,0,0,0,0,0,0,0,0,0,0.0,0,0,0,0,0,0.0,0,0,0.0,0.0,0,0,0,0,0,0,0
2.2.0,264.0,src/java/org/apache/ivy/core/event/download/StartArtifactDownloadEvent.java,0.0,0,0,0,0,0,0,0,0,0,0,0,0,0.0,0,0,0,0,0,0.0,0,0,0.0,0.0,0,0,0,0,0,0,0
2.2.0,265.0,src/java/org/apache/ivy/core/event/publish/EndArtifactPublishEvent.java,0.0,0,0,0,0,0,0,0,0,0,0,0,0,0.0,0,0,0,0,0,0.0,0,0,0.0,0.0,0,0,0,0,0,0,0
2.2.0,266.0,src/java/org/apache/ivy/core/event/publish/PublishEvent.java,0.0,0,0,0,0,0,0,0,0,0,0,0,0,0.0,0,0,0,0,0,0.0,0,0,0.0,0.0,0,0,0,0,0,0,0
2.2.0,267.0,src/java/org/apache/ivy/core/event/publish/StartArtifactPublishEvent.java,0.0,0,0,0,0,0,0,0,0,0,0,0,0,0.0,0,0,0,0,0,0.0,0,0,0.0,0.0,0,0,0,0,0,0,0
2.2.0,268.0,src/java/org/apache/ivy/core/event/resolve/EndResolveDependencyEvent.java,0.0,0,0,0,0,0,0,0,0,0,0,0,0,0.0,0,0,0,0,0,0.0,0,0,0.0,0.0,0,0,0,0,0,0,0
2.2.0,269.0,src/java/org/apache/ivy/core/event/resolve/EndResolveEvent.java,0.0,0,0,0,0,0,0,0,0,0,0,0,0,0.0,0,0,0,0,0,0.0,0,0,0.0,0.0,0,0,0,0,0,0,0
2.2.0,270.0,src/java/org/apache/ivy/core/event/resolve/ResolveDependencyEvent.java,0.0,0,0,0,0,0,0,0,0,0,0,0,0,0.0,0,0,0,0,0,0.0,0,0,0.0,0.0,0,0,0,0,0,0,0
2.2.0,271.0,src/java/org/apache/ivy/core/event/resolve/ResolveEvent.java,0.0,0,0,0,0,0,0,0,0,0,0,0,0,0.0,0,0,0,0,0,0.0,0,0,0.0,0.0,0,0,0,0,0,0,0
2.2.0,272.0,src/java/org/apache/ivy/core/event/resolve/StartResolveDependencyEvent.java,0.0,0,0,0,0,0,0,0,0,0,0,0,0,0.0,0,0,0,0,0,0.0,0,0,0.0,0.0,0,0,0,0,0,0,0
2.2.0,273.0,src/java/org/apache/ivy/core/event/resolve/StartResolveEvent.java,0.0,0,0,0,0,0,0,0,0,0,0,0,0,0.0,0,0,0,0,0,0.0,0,0,0.0,0.0,0,0,0,0,0,0,0
2.2.0,274.0,src/java/org/apache/ivy/core/event/retrieve/EndRetrieveArtifactEvent.java,0.0,0,0,0,0,0,0,0,0,0,0,0,0,0.0,0,0,0,0,0,0.0,0,0,0.0,0.0,0,0,0,0,0,0,0
2.2.0,275.0,src/java/org/apache/ivy/core/event/retrieve/EndRetrieveEvent.java,0.0,0,0,0,0,0,0,0,0,0,0,0,0,0.0,0,0,0,0,0,0.0,0,0,0.0,0.0,0,0,0,0,0,0,0
2.2.0,276.0,src/java/org/apache/ivy/core/event/retrieve/RetrieveArtifactEvent.java,0.0,0,0,0,0,0,0,0,0,0,0,0,0,0.0,0,0,0,0,0,0.0,0,0,0.0,0.0,0,0,0,0,0,0,0
2.2.0,277.0,src/java/org/apache/ivy/core/event/retrieve/RetrieveEvent.java,0.0,0,0,0,0,0,0,0,0,0,0,0,0,0.0,0,0,0,0,0,0.0,0,0,0.0,0.0,0,0,0,0,0,0,0
2.2.0,278.0,src/java/org/apache/ivy/core/event/retrieve/StartRetrieveArtifactEvent.java,0.0,0,0,0,0,0,0,0,0,0,0,0,0,0.0,0,0,0,0,0,0.0,0,0,0.0,0.0,0,0,0,0,0,0,0
2.2.0,279.0,src/java/org/apache/ivy/core/event/retrieve/StartRetrieveEvent.java,0.0,0,0,0,0,0,0,0,0,0,0,0,0,0.0,0,0,0,0,0,0.0,0,0,0.0,0.0,0,0,0,0,0,0,0
2.2.0,280.0,src/java/org/apache/ivy/core/module/descriptor/AbstractArtifact.java,0.0,0,0,0,0,0,0,0,0,0,0,0,0,0.0,0,0,0,0,0,0.0,0,0,0.0,0.0,0,0,0,0,0,0,0
2.2.0,281.0,src/java/org/apache/ivy/core/module/descriptor/AbstractIncludeExcludeRule.java,0.0,0,0,0,0,0,0,0,0,0,0,0,0,0.0,0,0,0,0,0,0.0,0,0,0.0,0.0,0,0,0,0,0,0,0
2.2.0,282.0,src/java/org/apache/ivy/core/module/descriptor/Artifact.java,0.0,0,0,0,0,0,0,0,0,0,0,0,0,0.0,0,0,0,0,0,0.0,0,0,0.0,0.0,0,0,0,0,0,0,0
2.2.0,283.0,src/java/org/apache/ivy/core/module/descriptor/Configuration.java,0.0,0,0,0,0,0,0,0,0,0,0,0,0,0.0,0,0,0,0,0,0.0,0,0,0.0,0.0,0,0,0,0,0,0,0
2.2.0,284.0,src/java/org/apache/ivy/core/module/descriptor/ConfigurationAware.java,0.0,0,0,0,0,0,0,0,0,0,0,0,0,0.0,0,0,0,0,0,0.0,0,0,0.0,0.0,0,0,0,0,0,0,0
2.2.0,285.0,src/java/org/apache/ivy/core/module/descriptor/ConfigurationGroup.java,0.0,0,0,0,0,0,0,0,0,0,0,0,0,0.0,0,0,0,0,0,0.0,0,0,0.0,0.0,0,0,0,0,0,0,0
2.2.0,286.0,src/java/org/apache/ivy/core/module/descriptor/ConfigurationIntersection.java,0.0,0,0,0,0,0,0,0,0,0,0,0,0,0.0,0,0,0,0,0,0.0,0,0,0.0,0.0,0,0,0,0,0,0,0
2.2.0,287.0,src/java/org/apache/ivy/core/module/descriptor/DefaultArtifact.java,0.0,0,0,0,0,0,0,0,0,0,0,0,0,0.0,0,0,0,0,0,0.0,0,0,0.0,0.0,0,0,0,0,0,0,0
2.2.0,288.0,src/java/org/apache/ivy/core/module/descriptor/DefaultDependencyArtifactDescriptor.java,0.0,0,0,0,0,0,0,0,0,0,0,0,0,0.0,0,0,0,0,0,0.0,0,0,0.0,0.0,0,0,0,0,0,0,0
2.2.0,289.0,src/java/org/apache/ivy/core/module/descriptor/DefaultDependencyDescriptor.java,0.0,0,0,0,0,0,0,0,0,0,0,0,0,0.0,0,0,0,0,0,0.0,0,0,0.0,0.071428571,0,0,0,0,0,0,0
2.2.0,290.0,src/java/org/apache/ivy/core/module/descriptor/DefaultExcludeRule.java,0.0,0,0,0,0,0,0,0,0,0,0,0,0,0.0,0,0,0,0,0,0.0,0,0,0.0,0.0,0,0,0,0,0,0,0
2.2.0,291.0,src/java/org/apache/ivy/core/module/descriptor/DefaultExtendsDescriptor.java,0.0,0,0,0,0,0,0,0,0,0,0,0,0,0.0,0,0,0,0,0,0.0,0,0,0.0,0.0,0,0,0,0,0,0,0
2.2.0,292.0,src/java/org/apache/ivy/core/module/descriptor/DefaultIncludeRule.java,0.0,0,0,0,0,0,0,0,0,0,0,0,0,0.0,0,0,0,0,0,0.0,0,0,0.0,0.0,0,0,0,0,0,0,0
2.2.0,293.0,src/java/org/apache/ivy/core/module/descriptor/DefaultModuleDescriptor.java,0.0,0,0,0,0,0,0,0,0,0,0,0,0,0.0,0,0,0,0,0,0.0,0,0,0.0,0.090909091,0,0,0,0,0,0,0
2.2.0,294.0,src/java/org/apache/ivy/core/module/descriptor/DependencyArtifactDescriptor.java,0.0,0,0,0,0,0,0,0,0,0,0,0,0,0.0,0,0,0,0,0,0.0,0,0,0.0,0.0,0,0,0,0,0,0,0
2.2.0,295.0,src/java/org/apache/ivy/core/module/descriptor/DependencyDescriptor.java,0.0,0,0,0,0,0,0,0,0,0,0,0,0,0.0,0,0,0,0,0,0.0,0,0,0.0,0.0,0,0,0,0,0,0,0
2.2.0,296.0,src/java/org/apache/ivy/core/module/descriptor/DependencyDescriptorMediator.java,0.0,0,0,0,0,0,0,0,0,0,0,0,0,0.0,0,0,0,0,0,0.0,0,0,0.0,0.0,0,0,0,0,0,0,0
2.2.0,297.0,src/java/org/apache/ivy/core/module/descriptor/ExcludeRule.java,0.0,0,0,0,0,0,0,0,0,0,0,0,0,0.0,0,0,0,0,0,0.0,0,0,0.0,0.0,0,0,0,0,0,0,0
2.2.0,298.0,src/java/org/apache/ivy/core/module/descriptor/ExtendsDescriptor.java,0.0,0,0,0,0,0,0,0,0,0,0,0,0,0.0,0,0,0,0,0,0.0,0,0,0.0,0.0,0,0,0,0,0,0,0
2.2.0,299.0,src/java/org/apache/ivy/core/module/descriptor/IncludeRule.java,0.0,0,0,0,0,0,0,0,0,0,0,0,0,0.0,0,0,0,0,0,0.0,0,0,0.0,0.0,0,0,0,0,0,0,0
2.2.0,300.0,src/java/org/apache/ivy/core/module/descriptor/InheritableItem.java,0.0,0,0,0,0,0,0,0,0,0,0,0,0,0.0,0,0,0,0,0,0.0,0,0,0.0,0.0,0,0,0,0,0,0,0
2.2.0,301.0,src/java/org/apache/ivy/core/module/descriptor/License.java,0.0,0,0,0,0,0,0,0,0,0,0,0,0,0.0,0,0,0,0,0,0.0,0,0,0.0,0.0,0,0,0,0,0,0,0
2.2.0,302.0,src/java/org/apache/ivy/core/module/descriptor/MDArtifact.java,0.0,0,0,0,0,0,0,0,0,0,0,0,0,0.0,0,0,0,0,0,0.0,0,0,0.0,0.571428571,0,0,0,0,0,0,0
2.2.0,303.0,src/java/org/apache/ivy/core/module/descriptor/ModuleDescriptor.java,0.0,0,0,0,0,0,0,0,0,0,0,0,0,0.0,0,0,0,0,0,0.0,0,0,0.0,0.0,0,0,0,0,0,0,0
2.2.0,304.0,src/java/org/apache/ivy/core/module/descriptor/OverrideDependencyDescriptorMediator.java,0.0,0,0,0,0,0,0,0,0,0,0,0,0,0.0,0,0,0,0,0,0.0,0,0,0.0,0.0,0,0,0,0,0,0,0
2.2.0,305.0,src/java/org/apache/ivy/core/module/id/ArtifactId.java,0.0,0,0,0,0,0,0,0,0,0,0,0,0,0.0,0,0,0,0,0,0.0,0,0,0.0,0.0,0,0,0,0,0,0,0
2.2.0,306.0,src/java/org/apache/ivy/core/module/id/ArtifactRevisionId.java,0.0,0,0,0,0,0,0,0,0,0,0,0,0,0.0,0,0,0,0,0,0.0,0,0,0.0,0.0,0,0,0,0,0,0,0
2.2.0,307.0,src/java/org/apache/ivy/core/module/id/ModuleId.java,1.0,0,0,0,0,0,0,0,0,0,0,0,0,0.0,0,0,0,0,0,0.0,0,0,0.0,0.0,0,0,0,0,0,0,0
2.2.0,308.0,src/java/org/apache/ivy/core/module/id/ModuleRevisionId.java,0.0,0,0,0,0,0,0,0,0,0,0,0,0,0.0,0,0,0,0,0,0.0,0,0,0.0,0.0,0,0,0,0,0,0,0
2.2.0,309.0,src/java/org/apache/ivy/core/module/id/ModuleRules.java,0.0,0,0,0,0,0,0,0,0,0,0,0,0,0.0,0,0,0,0,0,0.0,0,0,0.0,0.0,0,0,0,0,0,0,0
2.2.0,310.0,src/java/org/apache/ivy/core/module/status/Status.java,0.0,0,0,0,0,0,0,0,0,0,0,0,0,0.0,0,0,0,0,0,0.0,0,0,0.0,0.0,0,0,0,0,0,0,0
2.2.0,311.0,src/java/org/apache/ivy/core/module/status/StatusManager.java,0.0,0,0,0,0,0,0,0,0,0,0,0,0,0.0,0,0,0,0,0,0.0,0,0,0.0,0.0,0,0,0,0,0,0,0
2.2.0,312.0,src/java/org/apache/ivy/plugins/parser/m2/DefaultPomDependencyMgt.java,0.0,0,0,0,0,0,0,0,0,0,0,0,0,0.0,0,0,0,0,0,0.0,0,0,0.0,0.0,0,0,0,0,0,0,0
2.2.0,313.0,src/java/org/apache/ivy/plugins/parser/m2/PomDependencyMgt.java,0.0,0,0,0,0,0,0,0,0,0,0,0,0,0.0,0,0,0,0,0,0.0,0,0,0.0,0.0,0,0,0,0,0,0,0
2.2.0,314.0,src/java/org/apache/ivy/plugins/parser/m2/PomModuleDescriptorParser.java,1.0,0,0,0,0,0,0,0,0,0,0,0,0,0.0,0,0,0,0,0,0.0,0,0,0.0,0.0,0,0,0,0,0,0,0
2.2.0,315.0,src/java/org/apache/ivy/plugins/parser/m2/PomReader.java,1.0,0,0,0,0,0,0,0,0,0,0,0,0,0.0,0,0,0,0,0,0.0,0,0,0.0,0.454545455,0,0,0,0,0,0,0
2.2.0,316.0,src/java/org/apache/ivy/plugins/parser/xml/UpdateOptions.java,0.0,0,0,0,0,0,0,0,0,0,0,0,0,0.0,0,0,0,0,0,0.0,0,0,0.0,0.0,0,0,0,0,0,0,0
2.2.0,317.0,src/java/org/apache/ivy/plugins/parser/xml/XmlModuleDescriptorUpdater.java,1.0,0,0,0,0,0,0,0,0,0,0,0,0,0.0,0,0,0,0,0,0.0,0,0,0.0,0.288135593,0,0,0,0,0,0,0
2.2.0,318.0,src/java/org/apache/ivy/plugins/repository/file/FileRepository.java,0.0,0,0,0,0,0,0,0,0,0,0,0,0,0.0,0,0,0,0,0,0.0,0,0,0.0,0.0,0,0,0,0,0,0,0
2.2.0,319.0,src/java/org/apache/ivy/plugins/repository/file/FileResource.java,0.0,0,0,0,0,0,0,0,0,0,0,0,0,0.0,0,0,0,0,0,0.0,0,0,0.0,0.0,0,0,0,0,0,0,0
2.2.0,320.0,src/java/org/apache/ivy/plugins/repository/sftp/SFTPRepository.java,0.0,0,0,0,0,0,0,0,0,0,0,0,0,0.0,0,0,0,0,0,0.0,0,0,0.0,0.666666667,0,0,0,0,0,0,0
2.2.0,321.0,src/java/org/apache/ivy/plugins/repository/sftp/SFTPResource.java,0.0,0,0,0,0,0,0,0,0,0,0,0,0,0.0,0,0,0,0,0,0.0,0,0,0.0,0.0,0,0,0,0,0,0,0
2.2.0,322.0,src/java/org/apache/ivy/plugins/repository/ssh/AbstractSshBasedRepository.java,0.0,0,0,0,0,0,0,0,0,0,0,0,0,0.0,0,0,0,0,0,0.0,0,0,0.0,0.0,0,0,0,0,0,0,0
2.2.0,323.0,src/java/org/apache/ivy/plugins/repository/ssh/RemoteScpException.java,0.0,0,0,0,0,0,0,0,0,0,0,0,0,0.0,0,0,0,0,0,0.0,0,0,0.0,0.0,0,0,0,0,0,0,0
2.2.0,324.0,src/java/org/apache/ivy/plugins/repository/ssh/Scp.java,0.0,0,0,0,0,0,0,0,0,0,0,0,0,0.0,0,0,0,0,0,0.0,0,0,0.0,0.0,0,0,0,0,0,0,0
2.2.0,325.0,src/java/org/apache/ivy/plugins/repository/ssh/SshCache.java,0.0,0,0,0,0,0,0,0,0,0,0,0,0,0.0,0,0,0,0,0,0.0,0,0,0.0,0.0,0,0,0,0,0,0,0
2.2.0,326.0,src/java/org/apache/ivy/plugins/repository/ssh/SshRepository.java,0.0,0,0,0,0,0,0,0,0,0,0,0,0,0.0,0,0,0,0,0,0.0,0,0,0.0,0.0,0,0,0,0,0,0,0
2.2.0,327.0,src/java/org/apache/ivy/plugins/repository/ssh/SshResource.java,0.0,0,0,0,0,0,0,0,0,0,0,0,0,0.0,0,0,0,0,0,0.0,0,0,0.0,0.0,0,0,0,0,0,0,0
2.2.0,328.0,src/java/org/apache/ivy/plugins/repository/url/URLRepository.java,1.0,0,0,0,0,0,0,0,0,0,0,0,0,0.0,0,0,0,0,0,0.0,0,0,0.0,0.0,0,0,0,0,0,0,0
2.2.0,329.0,src/java/org/apache/ivy/plugins/repository/url/URLResource.java,0.0,0,0,0,0,0,0,0,0,0,0,0,0,0.0,0,0,0,0,0,0.0,0,0,0.0,0.0,0,0,0,0,0,0,0
2.2.0,330.0,src/java/org/apache/ivy/plugins/repository/vfs/VfsRepository.java,0.0,0,0,0,0,0,0,0,0,0,0,0,0,0.0,0,0,0,0,0,0.0,0,0,0.0,0.0,0,0,0,0,0,0,0
2.2.0,331.0,src/java/org/apache/ivy/plugins/repository/vfs/VfsResource.java,0.0,0,0,0,0,0,0,0,0,0,0,0,0,0.0,0,0,0,0,0,0.0,0,0,0.0,0.0,0,0,0,0,0,0,0
2.2.0,332.0,src/java/org/apache/ivy/plugins/repository/vsftp/VsftpRepository.java,0.0,0,0,0,0,0,0,0,0,0,0,0,0,0.0,0,0,0,0,0,0.0,0,0,0.0,0.125,0,0,0,0,0,0,0
2.2.0,333.0,src/java/org/apache/ivy/plugins/repository/vsftp/VsftpResource.java,0.0,0,0,0,0,0,0,0,0,0,0,0,0,0.0,0,0,0,0,0,0.0,0,0,0.0,0.0,0,0,0,0,0,0,0
2.2.0,334.0,src/java/org/apache/ivy/plugins/resolver/packager/BuiltFileResource.java,0.0,0,0,0,0,0,0,0,0,0,0,0,0,0.0,0,0,0,0,0,0.0,0,0,0.0,0.0,0,0,0,0,0,0,0
2.2.0,335.0,src/java/org/apache/ivy/plugins/resolver/packager/PackagerCacheEntry.java,0.0,0,0,0,0,0,0,0,0,0,0,0,0,0.0,0,0,0,0,0,0.0,0,0,0.0,0.0,0,0,0,0,0,0,0
2.2.0,336.0,src/java/org/apache/ivy/plugins/resolver/packager/PackagerResolver.java,0.0,0,0,0,0,0,0,0,0,0,0,0,0,0.0,0,0,0,0,0,0.0,0,0,0.0,0.0,0,0,0,0,0,0,0
2.2.0,337.0,src/java/org/apache/ivy/plugins/resolver/util/ApacheHttpURLLister.java,0.0,0,0,0,0,0,0,0,0,0,0,0,0,0.0,0,0,0,0,0,0.0,0,0,0.0,0.0,0,0,0,0,0,0,0
2.2.0,338.0,src/java/org/apache/ivy/plugins/resolver/util/FileURLLister.java,0.0,0,0,0,0,0,0,0,0,0,0,0,0,0.0,0,0,0,0,0,0.0,0,0,0.0,0.0,0,0,0,0,0,0,0
2.2.0,339.0,src/java/org/apache/ivy/plugins/resolver/util/HasLatestStrategy.java,0.0,0,0,0,0,0,0,0,0,0,0,0,0,0.0,0,0,0,0,0,0.0,0,0,0.0,0.0,0,0,0,0,0,0,0
2.2.0,340.0,src/java/org/apache/ivy/plugins/resolver/util/MDResolvedResource.java,0.0,0,0,0,0,0,0,0,0,0,0,0,0,0.0,0,0,0,0,0,0.0,0,0,0.0,0.0,0,0,0,0,0,0,0
2.2.0,341.0,src/java/org/apache/ivy/plugins/resolver/util/ResolvedResource.java,0.0,0,0,0,0,0,0,0,0,0,0,0,0,0.0,0,0,0,0,0,0.0,0,0,0.0,0.0,0,0,0,0,0,0,0
2.2.0,342.0,src/java/org/apache/ivy/plugins/resolver/util/ResolverHelper.java,1.0,0,0,0,0,0,0,0,0,0,0,0,0,0.0,0,0,0,0,0,0.0,0,0,0.0,0.0,0,0,0,0,0,0,0
2.2.0,343.0,src/java/org/apache/ivy/plugins/resolver/util/ResourceMDParser.java,0.0,0,0,0,0,0,0,0,0,0,0,0,0,0.0,0,0,0,0,0,0.0,0,0,0.0,0.0,0,0,0,0,0,0,0
2.2.0,344.0,src/java/org/apache/ivy/plugins/resolver/util/URLLister.java,0.0,0,0,0,0,0,0,0,0,0,0,0,0,0.0,0,0,0,0,0,0.0,0,0,0.0,0.0,0,0,0,0,0,0,0
2.2.0,345.0,src/java/org/apache/ivy/plugins/resolver/CacheResolver.java,0.0,0,0,0,0,0,0,0,0,0,0,0,0,0.0,0,0,0,0,0,0.0,0,0,0.0,0.0,0,0,0,0,0,0,0
2.2.0,346.0,src/java/org/apache/ivy/plugins/parser/m2/PomModuleDescriptorBuilder.java,1.0,0,0,0,0,0,0,0,0,0,0,0,0,0.0,0,0,0,0,0,0.0,0,0,0.0,0.0,0,0,0,0,0,0,0
2.2.0,347.0,src/java/org/apache/ivy/plugins/parser/xml/XmlModuleDescriptorWriter.java,1.0,0,0,0,0,0,0,0,0,0,0,0,0,0.0,0,0,0,0,0,0.0,0,0,0.0,3.055555556,0,0,0,0,0,0,0
2.2.0,348.0,src/java/org/apache/ivy/core/settings/IvySettings.java,1.0,0,0,0,0,0,0,0,0,0,0,0,0,0.0,0,0,0,0,0,0.0,0,0,0.0,0.023529412,0,0,0,0,0,0,0
2.2.0,349.0,src/java/org/apache/ivy/core/settings/XmlSettingsParser.java,0.0,0,0,0,0,0,0,0,0,0,0,0,0,0.0,0,0,0,0,0,0.0,0,0,0.0,0.357142857,0,0,0,0,0,0,0
2.2.0,350.0,src/java/org/apache/ivy/plugins/resolver/RepositoryResolver.java,0.0,0,0,0,0,0,0,0,0,0,0,0,0,0.0,0,0,0,0,0,0.0,0,0,0.0,0.0,0,0,0,0,0,0,0
2.2.0,351.0,src/java/org/apache/ivy/plugins/resolver/ResolverSettings.java,0.0,0,0,0,0,0,0,0,0,0,0,0,0,0.0,0,0,0,0,0,0.0,0,0,0.0,0.0,0,0,0,0,0,0,0
2.2.0,352.0,src/java/org/apache/ivy/plugins/signer/SignatureGenerator.java,0.0,0,0,0,0,0,0,0,0,0,0,0,0,0.0,0,0,0,0,0,0.0,0,0,0.0,0.0,0,0,0,0,0,0,0
2.2.0,353.0,src/java/org/apache/ivy/plugins/signer/bouncycastle/OpenPGPSignatureGenerator.java,0.0,0,0,0,0,0,0,0,0,0,0,0,0,0.0,0,0,0,0,0,0.0,0,0,0.0,0.625,0,0,0,0,0,0,0
2.2.0,354.0,src/java/org/apache/ivy/util/url/BasicURLHandler.java,1.0,0,0,0,0,0,0,0,0,0,0,0,0,0.0,0,0,0,0,0,0.0,0,0,0.0,1.222222222,0,0,0,0,0,0,0
2.2.0,355.0,src/java/org/apache/ivy/util/url/IvyAuthenticator.java,1.0,0,0,0,0,0,0,0,0,0,0,0,0,0.0,0,0,0,0,0,0.0,0,0,0.0,0.0,0,0,0,0,0,0,0
2.2.0,356.0,src/java/org/apache/ivy/plugins/parser/m2/PomModuleDescriptorWriter.java,0.0,0,0,0,0,0,0,0,0,0,0,0,0,0.0,0,0,0,0,0,0.0,0,0,0.0,0.0,0,0,0,0,0,0,0
2.2.0,357.0,src/java/org/apache/ivy/plugins/parser/xml/XmlModuleDescriptorParser.java,1.0,0,0,0,0,0,0,0,0,0,0,0,0,0.0,0,0,0,0,0,0.0,0,0,0.0,0.081081081,0,0,0,0,0,0,0
2.2.0,358.0,src/java/org/apache/ivy/ant/IvyArtifactReport.java,0.0,0,0,0,0,0,0,0,0,0,0,0,0,0.0,0,0,0,0,0,0.0,0,0,0.0,0.0,0,0,0,0,0,0,0
2.2.0,359.0,src/java/org/apache/ivy/util/url/ApacheURLLister.java,0.0,0,0,0,0,0,0,0,0,0,0,0,0,0.0,0,0,0,0,0,0.0,0,0,0.0,0.0,0,0,0,0,0,0,0
2.2.0,360.0,src/java/org/apache/ivy/ant/IvyPublish.java,1.0,0,0,0,0,0,0,0,0,0,0,0,0,0.0,0,0,0,0,0,0.0,0,0,0.0,0.166666667,0,0,0,0,0,0,0
2.2.0,361.0,src/java/org/apache/ivy/ant/IvyMakePom.java,0.0,0,0,0,0,0,0,0,0,0,0,0,0,0.0,0,0,0,0,0,0.0,0,0,0.0,0.105263158,0,0,0,0,0,0,0
2.2.0,362.0,src/java/org/apache/ivy/plugins/parser/m2/PomWriterOptions.java,0.0,0,0,0,0,0,0,0,0,0,0,0,0,0.0,0,0,0,0,0,0.0,0,0,0.0,0.0,0,0,0,0,0,0,0
2.3.0,0.0,src/java/org/apache/ivy/Ivy.java,0.0,0,0,0,0,0,0,0,0,0,0,0,0,0.0,0,0,0,0,0,0.0,0,0,0.0,0.053333333,0,0,0,0,0,0,0
2.3.0,1.0,src/java/org/apache/ivy/Ivy14.java,0.0,0,0,0,0,0,0,0,0,0,0,0,0,0.0,0,0,0,0,0,0.0,0,0,0.0,0.0,0,0,0,0,0,0,0
2.3.0,2.0,src/java/org/apache/ivy/Main.java,0.0,0,0,0,0,0,0,0,0,0,0,0,0,0.0,0,0,0,0,0,0.0,0,0,0.0,0.333333333,0,0,0,0,0,0,0
2.3.0,3.0,src/java/org/apache/ivy/ant/AddPathTask.java,0.0,0,0,0,0,0,0,0,0,0,0,0,0,0.0,0,0,0,0,0,0.0,0,0,0.0,0.0,0,0,0,0,0,0,0
2.3.0,4.0,src/java/org/apache/ivy/ant/AntBuildTrigger.java,0.0,0,0,0,0,0,0,0,0,0,0,0,0,0.0,0,0,0,0,0,0.0,0,0,0.0,0.0,0,0,0,0,0,0,0
2.3.0,5.0,src/java/org/apache/ivy/ant/AntCallTrigger.java,0.0,0,0,0,0,0,0,0,0,0,0,0,0,0.0,0,0,0,0,0,0.0,0,0,0.0,0.0,0,0,0,0,0,0,0
2.3.0,6.0,src/java/org/apache/ivy/ant/AntMessageLogger.java,0.0,0,0,0,0,0,0,0,0,0,0,0,0,0.0,0,0,0,0,0,0.0,0,0,0.0,0.0,0,0,0,0,0,0,0
2.3.0,7.0,src/java/org/apache/ivy/ant/BuildBundleRepoDescriptorTask.java,0.0,0,0,0,0,0,0,0,0,0,0,0,0,0.0,0,0,0,0,0,0.0,0,0,0.0,0.0,0,0,0,0,0,0,0
2.3.0,8.0,src/java/org/apache/ivy/ant/ConvertManifestTask.java,0.0,0,0,0,0,0,0,0,0,0,0,0,0,0.0,0,0,0,0,0,0.0,0,0,0.0,0.0,0,0,0,0,0,0,0
2.3.0,9.0,src/java/org/apache/ivy/ant/IvyAntSettings.java,0.0,0,0,0,0,0,0,0,0,0,0,0,0,0.0,0,0,0,0,0,0.0,0,0,0.0,0.0,0,0,0,0,0,0,0
2.3.0,10.0,src/java/org/apache/ivy/ant/IvyAntVariableContainer.java,0.0,0,0,0,0,0,0,0,0,0,0,0,0,0.0,0,0,0,0,0,0.0,0,0,0.0,0.0,0,0,0,0,0,0,0
2.3.0,11.0,src/java/org/apache/ivy/ant/IvyArtifactProperty.java,0.0,0,0,0,0,0,0,0,0,0,0,0,0,0.0,0,0,0,0,0,0.0,0,0,0.0,0.0,0,0,0,0,0,0,0
2.3.0,12.0,src/java/org/apache/ivy/ant/IvyArtifactReport.java,0.0,0,0,0,0,0,0,0,0,0,0,0,0,0.0,0,0,0,0,0,0.0,0,0,0.0,0.0,0,0,0,0,0,0,0
2.3.0,13.0,src/java/org/apache/ivy/ant/IvyBuildList.java,0.0,0,0,0,0,0,0,0,0,0,0,0,0,0.0,0,0,0,0,0,0.0,0,0,0.0,0.0,0,0,0,0,0,0,0
2.3.0,14.0,src/java/org/apache/ivy/ant/IvyBuildNumber.java,0.0,0,0,0,0,0,0,0,0,0,0,0,0,0.0,0,0,0,0,0,0.0,0,0,0.0,0.25,0,0,0,0,0,0,0
2.3.0,15.0,src/java/org/apache/ivy/ant/IvyCacheFileset.java,0.0,0,0,0,0,0,0,0,0,0,0,0,0,0.0,0,0,0,0,0,0.0,0,0,0.0,0.133333333,0,0,0,0,0,0,0
2.3.0,16.0,src/java/org/apache/ivy/ant/IvyCachePath.java,0.0,0,0,0,0,0,0,0,0,0,0,0,0,0.0,0,0,0,0,0,0.0,0,0,0.0,0.0,0,0,0,0,0,0,0
2.3.0,17.0,src/java/org/apache/ivy/ant/IvyCacheTask.java,0.0,0,0,0,0,0,0,0,0,0,0,0,0,0.0,0,0,0,0,0,0.0,0,0,0.0,0.0,0,0,0,0,0,0,0
2.3.0,18.0,src/java/org/apache/ivy/ant/IvyCheck.java,0.0,0,0,0,0,0,0,0,0,0,0,0,0,0.0,0,0,0,0,0,0.0,0,0,0.0,0.0,0,0,0,0,0,0,0
2.3.0,19.0,src/java/org/apache/ivy/ant/IvyCleanCache.java,0.0,0,0,0,0,0,0,0,0,0,0,0,0,0.0,0,0,0,0,0,0.0,0,0,0.0,0.0,0,0,0,0,0,0,0
2.3.0,20.0,src/java/org/apache/ivy/ant/IvyConfigure.java,0.0,0,0,0,0,0,0,0,0,0,0,0,0,0.0,0,0,0,0,0,0.0,0,0,0.0,0.0,0,0,0,0,0,0,0
2.3.0,21.0,src/java/org/apache/ivy/ant/IvyConflict.java,0.0,0,0,0,0,0,0,0,0,0,0,0,0,0.0,0,0,0,0,0,0.0,0,0,0.0,0.0,0,0,0,0,0,0,0
2.3.0,22.0,src/java/org/apache/ivy/ant/IvyConvertPom.java,0.0,0,0,0,0,0,0,0,0,0,0,0,0,0.0,0,0,0,0,0,0.0,0,0,0.0,0.8,0,0,0,0,0,0,0
2.3.0,23.0,src/java/org/apache/ivy/ant/IvyDeliver.java,0.0,0,0,0,0,0,0,0,0,0,0,0,0,0.0,0,0,0,0,0,0.0,0,0,0.0,0.194444444,0,0,0,0,0,0,0
2.3.0,24.0,src/java/org/apache/ivy/ant/IvyDependency.java,0.0,0,0,0,0,0,0,0,0,0,0,0,0,0.0,0,0,0,0,0,0.0,0,0,0.0,0.0,0,0,0,0,0,0,0
2.3.0,25.0,src/java/org/apache/ivy/ant/IvyDependencyArtifact.java,0.0,0,0,0,0,0,0,0,0,0,0,0,0,0.0,0,0,0,0,0,0.0,0,0,0.0,0.0,0,0,0,0,0,0,0
2.3.0,26.0,src/java/org/apache/ivy/ant/IvyDependencyConf.java,0.0,0,0,0,0,0,0,0,0,0,0,0,0,0.0,0,0,0,0,0,0.0,0,0,0.0,0.0,0,0,0,0,0,0,0
2.3.0,27.0,src/java/org/apache/ivy/ant/IvyDependencyExclude.java,0.0,0,0,0,0,0,0,0,0,0,0,0,0,0.0,0,0,0,0,0,0.0,0,0,0.0,1.0,0,0,0,0,0,0,0
2.3.0,28.0,src/java/org/apache/ivy/ant/IvyDependencyInclude.java,0.0,0,0,0,0,0,0,0,0,0,0,0,0,0.0,0,0,0,0,0,0.0,0,0,0.0,0.0,0,0,0,0,0,0,0
2.3.0,29.0,src/java/org/apache/ivy/ant/IvyExclude.java,0.0,0,0,0,0,0,0,0,0,0,0,0,0,0.0,0,0,0,0,0,0.0,0,0,0.0,1.0,0,0,0,0,0,0,0
2.3.0,30.0,src/java/org/apache/ivy/ant/IvyExtractFromSources.java,0.0,0,0,0,0,0,0,0,0,0,0,0,0,0.0,0,0,0,0,0,0.0,0,0,0.0,0.0,0,0,0,0,0,0,0
2.3.0,31.0,src/java/org/apache/ivy/ant/IvyFindRevision.java,0.0,0,0,0,0,0,0,0,0,0,0,0,0,0.0,0,0,0,0,0,0.0,0,0,0.0,0.818181818,0,0,0,0,0,0,0
2.3.0,32.0,src/java/org/apache/ivy/ant/IvyInfo.java,0.0,0,0,0,0,0,0,0,0,0,0,0,0,0.0,0,0,0,0,0,0.0,0,0,0.0,0.0,0,0,0,0,0,0,0
2.3.0,33.0,src/java/org/apache/ivy/ant/IvyInstall.java,0.0,0,0,0,0,0,0,0,0,0,0,0,0,0.0,0,0,0,0,0,0.0,0,0,0.0,0.0,0,0,0,0,0,0,0
2.3.0,34.0,src/java/org/apache/ivy/ant/IvyListModules.java,0.0,0,0,0,0,0,0,0,0,0,0,0,0,0.0,0,0,0,0,0,0.0,0,0,0.0,0.529411765,0,0,0,0,0,0,0
2.3.0,35.0,src/java/org/apache/ivy/ant/IvyMakePom.java,0.0,0,0,0,0,0,0,0,0,0,0,0,0,0.0,0,0,0,0,0,0.0,0,0,0.0,0.095238095,0,0,0,0,0,0,0
2.3.0,36.0,src/java/org/apache/ivy/ant/IvyOverride.java,0.0,0,0,0,0,0,0,0,0,0,0,0,0,0.0,0,0,0,0,0,0.0,0,0,0.0,0.0,0,0,0,0,0,0,0
2.3.0,37.0,src/java/org/apache/ivy/ant/IvyPostResolveTask.java,0.0,0,0,0,0,0,0,0,0,0,0,0,0,0.0,0,0,0,0,0,0.0,0,0,0.0,0.208333333,0,0,0,0,0,0,0
2.3.0,38.0,src/java/org/apache/ivy/ant/IvyPublish.java,0.0,0,0,0,0,0,0,0,0,0,0,0,0,0.0,0,0,0,0,0,0.0,0,0,0.0,0.166666667,0,0,0,0,0,0,0
2.3.0,39.0,src/java/org/apache/ivy/ant/IvyReport.java,0.0,0,0,0,0,0,0,0,0,0,0,0,0,0.0,0,0,0,0,0,0.0,0,0,0.0,0.242424242,0,0,0,0,0,0,0
2.3.0,40.0,src/java/org/apache/ivy/ant/IvyRepositoryReport.java,0.0,0,0,0,0,0,0,0,0,0,0,0,0,0.0,0,0,0,0,0,0.0,0,0,0.0,0.0,0,0,0,0,0,0,0
2.3.0,41.0,src/java/org/apache/ivy/ant/IvyResolve.java,0.0,0,0,0,0,0,0,0,0,0,0,0,0,0.0,0,0,0,0,0,0.0,0,0,0.0,0.192307692,0,0,0,0,0,0,0
2.3.0,42.0,src/java/org/apache/ivy/ant/IvyResources.java,0.0,0,0,0,0,0,0,0,0,0,0,0,0,0.0,0,0,0,0,0,0.0,0,0,0.0,0.0,0,0,0,0,0,0,0
2.3.0,43.0,src/java/org/apache/ivy/ant/IvyRetrieve.java,0.0,0,0,0,0,0,0,0,0,0,0,0,0,0.0,0,0,0,0,0,0.0,0,0,0.0,0.111111111,0,0,0,0,0,0,0
2.3.0,44.0,src/java/org/apache/ivy/ant/IvyTask.java,1.0,0,0,0,0,0,0,0,0,0,0,0,0,0.0,0,0,0,0,0,0.0,0,0,0.0,0.0,0,0,0,0,0,0,0
2.3.0,45.0,src/java/org/apache/ivy/ant/IvyVar.java,0.0,0,0,0,0,0,0,0,0,0,0,0,0,0.0,0,0,0,0,0,0.0,0,0,0.0,0.0,0,0,0,0,0,0,0
2.3.0,46.0,src/java/org/apache/ivy/ant/MapperAdapter.java,0.0,0,0,0,0,0,0,0,0,0,0,0,0,0.0,0,0,0,0,0,0.0,0,0,0.0,0.0,0,0,0,0,0,0,0
2.3.0,47.0,src/java/org/apache/ivy/ant/PackageMapping.java,0.0,0,0,0,0,0,0,0,0,0,0,0,0,0.0,0,0,0,0,0,0.0,0,0,0.0,0.0,0,0,0,0,0,0,0
2.3.0,48.0,src/java/org/apache/ivy/core/ExecutionRelativeUrlResolver.java,0.0,0,0,0,0,0,0,0,0,0,0,0,0,0.0,0,0,0,0,0,0.0,0,0,0.0,0.0,0,0,0,0,0,0,0
2.3.0,49.0,src/java/org/apache/ivy/core/IvyContext.java,0.0,0,0,0,0,0,0,0,0,0,0,0,0,0.0,0,0,0,0,0,0.0,0,0,0.0,0.275862069,0,0,0,0,0,0,0
2.3.0,50.0,src/java/org/apache/ivy/core/IvyPatternHelper.java,0.0,0,0,0,0,0,0,0,0,0,0,0,0,0.0,0,0,0,0,0,0.0,0,0,0.0,0.5,0,0,0,0,0,0,0
2.3.0,51.0,src/java/org/apache/ivy/core/IvyThread.java,0.0,0,0,0,0,0,0,0,0,0,0,0,0,0.0,0,0,0,0,0,0.0,0,0,0.0,0.0,0,0,0,0,0,0,0
2.3.0,52.0,src/java/org/apache/ivy/core/LogOptions.java,0.0,0,0,0,0,0,0,0,0,0,0,0,0,0.0,0,0,0,0,0,0.0,0,0,0.0,0.0,0,0,0,0,0,0,0
2.3.0,53.0,src/java/org/apache/ivy/core/NormalRelativeUrlResolver.java,0.0,0,0,0,0,0,0,0,0,0,0,0,0,0.0,0,0,0,0,0,0.0,0,0,0.0,0.0,0,0,0,0,0,0,0
2.3.0,54.0,src/java/org/apache/ivy/core/RelativeUrlResolver.java,0.0,0,0,0,0,0,0,0,0,0,0,0,0,0.0,0,0,0,0,0,0.0,0,0,0.0,0.0,0,0,0,0,0,0,0
2.3.0,55.0,src/java/org/apache/ivy/plugins/IvySettingsAware.java,0.0,0,0,0,0,0,0,0,0,0,0,0,0,0.0,0,0,0,0,0,0.0,0,0,0.0,0.0,0,0,0,0,0,0,0
2.3.0,56.0,src/java/org/apache/ivy/util/AbstractMessageLogger.java,0.0,0,0,0,0,0,0,0,0,0,0,0,0,0.0,0,0,0,0,0,0.0,0,0,0.0,0.0,0,0,0,0,0,0,0
2.3.0,57.0,src/java/org/apache/ivy/util/Checks.java,0.0,0,0,0,0,0,0,0,0,0,0,0,0,0.0,0,0,0,0,0,0.0,0,0,0.0,0.0,0,0,0,0,0,0,0
2.3.0,58.0,src/java/org/apache/ivy/util/ChecksumHelper.java,0.0,0,0,0,0,0,0,0,0,0,0,0,0,0.0,0,0,0,0,0,0.0,0,0,0.0,0.0,0,0,0,0,0,0,0
2.3.0,59.0,src/java/org/apache/ivy/util/ConfigurationUtils.java,0.0,0,0,0,0,0,0,0,0,0,0,0,0,0.0,0,0,0,0,0,0.0,0,0,0.0,0.0,0,0,0,0,0,0,0
2.3.0,60.0,src/java/org/apache/ivy/util/Configurator.java,0.0,0,0,0,0,0,0,0,0,0,0,0,0,0.0,0,0,0,0,0,0.0,0,0,0.0,0.0,0,0,0,0,0,0,0
2.3.0,61.0,src/java/org/apache/ivy/util/ContextualSAXHandler.java,0.0,0,0,0,0,0,0,0,0,0,0,0,0,0.0,0,0,0,0,0,0.0,0,0,0.0,0.6,0,0,0,0,0,0,0
2.3.0,62.0,src/java/org/apache/ivy/util/CopyProgressEvent.java,0.0,0,0,0,0,0,0,0,0,0,0,0,0,0.0,0,0,0,0,0,0.0,0,0,0.0,0.0,0,0,0,0,0,0,0
2.3.0,63.0,src/java/org/apache/ivy/util/CopyProgressListener.java,0.0,0,0,0,0,0,0,0,0,0,0,0,0,0.0,0,0,0,0,0,0.0,0,0,0.0,0.0,0,0,0,0,0,0,0
2.3.0,64.0,src/java/org/apache/ivy/util/Credentials.java,0.0,0,0,0,0,0,0,0,0,0,0,0,0,0.0,0,0,0,0,0,0.0,0,0,0.0,0.0,0,0,0,0,0,0,0
2.3.0,65.0,src/java/org/apache/ivy/util/CredentialsUtil.java,0.0,0,0,0,0,0,0,0,0,0,0,0,0,0.0,0,0,0,0,0,2.0,0,0,0.5,2.0,0,0,0,0,0,0,0
2.3.0,66.0,src/java/org/apache/ivy/util/DateUtil.java,0.0,0,0,0,0,0,0,0,0,0,0,0,0,0.0,0,0,0,0,0,0.0,0,0,0.0,0.0,0,0,0,0,0,0,0
2.3.0,67.0,src/java/org/apache/ivy/util/DefaultMessageLogger.java,0.0,0,0,0,0,0,0,0,0,0,0,0,0,0.0,0,0,0,0,0,0.0,0,0,0.0,0.0,0,0,0,0,0,0,0
2.3.0,68.0,src/java/org/apache/ivy/util/EncrytedProperties.java,0.0,0,0,0,0,0,0,0,0,0,0,0,0,0.0,0,0,0,0,0,0.0,0,0,0.0,0.0,0,0,0,0,0,0,0
2.3.0,69.0,src/java/org/apache/ivy/util/FileResolver.java,0.0,0,0,0,0,0,0,0,0,0,0,0,0,0.0,0,0,0,0,0,0.0,0,0,0.0,0.0,0,0,0,0,0,0,0
2.3.0,70.0,src/java/org/apache/ivy/util/FileUtil.java,0.0,0,0,0,0,0,0,0,0,0,0,0,0,0.0,0,0,0,0,0,0.0,0,0,0.0,0.15,0,0,0,0,0,0,0
2.3.0,71.0,src/java/org/apache/ivy/util/HexEncoder.java,0.0,0,0,0,0,0,0,0,0,0,0,0,0,0.0,0,0,0,0,0,0.0,0,0,0.0,0.0,0,0,0,0,0,0,0
2.3.0,72.0,src/java/org/apache/ivy/util/HostUtil.java,0.0,0,0,0,0,0,0,0,0,0,0,0,0,0.0,0,0,0,0,0,0.0,0,0,0.0,0.0,0,0,0,0,0,0,0
2.3.0,73.0,src/java/org/apache/ivy/util/MemoryUtil.java,0.0,0,0,0,0,0,0,0,0,0,0,0,0,0.0,0,0,0,0,0,0.0,0,0,0.0,0.0,0,0,0,0,0,0,0
2.3.0,74.0,src/java/org/apache/ivy/util/Message.java,0.0,0,0,0,0,0,0,0,0,0,0,0,0,0.0,0,0,0,0,0,0.0,0,0,0.0,0.0,0,0,0,0,0,0,0
2.3.0,75.0,src/java/org/apache/ivy/util/MessageLogger.java,0.0,0,0,0,0,0,0,0,0,0,0,0,0,0.0,0,0,0,0,0,0.0,0,0,0.0,0.0,0,0,0,0,0,0,0
2.3.0,76.0,src/java/org/apache/ivy/util/MessageLoggerEngine.java,0.0,0,0,0,0,0,0,0,0,0,0,0,0,0.0,0,0,0,0,0,0.0,0,0,0.0,0.0,0,0,0,0,0,0,0
2.3.0,77.0,src/java/org/apache/ivy/util/MessageLoggerHelper.java,0.0,0,0,0,0,0,0,0,0,0,0,0,0,0.0,0,0,0,0,0,0.0,0,0,0.0,0.0,0,0,0,0,0,0,0
2.3.0,78.0,src/java/org/apache/ivy/util/PropertiesFile.java,0.0,0,0,0,0,0,0,0,0,0,0,0,0,0.0,0,0,0,0,0,0.0,0,0,0.0,0.0,0,0,0,0,0,0,0
2.3.0,79.0,src/java/org/apache/ivy/util/StringUtils.java,0.0,0,0,0,0,0,0,0,0,0,0,0,0,0.0,0,0,0,0,0,0.0,0,0,0.0,0.0,0,0,0,0,0,0,0
2.3.0,80.0,src/java/org/apache/ivy/util/XMLHelper.java,0.0,0,0,0,0,0,0,0,0,0,0,0,0,0.0,0,0,0,0,0,0.0,0,0,0.0,0.0,0,0,0,0,0,0,0
2.3.0,81.0,src/java/org/apache/ivy/core/cache/ArtifactOrigin.java,0.0,0,0,0,0,0,0,0,0,0,0,0,0,0.0,0,0,0,0,0,0.0,0,0,0.0,0.357142857,0,0,0,0,0,0,0
2.3.0,82.0,src/java/org/apache/ivy/core/cache/CacheDownloadOptions.java,0.0,0,0,0,0,0,0,0,0,0,0,0,0,0.0,0,0,0,0,0,0.0,0,0,0.0,0.0,0,0,0,0,0,0,0
2.3.0,83.0,src/java/org/apache/ivy/core/cache/CacheMetadataOptions.java,0.0,0,0,0,0,0,0,0,0,0,0,0,0,0.0,0,0,0,0,0,0.0,0,0,0.0,0.0,0,0,0,0,0,0,0
2.3.0,84.0,src/java/org/apache/ivy/core/cache/CacheResourceOptions.java,0.0,0,0,0,0,0,0,0,0,0,0,0,0,0.0,0,0,0,0,0,0.0,0,0,0.0,0.0,0,0,0,0,0,0,0
2.3.0,85.0,src/java/org/apache/ivy/core/cache/CacheUtil.java,0.0,0,0,0,0,0,0,0,0,0,0,0,0,0.0,0,0,0,0,0,0.0,0,0,0.0,0.0,0,0,0,0,0,0,0
2.3.0,86.0,src/java/org/apache/ivy/core/cache/DefaultRepositoryCacheManager.java,1.0,0,0,0,0,0,0,0,0,0,0,0,0,0.0,0,0,0,0,0,0.0,0,0,0.0,0.091954023,0,0,0,0,0,0,0
2.3.0,87.0,src/java/org/apache/ivy/core/cache/DefaultResolutionCacheManager.java,1.0,0,0,0,0,0,0,0,0,0,0,0,0,0.0,0,0,0,0,0,0.0,0,0,0.0,0.0,0,0,0,0,0,0,0
2.3.0,88.0,src/java/org/apache/ivy/core/cache/DownloadListener.java,0.0,0,0,0,0,0,0,0,0,0,0,0,0,0.0,0,0,0,0,0,0.0,0,0,0.0,0.0,0,0,0,0,0,0,0
2.3.0,89.0,src/java/org/apache/ivy/core/cache/ModuleDescriptorMemoryCache.java,0.0,0,0,0,0,0,0,0,0,0,0,0,0,0.0,0,0,0,0,0,0.0,0,0,0.0,0.0,0,0,0,0,0,0,0
2.3.0,90.0,src/java/org/apache/ivy/core/cache/ModuleDescriptorProvider.java,0.0,0,0,0,0,0,0,0,0,0,0,0,0,0.0,0,0,0,0,0,0.0,0,0,0.0,0.0,0,0,0,0,0,0,0
2.3.0,91.0,src/java/org/apache/ivy/core/cache/ModuleDescriptorWriter.java,0.0,0,0,0,0,0,0,0,0,0,0,0,0,0.0,0,0,0,0,0,0.0,0,0,0.0,0.0,0,0,0,0,0,0,0
2.3.0,92.0,src/java/org/apache/ivy/core/cache/ParserSettingsMonitor.java,0.0,0,0,0,0,0,0,0,0,0,0,0,0,0.0,0,0,0,0,0,0.0,0,0,0.0,0.0,0,0,0,0,0,0,0
2.3.0,93.0,src/java/org/apache/ivy/core/cache/RepositoryCacheManager.java,0.0,0,0,0,0,0,0,0,0,0,0,0,0,0.0,0,0,0,0,0,0.0,0,0,0.0,0.0,0,0,0,0,0,0,0
2.3.0,94.0,src/java/org/apache/ivy/core/cache/ResolutionCacheManager.java,0.0,0,0,0,0,0,0,0,0,0,0,0,0,0.0,0,0,0,0,0,0.0,0,0,0.0,0.0,0,0,0,0,0,0,0
2.3.0,95.0,src/java/org/apache/ivy/core/check/CheckEngine.java,0.0,0,0,0,0,0,0,0,0,0,0,0,0,0.0,0,0,0,0,0,0.0,0,0,0.0,0.0,0,0,0,0,0,0,0
2.3.0,96.0,src/java/org/apache/ivy/core/check/CheckEngineSettings.java,0.0,0,0,0,0,0,0,0,0,0,0,0,0,0.0,0,0,0,0,0,0.0,0,0,0.0,0.0,0,0,0,0,0,0,0
2.3.0,97.0,src/java/org/apache/ivy/core/deliver/DefaultPublishingDRResolver.java,0.0,0,0,0,0,0,0,0,0,0,0,0,0,0.0,0,0,0,0,0,0.0,0,0,0.0,0.0,0,0,0,0,0,0,0
2.3.0,98.0,src/java/org/apache/ivy/core/deliver/DeliverEngine.java,0.0,0,0,0,0,0,0,0,0,0,0,0,0,0.0,0,0,0,0,0,0.0,0,0,0.0,0.0,0,0,0,0,0,0,0
2.3.0,99.0,src/java/org/apache/ivy/core/deliver/DeliverEngineSettings.java,0.0,0,0,0,0,0,0,0,0,0,0,0,0,0.0,0,0,0,0,0,0.0,0,0,0.0,0.0,0,0,0,0,0,0,0
2.3.0,100.0,src/java/org/apache/ivy/core/deliver/DeliverOptions.java,0.0,0,0,0,0,0,0,0,0,0,0,0,0,0.0,0,0,0,0,0,0.0,0,0,0.0,0.0,0,0,0,0,0,0,0
2.3.0,101.0,src/java/org/apache/ivy/core/deliver/PublishingDependencyRevisionResolver.java,0.0,0,0,0,0,0,0,0,0,0,0,0,0,0.0,0,0,0,0,0,0.0,0,0,0.0,0.0,0,0,0,0,0,0,0
2.3.0,102.0,src/java/org/apache/ivy/core/event/EventManager.java,0.0,0,0,0,0,0,0,0,0,0,0,0,0,0.0,0,0,0,0,0,0.0,0,0,0.0,0.0,0,0,0,0,0,0,0
2.3.0,103.0,src/java/org/apache/ivy/core/event/FilteredIvyListener.java,0.0,0,0,0,0,0,0,0,0,0,0,0,0,0.0,0,0,0,0,0,0.0,0,0,0.0,0.0,0,0,0,0,0,0,0
2.3.0,104.0,src/java/org/apache/ivy/core/event/IvyEvent.java,0.0,0,0,0,0,0,0,0,0,0,0,0,0,0.0,0,0,0,0,0,0.0,0,0,0.0,0.0,0,0,0,0,0,0,0
2.3.0,105.0,src/java/org/apache/ivy/core/event/IvyEventFilter.java,0.0,0,0,0,0,0,0,0,0,0,0,0,0,0.0,0,0,0,0,0,0.0,0,0,0.0,0.0,0,0,0,0,0,0,0
2.3.0,106.0,src/java/org/apache/ivy/core/event/IvyListener.java,0.0,0,0,0,0,0,0,0,0,0,0,0,0,0.0,0,0,0,0,0,0.0,0,0,0.0,0.0,0,0,0,0,0,0,0
2.3.0,107.0,src/java/org/apache/ivy/core/install/InstallEngine.java,0.0,0,0,0,0,0,0,0,0,0,0,0,0,0.0,0,0,0,0,0,0.0,0,0,0.0,0.0,0,0,0,0,0,0,0
2.3.0,108.0,src/java/org/apache/ivy/core/install/InstallEngineSettings.java,0.0,0,0,0,0,0,0,0,0,0,0,0,0,0.0,0,0,0,0,0,0.0,0,0,0.0,0.0,0,0,0,0,0,0,0
2.3.0,109.0,src/java/org/apache/ivy/core/install/InstallOptions.java,0.0,0,0,0,0,0,0,0,0,0,0,0,0,0.0,0,0,0,0,0,0.0,0,0,0.0,0.0,0,0,0,0,0,0,0
2.3.0,110.0,src/java/org/apache/ivy/core/publish/PublishEngine.java,0.0,0,0,0,0,0,0,0,0,0,0,0,0,0.0,0,0,0,0,0,0.0,0,0,0.0,0.0,0,0,0,0,0,0,0
2.3.0,111.0,src/java/org/apache/ivy/core/publish/PublishEngineSettings.java,0.0,0,0,0,0,0,0,0,0,0,0,0,0,0.0,0,0,0,0,0,0.0,0,0,0.0,0.0,0,0,0,0,0,0,0
2.3.0,112.0,src/java/org/apache/ivy/core/publish/PublishOptions.java,0.0,0,0,0,0,0,0,0,0,0,0,0,0,0.0,0,0,0,0,0,0.0,0,0,0.0,0.0,0,0,0,0,0,0,0
2.3.0,113.0,src/java/org/apache/ivy/core/report/ArtifactDownloadReport.java,0.0,0,0,0,0,0,0,0,0,0,0,0,0,0.0,0,0,0,0,0,0.0,0,0,0.0,0.333333333,0,0,0,0,0,0,0
2.3.0,114.0,src/java/org/apache/ivy/core/report/ConfigurationResolveReport.java,0.0,0,0,0,0,0,0,0,0,0,0,0,0,0.0,0,0,0,0,0,0.0,0,0,0.0,0.206896552,0,0,0,0,0,0,0
2.3.0,115.0,src/java/org/apache/ivy/core/report/DownloadReport.java,0.0,0,0,0,0,0,0,0,0,0,0,0,0,0.0,0,0,0,0,0,0.0,0,0,0.0,0.0,0,0,0,0,0,0,0
2.3.0,116.0,src/java/org/apache/ivy/core/report/DownloadStatus.java,0.0,0,0,0,0,0,0,0,0,0,0,0,0,0.0,0,0,0,0,0,0.0,0,0,0.0,0.0,0,0,0,0,0,0,0
2.3.0,117.0,src/java/org/apache/ivy/core/report/MetadataArtifactDownloadReport.java,0.0,0,0,0,0,0,0,0,0,0,0,0,0,0.0,0,0,0,0,0,0.0,0,0,0.0,0.0,0,0,0,0,0,0,0
2.3.0,118.0,src/java/org/apache/ivy/core/report/ResolveReport.java,0.0,0,0,0,0,0,0,0,0,0,0,0,0,0.0,0,0,0,0,0,0.0,0,0,0.0,0.0,0,0,0,0,0,0,0
2.3.0,119.0,src/java/org/apache/ivy/core/repository/RepositoryManagementEngine.java,0.0,0,0,0,0,0,0,0,0,0,0,0,0,0.0,0,0,0,0,0,0.0,0,0,0.0,0.0,0,0,0,0,0,0,0
2.3.0,120.0,src/java/org/apache/ivy/core/repository/RepositoryManagementEngineSettings.java,0.0,0,0,0,0,0,0,0,0,0,0,0,0,0.0,0,0,0,0,0,0.0,0,0,0.0,0.0,0,0,0,0,0,0,0
2.3.0,121.0,src/java/org/apache/ivy/core/resolve/DownloadOptions.java,0.0,0,0,0,0,0,0,0,0,0,0,0,0,0.0,0,0,0,0,0,0.0,0,0,0.0,0.0,0,0,0,0,0,0,0
2.3.0,122.0,src/java/org/apache/ivy/core/resolve/IvyNode.java,0.0,0,0,0,0,0,0,0,0,0,0,0,0,0.0,0,0,0,0,0,0.0,0,0,0.0,0.0,0,0,0,0,0,0,0
2.3.0,123.0,src/java/org/apache/ivy/core/resolve/IvyNodeBlacklist.java,0.0,0,0,0,0,0,0,0,0,0,0,0,0,0.0,0,0,0,0,0,0.0,0,0,0.0,0.0,0,0,0,0,0,0,0
2.3.0,124.0,src/java/org/apache/ivy/core/resolve/IvyNodeCallers.java,0.0,0,0,0,0,0,0,0,0,0,0,0,0,0.0,0,0,0,0,0,0.0,0,0,0.0,0.0,0,0,0,0,0,0,0
2.3.0,125.0,src/java/org/apache/ivy/core/resolve/IvyNodeEviction.java,0.0,0,0,0,0,0,0,0,0,0,0,0,0,0.0,0,0,0,0,0,0.0,0,0,0.0,0.272727273,0,0,0,0,0,0,0
2.3.0,126.0,src/java/org/apache/ivy/core/resolve/IvyNodeUsage.java,0.0,0,0,0,0,0,0,0,0,0,0,0,0,0.0,0,0,0,0,0,0.0,0,0,0.0,0.0,0,0,0,0,0,0,0
2.3.0,127.0,src/java/org/apache/ivy/core/resolve/ResolveData.java,0.0,0,0,0,0,0,0,0,0,0,0,0,0,0.0,0,0,0,0,0,0.0,0,0,0.0,0.0,0,0,0,0,0,0,0
2.3.0,128.0,src/java/org/apache/ivy/core/resolve/ResolvedModuleRevision.java,0.0,0,0,0,0,0,0,0,0,0,0,0,0,0.0,0,0,0,0,0,0.0,0,0,0.0,0.0,0,0,0,0,0,0,0
2.3.0,129.0,src/java/org/apache/ivy/core/resolve/ResolveEngine.java,1.0,0,0,0,0,0,0,0,0,0,0,0,0,0.0,0,0,0,0,0,0.0,0,0,0.0,0.181818182,0,0,0,0,0,0,0
2.3.0,130.0,src/java/org/apache/ivy/core/resolve/ResolveEngineSettings.java,0.0,0,0,0,0,0,0,0,0,0,0,0,0,0.0,0,0,0,0,0,0.0,0,0,0.0,0.0,0,0,0,0,0,0,0
2.3.0,131.0,src/java/org/apache/ivy/core/resolve/ResolveOptions.java,0.0,0,0,0,0,0,0,0,0,0,0,0,0,0.0,0,0,0,0,0,0.0,0,0,0.0,0.0,0,0,0,0,0,0,0
2.3.0,132.0,src/java/org/apache/ivy/core/resolve/ResolveProcessException.java,0.0,0,0,0,0,0,0,0,0,0,0,0,0,0.0,0,0,0,0,0,0.0,0,0,0.0,0.0,0,0,0,0,0,0,0
2.3.0,133.0,src/java/org/apache/ivy/core/resolve/RestartResolveProcess.java,0.0,0,0,0,0,0,0,0,0,0,0,0,0,0.0,0,0,0,0,0,0.0,0,0,0.0,0.0,0,0,0,0,0,0,0
2.3.0,134.0,src/java/org/apache/ivy/core/resolve/VisitData.java,0.0,0,0,0,0,0,0,0,0,0,0,0,0,0.0,0,0,0,0,0,0.0,0,0,0.0,0.0,0,0,0,0,0,0,0
2.3.0,135.0,src/java/org/apache/ivy/core/resolve/VisitNode.java,0.0,0,0,0,0,0,0,0,0,0,0,0,0,0.0,0,0,0,0,0,0.0,0,0,0.0,0.0,0,0,0,0,0,0,0
2.3.0,136.0,src/java/org/apache/ivy/core/retrieve/FileNameMapper.java,0.0,0,0,0,0,0,0,0,0,0,0,0,0,0.0,0,0,0,0,0,0.0,0,0,0.0,0.0,0,0,0,0,0,0,0
2.3.0,137.0,src/java/org/apache/ivy/core/retrieve/RetrieveEngine.java,0.0,0,0,0,0,0,0,0,0,0,0,0,0,0.0,0,0,0,0,0,0.0,0,0,0.0,0.0,0,0,0,0,0,0,0
2.3.0,138.0,src/java/org/apache/ivy/core/retrieve/RetrieveEngineSettings.java,0.0,0,0,0,0,0,0,0,0,0,0,0,0,0.0,0,0,0,0,0,0.0,0,0,0.0,0.0,0,0,0,0,0,0,0
2.3.0,139.0,src/java/org/apache/ivy/core/retrieve/RetrieveOptions.java,0.0,0,0,0,0,0,0,0,0,0,0,0,0,0.0,0,0,0,0,0,0.0,0,0,0.0,0.0,0,0,0,0,0,0,0
2.3.0,140.0,src/java/org/apache/ivy/core/retrieve/RetrieveReport.java,0.0,0,0,0,0,0,0,0,0,0,0,0,0,0.0,0,0,0,0,0,0.0,0,0,0.0,0.0,0,0,0,0,0,0,0
2.3.0,141.0,src/java/org/apache/ivy/core/search/ModuleEntry.java,0.0,0,0,0,0,0,0,0,0,0,0,0,0,0.0,0,0,0,0,0,0.0,0,0,0.0,0.0,0,0,0,0,0,0,0
2.3.0,142.0,src/java/org/apache/ivy/core/search/OrganisationEntry.java,0.0,0,0,0,0,0,0,0,0,0,0,0,0,0.0,0,0,0,0,0,0.0,0,0,0.0,0.0,0,0,0,0,0,0,0
2.3.0,143.0,src/java/org/apache/ivy/core/search/RevisionEntry.java,0.0,0,0,0,0,0,0,0,0,0,0,0,0,0.0,0,0,0,0,0,0.0,0,0,0.0,0.0,0,0,0,0,0,0,0
2.3.0,144.0,src/java/org/apache/ivy/core/search/SearchEngine.java,0.0,0,0,0,0,0,0,0,0,0,0,0,0,0.0,0,0,0,0,0,0.0,0,0,0.0,1.692307692,0,0,0,0,0,0,0
2.3.0,145.0,src/java/org/apache/ivy/core/settings/IvyPattern.java,0.0,0,0,0,0,0,0,0,0,0,0,0,0,0.0,0,0,0,0,0,0.0,0,0,0.0,0.0,0,0,0,0,0,0,0
2.3.0,146.0,src/java/org/apache/ivy/core/settings/IvySettings.java,1.0,0,0,0,0,0,0,0,0,0,0,0,0,0.0,0,0,0,0,0,0.0,0,0,0.0,0.023391813,0,0,0,0,0,0,0
2.3.0,147.0,src/java/org/apache/ivy/core/settings/IvyVariableContainer.java,0.0,0,0,0,0,0,0,0,0,0,0,0,0,0.0,0,0,0,0,0,0.0,0,0,0.0,0.0,0,0,0,0,0,0,0
2.3.0,148.0,src/java/org/apache/ivy/core/settings/IvyVariableContainerImpl.java,0.0,0,0,0,0,0,0,0,0,0,0,0,0,0.0,0,0,0,0,0,0.0,0,0,0.0,0.0,0,0,0,0,0,0,0
2.3.0,149.0,src/java/org/apache/ivy/core/settings/Validatable.java,0.0,0,0,0,0,0,0,0,0,0,0,0,0,0.0,0,0,0,0,0,0.0,0,0,0.0,0.0,0,0,0,0,0,0,0
2.3.0,150.0,src/java/org/apache/ivy/core/settings/XmlSettingsParser.java,0.0,0,0,0,0,0,0,0,0,0,0,0,0,0.0,0,0,0,0,0,0.0,0,0,0.0,0.357142857,0,0,0,0,0,0,0
2.3.0,151.0,src/java/org/apache/ivy/core/sort/CollectionOfModulesToSort.java,0.0,0,0,0,0,0,0,0,0,0,0,0,0,0.0,0,0,0,0,0,0.0,0,0,0.0,0.0,0,0,0,0,0,0,0
2.3.0,152.0,src/java/org/apache/ivy/core/sort/MessageBasedNonMatchingVersionReporter.java,0.0,0,0,0,0,0,0,0,0,0,0,0,0,0.0,0,0,0,0,0,0.0,0,0,0.0,0.0,0,0,0,0,0,0,0
2.3.0,153.0,src/java/org/apache/ivy/core/sort/ModuleDescriptorSorter.java,0.0,0,0,0,0,0,0,0,0,0,0,0,0,0.0,0,0,0,0,0,0.0,0,0,0.0,0.0,0,0,0,0,0,0,0
2.3.0,154.0,src/java/org/apache/ivy/core/sort/ModuleInSort.java,0.0,0,0,0,0,0,0,0,0,0,0,0,0,0.0,0,0,0,0,0,0.0,0,0,0.0,0.0,0,0,0,0,0,0,0
2.3.0,155.0,src/java/org/apache/ivy/core/sort/NonMatchingVersionReporter.java,0.0,0,0,0,0,0,0,0,0,0,0,0,0,0.0,0,0,0,0,0,0.0,0,0,0.0,0.0,0,0,0,0,0,0,0
2.3.0,156.0,src/java/org/apache/ivy/core/sort/SilentNonMatchingVersionReporter.java,0.0,0,0,0,0,0,0,0,0,0,0,0,0,0.0,0,0,0,0,0,0.0,0,0,0.0,0.0,0,0,0,0,0,0,0
2.3.0,157.0,src/java/org/apache/ivy/core/sort/SimpleSortEngineSettings.java,0.0,0,0,0,0,0,0,0,0,0,0,0,0,0.0,0,0,0,0,0,0.0,0,0,0.0,0.0,0,0,0,0,0,0,0
2.3.0,158.0,src/java/org/apache/ivy/core/sort/SortEngine.java,0.0,0,0,0,0,0,0,0,0,0,0,0,0,0.0,0,0,0,0,0,0.0,0,0,0.0,0.0,0,0,0,0,0,0,0
2.3.0,159.0,src/java/org/apache/ivy/core/sort/SortEngineSettings.java,0.0,0,0,0,0,0,0,0,0,0,0,0,0,0.0,0,0,0,0,0,0.0,0,0,0.0,0.0,0,0,0,0,0,0,0
2.3.0,160.0,src/java/org/apache/ivy/core/sort/SortOptions.java,0.0,0,0,0,0,0,0,0,0,0,0,0,0,0.0,0,0,0,0,0,0.0,0,0,0.0,0.0,0,0,0,0,0,0,0
2.3.0,161.0,src/java/org/apache/ivy/core/sort/WarningNonMatchingVersionReporter.java,0.0,0,0,0,0,0,0,0,0,0,0,0,0,0.0,0,0,0,0,0,0.0,0,0,0.0,0.0,0,0,0,0,0,0,0
2.3.0,162.0,src/java/org/apache/ivy/osgi/core/BundleCapability.java,0.0,0,0,0,0,0,0,0,0,0,0,0,0,0.0,0,0,0,0,0,0.0,0,0,0.0,5.625,0,0,0,0,0,0,0
2.3.0,163.0,src/java/org/apache/ivy/osgi/core/BundleInfo.java,0.0,0,0,0,0,0,0,0,0,0,0,0,0,0.0,0,0,0,0,0,0.0,0,0,0.0,3.967741935,0,0,0,0,0,0,0
2.3.0,164.0,src/java/org/apache/ivy/osgi/core/BundleInfoAdapter.java,0.0,0,0,0,0,0,0,0,0,0,0,0,0,0.0,0,0,0,0,0,0.0,0,0,0.0,0.0,0,0,0,0,0,0,0
2.3.0,165.0,src/java/org/apache/ivy/osgi/core/BundleRequirement.java,0.0,0,0,0,0,0,0,0,0,0,0,0,0,0.0,0,0,0,0,0,0.0,0,0,0.0,14.625,0,0,0,0,0,0,0
2.3.0,166.0,src/java/org/apache/ivy/osgi/core/ExecutionEnvironmentProfile.java,0.0,0,0,0,0,0,0,0,0,0,0,0,0,0.0,0,0,0,0,0,0.0,0,0,0.0,6.428571429,0,0,0,0,0,0,0
2.3.0,167.0,src/java/org/apache/ivy/osgi/core/ExecutionEnvironmentProfileProvider.java,0.0,0,0,0,0,0,0,0,0,0,0,0,0,0.0,0,0,0,0,0,0.0,0,0,0.0,0.0,0,0,0,0,0,0,0
2.3.0,168.0,src/java/org/apache/ivy/osgi/core/ExportPackage.java,0.0,0,0,0,0,0,0,0,0,0,0,0,0,0.0,0,0,0,0,0,0.0,0,0,0.0,0.0,0,0,0,0,0,0,0
2.3.0,169.0,src/java/org/apache/ivy/osgi/core/ManifestHeaderElement.java,0.0,0,0,0,0,0,0,0,0,0,0,0,0,0.0,0,0,0,0,0,0.0,0,0,0.0,1.625,0,0,0,0,0,0,0
2.3.0,170.0,src/java/org/apache/ivy/osgi/core/ManifestHeaderValue.java,1.0,0,0,0,0,0,0,0,0,0,0,0,0,0.0,0,0,0,0,0,0.0,0,0,0.0,0.217391304,0,0,0,0,0,0,0
2.3.0,171.0,src/java/org/apache/ivy/osgi/core/ManifestParser.java,0.0,0,0,0,0,0,0,0,0,0,0,0,0,0.0,0,0,0,0,0,0.0,0,0,0.0,1.25,0,0,0,0,0,0,0
2.3.0,172.0,src/java/org/apache/ivy/osgi/core/OsgiLatestStrategy.java,0.0,0,0,0,0,0,0,0,0,0,0,0,0,0.0,0,0,0,0,0,0.0,0,0,0.0,1.0,0,0,0,0,0,0,0
2.3.0,173.0,src/java/org/apache/ivy/osgi/core/OSGiManifestParser.java,0.0,0,0,0,0,0,0,0,0,0,0,0,0,0.0,0,0,0,0,0,0.0,0,0,0.0,0.222222222,0,0,0,0,0,0,0
2.3.0,174.0,src/java/org/apache/ivy/osgi/obr/OBRResolver.java,0.0,0,0,0,0,0,0,0,0,0,0,0,0,0.0,0,0,0,0,0,0.0,0,0,0.0,0.0,0,0,0,0,0,0,0
2.3.0,175.0,src/java/org/apache/ivy/osgi/p2/P2Artifact.java,0.0,0,0,0,0,0,0,0,0,0,0,0,0,0.0,0,0,0,0,0,0.0,0,0,0.0,0.0,0,0,0,0,0,0,0
2.3.0,176.0,src/java/org/apache/ivy/osgi/p2/P2ArtifactParser.java,0.0,0,0,0,0,0,0,0,0,0,0,0,0,0.0,0,0,0,0,0,0.0,0,0,0.0,0.0,0,0,0,0,0,0,0
2.3.0,177.0,src/java/org/apache/ivy/osgi/p2/P2CompositeParser.java,0.0,0,0,0,0,0,0,0,0,0,0,0,0,0.0,0,0,0,0,0,0.0,0,0,0.0,0.0,0,0,0,0,0,0,0
2.3.0,178.0,src/java/org/apache/ivy/osgi/p2/P2Descriptor.java,0.0,0,0,0,0,0,0,0,0,0,0,0,0,0.0,0,0,0,0,0,0.0,0,0,0.0,0.0,0,0,0,0,0,0,0
2.3.0,179.0,src/java/org/apache/ivy/osgi/p2/P2MetadataParser.java,0.0,0,0,0,0,0,0,0,0,0,0,0,0,0.0,0,0,0,0,0,0.0,0,0,0.0,0.315789474,0,0,0,0,0,0,0
2.3.0,180.0,src/java/org/apache/ivy/osgi/p2/PropertiesParser.java,0.0,0,0,0,0,0,0,0,0,0,0,0,0,0.0,0,0,0,0,0,0.0,0,0,0.0,0.0,0,0,0,0,0,0,0
2.3.0,181.0,src/java/org/apache/ivy/osgi/p2/XMLInputParser.java,0.0,0,0,0,0,0,0,0,0,0,0,0,0,0.0,0,0,0,0,0,0.0,0,0,0.0,0.0,0,0,0,0,0,0,0
2.3.0,182.0,src/java/org/apache/ivy/osgi/repo/AbstractFSManifestIterable.java,0.0,0,0,0,0,0,0,0,0,0,0,0,0,0.0,0,0,0,0,0,0.0,0,0,0.0,0.0,0,0,0,0,0,0,0
2.3.0,183.0,src/java/org/apache/ivy/osgi/repo/AbstractOSGiResolver.java,0.0,0,0,0,0,0,0,0,0,0,0,0,0,0.0,0,0,0,0,0,0.0,0,0,0.0,0.833333333,0,0,0,0,0,0,0
2.3.0,184.0,src/java/org/apache/ivy/osgi/repo/BundleCapabilityAndLocation.java,0.0,0,0,0,0,0,0,0,0,0,0,0,0,0.0,0,0,0,0,0,0.0,0,0,0.0,0.0,0,0,0,0,0,0,0
2.3.0,185.0,src/java/org/apache/ivy/osgi/repo/BundleRepoDescriptor.java,0.0,0,0,0,0,0,0,0,0,0,0,0,0,0.0,0,0,0,0,0,0.0,0,0,0.0,0.0,0,0,0,0,0,0,0
2.3.0,186.0,src/java/org/apache/ivy/osgi/repo/FSManifestIterable.java,0.0,0,0,0,0,0,0,0,0,0,0,0,0,0.0,0,0,0,0,0,0.0,0,0,0.0,0.0,0,0,0,0,0,0,0
2.3.0,187.0,src/java/org/apache/ivy/osgi/repo/ManifestAndLocation.java,0.0,0,0,0,0,0,0,0,0,0,0,0,0,0.0,0,0,0,0,0,0.0,0,0,0.0,0.0,0,0,0,0,0,0,0
2.3.0,188.0,src/java/org/apache/ivy/osgi/repo/RelativeURLRepository.java,0.0,0,0,0,0,0,0,0,0,0,0,0,0,0.0,0,0,0,0,0,0.0,0,0,0.0,0.0,0,0,0,0,0,0,0
2.3.0,189.0,src/java/org/apache/ivy/osgi/repo/RepoDescriptor.java,0.0,0,0,0,0,0,0,0,0,0,0,0,0,0.0,0,0,0,0,0,0.0,0,0,0.0,0.636363636,0,0,0,0,0,0,0
2.3.0,190.0,src/java/org/apache/ivy/osgi/repo/RepositoryManifestIterable.java,0.0,0,0,0,0,0,0,0,0,0,0,0,0,0.0,0,0,0,0,0,0.0,0,0,0.0,0.0,0,0,0,0,0,0,0
2.3.0,191.0,src/java/org/apache/ivy/osgi/repo/ResolverManifestIterable.java,0.0,0,0,0,0,0,0,0,0,0,0,0,0,0.0,0,0,0,0,0,0.0,0,0,0.0,0.0,0,0,0,0,0,0,0
2.3.0,192.0,src/java/org/apache/ivy/osgi/updatesite/PluginAdapter.java,0.0,0,0,0,0,0,0,0,0,0,0,0,0,0.0,0,0,0,0,0,0.0,0,0,0.0,0.0,0,0,0,0,0,0,0
2.3.0,193.0,src/java/org/apache/ivy/osgi/updatesite/UpdateSiteDescriptor.java,0.0,0,0,0,0,0,0,0,0,0,0,0,0,0.0,0,0,0,0,0,0.0,0,0,0.0,0.0,0,0,0,0,0,0,0
2.3.0,194.0,src/java/org/apache/ivy/osgi/updatesite/UpdateSiteLoader.java,0.0,0,0,0,0,0,0,0,0,0,0,0,0,0.0,0,0,0,0,0,0.0,0,0,0.0,0.0,0,0,0,0,0,0,0
2.3.0,195.0,src/java/org/apache/ivy/osgi/updatesite/UpdateSiteResolver.java,0.0,0,0,0,0,0,0,0,0,0,0,0,0,0.0,0,0,0,0,0,0.0,0,0,0.0,0.0,0,0,0,0,0,0,0
2.3.0,196.0,src/java/org/apache/ivy/osgi/util/DelegetingHandler.java,0.0,22,0,0,0,0,0,0,0,0,0,0,0,36.5,0,0,0,0,0,0.0,0,0,0.0,0.636363636,0,0,22,0,0,0,0
2.3.0,197.0,src/java/org/apache/ivy/osgi/util/ParseUtil.java,0.0,0,0,0,0,0,0,0,0,0,0,0,0,0.0,0,0,0,0,0,0.0,0,0,0.0,0.0,0,0,0,0,0,0,0
2.3.0,198.0,src/java/org/apache/ivy/osgi/util/Version.java,0.0,0,0,0,0,0,0,0,0,0,0,0,0,0.0,0,0,0,0,0,0.0,0,0,0.0,1.357142857,0,0,0,0,0,0,0
2.3.0,199.0,src/java/org/apache/ivy/osgi/util/VersionComparator.java,0.0,0,0,0,0,0,0,0,0,0,0,0,0,0.0,0,0,0,0,0,0.0,0,0,0.0,0.0,0,0,0,0,0,0,0
2.3.0,200.0,src/java/org/apache/ivy/osgi/util/VersionRange.java,0.0,0,0,0,0,0,0,0,0,0,0,0,0,0.0,0,0,0,0,0,0.0,0,0,0.0,1.269230769,0,0,0,0,0,0,0
2.3.0,201.0,src/java/org/apache/ivy/osgi/util/ZipUtil.java,0.0,0,0,0,0,0,0,0,0,0,0,0,0,0.0,0,0,0,0,0,0.0,0,0,0.0,0.0,0,0,0,0,0,0,0
2.3.0,202.0,src/java/org/apache/ivy/plugins/circular/AbstractCircularDependencyStrategy.java,0.0,0,0,0,0,0,0,0,0,0,0,0,0,0.0,0,0,0,0,0,0.0,0,0,0.0,0.0,0,0,0,0,0,0,0
2.3.0,203.0,src/java/org/apache/ivy/plugins/circular/AbstractLogCircularDependencyStrategy.java,0.0,0,0,0,0,0,0,0,0,0,0,0,0,0.0,0,0,0,0,0,0.0,0,0,0.0,0.0,0,0,0,0,0,0,0
2.3.0,204.0,src/java/org/apache/ivy/plugins/circular/CircularDependencyException.java,0.0,0,0,0,0,0,0,0,0,0,0,0,0,0.0,0,0,0,0,0,0.0,0,0,0.0,0.0,0,0,0,0,0,0,0
2.3.0,205.0,src/java/org/apache/ivy/plugins/circular/CircularDependencyHelper.java,0.0,0,0,0,0,0,0,0,0,0,0,0,0,0.0,0,0,0,0,0,0.0,0,0,0.0,0.0,0,0,0,0,0,0,0
2.3.0,206.0,src/java/org/apache/ivy/plugins/circular/CircularDependencyStrategy.java,0.0,0,0,0,0,0,0,0,0,0,0,0,0,0.0,0,0,0,0,0,0.0,0,0,0.0,0.0,0,0,0,0,0,0,0
2.3.0,207.0,src/java/org/apache/ivy/plugins/circular/ErrorCircularDependencyStrategy.java,0.0,0,0,0,0,0,0,0,0,0,0,0,0,0.0,0,0,0,0,0,0.0,0,0,0.0,0.0,0,0,0,0,0,0,0
2.3.0,208.0,src/java/org/apache/ivy/plugins/circular/IgnoreCircularDependencyStrategy.java,0.0,0,0,0,0,0,0,0,0,0,0,0,0,0.0,0,0,0,0,0,0.0,0,0,0.0,0.0,0,0,0,0,0,0,0
2.3.0,209.0,src/java/org/apache/ivy/plugins/circular/WarnCircularDependencyStrategy.java,0.0,0,0,0,0,0,0,0,0,0,0,0,0,0.0,0,0,0,0,0,0.0,0,0,0.0,0.0,0,0,0,0,0,0,0
2.3.0,210.0,src/java/org/apache/ivy/plugins/conflict/AbstractConflictManager.java,0.0,0,0,0,0,0,0,0,0,0,0,0,0,0.0,0,0,0,0,0,0.0,0,0,0.0,0.0,0,0,0,0,0,0,0
2.3.0,211.0,src/java/org/apache/ivy/plugins/conflict/ConflictManager.java,0.0,0,0,0,0,0,0,0,0,0,0,0,0,0.0,0,0,0,0,0,0.0,0,0,0.0,0.0,0,0,0,0,0,0,0
2.3.0,212.0,src/java/org/apache/ivy/plugins/conflict/FixedConflictManager.java,0.0,0,0,0,0,0,0,0,0,0,0,0,0,0.0,0,0,0,0,0,0.0,0,0,0.0,0.0,0,0,0,0,0,0,0
2.3.0,213.0,src/java/org/apache/ivy/plugins/conflict/LatestCompatibleConflictManager.java,0.0,0,0,0,0,0,0,0,0,0,0,0,0,0.0,0,0,0,0,0,0.0,0,0,0.0,0.0,0,0,0,0,0,0,0
2.3.0,214.0,src/java/org/apache/ivy/plugins/conflict/LatestConflictManager.java,0.0,0,0,0,0,0,0,0,0,0,0,0,0,0.0,0,0,0,0,0,0.0,0,0,0.0,0.0,0,0,0,0,0,0,0
2.3.0,215.0,src/java/org/apache/ivy/plugins/conflict/NoConflictManager.java,0.0,0,0,0,0,0,0,0,0,0,0,0,0,0.0,0,0,0,0,0,0.0,0,0,0.0,0.0,0,0,0,0,0,0,0
2.3.0,216.0,src/java/org/apache/ivy/plugins/conflict/RegexpConflictManager.java,0.0,0,0,0,0,0,0,0,0,0,0,0,0,0.0,0,0,0,0,0,0.0,0,0,0.0,0.0,0,0,0,0,0,0,0
2.3.0,217.0,src/java/org/apache/ivy/plugins/conflict/StrictConflictException.java,0.0,0,0,0,0,0,0,0,0,0,0,0,0,0.0,0,0,0,0,0,0.0,0,0,0.0,0.0,0,0,0,0,0,0,0
2.3.0,218.0,src/java/org/apache/ivy/plugins/conflict/StrictConflictManager.java,0.0,0,0,0,0,0,0,0,0,0,0,0,0,0.0,0,0,0,0,0,0.0,0,0,0.0,0.0,0,0,0,0,0,0,0
2.3.0,219.0,src/java/org/apache/ivy/plugins/latest/AbstractLatestStrategy.java,0.0,0,0,0,0,0,0,0,0,0,0,0,0,0.0,0,0,0,0,0,0.0,0,0,0.0,0.0,0,0,0,0,0,0,0
2.3.0,220.0,src/java/org/apache/ivy/plugins/latest/ArtifactInfo.java,0.0,0,0,0,0,0,0,0,0,0,0,0,0,0.0,0,0,0,0,0,0.0,0,0,0.0,0.0,0,0,0,0,0,0,0
2.3.0,221.0,src/java/org/apache/ivy/plugins/latest/ComparatorLatestStrategy.java,0.0,0,0,0,0,0,0,0,0,0,0,0,0,0.0,0,0,0,0,0,0.0,0,0,0.0,0.0,0,0,0,0,0,0,0
2.3.0,222.0,src/java/org/apache/ivy/plugins/latest/LatestLexicographicStrategy.java,0.0,0,0,0,0,0,0,0,0,0,0,0,0,0.0,0,0,0,0,0,0.0,0,0,0.0,0.0,0,0,0,0,0,0,0
2.3.0,223.0,src/java/org/apache/ivy/plugins/latest/LatestRevisionStrategy.java,0.0,0,0,0,0,0,0,0,0,0,0,0,0,0.0,0,0,0,0,0,0.0,0,0,0.0,0.384615385,0,0,0,0,0,0,0
2.3.0,224.0,src/java/org/apache/ivy/plugins/latest/LatestStrategy.java,0.0,0,0,0,0,0,0,0,0,0,0,0,0,0.0,0,0,0,0,0,0.0,0,0,0.0,0.0,0,0,0,0,0,0,0
2.3.0,225.0,src/java/org/apache/ivy/plugins/latest/LatestTimeStrategy.java,0.0,0,0,0,0,0,0,0,0,0,0,0,0,0.0,0,0,0,0,0,0.0,0,0,0.0,0.0,0,0,0,0,0,0,0
2.3.0,226.0,src/java/org/apache/ivy/plugins/lock/AbstractLockStrategy.java,0.0,0,0,0,0,0,0,0,0,0,0,0,0,0.0,0,0,0,0,0,0.0,0,0,0.0,0.0,0,0,0,0,0,0,0
2.3.0,227.0,src/java/org/apache/ivy/plugins/lock/ArtifactLockStrategy.java,1.0,0,0,0,0,0,0,0,0,0,0,0,0,0.0,0,0,0,0,0,0.0,0,0,0.0,0.0,0,0,0,0,0,0,0
2.3.0,228.0,src/java/org/apache/ivy/plugins/lock/DeleteOnExitHook.java,0.0,0,0,0,0,0,0,0,0,0,0,0,0,0.0,0,0,0,0,0,0.0,0,0,0.0,0.0,0,0,0,0,0,0,0
2.3.0,229.0,src/java/org/apache/ivy/plugins/lock/FileBasedLockStrategy.java,1.0,0,0,0,0,0,0,0,0,0,0,0,0,0.0,0,0,0,0,0,0.0,0,0,0.0,0.0,0,0,0,0,0,0,0
2.3.0,230.0,src/java/org/apache/ivy/plugins/lock/LockStrategy.java,0.0,0,0,0,0,0,0,0,0,0,0,0,0,0.0,0,0,0,0,0,0.0,0,0,0.0,0.0,0,0,0,0,0,0,0
2.3.0,231.0,src/java/org/apache/ivy/plugins/lock/NoLockStrategy.java,0.0,0,0,0,0,0,0,0,0,0,0,0,0,0.0,0,0,0,0,0,0.0,0,0,0.0,0.0,0,0,0,0,0,0,0
2.3.0,232.0,src/java/org/apache/ivy/plugins/matcher/AbstractPatternMatcher.java,0.0,0,0,0,0,0,0,0,0,0,0,0,0,0.0,0,0,0,0,0,0.0,0,0,0.0,0.0,0,0,0,0,0,0,0
2.3.0,233.0,src/java/org/apache/ivy/plugins/matcher/AnyMatcher.java,0.0,0,0,0,0,0,0,0,0,0,0,0,0,0.0,0,0,0,0,0,0.0,0,0,0.0,0.0,0,0,0,0,0,0,0
2.3.0,234.0,src/java/org/apache/ivy/plugins/matcher/ExactOrRegexpPatternMatcher.java,0.0,0,0,0,0,0,0,0,0,0,0,0,0,0.0,0,0,0,0,0,0.0,0,0,0.0,0.0,0,0,0,0,0,0,0
2.3.0,235.0,src/java/org/apache/ivy/plugins/matcher/ExactPatternMatcher.java,0.0,0,0,0,0,0,0,0,0,0,0,0,0,0.0,0,0,0,0,0,0.0,0,0,0.0,0.0,0,0,0,0,0,0,0
2.3.0,236.0,src/java/org/apache/ivy/plugins/matcher/GlobPatternMatcher.java,0.0,0,0,0,0,0,0,0,0,0,0,0,0,0.0,0,0,0,0,0,0.0,0,0,0.0,0.0,0,0,0,0,0,0,0
2.3.0,237.0,src/java/org/apache/ivy/plugins/matcher/MapMatcher.java,0.0,0,0,0,0,0,0,0,0,0,0,0,0,0.0,0,0,0,0,0,0.0,0,0,0.0,0.0,0,0,0,0,0,0,0
2.3.0,238.0,src/java/org/apache/ivy/plugins/matcher/Matcher.java,0.0,0,0,0,0,0,0,0,0,0,0,0,0,0.0,0,0,0,0,0,0.0,0,0,0.0,0.0,0,0,0,0,0,0,0
2.3.0,239.0,src/java/org/apache/ivy/plugins/matcher/MatcherHelper.java,0.0,0,0,0,0,0,0,0,0,0,0,0,0,0.0,0,0,0,0,0,0.0,0,0,0.0,0.0,0,0,0,0,0,0,0
2.3.0,240.0,src/java/org/apache/ivy/plugins/matcher/NoMatcher.java,0.0,0,0,0,0,0,0,0,0,0,0,0,0,0.0,0,0,0,0,0,0.0,0,0,0.0,0.0,0,0,0,0,0,0,0
2.3.0,241.0,src/java/org/apache/ivy/plugins/matcher/PatternMatcher.java,0.0,0,0,0,0,0,0,0,0,0,0,0,0,0.0,0,0,0,0,0,0.0,0,0,0.0,0.0,0,0,0,0,0,0,0
2.3.0,242.0,src/java/org/apache/ivy/plugins/matcher/RegexpPatternMatcher.java,0.0,0,0,0,0,0,0,0,0,0,0,0,0,0.0,0,0,0,0,0,0.0,0,0,0.0,0.0,0,0,0,0,0,0,0
2.3.0,243.0,src/java/org/apache/ivy/plugins/namespace/MRIDRule.java,0.0,0,0,0,0,0,0,0,0,0,0,0,0,0.0,0,0,0,0,0,0.0,0,0,0.0,0.0,0,0,0,0,0,0,0
2.3.0,244.0,src/java/org/apache/ivy/plugins/namespace/MRIDTransformationRule.java,0.0,0,0,0,0,0,0,0,0,0,0,0,0,0.0,0,0,0,0,0,0.0,0,0,0.0,0.0,0,0,0,0,0,0,0
2.3.0,245.0,src/java/org/apache/ivy/plugins/namespace/Namespace.java,0.0,0,0,0,0,0,0,0,0,0,0,0,0,0.0,0,0,0,0,0,0.0,0,0,0.0,0.909090909,0,0,0,0,0,0,0
2.3.0,246.0,src/java/org/apache/ivy/plugins/namespace/NameSpaceHelper.java,0.0,0,0,0,0,0,0,0,0,0,0,0,0,0.0,0,0,0,0,0,0.0,0,0,0.0,0.0,0,0,0,0,0,0,0
2.3.0,247.0,src/java/org/apache/ivy/plugins/namespace/NamespaceRule.java,0.0,0,0,0,0,0,0,0,0,0,0,0,0,0.0,0,0,0,0,0,0.0,0,0,0.0,0.0,0,0,0,0,0,0,0
2.3.0,248.0,src/java/org/apache/ivy/plugins/namespace/NamespaceTransformer.java,0.0,0,0,0,0,0,0,0,0,0,0,0,0,0.0,0,0,0,0,0,0.0,0,0,0.0,0.0,0,0,0,0,0,0,0
2.3.0,249.0,src/java/org/apache/ivy/plugins/parser/AbstractModuleDescriptorParser.java,0.0,0,0,0,0,0,0,0,0,0,0,0,0,0.0,0,0,0,0,0,0.0,0,0,0.0,0.0,0,0,0,0,0,0,0
2.3.0,250.0,src/java/org/apache/ivy/plugins/parser/ModuleDescriptorParser.java,0.0,0,0,0,0,0,0,0,0,0,0,0,0,0.0,0,0,0,0,0,0.0,0,0,0.0,0.0,0,0,0,0,0,0,0
2.3.0,251.0,src/java/org/apache/ivy/plugins/parser/ModuleDescriptorParserRegistry.java,0.0,0,0,0,0,0,0,0,0,0,0,0,0,0.0,0,0,0,0,0,0.0,0,0,0.0,0.0,0,0,0,0,0,0,0
2.3.0,252.0,src/java/org/apache/ivy/plugins/parser/ParserSettings.java,0.0,0,0,0,0,0,0,0,0,0,0,0,0,0.0,0,0,0,0,0,0.0,0,0,0.0,0.0,0,0,0,0,0,0,0
2.3.0,253.0,src/java/org/apache/ivy/plugins/report/LogReportOutputter.java,0.0,0,0,0,0,0,0,0,0,0,0,0,0,0.0,0,0,0,0,0,0.0,0,0,0.0,0.0,0,0,0,0,0,0,0
2.3.0,254.0,src/java/org/apache/ivy/plugins/report/ReportOutputter.java,0.0,0,0,0,0,0,0,0,0,0,0,0,0,0.0,0,0,0,0,0,0.0,0,0,0.0,0.0,0,0,0,0,0,0,0
2.3.0,255.0,src/java/org/apache/ivy/plugins/report/XmlReportOutputter.java,0.0,0,0,0,0,0,0,0,0,0,0,0,0,0.0,0,0,0,0,0,0.0,0,0,0.0,0.0,0,0,0,0,0,0,0
2.3.0,256.0,src/java/org/apache/ivy/plugins/report/XmlReportParser.java,0.0,0,0,0,0,0,0,0,0,0,0,0,0,0.0,0,0,0,0,0,0.0,0,0,0.0,0.0,0,0,0,0,0,0,0
2.3.0,257.0,src/java/org/apache/ivy/plugins/report/XmlReportWriter.java,0.0,0,0,0,0,0,0,0,0,0,0,0,0,0.0,0,0,0,0,0,0.0,0,0,0.0,0.0,0,0,0,0,0,0,0
2.3.0,258.0,src/java/org/apache/ivy/plugins/repository/AbstractRepository.java,0.0,0,0,0,0,0,0,0,0,0,0,0,0,0.0,0,0,0,0,0,0.0,0,0,0.0,0.0,0,0,0,0,0,0,0
2.3.0,259.0,src/java/org/apache/ivy/plugins/repository/ArtifactResourceResolver.java,0.0,0,0,0,0,0,0,0,0,0,0,0,0,0.0,0,0,0,0,0,0.0,0,0,0.0,0.0,0,0,0,0,0,0,0
2.3.0,260.0,src/java/org/apache/ivy/plugins/repository/BasicResource.java,0.0,0,0,0,0,0,0,0,0,0,0,0,0,0.0,0,0,0,0,0,0.0,0,0,0.0,0.0,0,0,0,0,0,0,0
2.3.0,261.0,src/java/org/apache/ivy/plugins/repository/LazyResource.java,0.0,0,0,0,0,0,0,0,0,0,0,0,0,0.0,0,0,0,0,0,0.0,0,0,0.0,0.0,0,0,0,0,0,0,0
2.3.0,262.0,src/java/org/apache/ivy/plugins/repository/Repository.java,0.0,0,0,0,0,0,0,0,0,0,0,0,0,0.0,0,0,0,0,0,0.0,0,0,0.0,0.0,0,0,0,0,0,0,0
2.3.0,263.0,src/java/org/apache/ivy/plugins/repository/RepositoryCopyProgressListener.java,0.0,0,0,0,0,0,0,0,0,0,0,0,0,0.0,0,0,0,0,0,0.0,0,0,0.0,0.0,0,0,0,0,0,0,0
2.3.0,264.0,src/java/org/apache/ivy/plugins/repository/Resource.java,0.0,0,0,0,0,0,0,0,0,0,0,0,0,0.0,0,0,0,0,0,0.0,0,0,0.0,0.0,0,0,0,0,0,0,0
2.3.0,265.0,src/java/org/apache/ivy/plugins/repository/ResourceDownloader.java,0.0,0,0,0,0,0,0,0,0,0,0,0,0,0.0,0,0,0,0,0,0.0,0,0,0.0,0.0,0,0,0,0,0,0,0
2.3.0,266.0,src/java/org/apache/ivy/plugins/repository/ResourceHelper.java,0.0,0,0,0,0,0,0,0,0,0,0,0,0,0.0,0,0,0,0,0,0.0,0,0,0.0,0.0,0,0,0,0,0,0,0
2.3.0,267.0,src/java/org/apache/ivy/plugins/repository/TransferEvent.java,0.0,0,0,0,0,0,0,0,0,0,0,0,0,0.0,0,0,0,0,0,0.0,0,0,0.0,0.0,0,0,0,0,0,0,0
2.3.0,268.0,src/java/org/apache/ivy/plugins/repository/TransferListener.java,0.0,0,0,0,0,0,0,0,0,0,0,0,0,0.0,0,0,0,0,0,0.0,0,0,0.0,0.0,0,0,0,0,0,0,0
2.3.0,269.0,src/java/org/apache/ivy/plugins/resolver/AbstractPatternsBasedResolver.java,0.0,0,0,0,0,0,0,0,0,0,0,0,0,0.0,0,0,0,0,0,0.0,0,0,0.0,0.0,0,0,0,0,0,0,0
2.3.0,270.0,src/java/org/apache/ivy/plugins/resolver/AbstractResolver.java,1.0,0,0,0,0,0,0,0,0,0,0,0,0,0.0,0,0,0,0,0,0.0,0,0,0.0,0.05,0,0,0,0,0,0,0
2.3.0,271.0,src/java/org/apache/ivy/plugins/resolver/AbstractSshBasedResolver.java,0.0,0,0,0,0,0,0,0,0,0,0,0,0,0.0,0,0,0,0,0,0.0,0,0,0.0,0.0,0,0,0,0,0,0,0
2.3.0,272.0,src/java/org/apache/ivy/plugins/resolver/BasicResolver.java,1.0,0,0,0,0,0,0,0,0,0,0,0,0,0.0,0,0,0,0,0,0.0,0,0,0.0,0.073529412,0,0,0,0,0,0,0
2.3.0,273.0,src/java/org/apache/ivy/plugins/resolver/CacheResolver.java,0.0,0,0,0,0,0,0,0,0,0,0,0,0,0.0,0,0,0,0,0,0.0,0,0,0.0,0.0,0,0,0,0,0,0,0
2.3.0,274.0,src/java/org/apache/ivy/plugins/resolver/ChainResolver.java,0.0,0,0,0,0,0,0,0,0,0,0,0,0,0.0,0,0,0,0,0,0.0,0,0,0.0,0.0,0,0,0,0,0,0,0
2.3.0,275.0,src/java/org/apache/ivy/plugins/resolver/DependencyResolver.java,0.0,0,0,0,0,0,0,0,0,0,0,0,0,0.0,0,0,0,0,0,0.0,0,0,0.0,0.0,0,0,0,0,0,0,0
2.3.0,276.0,src/java/org/apache/ivy/plugins/resolver/DualResolver.java,0.0,0,0,0,0,0,0,0,0,0,0,0,0,0.0,0,0,0,0,0,0.0,0,0,0.0,0.142857143,0,0,0,0,0,0,0
2.3.0,277.0,src/java/org/apache/ivy/plugins/resolver/FileSystemResolver.java,0.0,0,0,0,0,0,0,0,0,0,0,0,0,0.0,0,0,0,0,0,0.0,0,0,0.0,0.0,0,0,0,0,0,0,0
2.3.0,278.0,src/java/org/apache/ivy/plugins/resolver/IBiblioResolver.java,0.0,0,0,0,0,0,0,0,0,0,0,0,0,0.0,0,0,0,0,0,0.0,0,0,0.0,0.307692308,0,0,0,0,0,0,0
2.3.0,279.0,src/java/org/apache/ivy/plugins/resolver/IvyRepResolver.java,0.0,0,0,0,0,0,0,0,0,0,0,0,0,0.0,0,0,0,0,0,0.0,0,0,0.0,0.482758621,0,0,0,0,0,0,0
2.3.0,280.0,src/java/org/apache/ivy/plugins/resolver/JarResolver.java,0.0,0,0,0,0,0,0,0,0,0,0,0,0,0.0,0,0,0,0,0,0.0,0,0,0.0,0.0,0,0,0,0,0,0,0
2.3.0,281.0,src/java/org/apache/ivy/plugins/resolver/MirroredURLResolver.java,0.0,0,0,0,0,0,0,0,0,0,0,0,0,0.0,0,0,0,0,0,0.0,0,0,0.0,0.0,0,0,0,0,0,0,0
2.3.0,282.0,src/java/org/apache/ivy/plugins/resolver/RepositoryResolver.java,0.0,0,0,0,0,0,0,0,0,0,0,0,0,0.0,0,0,0,0,0,0.0,0,0,0.0,0.0,0,0,0,0,0,0,0
2.3.0,283.0,src/java/org/apache/ivy/plugins/resolver/ResolverSettings.java,0.0,0,0,0,0,0,0,0,0,0,0,0,0,0.0,0,0,0,0,0,0.0,0,0,0.0,0.0,0,0,0,0,0,0,0
2.3.0,284.0,src/java/org/apache/ivy/plugins/resolver/SFTPResolver.java,0.0,0,0,0,0,0,0,0,0,0,0,0,0,0.0,0,0,0,0,0,0.0,0,0,0.0,0.0,0,0,0,0,0,0,0
2.3.0,285.0,src/java/org/apache/ivy/plugins/resolver/SshResolver.java,0.0,0,0,0,0,0,0,0,0,0,0,0,0,0.0,0,0,0,0,0,0.0,0,0,0.0,0.0,0,0,0,0,0,0,0
2.3.0,286.0,src/java/org/apache/ivy/plugins/resolver/URLResolver.java,0.0,0,0,0,0,0,0,0,0,0,0,0,0,0.0,0,0,0,0,0,0.0,0,0,0.0,0.0,0,0,0,0,0,0,0
2.3.0,287.0,src/java/org/apache/ivy/plugins/resolver/VfsResolver.java,0.0,0,0,0,0,0,0,0,0,0,0,0,0,0.0,0,0,0,0,0,0.0,0,0,0.0,0.0,0,0,0,0,0,0,0
2.3.0,288.0,src/java/org/apache/ivy/plugins/resolver/VsftpResolver.java,0.0,0,0,0,0,0,0,0,0,0,0,0,0,0.0,0,0,0,0,0,0.0,0,0,0.0,0.0,0,0,0,0,0,0,0
2.3.0,289.0,src/java/org/apache/ivy/plugins/signer/SignatureGenerator.java,0.0,0,0,0,0,0,0,0,0,0,0,0,0,0.0,0,0,0,0,0,0.0,0,0,0.0,0.0,0,0,0,0,0,0,0
2.3.0,290.0,src/java/org/apache/ivy/plugins/trigger/AbstractTrigger.java,0.0,0,0,0,0,0,0,0,0,0,0,0,0,0.0,0,0,0,0,0,0.0,0,0,0.0,0.0,0,0,0,0,0,0,0
2.3.0,291.0,src/java/org/apache/ivy/plugins/trigger/LogTrigger.java,0.0,0,0,0,0,0,0,0,0,0,0,0,0,0.0,0,0,0,0,0,0.0,0,0,0.0,0.0,0,0,0,0,0,0,0
2.3.0,292.0,src/java/org/apache/ivy/plugins/trigger/Trigger.java,0.0,0,0,0,0,0,0,0,0,0,0,0,0,0.0,0,0,0,0,0,0.0,0,0,0.0,0.0,0,0,0,0,0,0,0
2.3.0,293.0,src/java/org/apache/ivy/plugins/version/AbstractVersionMatcher.java,0.0,0,0,0,0,0,0,0,0,0,0,0,0,0.0,0,0,0,0,0,0.0,0,0,0.0,0.0,0,0,0,0,0,0,0
2.3.0,294.0,src/java/org/apache/ivy/plugins/version/ChainVersionMatcher.java,0.0,0,0,0,0,0,0,0,0,0,0,0,0,0.0,0,0,0,0,0,0.0,0,0,0.0,1.0,0,0,0,0,0,0,0
2.3.0,295.0,src/java/org/apache/ivy/plugins/version/ExactVersionMatcher.java,0.0,0,0,0,0,0,0,0,0,0,0,0,0,0.0,0,0,0,0,0,0.0,0,0,0.0,0.0,0,0,0,0,0,0,0
2.3.0,296.0,src/java/org/apache/ivy/plugins/version/LatestVersionMatcher.java,1.0,0,0,0,0,0,0,0,0,0,0,0,0,0.0,0,0,0,0,0,0.0,0,0,0.0,0.0,0,0,0,0,0,0,0
2.3.0,297.0,src/java/org/apache/ivy/plugins/version/Match.java,0.0,0,0,0,0,0,0,0,0,0,0,0,0,0.0,0,0,0,0,0,0.0,0,0,0.0,0.0,0,0,0,0,0,0,0
2.3.0,298.0,src/java/org/apache/ivy/plugins/version/PatternVersionMatcher.java,0.0,0,0,0,0,0,0,0,0,0,0,0,0,0.0,0,0,0,0,0,0.0,0,0,0.0,0.0,0,0,0,0,0,0,0
2.3.0,299.0,src/java/org/apache/ivy/plugins/version/SubVersionMatcher.java,0.0,0,0,0,0,0,0,0,0,0,0,0,0,0.0,0,0,0,0,0,0.0,0,0,0.0,0.0,0,0,0,0,0,0,0
2.3.0,300.0,src/java/org/apache/ivy/plugins/version/VersionMatcher.java,0.0,0,0,0,0,0,0,0,0,0,0,0,0,0.0,0,0,0,0,0,0.0,0,0,0.0,0.0,0,0,0,0,0,0,0
2.3.0,301.0,src/java/org/apache/ivy/plugins/version/VersionRangeMatcher.java,0.0,0,0,0,0,0,0,0,0,0,0,0,0,0.0,0,0,0,0,0,0.0,0,0,0.0,0.0,0,0,0,0,0,0,0
2.3.0,302.0,src/java/org/apache/ivy/tools/analyser/DependencyAnalyser.java,0.0,0,0,0,0,0,0,0,0,0,0,0,0,0.0,0,0,0,0,0,0.0,0,0,0.0,0.0,0,0,0,0,0,0,0
2.3.0,303.0,src/java/org/apache/ivy/tools/analyser/JarJarDependencyAnalyser.java,0.0,0,0,0,0,0,0,0,0,0,0,0,0,0.0,0,0,0,0,0,0.0,0,0,0.0,0.0,0,0,0,0,0,0,0
2.3.0,304.0,src/java/org/apache/ivy/tools/analyser/JarModule.java,0.0,0,0,0,0,0,0,0,0,0,0,0,0,0.0,0,0,0,0,0,0.0,0,0,0.0,0.0,0,0,0,0,0,0,0
2.3.0,305.0,src/java/org/apache/ivy/tools/analyser/JarModuleFinder.java,0.0,0,0,0,0,0,0,0,0,0,0,0,0,0.0,0,0,0,0,0,0.0,0,0,0.0,0.0,0,0,0,0,0,0,0
2.3.0,306.0,src/java/org/apache/ivy/tools/analyser/RepositoryAnalyser.java,0.0,0,0,0,0,0,0,0,0,0,0,0,0,0.0,0,0,0,0,0,0.0,0,0,0.0,0.0,0,0,0,0,0,0,0
2.3.0,307.0,src/java/org/apache/ivy/util/cli/CommandLine.java,0.0,0,0,0,0,0,0,0,0,0,0,0,0,0.0,0,0,0,0,0,0.0,0,0,0.0,0.0,0,0,0,0,0,0,0
2.3.0,308.0,src/java/org/apache/ivy/util/cli/CommandLineParser.java,0.0,0,0,0,0,0,0,0,0,0,0,0,0,0.0,0,0,0,0,0,0.0,0,0,0.0,0.0,0,0,0,0,0,0,0
2.3.0,309.0,src/java/org/apache/ivy/util/cli/Option.java,0.0,0,0,0,0,0,0,0,0,0,0,0,0,0.0,0,0,0,0,0,0.0,0,0,0.0,0.0,0,0,0,0,0,0,0
2.3.0,310.0,src/java/org/apache/ivy/util/cli/OptionBuilder.java,0.0,0,0,0,0,0,0,0,0,0,0,0,0,0.0,0,0,0,0,0,0.0,0,0,0.0,0.0,0,0,0,0,0,0,0
2.3.0,311.0,src/java/org/apache/ivy/util/cli/ParseException.java,0.0,0,0,0,0,0,0,0,0,0,0,0,0,0.0,0,0,0,0,0,0.0,0,0,0.0,0.0,0,0,0,0,0,0,0
2.3.0,312.0,src/java/org/apache/ivy/util/extendable/DefaultExtendableItem.java,0.0,0,0,0,0,0,0,0,0,0,0,0,0,0.0,0,0,0,0,0,0.0,0,0,0.0,0.0,0,0,0,0,0,0,0
2.3.0,313.0,src/java/org/apache/ivy/util/extendable/ExtendableItem.java,0.0,0,0,0,0,0,0,0,0,0,0,0,0,0.0,0,0,0,0,0,0.0,0,0,0.0,0.0,0,0,0,0,0,0,0
2.3.0,314.0,src/java/org/apache/ivy/util/extendable/ExtendableItemHelper.java,0.0,0,0,0,0,0,0,0,0,0,0,0,0,0.0,0,0,0,0,0,0.0,0,0,0.0,0.0,0,0,0,0,0,0,0
2.3.0,315.0,src/java/org/apache/ivy/util/extendable/UnmodifiableExtendableItem.java,0.0,0,0,0,0,0,0,0,0,0,0,0,0,0.0,0,0,0,0,0,0.0,0,0,0.0,0.0,0,0,0,0,0,0,0
2.3.0,316.0,src/java/org/apache/ivy/util/filter/AndFilter.java,0.0,0,0,0,0,0,0,0,0,0,0,0,0,0.0,0,0,0,0,0,0.0,0,0,0.0,0.0,0,0,0,0,0,0,0
2.3.0,317.0,src/java/org/apache/ivy/util/filter/ArtifactTypeFilter.java,0.0,0,0,0,0,0,0,0,0,0,0,0,0,0.0,0,0,0,0,0,0.0,0,0,0.0,0.0,0,0,0,0,0,0,0
2.3.0,318.0,src/java/org/apache/ivy/util/filter/Filter.java,0.0,0,0,0,0,0,0,0,0,0,0,0,0,0.0,0,0,0,0,0,0.0,0,0,0.0,0.0,0,0,0,0,0,0,0
2.3.0,319.0,src/java/org/apache/ivy/util/filter/FilterHelper.java,0.0,0,0,0,0,0,0,0,0,0,0,0,0,0.0,0,0,0,0,0,0.0,0,0,0.0,0.0,0,0,0,0,0,0,0
2.3.0,320.0,src/java/org/apache/ivy/util/filter/NoFilter.java,0.0,0,0,0,0,0,0,0,0,0,0,0,0,0.0,0,0,0,0,0,0.0,0,0,0.0,0.0,0,0,0,0,0,0,0
2.3.0,321.0,src/java/org/apache/ivy/util/filter/NotFilter.java,0.0,0,0,0,0,0,0,0,0,0,0,0,0,0.0,0,0,0,0,0,0.0,0,0,0.0,0.0,0,0,0,0,0,0,0
2.3.0,322.0,src/java/org/apache/ivy/util/filter/OrFilter.java,0.0,0,0,0,0,0,0,0,0,0,0,0,0,0.0,0,0,0,0,0,0.0,0,0,0.0,0.0,0,0,0,0,0,0,0
2.3.0,323.0,src/java/org/apache/ivy/util/url/AbstractURLHandler.java,0.0,0,0,0,0,0,0,0,0,0,0,0,0,0.0,0,0,0,0,0,0.0,0,0,0.0,0.0,0,0,0,0,0,0,0
2.3.0,324.0,src/java/org/apache/ivy/util/url/ApacheURLLister.java,0.0,0,0,0,0,0,0,0,0,0,0,0,0,0.0,0,0,0,0,0,0.0,0,0,0.0,0.0,0,0,0,0,0,0,0
2.3.0,325.0,src/java/org/apache/ivy/util/url/BasicURLHandler.java,0.0,0,0,0,0,0,0,0,0,0,0,0,0,0.0,0,0,0,0,0,0.0,0,0,0.0,1.2,0,0,0,0,0,0,0
2.3.0,326.0,src/java/org/apache/ivy/util/url/CredentialsStore.java,0.0,0,0,0,0,0,0,0,0,0,0,0,0,0.0,0,0,0,0,0,0.0,0,0,0.0,0.0,0,0,0,0,0,0,0
2.3.0,327.0,src/java/org/apache/ivy/util/url/HttpClientHandler.java,0.0,0,0,0,0,0,0,0,0,0,0,0,0,0.0,0,0,0,0,0,0.0,0,0,0.0,0.176470588,0,0,0,0,0,0,0
2.3.0,328.0,src/java/org/apache/ivy/util/url/IvyAuthenticator.java,0.0,0,0,0,0,0,0,0,0,0,0,0,0,0.0,0,0,0,0,0,0.0,0,0,0.0,0.0,0,0,0,0,0,0,0
2.3.0,329.0,src/java/org/apache/ivy/util/url/URLHandler.java,0.0,0,0,0,0,0,0,0,0,0,0,0,0,0.0,0,0,0,0,0,0.0,0,0,0.0,0.0,0,0,0,0,0,0,0
2.3.0,330.0,src/java/org/apache/ivy/util/url/URLHandlerDispatcher.java,0.0,0,0,0,0,0,0,0,0,0,0,0,0,0.0,0,0,0,0,0,0.0,0,0,0.0,0.0,0,0,0,0,0,0,0
2.3.0,331.0,src/java/org/apache/ivy/util/url/URLHandlerRegistry.java,0.0,0,0,0,0,0,0,0,0,0,0,0,0,0.0,0,0,0,0,0,0.0,0,0,0.0,0.0,0,0,0,0,0,0,0
2.3.0,332.0,src/java/org/apache/ivy/core/event/download/DownloadEvent.java,0.0,0,0,0,0,0,0,0,0,0,0,0,0,0.0,0,0,0,0,0,0.0,0,0,0.0,0.0,0,0,0,0,0,0,0
2.3.0,333.0,src/java/org/apache/ivy/core/event/download/EndArtifactDownloadEvent.java,0.0,0,0,0,0,0,0,0,0,0,0,0,0,0.0,0,0,0,0,0,0.0,0,0,0.0,0.0,0,0,0,0,0,0,0
2.3.0,334.0,src/java/org/apache/ivy/core/event/download/NeedArtifactEvent.java,0.0,0,0,0,0,0,0,0,0,0,0,0,0,0.0,0,0,0,0,0,0.0,0,0,0.0,0.0,0,0,0,0,0,0,0
2.3.0,335.0,src/java/org/apache/ivy/core/event/download/PrepareDownloadEvent.java,0.0,0,0,0,0,0,0,0,0,0,0,0,0,0.0,0,0,0,0,0,0.0,0,0,0.0,0.0,0,0,0,0,0,0,0
2.3.0,336.0,src/java/org/apache/ivy/core/event/download/StartArtifactDownloadEvent.java,0.0,0,0,0,0,0,0,0,0,0,0,0,0,0.0,0,0,0,0,0,0.0,0,0,0.0,0.0,0,0,0,0,0,0,0
2.3.0,337.0,src/java/org/apache/ivy/core/event/publish/EndArtifactPublishEvent.java,0.0,0,0,0,0,0,0,0,0,0,0,0,0,0.0,0,0,0,0,0,0.0,0,0,0.0,0.0,0,0,0,0,0,0,0
2.3.0,338.0,src/java/org/apache/ivy/core/event/publish/PublishEvent.java,0.0,0,0,0,0,0,0,0,0,0,0,0,0,0.0,0,0,0,0,0,0.0,0,0,0.0,0.0,0,0,0,0,0,0,0
2.3.0,339.0,src/java/org/apache/ivy/core/event/publish/StartArtifactPublishEvent.java,0.0,0,0,0,0,0,0,0,0,0,0,0,0,0.0,0,0,0,0,0,0.0,0,0,0.0,0.0,0,0,0,0,0,0,0
2.3.0,340.0,src/java/org/apache/ivy/core/event/resolve/EndResolveDependencyEvent.java,0.0,0,0,0,0,0,0,0,0,0,0,0,0,0.0,0,0,0,0,0,0.0,0,0,0.0,0.0,0,0,0,0,0,0,0
2.3.0,341.0,src/java/org/apache/ivy/core/event/resolve/EndResolveEvent.java,0.0,0,0,0,0,0,0,0,0,0,0,0,0,0.0,0,0,0,0,0,0.0,0,0,0.0,0.0,0,0,0,0,0,0,0
2.3.0,342.0,src/java/org/apache/ivy/core/event/resolve/ResolveDependencyEvent.java,0.0,0,0,0,0,0,0,0,0,0,0,0,0,0.0,0,0,0,0,0,0.0,0,0,0.0,0.0,0,0,0,0,0,0,0
2.3.0,343.0,src/java/org/apache/ivy/core/event/resolve/ResolveEvent.java,0.0,0,0,0,0,0,0,0,0,0,0,0,0,0.0,0,0,0,0,0,0.0,0,0,0.0,0.0,0,0,0,0,0,0,0
2.3.0,344.0,src/java/org/apache/ivy/core/event/resolve/StartResolveDependencyEvent.java,0.0,0,0,0,0,0,0,0,0,0,0,0,0,0.0,0,0,0,0,0,0.0,0,0,0.0,0.0,0,0,0,0,0,0,0
2.3.0,345.0,src/java/org/apache/ivy/core/event/resolve/StartResolveEvent.java,0.0,0,0,0,0,0,0,0,0,0,0,0,0,0.0,0,0,0,0,0,0.0,0,0,0.0,0.0,0,0,0,0,0,0,0
2.3.0,346.0,src/java/org/apache/ivy/core/event/retrieve/EndRetrieveArtifactEvent.java,0.0,0,0,0,0,0,0,0,0,0,0,0,0,0.0,0,0,0,0,0,0.0,0,0,0.0,0.0,0,0,0,0,0,0,0
2.3.0,347.0,src/java/org/apache/ivy/core/event/retrieve/EndRetrieveEvent.java,0.0,0,0,0,0,0,0,0,0,0,0,0,0,0.0,0,0,0,0,0,0.0,0,0,0.0,0.0,0,0,0,0,0,0,0
2.3.0,348.0,src/java/org/apache/ivy/core/event/retrieve/RetrieveArtifactEvent.java,0.0,0,0,0,0,0,0,0,0,0,0,0,0,0.0,0,0,0,0,0,0.0,0,0,0.0,0.0,0,0,0,0,0,0,0
2.3.0,349.0,src/java/org/apache/ivy/core/event/retrieve/RetrieveEvent.java,0.0,0,0,0,0,0,0,0,0,0,0,0,0,0.0,0,0,0,0,0,0.0,0,0,0.0,0.0,0,0,0,0,0,0,0
2.3.0,350.0,src/java/org/apache/ivy/core/event/retrieve/StartRetrieveArtifactEvent.java,0.0,0,0,0,0,0,0,0,0,0,0,0,0,0.0,0,0,0,0,0,0.0,0,0,0.0,0.0,0,0,0,0,0,0,0
2.3.0,351.0,src/java/org/apache/ivy/core/event/retrieve/StartRetrieveEvent.java,0.0,0,0,0,0,0,0,0,0,0,0,0,0,0.0,0,0,0,0,0,0.0,0,0,0.0,0.0,0,0,0,0,0,0,0
2.3.0,352.0,src/java/org/apache/ivy/core/module/descriptor/AbstractArtifact.java,0.0,0,0,0,0,0,0,0,0,0,0,0,0,0.0,0,0,0,0,0,0.0,0,0,0.0,0.0,0,0,0,0,0,0,0
2.3.0,353.0,src/java/org/apache/ivy/core/module/descriptor/AbstractIncludeExcludeRule.java,0.0,0,0,0,0,0,0,0,0,0,0,0,0,0.0,0,0,0,0,0,0.0,0,0,0.0,0.0,0,0,0,0,0,0,0
2.3.0,354.0,src/java/org/apache/ivy/core/module/descriptor/Artifact.java,0.0,0,0,0,0,0,0,0,0,0,0,0,0,0.0,0,0,0,0,0,0.0,0,0,0.0,0.0,0,0,0,0,0,0,0
2.3.0,355.0,src/java/org/apache/ivy/core/module/descriptor/Configuration.java,0.0,0,0,0,0,0,0,0,0,0,0,0,0,0.0,0,0,0,0,0,0.0,0,0,0.0,0.0,0,0,0,0,0,0,0
2.3.0,356.0,src/java/org/apache/ivy/core/module/descriptor/ConfigurationAware.java,0.0,0,0,0,0,0,0,0,0,0,0,0,0,0.0,0,0,0,0,0,0.0,0,0,0.0,0.0,0,0,0,0,0,0,0
2.3.0,357.0,src/java/org/apache/ivy/core/module/descriptor/ConfigurationGroup.java,0.0,0,0,0,0,0,0,0,0,0,0,0,0,0.0,0,0,0,0,0,0.0,0,0,0.0,0.0,0,0,0,0,0,0,0
2.3.0,358.0,src/java/org/apache/ivy/core/module/descriptor/ConfigurationIntersection.java,0.0,0,0,0,0,0,0,0,0,0,0,0,0,0.0,0,0,0,0,0,0.0,0,0,0.0,0.0,0,0,0,0,0,0,0
2.3.0,359.0,src/java/org/apache/ivy/core/module/descriptor/DefaultArtifact.java,0.0,0,0,0,0,0,0,0,0,0,0,0,0,0.0,0,0,0,0,0,0.0,0,0,0.0,0.0,0,0,0,0,0,0,0
2.3.0,360.0,src/java/org/apache/ivy/core/module/descriptor/DefaultDependencyArtifactDescriptor.java,0.0,0,0,0,0,0,0,0,0,0,0,0,0,0.0,0,0,0,0,0,0.0,0,0,0.0,0.0,0,0,0,0,0,0,0
2.3.0,361.0,src/java/org/apache/ivy/core/module/descriptor/DefaultDependencyDescriptor.java,0.0,0,0,0,0,0,0,0,0,0,0,0,0,0.0,0,0,0,0,0,0.0,0,0,0.0,0.071428571,0,0,0,0,0,0,0
2.3.0,362.0,src/java/org/apache/ivy/core/module/descriptor/DefaultExcludeRule.java,0.0,0,0,0,0,0,0,0,0,0,0,0,0,0.0,0,0,0,0,0,0.0,0,0,0.0,0.0,0,0,0,0,0,0,0
2.3.0,363.0,src/java/org/apache/ivy/core/module/descriptor/DefaultExtendsDescriptor.java,0.0,0,0,0,0,0,0,0,0,0,0,0,0,0.0,0,0,0,0,0,0.0,0,0,0.0,0.0,0,0,0,0,0,0,0
2.3.0,364.0,src/java/org/apache/ivy/core/module/descriptor/DefaultIncludeRule.java,0.0,0,0,0,0,0,0,0,0,0,0,0,0,0.0,0,0,0,0,0,0.0,0,0,0.0,0.0,0,0,0,0,0,0,0
2.3.0,365.0,src/java/org/apache/ivy/core/module/descriptor/DefaultModuleDescriptor.java,0.0,0,0,0,0,0,0,0,0,0,0,0,0,0.0,0,0,0,0,0,0.0,0,0,0.0,0.168674699,0,0,0,0,0,0,0
2.3.0,366.0,src/java/org/apache/ivy/core/module/descriptor/DependencyArtifactDescriptor.java,0.0,0,0,0,0,0,0,0,0,0,0,0,0,0.0,0,0,0,0,0,0.0,0,0,0.0,0.0,0,0,0,0,0,0,0
2.3.0,367.0,src/java/org/apache/ivy/core/module/descriptor/DependencyDescriptor.java,0.0,0,0,0,0,0,0,0,0,0,0,0,0,0.0,0,0,0,0,0,0.0,0,0,0.0,0.0,0,0,0,0,0,0,0
2.3.0,368.0,src/java/org/apache/ivy/core/module/descriptor/DependencyDescriptorMediator.java,0.0,0,0,0,0,0,0,0,0,0,0,0,0,0.0,0,0,0,0,0,0.0,0,0,0.0,0.0,0,0,0,0,0,0,0
2.3.0,369.0,src/java/org/apache/ivy/core/module/descriptor/ExcludeRule.java,0.0,0,0,0,0,0,0,0,0,0,0,0,0,0.0,0,0,0,0,0,0.0,0,0,0.0,0.0,0,0,0,0,0,0,0
2.3.0,370.0,src/java/org/apache/ivy/core/module/descriptor/ExtendsDescriptor.java,0.0,0,0,0,0,0,0,0,0,0,0,0,0,0.0,0,0,0,0,0,0.0,0,0,0.0,0.0,0,0,0,0,0,0,0
2.3.0,371.0,src/java/org/apache/ivy/core/module/descriptor/IncludeRule.java,0.0,0,0,0,0,0,0,0,0,0,0,0,0,0.0,0,0,0,0,0,0.0,0,0,0.0,0.0,0,0,0,0,0,0,0
2.3.0,372.0,src/java/org/apache/ivy/core/module/descriptor/InheritableItem.java,0.0,0,0,0,0,0,0,0,0,0,0,0,0,0.0,0,0,0,0,0,0.0,0,0,0.0,0.0,0,0,0,0,0,0,0
2.3.0,373.0,src/java/org/apache/ivy/core/module/descriptor/License.java,0.0,0,0,0,0,0,0,0,0,0,0,0,0,0.0,0,0,0,0,0,0.0,0,0,0.0,0.0,0,0,0,0,0,0,0
2.3.0,374.0,src/java/org/apache/ivy/core/module/descriptor/MDArtifact.java,0.0,0,0,0,0,0,0,0,0,0,0,0,0,0.0,0,0,0,0,0,0.0,0,0,0.0,0.571428571,0,0,0,0,0,0,0
2.3.0,375.0,src/java/org/apache/ivy/core/module/descriptor/ModuleDescriptor.java,0.0,0,0,0,0,0,0,0,0,0,0,0,0,0.0,0,0,0,0,0,0.0,0,0,0.0,0.0,0,0,0,0,0,0,0
2.3.0,376.0,src/java/org/apache/ivy/core/module/descriptor/OverrideDependencyDescriptorMediator.java,0.0,0,0,0,0,0,0,0,0,0,0,0,0,0.0,0,0,0,0,0,0.0,0,0,0.0,0.0,0,0,0,0,0,0,0
2.3.0,377.0,src/java/org/apache/ivy/core/module/id/ArtifactId.java,0.0,0,0,0,0,0,0,0,0,0,0,0,0,0.0,0,0,0,0,0,0.0,0,0,0.0,0.0,0,0,0,0,0,0,0
2.3.0,378.0,src/java/org/apache/ivy/core/module/id/ArtifactRevisionId.java,0.0,0,0,0,0,0,0,0,0,0,0,0,0,0.0,0,0,0,0,0,0.0,0,0,0.0,0.0,0,0,0,0,0,0,0
2.3.0,379.0,src/java/org/apache/ivy/core/module/id/ModuleId.java,0.0,0,0,0,0,0,0,0,0,0,0,0,0,0.0,0,0,0,0,0,0.0,0,0,0.0,0.230769231,0,0,0,0,0,0,0
2.3.0,380.0,src/java/org/apache/ivy/core/module/id/ModuleRevisionId.java,0.0,0,0,0,0,0,0,0,0,0,0,0,0,0.0,0,0,0,0,0,0.0,0,0,0.0,0.12,0,0,0,0,0,0,0
2.3.0,381.0,src/java/org/apache/ivy/core/module/id/ModuleRules.java,0.0,0,0,0,0,0,0,0,0,0,0,0,0,0.0,0,0,0,0,0,0.0,0,0,0.0,0.0,0,0,0,0,0,0,0
2.3.0,382.0,src/java/org/apache/ivy/core/module/status/Status.java,0.0,0,0,0,0,0,0,0,0,0,0,0,0,0.0,0,0,0,0,0,0.0,0,0,0.0,0.0,0,0,0,0,0,0,0
2.3.0,383.0,src/java/org/apache/ivy/core/module/status/StatusManager.java,0.0,0,0,0,0,0,0,0,0,0,0,0,0,0.0,0,0,0,0,0,0.0,0,0,0.0,0.0,0,0,0,0,0,0,0
2.3.0,384.0,src/java/org/apache/ivy/osgi/obr/filter/AndFilter.java,0.0,0,0,0,0,0,0,0,0,0,0,0,0,0.0,0,0,0,0,0,0.0,0,0,0.0,0.0,0,0,0,0,0,0,0
2.3.0,385.0,src/java/org/apache/ivy/osgi/obr/filter/CompareFilter.java,0.0,0,0,0,0,0,0,0,0,0,0,0,0,0.0,0,0,0,0,0,0.0,0,0,0.0,8.5,0,0,0,0,0,0,0
2.3.0,386.0,src/java/org/apache/ivy/osgi/obr/filter/MultiOperatorFilter.java,0.0,0,0,0,0,0,0,0,0,0,0,0,0,0.0,0,0,0,0,0,0.0,0,0,0.0,0.5,0,0,0,0,0,0,0
2.3.0,387.0,src/java/org/apache/ivy/osgi/obr/filter/NotFilter.java,0.0,0,0,0,0,0,0,0,0,0,0,0,0,0.0,0,0,0,0,0,0.0,0,0,0.0,0.0,0,0,0,0,0,0,0
2.3.0,388.0,src/java/org/apache/ivy/osgi/obr/filter/OrFilter.java,0.0,0,0,0,0,0,0,0,0,0,0,0,0,0.0,0,0,0,0,0,0.0,0,0,0.0,0.0,0,0,0,0,0,0,0
2.3.0,389.0,src/java/org/apache/ivy/osgi/obr/filter/RequirementFilterParser.java,0.0,0,0,0,0,0,0,0,0,0,0,0,0,0.0,0,0,0,0,0,0.0,0,0,0.0,0.266666667,0,0,0,0,0,0,0
2.3.0,390.0,src/java/org/apache/ivy/osgi/obr/filter/UniOperatorFilter.java,0.0,0,0,0,0,0,0,0,0,0,0,0,0,0.0,0,0,0,0,0,0.0,0,0,0.0,1.833333333,0,0,0,0,0,0,0
2.3.0,391.0,src/java/org/apache/ivy/osgi/obr/xml/Capability.java,0.0,0,0,0,0,0,0,0,0,0,0,0,0,0.0,0,0,0,0,0,0.0,0,0,0.0,0.0,0,0,0,0,0,0,0
2.3.0,392.0,src/java/org/apache/ivy/osgi/obr/xml/CapabilityAdapter.java,0.0,0,0,0,0,0,0,0,0,0,0,0,0,0.0,0,0,0,0,0,0.0,0,0,0.0,0.0,0,0,0,0,0,0,0
2.3.0,393.0,src/java/org/apache/ivy/osgi/obr/xml/CapabilityProperty.java,0.0,0,0,0,0,0,0,0,0,0,0,0,0,0.0,0,0,0,0,0,0.0,0,0,0.0,0.0,0,0,0,0,0,0,0
2.3.0,394.0,src/java/org/apache/ivy/osgi/obr/xml/OBRXMLParser.java,0.0,0,0,0,0,0,0,0,0,0,0,0,0,0.0,0,0,0,0,0,0.0,0,0,0.0,0.375,0,0,0,0,0,0,0
2.3.0,395.0,src/java/org/apache/ivy/osgi/obr/xml/OBRXMLWriter.java,0.0,0,0,0,0,0,0,0,0,0,0,0,0,0.0,0,0,0,0,0,0.0,0,0,0.0,0.5,0,0,0,0,0,0,0
2.3.0,396.0,src/java/org/apache/ivy/osgi/obr/xml/Requirement.java,0.0,0,0,0,0,0,0,0,0,0,0,0,0,0.0,0,0,0,0,0,0.0,0,0,0.0,0.0,0,0,0,0,0,0,0
2.3.0,397.0,src/java/org/apache/ivy/osgi/obr/xml/RequirementAdapter.java,0.0,0,0,0,0,0,0,0,0,0,0,0,0,0.0,0,0,0,0,0,0.0,0,0,0.0,0.0,0,0,0,0,0,0,0
2.3.0,398.0,src/java/org/apache/ivy/osgi/obr/xml/RequirementFilter.java,0.0,0,0,0,0,0,0,0,0,0,0,0,0,0.0,0,0,0,0,0,0.0,0,0,0.0,0.0,0,0,0,0,0,0,0
2.3.0,399.0,src/java/org/apache/ivy/osgi/obr/xml/UnsupportedFilterException.java,0.0,0,0,0,0,0,0,0,0,0,0,0,0,0.0,0,0,0,0,0,0.0,0,0,0.0,0.0,0,0,0,0,0,0,0
2.3.0,400.0,src/java/org/apache/ivy/osgi/updatesite/xml/Archive.java,0.0,0,0,0,0,0,0,0,0,0,0,0,0,0.0,0,0,0,0,0,0.0,0,0,0.0,0.0,0,0,0,0,0,0,0
2.3.0,401.0,src/java/org/apache/ivy/osgi/updatesite/xml/CategoryDef.java,0.0,0,0,0,0,0,0,0,0,0,0,0,0,0.0,0,0,0,0,0,0.0,0,0,0.0,0.0,0,0,0,0,0,0,0
2.3.0,402.0,src/java/org/apache/ivy/osgi/updatesite/xml/EclipseFeature.java,0.0,0,0,0,0,0,0,0,0,0,0,0,0,0.0,0,0,0,0,0,0.0,0,0,0.0,0.0,0,0,0,0,0,0,0
2.3.0,403.0,src/java/org/apache/ivy/osgi/updatesite/xml/EclipsePlugin.java,0.0,0,0,0,0,0,0,0,0,0,0,0,0,0.0,0,0,0,0,0,0.0,0,0,0.0,0.0,0,0,0,0,0,0,0
2.3.0,404.0,src/java/org/apache/ivy/osgi/updatesite/xml/EclipseUpdateSiteParser.java,0.0,0,0,0,0,0,0,0,0,0,0,0,0,0.0,0,0,0,0,0,0.0,0,0,0.0,0.0,0,0,0,0,0,0,0
2.3.0,405.0,src/java/org/apache/ivy/osgi/updatesite/xml/FeatureParser.java,0.0,0,0,0,0,0,0,0,0,0,0,0,0,0.0,0,0,0,0,0,0.0,0,0,0.0,0.40625,0,0,0,0,0,0,0
2.3.0,406.0,src/java/org/apache/ivy/osgi/updatesite/xml/Require.java,0.0,0,0,0,0,0,0,0,0,0,0,0,0,0.0,0,0,0,0,0,0.0,0,0,0.0,0.0,0,0,0,0,0,0,0
2.3.0,407.0,src/java/org/apache/ivy/osgi/updatesite/xml/UpdateSite.java,0.0,0,0,0,0,0,0,0,0,0,0,0,0,0.0,0,0,0,0,0,0.0,0,0,0.0,0.0,0,0,0,0,0,0,0
2.3.0,408.0,src/java/org/apache/ivy/osgi/updatesite/xml/UpdateSiteDigestParser.java,0.0,0,0,0,0,0,0,0,0,0,0,0,0,0.0,0,0,0,0,0,0.0,0,0,0.0,0.666666667,0,0,0,0,0,0,0
2.3.0,409.0,src/java/org/apache/ivy/plugins/parser/m2/DefaultPomDependencyMgt.java,0.0,0,0,0,0,0,0,0,0,0,0,0,0,0.0,0,0,0,0,0,0.0,0,0,0.0,0.0,0,0,0,0,0,0,0
2.3.0,410.0,src/java/org/apache/ivy/plugins/parser/m2/PomDependencyMgt.java,0.0,0,0,0,0,0,0,0,0,0,0,0,0,0.0,0,0,0,0,0,0.0,0,0,0.0,0.0,0,0,0,0,0,0,0
2.3.0,411.0,src/java/org/apache/ivy/plugins/parser/m2/PomModuleDescriptorBuilder.java,0.0,0,0,0,0,0,0,0,0,0,0,0,0,0.0,0,0,0,0,0,0.0,0,0,0.0,0.0,0,0,0,0,0,0,0
2.3.0,412.0,src/java/org/apache/ivy/plugins/parser/m2/PomModuleDescriptorParser.java,1.0,0,0,0,0,0,0,0,0,0,0,0,0,0.0,0,0,0,0,0,0.0,0,0,0.0,0.166666667,0,0,0,0,0,0,0
2.3.0,413.0,src/java/org/apache/ivy/plugins/parser/m2/PomModuleDescriptorWriter.java,0.0,0,0,0,0,0,0,0,0,0,0,0,0,0.0,0,0,0,0,0,0.0,0,0,0.0,0.0,0,0,0,0,0,0,0
2.3.0,414.0,src/java/org/apache/ivy/plugins/parser/m2/PomReader.java,0.0,0,0,0,0,0,0,0,0,0,0,0,0,0.0,0,0,0,0,0,0.0,0,0,0.0,0.434782609,0,0,0,0,0,0,0
2.3.0,415.0,src/java/org/apache/ivy/plugins/parser/m2/PomWriterOptions.java,0.0,0,0,0,0,0,0,0,0,0,0,0,0,0.0,0,0,0,0,0,0.0,0,0,0.0,0.0,0,0,0,0,0,0,0
2.3.0,416.0,src/java/org/apache/ivy/plugins/parser/xml/UpdateOptions.java,0.0,0,0,0,0,0,0,0,0,0,0,0,0,0.0,0,0,0,0,0,0.0,0,0,0.0,0.0,0,0,0,0,0,0,0
2.3.0,417.0,src/java/org/apache/ivy/plugins/parser/xml/XmlModuleDescriptorParser.java,0.0,0,0,0,0,0,0,0,0,0,0,0,0,0.0,0,0,0,0,0,0.0,0,0,0.0,0.078947368,0,0,0,0,0,0,0
2.3.0,418.0,src/java/org/apache/ivy/plugins/parser/xml/XmlModuleDescriptorUpdater.java,1.0,0,0,0,0,0,0,0,0,0,0,0,0,0.0,0,0,0,0,0,0.0,0,0,0.0,0.288135593,0,0,0,0,0,0,0
2.3.0,419.0,src/java/org/apache/ivy/plugins/parser/xml/XmlModuleDescriptorWriter.java,0.0,0,0,0,0,0,0,0,0,0,0,0,0,0.0,0,0,0,0,0,0.0,0,0,0.0,3.055555556,0,0,0,0,0,0,0
2.3.0,420.0,src/java/org/apache/ivy/plugins/repository/file/FileRepository.java,0.0,0,0,0,0,0,0,0,0,0,0,0,0,0.0,0,0,0,0,0,0.0,0,0,0.0,0.0,0,0,0,0,0,0,0
2.3.0,421.0,src/java/org/apache/ivy/plugins/repository/file/FileResource.java,0.0,0,0,0,0,0,0,0,0,0,0,0,0,0.0,0,0,0,0,0,0.0,0,0,0.0,0.0,0,0,0,0,0,0,0
2.3.0,422.0,src/java/org/apache/ivy/plugins/repository/jar/JarRepository.java,0.0,0,0,0,0,0,0,0,0,0,0,0,0,0.0,0,0,0,0,0,0.0,0,0,0.0,0.0,0,0,0,0,0,0,0
2.3.0,423.0,src/java/org/apache/ivy/plugins/repository/jar/JarResource.java,0.0,0,0,0,0,0,0,0,0,0,0,0,0,0.0,0,0,0,0,0,0.0,0,0,0.0,0.0,0,0,0,0,0,0,0
2.3.0,424.0,src/java/org/apache/ivy/plugins/repository/sftp/SFTPRepository.java,0.0,0,0,0,0,0,0,0,0,0,0,0,0,0.0,0,0,0,0,0,0.0,0,0,0.0,0.666666667,0,0,0,0,0,0,0
2.3.0,425.0,src/java/org/apache/ivy/plugins/repository/sftp/SFTPResource.java,0.0,0,0,0,0,0,0,0,0,0,0,0,0,0.0,0,0,0,0,0,0.0,0,0,0.0,0.0,0,0,0,0,0,0,0
2.3.0,426.0,src/java/org/apache/ivy/plugins/repository/ssh/AbstractSshBasedRepository.java,0.0,0,0,0,0,0,0,0,0,0,0,0,0,0.0,0,0,0,0,0,0.0,0,0,0.0,0.0,0,0,0,0,0,0,0
2.3.0,427.0,src/java/org/apache/ivy/plugins/repository/ssh/RemoteScpException.java,0.0,0,0,0,0,0,0,0,0,0,0,0,0,0.0,0,0,0,0,0,0.0,0,0,0.0,0.0,0,0,0,0,0,0,0
2.3.0,428.0,src/java/org/apache/ivy/plugins/repository/ssh/Scp.java,0.0,0,0,0,0,0,0,0,0,0,0,0,0,0.0,0,0,0,0,0,0.0,0,0,0.0,0.0,0,0,0,0,0,0,0
2.3.0,429.0,src/java/org/apache/ivy/plugins/repository/ssh/SshCache.java,0.0,0,0,0,0,0,0,0,0,0,0,0,0,0.0,0,0,0,0,0,0.0,0,0,0.0,0.0,0,0,0,0,0,0,0
2.3.0,430.0,src/java/org/apache/ivy/plugins/repository/ssh/SshRepository.java,0.0,0,0,0,0,0,0,0,0,0,0,0,0,0.0,0,0,0,0,0,0.0,0,0,0.0,0.2,0,0,0,0,0,0,0
2.3.0,431.0,src/java/org/apache/ivy/plugins/repository/ssh/SshResource.java,0.0,0,0,0,0,0,0,0,0,0,0,0,0,0.0,0,0,0,0,0,0.0,0,0,0.0,0.0,0,0,0,0,0,0,0
2.3.0,432.0,src/java/org/apache/ivy/plugins/repository/url/ChainedRepository.java,0.0,0,0,0,0,0,0,0,0,0,0,0,0,0.0,0,0,0,0,0,0.0,0,0,0.0,0.0,0,0,0,0,0,0,0
2.3.0,433.0,src/java/org/apache/ivy/plugins/repository/url/URLRepository.java,0.0,0,0,0,0,0,0,0,0,0,0,0,0,0.0,0,0,0,0,0,0.0,0,0,0.0,0.0,0,0,0,0,0,0,0
2.3.0,434.0,src/java/org/apache/ivy/plugins/repository/url/URLResource.java,0.0,0,0,0,0,0,0,0,0,0,0,0,0,0.0,0,0,0,0,0,0.0,0,0,0.0,0.0,0,0,0,0,0,0,0
2.3.0,435.0,src/java/org/apache/ivy/plugins/repository/vfs/VfsRepository.java,0.0,0,0,0,0,0,0,0,0,0,0,0,0,0.0,0,0,0,0,0,0.0,0,0,0.0,0.0,0,0,0,0,0,0,0
2.3.0,436.0,src/java/org/apache/ivy/plugins/repository/vfs/VfsResource.java,0.0,0,0,0,0,0,0,0,0,0,0,0,0,0.0,0,0,0,0,0,0.0,0,0,0.0,0.0,0,0,0,0,0,0,0
2.3.0,437.0,src/java/org/apache/ivy/plugins/repository/vsftp/VsftpRepository.java,0.0,0,0,0,0,0,0,0,0,0,0,0,0,0.0,0,0,0,0,0,0.0,0,0,0.0,0.125,0,0,0,0,0,0,0
2.3.0,438.0,src/java/org/apache/ivy/plugins/repository/vsftp/VsftpResource.java,0.0,0,0,0,0,0,0,0,0,0,0,0,0,0.0,0,0,0,0,0,0.0,0,0,0.0,0.0,0,0,0,0,0,0,0
2.3.0,439.0,src/java/org/apache/ivy/plugins/resolver/packager/BuiltFileResource.java,0.0,0,0,0,0,0,0,0,0,0,0,0,0,0.0,0,0,0,0,0,0.0,0,0,0.0,0.0,0,0,0,0,0,0,0
2.3.0,440.0,src/java/org/apache/ivy/plugins/resolver/packager/PackagerCacheEntry.java,0.0,0,0,0,0,0,0,0,0,0,0,0,0,0.0,0,0,0,0,0,0.0,0,0,0.0,0.0,0,0,0,0,0,0,0
2.3.0,441.0,src/java/org/apache/ivy/plugins/resolver/packager/PackagerResolver.java,0.0,0,0,0,0,0,0,0,0,0,0,0,0,0.0,0,0,0,0,0,0.0,0,0,0.0,0.0,0,0,0,0,0,0,0
2.3.0,442.0,src/java/org/apache/ivy/plugins/resolver/util/ApacheHttpURLLister.java,0.0,0,0,0,0,0,0,0,0,0,0,0,0,0.0,0,0,0,0,0,0.0,0,0,0.0,0.0,0,0,0,0,0,0,0
2.3.0,443.0,src/java/org/apache/ivy/plugins/resolver/util/FileURLLister.java,0.0,0,0,0,0,0,0,0,0,0,0,0,0,0.0,0,0,0,0,0,0.0,0,0,0.0,0.0,0,0,0,0,0,0,0
2.3.0,444.0,src/java/org/apache/ivy/plugins/resolver/util/HasLatestStrategy.java,0.0,0,0,0,0,0,0,0,0,0,0,0,0,0.0,0,0,0,0,0,0.0,0,0,0.0,0.0,0,0,0,0,0,0,0
2.3.0,445.0,src/java/org/apache/ivy/plugins/resolver/util/MDResolvedResource.java,0.0,0,0,0,0,0,0,0,0,0,0,0,0,0.0,0,0,0,0,0,0.0,0,0,0.0,0.0,0,0,0,0,0,0,0
2.3.0,446.0,src/java/org/apache/ivy/plugins/resolver/util/ResolvedResource.java,0.0,0,0,0,0,0,0,0,0,0,0,0,0,0.0,0,0,0,0,0,0.0,0,0,0.0,0.0,0,0,0,0,0,0,0
2.3.0,447.0,src/java/org/apache/ivy/plugins/resolver/util/ResolverHelper.java,0.0,0,0,0,0,0,0,0,0,0,0,0,0,0.0,0,0,0,0,0,0.0,0,0,0.0,0.0,0,0,0,0,0,0,0
2.3.0,448.0,src/java/org/apache/ivy/plugins/resolver/util/ResourceMDParser.java,0.0,0,0,0,0,0,0,0,0,0,0,0,0,0.0,0,0,0,0,0,0.0,0,0,0.0,0.0,0,0,0,0,0,0,0
2.3.0,449.0,src/java/org/apache/ivy/plugins/resolver/util/URLLister.java,0.0,0,0,0,0,0,0,0,0,0,0,0,0,0.0,0,0,0,0,0,0.0,0,0,0.0,0.0,0,0,0,0,0,0,0
2.3.0,450.0,src/java/org/apache/ivy/plugins/signer/bouncycastle/OpenPGPSignatureGenerator.java,0.0,0,0,0,0,0,0,0,0,0,0,0,0,0.0,0,0,0,0,0,0.0,0,0,0.0,0.625,0,0,0,0,0,0,0
2.4.0,0.0,src/java/org/apache/ivy/plugins/resolver/BintrayResolver.java,0.0,0,0,0,0,0,0,0,0,0,0,0,0,0.0,0,0,0,0,0,0.0,0,0,0.0,0.0,0,0,0,0,0,0,0
2.4.0,1.0,src/java/org/apache/ivy/Ivy.java,0.0,0,0,0,0,0,0,0,0,0,0,0,0,0.0,0,0,0,0,0,0.0,0,0,0.0,0.052631579,0,0,0,0,0,0,0
2.4.0,2.0,src/java/org/apache/ivy/Ivy14.java,0.0,0,0,0,0,0,0,0,0,0,0,0,0,0.0,0,0,0,0,0,0.0,0,0,0.0,0.0,0,0,0,0,0,0,0
2.4.0,3.0,src/java/org/apache/ivy/Main.java,0.0,0,0,0,0,0,0,0,0,0,0,0,0,0.0,0,0,0,0,0,0.0,0,0,0.0,0.333333333,0,0,0,0,0,0,0
2.4.0,4.0,src/java/org/apache/ivy/ant/AddPathTask.java,0.0,0,0,0,0,0,0,0,0,0,0,0,0,0.0,0,0,0,0,0,0.0,0,0,0.0,0.0,0,0,0,0,0,0,0
2.4.0,5.0,src/java/org/apache/ivy/ant/AntBuildTrigger.java,0.0,0,0,0,0,0,0,0,0,0,0,0,0,0.0,0,0,0,0,0,0.0,0,0,0.0,0.0,0,0,0,0,0,0,0
2.4.0,6.0,src/java/org/apache/ivy/ant/AntCallTrigger.java,0.0,0,0,0,0,0,0,0,0,0,0,0,0,0.0,0,0,0,0,0,0.0,0,0,0.0,0.0,0,0,0,0,0,0,0
2.4.0,7.0,src/java/org/apache/ivy/ant/AntMessageLogger.java,0.0,0,0,0,0,0,0,0,0,0,0,0,0,0.0,0,0,0,0,0,0.0,0,0,0.0,0.0,0,0,0,0,0,0,0
2.4.0,8.0,src/java/org/apache/ivy/ant/BuildOBRTask.java,0.0,0,0,0,0,0,0,0,0,0,0,0,0,0.0,0,0,0,0,0,0.0,0,0,0.0,0.0,0,0,0,0,0,0,0
2.4.0,9.0,src/java/org/apache/ivy/ant/ConvertManifestTask.java,0.0,0,0,0,0,0,0,0,0,0,0,0,0,0.0,0,0,0,0,0,0.0,0,0,0.0,0.0,0,0,0,0,0,0,0
2.4.0,10.0,src/java/org/apache/ivy/ant/FixDepsTask.java,0.0,0,0,0,0,0,0,0,0,0,0,0,0,0.0,0,0,0,0,0,0.0,0,0,0.0,0.0,0,0,0,0,0,0,0
2.4.0,11.0,src/java/org/apache/ivy/ant/IvyAntSettings.java,0.0,0,0,0,0,0,0,0,0,0,0,0,0,0.0,0,0,0,0,0,0.0,0,0,0.0,0.0,0,0,0,0,0,0,0
2.4.0,12.0,src/java/org/apache/ivy/ant/IvyAntVariableContainer.java,0.0,0,0,0,0,0,0,0,0,0,0,0,0,0.0,0,0,0,0,0,0.0,0,0,0.0,0.0,0,0,0,0,0,0,0
2.4.0,13.0,src/java/org/apache/ivy/ant/IvyArtifactProperty.java,0.0,0,0,0,0,0,0,0,0,0,0,0,0,0.0,0,0,0,0,0,0.0,0,0,0.0,0.0,0,0,0,0,0,0,0
2.4.0,14.0,src/java/org/apache/ivy/ant/IvyArtifactReport.java,0.0,0,0,0,0,0,0,0,0,0,0,0,0,0.0,0,0,0,0,0,0.0,0,0,0.0,0.0,0,0,0,0,0,0,0
2.4.0,15.0,src/java/org/apache/ivy/ant/IvyBuildList.java,0.0,0,0,0,0,0,0,0,0,0,0,0,0,0.0,0,0,0,0,0,0.0,0,0,0.0,0.0,0,0,0,0,0,0,0
2.4.0,16.0,src/java/org/apache/ivy/ant/IvyBuildNumber.java,0.0,0,0,0,0,0,0,0,0,0,0,0,0,0.0,0,0,0,0,0,0.0,0,0,0.0,0.25,0,0,0,0,0,0,0
2.4.0,17.0,src/java/org/apache/ivy/ant/IvyCacheFileset.java,1.0,0,0,0,0,0,0,0,0,0,0,0,0,0.0,0,0,0,0,0,0.0,0,0,0.0,0.133333333,0,0,0,0,0,0,0
2.4.0,18.0,src/java/org/apache/ivy/ant/IvyCachePath.java,0.0,0,0,0,0,0,0,0,0,0,0,0,0,0.0,0,0,0,0,0,0.0,0,0,0.0,0.0,0,0,0,0,0,0,0
2.4.0,19.0,src/java/org/apache/ivy/ant/IvyCacheTask.java,0.0,0,0,0,0,0,0,0,0,0,0,0,0,0.0,0,0,0,0,0,0.0,0,0,0.0,0.0,0,0,0,0,0,0,0
2.4.0,20.0,src/java/org/apache/ivy/ant/IvyCheck.java,0.0,0,0,0,0,0,0,0,0,0,0,0,0,0.0,0,0,0,0,0,0.0,0,0,0.0,0.0,0,0,0,0,0,0,0
2.4.0,21.0,src/java/org/apache/ivy/ant/IvyCleanCache.java,0.0,0,0,0,0,0,0,0,0,0,0,0,0,0.0,0,0,0,0,0,0.0,0,0,0.0,0.0,0,0,0,0,0,0,0
2.4.0,22.0,src/java/org/apache/ivy/ant/IvyConfigure.java,0.0,0,0,0,0,0,0,0,0,0,0,0,0,0.0,0,0,0,0,0,0.0,0,0,0.0,0.0,0,0,0,0,0,0,0
2.4.0,23.0,src/java/org/apache/ivy/ant/IvyConflict.java,0.0,0,0,0,0,0,0,0,0,0,0,0,0,0.0,0,0,0,0,0,0.0,0,0,0.0,0.0,0,0,0,0,0,0,0
2.4.0,24.0,src/java/org/apache/ivy/ant/IvyConvertPom.java,0.0,0,0,0,0,0,0,0,0,0,0,0,0,0.0,0,0,0,0,0,0.0,0,0,0.0,0.8,0,0,0,0,0,0,0
2.4.0,25.0,src/java/org/apache/ivy/ant/IvyDeliver.java,0.0,0,0,0,0,0,0,0,0,0,0,0,0,0.0,0,0,0,0,0,0.0,0,0,0.0,0.194444444,0,0,0,0,0,0,0
2.4.0,26.0,src/java/org/apache/ivy/ant/IvyDependency.java,0.0,0,0,0,0,0,0,0,0,0,0,0,0,0.0,0,0,0,0,0,0.0,0,0,0.0,0.0,0,0,0,0,0,0,0
2.4.0,27.0,src/java/org/apache/ivy/ant/IvyDependencyArtifact.java,0.0,0,0,0,0,0,0,0,0,0,0,0,0,0.0,0,0,0,0,0,0.0,0,0,0.0,0.0,0,0,0,0,0,0,0
2.4.0,28.0,src/java/org/apache/ivy/ant/IvyDependencyConf.java,0.0,0,0,0,0,0,0,0,0,0,0,0,0,0.0,0,0,0,0,0,0.0,0,0,0.0,0.0,0,0,0,0,0,0,0
2.4.0,29.0,src/java/org/apache/ivy/ant/IvyDependencyExclude.java,0.0,0,0,0,0,0,0,0,0,0,0,0,0,0.0,0,0,0,0,0,0.0,0,0,0.0,1.0,0,0,0,0,0,0,0
2.4.0,30.0,src/java/org/apache/ivy/ant/IvyDependencyInclude.java,0.0,0,0,0,0,0,0,0,0,0,0,0,0,0.0,0,0,0,0,0,0.0,0,0,0.0,0.0,0,0,0,0,0,0,0
2.4.0,31.0,src/java/org/apache/ivy/ant/IvyDependencyTree.java,0.0,0,0,0,0,0,0,0,0,0,0,0,0,0.0,0,0,0,0,0,0.0,0,0,0.0,0.0,0,0,0,0,0,0,0
2.4.0,32.0,src/java/org/apache/ivy/ant/IvyDependencyUpdateChecker.java,1.0,0,0,0,0,0,0,0,0,0,0,0,0,0.0,0,0,0,0,0,0.0,0,0,0.0,1.4,0,0,0,0,0,0,0
2.4.0,33.0,src/java/org/apache/ivy/ant/IvyExclude.java,0.0,0,0,0,0,0,0,0,0,0,0,0,0,0.0,0,0,0,0,0,0.0,0,0,0.0,1.0,0,0,0,0,0,0,0
2.4.0,34.0,src/java/org/apache/ivy/ant/IvyExtractFromSources.java,0.0,0,0,0,0,0,0,0,0,0,0,0,0,0.0,0,0,0,0,0,0.0,0,0,0.0,0.0,0,0,0,0,0,0,0
2.4.0,35.0,src/java/org/apache/ivy/ant/IvyFindRevision.java,0.0,0,0,0,0,0,0,0,0,0,0,0,0,0.0,0,0,0,0,0,0.0,0,0,0.0,0.818181818,0,0,0,0,0,0,0
2.4.0,36.0,src/java/org/apache/ivy/ant/IvyInfo.java,0.0,0,0,0,0,0,0,0,0,0,0,0,0,0.0,0,0,0,0,0,0.0,0,0,0.0,0.0,0,0,0,0,0,0,0
2.4.0,37.0,src/java/org/apache/ivy/ant/IvyInstall.java,0.0,0,0,0,0,0,0,0,0,0,0,0,0,0.0,0,0,0,0,0,0.0,0,0,0.0,0.0,0,0,0,0,0,0,0
2.4.0,38.0,src/java/org/apache/ivy/ant/IvyListModules.java,0.0,0,0,0,0,0,0,0,0,0,0,0,0,0.0,0,0,0,0,0,0.0,0,0,0.0,0.529411765,0,0,0,0,0,0,0
2.4.0,39.0,src/java/org/apache/ivy/ant/IvyMakePom.java,0.0,0,0,0,0,0,0,0,0,0,0,0,0,0.0,0,0,0,0,0,0.0,0,0,0.0,0.095238095,0,0,0,0,0,0,0
2.4.0,40.0,src/java/org/apache/ivy/ant/IvyOverride.java,0.0,0,0,0,0,0,0,0,0,0,0,0,0,0.0,0,0,0,0,0,0.0,0,0,0.0,0.0,0,0,0,0,0,0,0
2.4.0,41.0,src/java/org/apache/ivy/ant/IvyPostResolveTask.java,0.0,0,0,0,0,0,0,0,0,0,0,0,0,0.0,0,0,0,0,0,0.0,0,0,0.0,0.208333333,0,0,0,0,0,0,0
2.4.0,42.0,src/java/org/apache/ivy/ant/IvyPublish.java,0.0,0,0,0,0,0,0,0,0,0,0,0,0,0.0,0,0,0,0,0,0.0,0,0,0.0,0.166666667,0,0,0,0,0,0,0
2.4.0,43.0,src/java/org/apache/ivy/ant/IvyReport.java,0.0,0,0,0,0,0,0,0,0,0,0,0,0,0.0,0,0,0,0,0,0.0,0,0,0.0,0.242424242,0,0,0,0,0,0,0
2.4.0,44.0,src/java/org/apache/ivy/ant/IvyRepositoryReport.java,0.0,0,0,0,0,0,0,0,0,0,0,0,0,0.0,0,0,0,0,0,0.0,0,0,0.0,0.0,0,0,0,0,0,0,0
2.4.0,45.0,src/java/org/apache/ivy/ant/IvyResolve.java,0.0,0,0,0,0,0,0,0,0,0,0,0,0,0.0,0,0,0,0,0,0.0,0,0,0.0,0.192307692,0,0,0,0,0,0,0
2.4.0,46.0,src/java/org/apache/ivy/ant/IvyResources.java,0.0,0,0,0,0,0,0,0,0,0,0,0,0,0.0,0,0,0,0,0,0.0,0,0,0.0,0.0,0,0,0,0,0,0,0
2.4.0,47.0,src/java/org/apache/ivy/ant/IvyRetrieve.java,0.0,0,0,0,0,0,0,0,0,0,0,0,0,0.0,0,0,0,0,0,0.0,0,0,0.0,0.105263158,0,0,0,0,0,0,0
2.4.0,48.0,src/java/org/apache/ivy/ant/IvyTask.java,0.0,0,0,0,0,0,0,0,0,0,0,0,0,0.0,0,0,0,0,0,0.0,0,0,0.0,0.0,0,0,0,0,0,0,0
2.4.0,49.0,src/java/org/apache/ivy/ant/IvyVar.java,0.0,0,0,0,0,0,0,0,0,0,0,0,0,0.0,0,0,0,0,0,0.0,0,0,0.0,0.0,0,0,0,0,0,0,0
2.4.0,50.0,src/java/org/apache/ivy/ant/MapperAdapter.java,0.0,0,0,0,0,0,0,0,0,0,0,0,0,0.0,0,0,0,0,0,0.0,0,0,0.0,0.0,0,0,0,0,0,0,0
2.4.0,51.0,src/java/org/apache/ivy/ant/PackageMapping.java,0.0,0,0,0,0,0,0,0,0,0,0,0,0,0.0,0,0,0,0,0,0.0,0,0,0.0,0.0,0,0,0,0,0,0,0
2.4.0,52.0,src/java/org/apache/ivy/core/ExecutionRelativeUrlResolver.java,0.0,0,0,0,0,0,0,0,0,0,0,0,0,0.0,0,0,0,0,0,0.0,0,0,0.0,0.0,0,0,0,0,0,0,0
2.4.0,53.0,src/java/org/apache/ivy/core/IvyContext.java,0.0,0,0,0,0,0,0,0,0,0,0,0,0,0.0,0,0,0,0,0,0.0,0,0,0.0,0.275862069,0,0,0,0,0,0,0
2.4.0,54.0,src/java/org/apache/ivy/core/IvyPatternHelper.java,0.0,0,0,0,0,0,0,0,0,0,0,0,0,0.0,0,0,0,0,0,0.0,0,0,0.0,0.5,0,0,0,0,0,0,0
2.4.0,55.0,src/java/org/apache/ivy/core/IvyThread.java,0.0,0,0,0,0,0,0,0,0,0,0,0,0,0.0,0,0,0,0,0,0.0,0,0,0.0,0.0,0,0,0,0,0,0,0
2.4.0,56.0,src/java/org/apache/ivy/core/LogOptions.java,0.0,0,0,0,0,0,0,0,0,0,0,0,0,0.0,0,0,0,0,0,0.0,0,0,0.0,0.0,0,0,0,0,0,0,0
2.4.0,57.0,src/java/org/apache/ivy/core/NormalRelativeUrlResolver.java,0.0,0,0,0,0,0,0,0,0,0,0,0,0,0.0,0,0,0,0,0,0.0,0,0,0.0,0.0,0,0,0,0,0,0,0
2.4.0,58.0,src/java/org/apache/ivy/core/RelativeUrlResolver.java,0.0,0,0,0,0,0,0,0,0,0,0,0,0,0.0,0,0,0,0,0,0.0,0,0,0.0,0.0,0,0,0,0,0,0,0
2.4.0,59.0,src/java/org/apache/ivy/plugins/IvySettingsAware.java,0.0,0,0,0,0,0,0,0,0,0,0,0,0,0.0,0,0,0,0,0,0.0,0,0,0.0,0.0,0,0,0,0,0,0,0
2.4.0,60.0,src/java/org/apache/ivy/util/AbstractMessageLogger.java,0.0,0,0,0,0,0,0,0,0,0,0,0,0,0.0,0,0,0,0,0,0.0,0,0,0.0,0.0,0,0,0,0,0,0,0
2.4.0,61.0,src/java/org/apache/ivy/util/Checks.java,0.0,0,0,0,0,0,0,0,0,0,0,0,0,0.0,0,0,0,0,0,0.0,0,0,0.0,0.0,0,0,0,0,0,0,0
2.4.0,62.0,src/java/org/apache/ivy/util/ChecksumHelper.java,0.0,0,0,0,0,0,0,0,0,0,0,0,0,0.0,0,0,0,0,0,0.0,0,0,0.0,0.0,0,0,0,0,0,0,0
2.4.0,63.0,src/java/org/apache/ivy/util/CollectionUtils.java,0.0,0,0,0,0,0,0,0,0,0,0,0,0,0.0,0,0,0,0,0,0.0,0,0,0.0,0.0,0,0,0,0,0,0,0
2.4.0,64.0,src/java/org/apache/ivy/util/ConfigurationUtils.java,0.0,0,0,0,0,0,0,0,0,0,0,0,0,0.0,0,0,0,0,0,0.0,0,0,0.0,0.0,0,0,0,0,0,0,0
2.4.0,65.0,src/java/org/apache/ivy/util/Configurator.java,0.0,0,0,0,0,0,0,0,0,0,0,0,0,0.0,0,0,0,0,0,0.0,0,0,0.0,0.0,0,0,0,0,0,0,0
2.4.0,66.0,src/java/org/apache/ivy/util/ContextualSAXHandler.java,0.0,0,0,0,0,0,0,0,0,0,0,0,0,0.0,0,0,0,0,0,0.0,0,0,0.0,0.6,0,0,0,0,0,0,0
2.4.0,67.0,src/java/org/apache/ivy/util/CopyProgressEvent.java,0.0,0,0,0,0,0,0,0,0,0,0,0,0,0.0,0,0,0,0,0,0.0,0,0,0.0,0.0,0,0,0,0,0,0,0
2.4.0,68.0,src/java/org/apache/ivy/util/CopyProgressListener.java,0.0,0,0,0,0,0,0,0,0,0,0,0,0,0.0,0,0,0,0,0,0.0,0,0,0.0,0.0,0,0,0,0,0,0,0
2.4.0,69.0,src/java/org/apache/ivy/util/Credentials.java,0.0,0,0,0,0,0,0,0,0,0,0,0,0,0.0,0,0,0,0,0,0.0,0,0,0.0,0.0,0,0,0,0,0,0,0
2.4.0,70.0,src/java/org/apache/ivy/util/CredentialsUtil.java,0.0,0,0,0,0,0,0,0,0,0,0,0,0,0.0,0,0,0,0,0,2.0,0,0,0.5,2.0,0,0,0,0,0,0,0
2.4.0,71.0,src/java/org/apache/ivy/util/DateUtil.java,0.0,0,0,0,0,0,0,0,0,0,0,0,0,0.0,0,0,0,0,0,0.0,0,0,0.0,0.0,0,0,0,0,0,0,0
2.4.0,72.0,src/java/org/apache/ivy/util/DefaultMessageLogger.java,0.0,0,0,0,0,0,0,0,0,0,0,0,0,0.0,0,0,0,0,0,0.0,0,0,0.0,0.0,0,0,0,0,0,0,0
2.4.0,73.0,src/java/org/apache/ivy/util/EncrytedProperties.java,0.0,0,0,0,0,0,0,0,0,0,0,0,0,0.0,0,0,0,0,0,0.0,0,0,0.0,0.0,0,0,0,0,0,0,0
2.4.0,74.0,src/java/org/apache/ivy/util/FileResolver.java,0.0,0,0,0,0,0,0,0,0,0,0,0,0,0.0,0,0,0,0,0,0.0,0,0,0.0,0.0,0,0,0,0,0,0,0
2.4.0,75.0,src/java/org/apache/ivy/util/FileUtil.java,1.0,0,0,0,0,0,0,0,0,0,0,0,0,0.0,0,0,0,0,0,0.0,0,0,0.0,0.184210526,0,0,0,0,0,0,0
2.4.0,76.0,src/java/org/apache/ivy/util/HexEncoder.java,0.0,0,0,0,0,0,0,0,0,0,0,0,0,0.0,0,0,0,0,0,0.0,0,0,0.0,0.0,0,0,0,0,0,0,0
2.4.0,77.0,src/java/org/apache/ivy/util/HostUtil.java,0.0,0,0,0,0,0,0,0,0,0,0,0,0,0.0,0,0,0,0,0,0.0,0,0,0.0,0.0,0,0,0,0,0,0,0
2.4.0,78.0,src/java/org/apache/ivy/util/MemoryUtil.java,0.0,0,0,0,0,0,0,0,0,0,0,0,0,0.0,0,0,0,0,0,0.0,0,0,0.0,0.0,0,0,0,0,0,0,0
2.4.0,79.0,src/java/org/apache/ivy/util/Message.java,0.0,0,0,0,0,0,0,0,0,0,0,0,0,0.0,0,0,0,0,0,0.0,0,0,0.0,0.0,0,0,0,0,0,0,0
2.4.0,80.0,src/java/org/apache/ivy/util/MessageLogger.java,0.0,0,0,0,0,0,0,0,0,0,0,0,0,0.0,0,0,0,0,0,0.0,0,0,0.0,0.0,0,0,0,0,0,0,0
2.4.0,81.0,src/java/org/apache/ivy/util/MessageLoggerEngine.java,0.0,0,0,0,0,0,0,0,0,0,0,0,0,0.0,0,0,0,0,0,0.0,0,0,0.0,0.0,0,0,0,0,0,0,0
2.4.0,82.0,src/java/org/apache/ivy/util/MessageLoggerHelper.java,0.0,0,0,0,0,0,0,0,0,0,0,0,0,0.0,0,0,0,0,0,0.0,0,0,0.0,0.0,0,0,0,0,0,0,0
2.4.0,83.0,src/java/org/apache/ivy/util/PropertiesFile.java,0.0,0,0,0,0,0,0,0,0,0,0,0,0,0.0,0,0,0,0,0,0.0,0,0,0.0,0.0,0,0,0,0,0,0,0
2.4.0,84.0,src/java/org/apache/ivy/util/StringUtils.java,0.0,0,0,0,0,0,0,0,0,0,0,0,0,0.0,0,0,0,0,0,0.0,0,0,0.0,0.0,0,0,0,0,0,0,0
2.4.0,85.0,src/java/org/apache/ivy/util/XMLHelper.java,0.0,0,0,0,0,0,0,0,0,0,0,0,0,0.0,0,0,0,0,0,0.0,0,0,0.0,0.0,0,0,0,0,0,0,0
2.4.0,86.0,src/java/org/apache/ivy/core/cache/ArtifactOrigin.java,0.0,0,0,0,0,0,0,0,0,0,0,0,0,0.0,0,0,0,0,0,0.0,0,0,0.0,0.333333333,0,0,0,0,0,0,0
2.4.0,87.0,src/java/org/apache/ivy/core/cache/CacheDownloadOptions.java,0.0,0,0,0,0,0,0,0,0,0,0,0,0,0.0,0,0,0,0,0,0.0,0,0,0.0,0.0,0,0,0,0,0,0,0
2.4.0,88.0,src/java/org/apache/ivy/core/cache/CacheMetadataOptions.java,0.0,0,0,0,0,0,0,0,0,0,0,0,0,0.0,0,0,0,0,0,0.0,0,0,0.0,0.0,0,0,0,0,0,0,0
2.4.0,89.0,src/java/org/apache/ivy/core/cache/CacheResourceOptions.java,0.0,0,0,0,0,0,0,0,0,0,0,0,0,0.0,0,0,0,0,0,0.0,0,0,0.0,0.0,0,0,0,0,0,0,0
2.4.0,90.0,src/java/org/apache/ivy/core/cache/CacheUtil.java,0.0,0,0,0,0,0,0,0,0,0,0,0,0,0.0,0,0,0,0,0,0.0,0,0,0.0,0.0,0,0,0,0,0,0,0
2.4.0,91.0,src/java/org/apache/ivy/core/cache/DefaultRepositoryCacheManager.java,1.0,0,0,0,0,0,0,0,0,0,0,0,0,0.0,0,0,0,0,0,0.0,0,0,0.0,0.155555556,0,0,0,0,0,0,0
2.4.0,92.0,src/java/org/apache/ivy/core/cache/DefaultResolutionCacheManager.java,1.0,0,0,0,0,0,0,0,0,0,0,0,0,0.0,0,0,0,0,0,0.0,0,0,0.0,0.0,0,0,0,0,0,0,0
2.4.0,93.0,src/java/org/apache/ivy/core/cache/DownloadListener.java,0.0,0,0,0,0,0,0,0,0,0,0,0,0,0.0,0,0,0,0,0,0.0,0,0,0.0,0.0,0,0,0,0,0,0,0
2.4.0,94.0,src/java/org/apache/ivy/core/cache/ModuleDescriptorMemoryCache.java,0.0,0,0,0,0,0,0,0,0,0,0,0,0,0.0,0,0,0,0,0,0.0,0,0,0.0,0.0,0,0,0,0,0,0,0
2.4.0,95.0,src/java/org/apache/ivy/core/cache/ModuleDescriptorProvider.java,0.0,0,0,0,0,0,0,0,0,0,0,0,0,0.0,0,0,0,0,0,0.0,0,0,0.0,0.0,0,0,0,0,0,0,0
2.4.0,96.0,src/java/org/apache/ivy/core/cache/ModuleDescriptorWriter.java,0.0,0,0,0,0,0,0,0,0,0,0,0,0,0.0,0,0,0,0,0,0.0,0,0,0.0,0.0,0,0,0,0,0,0,0
2.4.0,97.0,src/java/org/apache/ivy/core/cache/ParserSettingsMonitor.java,0.0,0,0,0,0,0,0,0,0,0,0,0,0,0.0,0,0,0,0,0,0.0,0,0,0.0,0.0,0,0,0,0,0,0,0
2.4.0,98.0,src/java/org/apache/ivy/core/cache/RepositoryCacheManager.java,0.0,0,0,0,0,0,0,0,0,0,0,0,0,0.0,0,0,0,0,0,0.0,0,0,0.0,0.0,0,0,0,0,0,0,0
2.4.0,99.0,src/java/org/apache/ivy/core/cache/ResolutionCacheManager.java,0.0,0,0,0,0,0,0,0,0,0,0,0,0,0.0,0,0,0,0,0,0.0,0,0,0.0,0.0,0,0,0,0,0,0,0
2.4.0,100.0,src/java/org/apache/ivy/core/check/CheckEngine.java,0.0,0,0,0,0,0,0,0,0,0,0,0,0,0.0,0,0,0,0,0,0.0,0,0,0.0,0.0,0,0,0,0,0,0,0
2.4.0,101.0,src/java/org/apache/ivy/core/check/CheckEngineSettings.java,0.0,0,0,0,0,0,0,0,0,0,0,0,0,0.0,0,0,0,0,0,0.0,0,0,0.0,0.0,0,0,0,0,0,0,0
2.4.0,102.0,src/java/org/apache/ivy/core/deliver/DefaultPublishingDRResolver.java,0.0,0,0,0,0,0,0,0,0,0,0,0,0,0.0,0,0,0,0,0,0.0,0,0,0.0,0.0,0,0,0,0,0,0,0
2.4.0,103.0,src/java/org/apache/ivy/core/deliver/DeliverEngine.java,0.0,0,0,0,0,0,0,0,0,0,0,0,0,0.0,0,0,0,0,0,0.0,0,0,0.0,0.0,0,0,0,0,0,0,0
2.4.0,104.0,src/java/org/apache/ivy/core/deliver/DeliverEngineSettings.java,0.0,0,0,0,0,0,0,0,0,0,0,0,0,0.0,0,0,0,0,0,0.0,0,0,0.0,0.0,0,0,0,0,0,0,0
2.4.0,105.0,src/java/org/apache/ivy/core/deliver/DeliverOptions.java,0.0,0,0,0,0,0,0,0,0,0,0,0,0,0.0,0,0,0,0,0,0.0,0,0,0.0,0.0,0,0,0,0,0,0,0
2.4.0,106.0,src/java/org/apache/ivy/core/deliver/PublishingDependencyRevisionResolver.java,0.0,0,0,0,0,0,0,0,0,0,0,0,0,0.0,0,0,0,0,0,0.0,0,0,0.0,0.0,0,0,0,0,0,0,0
2.4.0,107.0,src/java/org/apache/ivy/core/event/EventManager.java,0.0,0,0,0,0,0,0,0,0,0,0,0,0,0.0,0,0,0,0,0,0.0,0,0,0.0,0.0,0,0,0,0,0,0,0
2.4.0,108.0,src/java/org/apache/ivy/core/event/FilteredIvyListener.java,0.0,0,0,0,0,0,0,0,0,0,0,0,0,0.0,0,0,0,0,0,0.0,0,0,0.0,0.0,0,0,0,0,0,0,0
2.4.0,109.0,src/java/org/apache/ivy/core/event/IvyEvent.java,0.0,0,0,0,0,0,0,0,0,0,0,0,0,0.0,0,0,0,0,0,0.0,0,0,0.0,0.0,0,0,0,0,0,0,0
2.4.0,110.0,src/java/org/apache/ivy/core/event/IvyEventFilter.java,0.0,0,0,0,0,0,0,0,0,0,0,0,0,0.0,0,0,0,0,0,0.0,0,0,0.0,0.0,0,0,0,0,0,0,0
2.4.0,111.0,src/java/org/apache/ivy/core/event/IvyListener.java,0.0,0,0,0,0,0,0,0,0,0,0,0,0,0.0,0,0,0,0,0,0.0,0,0,0.0,0.0,0,0,0,0,0,0,0
2.4.0,112.0,src/java/org/apache/ivy/core/install/InstallEngine.java,0.0,0,0,0,0,0,0,0,0,0,0,0,0,0.0,0,0,0,0,0,0.0,0,0,0.0,0.0,0,0,0,0,0,0,0
2.4.0,113.0,src/java/org/apache/ivy/core/install/InstallEngineSettings.java,0.0,0,0,0,0,0,0,0,0,0,0,0,0,0.0,0,0,0,0,0,0.0,0,0,0.0,0.0,0,0,0,0,0,0,0
2.4.0,114.0,src/java/org/apache/ivy/core/install/InstallOptions.java,0.0,0,0,0,0,0,0,0,0,0,0,0,0,0.0,0,0,0,0,0,0.0,0,0,0.0,0.0,0,0,0,0,0,0,0
2.4.0,115.0,src/java/org/apache/ivy/core/pack/ArchivePacking.java,0.0,0,0,0,0,0,0,0,0,0,0,0,0,0.0,0,0,0,0,0,0.0,0,0,0.0,0.0,0,0,0,0,0,0,0
2.4.0,116.0,src/java/org/apache/ivy/core/pack/OsgiBundlePacking.java,0.0,0,0,0,0,0,0,0,0,0,0,0,0,0.0,0,0,0,0,0,0.0,0,0,0.0,0.0,0,0,0,0,0,0,0
2.4.0,117.0,src/java/org/apache/ivy/core/pack/Pack200Packing.java,0.0,0,0,0,0,0,0,0,0,0,0,0,0,0.0,0,0,0,0,0,0.0,0,0,0.0,0.0,0,0,0,0,0,0,0
2.4.0,118.0,src/java/org/apache/ivy/core/pack/PackagingManager.java,1.0,0,0,0,0,0,0,0,0,0,0,0,0,0.0,0,0,0,0,0,5.0,0,0,1.0,3.333333333,0,0,0,0,0,0,0
2.4.0,119.0,src/java/org/apache/ivy/core/pack/PackingRegistry.java,0.0,0,0,0,0,0,0,0,0,0,0,0,0,0.0,0,0,0,0,0,0.0,0,0,0.0,0.0,0,0,0,0,0,0,0
2.4.0,120.0,src/java/org/apache/ivy/core/pack/StreamPacking.java,0.0,0,0,0,0,0,0,0,0,0,0,0,0,0.0,0,0,0,0,0,0.0,0,0,0.0,0.0,0,0,0,0,0,0,0
2.4.0,121.0,src/java/org/apache/ivy/core/pack/ZipPacking.java,0.0,0,0,0,0,0,0,0,0,0,0,0,0,0.0,0,0,0,0,0,0.0,0,0,0.0,0.0,0,0,0,0,0,0,0
2.4.0,122.0,src/java/org/apache/ivy/core/publish/PublishEngine.java,0.0,0,0,0,0,0,0,0,0,0,0,0,0,0.0,0,0,0,0,0,0.0,0,0,0.0,0.0,0,0,0,0,0,0,0
2.4.0,123.0,src/java/org/apache/ivy/core/publish/PublishEngineSettings.java,0.0,0,0,0,0,0,0,0,0,0,0,0,0,0.0,0,0,0,0,0,0.0,0,0,0.0,0.0,0,0,0,0,0,0,0
2.4.0,124.0,src/java/org/apache/ivy/core/publish/PublishOptions.java,0.0,0,0,0,0,0,0,0,0,0,0,0,0,0.0,0,0,0,0,0,0.0,0,0,0.0,0.0,0,0,0,0,0,0,0
2.4.0,125.0,src/java/org/apache/ivy/core/report/ArtifactDownloadReport.java,0.0,0,0,0,0,0,0,0,0,0,0,0,0,0.0,0,0,0,0,0,0.0,0,0,0.0,0.608695652,0,0,0,0,0,0,0
2.4.0,126.0,src/java/org/apache/ivy/core/report/ConfigurationResolveReport.java,0.0,0,0,0,0,0,0,0,0,0,0,0,0,0.0,0,0,0,0,0,0.0,0,0,0.0,0.0,0,0,0,0,0,0,0
2.4.0,127.0,src/java/org/apache/ivy/core/report/DownloadReport.java,0.0,0,0,0,0,0,0,0,0,0,0,0,0,0.0,0,0,0,0,0,0.0,0,0,0.0,0.0,0,0,0,0,0,0,0
2.4.0,128.0,src/java/org/apache/ivy/core/report/DownloadStatus.java,0.0,0,0,0,0,0,0,0,0,0,0,0,0,0.0,0,0,0,0,0,0.0,0,0,0.0,0.0,0,0,0,0,0,0,0
2.4.0,129.0,src/java/org/apache/ivy/core/report/MetadataArtifactDownloadReport.java,0.0,0,0,0,0,0,0,0,0,0,0,0,0,0.0,0,0,0,0,0,0.0,0,0,0.0,0.0,0,0,0,0,0,0,0
2.4.0,130.0,src/java/org/apache/ivy/core/report/ResolveReport.java,0.0,0,0,0,0,0,0,0,0,0,0,0,0,0.0,0,0,0,0,0,0.0,0,0,0.0,0.0,0,0,0,0,0,0,0
2.4.0,131.0,src/java/org/apache/ivy/core/repository/RepositoryManagementEngine.java,0.0,0,0,0,0,0,0,0,0,0,0,0,0,0.0,0,0,0,0,0,0.0,0,0,0.0,0.0,0,0,0,0,0,0,0
2.4.0,132.0,src/java/org/apache/ivy/core/repository/RepositoryManagementEngineSettings.java,0.0,0,0,0,0,0,0,0,0,0,0,0,0,0.0,0,0,0,0,0,0.0,0,0,0.0,0.0,0,0,0,0,0,0,0
2.4.0,133.0,src/java/org/apache/ivy/core/resolve/DownloadOptions.java,0.0,0,0,0,0,0,0,0,0,0,0,0,0,0.0,0,0,0,0,0,0.0,0,0,0.0,0.0,0,0,0,0,0,0,0
2.4.0,134.0,src/java/org/apache/ivy/core/resolve/IvyNode.java,0.0,0,0,0,0,0,0,0,0,0,0,0,0,0.0,0,0,0,0,0,0.0,0,0,0.0,0.0,0,0,0,0,0,0,0
2.4.0,135.0,src/java/org/apache/ivy/core/resolve/IvyNodeBlacklist.java,0.0,0,0,0,0,0,0,0,0,0,0,0,0,0.0,0,0,0,0,0,0.0,0,0,0.0,0.0,0,0,0,0,0,0,0
2.4.0,136.0,src/java/org/apache/ivy/core/resolve/IvyNodeCallers.java,0.0,0,0,0,0,0,0,0,0,0,0,0,0,0.0,0,0,0,0,0,0.0,0,0,0.0,0.0,0,0,0,0,0,0,0
2.4.0,137.0,src/java/org/apache/ivy/core/resolve/IvyNodeEviction.java,0.0,0,0,0,0,0,0,0,0,0,0,0,0,0.0,0,0,0,0,0,0.0,0,0,0.0,0.272727273,0,0,0,0,0,0,0
2.4.0,138.0,src/java/org/apache/ivy/core/resolve/IvyNodeUsage.java,0.0,0,0,0,0,0,0,0,0,0,0,0,0,0.0,0,0,0,0,0,0.0,0,0,0.0,0.0,0,0,0,0,0,0,0
2.4.0,139.0,src/java/org/apache/ivy/core/resolve/ResolveData.java,0.0,0,0,0,0,0,0,0,0,0,0,0,0,0.0,0,0,0,0,0,0.0,0,0,0.0,0.0,0,0,0,0,0,0,0
2.4.0,140.0,src/java/org/apache/ivy/core/resolve/ResolvedModuleRevision.java,0.0,0,0,0,0,0,0,0,0,0,0,0,0,0.0,0,0,0,0,0,0.0,0,0,0.0,0.0,0,0,0,0,0,0,0
2.4.0,141.0,src/java/org/apache/ivy/core/resolve/ResolveEngine.java,1.0,0,0,0,0,0,0,0,0,0,0,0,0,0.0,0,0,0,0,0,0.0,0,0,0.0,0.181818182,0,0,0,0,0,0,0
2.4.0,142.0,src/java/org/apache/ivy/core/resolve/ResolveEngineSettings.java,0.0,0,0,0,0,0,0,0,0,0,0,0,0,0.0,0,0,0,0,0,0.0,0,0,0.0,0.0,0,0,0,0,0,0,0
2.4.0,143.0,src/java/org/apache/ivy/core/resolve/ResolveOptions.java,0.0,0,0,0,0,0,0,0,0,0,0,0,0,0.0,0,0,0,0,0,0.0,0,0,0.0,0.0,0,0,0,0,0,0,0
2.4.0,144.0,src/java/org/apache/ivy/core/resolve/ResolveProcessException.java,0.0,0,0,0,0,0,0,0,0,0,0,0,0,0.0,0,0,0,0,0,0.0,0,0,0.0,0.0,0,0,0,0,0,0,0
2.4.0,145.0,src/java/org/apache/ivy/core/resolve/RestartResolveProcess.java,0.0,0,0,0,0,0,0,0,0,0,0,0,0,0.0,0,0,0,0,0,0.0,0,0,0.0,0.0,0,0,0,0,0,0,0
2.4.0,146.0,src/java/org/apache/ivy/core/resolve/VisitData.java,0.0,0,0,0,0,0,0,0,0,0,0,0,0,0.0,0,0,0,0,0,0.0,0,0,0.0,0.0,0,0,0,0,0,0,0
2.4.0,147.0,src/java/org/apache/ivy/core/resolve/VisitNode.java,0.0,0,0,0,0,0,0,0,0,0,0,0,0,0.0,0,0,0,0,0,0.0,0,0,0.0,0.0,0,0,0,0,0,0,0
2.4.0,148.0,src/java/org/apache/ivy/core/retrieve/FileNameMapper.java,0.0,0,0,0,0,0,0,0,0,0,0,0,0,0.0,0,0,0,0,0,0.0,0,0,0.0,0.0,0,0,0,0,0,0,0
2.4.0,149.0,src/java/org/apache/ivy/core/retrieve/RetrieveEngine.java,1.0,0,0,0,0,0,0,0,0,0,0,0,0,0.0,0,0,0,0,0,0.0,0,0,0.0,0.0,0,0,0,0,0,0,0
2.4.0,150.0,src/java/org/apache/ivy/core/retrieve/RetrieveEngineSettings.java,0.0,0,0,0,0,0,0,0,0,0,0,0,0,0.0,0,0,0,0,0,0.0,0,0,0.0,0.0,0,0,0,0,0,0,0
2.4.0,151.0,src/java/org/apache/ivy/core/retrieve/RetrieveOptions.java,0.0,0,0,0,0,0,0,0,0,0,0,0,0,0.0,0,0,0,0,0,0.0,0,0,0.0,0.0,0,0,0,0,0,0,0
2.4.0,152.0,src/java/org/apache/ivy/core/retrieve/RetrieveReport.java,0.0,0,0,0,0,0,0,0,0,0,0,0,0,0.0,0,0,0,0,0,0.0,0,0,0.0,0.0,0,0,0,0,0,0,0
2.4.0,153.0,src/java/org/apache/ivy/core/search/ModuleEntry.java,0.0,0,0,0,0,0,0,0,0,0,0,0,0,0.0,0,0,0,0,0,0.0,0,0,0.0,0.0,0,0,0,0,0,0,0
2.4.0,154.0,src/java/org/apache/ivy/core/search/OrganisationEntry.java,0.0,0,0,0,0,0,0,0,0,0,0,0,0,0.0,0,0,0,0,0,0.0,0,0,0.0,0.0,0,0,0,0,0,0,0
2.4.0,155.0,src/java/org/apache/ivy/core/search/RevisionEntry.java,0.0,0,0,0,0,0,0,0,0,0,0,0,0,0.0,0,0,0,0,0,0.0,0,0,0.0,0.0,0,0,0,0,0,0,0
2.4.0,156.0,src/java/org/apache/ivy/core/search/SearchEngine.java,0.0,0,0,0,0,0,0,0,0,0,0,0,0,0.0,0,0,0,0,0,0.0,0,0,0.0,1.692307692,0,0,0,0,0,0,0
2.4.0,157.0,src/java/org/apache/ivy/core/settings/IvyPattern.java,0.0,0,0,0,0,0,0,0,0,0,0,0,0,0.0,0,0,0,0,0,0.0,0,0,0.0,0.0,0,0,0,0,0,0,0
2.4.0,158.0,src/java/org/apache/ivy/core/settings/IvySettings.java,0.0,0,0,0,0,0,0,0,0,0,0,0,0,0.0,0,0,0,0,0,0.0,0,0,0.0,0.022988506,0,0,0,0,0,0,0
2.4.0,159.0,src/java/org/apache/ivy/core/settings/IvyVariableContainer.java,0.0,0,0,0,0,0,0,0,0,0,0,0,0,0.0,0,0,0,0,0,0.0,0,0,0.0,0.0,0,0,0,0,0,0,0
2.4.0,160.0,src/java/org/apache/ivy/core/settings/IvyVariableContainerImpl.java,0.0,0,0,0,0,0,0,0,0,0,0,0,0,0.0,0,0,0,0,0,0.0,0,0,0.0,0.0,0,0,0,0,0,0,0
2.4.0,161.0,src/java/org/apache/ivy/core/settings/Validatable.java,0.0,0,0,0,0,0,0,0,0,0,0,0,0,0.0,0,0,0,0,0,0.0,0,0,0.0,0.0,0,0,0,0,0,0,0
2.4.0,162.0,src/java/org/apache/ivy/core/settings/XmlSettingsParser.java,1.0,0,0,0,0,0,0,0,0,0,0,0,0,0.0,0,0,0,0,0,0.0,0,0,0.0,0.357142857,0,0,0,0,0,0,0
2.4.0,163.0,src/java/org/apache/ivy/core/sort/CollectionOfModulesToSort.java,0.0,0,0,0,0,0,0,0,0,0,0,0,0,0.0,0,0,0,0,0,0.0,0,0,0.0,0.0,0,0,0,0,0,0,0
2.4.0,164.0,src/java/org/apache/ivy/core/sort/MessageBasedNonMatchingVersionReporter.java,0.0,0,0,0,0,0,0,0,0,0,0,0,0,0.0,0,0,0,0,0,0.0,0,0,0.0,0.0,0,0,0,0,0,0,0
2.4.0,165.0,src/java/org/apache/ivy/core/sort/ModuleDescriptorSorter.java,0.0,0,0,0,0,0,0,0,0,0,0,0,0,0.0,0,0,0,0,0,0.0,0,0,0.0,0.0,0,0,0,0,0,0,0
2.4.0,166.0,src/java/org/apache/ivy/core/sort/ModuleInSort.java,0.0,0,0,0,0,0,0,0,0,0,0,0,0,0.0,0,0,0,0,0,0.0,0,0,0.0,0.0,0,0,0,0,0,0,0
2.4.0,167.0,src/java/org/apache/ivy/core/sort/NonMatchingVersionReporter.java,0.0,0,0,0,0,0,0,0,0,0,0,0,0,0.0,0,0,0,0,0,0.0,0,0,0.0,0.0,0,0,0,0,0,0,0
2.4.0,168.0,src/java/org/apache/ivy/core/sort/SilentNonMatchingVersionReporter.java,0.0,0,0,0,0,0,0,0,0,0,0,0,0,0.0,0,0,0,0,0,0.0,0,0,0.0,0.0,0,0,0,0,0,0,0
2.4.0,169.0,src/java/org/apache/ivy/core/sort/SimpleSortEngineSettings.java,0.0,0,0,0,0,0,0,0,0,0,0,0,0,0.0,0,0,0,0,0,0.0,0,0,0.0,0.0,0,0,0,0,0,0,0
2.4.0,170.0,src/java/org/apache/ivy/core/sort/SortEngine.java,0.0,0,0,0,0,0,0,0,0,0,0,0,0,0.0,0,0,0,0,0,0.0,0,0,0.0,0.0,0,0,0,0,0,0,0
2.4.0,171.0,src/java/org/apache/ivy/core/sort/SortEngineSettings.java,0.0,0,0,0,0,0,0,0,0,0,0,0,0,0.0,0,0,0,0,0,0.0,0,0,0.0,0.0,0,0,0,0,0,0,0
2.4.0,172.0,src/java/org/apache/ivy/core/sort/SortOptions.java,0.0,0,0,0,0,0,0,0,0,0,0,0,0,0.0,0,0,0,0,0,0.0,0,0,0.0,0.0,0,0,0,0,0,0,0
2.4.0,173.0,src/java/org/apache/ivy/core/sort/WarningNonMatchingVersionReporter.java,0.0,0,0,0,0,0,0,0,0,0,0,0,0,0.0,0,0,0,0,0,0.0,0,0,0.0,0.0,0,0,0,0,0,0,0
2.4.0,174.0,src/java/org/apache/ivy/osgi/core/BundleArtifact.java,0.0,0,0,0,0,0,0,0,0,0,0,0,0,0.0,0,0,0,0,0,0.0,0,0,0.0,0.0,0,0,0,0,0,0,0
2.4.0,175.0,src/java/org/apache/ivy/osgi/core/BundleCapability.java,0.0,0,0,0,0,0,0,0,0,0,0,0,0,0.0,0,0,0,0,0,0.0,0,0,0.0,5.625,0,0,0,0,0,0,0
2.4.0,176.0,src/java/org/apache/ivy/osgi/core/BundleInfo.java,0.0,0,0,0,0,0,0,0,0,0,0,0,0,0.0,0,0,0,0,0,0.0,0,0,0.0,3.325581395,0,0,0,0,0,0,0
2.4.0,177.0,src/java/org/apache/ivy/osgi/core/BundleInfoAdapter.java,0.0,0,0,0,0,0,0,0,0,0,0,0,0,0.0,0,0,0,0,0,0.0,0,0,0.0,0.0,0,0,0,0,0,0,0
2.4.0,178.0,src/java/org/apache/ivy/osgi/core/BundleRequirement.java,0.0,0,0,0,0,0,0,0,0,0,0,0,0,0.0,0,0,0,0,0,0.0,0,0,0.0,13.0,0,0,0,0,0,0,0
2.4.0,179.0,src/java/org/apache/ivy/osgi/core/ExecutionEnvironmentProfile.java,0.0,0,0,0,0,0,0,0,0,0,0,0,0,0.0,0,0,0,0,0,0.0,0,0,0.0,7.5,0,0,0,0,0,0,0
2.4.0,180.0,src/java/org/apache/ivy/osgi/core/ExecutionEnvironmentProfileProvider.java,0.0,0,0,0,0,0,0,0,0,0,0,0,0,0.0,0,0,0,0,0,0.0,0,0,0.0,0.0,0,0,0,0,0,0,0
2.4.0,181.0,src/java/org/apache/ivy/osgi/core/ExportPackage.java,0.0,0,0,0,0,0,0,0,0,0,0,0,0,0.0,0,0,0,0,0,0.0,0,0,0.0,0.0,0,0,0,0,0,0,0
2.4.0,182.0,src/java/org/apache/ivy/osgi/core/ManifestHeaderElement.java,0.0,0,0,0,0,0,0,0,0,0,0,0,0,0.0,0,0,0,0,0,0.0,0,0,0.0,0.625,0,0,0,0,0,0,0
2.4.0,183.0,src/java/org/apache/ivy/osgi/core/ManifestHeaderValue.java,0.0,0,0,0,0,0,0,0,0,0,0,0,0,0.0,0,0,0,0,0,0.0,0,0,0.0,0.217391304,0,0,0,0,0,0,0
2.4.0,184.0,src/java/org/apache/ivy/osgi/core/ManifestParser.java,0.0,0,0,0,0,0,0,0,0,0,0,0,0,0.0,0,0,0,0,0,0.0,0,0,0.0,0.0,0,0,0,0,0,0,0
2.4.0,185.0,src/java/org/apache/ivy/osgi/core/OsgiLatestStrategy.java,0.0,0,0,0,0,0,0,0,0,0,0,0,0,0.0,0,0,0,0,0,0.0,0,0,0.0,1.666666667,0,0,0,0,0,0,0
2.4.0,186.0,src/java/org/apache/ivy/osgi/core/OSGiManifestParser.java,0.0,0,0,0,0,0,0,0,0,0,0,0,0,0.0,0,0,0,0,0,0.0,0,0,0.0,0.222222222,0,0,0,0,0,0,0
2.4.0,187.0,src/java/org/apache/ivy/osgi/filter/AndFilter.java,0.0,0,0,0,0,0,0,0,0,0,0,0,0,0.0,0,0,0,0,0,0.0,0,0,0.0,0.0,0,0,0,0,0,0,0
2.4.0,188.0,src/java/org/apache/ivy/osgi/filter/CompareFilter.java,0.0,0,0,0,0,0,0,0,0,0,0,0,0,0.0,0,0,0,0,0,0.0,0,0,0.0,6.8,0,0,0,0,0,0,0
2.4.0,189.0,src/java/org/apache/ivy/osgi/filter/MultiOperatorFilter.java,0.0,0,0,0,0,0,0,0,0,0,0,0,0,0.0,0,0,0,0,0,0.0,0,0,0.0,0.5,0,0,0,0,0,0,0
2.4.0,190.0,src/java/org/apache/ivy/osgi/filter/NotFilter.java,0.0,0,0,0,0,0,0,0,0,0,0,0,0,0.0,0,0,0,0,0,0.0,0,0,0.0,0.0,0,0,0,0,0,0,0
2.4.0,191.0,src/java/org/apache/ivy/osgi/filter/OrFilter.java,0.0,0,0,0,0,0,0,0,0,0,0,0,0,0.0,0,0,0,0,0,0.0,0,0,0.0,0.0,0,0,0,0,0,0,0
2.4.0,192.0,src/java/org/apache/ivy/osgi/filter/OSGiFilter.java,0.0,0,0,0,0,0,0,0,0,0,0,0,0,0.0,0,0,0,0,0,0.0,0,0,0.0,0.0,0,0,0,0,0,0,0
2.4.0,193.0,src/java/org/apache/ivy/osgi/filter/OSGiFilterParser.java,0.0,0,0,0,0,0,0,0,0,0,0,0,0,0.0,0,0,0,0,0,0.0,0,0,0.0,0.266666667,0,0,0,0,0,0,0
2.4.0,194.0,src/java/org/apache/ivy/osgi/filter/UniOperatorFilter.java,0.0,0,0,0,0,0,0,0,0,0,0,0,0,0.0,0,0,0,0,0,0.0,0,0,0.0,1.833333333,0,0,0,0,0,0,0
2.4.0,195.0,src/java/org/apache/ivy/osgi/obr/OBRResolver.java,0.0,0,0,0,0,0,0,0,0,0,0,0,0,0.0,0,0,0,0,0,0.0,0,0,0.0,0.0,0,0,0,0,0,0,0
2.4.0,196.0,src/java/org/apache/ivy/osgi/p2/P2Artifact.java,0.0,0,0,0,0,0,0,0,0,0,0,0,0,0.0,0,0,0,0,0,0.0,0,0,0.0,0.0,0,0,0,0,0,0,0
2.4.0,197.0,src/java/org/apache/ivy/osgi/p2/P2ArtifactParser.java,0.0,0,0,0,0,0,0,0,0,0,0,0,0,0.0,0,0,0,0,0,0.0,0,0,0.0,0.0,0,0,0,0,0,0,0
2.4.0,198.0,src/java/org/apache/ivy/osgi/p2/P2CompositeParser.java,0.0,0,0,0,0,0,0,0,0,0,0,0,0,0.0,0,0,0,0,0,0.0,0,0,0.0,0.0,0,0,0,0,0,0,0
2.4.0,199.0,src/java/org/apache/ivy/osgi/p2/P2Descriptor.java,0.0,0,0,0,0,0,0,0,0,0,0,0,0,0.0,0,0,0,0,0,0.0,0,0,0.0,0.0,0,0,0,0,0,0,0
2.4.0,200.0,src/java/org/apache/ivy/osgi/p2/P2MetadataParser.java,0.0,0,0,0,0,0,0,0,0,0,0,0,0,0.0,0,0,0,0,0,0.0,0,0,0.0,0.230769231,0,0,0,0,0,0,0
2.4.0,201.0,src/java/org/apache/ivy/osgi/p2/PropertiesParser.java,0.0,0,0,0,0,0,0,0,0,0,0,0,0,0.0,0,0,0,0,0,0.0,0,0,0.0,0.0,0,0,0,0,0,0,0
2.4.0,202.0,src/java/org/apache/ivy/osgi/p2/XMLInputParser.java,0.0,0,0,0,0,0,0,0,0,0,0,0,0,0.0,0,0,0,0,0,0.0,0,0,0.0,0.0,0,0,0,0,0,0,0
2.4.0,203.0,src/java/org/apache/ivy/osgi/repo/AbstractFSManifestIterable.java,0.0,0,0,0,0,0,0,0,0,0,0,0,0,0.0,0,0,0,0,0,0.0,0,0,0.0,0.9,0,0,0,0,0,0,0
2.4.0,204.0,src/java/org/apache/ivy/osgi/repo/AbstractOSGiResolver.java,0.0,0,0,0,0,0,0,0,0,0,0,0,0,0.0,0,0,0,0,0,0.0,0,0,0.0,0.0,0,0,0,0,0,0,0
2.4.0,205.0,src/java/org/apache/ivy/osgi/repo/AggregatedOSGiResolver.java,0.0,0,0,0,0,0,0,0,0,0,0,0,0,0.0,0,0,0,0,0,0.0,0,0,0.0,0.0,0,0,0,0,0,0,0
2.4.0,206.0,src/java/org/apache/ivy/osgi/repo/AggregatedRepoDescriptor.java,0.0,0,0,0,0,0,0,0,0,0,0,0,0,0.0,0,0,0,0,0,0.0,0,0,0.0,0.0,0,0,0,0,0,0,0
2.4.0,207.0,src/java/org/apache/ivy/osgi/repo/ArtifactReportManifestIterable.java,0.0,0,0,0,0,0,0,0,0,0,0,0,0,0.0,0,0,0,0,0,0.0,0,0,0.0,1.5,0,0,0,0,0,0,0
2.4.0,208.0,src/java/org/apache/ivy/osgi/repo/BundleCapabilityAndLocation.java,0.0,0,0,0,0,0,0,0,0,0,0,0,0,0.0,0,0,0,0,0,0.0,0,0,0.0,0.0,0,0,0,0,0,0,0
2.4.0,209.0,src/java/org/apache/ivy/osgi/repo/BundleRepoDescriptor.java,0.0,0,0,0,0,0,0,0,0,0,0,0,0,0.0,0,0,0,0,0,0.0,0,0,0.0,0.0,0,0,0,0,0,0,0
2.4.0,210.0,src/java/org/apache/ivy/osgi/repo/EditableRepoDescriptor.java,0.0,0,0,0,0,0,0,0,0,0,0,0,0,0.0,0,0,0,0,0,0.0,0,0,0.0,0.5,0,0,0,0,0,0,0
2.4.0,211.0,src/java/org/apache/ivy/osgi/repo/FSManifestIterable.java,0.0,0,0,0,0,0,0,0,0,0,0,0,0,0.0,0,0,0,0,0,0.0,0,0,0.0,0.0,0,0,0,0,0,0,0
2.4.0,212.0,src/java/org/apache/ivy/osgi/repo/ManifestAndLocation.java,0.0,0,0,0,0,0,0,0,0,0,0,0,0,0.0,0,0,0,0,0,0.0,0,0,0.0,0.0,0,0,0,0,0,0,0
2.4.0,213.0,src/java/org/apache/ivy/osgi/repo/ModuleDescriptorWrapper.java,0.0,0,0,0,0,0,0,0,0,0,0,0,0,0.0,0,0,0,0,0,0.0,0,0,0.0,0.0,0,0,0,0,0,0,0
2.4.0,214.0,src/java/org/apache/ivy/osgi/repo/RelativeURLRepository.java,0.0,0,0,0,0,0,0,0,0,0,0,0,0,0.0,0,0,0,0,0,0.0,0,0,0.0,0.0,0,0,0,0,0,0,0
2.4.0,215.0,src/java/org/apache/ivy/osgi/repo/RepoDescriptor.java,0.0,0,0,0,0,0,0,0,0,0,0,0,0,0.0,0,0,0,0,0,0.0,0,0,0.0,0.0,0,0,0,0,0,0,0
2.4.0,216.0,src/java/org/apache/ivy/osgi/repo/RepositoryManifestIterable.java,0.0,0,0,0,0,0,0,0,0,0,0,0,0,0.0,0,0,0,0,0,0.0,0,0,0.0,0.0,0,0,0,0,0,0,0
2.4.0,217.0,src/java/org/apache/ivy/osgi/repo/ResolverManifestIterable.java,0.0,0,0,0,0,0,0,0,0,0,0,0,0,0.0,0,0,0,0,0,0.0,0,0,0.0,0.0,0,0,0,0,0,0,0
2.4.0,218.0,src/java/org/apache/ivy/osgi/updatesite/PluginAdapter.java,0.0,0,0,0,0,0,0,0,0,0,0,0,0,0.0,0,0,0,0,0,0.0,0,0,0.0,0.0,0,0,0,0,0,0,0
2.4.0,219.0,src/java/org/apache/ivy/osgi/updatesite/UpdateSiteDescriptor.java,0.0,0,0,0,0,0,0,0,0,0,0,0,0,0.0,0,0,0,0,0,0.0,0,0,0.0,0.0,0,0,0,0,0,0,0
2.4.0,220.0,src/java/org/apache/ivy/osgi/updatesite/UpdateSiteLoader.java,0.0,0,0,0,0,0,0,0,0,0,0,0,0,0.0,0,0,0,0,0,0.0,0,0,0.0,0.533333333,0,0,0,0,0,0,0
2.4.0,221.0,src/java/org/apache/ivy/osgi/updatesite/UpdateSiteResolver.java,0.0,0,0,0,0,0,0,0,0,0,0,0,0,0.0,0,0,0,0,0,0.0,0,0,0.0,0.0,0,0,0,0,0,0,0
2.4.0,222.0,src/java/org/apache/ivy/osgi/util/DelegatingHandler.java,0.0,0,0,0,0,0,0,0,0,0,0,0,0,0.0,0,0,0,0,0,0.0,0,0,0.0,0.617647059,0,0,0,0,0,0,0
2.4.0,223.0,src/java/org/apache/ivy/osgi/util/ParseUtil.java,0.0,0,0,0,0,0,0,0,0,0,0,0,0,0.0,0,0,0,0,0,0.0,0,0,0.0,0.0,0,0,0,0,0,0,0
2.4.0,224.0,src/java/org/apache/ivy/osgi/util/Version.java,0.0,0,0,0,0,0,0,0,0,0,0,0,0,0.0,0,0,0,0,0,0.0,0,0,0.0,1.0,0,0,0,0,0,0,0
2.4.0,225.0,src/java/org/apache/ivy/osgi/util/VersionComparator.java,0.0,0,0,0,0,0,0,0,0,0,0,0,0,0.0,0,0,0,0,0,0.0,0,0,0.0,0.0,0,0,0,0,0,0,0
2.4.0,226.0,src/java/org/apache/ivy/osgi/util/VersionRange.java,0.0,0,0,0,0,0,0,0,0,0,0,0,0,0.0,0,0,0,0,0,0.0,0,0,0.0,1.692307692,0,0,0,0,0,0,0
2.4.0,227.0,src/java/org/apache/ivy/osgi/util/ZipUtil.java,0.0,0,0,0,0,0,0,0,0,0,0,0,0,0.0,0,0,0,0,0,0.0,0,0,0.0,0.0,0,0,0,0,0,0,0
2.4.0,228.0,src/java/org/apache/ivy/plugins/circular/AbstractCircularDependencyStrategy.java,0.0,0,0,0,0,0,0,0,0,0,0,0,0,0.0,0,0,0,0,0,0.0,0,0,0.0,0.0,0,0,0,0,0,0,0
2.4.0,229.0,src/java/org/apache/ivy/plugins/circular/AbstractLogCircularDependencyStrategy.java,0.0,0,0,0,0,0,0,0,0,0,0,0,0,0.0,0,0,0,0,0,0.0,0,0,0.0,0.0,0,0,0,0,0,0,0
2.4.0,230.0,src/java/org/apache/ivy/plugins/circular/CircularDependencyException.java,0.0,0,0,0,0,0,0,0,0,0,0,0,0,0.0,0,0,0,0,0,0.0,0,0,0.0,0.0,0,0,0,0,0,0,0
2.4.0,231.0,src/java/org/apache/ivy/plugins/circular/CircularDependencyHelper.java,0.0,0,0,0,0,0,0,0,0,0,0,0,0,0.0,0,0,0,0,0,0.0,0,0,0.0,0.0,0,0,0,0,0,0,0
2.4.0,232.0,src/java/org/apache/ivy/plugins/circular/CircularDependencyStrategy.java,0.0,0,0,0,0,0,0,0,0,0,0,0,0,0.0,0,0,0,0,0,0.0,0,0,0.0,0.0,0,0,0,0,0,0,0
2.4.0,233.0,src/java/org/apache/ivy/plugins/circular/ErrorCircularDependencyStrategy.java,0.0,0,0,0,0,0,0,0,0,0,0,0,0,0.0,0,0,0,0,0,0.0,0,0,0.0,0.0,0,0,0,0,0,0,0
2.4.0,234.0,src/java/org/apache/ivy/plugins/circular/IgnoreCircularDependencyStrategy.java,0.0,0,0,0,0,0,0,0,0,0,0,0,0,0.0,0,0,0,0,0,0.0,0,0,0.0,0.0,0,0,0,0,0,0,0
2.4.0,235.0,src/java/org/apache/ivy/plugins/circular/WarnCircularDependencyStrategy.java,0.0,0,0,0,0,0,0,0,0,0,0,0,0,0.0,0,0,0,0,0,0.0,0,0,0.0,0.0,0,0,0,0,0,0,0
2.4.0,236.0,src/java/org/apache/ivy/plugins/conflict/AbstractConflictManager.java,0.0,0,0,0,0,0,0,0,0,0,0,0,0,0.0,0,0,0,0,0,0.0,0,0,0.0,0.0,0,0,0,0,0,0,0
2.4.0,237.0,src/java/org/apache/ivy/plugins/conflict/ConflictManager.java,0.0,0,0,0,0,0,0,0,0,0,0,0,0,0.0,0,0,0,0,0,0.0,0,0,0.0,0.0,0,0,0,0,0,0,0
2.4.0,238.0,src/java/org/apache/ivy/plugins/conflict/FixedConflictManager.java,0.0,0,0,0,0,0,0,0,0,0,0,0,0,0.0,0,0,0,0,0,0.0,0,0,0.0,0.0,0,0,0,0,0,0,0
2.4.0,239.0,src/java/org/apache/ivy/plugins/conflict/LatestCompatibleConflictManager.java,0.0,0,0,0,0,0,0,0,0,0,0,0,0,0.0,0,0,0,0,0,0.0,0,0,0.0,0.0,0,0,0,0,0,0,0
2.4.0,240.0,src/java/org/apache/ivy/plugins/conflict/LatestConflictManager.java,0.0,0,0,0,0,0,0,0,0,0,0,0,0,0.0,0,0,0,0,0,0.0,0,0,0.0,0.0,0,0,0,0,0,0,0
2.4.0,241.0,src/java/org/apache/ivy/plugins/conflict/NoConflictManager.java,0.0,0,0,0,0,0,0,0,0,0,0,0,0,0.0,0,0,0,0,0,0.0,0,0,0.0,0.0,0,0,0,0,0,0,0
2.4.0,242.0,src/java/org/apache/ivy/plugins/conflict/RegexpConflictManager.java,0.0,0,0,0,0,0,0,0,0,0,0,0,0,0.0,0,0,0,0,0,0.0,0,0,0.0,0.0,0,0,0,0,0,0,0
2.4.0,243.0,src/java/org/apache/ivy/plugins/conflict/StrictConflictException.java,0.0,0,0,0,0,0,0,0,0,0,0,0,0,0.0,0,0,0,0,0,0.0,0,0,0.0,0.0,0,0,0,0,0,0,0
2.4.0,244.0,src/java/org/apache/ivy/plugins/conflict/StrictConflictManager.java,0.0,0,0,0,0,0,0,0,0,0,0,0,0,0.0,0,0,0,0,0,0.0,0,0,0.0,0.0,0,0,0,0,0,0,0
2.4.0,245.0,src/java/org/apache/ivy/plugins/latest/AbstractLatestStrategy.java,0.0,0,0,0,0,0,0,0,0,0,0,0,0,0.0,0,0,0,0,0,0.0,0,0,0.0,0.0,0,0,0,0,0,0,0
2.4.0,246.0,src/java/org/apache/ivy/plugins/latest/ArtifactInfo.java,0.0,0,0,0,0,0,0,0,0,0,0,0,0,0.0,0,0,0,0,0,0.0,0,0,0.0,0.0,0,0,0,0,0,0,0
2.4.0,247.0,src/java/org/apache/ivy/plugins/latest/ComparatorLatestStrategy.java,0.0,0,0,0,0,0,0,0,0,0,0,0,0,0.0,0,0,0,0,0,0.0,0,0,0.0,0.0,0,0,0,0,0,0,0
2.4.0,248.0,src/java/org/apache/ivy/plugins/latest/LatestLexicographicStrategy.java,0.0,0,0,0,0,0,0,0,0,0,0,0,0,0.0,0,0,0,0,0,0.0,0,0,0.0,0.0,0,0,0,0,0,0,0
2.4.0,249.0,src/java/org/apache/ivy/plugins/latest/LatestRevisionStrategy.java,0.0,0,0,0,0,0,0,0,0,0,0,0,0,0.0,0,0,0,0,0,0.0,0,0,0.0,0.384615385,0,0,0,0,0,0,0
2.4.0,250.0,src/java/org/apache/ivy/plugins/latest/LatestStrategy.java,0.0,0,0,0,0,0,0,0,0,0,0,0,0,0.0,0,0,0,0,0,0.0,0,0,0.0,0.0,0,0,0,0,0,0,0
2.4.0,251.0,src/java/org/apache/ivy/plugins/latest/LatestTimeStrategy.java,0.0,0,0,0,0,0,0,0,0,0,0,0,0,0.0,0,0,0,0,0,0.0,0,0,0.0,0.0,0,0,0,0,0,0,0
2.4.0,252.0,src/java/org/apache/ivy/plugins/lock/AbstractLockStrategy.java,0.0,0,0,0,0,0,0,0,0,0,0,0,0,0.0,0,0,0,0,0,0.0,0,0,0.0,0.0,0,0,0,0,0,0,0
2.4.0,253.0,src/java/org/apache/ivy/plugins/lock/ArtifactLockStrategy.java,0.0,0,0,0,0,0,0,0,0,0,0,0,0,0.0,0,0,0,0,0,0.0,0,0,0.0,0.0,0,0,0,0,0,0,0
2.4.0,254.0,src/java/org/apache/ivy/plugins/lock/CreateFileLockStrategy.java,0.0,0,0,0,0,0,0,0,0,0,0,0,0,0.0,0,0,0,0,0,0.0,0,0,0.0,0.0,0,0,0,0,0,0,0
2.4.0,255.0,src/java/org/apache/ivy/plugins/lock/DeleteOnExitHook.java,0.0,0,0,0,0,0,0,0,0,0,0,0,0,0.0,0,0,0,0,0,0.0,0,0,0.0,0.0,0,0,0,0,0,0,0
2.4.0,256.0,src/java/org/apache/ivy/plugins/lock/FileBasedLockStrategy.java,0.0,0,0,0,0,0,0,0,0,0,0,0,0,0.0,0,0,0,0,0,0.0,0,0,0.0,0.0,0,0,0,0,0,0,0
2.4.0,257.0,src/java/org/apache/ivy/plugins/lock/LockStrategy.java,0.0,0,0,0,0,0,0,0,0,0,0,0,0,0.0,0,0,0,0,0,0.0,0,0,0.0,0.0,0,0,0,0,0,0,0
2.4.0,258.0,src/java/org/apache/ivy/plugins/lock/NIOFileLockStrategy.java,0.0,0,0,0,0,0,0,0,0,0,0,0,0,0.0,0,0,0,0,0,0.0,0,0,0.0,0.0,0,0,0,0,0,0,0
2.4.0,259.0,src/java/org/apache/ivy/plugins/lock/NoLockStrategy.java,0.0,0,0,0,0,0,0,0,0,0,0,0,0,0.0,0,0,0,0,0,0.0,0,0,0.0,0.0,0,0,0,0,0,0,0
2.4.0,260.0,src/java/org/apache/ivy/plugins/matcher/AbstractPatternMatcher.java,0.0,0,0,0,0,0,0,0,0,0,0,0,0,0.0,0,0,0,0,0,0.0,0,0,0.0,0.0,0,0,0,0,0,0,0
2.4.0,261.0,src/java/org/apache/ivy/plugins/matcher/AnyMatcher.java,0.0,0,0,0,0,0,0,0,0,0,0,0,0,0.0,0,0,0,0,0,0.0,0,0,0.0,0.0,0,0,0,0,0,0,0
2.4.0,262.0,src/java/org/apache/ivy/plugins/matcher/ExactOrRegexpPatternMatcher.java,0.0,0,0,0,0,0,0,0,0,0,0,0,0,0.0,0,0,0,0,0,0.0,0,0,0.0,0.0,0,0,0,0,0,0,0
2.4.0,263.0,src/java/org/apache/ivy/plugins/matcher/ExactPatternMatcher.java,0.0,0,0,0,0,0,0,0,0,0,0,0,0,0.0,0,0,0,0,0,0.0,0,0,0.0,0.0,0,0,0,0,0,0,0
2.4.0,264.0,src/java/org/apache/ivy/plugins/matcher/GlobPatternMatcher.java,0.0,0,0,0,0,0,0,0,0,0,0,0,0,0.0,0,0,0,0,0,0.0,0,0,0.0,0.0,0,0,0,0,0,0,0
2.4.0,265.0,src/java/org/apache/ivy/plugins/matcher/MapMatcher.java,0.0,0,0,0,0,0,0,0,0,0,0,0,0,0.0,0,0,0,0,0,0.0,0,0,0.0,0.0,0,0,0,0,0,0,0
2.4.0,266.0,src/java/org/apache/ivy/plugins/matcher/Matcher.java,0.0,0,0,0,0,0,0,0,0,0,0,0,0,0.0,0,0,0,0,0,0.0,0,0,0.0,0.0,0,0,0,0,0,0,0
2.4.0,267.0,src/java/org/apache/ivy/plugins/matcher/MatcherHelper.java,0.0,0,0,0,0,0,0,0,0,0,0,0,0,0.0,0,0,0,0,0,0.0,0,0,0.0,0.0,0,0,0,0,0,0,0
2.4.0,268.0,src/java/org/apache/ivy/plugins/matcher/NoMatcher.java,0.0,0,0,0,0,0,0,0,0,0,0,0,0,0.0,0,0,0,0,0,0.0,0,0,0.0,0.0,0,0,0,0,0,0,0
2.4.0,269.0,src/java/org/apache/ivy/plugins/matcher/PatternMatcher.java,0.0,0,0,0,0,0,0,0,0,0,0,0,0,0.0,0,0,0,0,0,0.0,0,0,0.0,0.0,0,0,0,0,0,0,0
2.4.0,270.0,src/java/org/apache/ivy/plugins/matcher/RegexpPatternMatcher.java,0.0,0,0,0,0,0,0,0,0,0,0,0,0,0.0,0,0,0,0,0,0.0,0,0,0.0,0.0,0,0,0,0,0,0,0
2.4.0,271.0,src/java/org/apache/ivy/plugins/namespace/MRIDRule.java,0.0,0,0,0,0,0,0,0,0,0,0,0,0,0.0,0,0,0,0,0,0.0,0,0,0.0,0.0,0,0,0,0,0,0,0
2.4.0,272.0,src/java/org/apache/ivy/plugins/namespace/MRIDTransformationRule.java,0.0,0,0,0,0,0,0,0,0,0,0,0,0,0.0,0,0,0,0,0,0.0,0,0,0.0,0.0,0,0,0,0,0,0,0
2.4.0,273.0,src/java/org/apache/ivy/plugins/namespace/Namespace.java,0.0,0,0,0,0,0,0,0,0,0,0,0,0,0.0,0,0,0,0,0,0.0,0,0,0.0,0.909090909,0,0,0,0,0,0,0
2.4.0,274.0,src/java/org/apache/ivy/plugins/namespace/NameSpaceHelper.java,0.0,0,0,0,0,0,0,0,0,0,0,0,0,0.0,0,0,0,0,0,0.0,0,0,0.0,0.0,0,0,0,0,0,0,0
2.4.0,275.0,src/java/org/apache/ivy/plugins/namespace/NamespaceRule.java,0.0,0,0,0,0,0,0,0,0,0,0,0,0,0.0,0,0,0,0,0,0.0,0,0,0.0,0.0,0,0,0,0,0,0,0
2.4.0,276.0,src/java/org/apache/ivy/plugins/namespace/NamespaceTransformer.java,0.0,0,0,0,0,0,0,0,0,0,0,0,0,0.0,0,0,0,0,0,0.0,0,0,0.0,0.0,0,0,0,0,0,0,0
2.4.0,277.0,src/java/org/apache/ivy/plugins/parser/AbstractModuleDescriptorParser.java,0.0,0,0,0,0,0,0,0,0,0,0,0,0,0.0,0,0,0,0,0,0.0,0,0,0.0,0.0,0,0,0,0,0,0,0
2.4.0,278.0,src/java/org/apache/ivy/plugins/parser/ModuleDescriptorParser.java,0.0,0,0,0,0,0,0,0,0,0,0,0,0,0.0,0,0,0,0,0,0.0,0,0,0.0,0.0,0,0,0,0,0,0,0
2.4.0,279.0,src/java/org/apache/ivy/plugins/parser/ModuleDescriptorParserRegistry.java,0.0,0,0,0,0,0,0,0,0,0,0,0,0,0.0,0,0,0,0,0,0.0,0,0,0.0,0.0,0,0,0,0,0,0,0
2.4.0,280.0,src/java/org/apache/ivy/plugins/parser/ParserSettings.java,0.0,0,0,0,0,0,0,0,0,0,0,0,0,0.0,0,0,0,0,0,0.0,0,0,0.0,0.0,0,0,0,0,0,0,0
2.4.0,281.0,src/java/org/apache/ivy/plugins/report/LogReportOutputter.java,0.0,0,0,0,0,0,0,0,0,0,0,0,0,0.0,0,0,0,0,0,0.0,0,0,0.0,0.0,0,0,0,0,0,0,0
2.4.0,282.0,src/java/org/apache/ivy/plugins/report/ReportOutputter.java,0.0,0,0,0,0,0,0,0,0,0,0,0,0,0.0,0,0,0,0,0,0.0,0,0,0.0,0.0,0,0,0,0,0,0,0
2.4.0,283.0,src/java/org/apache/ivy/plugins/report/XmlReportOutputter.java,0.0,0,0,0,0,0,0,0,0,0,0,0,0,0.0,0,0,0,0,0,0.0,0,0,0.0,0.0,0,0,0,0,0,0,0
2.4.0,284.0,src/java/org/apache/ivy/plugins/report/XmlReportParser.java,0.0,0,0,0,0,0,0,0,0,0,0,0,0,0.0,0,0,0,0,0,0.0,0,0,0.0,0.0,0,0,0,0,0,0,0
2.4.0,285.0,src/java/org/apache/ivy/plugins/report/XmlReportWriter.java,0.0,0,0,0,0,0,0,0,0,0,0,0,0,0.0,0,0,0,0,0,0.0,0,0,0.0,0.0,0,0,0,0,0,0,0
2.4.0,286.0,src/java/org/apache/ivy/plugins/repository/AbstractRepository.java,0.0,0,0,0,0,0,0,0,0,0,0,0,0,0.0,0,0,0,0,0,0.0,0,0,0.0,0.0,0,0,0,0,0,0,0
2.4.0,287.0,src/java/org/apache/ivy/plugins/repository/ArtifactResourceResolver.java,0.0,0,0,0,0,0,0,0,0,0,0,0,0,0.0,0,0,0,0,0,0.0,0,0,0.0,0.0,0,0,0,0,0,0,0
2.4.0,288.0,src/java/org/apache/ivy/plugins/repository/BasicResource.java,0.0,0,0,0,0,0,0,0,0,0,0,0,0,0.0,0,0,0,0,0,0.0,0,0,0.0,0.0,0,0,0,0,0,0,0
2.4.0,289.0,src/java/org/apache/ivy/plugins/repository/LazyResource.java,0.0,0,0,0,0,0,0,0,0,0,0,0,0,0.0,0,0,0,0,0,0.0,0,0,0.0,0.0,0,0,0,0,0,0,0
2.4.0,290.0,src/java/org/apache/ivy/plugins/repository/LocalizableResource.java,0.0,0,0,0,0,0,0,0,0,0,0,0,0,0.0,0,0,0,0,0,0.0,0,0,0.0,0.0,0,0,0,0,0,0,0
2.4.0,291.0,src/java/org/apache/ivy/plugins/repository/Repository.java,0.0,0,0,0,0,0,0,0,0,0,0,0,0,0.0,0,0,0,0,0,0.0,0,0,0.0,0.0,0,0,0,0,0,0,0
2.4.0,292.0,src/java/org/apache/ivy/plugins/repository/RepositoryCopyProgressListener.java,0.0,0,0,0,0,0,0,0,0,0,0,0,0,0.0,0,0,0,0,0,0.0,0,0,0.0,0.0,0,0,0,0,0,0,0
2.4.0,293.0,src/java/org/apache/ivy/plugins/repository/Resource.java,0.0,0,0,0,0,0,0,0,0,0,0,0,0,0.0,0,0,0,0,0,0.0,0,0,0.0,0.0,0,0,0,0,0,0,0
2.4.0,294.0,src/java/org/apache/ivy/plugins/repository/ResourceDownloader.java,0.0,0,0,0,0,0,0,0,0,0,0,0,0,0.0,0,0,0,0,0,0.0,0,0,0.0,0.0,0,0,0,0,0,0,0
2.4.0,295.0,src/java/org/apache/ivy/plugins/repository/ResourceHelper.java,0.0,0,0,0,0,0,0,0,0,0,0,0,0,0.0,0,0,0,0,0,0.0,0,0,0.0,0.0,0,0,0,0,0,0,0
2.4.0,296.0,src/java/org/apache/ivy/plugins/repository/TransferEvent.java,0.0,0,0,0,0,0,0,0,0,0,0,0,0,0.0,0,0,0,0,0,0.0,0,0,0.0,0.0,0,0,0,0,0,0,0
2.4.0,297.0,src/java/org/apache/ivy/plugins/repository/TransferListener.java,0.0,0,0,0,0,0,0,0,0,0,0,0,0,0.0,0,0,0,0,0,0.0,0,0,0.0,0.0,0,0,0,0,0,0,0
2.4.0,298.0,src/java/org/apache/ivy/plugins/resolver/AbstractPatternsBasedResolver.java,0.0,0,0,0,0,0,0,0,0,0,0,0,0,0.0,0,0,0,0,0,0.0,0,0,0.0,0.0,0,0,0,0,0,0,0
2.4.0,299.0,src/java/org/apache/ivy/plugins/resolver/AbstractResolver.java,1.0,0,0,0,0,0,0,0,0,0,0,0,0,0.0,0,0,0,0,0,0.0,0,0,0.0,0.0,0,0,0,0,0,0,0
2.4.0,300.0,src/java/org/apache/ivy/plugins/resolver/AbstractSshBasedResolver.java,0.0,0,0,0,0,0,0,0,0,0,0,0,0,0.0,0,0,0,0,0,0.0,0,0,0.0,0.0,0,0,0,0,0,0,0
2.4.0,301.0,src/java/org/apache/ivy/plugins/resolver/BasicResolver.java,0.0,0,0,0,0,0,0,0,0,0,0,0,0,0.0,0,0,0,0,0,0.0,0,0,0.0,0.073529412,0,0,0,0,0,0,0
2.4.0,302.0,src/java/org/apache/ivy/plugins/resolver/CacheResolver.java,0.0,0,0,0,0,0,0,0,0,0,0,0,0,0.0,0,0,0,0,0,0.0,0,0,0.0,0.0,0,0,0,0,0,0,0
2.4.0,303.0,src/java/org/apache/ivy/plugins/resolver/ChainResolver.java,0.0,0,0,0,0,0,0,0,0,0,0,0,0,0.0,0,0,0,0,0,0.0,0,0,0.0,0.0,0,0,0,0,0,0,0
2.4.0,304.0,src/java/org/apache/ivy/plugins/resolver/DependencyResolver.java,0.0,0,0,0,0,0,0,0,0,0,0,0,0,0.0,0,0,0,0,0,0.0,0,0,0.0,0.0,0,0,0,0,0,0,0
2.4.0,305.0,src/java/org/apache/ivy/plugins/resolver/DualResolver.java,0.0,0,0,0,0,0,0,0,0,0,0,0,0,0.0,0,0,0,0,0,0.0,0,0,0.0,0.142857143,0,0,0,0,0,0,0
2.4.0,306.0,src/java/org/apache/ivy/plugins/resolver/FileSystemResolver.java,0.0,0,0,0,0,0,0,0,0,0,0,0,0,0.0,0,0,0,0,0,0.0,0,0,0.0,0.0,0,0,0,0,0,0,0
2.4.0,307.0,src/java/org/apache/ivy/plugins/resolver/IBiblioResolver.java,0.0,0,0,0,0,0,0,0,0,0,0,0,0,0.0,0,0,0,0,0,0.0,0,0,0.0,0.307692308,0,0,0,0,0,0,0
2.4.0,308.0,src/java/org/apache/ivy/plugins/resolver/IvyRepResolver.java,0.0,0,0,0,0,0,0,0,0,0,0,0,0,0.0,0,0,0,0,0,0.0,0,0,0.0,0.482758621,0,0,0,0,0,0,0
2.4.0,309.0,src/java/org/apache/ivy/plugins/resolver/JarResolver.java,0.0,0,0,0,0,0,0,0,0,0,0,0,0,0.0,0,0,0,0,0,0.0,0,0,0.0,0.0,0,0,0,0,0,0,0
2.4.0,310.0,src/java/org/apache/ivy/plugins/resolver/MirroredURLResolver.java,0.0,0,0,0,0,0,0,0,0,0,0,0,0,0.0,0,0,0,0,0,0.0,0,0,0.0,0.0,0,0,0,0,0,0,0
2.4.0,311.0,src/java/org/apache/ivy/plugins/resolver/RepositoryResolver.java,0.0,0,0,0,0,0,0,0,0,0,0,0,0,0.0,0,0,0,0,0,0.0,0,0,0.0,0.0,0,0,0,0,0,0,0
2.4.0,312.0,src/java/org/apache/ivy/plugins/resolver/ResolverSettings.java,0.0,0,0,0,0,0,0,0,0,0,0,0,0,0.0,0,0,0,0,0,0.0,0,0,0.0,0.0,0,0,0,0,0,0,0
2.4.0,313.0,src/java/org/apache/ivy/plugins/resolver/SFTPResolver.java,0.0,0,0,0,0,0,0,0,0,0,0,0,0,0.0,0,0,0,0,0,0.0,0,0,0.0,0.0,0,0,0,0,0,0,0
2.4.0,314.0,src/java/org/apache/ivy/plugins/resolver/SshResolver.java,0.0,0,0,0,0,0,0,0,0,0,0,0,0,0.0,0,0,0,0,0,0.0,0,0,0.0,0.0,0,0,0,0,0,0,0
2.4.0,315.0,src/java/org/apache/ivy/plugins/resolver/URLResolver.java,0.0,0,0,0,0,0,0,0,0,0,0,0,0,0.0,0,0,0,0,0,0.0,0,0,0.0,0.0,0,0,0,0,0,0,0
2.4.0,316.0,src/java/org/apache/ivy/plugins/resolver/VfsResolver.java,0.0,0,0,0,0,0,0,0,0,0,0,0,0,0.0,0,0,0,0,0,0.0,0,0,0.0,0.0,0,0,0,0,0,0,0
2.4.0,317.0,src/java/org/apache/ivy/plugins/resolver/VsftpResolver.java,0.0,0,0,0,0,0,0,0,0,0,0,0,0,0.0,0,0,0,0,0,0.0,0,0,0.0,0.0,0,0,0,0,0,0,0
2.4.0,318.0,src/java/org/apache/ivy/plugins/signer/SignatureGenerator.java,0.0,0,0,0,0,0,0,0,0,0,0,0,0,0.0,0,0,0,0,0,0.0,0,0,0.0,0.0,0,0,0,0,0,0,0
2.4.0,319.0,src/java/org/apache/ivy/plugins/trigger/AbstractTrigger.java,0.0,0,0,0,0,0,0,0,0,0,0,0,0,0.0,0,0,0,0,0,0.0,0,0,0.0,0.0,0,0,0,0,0,0,0
2.4.0,320.0,src/java/org/apache/ivy/plugins/trigger/LogTrigger.java,0.0,0,0,0,0,0,0,0,0,0,0,0,0,0.0,0,0,0,0,0,0.0,0,0,0.0,0.0,0,0,0,0,0,0,0
2.4.0,321.0,src/java/org/apache/ivy/plugins/trigger/Trigger.java,0.0,0,0,0,0,0,0,0,0,0,0,0,0,0.0,0,0,0,0,0,0.0,0,0,0.0,0.0,0,0,0,0,0,0,0
2.4.0,322.0,src/java/org/apache/ivy/plugins/version/AbstractVersionMatcher.java,0.0,0,0,0,0,0,0,0,0,0,0,0,0,0.0,0,0,0,0,0,0.0,0,0,0.0,0.0,0,0,0,0,0,0,0
2.4.0,323.0,src/java/org/apache/ivy/plugins/version/ChainVersionMatcher.java,0.0,0,0,0,0,0,0,0,0,0,0,0,0,0.0,0,0,0,0,0,0.0,0,0,0.0,1.0,0,0,0,0,0,0,0
2.4.0,324.0,src/java/org/apache/ivy/plugins/version/ExactVersionMatcher.java,0.0,0,0,0,0,0,0,0,0,0,0,0,0,0.0,0,0,0,0,0,0.0,0,0,0.0,0.0,0,0,0,0,0,0,0
2.4.0,325.0,src/java/org/apache/ivy/plugins/version/LatestVersionMatcher.java,1.0,0,0,0,0,0,0,0,0,0,0,0,0,0.0,0,0,0,0,0,0.0,0,0,0.0,0.0,0,0,0,0,0,0,0
2.4.0,326.0,src/java/org/apache/ivy/plugins/version/Match.java,0.0,0,0,0,0,0,0,0,0,0,0,0,0,0.0,0,0,0,0,0,0.0,0,0,0.0,0.0,0,0,0,0,0,0,0
2.4.0,327.0,src/java/org/apache/ivy/plugins/version/PatternVersionMatcher.java,0.0,0,0,0,0,0,0,0,0,0,0,0,0,0.0,0,0,0,0,0,0.0,0,0,0.0,0.0,0,0,0,0,0,0,0
2.4.0,328.0,src/java/org/apache/ivy/plugins/version/SubVersionMatcher.java,0.0,0,0,0,0,0,0,0,0,0,0,0,0,0.0,0,0,0,0,0,0.0,0,0,0.0,0.0,0,0,0,0,0,0,0
2.4.0,329.0,src/java/org/apache/ivy/plugins/version/VersionMatcher.java,0.0,0,0,0,0,0,0,0,0,0,0,0,0,0.0,0,0,0,0,0,0.0,0,0,0.0,0.0,0,0,0,0,0,0,0
2.4.0,330.0,src/java/org/apache/ivy/plugins/version/VersionRangeMatcher.java,0.0,0,0,0,0,0,0,0,0,0,0,0,0,0.0,0,0,0,0,0,0.0,0,0,0.0,0.0,0,0,0,0,0,0,0
2.4.0,331.0,src/java/org/apache/ivy/tools/analyser/DependencyAnalyser.java,0.0,0,0,0,0,0,0,0,0,0,0,0,0,0.0,0,0,0,0,0,0.0,0,0,0.0,0.0,0,0,0,0,0,0,0
2.4.0,332.0,src/java/org/apache/ivy/tools/analyser/JarJarDependencyAnalyser.java,0.0,0,0,0,0,0,0,0,0,0,0,0,0,0.0,0,0,0,0,0,0.0,0,0,0.0,0.0,0,0,0,0,0,0,0
2.4.0,333.0,src/java/org/apache/ivy/tools/analyser/JarModule.java,0.0,0,0,0,0,0,0,0,0,0,0,0,0,0.0,0,0,0,0,0,0.0,0,0,0.0,0.0,0,0,0,0,0,0,0
2.4.0,334.0,src/java/org/apache/ivy/tools/analyser/JarModuleFinder.java,0.0,0,0,0,0,0,0,0,0,0,0,0,0,0.0,0,0,0,0,0,0.0,0,0,0.0,0.0,0,0,0,0,0,0,0
2.4.0,335.0,src/java/org/apache/ivy/tools/analyser/RepositoryAnalyser.java,0.0,0,0,0,0,0,0,0,0,0,0,0,0,0.0,0,0,0,0,0,0.0,0,0,0.0,0.0,0,0,0,0,0,0,0
2.4.0,336.0,src/java/org/apache/ivy/util/cli/CommandLine.java,0.0,0,0,0,0,0,0,0,0,0,0,0,0,0.0,0,0,0,0,0,0.0,0,0,0.0,0.0,0,0,0,0,0,0,0
2.4.0,337.0,src/java/org/apache/ivy/util/cli/CommandLineParser.java,0.0,0,0,0,0,0,0,0,0,0,0,0,0,0.0,0,0,0,0,0,0.0,0,0,0.0,0.0,0,0,0,0,0,0,0
2.4.0,338.0,src/java/org/apache/ivy/util/cli/Option.java,0.0,0,0,0,0,0,0,0,0,0,0,0,0,0.0,0,0,0,0,0,0.0,0,0,0.0,0.0,0,0,0,0,0,0,0
2.4.0,339.0,src/java/org/apache/ivy/util/cli/OptionBuilder.java,0.0,0,0,0,0,0,0,0,0,0,0,0,0,0.0,0,0,0,0,0,0.0,0,0,0.0,0.0,0,0,0,0,0,0,0
2.4.0,340.0,src/java/org/apache/ivy/util/cli/ParseException.java,0.0,0,0,0,0,0,0,0,0,0,0,0,0,0.0,0,0,0,0,0,0.0,0,0,0.0,0.0,0,0,0,0,0,0,0
2.4.0,341.0,src/java/org/apache/ivy/util/extendable/DefaultExtendableItem.java,0.0,0,0,0,0,0,0,0,0,0,0,0,0,0.0,0,0,0,0,0,0.0,0,0,0.0,0.0,0,0,0,0,0,0,0
2.4.0,342.0,src/java/org/apache/ivy/util/extendable/ExtendableItem.java,0.0,0,0,0,0,0,0,0,0,0,0,0,0,0.0,0,0,0,0,0,0.0,0,0,0.0,0.0,0,0,0,0,0,0,0
2.4.0,343.0,src/java/org/apache/ivy/util/extendable/ExtendableItemHelper.java,0.0,0,0,0,0,0,0,0,0,0,0,0,0,0.0,0,0,0,0,0,0.0,0,0,0.0,0.0,0,0,0,0,0,0,0
2.4.0,344.0,src/java/org/apache/ivy/util/extendable/UnmodifiableExtendableItem.java,0.0,0,0,0,0,0,0,0,0,0,0,0,0,0.0,0,0,0,0,0,0.0,0,0,0.0,0.0,0,0,0,0,0,0,0
2.4.0,345.0,src/java/org/apache/ivy/util/filter/AndFilter.java,0.0,0,0,0,0,0,0,0,0,0,0,0,0,0.0,0,0,0,0,0,0.0,0,0,0.0,0.0,0,0,0,0,0,0,0
2.4.0,346.0,src/java/org/apache/ivy/util/filter/ArtifactTypeFilter.java,0.0,0,0,0,0,0,0,0,0,0,0,0,0,0.0,0,0,0,0,0,0.0,0,0,0.0,0.0,0,0,0,0,0,0,0
2.4.0,347.0,src/java/org/apache/ivy/util/filter/Filter.java,0.0,0,0,0,0,0,0,0,0,0,0,0,0,0.0,0,0,0,0,0,0.0,0,0,0.0,0.0,0,0,0,0,0,0,0
2.4.0,348.0,src/java/org/apache/ivy/util/filter/FilterHelper.java,0.0,0,0,0,0,0,0,0,0,0,0,0,0,0.0,0,0,0,0,0,0.0,0,0,0.0,0.0,0,0,0,0,0,0,0
2.4.0,349.0,src/java/org/apache/ivy/util/filter/NoFilter.java,0.0,0,0,0,0,0,0,0,0,0,0,0,0,0.0,0,0,0,0,0,0.0,0,0,0.0,0.0,0,0,0,0,0,0,0
2.4.0,350.0,src/java/org/apache/ivy/util/filter/NotFilter.java,0.0,0,0,0,0,0,0,0,0,0,0,0,0,0.0,0,0,0,0,0,0.0,0,0,0.0,0.0,0,0,0,0,0,0,0
2.4.0,351.0,src/java/org/apache/ivy/util/filter/OrFilter.java,0.0,0,0,0,0,0,0,0,0,0,0,0,0,0.0,0,0,0,0,0,0.0,0,0,0.0,0.0,0,0,0,0,0,0,0
2.4.0,352.0,src/java/org/apache/ivy/util/url/AbstractURLHandler.java,0.0,0,0,0,0,0,0,0,0,0,0,0,0,0.0,0,0,0,0,0,0.0,0,0,0.0,0.0,0,0,0,0,0,0,0
2.4.0,353.0,src/java/org/apache/ivy/util/url/ApacheURLLister.java,0.0,0,0,0,0,0,0,0,0,0,0,0,0,0.0,0,0,0,0,0,0.0,0,0,0.0,0.0,0,0,0,0,0,0,0
2.4.0,354.0,src/java/org/apache/ivy/util/url/BasicURLHandler.java,0.0,0,0,0,0,0,0,0,0,0,0,0,0,0.0,0,0,0,0,0,0.0,0,0,0.0,1.2,0,0,0,0,0,0,0
2.4.0,355.0,src/java/org/apache/ivy/util/url/CredentialsStore.java,0.0,0,0,0,0,0,0,0,0,0,0,0,0,0.0,0,0,0,0,0,0.0,0,0,0.0,0.0,0,0,0,0,0,0,0
2.4.0,356.0,src/java/org/apache/ivy/util/url/HttpClientHandler.java,0.0,0,0,0,0,0,0,0,0,0,0,0,0,0.0,0,0,0,0,0,0.0,0,0,0.0,0.176470588,0,0,0,0,0,0,0
2.4.0,357.0,src/java/org/apache/ivy/util/url/IvyAuthenticator.java,1.0,0,0,0,0,0,0,0,0,0,0,0,0,0.0,0,0,0,0,0,0.0,0,0,0.0,0.0,0,0,0,0,0,0,0
2.4.0,358.0,src/java/org/apache/ivy/util/url/URLHandler.java,0.0,0,0,0,0,0,0,0,0,0,0,0,0,0.0,0,0,0,0,0,0.0,0,0,0.0,0.0,0,0,0,0,0,0,0
2.4.0,359.0,src/java/org/apache/ivy/util/url/URLHandlerDispatcher.java,0.0,0,0,0,0,0,0,0,0,0,0,0,0,0.0,0,0,0,0,0,0.0,0,0,0.0,0.0,0,0,0,0,0,0,0
2.4.0,360.0,src/java/org/apache/ivy/util/url/URLHandlerRegistry.java,0.0,0,0,0,0,0,0,0,0,0,0,0,0,0.0,0,0,0,0,0,0.0,0,0,0.0,0.0,0,0,0,0,0,0,0
2.4.0,361.0,src/java/org/apache/ivy/core/event/download/DownloadEvent.java,0.0,0,0,0,0,0,0,0,0,0,0,0,0,0.0,0,0,0,0,0,0.0,0,0,0.0,0.0,0,0,0,0,0,0,0
2.4.0,362.0,src/java/org/apache/ivy/core/event/download/EndArtifactDownloadEvent.java,0.0,0,0,0,0,0,0,0,0,0,0,0,0,0.0,0,0,0,0,0,0.0,0,0,0.0,0.0,0,0,0,0,0,0,0
2.4.0,363.0,src/java/org/apache/ivy/core/event/download/NeedArtifactEvent.java,0.0,0,0,0,0,0,0,0,0,0,0,0,0,0.0,0,0,0,0,0,0.0,0,0,0.0,0.0,0,0,0,0,0,0,0
2.4.0,364.0,src/java/org/apache/ivy/core/event/download/PrepareDownloadEvent.java,0.0,0,0,0,0,0,0,0,0,0,0,0,0,0.0,0,0,0,0,0,0.0,0,0,0.0,0.0,0,0,0,0,0,0,0
2.4.0,365.0,src/java/org/apache/ivy/core/event/download/StartArtifactDownloadEvent.java,0.0,0,0,0,0,0,0,0,0,0,0,0,0,0.0,0,0,0,0,0,0.0,0,0,0.0,0.0,0,0,0,0,0,0,0
2.4.0,366.0,src/java/org/apache/ivy/core/event/publish/EndArtifactPublishEvent.java,0.0,0,0,0,0,0,0,0,0,0,0,0,0,0.0,0,0,0,0,0,0.0,0,0,0.0,0.0,0,0,0,0,0,0,0
2.4.0,367.0,src/java/org/apache/ivy/core/event/publish/PublishEvent.java,0.0,0,0,0,0,0,0,0,0,0,0,0,0,0.0,0,0,0,0,0,0.0,0,0,0.0,0.0,0,0,0,0,0,0,0
2.4.0,368.0,src/java/org/apache/ivy/core/event/publish/StartArtifactPublishEvent.java,0.0,0,0,0,0,0,0,0,0,0,0,0,0,0.0,0,0,0,0,0,0.0,0,0,0.0,0.0,0,0,0,0,0,0,0
2.4.0,369.0,src/java/org/apache/ivy/core/event/resolve/EndResolveDependencyEvent.java,0.0,0,0,0,0,0,0,0,0,0,0,0,0,0.0,0,0,0,0,0,0.0,0,0,0.0,0.0,0,0,0,0,0,0,0
2.4.0,370.0,src/java/org/apache/ivy/core/event/resolve/EndResolveEvent.java,0.0,0,0,0,0,0,0,0,0,0,0,0,0,0.0,0,0,0,0,0,0.0,0,0,0.0,0.0,0,0,0,0,0,0,0
2.4.0,371.0,src/java/org/apache/ivy/core/event/resolve/ResolveDependencyEvent.java,0.0,0,0,0,0,0,0,0,0,0,0,0,0,0.0,0,0,0,0,0,0.0,0,0,0.0,0.0,0,0,0,0,0,0,0
2.4.0,372.0,src/java/org/apache/ivy/core/event/resolve/ResolveEvent.java,0.0,0,0,0,0,0,0,0,0,0,0,0,0,0.0,0,0,0,0,0,0.0,0,0,0.0,0.0,0,0,0,0,0,0,0
2.4.0,373.0,src/java/org/apache/ivy/core/event/resolve/StartResolveDependencyEvent.java,0.0,0,0,0,0,0,0,0,0,0,0,0,0,0.0,0,0,0,0,0,0.0,0,0,0.0,0.0,0,0,0,0,0,0,0
2.4.0,374.0,src/java/org/apache/ivy/core/event/resolve/StartResolveEvent.java,0.0,0,0,0,0,0,0,0,0,0,0,0,0,0.0,0,0,0,0,0,0.0,0,0,0.0,0.0,0,0,0,0,0,0,0
2.4.0,375.0,src/java/org/apache/ivy/core/event/retrieve/EndRetrieveArtifactEvent.java,0.0,0,0,0,0,0,0,0,0,0,0,0,0,0.0,0,0,0,0,0,0.0,0,0,0.0,0.0,0,0,0,0,0,0,0
2.4.0,376.0,src/java/org/apache/ivy/core/event/retrieve/EndRetrieveEvent.java,0.0,0,0,0,0,0,0,0,0,0,0,0,0,0.0,0,0,0,0,0,0.0,0,0,0.0,0.0,0,0,0,0,0,0,0
2.4.0,377.0,src/java/org/apache/ivy/core/event/retrieve/RetrieveArtifactEvent.java,0.0,0,0,0,0,0,0,0,0,0,0,0,0,0.0,0,0,0,0,0,0.0,0,0,0.0,0.0,0,0,0,0,0,0,0
2.4.0,378.0,src/java/org/apache/ivy/core/event/retrieve/RetrieveEvent.java,0.0,0,0,0,0,0,0,0,0,0,0,0,0,0.0,0,0,0,0,0,0.0,0,0,0.0,0.0,0,0,0,0,0,0,0
2.4.0,379.0,src/java/org/apache/ivy/core/event/retrieve/StartRetrieveArtifactEvent.java,0.0,0,0,0,0,0,0,0,0,0,0,0,0,0.0,0,0,0,0,0,0.0,0,0,0.0,0.0,0,0,0,0,0,0,0
2.4.0,380.0,src/java/org/apache/ivy/core/event/retrieve/StartRetrieveEvent.java,0.0,0,0,0,0,0,0,0,0,0,0,0,0,0.0,0,0,0,0,0,0.0,0,0,0.0,0.0,0,0,0,0,0,0,0
2.4.0,381.0,src/java/org/apache/ivy/core/module/descriptor/AbstractArtifact.java,0.0,0,0,0,0,0,0,0,0,0,0,0,0,0.0,0,0,0,0,0,0.0,0,0,0.0,0.0,0,0,0,0,0,0,0
2.4.0,382.0,src/java/org/apache/ivy/core/module/descriptor/AbstractIncludeExcludeRule.java,0.0,0,0,0,0,0,0,0,0,0,0,0,0,0.0,0,0,0,0,0,0.0,0,0,0.0,0.0,0,0,0,0,0,0,0
2.4.0,383.0,src/java/org/apache/ivy/core/module/descriptor/Artifact.java,0.0,0,0,0,0,0,0,0,0,0,0,0,0,0.0,0,0,0,0,0,0.0,0,0,0.0,0.0,0,0,0,0,0,0,0
2.4.0,384.0,src/java/org/apache/ivy/core/module/descriptor/Configuration.java,0.0,0,0,0,0,0,0,0,0,0,0,0,0,0.0,0,0,0,0,0,0.0,0,0,0.0,0.0,0,0,0,0,0,0,0
2.4.0,385.0,src/java/org/apache/ivy/core/module/descriptor/ConfigurationAware.java,0.0,0,0,0,0,0,0,0,0,0,0,0,0,0.0,0,0,0,0,0,0.0,0,0,0.0,0.0,0,0,0,0,0,0,0
2.4.0,386.0,src/java/org/apache/ivy/core/module/descriptor/ConfigurationGroup.java,0.0,0,0,0,0,0,0,0,0,0,0,0,0,0.0,0,0,0,0,0,0.0,0,0,0.0,0.0,0,0,0,0,0,0,0
2.4.0,387.0,src/java/org/apache/ivy/core/module/descriptor/ConfigurationIntersection.java,0.0,0,0,0,0,0,0,0,0,0,0,0,0,0.0,0,0,0,0,0,0.0,0,0,0.0,0.0,0,0,0,0,0,0,0
2.4.0,388.0,src/java/org/apache/ivy/core/module/descriptor/DefaultArtifact.java,0.0,0,0,0,0,0,0,0,0,0,0,0,0,0.0,0,0,0,0,0,0.0,0,0,0.0,0.0,0,0,0,0,0,0,0
2.4.0,389.0,src/java/org/apache/ivy/core/module/descriptor/DefaultDependencyArtifactDescriptor.java,0.0,0,0,0,0,0,0,0,0,0,0,0,0,0.0,0,0,0,0,0,0.0,0,0,0.0,0.0,0,0,0,0,0,0,0
2.4.0,390.0,src/java/org/apache/ivy/core/module/descriptor/DefaultDependencyDescriptor.java,0.0,0,0,0,0,0,0,0,0,0,0,0,0,0.0,0,0,0,0,0,0.0,0,0,0.0,0.071428571,0,0,0,0,0,0,0
2.4.0,391.0,src/java/org/apache/ivy/core/module/descriptor/DefaultExcludeRule.java,0.0,0,0,0,0,0,0,0,0,0,0,0,0,0.0,0,0,0,0,0,0.0,0,0,0.0,0.0,0,0,0,0,0,0,0
2.4.0,392.0,src/java/org/apache/ivy/core/module/descriptor/DefaultExtendsDescriptor.java,0.0,0,0,0,0,0,0,0,0,0,0,0,0,0.0,0,0,0,0,0,0.0,0,0,0.0,0.0,0,0,0,0,0,0,0
2.4.0,393.0,src/java/org/apache/ivy/core/module/descriptor/DefaultIncludeRule.java,0.0,0,0,0,0,0,0,0,0,0,0,0,0,0.0,0,0,0,0,0,0.0,0,0,0.0,0.0,0,0,0,0,0,0,0
2.4.0,394.0,src/java/org/apache/ivy/core/module/descriptor/DefaultModuleDescriptor.java,0.0,0,0,0,0,0,0,0,0,0,0,0,0,0.0,0,0,0,0,0,0.0,0,0,0.0,0.238636364,0,0,0,0,0,0,0
2.4.0,395.0,src/java/org/apache/ivy/core/module/descriptor/DependencyArtifactDescriptor.java,0.0,0,0,0,0,0,0,0,0,0,0,0,0,0.0,0,0,0,0,0,0.0,0,0,0.0,0.0,0,0,0,0,0,0,0
2.4.0,396.0,src/java/org/apache/ivy/core/module/descriptor/DependencyDescriptor.java,0.0,0,0,0,0,0,0,0,0,0,0,0,0,0.0,0,0,0,0,0,0.0,0,0,0.0,0.0,0,0,0,0,0,0,0
2.4.0,397.0,src/java/org/apache/ivy/core/module/descriptor/DependencyDescriptorMediator.java,0.0,0,0,0,0,0,0,0,0,0,0,0,0,0.0,0,0,0,0,0,0.0,0,0,0.0,0.0,0,0,0,0,0,0,0
2.4.0,398.0,src/java/org/apache/ivy/core/module/descriptor/ExcludeRule.java,0.0,0,0,0,0,0,0,0,0,0,0,0,0,0.0,0,0,0,0,0,0.0,0,0,0.0,0.0,0,0,0,0,0,0,0
2.4.0,399.0,src/java/org/apache/ivy/core/module/descriptor/ExtendsDescriptor.java,0.0,0,0,0,0,0,0,0,0,0,0,0,0,0.0,0,0,0,0,0,0.0,0,0,0.0,0.0,0,0,0,0,0,0,0
2.4.0,400.0,src/java/org/apache/ivy/core/module/descriptor/ExtraInfoHolder.java,0.0,0,0,0,0,0,0,0,0,0,0,0,0,0.0,0,0,0,0,0,0.0,0,0,0.0,0.0,0,0,0,0,0,0,0
2.4.0,401.0,src/java/org/apache/ivy/core/module/descriptor/IncludeRule.java,0.0,0,0,0,0,0,0,0,0,0,0,0,0,0.0,0,0,0,0,0,0.0,0,0,0.0,0.0,0,0,0,0,0,0,0
2.4.0,402.0,src/java/org/apache/ivy/core/module/descriptor/InheritableItem.java,0.0,0,0,0,0,0,0,0,0,0,0,0,0,0.0,0,0,0,0,0,0.0,0,0,0.0,0.0,0,0,0,0,0,0,0
2.4.0,403.0,src/java/org/apache/ivy/core/module/descriptor/License.java,0.0,0,0,0,0,0,0,0,0,0,0,0,0,0.0,0,0,0,0,0,0.0,0,0,0.0,0.0,0,0,0,0,0,0,0
2.4.0,404.0,src/java/org/apache/ivy/core/module/descriptor/MDArtifact.java,0.0,0,0,0,0,0,0,0,0,0,0,0,0,0.0,0,0,0,0,0,0.0,0,0,0.0,0.571428571,0,0,0,0,0,0,0
2.4.0,405.0,src/java/org/apache/ivy/core/module/descriptor/ModuleDescriptor.java,0.0,0,0,0,0,0,0,0,0,0,0,0,0,0.0,0,0,0,0,0,0.0,0,0,0.0,0.0,0,0,0,0,0,0,0
2.4.0,406.0,src/java/org/apache/ivy/core/module/descriptor/OverrideDependencyDescriptorMediator.java,0.0,0,0,0,0,0,0,0,0,0,0,0,0,0.0,0,0,0,0,0,0.0,0,0,0.0,0.0,0,0,0,0,0,0,0
2.4.0,407.0,src/java/org/apache/ivy/core/module/id/ArtifactId.java,0.0,0,0,0,0,0,0,0,0,0,0,0,0,0.0,0,0,0,0,0,0.0,0,0,0.0,0.0,0,0,0,0,0,0,0
2.4.0,408.0,src/java/org/apache/ivy/core/module/id/ArtifactRevisionId.java,0.0,0,0,0,0,0,0,0,0,0,0,0,0,0.0,0,0,0,0,0,0.0,0,0,0.0,0.0,0,0,0,0,0,0,0
2.4.0,409.0,src/java/org/apache/ivy/core/module/id/MatcherLookup.java,0.0,0,0,0,0,0,0,0,0,0,0,0,0,0.0,0,0,0,0,0,0.0,0,0,0.0,0.0,0,0,0,0,0,0,0
2.4.0,410.0,src/java/org/apache/ivy/core/module/id/ModuleId.java,0.0,0,0,0,0,0,0,0,0,0,0,0,0,0.0,0,0,0,0,0,0.0,0,0,0.0,0.230769231,0,0,0,0,0,0,0
2.4.0,411.0,src/java/org/apache/ivy/core/module/id/ModuleRevisionId.java,0.0,0,0,0,0,0,0,0,0,0,0,0,0,0.0,0,0,0,0,0,0.0,0,0,0.0,0.12,0,0,0,0,0,0,0
2.4.0,412.0,src/java/org/apache/ivy/core/module/id/ModuleRules.java,0.0,0,0,0,0,0,0,0,0,0,0,0,0,0.0,0,0,0,0,0,0.0,0,0,0.0,0.0,0,0,0,0,0,0,0
2.4.0,413.0,src/java/org/apache/ivy/core/module/status/Status.java,0.0,0,0,0,0,0,0,0,0,0,0,0,0,0.0,0,0,0,0,0,0.0,0,0,0.0,0.0,0,0,0,0,0,0,0
2.4.0,414.0,src/java/org/apache/ivy/core/module/status/StatusManager.java,0.0,0,0,0,0,0,0,0,0,0,0,0,0,0.0,0,0,0,0,0,0.0,0,0,0.0,0.0,0,0,0,0,0,0,0
2.4.0,415.0,src/java/org/apache/ivy/osgi/obr/xml/Capability.java,0.0,0,0,0,0,0,0,0,0,0,0,0,0,0.0,0,0,0,0,0,0.0,0,0,0.0,0.0,0,0,0,0,0,0,0
2.4.0,416.0,src/java/org/apache/ivy/osgi/obr/xml/CapabilityAdapter.java,0.0,0,0,0,0,0,0,0,0,0,0,0,0,0.0,0,0,0,0,0,0.0,0,0,0.0,0.0,0,0,0,0,0,0,0
2.4.0,417.0,src/java/org/apache/ivy/osgi/obr/xml/CapabilityProperty.java,0.0,0,0,0,0,0,0,0,0,0,0,0,0,0.0,0,0,0,0,0,0.0,0,0,0.0,0.0,0,0,0,0,0,0,0
2.4.0,418.0,src/java/org/apache/ivy/osgi/obr/xml/OBRXMLParser.java,0.0,0,0,0,0,0,0,0,0,0,0,0,0,0.0,0,0,0,0,0,0.0,0,0,0.0,0.310344828,0,0,0,0,0,0,0
2.4.0,419.0,src/java/org/apache/ivy/osgi/obr/xml/OBRXMLWriter.java,0.0,0,0,0,0,0,0,0,0,0,0,0,0,0.0,0,0,0,0,0,0.0,0,0,0.0,0.4,0,0,0,0,0,0,0
2.4.0,420.0,src/java/org/apache/ivy/osgi/obr/xml/Requirement.java,0.0,0,0,0,0,0,0,0,0,0,0,0,0,0.0,0,0,0,0,0,0.0,0,0,0.0,0.0,0,0,0,0,0,0,0
2.4.0,421.0,src/java/org/apache/ivy/osgi/obr/xml/RequirementAdapter.java,0.0,0,0,0,0,0,0,0,0,0,0,0,0,0.0,0,0,0,0,0,0.0,0,0,0.0,0.0,0,0,0,0,0,0,0
2.4.0,422.0,src/java/org/apache/ivy/osgi/obr/xml/UnsupportedFilterException.java,0.0,0,0,0,0,0,0,0,0,0,0,0,0,0.0,0,0,0,0,0,0.0,0,0,0.0,0.0,0,0,0,0,0,0,0
2.4.0,423.0,src/java/org/apache/ivy/osgi/updatesite/xml/Archive.java,0.0,0,0,0,0,0,0,0,0,0,0,0,0,0.0,0,0,0,0,0,0.0,0,0,0.0,0.0,0,0,0,0,0,0,0
2.4.0,424.0,src/java/org/apache/ivy/osgi/updatesite/xml/CategoryDef.java,0.0,0,0,0,0,0,0,0,0,0,0,0,0,0.0,0,0,0,0,0,0.0,0,0,0.0,0.0,0,0,0,0,0,0,0
2.4.0,425.0,src/java/org/apache/ivy/osgi/updatesite/xml/EclipseFeature.java,0.0,0,0,0,0,0,0,0,0,0,0,0,0,0.0,0,0,0,0,0,0.0,0,0,0.0,0.0,0,0,0,0,0,0,0
2.4.0,426.0,src/java/org/apache/ivy/osgi/updatesite/xml/EclipsePlugin.java,0.0,0,0,0,0,0,0,0,0,0,0,0,0,0.0,0,0,0,0,0,0.0,0,0,0.0,0.0,0,0,0,0,0,0,0
2.4.0,427.0,src/java/org/apache/ivy/osgi/updatesite/xml/EclipseUpdateSiteParser.java,0.0,0,0,0,0,0,0,0,0,0,0,0,0,0.0,0,0,0,0,0,0.0,0,0,0.0,0.0,0,0,0,0,0,0,0
2.4.0,428.0,src/java/org/apache/ivy/osgi/updatesite/xml/FeatureParser.java,0.0,0,0,0,0,0,0,0,0,0,0,0,0,0.0,0,0,0,0,0,0.0,0,0,0.0,0.35,0,0,0,0,0,0,0
2.4.0,429.0,src/java/org/apache/ivy/osgi/updatesite/xml/Require.java,0.0,0,0,0,0,0,0,0,0,0,0,0,0,0.0,0,0,0,0,0,0.0,0,0,0.0,0.0,0,0,0,0,0,0,0
2.4.0,430.0,src/java/org/apache/ivy/osgi/updatesite/xml/UpdateSite.java,0.0,0,0,0,0,0,0,0,0,0,0,0,0,0.0,0,0,0,0,0,0.0,0,0,0.0,0.0,0,0,0,0,0,0,0
2.4.0,431.0,src/java/org/apache/ivy/osgi/updatesite/xml/UpdateSiteDigestParser.java,0.0,0,0,0,0,0,0,0,0,0,0,0,0,0.0,0,0,0,0,0,0.0,0,0,0.0,0.666666667,0,0,0,0,0,0,0
2.4.0,432.0,src/java/org/apache/ivy/plugins/parser/m2/DefaultPomDependencyMgt.java,0.0,0,0,0,0,0,0,0,0,0,0,0,0,0.0,0,0,0,0,0,0.0,0,0,0.0,0.0,0,0,0,0,0,0,0
2.4.0,433.0,src/java/org/apache/ivy/plugins/parser/m2/PomDependencyMgt.java,0.0,0,0,0,0,0,0,0,0,0,0,0,0,0.0,0,0,0,0,0,0.0,0,0,0.0,0.0,0,0,0,0,0,0,0
2.4.0,434.0,src/java/org/apache/ivy/plugins/parser/m2/PomModuleDescriptorBuilder.java,1.0,0,0,0,0,0,0,0,0,0,0,0,0,0.0,0,0,0,0,0,0.0,0,0,0.0,0.0,0,0,0,0,0,0,0
2.4.0,435.0,src/java/org/apache/ivy/plugins/parser/m2/PomModuleDescriptorParser.java,1.0,0,0,0,0,0,0,0,0,0,0,0,0,0.0,0,0,0,0,0,0.0,0,0,0.0,0.166666667,0,0,0,0,0,0,0
2.4.0,436.0,src/java/org/apache/ivy/plugins/parser/m2/PomModuleDescriptorWriter.java,1.0,0,0,0,0,0,0,0,0,0,0,0,0,0.0,0,0,0,0,0,0.0,0,0,0.0,0.0,0,0,0,0,0,0,0
2.4.0,437.0,src/java/org/apache/ivy/plugins/parser/m2/PomReader.java,0.0,0,0,0,0,0,0,0,0,0,0,0,0,0.0,0,0,0,0,0,0.0,0,0,0.0,0.434782609,0,0,0,0,0,0,0
2.4.0,438.0,src/java/org/apache/ivy/plugins/parser/m2/PomWriterOptions.java,0.0,0,0,0,0,0,0,0,0,0,0,0,0,0.0,0,0,0,0,0,0.0,0,0,0.0,0.0,0,0,0,0,0,0,0
2.4.0,439.0,src/java/org/apache/ivy/plugins/parser/xml/UpdateOptions.java,0.0,0,0,0,0,0,0,0,0,0,0,0,0,0.0,0,0,0,0,0,0.0,0,0,0.0,0.0,0,0,0,0,0,0,0
2.4.0,440.0,src/java/org/apache/ivy/plugins/parser/xml/XmlModuleDescriptorParser.java,1.0,0,0,0,0,0,0,0,0,0,0,0,0,0.0,0,0,0,0,0,0.0,0,0,0.0,0.077922078,0,0,0,0,0,0,0
2.4.0,441.0,src/java/org/apache/ivy/plugins/parser/xml/XmlModuleDescriptorUpdater.java,1.0,0,0,0,0,0,0,0,0,0,0,0,0,0.0,0,0,0,0,0,0.0,0,0,0.0,0.288135593,0,0,0,0,0,0,0
2.4.0,442.0,src/java/org/apache/ivy/plugins/parser/xml/XmlModuleDescriptorWriter.java,0.0,0,0,0,0,0,0,0,0,0,0,0,0,0.0,0,0,0,0,0,0.0,0,0,0.0,2.894736842,0,0,0,0,0,0,0
2.4.0,443.0,src/java/org/apache/ivy/plugins/repository/file/FileRepository.java,0.0,0,0,0,0,0,0,0,0,0,0,0,0,0.0,0,0,0,0,0,0.0,0,0,0.0,0.0,0,0,0,0,0,0,0
2.4.0,444.0,src/java/org/apache/ivy/plugins/repository/file/FileResource.java,0.0,0,0,0,0,0,0,0,0,0,0,0,0,0.0,0,0,0,0,0,0.0,0,0,0.0,0.0,0,0,0,0,0,0,0
2.4.0,445.0,src/java/org/apache/ivy/plugins/repository/jar/JarRepository.java,0.0,0,0,0,0,0,0,0,0,0,0,0,0,0.0,0,0,0,0,0,0.0,0,0,0.0,0.0,0,0,0,0,0,0,0
2.4.0,446.0,src/java/org/apache/ivy/plugins/repository/jar/JarResource.java,0.0,0,0,0,0,0,0,0,0,0,0,0,0,0.0,0,0,0,0,0,0.0,0,0,0.0,0.0,0,0,0,0,0,0,0
2.4.0,447.0,src/java/org/apache/ivy/plugins/repository/sftp/SFTPRepository.java,0.0,0,0,0,0,0,0,0,0,0,0,0,0,0.0,0,0,0,0,0,0.0,0,0,0.0,0.666666667,0,0,0,0,0,0,0
2.4.0,448.0,src/java/org/apache/ivy/plugins/repository/sftp/SFTPResource.java,0.0,0,0,0,0,0,0,0,0,0,0,0,0,0.0,0,0,0,0,0,0.0,0,0,0.0,0.0,0,0,0,0,0,0,0
2.4.0,449.0,src/java/org/apache/ivy/plugins/repository/ssh/AbstractSshBasedRepository.java,0.0,0,0,0,0,0,0,0,0,0,0,0,0,0.0,0,0,0,0,0,0.0,0,0,0.0,0.0,0,0,0,0,0,0,0
2.4.0,450.0,src/java/org/apache/ivy/plugins/repository/ssh/RemoteScpException.java,0.0,0,0,0,0,0,0,0,0,0,0,0,0,0.0,0,0,0,0,0,0.0,0,0,0.0,0.0,0,0,0,0,0,0,0
2.4.0,451.0,src/java/org/apache/ivy/plugins/repository/ssh/Scp.java,0.0,0,0,0,0,0,0,0,0,0,0,0,0,0.0,0,0,0,0,0,0.0,0,0,0.0,0.0,0,0,0,0,0,0,0
2.4.0,452.0,src/java/org/apache/ivy/plugins/repository/ssh/SshCache.java,0.0,0,0,0,0,0,0,0,0,0,0,0,0,0.0,0,0,0,0,0,0.0,0,0,0.0,0.0,0,0,0,0,0,0,0
2.4.0,453.0,src/java/org/apache/ivy/plugins/repository/ssh/SshRepository.java,0.0,0,0,0,0,0,0,0,0,0,0,0,0,0.0,0,0,0,0,0,0.0,0,0,0.0,0.2,0,0,0,0,0,0,0
2.4.0,454.0,src/java/org/apache/ivy/plugins/repository/ssh/SshResource.java,0.0,0,0,0,0,0,0,0,0,0,0,0,0,0.0,0,0,0,0,0,0.0,0,0,0.0,0.0,0,0,0,0,0,0,0
2.4.0,455.0,src/java/org/apache/ivy/plugins/repository/url/ChainedRepository.java,0.0,0,0,0,0,0,0,0,0,0,0,0,0,0.0,0,0,0,0,0,0.0,0,0,0.0,0.0,0,0,0,0,0,0,0
2.4.0,456.0,src/java/org/apache/ivy/plugins/repository/url/URLRepository.java,0.0,0,0,0,0,0,0,0,0,0,0,0,0,0.0,0,0,0,0,0,0.0,0,0,0.0,0.0,0,0,0,0,0,0,0
2.4.0,457.0,src/java/org/apache/ivy/plugins/repository/url/URLResource.java,0.0,0,0,0,0,0,0,0,0,0,0,0,0,0.0,0,0,0,0,0,0.0,0,0,0.0,0.0,0,0,0,0,0,0,0
2.4.0,458.0,src/java/org/apache/ivy/plugins/repository/vfs/VfsRepository.java,0.0,0,0,0,0,0,0,0,0,0,0,0,0,0.0,0,0,0,0,0,0.0,0,0,0.0,0.0,0,0,0,0,0,0,0
2.4.0,459.0,src/java/org/apache/ivy/plugins/repository/vfs/VfsResource.java,0.0,0,0,0,0,0,0,0,0,0,0,0,0,0.0,0,0,0,0,0,0.0,0,0,0.0,0.0,0,0,0,0,0,0,0
2.4.0,460.0,src/java/org/apache/ivy/plugins/repository/vsftp/VsftpRepository.java,0.0,0,0,0,0,0,0,0,0,0,0,0,0,0.0,0,0,0,0,0,0.0,0,0,0.0,0.125,0,0,0,0,0,0,0
2.4.0,461.0,src/java/org/apache/ivy/plugins/repository/vsftp/VsftpResource.java,0.0,0,0,0,0,0,0,0,0,0,0,0,0,0.0,0,0,0,0,0,0.0,0,0,0.0,0.0,0,0,0,0,0,0,0
2.4.0,462.0,src/java/org/apache/ivy/plugins/resolver/packager/BuiltFileResource.java,0.0,0,0,0,0,0,0,0,0,0,0,0,0,0.0,0,0,0,0,0,0.0,0,0,0.0,0.0,0,0,0,0,0,0,0
2.4.0,463.0,src/java/org/apache/ivy/plugins/resolver/packager/PackagerCacheEntry.java,0.0,0,0,0,0,0,0,0,0,0,0,0,0,0.0,0,0,0,0,0,0.0,0,0,0.0,0.0,0,0,0,0,0,0,0
2.4.0,464.0,src/java/org/apache/ivy/plugins/resolver/packager/PackagerResolver.java,0.0,0,0,0,0,0,0,0,0,0,0,0,0,0.0,0,0,0,0,0,0.0,0,0,0.0,0.0,0,0,0,0,0,0,0
2.4.0,465.0,src/java/org/apache/ivy/plugins/resolver/util/ApacheHttpURLLister.java,0.0,0,0,0,0,0,0,0,0,0,0,0,0,0.0,0,0,0,0,0,0.0,0,0,0.0,0.0,0,0,0,0,0,0,0
2.4.0,466.0,src/java/org/apache/ivy/plugins/resolver/util/FileURLLister.java,0.0,0,0,0,0,0,0,0,0,0,0,0,0,0.0,0,0,0,0,0,0.0,0,0,0.0,0.0,0,0,0,0,0,0,0
2.4.0,467.0,src/java/org/apache/ivy/plugins/resolver/util/HasLatestStrategy.java,0.0,0,0,0,0,0,0,0,0,0,0,0,0,0.0,0,0,0,0,0,0.0,0,0,0.0,0.0,0,0,0,0,0,0,0
2.4.0,468.0,src/java/org/apache/ivy/plugins/resolver/util/MDResolvedResource.java,0.0,0,0,0,0,0,0,0,0,0,0,0,0,0.0,0,0,0,0,0,0.0,0,0,0.0,0.0,0,0,0,0,0,0,0
2.4.0,469.0,src/java/org/apache/ivy/plugins/resolver/util/ResolvedResource.java,0.0,0,0,0,0,0,0,0,0,0,0,0,0,0.0,0,0,0,0,0,0.0,0,0,0.0,0.0,0,0,0,0,0,0,0
2.4.0,470.0,src/java/org/apache/ivy/plugins/resolver/util/ResolverHelper.java,0.0,0,0,0,0,0,0,0,0,0,0,0,0,0.0,0,0,0,0,0,0.0,0,0,0.0,0.0,0,0,0,0,0,0,0
2.4.0,471.0,src/java/org/apache/ivy/plugins/resolver/util/ResourceMDParser.java,0.0,0,0,0,0,0,0,0,0,0,0,0,0,0.0,0,0,0,0,0,0.0,0,0,0.0,0.0,0,0,0,0,0,0,0
2.4.0,472.0,src/java/org/apache/ivy/plugins/resolver/util/URLLister.java,0.0,0,0,0,0,0,0,0,0,0,0,0,0,0.0,0,0,0,0,0,0.0,0,0,0.0,0.0,0,0,0,0,0,0,0
2.4.0,473.0,src/java/org/apache/ivy/plugins/signer/bouncycastle/OpenPGPSignatureGenerator.java,0.0,0,0,0,0,0,0,0,0,0,0,0,0,0.0,0,0,0,0,0,0.0,0,0,0.0,0.625,0,0,0,0,0,0,0
