version,file,true_label,predicted,probability
1.4.0,core/src/main/java/org/apache/calcite/adapter/jdbc/JdbcToEnumerableConverter.java,0,0,0.38738895291962483
1.4.0,core/src/main/java/org/apache/calcite/sql/validate/SqlValidator.java,1,0,0.391898209489904
1.4.0,linq4j/src/main/java/org/apache/calcite/linq4j/CartesianProductEnumerator.java,0,0,0.3495014060710012
1.4.0,core/src/main/java/org/apache/calcite/interpreter/AbstractSingleNode.java,0,0,0.18658676401269184
1.4.0,core/src/main/java/org/apache/calcite/interpreter/Row.java,0,1,0.5214573204617627
1.4.0,core/src/main/java/org/apache/calcite/rex/RexLiteral.java,0,1,0.5715270480904935
1.4.0,core/src/main/java/org/apache/calcite/sql/SqlAsOperator.java,0,1,0.6196014069739427
1.4.0,core/src/main/java/org/apache/calcite/sql/SqlBinaryOperator.java,0,1,0.8409015831891763
1.4.0,core/src/main/java/org/apache/calcite/sql/SqlCall.java,1,1,0.6858786350091266
1.4.0,core/src/main/java/org/apache/calcite/sql/SqlCallBinding.java,1,1,0.6197110818599162
1.4.0,core/src/main/java/org/apache/calcite/sql/SqlLiteral.java,1,1,0.5776189762458893
1.4.0,core/src/main/java/org/apache/calcite/sql/SqlOperator.java,0,1,0.8405786864181634
1.4.0,core/src/main/java/org/apache/calcite/sql/SqlOperatorBinding.java,0,0,0.3865454933297524
1.4.0,core/src/main/java/org/apache/calcite/sql/SqlPrefixOperator.java,0,0,0.47159289144184996
1.4.0,core/src/main/java/org/apache/calcite/sql/fun/SqlAbstractTimeFunction.java,0,1,0.5810903099439692
1.4.0,core/src/main/java/org/apache/calcite/sql/fun/SqlCastFunction.java,0,1,0.6623686443166972
1.4.0,core/src/main/java/org/apache/calcite/sql/fun/SqlCurrentDateFunction.java,0,0,0.24243876047037055
1.4.0,core/src/main/java/org/apache/calcite/sql/fun/SqlDatetimeSubtractionOperator.java,0,0,0.27433641976791295
1.4.0,core/src/main/java/org/apache/calcite/sql/fun/SqlExtractFunction.java,0,1,0.8009627928513753
1.4.0,core/src/main/java/org/apache/calcite/sql/fun/SqlFloorFunction.java,0,1,0.704132830010483
1.4.0,core/src/main/java/org/apache/calcite/sql/fun/SqlMonotonicBinaryOperator.java,0,1,0.5966740224662304
1.4.0,core/src/main/java/org/apache/calcite/sql/fun/SqlMonotonicUnaryFunction.java,0,0,0.29605654549223864
1.4.0,core/src/main/java/org/apache/calcite/sql/fun/SqlStringContextVariable.java,0,0,0.24243876047037055
1.4.0,core/src/main/java/org/apache/calcite/sql/fun/SqlSubstringFunction.java,0,1,0.527975441759758
1.4.0,core/src/main/java/org/apache/calcite/plan/RelOptPlanner.java,0,0,0.1491353862919771
1.4.0,core/src/main/java/org/apache/calcite/server/CalciteServerStatement.java,0,0,0.2985595333245519
1.4.0,core/src/main/java/org/apache/calcite/prepare/PlannerImpl.java,0,1,0.5647717601930364
1.4.0,core/src/main/java/org/apache/calcite/rel/core/RelFactories.java,0,1,0.6358704411161892
1.4.0,core/src/main/java/org/apache/calcite/rel/logical/LogicalProject.java,0,0,0.4219184798539946
1.4.0,core/src/main/java/org/apache/calcite/rel/rules/AggregateJoinTransposeRule.java,1,1,0.654498768211601
1.4.0,core/src/main/java/org/apache/calcite/util/BuiltInMethod.java,1,1,0.8505006230225243
1.4.0,core/src/main/java/org/apache/calcite/plan/MaterializedViewSubstitutionVisitor.java,0,0,0.33685628152633323
1.4.0,core/src/main/java/org/apache/calcite/plan/RexImplicationChecker.java,1,1,0.689890345352655
1.4.0,core/src/main/java/org/apache/calcite/plan/VisitorDataContext.java,0,0,0.2714588777323811
1.4.0,core/src/main/java/org/apache/calcite/sql/SqlKind.java,0,1,0.5612969181175107
1.4.0,core/src/main/java/org/apache/calcite/rel/rules/SemiJoinRule.java,0,1,0.584343634727314
1.4.0,core/src/main/java/org/apache/calcite/interpreter/SortNode.java,1,1,0.5045584831320202
1.4.0,core/src/main/java/org/apache/calcite/plan/RelCompositeTrait.java,0,0,0.378173744581605
1.4.0,core/src/main/java/org/apache/calcite/plan/RelMultipleTrait.java,0,0,0.1846816745600332
1.4.0,core/src/main/java/org/apache/calcite/plan/RelTrait.java,0,0,0.1846816745600332
1.4.0,core/src/main/java/org/apache/calcite/plan/RelTraitDef.java,0,1,0.6554990618075646
1.4.0,core/src/main/java/org/apache/calcite/prepare/LixToRelTranslator.java,0,1,0.514334950143816
1.4.0,core/src/main/java/org/apache/calcite/prepare/Prepare.java,1,1,0.5125175750433876
1.4.0,core/src/main/java/org/apache/calcite/prepare/QueryableRelBuilder.java,0,1,0.5631399644359706
1.4.0,core/src/main/java/org/apache/calcite/rel/AbstractRelNode.java,1,1,0.7606788911938985
1.4.0,core/src/main/java/org/apache/calcite/rel/RelCollation.java,0,0,0.1846816745600332
1.4.0,core/src/main/java/org/apache/calcite/rel/RelCollations.java,0,0,0.26619590068317406
1.4.0,core/src/main/java/org/apache/calcite/rel/RelCollationTraitDef.java,1,0,0.3550991382026204
1.4.0,core/src/main/java/org/apache/calcite/rex/RexProgram.java,0,0,0.43046622674970375
1.4.0,core/src/main/java/org/apache/calcite/adapter/clone/ArrayTable.java,0,1,0.7502950075078285
1.4.0,core/src/main/java/org/apache/calcite/adapter/enumerable/EnumerableCalcRule.java,0,0,0.14475376148668437
1.4.0,core/src/main/java/org/apache/calcite/adapter/enumerable/EnumerableFilterToCalcRule.java,0,0,0.18658676401269184
1.4.0,core/src/main/java/org/apache/calcite/adapter/enumerable/EnumerableMergeJoinRule.java,0,0,0.4607041061818787
1.4.0,core/src/main/java/org/apache/calcite/adapter/enumerable/EnumerableProjectToCalcRule.java,0,0,0.18658676401269184
1.4.0,core/src/main/java/org/apache/calcite/adapter/enumerable/EnumerableSort.java,0,0,0.408247295006527
1.4.0,core/src/main/java/org/apache/calcite/adapter/enumerable/EnumerableSortRule.java,0,0,0.498193872906578
1.4.0,core/src/main/java/org/apache/calcite/adapter/enumerable/EnumerableValuesRule.java,0,0,0.18658676401269184
1.4.0,core/src/main/java/org/apache/calcite/plan/volcano/AbstractConverter.java,0,0,0.48340113557438014
1.4.0,core/src/main/java/org/apache/calcite/plan/volcano/RelSubset.java,1,1,0.7869625044382964
1.4.0,core/src/main/java/org/apache/calcite/rel/core/Calc.java,0,0,0.24893527928315207
1.4.0,core/src/main/java/org/apache/calcite/rel/core/Correlate.java,0,0,0.372873822195367
1.4.0,core/src/main/java/org/apache/calcite/rel/core/JoinInfo.java,0,0,0.37226197110804127
1.4.0,core/src/main/java/org/apache/calcite/rel/logical/LogicalCorrelate.java,0,0,0.3386531265136497
1.4.0,core/src/main/java/org/apache/calcite/rel/logical/LogicalIntersect.java,0,0,0.1430371315735143
1.4.0,core/src/main/java/org/apache/calcite/rel/logical/LogicalJoin.java,0,0,0.3270467706831566
1.4.0,core/src/main/java/org/apache/calcite/rel/logical/LogicalMinus.java,0,0,0.20802122799446468
1.4.0,core/src/main/java/org/apache/calcite/rel/logical/LogicalSort.java,0,0,0.34197574562684446
1.4.0,core/src/main/java/org/apache/calcite/rel/logical/LogicalTableFunctionScan.java,0,0,0.31950048089168265
1.4.0,core/src/main/java/org/apache/calcite/rel/logical/LogicalTableModify.java,0,0,0.3300177952022571
1.4.0,core/src/main/java/org/apache/calcite/rel/logical/LogicalUnion.java,0,0,0.3177544995183585
1.4.0,core/src/main/java/org/apache/calcite/rel/logical/LogicalValues.java,0,0,0.3647881468991291
1.4.0,core/src/main/java/org/apache/calcite/rel/rules/CalcRelSplitter.java,0,1,0.622806399315586
1.4.0,core/src/main/java/org/apache/calcite/rel/rules/FilterCalcMergeRule.java,0,0,0.17212244562553428
1.4.0,core/src/main/java/org/apache/calcite/rel/rules/FilterTableFunctionTransposeRule.java,0,0,0.1712934922025588
1.4.0,core/src/main/java/org/apache/calcite/rel/rules/FilterToCalcRule.java,0,0,0.17308979501128613
1.4.0,core/src/main/java/org/apache/calcite/rel/rules/ProjectCalcMergeRule.java,0,0,0.18110795127336468
1.4.0,core/src/main/java/org/apache/calcite/rel/rules/ProjectToCalcRule.java,0,0,0.17308979501128613
1.4.0,core/src/main/java/org/apache/calcite/rel/rules/ProjectToWindowRule.java,1,0,0.40536498184839664
1.4.0,core/src/main/java/org/apache/calcite/rel/rules/PruneEmptyRules.java,0,1,0.5978968145027704
1.4.0,core/src/main/java/org/apache/calcite/rel/rules/ReduceDecimalsRule.java,0,1,0.5856627599783825
1.4.0,core/src/main/java/org/apache/calcite/rel/rules/SortProjectTransposeRule.java,1,0,0.43869311437907577
1.4.0,core/src/main/java/org/apache/calcite/rel/rules/ValuesReduceRule.java,1,0,0.49535677780509846
1.4.0,core/src/main/java/org/apache/calcite/sql/fun/SqlLiteralChainOperator.java,0,1,0.5931248710541406
1.4.0,core/src/main/java/org/apache/calcite/sql/util/SqlShuttle.java,0,1,0.583088813095435
1.4.0,splunk/src/main/java/org/apache/calcite/adapter/splunk/SplunkPushDownRule.java,0,0,0.33353628699747884
1.4.0,core/src/main/java/org/apache/calcite/interpreter/BindableConvention.java,0,0,0.4753282449285636
1.4.0,core/src/main/java/org/apache/calcite/interpreter/BindableRel.java,0,0,0.1846816745600332
1.4.0,core/src/main/java/org/apache/calcite/interpreter/Context.java,0,0,0.18658676401269184
1.4.0,core/src/main/java/org/apache/calcite/interpreter/FilterNode.java,0,1,0.5889419647160621
1.4.0,core/src/main/java/org/apache/calcite/interpreter/InterpretableConvention.java,0,0,0.1712934922025588
1.4.0,core/src/main/java/org/apache/calcite/interpreter/InterpretableConverter.java,0,0,0.1846816745600332
1.4.0,core/src/main/java/org/apache/calcite/interpreter/InterpretableRel.java,0,0,0.1846816745600332
1.4.0,core/src/main/java/org/apache/calcite/interpreter/Interpreters.java,0,0,0.1712934922025588
1.4.0,core/src/main/java/org/apache/calcite/interpreter/NoneToBindableConverterRule.java,0,0,0.22855913734787525
1.4.0,core/src/main/java/org/apache/calcite/interpreter/Scalar.java,0,0,0.1712934922025588
1.4.0,core/src/main/java/org/apache/calcite/interpreter/UnionNode.java,0,1,0.613329557186166
1.4.0,core/src/main/java/org/apache/calcite/interpreter/WindowNode.java,0,0,0.26573103041317003
1.4.0,core/src/main/java/org/apache/calcite/rex/RexExecutorImpl.java,0,0,0.42313848619626343
1.4.0,core/src/main/java/org/apache/calcite/runtime/ArrayBindable.java,0,0,0.1846816745600332
1.4.0,core/src/main/java/org/apache/calcite/adapter/enumerable/AggImpState.java,0,1,0.5119800458373901
1.4.0,core/src/main/java/org/apache/calcite/adapter/enumerable/EnumerableBindable.java,0,0,0.1846816745600332
1.4.0,core/src/main/java/org/apache/calcite/adapter/enumerable/EnumerableConvention.java,0,0,0.4753282449285636
1.4.0,core/src/main/java/org/apache/calcite/adapter/enumerable/EnumerableFilterRule.java,0,0,0.18658676401269184
1.4.0,core/src/main/java/org/apache/calcite/adapter/enumerable/EnumerableInterpretable.java,0,0,0.44011629092914234
1.4.0,core/src/main/java/org/apache/calcite/adapter/enumerable/EnumUtils.java,0,1,0.5521398339903663
1.4.0,core/src/main/java/org/apache/calcite/adapter/java/ReflectiveSchema.java,0,1,0.5400446327753543
1.4.0,core/src/main/java/org/apache/calcite/rel/convert/ConverterRule.java,0,1,0.6369824766975568
1.4.0,spark/src/main/java/org/apache/calcite/adapter/spark/SparkHandlerImpl.java,0,0,0.14335439671557823
1.4.0,linq4j/src/main/java/org/apache/calcite/linq4j/tree/ConditionalExpression.java,0,0,0.26573103041317003
1.4.0,linq4j/src/main/java/org/apache/calcite/linq4j/tree/Types.java,0,1,0.9404816826008696
1.4.0,mongodb/src/main/java/org/apache/calcite/adapter/mongodb/MongoAggregate.java,0,0,0.43564036970100184
1.4.0,core/src/main/java/org/apache/calcite/schema/ExtensibleTable.java,0,0,0.1846816745600332
1.4.0,core/src/main/java/org/apache/calcite/sql/SqlDelete.java,0,0,0.3619703988074014
1.4.0,core/src/main/java/org/apache/calcite/plan/RelOptRule.java,0,0,0.46461249592348397
1.4.0,core/src/main/java/org/apache/calcite/plan/RelTraitSet.java,0,1,0.5778257846422518
1.4.0,core/src/main/java/org/apache/calcite/plan/volcano/RelSet.java,1,0,0.4080041199359824
1.4.0,avatica-server/src/main/java/org/apache/calcite/avatica/server/HttpServer.java,0,1,0.5684131859084222
1.4.0,linq4j/src/main/java/org/apache/calcite/linq4j/tree/Primitive.java,0,0,0.2727462794715481
1.4.0,core/src/main/java/org/apache/calcite/runtime/CalciteResource.java,0,1,0.7278007335231146
1.4.0,core/src/main/java/org/apache/calcite/sql/SqlRankFunction.java,1,0,0.19374927066798575
1.4.0,core/src/main/java/org/apache/calcite/util/Util.java,1,1,0.9701493932741616
1.4.0,core/src/main/java/org/apache/calcite/sql/fun/SqlStdOperatorTable.java,0,1,0.8893067444957848
1.4.0,core/src/main/java/org/apache/calcite/adapter/clone/ColumnLoader.java,0,1,0.863665729425319
1.4.0,core/src/main/java/org/apache/calcite/rel/core/Project.java,1,0,0.4466640644746776
1.4.0,core/src/main/java/org/apache/calcite/rel/core/Values.java,0,1,0.7419923234256889
1.4.0,linq4j/src/main/java/org/apache/calcite/linq4j/function/Functions.java,0,1,0.7653145670044924
1.4.0,linq4j/src/main/java/org/apache/calcite/linq4j/tree/ConstructorDeclaration.java,0,0,0.26604844435479585
1.4.0,linq4j/src/main/java/org/apache/calcite/linq4j/tree/MethodDeclaration.java,0,1,0.5682915239861334
1.4.0,core/src/main/java/org/apache/calcite/rel/type/RelCrossType.java,0,1,0.5385139706325158
1.4.0,core/src/main/java/org/apache/calcite/rel/type/RelDataTypeFactoryImpl.java,1,1,0.7479946058191891
1.4.0,core/src/main/java/org/apache/calcite/rex/RexBuilder.java,1,1,0.6071815974007286
1.4.0,mongodb/src/main/java/org/apache/calcite/adapter/mongodb/MongoEnumerator.java,0,0,0.4240303094652659
1.4.0,core/src/main/java/org/apache/calcite/rel/rules/ProjectMergeRule.java,0,1,0.8160205748023015
1.4.0,avatica-server/src/main/java/org/apache/calcite/avatica/jdbc/JdbcMeta.java,1,1,0.9965877330677159
1.4.0,avatica-server/src/main/java/org/apache/calcite/avatica/jdbc/JdbcResultSet.java,0,1,0.9638354950404646
1.4.0,avatica/src/main/java/org/apache/calcite/avatica/AvaticaPreparedStatement.java,0,1,0.8523207443463372
1.4.0,avatica/src/main/java/org/apache/calcite/avatica/AvaticaStatement.java,0,1,0.934048919107336
1.4.0,avatica/src/main/java/org/apache/calcite/avatica/AvaticaUtils.java,0,1,0.7126922063325566
1.4.0,avatica/src/main/java/org/apache/calcite/avatica/Meta.java,1,1,0.947541360999611
1.4.0,linq4j/src/main/java/org/apache/calcite/linq4j/EnumerableDefaults.java,0,1,0.6510271232350525
1.4.0,core/src/main/java/org/apache/calcite/adapter/enumerable/EnumerableTableFunctionScan.java,0,0,0.4901534265189816
1.4.0,core/src/main/java/org/apache/calcite/rel/core/Join.java,0,0,0.35659444976058513
1.4.0,core/src/main/java/org/apache/calcite/rel/core/TableFunctionScan.java,0,0,0.3312761731907459
1.4.0,core/src/main/java/org/apache/calcite/rel/externalize/RelWriterImpl.java,0,1,0.5322468390546223
1.4.0,core/src/main/java/org/apache/calcite/rel/rules/MultiJoin.java,0,1,0.5286290074441651
1.4.0,core/src/main/java/org/apache/calcite/util/ImmutableNullableList.java,0,1,0.5482916624884465
1.4.0,core/src/main/java/org/apache/calcite/rel/metadata/BuiltInMetadata.java,0,0,0.13640251873326195
1.4.0,core/src/main/java/org/apache/calcite/rel/metadata/DefaultRelMetadataProvider.java,0,0,0.22706986089937942
1.4.0,core/src/main/java/org/apache/calcite/rel/metadata/RelMetadataQuery.java,0,1,0.5428632187321317
1.4.0,core/src/main/java/org/apache/calcite/sql/fun/SqlSequenceValueOperator.java,0,0,0.452960605710801
1.4.0,core/src/main/java/org/apache/calcite/materialize/CachingLatticeStatisticProvider.java,0,0,0.21309463478190885
1.4.0,core/src/main/java/org/apache/calcite/materialize/DelegatingLatticeStatisticProvider.java,0,0,0.4181862168138352
1.4.0,core/src/main/java/org/apache/calcite/materialize/Lattice.java,0,1,0.7757572013804671
1.4.0,core/src/main/java/org/apache/calcite/materialize/Lattices.java,0,0,0.22271115377626674
1.4.0,core/src/main/java/org/apache/calcite/materialize/LatticeStatisticProvider.java,0,0,0.2549600316055038
1.4.0,core/src/main/java/org/apache/calcite/materialize/SqlLatticeStatisticProvider.java,0,0,0.33319717471952554
1.4.0,avatica/src/main/java/org/apache/calcite/avatica/ConnectionConfigImpl.java,0,0,0.274152524742498
1.4.0,core/src/main/java/org/apache/calcite/schema/Schema.java,1,0,0.3225536504004518
1.4.0,core/src/main/java/org/apache/calcite/schema/StreamableTable.java,0,0,0.21356641837044138
1.4.0,core/src/main/java/org/apache/calcite/sql/SqlSelectKeyword.java,0,0,0.23355164344313975
1.4.0,core/src/main/java/org/apache/calcite/sql2rel/RelStructuredTypeFlattener.java,0,1,0.6112931334121505
1.4.0,avatica/src/main/java/org/apache/calcite/avatica/util/PackageMarker.java,0,0,0.1846816745600332
1.4.0,core/src/main/java/org/apache/calcite/adapter/enumerable/EnumerableTableScan.java,0,1,0.5673425420068422
1.4.0,core/src/main/java/org/apache/calcite/adapter/enumerable/RexImpTable.java,1,1,0.8630848025995955
1.4.0,linq4j/src/main/java/org/apache/calcite/linq4j/PackageMarker.java,0,0,0.1846816745600332
1.4.0,core/src/main/java/org/apache/calcite/rel/stream/Chi.java,0,0,0.17138578475843863
1.4.0,core/src/main/java/org/apache/calcite/rel/stream/Delta.java,0,0,0.26126658793796126
1.4.0,core/src/main/java/org/apache/calcite/rel/stream/LogicalChi.java,0,0,0.21368519961595542
1.4.0,core/src/main/java/org/apache/calcite/rel/stream/LogicalDelta.java,0,0,0.14625665643036728
1.4.0,core/src/main/java/org/apache/calcite/rel/stream/StreamRules.java,0,0,0.2605830134986199
1.4.0,core/src/main/java/org/apache/calcite/sql/advise/SqlAdvisorValidator.java,1,0,0.46850466719631473
1.4.0,core/src/main/java/org/apache/calcite/sql/fun/SqlCollectionTableOperator.java,0,0,0.2144046664838069
1.4.0,core/src/main/java/org/apache/calcite/sql/type/CompositeSingleOperandTypeChecker.java,0,0,0.4908788198724787
1.4.0,core/src/main/java/org/apache/calcite/sql/validate/AbstractNamespace.java,1,1,0.5819212190787021
1.4.0,core/src/main/java/org/apache/calcite/sql/validate/IdentifierNamespace.java,1,1,0.5531739475705421
1.4.0,core/src/main/java/org/apache/calcite/sql/validate/SetopNamespace.java,1,0,0.441184959486475
1.4.0,core/src/main/java/org/apache/calcite/sql/validate/SqlModality.java,0,0,0.21549108828226943
1.4.0,core/src/main/java/org/apache/calcite/sql/validate/SqlValidatorNamespace.java,1,0,0.22516280028013
1.4.0,core/src/main/java/org/apache/calcite/sql/validate/SqlValidatorTable.java,0,0,0.2258489611987296
1.4.0,core/src/main/java/org/apache/calcite/sql/validate/TableConstructorNamespace.java,1,1,0.5491181176703802
1.4.0,core/src/main/java/org/apache/calcite/sql/validate/TableNamespace.java,1,1,0.5605667890389454
1.4.0,linq4j/src/main/java/org/apache/calcite/linq4j/Linq4j.java,0,0,0.27324378836327545
1.4.0,linq4j/src/main/java/org/apache/calcite/linq4j/tree/Visitor.java,0,0,0.43167910594316017
1.4.0,core/src/main/java/org/apache/calcite/rel/metadata/RelMdMemory.java,0,0,0.2629136712882082
1.4.0,core/src/main/java/org/apache/calcite/rel/metadata/RelMdParallelism.java,0,0,0.13855023510916914
1.4.0,core/src/main/java/org/apache/calcite/util/Static.java,0,0,0.2077428304310601
1.4.0,core/src/main/java/org/apache/calcite/sql/advise/SqlAdvisor.java,0,0,0.28732499459460764
1.4.0,core/src/main/java/org/apache/calcite/sql/parser/SqlParserPos.java,0,1,0.5824840077982487
1.4.0,core/src/main/java/org/apache/calcite/sql/validate/AggregatingSelectScope.java,1,1,0.7390279997210334
1.4.0,core/src/main/java/org/apache/calcite/sql/validate/CatalogScope.java,0,1,0.5929967377346281
1.4.0,core/src/main/java/org/apache/calcite/sql/validate/EmptyScope.java,0,0,0.23038101082701132
1.4.0,core/src/main/java/org/apache/calcite/sql/validate/ListScope.java,0,0,0.3663122785191191
1.4.0,core/src/main/java/org/apache/calcite/sql/validate/OrderByScope.java,0,0,0.43231426722632293
1.4.0,core/src/main/java/org/apache/calcite/sql/validate/ParameterScope.java,0,0,0.2983664671361151
1.4.0,core/src/main/java/org/apache/calcite/sql/validate/SchemaNamespace.java,1,0,0.21727232642119376
1.4.0,core/src/main/java/org/apache/calcite/sql/validate/SelectScope.java,0,0,0.4741033610013703
1.4.0,core/src/main/java/org/apache/calcite/sql/validate/SqlMoniker.java,0,0,0.4313659875738001
1.4.0,core/src/main/java/org/apache/calcite/sql/validate/SqlMonikerImpl.java,0,0,0.3536423005908969
1.4.0,core/src/main/java/org/apache/calcite/sql/validate/SqlMonikerType.java,0,0,0.18658676401269184
1.4.0,core/src/main/java/org/apache/calcite/sql/validate/SqlQualified.java,0,0,0.4289721818059217
1.4.0,core/src/main/java/org/apache/calcite/sql/validate/SqlValidatorCatalogReader.java,0,0,0.1846816745600332
1.4.0,core/src/main/java/org/apache/calcite/sql/validate/SqlValidatorScope.java,0,0,0.1712934922025588
1.4.0,core/src/main/java/org/apache/calcite/sql/validate/WithScope.java,1,0,0.37069335760107264
1.4.0,core/src/main/java/org/apache/calcite/runtime/Enumerables.java,0,0,0.27263930619650995
1.4.0,core/src/main/java/org/apache/calcite/adapter/enumerable/EnumerableJoinRule.java,0,0,0.44645664896568676
1.4.0,core/src/main/java/org/apache/calcite/adapter/enumerable/EnumerableThetaJoin.java,0,0,0.32304527516580217
1.4.0,linq4j/src/main/java/org/apache/calcite/linq4j/tree/FunctionExpression.java,0,0,0.48281415266775707
1.4.0,core/src/main/java/org/apache/calcite/sql/SqlDialect.java,0,0,0.26881667585570507
1.4.0,core/src/main/java/org/apache/calcite/adapter/enumerable/EnumerableAggregateRule.java,0,0,0.1636992586397116
1.4.0,core/src/main/java/org/apache/calcite/adapter/enumerable/PhysType.java,0,0,0.1846816745600332
1.4.0,core/src/main/java/org/apache/calcite/sql/fun/SqlThrowOperator.java,0,0,0.15900432169637327
1.4.0,core/src/main/java/org/apache/calcite/plan/RelOptLattice.java,0,0,0.4314531096278185
1.4.0,core/src/main/java/org/apache/calcite/plan/Strong.java,0,0,0.37763526950502885
1.4.0,core/src/main/java/org/apache/calcite/plan/hep/HepRelVertex.java,0,0,0.37647093125155645
1.4.0,core/src/main/java/org/apache/calcite/rel/core/Intersect.java,0,0,0.18771509322252689
1.4.0,core/src/main/java/org/apache/calcite/rel/core/Minus.java,0,0,0.21406956148424616
1.4.0,core/src/main/java/org/apache/calcite/rel/metadata/RelMdRowCount.java,0,0,0.38904771829560686
1.4.0,core/src/main/java/org/apache/calcite/rel/metadata/RelMdSelectivity.java,0,0,0.43573610924195366
1.4.0,core/src/main/java/org/apache/calcite/rel/rules/JoinAssociateRule.java,0,0,0.3152950510712781
1.4.0,core/src/main/java/org/apache/calcite/rel/rules/JoinPushThroughJoinRule.java,0,1,0.596290270863267
1.4.0,core/src/main/java/org/apache/calcite/rel/rules/JoinToMultiJoinRule.java,0,1,0.5392442182689933
1.4.0,core/src/main/java/org/apache/calcite/rel/rules/LoptOptimizeJoinRule.java,0,1,0.8941511261017914
1.4.0,core/src/main/java/org/apache/calcite/rel/rules/MultiJoinOptimizeBushyRule.java,0,1,0.5852975619393295
1.4.0,plus/src/main/java/org/apache/calcite/adapter/tpcds/TpcdsSchema.java,0,0,0.32039889826974793
1.4.0,core/src/main/java/org/apache/calcite/prepare/CalciteCatalogReader.java,1,1,0.7712532541688941
1.4.0,core/src/main/java/org/apache/calcite/sql/type/SqlTypeName.java,0,1,0.8208460468958232
1.4.0,core/src/main/java/org/apache/calcite/rel/rules/JoinProjectTransposeRule.java,0,1,0.5470124201952526
1.4.0,core/src/main/java/org/apache/calcite/adapter/jdbc/JdbcTable.java,1,1,0.8730686913638612
1.4.0,core/src/main/java/org/apache/calcite/adapter/jdbc/JdbcUtils.java,0,1,0.7378527716502289
1.4.0,avatica/src/main/java/org/apache/calcite/avatica/ColumnMetaData.java,0,1,0.7135234100720657
1.4.0,core/src/main/java/org/apache/calcite/jdbc/CalciteSchema.java,0,1,0.6533023250845904
1.4.0,core/src/main/java/org/apache/calcite/DataContext.java,0,0,0.37678519428200036
1.4.0,core/src/main/java/org/apache/calcite/jdbc/CalciteConnection.java,0,0,0.1846816745600332
1.4.0,core/src/main/java/org/apache/calcite/jdbc/CalciteFactory.java,0,0,0.18081167728606998
1.4.0,core/src/main/java/org/apache/calcite/jdbc/CalciteRootSchema.java,0,0,0.18658676401269184
1.4.0,core/src/main/java/org/apache/calcite/jdbc/JavaRecordType.java,0,1,0.6206855572882434
1.4.0,core/src/main/java/org/apache/calcite/materialize/MaterializationActor.java,0,0,0.424367375938863
1.4.0,core/src/main/java/org/apache/calcite/materialize/MaterializationKey.java,0,0,0.34322793948233493
1.4.0,core/src/main/java/org/apache/calcite/plan/AbstractRelOptPlanner.java,0,1,0.5341096501110036
1.4.0,core/src/main/java/org/apache/calcite/plan/Context.java,0,0,0.1846816745600332
1.4.0,core/src/main/java/org/apache/calcite/plan/Convention.java,0,0,0.4090672100907159
1.4.0,core/src/main/java/org/apache/calcite/plan/ConventionTraitDef.java,1,1,0.60564566089934
1.4.0,core/src/main/java/org/apache/calcite/plan/MulticastRelOptListener.java,0,0,0.1846816745600332
1.4.0,core/src/main/java/org/apache/calcite/plan/RelOptCostImpl.java,0,0,0.07170345046859691
1.4.0,core/src/main/java/org/apache/calcite/plan/RelOptListener.java,0,0,0.1846816745600332
1.4.0,core/src/main/java/org/apache/calcite/plan/RelOptSchema.java,0,0,0.21690916529459578
1.4.0,core/src/main/java/org/apache/calcite/plan/RelTraitPropagationVisitor.java,0,0,0.4543610058190974
1.4.0,core/src/main/java/org/apache/calcite/plan/TableAccessMap.java,0,0,0.1846816745600332
1.4.0,core/src/main/java/org/apache/calcite/prepare/CalciteSqlValidator.java,0,0,0.18658676401269184
1.4.0,core/src/main/java/org/apache/calcite/rel/RelWriter.java,0,0,0.1846816745600332
1.4.0,core/src/main/java/org/apache/calcite/rel/SingleRel.java,0,0,0.387418162603315
1.4.0,core/src/main/java/org/apache/calcite/rex/RexChecker.java,0,0,0.4290614204636297
1.4.0,core/src/main/java/org/apache/calcite/rex/RexCorrelVariable.java,0,0,0.18658676401269184
1.4.0,core/src/main/java/org/apache/calcite/rex/RexDynamicParam.java,0,0,0.18658676401269184
1.4.0,core/src/main/java/org/apache/calcite/rex/RexExecutable.java,0,1,0.506869241176091
1.4.0,core/src/main/java/org/apache/calcite/rex/RexFieldAccess.java,0,0,0.39068888427591436
1.4.0,core/src/main/java/org/apache/calcite/rex/RexFieldCollation.java,0,1,0.5259879401990999
1.4.0,core/src/main/java/org/apache/calcite/rex/RexLocalRef.java,0,1,0.5265830273277976
1.4.0,core/src/main/java/org/apache/calcite/rex/RexMultisetUtil.java,0,0,0.2860403278960611
1.4.0,core/src/main/java/org/apache/calcite/rex/RexNode.java,0,0,0.4525559706417919
1.4.0,core/src/main/java/org/apache/calcite/rex/RexOver.java,0,0,0.3325849282311124
1.4.0,core/src/main/java/org/apache/calcite/rex/RexPermutationShuttle.java,0,0,0.1846816745600332
1.4.0,core/src/main/java/org/apache/calcite/rex/RexPermuteInputsShuttle.java,0,0,0.2928486935982914
1.4.0,core/src/main/java/org/apache/calcite/rex/RexRangeRef.java,0,0,0.22059739076491836
1.4.0,core/src/main/java/org/apache/calcite/rex/RexSlot.java,0,0,0.4625882116102452
1.4.0,core/src/main/java/org/apache/calcite/rex/RexSqlConvertlet.java,0,0,0.1846816745600332
1.4.0,core/src/main/java/org/apache/calcite/rex/RexSqlReflectiveConvertletTable.java,0,0,0.248256355601109
1.4.0,core/src/main/java/org/apache/calcite/rex/RexSqlStandardConvertletTable.java,0,0,0.1846816745600332
1.4.0,core/src/main/java/org/apache/calcite/rex/RexToSqlNodeConverter.java,0,0,0.1846816745600332
1.4.0,core/src/main/java/org/apache/calcite/rex/RexToSqlNodeConverterImpl.java,0,0,0.1846816745600332
1.4.0,core/src/main/java/org/apache/calcite/rex/RexTransformer.java,0,1,0.5020918294624501
1.4.0,core/src/main/java/org/apache/calcite/rex/RexVariable.java,0,1,0.5369079712912551
1.4.0,core/src/main/java/org/apache/calcite/rex/RexVisitor.java,0,0,0.1846816745600332
1.4.0,core/src/main/java/org/apache/calcite/rex/RexVisitorImpl.java,0,0,0.3940198163517331
1.4.0,core/src/main/java/org/apache/calcite/rex/RexWindow.java,0,1,0.6503123862768139
1.4.0,core/src/main/java/org/apache/calcite/rex/RexWindowBound.java,0,1,0.5082449199752805
1.4.0,core/src/main/java/org/apache/calcite/runtime/BinarySearch.java,0,1,0.6883245526872256
1.4.0,core/src/main/java/org/apache/calcite/runtime/Bindable.java,0,0,0.1846816745600332
1.4.0,core/src/main/java/org/apache/calcite/runtime/CalciteContextException.java,0,0,0.326156611068075
1.4.0,core/src/main/java/org/apache/calcite/runtime/CalciteException.java,0,0,0.18658676401269184
1.4.0,core/src/main/java/org/apache/calcite/runtime/Feature.java,0,0,0.18658676401269184
1.4.0,core/src/main/java/org/apache/calcite/runtime/FlatLists.java,0,0,0.3025286480495363
1.4.0,core/src/main/java/org/apache/calcite/runtime/ResultSetEnumerable.java,0,0,0.12962197053429028
1.4.0,core/src/main/java/org/apache/calcite/runtime/SortedMultiMap.java,0,0,0.43202380866603124
1.4.0,core/src/main/java/org/apache/calcite/schema/AggregateFunction.java,0,0,0.1846816745600332
1.4.0,core/src/main/java/org/apache/calcite/schema/FilterableTable.java,0,0,0.1846816745600332
1.4.0,core/src/main/java/org/apache/calcite/schema/FunctionParameter.java,0,0,0.1846816745600332
1.4.0,core/src/main/java/org/apache/calcite/schema/ImplementableAggFunction.java,0,0,0.1846816745600332
1.4.0,core/src/main/java/org/apache/calcite/schema/ImplementableFunction.java,0,0,0.1846816745600332
1.4.0,core/src/main/java/org/apache/calcite/schema/Member.java,0,0,0.1846816745600332
1.4.0,core/src/main/java/org/apache/calcite/schema/ProjectableFilterableTable.java,0,0,0.1712934922025588
1.4.0,core/src/main/java/org/apache/calcite/schema/QueryableTable.java,0,0,0.1846816745600332
1.4.0,core/src/main/java/org/apache/calcite/schema/ScalarFunction.java,0,0,0.1846816745600332
1.4.0,core/src/main/java/org/apache/calcite/schema/ScannableTable.java,0,0,0.1846816745600332
1.4.0,core/src/main/java/org/apache/calcite/schema/SchemaPlus.java,0,0,0.1846816745600332
1.4.0,core/src/main/java/org/apache/calcite/schema/Table.java,0,0,0.1846816745600332
1.4.0,core/src/main/java/org/apache/calcite/schema/TableFactory.java,0,0,0.1846816745600332
1.4.0,core/src/main/java/org/apache/calcite/schema/TableFunction.java,0,0,0.1846816745600332
1.4.0,core/src/main/java/org/apache/calcite/schema/TranslatableTable.java,0,0,0.1846816745600332
1.4.0,core/src/main/java/org/apache/calcite/sql/ExplicitOperatorBinding.java,0,0,0.22110733589804413
1.4.0,core/src/main/java/org/apache/calcite/sql/JoinConditionType.java,0,0,0.18658676401269184
1.4.0,core/src/main/java/org/apache/calcite/sql/JoinType.java,0,0,0.18658676401269184
1.4.0,core/src/main/java/org/apache/calcite/sql/SqlAbstractDateTimeLiteral.java,0,0,0.2595924191298484
1.4.0,core/src/main/java/org/apache/calcite/sql/SqlAbstractStringLiteral.java,0,0,0.18658676401269184
1.4.0,core/src/main/java/org/apache/calcite/sql/SqlAccessType.java,0,0,0.24455489592921115
1.4.0,core/src/main/java/org/apache/calcite/sql/SqlBasicCall.java,0,0,0.2682327051090498
1.4.0,core/src/main/java/org/apache/calcite/sql/SqlBinaryStringLiteral.java,0,0,0.403518732026782
1.4.0,core/src/main/java/org/apache/calcite/sql/SqlCharStringLiteral.java,0,1,0.5593763324511005
1.4.0,core/src/main/java/org/apache/calcite/sql/SqlCollation.java,0,0,0.3424068443881219
1.4.0,core/src/main/java/org/apache/calcite/sql/SqlDynamicParam.java,0,0,0.3310328341146251
1.4.0,core/src/main/java/org/apache/calcite/sql/SqlExplain.java,0,1,0.509882539796944
1.4.0,core/src/main/java/org/apache/calcite/sql/SqlExplainLevel.java,0,0,0.18658676401269184
1.4.0,core/src/main/java/org/apache/calcite/sql/SqlFunction.java,0,0,0.38231629488812585
1.4.0,core/src/main/java/org/apache/calcite/sql/SqlFunctionalOperator.java,0,0,0.18658676401269184
1.4.0,core/src/main/java/org/apache/calcite/sql/SqlFunctionCategory.java,0,0,0.18658676401269184
1.4.0,core/src/main/java/org/apache/calcite/sql/SqlIntervalLiteral.java,0,0,0.34483844133102354
1.4.0,core/src/main/java/org/apache/calcite/sql/SqlJoin.java,0,1,0.5067727844430914
1.4.0,core/src/main/java/org/apache/calcite/sql/SqlMerge.java,0,1,0.522900225259135
1.4.0,core/src/main/java/org/apache/calcite/sql/SqlNodeList.java,0,1,0.7299423346993489
1.4.0,core/src/main/java/org/apache/calcite/sql/SqlNumericLiteral.java,0,0,0.3948781517492696
1.4.0,core/src/main/java/org/apache/calcite/sql/SqlOperatorTable.java,0,0,0.1846816745600332
1.4.0,core/src/main/java/org/apache/calcite/sql/SqlOrderBy.java,0,1,0.5557330392386857
1.4.0,core/src/main/java/org/apache/calcite/sql/SqlPostfixOperator.java,0,1,0.5332635636977807
1.4.0,core/src/main/java/org/apache/calcite/sql/SqlProcedureCallOperator.java,0,0,0.21951095390265973
1.4.0,core/src/main/java/org/apache/calcite/sql/SqlSampleSpec.java,0,0,0.3165974979387602
1.4.0,core/src/main/java/org/apache/calcite/sql/SqlSelect.java,1,0,0.4510345448766513
1.4.0,core/src/main/java/org/apache/calcite/sql/SqlSelectOperator.java,1,1,0.5055924198534096
1.4.0,core/src/main/java/org/apache/calcite/sql/SqlSetOperator.java,1,0,0.23674025243518623
1.4.0,core/src/main/java/org/apache/calcite/sql/SqlSetOption.java,1,0,0.41560065151458964
1.4.0,core/src/main/java/org/apache/calcite/sql/SqlStateCodes.java,0,0,0.2485693335363916
1.4.0,core/src/main/java/org/apache/calcite/sql/SqlSyntax.java,0,0,0.371471463485061
1.4.0,core/src/main/java/org/apache/calcite/sql/SqlUnnestOperator.java,0,1,0.5279788096342474
1.4.0,core/src/main/java/org/apache/calcite/sql/SqlWriter.java,0,0,0.18658676401269184
1.4.0,core/src/main/java/org/apache/calcite/sql2rel/DefaultValueFactory.java,0,0,0.1846816745600332
1.4.0,core/src/main/java/org/apache/calcite/sql2rel/ReflectiveConvertletTable.java,0,1,0.573886383109629
1.4.0,core/src/main/java/org/apache/calcite/sql2rel/SqlNodeToRexConverter.java,0,0,0.1846816745600332
1.4.0,core/src/main/java/org/apache/calcite/sql2rel/SqlRexContext.java,0,0,0.1846816745600332
1.4.0,core/src/main/java/org/apache/calcite/sql2rel/SqlRexConvertlet.java,0,0,0.1846816745600332
1.4.0,core/src/main/java/org/apache/calcite/sql2rel/SqlRexConvertletTable.java,0,0,0.1846816745600332
1.4.0,core/src/main/java/org/apache/calcite/sql2rel/SubqueryConverter.java,0,0,0.1846816745600332
1.4.0,core/src/main/java/org/apache/calcite/tools/Planner.java,0,0,0.1846816745600332
1.4.0,core/src/main/java/org/apache/calcite/tools/Program.java,0,0,0.1846816745600332
1.4.0,core/src/main/java/org/apache/calcite/tools/RuleSet.java,0,0,0.1846816745600332
1.4.0,core/src/main/java/org/apache/calcite/tools/RuleSets.java,0,0,0.28855821003911963
1.4.0,core/src/main/java/org/apache/calcite/util/BarfingInvocationHandler.java,0,0,0.21596411812430544
1.4.0,core/src/main/java/org/apache/calcite/util/BasicDatetime.java,0,0,0.1846816745600332
1.4.0,core/src/main/java/org/apache/calcite/util/Benchmark.java,0,0,0.4451511074203865
1.4.0,core/src/main/java/org/apache/calcite/util/BitString.java,0,1,0.5598240884915441
1.4.0,core/src/main/java/org/apache/calcite/util/CalciteParserException.java,0,0,0.1846816745600332
1.4.0,core/src/main/java/org/apache/calcite/util/CalciteValidatorException.java,0,0,0.1846816745600332
1.4.0,core/src/main/java/org/apache/calcite/util/CastingList.java,0,0,0.2020158505939374
1.4.0,core/src/main/java/org/apache/calcite/util/ChunkList.java,1,1,0.781636136479889
1.4.0,core/src/main/java/org/apache/calcite/util/CompatibleGuava11.java,0,0,0.18347561051729072
1.4.0,core/src/main/java/org/apache/calcite/util/CompositeList.java,0,0,0.3917503652236962
1.4.0,core/src/main/java/org/apache/calcite/util/CompositeMap.java,0,0,0.4588185703226246
1.4.0,core/src/main/java/org/apache/calcite/util/CompoundClosableAllocation.java,0,0,0.1846816745600332
1.4.0,core/src/main/java/org/apache/calcite/util/ConversionUtil.java,0,0,0.1477004951149945
1.4.0,core/src/main/java/org/apache/calcite/util/DelegatingInvocationHandler.java,0,0,0.1712934922025588
1.4.0,core/src/main/java/org/apache/calcite/util/Filterator.java,0,1,0.5878812437729233
1.4.0,core/src/main/java/org/apache/calcite/util/IntegerIntervalSet.java,0,0,0.4904613847960877
1.4.0,core/src/main/java/org/apache/calcite/util/IntList.java,0,0,0.42816325674117744
1.4.0,core/src/main/java/org/apache/calcite/util/NlsString.java,0,1,0.6521819970665694
1.4.0,core/src/main/java/org/apache/calcite/util/NumberUtil.java,0,0,0.23018359584463766
1.4.0,core/src/main/java/org/apache/calcite/util/Pair.java,0,0,0.10209350675444231
1.4.0,core/src/main/java/org/apache/calcite/util/PartiallyOrderedSet.java,0,1,0.8843364299157843
1.4.0,core/src/main/java/org/apache/calcite/util/Permutation.java,0,0,0.27533214932151795
1.4.0,core/src/main/java/org/apache/calcite/util/ReflectiveVisitDispatcher.java,0,0,0.1846816745600332
1.4.0,core/src/main/java/org/apache/calcite/util/ReflectUtil.java,0,1,0.7267033221301877
1.4.0,core/src/main/java/org/apache/calcite/util/SaffronProperties.java,0,0,0.08744283953968841
1.4.0,core/src/main/java/org/apache/calcite/util/SerializableCharset.java,0,1,0.5569357405948351
1.4.0,core/src/main/java/org/apache/calcite/util/StackWriter.java,0,0,0.1712934922025588
1.4.0,core/src/main/java/org/apache/calcite/util/Template.java,0,0,0.17439396210169666
1.4.0,core/src/main/java/org/apache/calcite/util/UnmodifiableArrayList.java,0,0,0.127362389039418
1.4.0,core/src/main/java/org/apache/calcite/util/XmlOutput.java,0,1,0.5394428721487101
1.4.0,core/src/main/java/org/apache/calcite/adapter/clone/CloneSchema.java,0,0,0.4514053511273864
1.4.0,core/src/main/java/org/apache/calcite/adapter/enumerable/AggResetContext.java,0,0,0.1846816745600332
1.4.0,core/src/main/java/org/apache/calcite/adapter/enumerable/AggResultContext.java,0,0,0.1846816745600332
1.4.0,core/src/main/java/org/apache/calcite/adapter/enumerable/EnumerableCollect.java,0,0,0.3668997569441456
1.4.0,core/src/main/java/org/apache/calcite/adapter/enumerable/EnumerableCollectRule.java,0,0,0.18658676401269184
1.4.0,core/src/main/java/org/apache/calcite/adapter/enumerable/EnumerableIntersect.java,1,0,0.19558736358076492
1.4.0,core/src/main/java/org/apache/calcite/adapter/enumerable/EnumerableIntersectRule.java,0,0,0.19804940821876435
1.4.0,core/src/main/java/org/apache/calcite/adapter/enumerable/EnumerableLimitRule.java,0,0,0.498193872906578
1.4.0,core/src/main/java/org/apache/calcite/adapter/enumerable/EnumerableMinus.java,1,0,0.19558736358076492
1.4.0,core/src/main/java/org/apache/calcite/adapter/enumerable/EnumerableMinusRule.java,0,0,0.18774459961664197
1.4.0,core/src/main/java/org/apache/calcite/adapter/enumerable/EnumerableTableFunctionScanRule.java,0,0,0.18658676401269184
1.4.0,core/src/main/java/org/apache/calcite/adapter/enumerable/EnumerableTableModify.java,0,0,0.48477452374724567
1.4.0,core/src/main/java/org/apache/calcite/adapter/enumerable/EnumerableTableModifyRule.java,0,0,0.36332002573686883
1.4.0,core/src/main/java/org/apache/calcite/adapter/enumerable/EnumerableUncollect.java,0,1,0.5843392068450024
1.4.0,core/src/main/java/org/apache/calcite/adapter/enumerable/EnumerableUncollectRule.java,0,0,0.18658676401269184
1.4.0,core/src/main/java/org/apache/calcite/adapter/enumerable/EnumerableUnion.java,1,1,0.5158984389625954
1.4.0,core/src/main/java/org/apache/calcite/adapter/enumerable/EnumerableUnionRule.java,0,0,0.18658676401269184
1.4.0,core/src/main/java/org/apache/calcite/adapter/enumerable/EnumerableWindowRule.java,0,0,0.18658676401269184
1.4.0,core/src/main/java/org/apache/calcite/adapter/enumerable/NestedBlockBuilder.java,0,0,0.1846816745600332
1.4.0,core/src/main/java/org/apache/calcite/adapter/enumerable/NestedBlockBuilderImpl.java,0,0,0.45507499726063994
1.4.0,core/src/main/java/org/apache/calcite/adapter/enumerable/NotNullImplementor.java,0,0,0.1846816745600332
1.4.0,core/src/main/java/org/apache/calcite/adapter/enumerable/NullPolicy.java,0,0,0.18658676401269184
1.4.0,core/src/main/java/org/apache/calcite/adapter/enumerable/ReflectiveCallNotNullImplementor.java,0,0,0.498193872906578
1.4.0,core/src/main/java/org/apache/calcite/adapter/enumerable/StrictWinAggImplementor.java,0,0,0.23283752678015432
1.4.0,core/src/main/java/org/apache/calcite/adapter/enumerable/WinAggAddContext.java,0,0,0.1846816745600332
1.4.0,core/src/main/java/org/apache/calcite/adapter/enumerable/WinAggFrameContext.java,0,0,0.1846816745600332
1.4.0,core/src/main/java/org/apache/calcite/adapter/enumerable/WinAggFrameResultContext.java,0,0,0.1846816745600332
1.4.0,core/src/main/java/org/apache/calcite/adapter/enumerable/WinAggResetContext.java,0,0,0.1846816745600332
1.4.0,core/src/main/java/org/apache/calcite/adapter/enumerable/WinAggResultContext.java,0,0,0.1846816745600332
1.4.0,core/src/main/java/org/apache/calcite/adapter/java/AbstractQueryableTable.java,0,0,0.18658676401269184
1.4.0,core/src/main/java/org/apache/calcite/adapter/java/JavaTypeFactory.java,0,0,0.1846816745600332
1.4.0,core/src/main/java/org/apache/calcite/adapter/jdbc/JdbcImplementor.java,1,1,0.5015679220557061
1.4.0,core/src/main/java/org/apache/calcite/adapter/jdbc/JdbcQueryProvider.java,0,0,0.1846816745600332
1.4.0,core/src/main/java/org/apache/calcite/adapter/jdbc/JdbcRel.java,0,0,0.1846816745600332
1.4.0,core/src/main/java/org/apache/calcite/adapter/jdbc/JdbcTableScan.java,0,1,0.5215887056555705
1.4.0,core/src/main/java/org/apache/calcite/adapter/jdbc/JdbcToEnumerableConverterRule.java,0,0,0.18658676401269184
1.4.0,core/src/main/java/org/apache/calcite/plan/hep/HepInstruction.java,0,1,0.5237141805222976
1.4.0,core/src/main/java/org/apache/calcite/plan/hep/HepPlanner.java,1,1,0.7177096218203434
1.4.0,core/src/main/java/org/apache/calcite/plan/hep/HepProgram.java,0,1,0.613329557186166
1.4.0,core/src/main/java/org/apache/calcite/plan/hep/HepProgramBuilder.java,0,0,0.4296745277922995
1.4.0,core/src/main/java/org/apache/calcite/plan/hep/HepRelMetadataProvider.java,0,0,0.498193872906578
1.4.0,core/src/main/java/org/apache/calcite/plan/hep/HepRuleCall.java,0,0,0.25061566728575363
1.4.0,core/src/main/java/org/apache/calcite/plan/volcano/ChainedPhaseRuleMappingInitializer.java,0,0,0.1846816745600332
1.4.0,core/src/main/java/org/apache/calcite/plan/volcano/VolcanoCost.java,0,0,0.3432867520984211
1.4.0,core/src/main/java/org/apache/calcite/plan/volcano/VolcanoPlannerPhaseRuleMappingInitializer.java,0,0,0.1846816745600332
1.4.0,core/src/main/java/org/apache/calcite/plan/volcano/VolcanoRelMetadataProvider.java,0,0,0.1846816745600332
1.4.0,core/src/main/java/org/apache/calcite/plan/volcano/VolcanoRuleCall.java,0,1,0.7955883919665834
1.4.0,core/src/main/java/org/apache/calcite/plan/volcano/VolcanoRuleMatch.java,0,1,0.6286953659735136
1.4.0,core/src/main/java/org/apache/calcite/rel/convert/Converter.java,0,0,0.1846816745600332
1.4.0,core/src/main/java/org/apache/calcite/rel/convert/ConverterImpl.java,0,0,0.24504636562270035
1.4.0,core/src/main/java/org/apache/calcite/rel/convert/NoneConverter.java,0,0,0.1846816745600332
1.4.0,core/src/main/java/org/apache/calcite/rel/convert/TraitMatchingRule.java,0,0,0.1846816745600332
1.4.0,core/src/main/java/org/apache/calcite/rel/core/Collect.java,0,0,0.3856526440419525
1.4.0,core/src/main/java/org/apache/calcite/rel/core/Sample.java,0,0,0.21801073613535377
1.4.0,core/src/main/java/org/apache/calcite/rel/core/TableModify.java,0,0,0.24184775526112096
1.4.0,core/src/main/java/org/apache/calcite/rel/core/Union.java,0,0,0.18171097028910943
1.4.0,core/src/main/java/org/apache/calcite/rel/externalize/RelJsonWriter.java,0,0,0.4542885806168616
1.4.0,core/src/main/java/org/apache/calcite/rel/externalize/RelXmlWriter.java,0,0,0.35067673735217764
1.4.0,core/src/main/java/org/apache/calcite/rel/metadata/ChainedRelMetadataProvider.java,0,0,0.4090672100907159
1.4.0,core/src/main/java/org/apache/calcite/rel/metadata/Metadata.java,0,0,0.1846816745600332
1.4.0,core/src/main/java/org/apache/calcite/rel/metadata/MetadataFactory.java,0,0,0.1846816745600332
1.4.0,core/src/main/java/org/apache/calcite/rel/metadata/MetadataFactoryImpl.java,0,0,0.4070813834000341
1.4.0,core/src/main/java/org/apache/calcite/rel/metadata/RelColumnOrigin.java,0,0,0.3331007794033186
1.4.0,core/src/main/java/org/apache/calcite/rel/metadata/RelMdExplainVisibility.java,0,0,0.17308979501128613
1.4.0,core/src/main/java/org/apache/calcite/rel/metadata/RelMdPercentageOriginalRows.java,0,0,0.37493137145121136
1.4.0,core/src/main/java/org/apache/calcite/rel/metadata/RelMetadataProvider.java,0,0,0.1846816745600332
1.4.0,core/src/main/java/org/apache/calcite/rel/rules/CoerceInputsRule.java,0,0,0.4543182548513195
1.4.0,core/src/main/java/org/apache/calcite/rel/rules/FilterMergeRule.java,0,0,0.18658676401269184
1.4.0,core/src/main/java/org/apache/calcite/rel/rules/FilterMultiJoinMergeRule.java,0,0,0.1712934922025588
1.4.0,core/src/main/java/org/apache/calcite/rel/rules/FilterRemoveIsNotDistinctFromRule.java,0,0,0.26573103041317003
1.4.0,core/src/main/java/org/apache/calcite/rel/rules/FilterSetOpTransposeRule.java,0,0,0.498193872906578
1.4.0,core/src/main/java/org/apache/calcite/rel/rules/JoinExtractFilterRule.java,0,0,0.3950092387863568
1.4.0,core/src/main/java/org/apache/calcite/rel/rules/JoinPushTransitivePredicatesRule.java,0,0,0.498193872906578
1.4.0,core/src/main/java/org/apache/calcite/rel/rules/MultiJoinProjectTransposeRule.java,0,0,0.1846816745600332
1.4.0,core/src/main/java/org/apache/calcite/rel/rules/ProjectFilterTransposeRule.java,0,0,0.42680082344583065
1.4.0,core/src/main/java/org/apache/calcite/rel/rules/ProjectMultiJoinMergeRule.java,0,0,0.1712934922025588
1.4.0,core/src/main/java/org/apache/calcite/rel/rules/ProjectSetOpTransposeRule.java,0,0,0.39749979141313413
1.4.0,core/src/main/java/org/apache/calcite/rel/rules/ProjectSortTransposeRule.java,0,0,0.1712934922025588
1.4.0,core/src/main/java/org/apache/calcite/rel/rules/SemiJoinRemoveRule.java,0,0,0.17308979501128613
1.4.0,core/src/main/java/org/apache/calcite/rel/rules/SortRemoveRule.java,0,0,0.44608494317211556
1.4.0,core/src/main/java/org/apache/calcite/rel/rules/TableScanRule.java,0,0,0.1378882663774708
1.4.0,core/src/main/java/org/apache/calcite/rel/type/RelDataTypeComparability.java,0,0,0.18658676401269184
1.4.0,core/src/main/java/org/apache/calcite/rel/type/RelDataTypeFieldImpl.java,0,1,0.5437561267670586
1.4.0,core/src/main/java/org/apache/calcite/rel/type/RelProtoDataType.java,0,0,0.1846816745600332
1.4.0,core/src/main/java/org/apache/calcite/rel/type/RelRecordType.java,0,1,0.52363576555328
1.4.0,core/src/main/java/org/apache/calcite/schema/impl/AbstractTable.java,0,0,0.17308979501128613
1.4.0,core/src/main/java/org/apache/calcite/schema/impl/AbstractTableQueryable.java,0,0,0.2772375364330113
1.4.0,core/src/main/java/org/apache/calcite/schema/impl/AggregateFunctionImpl.java,1,0,0.4552567266314372
1.4.0,core/src/main/java/org/apache/calcite/schema/impl/DelegatingSchema.java,0,0,0.1846816745600332
1.4.0,core/src/main/java/org/apache/calcite/schema/impl/ReflectiveFunctionBase.java,1,1,0.5988822004780426
1.4.0,core/src/main/java/org/apache/calcite/schema/impl/ScalarFunctionImpl.java,0,0,0.4645405619016828
1.4.0,core/src/main/java/org/apache/calcite/schema/impl/StarTable.java,0,0,0.4486515909062891
1.4.0,core/src/main/java/org/apache/calcite/schema/impl/TableFunctionImpl.java,0,1,0.5283446377356112
1.4.0,core/src/main/java/org/apache/calcite/schema/impl/TableMacroImpl.java,0,1,0.6171693364220158
1.4.0,core/src/main/java/org/apache/calcite/sql/advise/SqlAdvisorGetHintsFunction.java,0,0,0.498193872906578
1.4.0,core/src/main/java/org/apache/calcite/sql/advise/SqlAdvisorHint.java,0,0,0.4591821746646782
1.4.0,core/src/main/java/org/apache/calcite/sql/advise/SqlSimpleParser.java,0,0,0.2151269154924622
1.4.0,core/src/main/java/org/apache/calcite/sql/fun/SqlArrayQueryConstructor.java,0,0,0.18658676401269184
1.4.0,core/src/main/java/org/apache/calcite/sql/fun/SqlArrayValueConstructor.java,0,0,0.36192310476335626
1.4.0,core/src/main/java/org/apache/calcite/sql/fun/SqlAvgAggFunction.java,1,0,0.17514838052042261
1.4.0,core/src/main/java/org/apache/calcite/sql/fun/SqlCase.java,0,0,0.40310950460436246
1.4.0,core/src/main/java/org/apache/calcite/sql/fun/SqlCaseOperator.java,0,0,0.4107252173598873
1.4.0,core/src/main/java/org/apache/calcite/sql/fun/SqlCoalesceFunction.java,0,0,0.45838052431455767
1.4.0,core/src/main/java/org/apache/calcite/sql/fun/SqlColumnListConstructor.java,0,0,0.17492186483840183
1.4.0,core/src/main/java/org/apache/calcite/sql/fun/SqlConvertFunction.java,0,0,0.21480786176209038
1.4.0,core/src/main/java/org/apache/calcite/sql/fun/SqlCovarAggFunction.java,1,0,0.15930010439613543
1.4.0,core/src/main/java/org/apache/calcite/sql/fun/SqlCursorConstructor.java,0,0,0.39120456393196773
1.4.0,core/src/main/java/org/apache/calcite/sql/fun/SqlHistogramAggFunction.java,1,0,0.17806130390161848
1.4.0,core/src/main/java/org/apache/calcite/sql/fun/SqlInOperator.java,0,0,0.4408452120894674
1.4.0,core/src/main/java/org/apache/calcite/sql/fun/SqlLeadLagAggFunction.java,1,0,0.40591745023539116
1.4.0,core/src/main/java/org/apache/calcite/sql/fun/SqlLikeOperator.java,0,0,0.4407021662741918
1.4.0,core/src/main/java/org/apache/calcite/sql/fun/SqlMapQueryConstructor.java,0,0,0.18658676401269184
1.4.0,core/src/main/java/org/apache/calcite/sql/fun/SqlMapValueConstructor.java,0,1,0.5318437146803121
1.4.0,core/src/main/java/org/apache/calcite/sql/fun/SqlMultisetMemberOfOperator.java,0,0,0.40458327280150397
1.4.0,core/src/main/java/org/apache/calcite/sql/fun/SqlMultisetQueryConstructor.java,0,0,0.22139833423953373
1.4.0,core/src/main/java/org/apache/calcite/sql/fun/SqlMultisetSetOperator.java,0,0,0.3819177804533662
1.4.0,core/src/main/java/org/apache/calcite/sql/fun/SqlMultisetValueConstructor.java,0,1,0.535617068633781
1.4.0,core/src/main/java/org/apache/calcite/sql/fun/SqlNewOperator.java,0,0,0.14619545933762085
1.4.0,core/src/main/java/org/apache/calcite/sql/fun/SqlNtileAggFunction.java,1,0,0.18035796833130127
1.4.0,core/src/main/java/org/apache/calcite/sql/fun/SqlNullifFunction.java,0,0,0.39928533052360626
1.4.0,core/src/main/java/org/apache/calcite/sql/fun/SqlOverlapsOperator.java,0,0,0.3892836718943949
1.4.0,core/src/main/java/org/apache/calcite/sql/fun/SqlOverlayFunction.java,0,1,0.5029095969093279
1.4.0,core/src/main/java/org/apache/calcite/sql/fun/SqlPositionFunction.java,0,0,0.3362556434954464
1.4.0,core/src/main/java/org/apache/calcite/sql/fun/SqlRowOperator.java,0,0,0.17141949521547292
1.4.0,core/src/main/java/org/apache/calcite/sql/fun/SqlSingleValueAggFunction.java,1,0,0.17806130390161848
1.4.0,core/src/main/java/org/apache/calcite/sql/fun/SqlTrimFunction.java,1,0,0.40066544995055
1.4.0,core/src/main/java/org/apache/calcite/sql/parser/SqlParseException.java,0,1,0.6745998914378599
1.4.0,core/src/main/java/org/apache/calcite/sql/parser/SqlParserImplFactory.java,0,0,0.1846816745600332
1.4.0,core/src/main/java/org/apache/calcite/sql/type/AbstractSqlType.java,0,0,0.23352036010951185
1.4.0,core/src/main/java/org/apache/calcite/sql/type/ArraySqlType.java,0,0,0.49302454088434805
1.4.0,core/src/main/java/org/apache/calcite/sql/type/CursorReturnTypeInference.java,0,0,0.1846816745600332
1.4.0,core/src/main/java/org/apache/calcite/sql/type/ExplicitOperandTypeInference.java,1,0,0.4486307181942232
1.4.0,core/src/main/java/org/apache/calcite/sql/type/ExplicitReturnTypeInference.java,0,0,0.4873036305350881
1.4.0,core/src/main/java/org/apache/calcite/sql/type/InferTypes.java,0,0,0.4299996416309421
1.4.0,core/src/main/java/org/apache/calcite/sql/type/JavaToSqlTypeConversionRules.java,0,0,0.1491353862919771
1.4.0,core/src/main/java/org/apache/calcite/sql/type/MapSqlType.java,0,1,0.5235026291216904
1.4.0,core/src/main/java/org/apache/calcite/sql/type/MatchReturnTypeInference.java,0,1,0.6278465288095668
1.4.0,core/src/main/java/org/apache/calcite/sql/type/MultisetSqlType.java,0,0,0.49302454088434805
1.4.0,core/src/main/java/org/apache/calcite/sql/type/ObjectSqlType.java,0,0,0.1723661077614775
1.4.0,core/src/main/java/org/apache/calcite/sql/type/OperandsTypeChecking.java,0,0,0.15868696258209256
1.4.0,core/src/main/java/org/apache/calcite/sql/type/OrdinalReturnTypeInference.java,0,0,0.18658676401269184
1.4.0,core/src/main/java/org/apache/calcite/sql/type/SqlOperandCountRanges.java,0,0,0.44725224340411285
1.4.0,core/src/main/java/org/apache/calcite/sql/type/SqlOperandTypeInference.java,0,0,0.1712934922025588
1.4.0,core/src/main/java/org/apache/calcite/sql/type/SqlReturnTypeInference.java,0,0,0.1846816745600332
1.4.0,core/src/main/java/org/apache/calcite/sql/type/SqlReturnTypeInferenceChain.java,0,1,0.5818589163821913
1.4.0,core/src/main/java/org/apache/calcite/sql/type/SqlSingleOperandTypeChecker.java,0,0,0.1846816745600332
1.4.0,core/src/main/java/org/apache/calcite/sql/type/SqlTypeAssignmentRules.java,0,0,0.3477113148082613
1.4.0,core/src/main/java/org/apache/calcite/sql/type/SqlTypeExplicitPrecedenceList.java,1,0,0.26573103041317003
1.4.0,core/src/main/java/org/apache/calcite/sql/type/SqlTypeFactoryImpl.java,1,1,0.6852534214874636
1.4.0,core/src/main/java/org/apache/calcite/sql/type/SqlTypeFamily.java,0,0,0.33169894874144007
1.4.0,core/src/main/java/org/apache/calcite/sql/type/SqlTypeTransform.java,0,0,0.1846816745600332
1.4.0,core/src/main/java/org/apache/calcite/sql/type/SqlTypeTransformCascade.java,0,1,0.556601798877236
1.4.0,core/src/main/java/org/apache/calcite/sql/type/SqlTypeTransforms.java,0,0,0.43255751110927826
1.4.0,core/src/main/java/org/apache/calcite/sql/type/TableFunctionReturnTypeInference.java,0,0,0.1846816745600332
1.4.0,core/src/main/java/org/apache/calcite/sql/util/ChainedSqlOperatorTable.java,1,0,0.30277621340178457
1.4.0,core/src/main/java/org/apache/calcite/sql/util/ListSqlOperatorTable.java,0,0,0.3919994948659809
1.4.0,core/src/main/java/org/apache/calcite/sql/util/ReflectiveSqlOperatorTable.java,0,0,0.38414832343209165
1.4.0,core/src/main/java/org/apache/calcite/sql/util/SqlBasicVisitor.java,0,0,0.41882566918249087
1.4.0,core/src/main/java/org/apache/calcite/sql/util/SqlBuilder.java,0,0,0.4253623338055581
1.4.0,core/src/main/java/org/apache/calcite/sql/util/SqlString.java,0,0,0.4374708930581962
1.4.0,core/src/main/java/org/apache/calcite/sql/util/SqlVisitor.java,0,0,0.1846816745600332
1.4.0,core/src/main/java/org/apache/calcite/sql/validate/AggFinder.java,0,0,0.4971202762794069
1.4.0,core/src/main/java/org/apache/calcite/sql/validate/AggregatingScope.java,0,0,0.1846816745600332
1.4.0,core/src/main/java/org/apache/calcite/sql/validate/AliasNamespace.java,1,1,0.5097987327464243
1.4.0,core/src/main/java/org/apache/calcite/sql/validate/CollectNamespace.java,1,0,0.49302454088434805
1.4.0,core/src/main/java/org/apache/calcite/sql/validate/CollectScope.java,0,0,0.4216106449501328
1.4.0,core/src/main/java/org/apache/calcite/sql/validate/DelegatingNamespace.java,1,0,0.1846816745600332
1.4.0,core/src/main/java/org/apache/calcite/sql/validate/DelegatingSqlValidatorCatalogReader.java,0,0,0.1846816745600332
1.4.0,core/src/main/java/org/apache/calcite/sql/validate/DelegatingSqlValidatorTable.java,0,0,0.1846816745600332
1.4.0,core/src/main/java/org/apache/calcite/sql/validate/FieldNamespace.java,1,0,0.3278238586528389
1.4.0,core/src/main/java/org/apache/calcite/sql/validate/JoinNamespace.java,1,1,0.5918125124611053
1.4.0,core/src/main/java/org/apache/calcite/sql/validate/JoinScope.java,0,0,0.29378809535965644
1.4.0,core/src/main/java/org/apache/calcite/sql/validate/OverScope.java,0,0,0.1846816745600332
1.4.0,core/src/main/java/org/apache/calcite/sql/validate/ParameterNamespace.java,1,0,0.1846816745600332
1.4.0,core/src/main/java/org/apache/calcite/sql/validate/ProcedureNamespace.java,1,1,0.6001783211155435
1.4.0,core/src/main/java/org/apache/calcite/sql/validate/SqlIdentifierMoniker.java,0,0,0.11680335024908813
1.4.0,core/src/main/java/org/apache/calcite/sql/validate/SqlScopedShuttle.java,0,0,0.18658676401269184
1.4.0,core/src/main/java/org/apache/calcite/sql/validate/SqlUserDefinedAggFunction.java,1,0,0.22815708517328698
1.4.0,core/src/main/java/org/apache/calcite/sql/validate/SqlUserDefinedFunction.java,0,0,0.18658676401269184
1.4.0,core/src/main/java/org/apache/calcite/sql/validate/SqlUserDefinedTableFunction.java,0,0,0.18658676401269184
1.4.0,core/src/main/java/org/apache/calcite/sql/validate/SqlValidatorException.java,0,0,0.2681971645409678
1.4.0,core/src/main/java/org/apache/calcite/sql/validate/SqlValidatorWithHints.java,0,0,0.1846816745600332
1.4.0,core/src/main/java/org/apache/calcite/sql/validate/UnnestNamespace.java,1,1,0.5649121797767814
1.4.0,core/src/main/java/org/apache/calcite/sql/validate/WithItemNamespace.java,1,1,0.5438170496073144
1.4.0,core/src/main/java/org/apache/calcite/sql/validate/WithNamespace.java,1,0,0.498193872906578
1.4.0,core/src/main/java/org/apache/calcite/util/graph/CycleDetector.java,0,0,0.18658676401269184
1.4.0,core/src/main/java/org/apache/calcite/util/graph/DefaultDirectedGraph.java,0,1,0.7162323911999913
1.4.0,core/src/main/java/org/apache/calcite/util/graph/DefaultEdge.java,0,0,0.4267631660395606
1.4.0,core/src/main/java/org/apache/calcite/util/graph/DepthFirstIterator.java,0,0,0.32582321151723564
1.4.0,core/src/main/java/org/apache/calcite/util/graph/Graphs.java,0,1,0.6726824568158485
1.4.0,core/src/main/java/org/apache/calcite/util/graph/TopologicalOrderIterator.java,0,1,0.77506695822979
1.4.0,core/src/main/java/org/apache/calcite/util/javac/JaninoCompiler.java,0,0,0.39216891997365866
1.4.0,core/src/main/java/org/apache/calcite/util/javac/JavaCompilerArgs.java,0,0,0.21908004668827777
1.4.0,core/src/main/java/org/apache/calcite/util/mapping/Mapping.java,0,0,0.1846816745600332
1.4.0,core/src/main/java/org/apache/calcite/util/trace/CalciteLogger.java,0,0,0.20000547288092563
1.4.0,core/src/main/java/org/apache/calcite/util/trace/CalciteTimingTracer.java,0,0,0.11680335024908813
1.4.0,core/src/main/java/org/apache/calcite/adapter/enumerable/impl/AggAddContextImpl.java,0,0,0.18658676401269184
1.4.0,core/src/main/java/org/apache/calcite/adapter/enumerable/impl/AggResetContextImpl.java,0,0,0.1491353862919771
1.4.0,core/src/main/java/org/apache/calcite/adapter/enumerable/impl/AggResultContextImpl.java,0,0,0.18658676401269184
1.4.0,core/src/main/java/org/apache/calcite/adapter/enumerable/impl/WinAggResetContextImpl.java,0,0,0.16840231238002862
1.4.0,core/src/main/java/org/apache/calcite/adapter/enumerable/impl/WinAggResultContextImpl.java,0,0,0.20222058811281746
1.4.0,avatica/src/main/java/org/apache/calcite/avatica/ConnectStringParser.java,1,1,0.7398154789625394
1.4.0,mongodb/src/main/java/org/apache/calcite/adapter/mongodb/MongoMethod.java,0,0,0.1846816745600332
1.4.0,mongodb/src/main/java/org/apache/calcite/adapter/mongodb/MongoRel.java,0,0,0.248256355601109
1.4.0,mongodb/src/main/java/org/apache/calcite/adapter/mongodb/MongoSchema.java,0,0,0.3511379634706061
1.4.0,mongodb/src/main/java/org/apache/calcite/adapter/mongodb/MongoSchemaFactory.java,0,0,0.248256355601109
1.4.0,mongodb/src/main/java/org/apache/calcite/adapter/mongodb/MongoSort.java,0,0,0.389935321159549
1.4.0,mongodb/src/main/java/org/apache/calcite/adapter/mongodb/MongoTableScan.java,0,0,0.26573103041317003
1.4.0,mongodb/src/main/java/org/apache/calcite/adapter/mongodb/MongoToEnumerableConverter.java,0,0,0.3381540918303554
1.4.0,mongodb/src/main/java/org/apache/calcite/adapter/mongodb/MongoToEnumerableConverterRule.java,0,0,0.1712934922025588
1.4.0,plus/src/main/java/org/apache/calcite/adapter/tpcds/TpcdsSchemaFactory.java,0,0,0.381522149341133
1.4.0,plus/src/main/java/org/apache/calcite/adapter/tpch/TpchSchema.java,0,0,0.13639702213951876
1.4.0,plus/src/main/java/org/apache/calcite/adapter/tpch/TpchSchemaFactory.java,0,0,0.248256355601109
1.4.0,spark/src/main/java/org/apache/calcite/adapter/spark/EnumerableToSparkConverter.java,0,0,0.2946915502612481
1.4.0,spark/src/main/java/org/apache/calcite/adapter/spark/EnumerableToSparkConverterRule.java,0,0,0.1712934922025588
1.4.0,spark/src/main/java/org/apache/calcite/adapter/spark/JdbcToSparkConverter.java,0,0,0.21690916529459578
1.4.0,spark/src/main/java/org/apache/calcite/adapter/spark/JdbcToSparkConverterRule.java,0,0,0.1846816745600332
1.4.0,spark/src/main/java/org/apache/calcite/adapter/spark/SparkMethod.java,0,0,0.21690916529459578
1.4.0,spark/src/main/java/org/apache/calcite/adapter/spark/SparkRel.java,0,0,0.248256355601109
1.4.0,spark/src/main/java/org/apache/calcite/adapter/spark/SparkRuntime.java,0,0,0.1712934922025588
1.4.0,splunk/src/main/java/org/apache/calcite/adapter/splunk/SplunkDriver.java,0,0,0.17438362337293375
1.4.0,splunk/src/main/java/org/apache/calcite/adapter/splunk/SplunkDriverVersion.java,0,0,0.18658676401269184
1.4.0,splunk/src/main/java/org/apache/calcite/adapter/splunk/SplunkSchema.java,0,0,0.1846816745600332
1.4.0,splunk/src/main/java/org/apache/calcite/adapter/splunk/SplunkTable.java,0,0,0.1846816745600332
1.4.0,splunk/src/main/java/org/apache/calcite/adapter/splunk/search/SplunkConnection.java,0,0,0.1846816745600332
1.4.0,splunk/src/main/java/org/apache/calcite/adapter/splunk/search/SplunkConnectionImpl.java,0,0,0.3037909753414823
1.4.0,splunk/src/main/java/org/apache/calcite/adapter/splunk/util/HttpUtils.java,0,0,0.4724507029271752
1.4.0,splunk/src/main/java/org/apache/calcite/adapter/splunk/util/SocketFactoryImpl.java,0,0,0.21690916529459578
1.4.0,splunk/src/main/java/org/apache/calcite/adapter/splunk/util/TrustAllSslSocketFactory.java,0,0,0.2564493806590107
1.4.0,linq4j/src/main/java/org/apache/calcite/linq4j/BaseQueryable.java,0,0,0.20024631063872345
1.4.0,linq4j/src/main/java/org/apache/calcite/linq4j/DefaultQueryable.java,0,0,0.20524479460706815
1.4.0,linq4j/src/main/java/org/apache/calcite/linq4j/EnumerableOrderedQueryable.java,0,0,0.1846816745600332
1.4.0,linq4j/src/main/java/org/apache/calcite/linq4j/ExtendedOrderedEnumerable.java,0,0,0.1846816745600332
1.4.0,linq4j/src/main/java/org/apache/calcite/linq4j/ExtendedOrderedQueryable.java,0,0,0.1846816745600332
1.4.0,linq4j/src/main/java/org/apache/calcite/linq4j/ExtendedQueryable.java,0,0,0.1475433228997714
1.4.0,linq4j/src/main/java/org/apache/calcite/linq4j/Extensions.java,0,0,0.4814689291766011
1.4.0,linq4j/src/main/java/org/apache/calcite/linq4j/GroupingImpl.java,0,0,0.26172488094795676
1.4.0,linq4j/src/main/java/org/apache/calcite/linq4j/Lookup.java,0,0,0.1846816745600332
1.4.0,linq4j/src/main/java/org/apache/calcite/linq4j/LookupImpl.java,0,0,0.31758515735501835
1.4.0,linq4j/src/main/java/org/apache/calcite/linq4j/QueryableFactory.java,0,0,0.1846816745600332
1.4.0,linq4j/src/main/java/org/apache/calcite/linq4j/QueryableRecorder.java,0,0,0.14848874794763106
1.4.0,linq4j/src/main/java/org/apache/calcite/linq4j/QueryProvider.java,0,0,0.1846816745600332
1.4.0,linq4j/src/main/java/org/apache/calcite/linq4j/QueryProviderImpl.java,0,0,0.35844888200168845
1.4.0,linq4j/src/main/java/org/apache/calcite/linq4j/RawQueryable.java,0,0,0.1846816745600332
1.4.0,linq4j/src/main/java/org/apache/calcite/linq4j/tree/AbstractNode.java,0,1,0.6138713934760839
1.4.0,linq4j/src/main/java/org/apache/calcite/linq4j/tree/ArrayLengthRecordField.java,0,0,0.29738848346178826
1.4.0,linq4j/src/main/java/org/apache/calcite/linq4j/tree/BinaryExpression.java,0,1,0.5731832953598701
1.4.0,linq4j/src/main/java/org/apache/calcite/linq4j/tree/BlockBuilder.java,0,1,0.7245156136951879
1.4.0,linq4j/src/main/java/org/apache/calcite/linq4j/tree/Blocks.java,0,0,0.23702257465192322
1.4.0,linq4j/src/main/java/org/apache/calcite/linq4j/tree/BlockStatement.java,0,0,0.39368488645348015
1.4.0,linq4j/src/main/java/org/apache/calcite/linq4j/tree/CatchBlock.java,0,0,0.27159288382311636
1.4.0,linq4j/src/main/java/org/apache/calcite/linq4j/tree/ClassDeclaration.java,0,0,0.3641860363037776
1.4.0,linq4j/src/main/java/org/apache/calcite/linq4j/tree/ClassDeclarationFinder.java,0,1,0.6099217232275919
1.4.0,linq4j/src/main/java/org/apache/calcite/linq4j/tree/ConditionalStatement.java,0,0,0.4738329041190134
1.4.0,linq4j/src/main/java/org/apache/calcite/linq4j/tree/ConstantUntypedNull.java,0,1,0.5914074976135741
1.4.0,linq4j/src/main/java/org/apache/calcite/linq4j/tree/DeclarationStatement.java,0,1,0.5056528385305668
1.4.0,linq4j/src/main/java/org/apache/calcite/linq4j/tree/DefaultExpression.java,0,0,0.1846816745600332
1.4.0,linq4j/src/main/java/org/apache/calcite/linq4j/tree/DeterministicCodeOptimizer.java,1,0,0.4055531681656435
1.4.0,linq4j/src/main/java/org/apache/calcite/linq4j/tree/DynamicExpression.java,0,0,0.1846816745600332
1.4.0,linq4j/src/main/java/org/apache/calcite/linq4j/tree/Expression.java,0,1,0.5665027926023277
1.4.0,linq4j/src/main/java/org/apache/calcite/linq4j/tree/ExpressionVisitor.java,0,0,0.1846816745600332
1.4.0,linq4j/src/main/java/org/apache/calcite/linq4j/tree/ExpressionWriter.java,0,1,0.5287205614928918
1.4.0,linq4j/src/main/java/org/apache/calcite/linq4j/tree/FieldDeclaration.java,0,0,0.3823553831588453
1.4.0,linq4j/src/main/java/org/apache/calcite/linq4j/tree/ForStatement.java,0,0,0.30055674209957656
1.4.0,linq4j/src/main/java/org/apache/calcite/linq4j/tree/GotoStatement.java,0,0,0.4781074433835354
1.4.0,linq4j/src/main/java/org/apache/calcite/linq4j/tree/IndexExpression.java,0,1,0.557839152344256
1.4.0,linq4j/src/main/java/org/apache/calcite/linq4j/tree/InvocationExpression.java,0,0,0.1846816745600332
1.4.0,linq4j/src/main/java/org/apache/calcite/linq4j/tree/LabelStatement.java,0,0,0.1846816745600332
1.4.0,linq4j/src/main/java/org/apache/calcite/linq4j/tree/LabelTarget.java,0,0,0.1846816745600332
1.4.0,linq4j/src/main/java/org/apache/calcite/linq4j/tree/LambdaExpression.java,0,0,0.24394894826000504
1.4.0,linq4j/src/main/java/org/apache/calcite/linq4j/tree/ListInitExpression.java,0,0,0.1846816745600332
1.4.0,linq4j/src/main/java/org/apache/calcite/linq4j/tree/MemberExpression.java,0,1,0.6599758579596571
1.4.0,linq4j/src/main/java/org/apache/calcite/linq4j/tree/MemberInitExpression.java,0,0,0.1846816745600332
1.4.0,linq4j/src/main/java/org/apache/calcite/linq4j/tree/MethodCallExpression.java,0,1,0.7594592155797545
1.4.0,linq4j/src/main/java/org/apache/calcite/linq4j/tree/NewArrayExpression.java,0,0,0.3619994137628827
1.4.0,linq4j/src/main/java/org/apache/calcite/linq4j/tree/NewExpression.java,0,0,0.42662947711892235
1.4.0,linq4j/src/main/java/org/apache/calcite/linq4j/tree/OptimizeVisitor.java,0,0,0.474609891810119
1.4.0,linq4j/src/main/java/org/apache/calcite/linq4j/tree/ParameterExpression.java,0,1,0.6565180348972468
1.4.0,linq4j/src/main/java/org/apache/calcite/linq4j/tree/ReflectedPseudoField.java,0,0,0.41507045259578884
1.4.0,linq4j/src/main/java/org/apache/calcite/linq4j/tree/Statement.java,0,1,0.712547492553802
1.4.0,linq4j/src/main/java/org/apache/calcite/linq4j/tree/SwitchStatement.java,0,0,0.1846816745600332
1.4.0,linq4j/src/main/java/org/apache/calcite/linq4j/tree/TernaryExpression.java,0,0,0.48938369507010426
1.4.0,linq4j/src/main/java/org/apache/calcite/linq4j/tree/ThrowStatement.java,0,0,0.3241806559522519
1.4.0,linq4j/src/main/java/org/apache/calcite/linq4j/tree/TryStatement.java,0,0,0.41274728539489264
1.4.0,linq4j/src/main/java/org/apache/calcite/linq4j/tree/TypeBinaryExpression.java,0,1,0.5414201876781283
1.4.0,linq4j/src/main/java/org/apache/calcite/linq4j/tree/UnaryExpression.java,0,1,0.6612092053438224
1.4.0,linq4j/src/main/java/org/apache/calcite/linq4j/tree/WhileStatement.java,0,0,0.2627307872152113
1.4.0,core/src/main/java/org/apache/calcite/rel/metadata/RelMdPredicates.java,0,1,0.8083841190642682
1.4.0,core/src/main/java/org/apache/calcite/config/CalciteConnectionConfig.java,0,0,0.1846816745600332
1.4.0,core/src/main/java/org/apache/calcite/config/CalciteConnectionConfigImpl.java,0,0,0.18658676401269184
1.4.0,core/src/main/java/org/apache/calcite/config/CalciteConnectionProperty.java,0,0,0.30380957387887975
1.4.0,core/src/main/java/org/apache/calcite/plan/RelImplementor.java,0,0,0.1846816745600332
1.4.0,core/src/main/java/org/apache/calcite/sql/SemiJoinType.java,0,0,0.4449733011490934
1.4.0,core/src/main/java/org/apache/calcite/adapter/enumerable/EnumerableCorrelateRule.java,0,0,0.18658676401269184
1.4.0,core/src/main/java/org/apache/calcite/rel/core/CorrelationId.java,0,0,0.4017412902478611
1.4.0,core/src/main/java/org/apache/calcite/rel/core/Uncollect.java,0,0,0.41509694883183773
1.4.0,core/src/main/java/org/apache/calcite/rel/rules/ProjectJoinTransposeRule.java,0,0,0.40181168359693503
1.4.0,core/src/main/java/org/apache/calcite/rel/rules/PushProjector.java,0,1,0.6649482129752766
1.4.0,core/src/main/java/org/apache/calcite/schema/Schemas.java,0,1,0.6773846413182991
1.4.0,core/src/main/java/org/apache/calcite/util/trace/CalciteTrace.java,0,0,0.1560672210127068
1.4.0,spark/src/main/java/org/apache/calcite/adapter/spark/SparkToEnumerableConverter.java,0,0,0.26573103041317003
1.4.0,linq4j/src/main/java/org/apache/calcite/linq4j/DefaultEnumerable.java,0,0,0.18642826007077457
1.4.0,linq4j/src/main/java/org/apache/calcite/linq4j/ExtendedEnumerable.java,0,0,0.1475433228997714
1.4.0,core/src/main/java/org/apache/calcite/plan/RelOptAbstractTable.java,0,0,0.3953922794896599
1.4.0,core/src/main/java/org/apache/calcite/plan/RelOptTable.java,0,0,0.1846816745600332
1.4.0,core/src/main/java/org/apache/calcite/rel/RelDistribution.java,0,0,0.1846816745600332
1.4.0,core/src/main/java/org/apache/calcite/rel/RelDistributions.java,0,0,0.1712934922025588
1.4.0,core/src/main/java/org/apache/calcite/rel/RelDistributionTraitDef.java,0,0,0.15844849052833962
1.4.0,core/src/main/java/org/apache/calcite/rel/RelHomogeneousShuttle.java,0,0,0.18816021829746085
1.4.0,core/src/main/java/org/apache/calcite/rel/RelInput.java,0,0,0.1475433228997714
1.4.0,core/src/main/java/org/apache/calcite/rel/RelShuttle.java,0,0,0.1846816745600332
1.4.0,core/src/main/java/org/apache/calcite/rel/RelShuttleImpl.java,0,1,0.5052536331024001
1.4.0,core/src/main/java/org/apache/calcite/schema/Statistic.java,0,0,0.1846816745600332
1.4.0,core/src/main/java/org/apache/calcite/schema/Statistics.java,0,0,0.3930963894471601
1.4.0,core/src/main/java/org/apache/calcite/adapter/enumerable/EnumerableCalc.java,0,0,0.4181284540233221
1.4.0,core/src/main/java/org/apache/calcite/adapter/enumerable/EnumerableFilter.java,0,0,0.34101452258265735
1.4.0,core/src/main/java/org/apache/calcite/adapter/enumerable/EnumerableLimit.java,0,0,0.4368753112784198
1.4.0,core/src/main/java/org/apache/calcite/adapter/enumerable/EnumerableValues.java,0,0,0.40224478379742573
1.4.0,core/src/main/java/org/apache/calcite/rel/core/Exchange.java,0,0,0.1846816745600332
1.4.0,core/src/main/java/org/apache/calcite/rel/core/Sort.java,0,0,0.4970395820696947
1.4.0,core/src/main/java/org/apache/calcite/rel/core/SortExchange.java,0,0,0.1846816745600332
1.4.0,core/src/main/java/org/apache/calcite/rel/externalize/RelJson.java,0,1,0.6032056024074796
1.4.0,core/src/main/java/org/apache/calcite/rel/logical/LogicalCalc.java,0,0,0.15730793324205433
1.4.0,core/src/main/java/org/apache/calcite/rel/logical/LogicalExchange.java,0,0,0.19558736358076492
1.4.0,core/src/main/java/org/apache/calcite/rel/logical/LogicalFilter.java,0,0,0.35359445316250426
1.4.0,core/src/main/java/org/apache/calcite/rel/metadata/RelMdColumnOrigins.java,0,0,0.4225967476978213
1.4.0,core/src/main/java/org/apache/calcite/rel/metadata/RelMdDistinctRowCount.java,0,0,0.3072013310279457
1.4.0,core/src/main/java/org/apache/calcite/rel/metadata/RelMdPopulationSize.java,0,0,0.1928924684859466
1.4.0,core/src/main/java/org/apache/calcite/rel/rules/CalcMergeRule.java,0,0,0.41312840811620216
1.4.0,core/src/main/java/org/apache/calcite/rel/rules/CalcRemoveRule.java,0,0,0.15235130238818417
1.4.0,core/src/main/java/org/apache/calcite/rel/RelCollationImpl.java,0,0,0.43616938990157555
1.4.0,core/src/main/java/org/apache/calcite/plan/RelOptRuleOperand.java,0,0,0.3546240166875553
1.4.0,avatica/src/main/java/org/apache/calcite/avatica/ConnectionPropertiesImpl.java,0,0,0.15083201845073413
1.4.0,core/src/main/java/org/apache/calcite/rel/metadata/RelMdUniqueKeys.java,0,0,0.37426654311305446
1.4.0,core/src/main/java/org/apache/calcite/sql/fun/SqlAbstractGroupFunction.java,1,0,0.498193872906578
1.4.0,core/src/main/java/org/apache/calcite/sql/fun/SqlGroupIdFunction.java,0,0,0.18658676401269184
1.4.0,core/src/main/java/org/apache/calcite/sql/fun/SqlGroupingFunction.java,0,0,0.18658676401269184
1.4.0,core/src/main/java/org/apache/calcite/sql/fun/SqlGroupingIdFunction.java,0,0,0.18658676401269184
1.4.0,avatica-server/src/main/java/org/apache/calcite/avatica/server/Main.java,0,0,0.1667721042645414
1.4.0,avatica/src/main/java/org/apache/calcite/avatica/remote/MockJsonService.java,0,0,0.36172622328801746
1.4.0,linq4j/src/main/java/org/apache/calcite/linq4j/Ord.java,0,0,0.18356384894182676
1.4.0,mongodb/src/main/java/org/apache/calcite/adapter/mongodb/MongoTable.java,0,0,0.2335205284147867
1.4.0,core/src/main/java/org/apache/calcite/util/Litmus.java,0,0,0.18265131525326359
1.4.0,core/src/main/java/org/apache/calcite/sql/validate/SqlUserDefinedTableMacro.java,0,1,0.5970383994308092
1.4.0,core/src/main/java/org/apache/calcite/materialize/TileKey.java,0,0,0.49104542221789554
1.4.0,core/src/main/java/org/apache/calcite/materialize/TileSuggester.java,0,0,0.4601216410878912
1.4.0,core/src/main/java/org/apache/calcite/rel/RelNodes.java,0,0,0.4278039963051779
1.4.0,core/src/main/java/org/apache/calcite/adapter/jdbc/JdbcConvention.java,0,0,0.4313659875738001
1.4.0,core/src/main/java/org/apache/calcite/plan/volcano/RuleQueue.java,0,1,0.666214293941758
1.4.0,core/src/main/java/org/apache/calcite/jdbc/CalciteConnectionImpl.java,0,1,0.9427127406431277
1.4.0,core/src/main/java/org/apache/calcite/jdbc/CalciteJdbc41Factory.java,0,0,0.29942840868949017
1.4.0,avatica/src/main/java/org/apache/calcite/avatica/AvaticaConnection.java,0,1,0.9791254595583866
1.4.0,avatica/src/main/java/org/apache/calcite/avatica/AvaticaJdbc41Factory.java,0,0,0.4849512979813267
1.4.0,avatica/src/main/java/org/apache/calcite/avatica/AvaticaParameter.java,0,1,0.6458500596520239
1.4.0,avatica/src/main/java/org/apache/calcite/avatica/AvaticaResultSet.java,0,1,0.5705088020542145
1.4.0,avatica/src/main/java/org/apache/calcite/avatica/remote/TypedValue.java,0,0,0.2772645103363232
1.4.0,avatica/src/main/java/org/apache/calcite/avatica/util/DateTimeUtils.java,0,1,0.8725396008163854
1.4.0,core/src/main/java/org/apache/calcite/rel/rules/LoptJoinTree.java,0,0,0.18863086394385448
1.4.0,core/src/main/java/org/apache/calcite/rel/rules/LoptMultiJoin.java,0,0,0.31863986187945825
1.4.0,ubenchmark/src/main/java/org/apache/calcite/StatementTest.java,0,0,0.073049860543246
1.4.0,core/src/main/java/org/apache/calcite/rel/type/RelDataTypeSystem.java,0,0,0.2556992120662943
1.4.0,core/src/main/java/org/apache/calcite/rel/type/RelDataTypeSystemImpl.java,0,1,0.699594029887451
1.4.0,core/src/main/java/org/apache/calcite/sql/type/BasicSqlType.java,0,1,0.7366162007056826
1.4.0,core/src/main/java/org/apache/calcite/jdbc/CalcitePreparedStatement.java,0,0,0.18658676401269184
1.4.0,core/src/main/java/org/apache/calcite/jdbc/CalciteStatement.java,1,0,0.4085656715235716
1.4.0,core/src/main/java/org/apache/calcite/jdbc/MetadataSchema.java,0,0,0.1968030466593646
1.4.0,core/src/main/java/org/apache/calcite/runtime/ArrayEnumeratorCursor.java,0,0,0.1846816745600332
1.4.0,core/src/main/java/org/apache/calcite/runtime/EnumeratorCursor.java,0,0,0.1846816745600332
1.4.0,core/src/main/java/org/apache/calcite/runtime/ObjectEnumeratorCursor.java,0,0,0.15274533057268178
1.4.0,core/src/main/java/org/apache/calcite/runtime/RecordEnumeratorCursor.java,0,0,0.1846816745600332
1.4.0,core/src/main/java/org/apache/calcite/server/CalciteServer.java,0,0,0.1846816745600332
1.4.0,core/src/main/java/org/apache/calcite/sql/SqlDateLiteral.java,0,0,0.3265901424039819
1.4.0,core/src/main/java/org/apache/calcite/sql/SqlIntervalQualifier.java,1,1,0.8097035902270483
1.4.0,core/src/main/java/org/apache/calcite/sql2rel/SqlNodeToRexConverterImpl.java,1,0,0.47130890776052
1.4.0,core/src/main/java/org/apache/calcite/util/JsonBuilder.java,1,1,0.5760479022331836
1.4.0,core/src/main/java/org/apache/calcite/util/ZonelessDate.java,0,0,0.3259569159695654
1.4.0,core/src/main/java/org/apache/calcite/util/ZonelessDatetime.java,0,0,0.36759008173097935
1.4.0,core/src/main/java/org/apache/calcite/util/ZonelessTime.java,0,0,0.2524297244832553
1.4.0,core/src/main/java/org/apache/calcite/util/ZonelessTimestamp.java,0,0,0.24960482578939427
1.4.0,core/src/main/java/org/apache/calcite/adapter/clone/ListTable.java,0,0,0.1846816745600332
1.4.0,core/src/main/java/org/apache/calcite/sql/parser/SqlAbstractParserImpl.java,0,1,0.6221456126788888
1.4.0,core/src/main/java/org/apache/calcite/sql/parser/SqlParser.java,0,1,0.5633907654331642
1.4.0,core/src/main/java/org/apache/calcite/sql/parser/SqlParserUtil.java,0,1,0.8318398446138814
1.4.0,core/src/main/java/org/apache/calcite/sql/pretty/SqlPrettyWriter.java,0,0,0.19490843355535337
1.4.0,core/src/main/java/org/apache/calcite/sql/type/IntervalSqlType.java,0,1,0.5844003977677158
1.4.0,avatica/src/main/java/org/apache/calcite/avatica/AvaticaResultSetMetaData.java,0,0,0.457624475526166
1.4.0,avatica/src/main/java/org/apache/calcite/avatica/BuiltInConnectionProperty.java,0,0,0.10749371692426583
1.4.0,avatica/src/main/java/org/apache/calcite/avatica/ConnectionConfig.java,0,0,0.1846816745600332
1.4.0,avatica/src/main/java/org/apache/calcite/avatica/ConnectionProperty.java,0,0,0.1846816745600332
1.4.0,avatica/src/main/java/org/apache/calcite/avatica/InternalProperty.java,0,0,0.23610787451959936
1.4.0,avatica/src/main/java/org/apache/calcite/avatica/remote/AvaticaRemoteConnectionConfigImpl.java,0,0,0.1846816745600332
1.4.0,avatica/src/main/java/org/apache/calcite/avatica/remote/AvaticaRemoteConnectionProperty.java,0,0,0.10749371692426583
1.4.0,avatica/src/main/java/org/apache/calcite/avatica/remote/Driver.java,0,0,0.31629585944453775
1.4.0,avatica/src/main/java/org/apache/calcite/avatica/remote/Handler.java,0,0,0.1846816745600332
1.4.0,avatica/src/main/java/org/apache/calcite/avatica/util/ArrayImpl.java,0,0,0.20815391287614732
1.4.0,avatica/src/main/java/org/apache/calcite/avatica/util/ArrayIteratorCursor.java,0,0,0.1846816745600332
1.4.0,avatica/src/main/java/org/apache/calcite/avatica/util/Casing.java,0,0,0.1846816745600332
1.4.0,avatica/src/main/java/org/apache/calcite/avatica/util/Cursor.java,0,0,0.1475433228997714
1.4.0,avatica/src/main/java/org/apache/calcite/avatica/util/IteratorCursor.java,0,0,0.13920829716925925
1.4.0,avatica/src/main/java/org/apache/calcite/avatica/util/ListIteratorCursor.java,0,0,0.1846816745600332
1.4.0,avatica/src/main/java/org/apache/calcite/avatica/util/MapIteratorCursor.java,0,0,0.1846816745600332
1.4.0,avatica/src/main/java/org/apache/calcite/avatica/util/PositionedCursor.java,0,0,0.21690916529459578
1.4.0,avatica/src/main/java/org/apache/calcite/avatica/util/Quoting.java,0,0,0.1846816745600332
1.4.0,avatica/src/main/java/org/apache/calcite/avatica/util/RecordIteratorCursor.java,0,0,0.1846816745600332
1.4.0,avatica/src/main/java/org/apache/calcite/avatica/util/Spacer.java,0,0,0.1846816745600332
1.4.0,avatica/src/main/java/org/apache/calcite/avatica/util/Spaces.java,0,0,0.10768596958728857
1.4.0,avatica/src/main/java/org/apache/calcite/avatica/util/TimeUnit.java,0,0,0.1846816745600332
1.4.0,avatica/src/main/java/org/apache/calcite/avatica/util/TimeUnitRange.java,0,0,0.08598524212358637
1.4.0,splunk/src/main/java/org/apache/calcite/adapter/splunk/SplunkQuery.java,0,0,0.1846816745600332
1.4.0,linq4j/src/main/java/org/apache/calcite/linq4j/AbstractEnumerable2.java,0,0,0.18658676401269184
1.4.0,core/src/main/java/org/apache/calcite/jdbc/CalciteResultSet.java,0,1,0.664024376277963
1.4.0,avatica/src/main/java/org/apache/calcite/avatica/AvaticaFactory.java,0,0,0.46205898446901766
1.4.0,core/src/main/java/org/apache/calcite/rex/RexCallBinding.java,1,1,0.692864120085667
1.4.0,core/src/main/java/org/apache/calcite/runtime/SqlFunctions.java,1,1,0.5578045179756046
1.4.0,core/src/main/java/org/apache/calcite/sql2rel/StandardConvertletTable.java,1,1,0.6812408033002894
1.4.0,core/src/main/java/org/apache/calcite/rel/BiRel.java,0,0,0.38355267473352156
1.4.0,core/src/main/java/org/apache/calcite/sql2rel/DeduplicateCorrelateVariables.java,0,0,0.498193872906578
1.4.0,core/src/main/java/org/apache/calcite/rel/metadata/CachingRelMetadataProvider.java,0,1,0.6882017947538172
1.4.0,avatica/src/main/java/org/apache/calcite/avatica/AvaticaDatabaseMetaData.java,0,0,0.3548677043567214
1.4.0,avatica/src/main/java/org/apache/calcite/avatica/SqlType.java,0,0,0.3879880779317474
1.4.0,avatica/src/main/java/org/apache/calcite/avatica/AvaticaSite.java,0,0,0.2541757889215014
1.4.0,linq4j/src/main/java/org/apache/calcite/linq4j/CorrelateJoinType.java,0,0,0.18658676401269184
1.4.0,avatica/src/main/java/org/apache/calcite/avatica/util/AbstractCursor.java,1,1,0.8418925826191894
1.4.0,core/src/main/java/org/apache/calcite/sql/SqlDataTypeSpec.java,0,0,0.38745423623856495
1.4.0,core/src/main/java/org/apache/calcite/adapter/enumerable/AggImplementor.java,0,0,0.1846816745600332
1.4.0,core/src/main/java/org/apache/calcite/adapter/enumerable/EnumerableCorrelate.java,0,0,0.457931247529611
1.4.0,core/src/main/java/org/apache/calcite/adapter/enumerable/EnumerableRelImplementor.java,1,1,0.5784478206348149
1.4.0,core/src/main/java/org/apache/calcite/adapter/enumerable/impl/WinAggAddContextImpl.java,0,0,0.18658676401269184
1.4.0,linq4j/src/main/java/org/apache/calcite/linq4j/EnumerableQueryable.java,0,0,0.2027954004751912
1.4.0,linq4j/src/main/java/org/apache/calcite/linq4j/QueryableDefaults.java,0,0,0.29476898562922105
1.4.0,avatica/src/main/java/org/apache/calcite/avatica/remote/JsonService.java,0,1,0.9660054600643901
1.4.0,core/src/main/java/org/apache/calcite/rel/rules/JoinUnionTransposeRule.java,0,0,0.40158996021502485
1.4.0,avatica/src/main/java/org/apache/calcite/avatica/remote/LocalService.java,0,1,0.9898599384642731
1.4.0,avatica/src/main/java/org/apache/calcite/avatica/remote/RemoteMeta.java,0,1,0.9923373836536293
1.4.0,avatica/src/main/java/org/apache/calcite/avatica/remote/Service.java,0,1,0.988007474053263
1.4.0,core/src/main/java/org/apache/calcite/prepare/CalciteMaterializer.java,0,1,0.7519172690121846
1.4.0,avatica/src/main/java/org/apache/calcite/avatica/DriverVersion.java,0,1,0.510530519508405
1.4.0,avatica/src/main/java/org/apache/calcite/avatica/Handler.java,0,0,0.1846816745600332
1.4.0,avatica/src/main/java/org/apache/calcite/avatica/HandlerImpl.java,0,0,0.10953161604918532
1.4.0,core/src/main/java/org/apache/calcite/Demo.java,0,0,0.149833059310858
1.4.0,core/src/main/java/org/apache/calcite/schema/Function.java,0,0,0.1846816745600332
1.4.0,core/src/main/java/org/apache/calcite/schema/SemiMutableSchema.java,0,0,0.1846816745600332
1.4.0,core/src/main/java/org/apache/calcite/schema/TableMacro.java,0,0,0.1846816745600332
1.4.0,core/src/main/java/org/apache/calcite/util/CancelFlag.java,0,0,0.14386399521212498
1.4.0,core/src/main/java/org/apache/calcite/util/ClosableAllocation.java,0,0,0.1846816745600332
1.4.0,core/src/main/java/org/apache/calcite/util/ClosableAllocationOwner.java,0,0,0.1846816745600332
1.4.0,core/src/main/java/org/apache/calcite/util/ControlFlowException.java,0,0,0.18658676401269184
1.4.0,core/src/main/java/org/apache/calcite/util/Glossary.java,0,0,0.1712934922025588
1.4.0,core/src/main/java/org/apache/calcite/util/Holder.java,0,0,0.1491353862919771
1.4.0,core/src/main/java/org/apache/calcite/util/ReflectiveVisitor.java,0,0,0.1846816745600332
1.4.0,core/src/main/java/org/apache/calcite/interpreter/Node.java,0,0,0.1475433228997714
1.4.0,core/src/main/java/org/apache/calcite/interpreter/Sink.java,0,0,0.1475433228997714
1.4.0,core/src/main/java/org/apache/calcite/interpreter/Source.java,0,0,0.1846816745600332
1.4.0,core/src/main/java/org/apache/calcite/jdbc/SqlTimeoutException.java,0,0,0.1846816745600332
1.4.0,core/src/main/java/org/apache/calcite/runtime/ArrayComparator.java,0,0,0.13639702213951876
1.4.0,core/src/main/java/org/apache/calcite/runtime/Hook.java,0,0,0.36264367393749136
1.4.0,core/src/main/java/org/apache/calcite/runtime/Like.java,1,0,0.48874843097377596
1.4.0,core/src/main/java/org/apache/calcite/runtime/Typed.java,0,0,0.1846816745600332
1.4.0,core/src/main/java/org/apache/calcite/runtime/Unit.java,0,0,0.08036326734564297
1.4.0,core/src/main/java/org/apache/calcite/runtime/Utilities.java,0,0,0.3312365842658824
1.4.0,core/src/main/java/org/apache/calcite/tools/RelConversionException.java,0,0,0.1846816745600332
1.4.0,core/src/main/java/org/apache/calcite/tools/ValidationException.java,0,0,0.19592416247645505
1.4.0,core/src/main/java/org/apache/calcite/plan/CommonRelSubExprRule.java,0,0,0.1846816745600332
1.4.0,core/src/main/java/org/apache/calcite/plan/RelOptConnection.java,0,0,0.1846816745600332
1.4.0,core/src/main/java/org/apache/calcite/plan/RelOptCost.java,0,0,0.09161160742939285
1.4.0,core/src/main/java/org/apache/calcite/plan/RelOptCostFactory.java,0,0,0.1846816745600332
1.4.0,core/src/main/java/org/apache/calcite/plan/RelOptRuleOperandChildPolicy.java,0,0,0.18658676401269184
1.4.0,core/src/main/java/org/apache/calcite/plan/RelOptRuleOperandChildren.java,0,0,0.2681971645409678
1.4.0,core/src/main/java/org/apache/calcite/plan/RelOptSamplingParameters.java,0,0,0.1491353862919771
1.4.0,core/src/main/java/org/apache/calcite/plan/RelOptSchemaWithSampling.java,0,0,0.1712934922025588
1.4.0,core/src/main/java/org/apache/calcite/rel/InvalidRelException.java,0,0,0.20922153593392676
1.4.0,core/src/main/java/org/apache/calcite/rel/RelVisitor.java,0,0,0.11722454667679715
1.4.0,core/src/main/java/org/apache/calcite/rex/RexAction.java,0,0,0.1712934922025588
1.4.0,core/src/main/java/org/apache/calcite/rex/RexPattern.java,0,0,0.1846816745600332
1.4.0,core/src/main/java/org/apache/calcite/rex/RexSqlConvertletTable.java,0,0,0.1846816745600332
1.4.0,core/src/main/java/org/apache/calcite/sql/SqlAccessEnum.java,0,0,0.18658676401269184
1.4.0,core/src/main/java/org/apache/calcite/sql/SqlNullSemantics.java,0,0,0.1846816745600332
1.4.0,core/src/main/java/org/apache/calcite/sql/SqlOperandCountRange.java,0,0,0.1846816745600332
1.4.0,core/src/main/java/org/apache/calcite/sql/SqlValuesOperator.java,0,0,0.498193872906578
1.4.0,core/src/main/java/org/apache/calcite/util/graph/BreadthFirstIterator.java,0,0,0.4264574549414653
1.4.0,core/src/main/java/org/apache/calcite/util/graph/DirectedGraph.java,0,0,0.1846816745600332
1.4.0,core/src/main/java/org/apache/calcite/util/mapping/AbstractSourceMapping.java,0,0,0.19774408608127267
1.4.0,core/src/main/java/org/apache/calcite/util/mapping/AbstractTargetMapping.java,0,0,0.1613730817352469
1.4.0,core/src/main/java/org/apache/calcite/util/mapping/IntPair.java,0,0,0.2203512591885107
1.4.0,core/src/main/java/org/apache/calcite/util/mapping/MappingType.java,0,0,0.27324814684779336
1.4.0,core/src/main/java/org/apache/calcite/util/javac/JavaCompiler.java,0,0,0.1846816745600332
1.4.0,core/src/main/java/org/apache/calcite/adapter/enumerable/WinAggContext.java,0,0,0.1846816745600332
1.4.0,core/src/main/java/org/apache/calcite/adapter/enumerable/WinAggImplementor.java,0,0,0.18658676401269184
1.4.0,core/src/main/java/org/apache/calcite/plan/hep/HepMatchOrder.java,0,0,0.18658676401269184
1.4.0,core/src/main/java/org/apache/calcite/plan/volcano/VolcanoPlannerPhase.java,0,0,0.18658676401269184
1.4.0,core/src/main/java/org/apache/calcite/rel/core/JoinRelType.java,0,0,0.41740208069863005
1.4.0,core/src/main/java/org/apache/calcite/rel/metadata/RelColumnMapping.java,0,0,0.1712934922025588
1.4.0,core/src/main/java/org/apache/calcite/rel/type/RelDataTypeFamily.java,0,0,0.1846816745600332
1.4.0,core/src/main/java/org/apache/calcite/rel/type/RelDataTypeField.java,0,0,0.1846816745600332
1.4.0,core/src/main/java/org/apache/calcite/rel/type/RelDataTypePrecedenceList.java,0,0,0.1846816745600332
1.4.0,core/src/main/java/org/apache/calcite/sql/pretty/SqlFormatOptions.java,0,0,0.1475433228997714
1.4.0,core/src/main/java/org/apache/calcite/sql/type/ExtraSqlTypes.java,0,0,0.1712934922025588
1.4.0,core/src/main/java/org/apache/calcite/sql/validate/SqlConformance.java,0,0,0.29571576985034687
1.4.0,core/src/main/java/org/apache/calcite/sql/validate/SqlMonotonicity.java,0,0,0.2925478602104015
1.4.0,splunk/src/main/java/org/apache/calcite/adapter/splunk/search/SearchResultListener.java,0,0,0.1712934922025588
1.4.0,splunk/src/main/java/org/apache/calcite/adapter/splunk/util/StringUtils.java,0,0,0.061216518403541025
1.4.0,linq4j/src/main/java/org/apache/calcite/linq4j/AbstractEnumerable.java,0,0,0.18658676401269184
1.4.0,linq4j/src/main/java/org/apache/calcite/linq4j/AbstractQueryable.java,0,0,0.17308979501128613
1.4.0,linq4j/src/main/java/org/apache/calcite/linq4j/Enumerable.java,0,0,0.1846816745600332
1.4.0,linq4j/src/main/java/org/apache/calcite/linq4j/Enumerator.java,0,0,0.1846816745600332
1.4.0,linq4j/src/main/java/org/apache/calcite/linq4j/Grouping.java,0,0,0.1846816745600332
1.4.0,linq4j/src/main/java/org/apache/calcite/linq4j/OpType.java,0,0,0.1846816745600332
1.4.0,linq4j/src/main/java/org/apache/calcite/linq4j/OrderedEnumerable.java,0,0,0.1846816745600332
1.4.0,linq4j/src/main/java/org/apache/calcite/linq4j/OrderedQueryable.java,0,0,0.1846816745600332
1.4.0,linq4j/src/main/java/org/apache/calcite/linq4j/Queryable.java,0,0,0.1846816745600332
1.4.0,linq4j/src/main/java/org/apache/calcite/linq4j/RawEnumerable.java,0,0,0.1846816745600332
1.4.0,linq4j/src/main/java/org/apache/calcite/linq4j/function/BigDecimalFunction1.java,0,0,0.1475433228997714
1.4.0,linq4j/src/main/java/org/apache/calcite/linq4j/function/Deterministic.java,0,0,0.1846816745600332
1.4.0,linq4j/src/main/java/org/apache/calcite/linq4j/function/DoubleFunction1.java,0,0,0.1475433228997714
1.4.0,linq4j/src/main/java/org/apache/calcite/linq4j/function/EqualityComparer.java,0,0,0.1846816745600332
1.4.0,linq4j/src/main/java/org/apache/calcite/linq4j/function/FloatFunction1.java,0,0,0.1475433228997714
1.4.0,linq4j/src/main/java/org/apache/calcite/linq4j/function/Function.java,0,0,0.1846816745600332
1.4.0,linq4j/src/main/java/org/apache/calcite/linq4j/function/Function0.java,0,0,0.1846816745600332
1.4.0,linq4j/src/main/java/org/apache/calcite/linq4j/function/Function1.java,0,0,0.1491353862919771
1.4.0,linq4j/src/main/java/org/apache/calcite/linq4j/function/Function2.java,0,0,0.1475433228997714
1.4.0,linq4j/src/main/java/org/apache/calcite/linq4j/function/IntegerFunction1.java,0,0,0.1475433228997714
1.4.0,linq4j/src/main/java/org/apache/calcite/linq4j/function/LongFunction1.java,0,0,0.1475433228997714
1.4.0,linq4j/src/main/java/org/apache/calcite/linq4j/function/NonDeterministic.java,0,0,0.1846816745600332
1.4.0,linq4j/src/main/java/org/apache/calcite/linq4j/function/NullableBigDecimalFunction1.java,0,0,0.1475433228997714
1.4.0,linq4j/src/main/java/org/apache/calcite/linq4j/function/NullableDoubleFunction1.java,0,0,0.1475433228997714
1.4.0,linq4j/src/main/java/org/apache/calcite/linq4j/function/NullableFloatFunction1.java,0,0,0.1475433228997714
1.4.0,linq4j/src/main/java/org/apache/calcite/linq4j/function/NullableIntegerFunction1.java,0,0,0.1475433228997714
1.4.0,linq4j/src/main/java/org/apache/calcite/linq4j/function/NullableLongFunction1.java,0,0,0.1475433228997714
1.4.0,linq4j/src/main/java/org/apache/calcite/linq4j/function/Predicate1.java,0,0,0.1491353862919771
1.4.0,linq4j/src/main/java/org/apache/calcite/linq4j/function/Predicate2.java,0,0,0.1302518231168472
1.4.0,linq4j/src/main/java/org/apache/calcite/linq4j/tree/CallSiteBinder.java,0,0,0.1846816745600332
1.4.0,linq4j/src/main/java/org/apache/calcite/linq4j/tree/ElementInit.java,0,0,0.1846816745600332
1.4.0,linq4j/src/main/java/org/apache/calcite/linq4j/tree/Evaluator.java,0,0,0.4995182903952336
1.4.0,linq4j/src/main/java/org/apache/calcite/linq4j/tree/ExpressionType.java,0,0,0.498193872906578
1.4.0,linq4j/src/main/java/org/apache/calcite/linq4j/tree/GotoExpressionKind.java,0,0,0.18658676401269184
1.4.0,linq4j/src/main/java/org/apache/calcite/linq4j/tree/MemberAssignment.java,0,0,0.1846816745600332
1.4.0,linq4j/src/main/java/org/apache/calcite/linq4j/tree/MemberBinding.java,0,0,0.1846816745600332
1.4.0,linq4j/src/main/java/org/apache/calcite/linq4j/tree/MemberDeclaration.java,0,0,0.18658676401269184
1.4.0,linq4j/src/main/java/org/apache/calcite/linq4j/tree/MemberListBinding.java,0,0,0.1846816745600332
1.4.0,linq4j/src/main/java/org/apache/calcite/linq4j/tree/MemberMemberBinding.java,0,0,0.1846816745600332
1.4.0,linq4j/src/main/java/org/apache/calcite/linq4j/tree/Node.java,0,0,0.1475433228997714
1.4.0,linq4j/src/main/java/org/apache/calcite/linq4j/tree/PseudoField.java,0,0,0.1846816745600332
1.4.0,linq4j/src/main/java/org/apache/calcite/linq4j/tree/SwitchCase.java,0,0,0.1846816745600332
1.4.0,core/src/main/java/org/apache/calcite/rel/logical/LogicalAggregate.java,0,1,0.5602364016403981
1.4.0,core/src/main/java/org/apache/calcite/util/ImmutableIntList.java,0,0,0.44744778294684173
1.4.0,core/src/main/java/org/apache/calcite/rel/rules/AggregateExpandDistinctAggregatesRule.java,1,1,0.8697116752132292
1.4.0,core/src/main/java/org/apache/calcite/sql/type/ReturnTypes.java,0,1,0.6266325155759498
1.4.0,core/src/main/java/org/apache/calcite/config/Lex.java,0,0,0.341683461141897
1.4.0,core/src/main/java/org/apache/calcite/sql/fun/SqlItemOperator.java,0,0,0.4085082313912699
1.4.0,core/src/main/java/org/apache/calcite/sql/SqlInsert.java,0,0,0.42957974064512716
1.4.0,core/src/main/java/org/apache/calcite/sql/SqlInsertKeyword.java,0,0,0.18658676401269184
1.4.0,core/src/main/java/org/apache/calcite/jdbc/CalciteMetaImpl.java,0,1,0.9941927272247171
1.4.0,avatica/src/main/java/org/apache/calcite/avatica/MetaImpl.java,1,1,0.9742673578801604
1.4.0,avatica-server/src/main/java/org/apache/calcite/avatica/server/AvaticaHandler.java,0,1,0.8575424894968519
1.4.0,avatica/src/main/java/org/apache/calcite/avatica/remote/RemoteService.java,0,0,0.2377733245383808
1.4.0,spark/src/main/java/org/apache/calcite/adapter/spark/HttpServer.java,0,0,0.2962943128454363
1.4.0,core/src/main/java/org/apache/calcite/rel/metadata/RelMdDistribution.java,0,0,0.1927046834595053
1.4.0,core/src/main/java/org/apache/calcite/util/BitSets.java,0,1,0.5248506200859306
1.4.0,core/src/main/java/org/apache/calcite/util/ImmutableBitSet.java,0,1,0.9190756314684566
1.4.0,core/src/main/java/org/apache/calcite/util/mapping/Mappings.java,0,1,0.5837864995556898
1.4.0,core/src/main/java/org/apache/calcite/rel/rules/ProjectRemoveRule.java,0,0,0.4087968616533694
1.4.0,core/src/main/java/org/apache/calcite/sql/SqlInfixOperator.java,0,0,0.3636460820441165
1.4.0,core/src/main/java/org/apache/calcite/sql/SqlInternalOperator.java,0,0,0.18253802900186764
1.4.0,core/src/main/java/org/apache/calcite/sql/SqlSpecialOperator.java,0,0,0.20740571911763434
1.4.0,core/src/main/java/org/apache/calcite/sql/SqlUpdate.java,1,0,0.4009352359346924
1.4.0,core/src/main/java/org/apache/calcite/sql/SqlUtil.java,0,1,0.5589660157878578
1.4.0,core/src/main/java/org/apache/calcite/sql/SqlWith.java,0,1,0.5076130243244176
1.4.0,core/src/main/java/org/apache/calcite/sql/SqlWithItem.java,0,0,0.3190649703607721
1.4.0,core/src/main/java/org/apache/calcite/sql/fun/SqlExtendOperator.java,0,1,0.5320034951031211
1.4.0,core/src/main/java/org/apache/calcite/sql/fun/SqlRollupOperator.java,0,1,0.5062780548716941
1.4.0,core/src/main/java/org/apache/calcite/plan/SubstitutionVisitor.java,1,1,0.931474314543229
1.4.0,core/src/main/java/org/apache/calcite/sql/SqlAggFunction.java,1,0,0.4526122362346749
1.4.0,core/src/main/java/org/apache/calcite/sql/SqlSplittableAggFunction.java,1,0,0.27146825884387316
1.4.0,core/src/main/java/org/apache/calcite/rel/core/AggregateCall.java,0,1,0.7490042409871306
1.4.0,core/src/main/java/org/apache/calcite/rel/metadata/RelMdColumnUniqueness.java,1,0,0.49552424335258555
1.4.0,core/src/main/java/org/apache/calcite/rel/rules/AggregateReduceFunctionsRule.java,0,1,0.5213897009429364
1.4.0,core/src/main/java/org/apache/calcite/sql/fun/SqlCountAggFunction.java,1,0,0.33538497160310043
1.4.0,core/src/main/java/org/apache/calcite/sql/fun/SqlMinMaxAggFunction.java,1,0,0.201114013840488
1.4.0,core/src/main/java/org/apache/calcite/sql/fun/SqlSumAggFunction.java,1,0,0.2663888344288904
1.4.0,core/src/main/java/org/apache/calcite/sql/fun/SqlSumEmptyIsZeroAggFunction.java,1,0,0.2670671697924129
1.4.0,core/src/main/java/org/apache/calcite/rel/rules/FilterAggregateTransposeRule.java,0,1,0.6340834418755307
1.4.0,core/src/main/java/org/apache/calcite/jdbc/CalcitePrepare.java,0,1,0.7568748107887073
1.4.0,core/src/main/java/org/apache/calcite/rex/RexCopier.java,0,0,0.25135691005381317
1.4.0,core/src/main/java/org/apache/calcite/schema/ModifiableTable.java,0,0,0.3221661199951839
1.4.0,core/src/main/java/org/apache/calcite/schema/ModifiableView.java,0,0,0.21714152126689498
1.4.0,core/src/main/java/org/apache/calcite/adapter/enumerable/RexToLixTranslator.java,0,1,0.9794868145816018
1.4.0,core/src/main/java/org/apache/calcite/schema/impl/ViewTable.java,0,1,0.6477906982119545
1.4.0,linq4j/src/main/java/org/apache/calcite/linq4j/tree/ConstantExpression.java,0,1,0.8594838878654887
1.4.0,linq4j/src/main/java/org/apache/calcite/linq4j/tree/Expressions.java,0,1,0.6183117007047155
1.4.0,mongodb/src/main/java/org/apache/calcite/adapter/mongodb/MongoFilter.java,0,0,0.307704332053695
1.4.0,core/src/main/java/org/apache/calcite/tools/RelBuilder.java,1,0,0.42928962575751656
1.4.0,core/src/main/java/org/apache/calcite/sql/SqlTimeLiteral.java,0,1,0.6126424897900208
1.4.0,core/src/main/java/org/apache/calcite/sql/SqlTimestampLiteral.java,0,1,0.5842023766250565
1.4.0,core/src/main/java/org/apache/calcite/sql/fun/SqlBetweenOperator.java,1,1,0.7669147641796854
1.4.0,core/src/main/java/org/apache/calcite/sql/type/AssignableOperandTypeChecker.java,0,0,0.39326065258673176
1.4.0,core/src/main/java/org/apache/calcite/sql/type/ComparableOperandTypeChecker.java,0,0,0.43377386369947596
1.4.0,core/src/main/java/org/apache/calcite/sql/type/CompositeOperandTypeChecker.java,1,1,0.6052136418400462
1.4.0,core/src/main/java/org/apache/calcite/sql/type/FamilyOperandTypeChecker.java,0,1,0.5630722180769369
1.4.0,core/src/main/java/org/apache/calcite/sql/type/LiteralOperandTypeChecker.java,0,1,0.5042818424270947
1.4.0,core/src/main/java/org/apache/calcite/sql/type/MultisetOperandTypeChecker.java,0,0,0.39299639485372206
1.4.0,core/src/main/java/org/apache/calcite/sql/type/OperandTypes.java,0,0,0.4376787016233142
1.4.0,core/src/main/java/org/apache/calcite/sql/type/SameOperandTypeChecker.java,0,1,0.6031081958906621
1.4.0,core/src/main/java/org/apache/calcite/sql/type/SetopOperandTypeChecker.java,0,1,0.5002875000023195
1.4.0,core/src/main/java/org/apache/calcite/sql/type/SqlOperandTypeChecker.java,0,0,0.2289509614649912
1.4.0,core/src/main/java/org/apache/calcite/sql/type/SqlTypeUtil.java,1,1,0.7529778884698872
1.4.0,core/src/main/java/org/apache/calcite/jdbc/Driver.java,0,0,0.3452409051539503
1.4.0,core/src/main/java/org/apache/calcite/util/Compatible.java,0,0,0.3107444209892942
1.4.0,avatica/src/main/java/org/apache/calcite/avatica/UnregisteredDriver.java,0,1,0.8266577246316423
1.4.0,core/src/main/java/org/apache/calcite/prepare/CalcitePrepareImpl.java,1,1,0.9963581959008492
1.4.0,core/src/main/java/org/apache/calcite/rel/rules/FilterJoinRule.java,0,1,0.6962272975285063
1.4.0,core/src/main/java/org/apache/calcite/rel/rules/JoinPushExpressionsRule.java,0,0,0.3567879579419434
1.4.0,core/src/main/java/org/apache/calcite/adapter/jdbc/JdbcSchema.java,1,1,0.5186027202839294
1.4.0,core/src/main/java/org/apache/calcite/sql/SqlNode.java,0,1,0.612758442681083
1.4.0,core/src/main/java/org/apache/calcite/adapter/enumerable/PhysTypeImpl.java,1,1,0.8343130843734374
1.4.0,core/src/main/java/org/apache/calcite/sql/validate/SelectNamespace.java,0,0,0.3363776835807377
1.4.0,core/src/main/java/org/apache/calcite/sql/validate/SqlValidatorImpl.java,1,1,0.993613352799562
1.4.0,core/src/main/java/org/apache/calcite/sql/validate/SqlValidatorUtil.java,0,1,0.9564186320244856
1.4.0,core/src/main/java/org/apache/calcite/adapter/enumerable/EnumerableSemiJoin.java,0,0,0.42266288189425755
1.4.0,core/src/main/java/org/apache/calcite/adapter/enumerable/EnumerableSemiJoinRule.java,0,1,0.5463931861826639
1.4.0,core/src/main/java/org/apache/calcite/rel/core/SemiJoin.java,0,0,0.4442895578418739
1.4.0,mongodb/src/main/java/org/apache/calcite/adapter/mongodb/MongoProject.java,0,0,0.1846816745600332
1.4.0,spark/src/main/java/org/apache/calcite/adapter/spark/SparkRules.java,0,0,0.21668372678439188
1.4.0,core/src/main/java/org/apache/calcite/rel/rules/JoinAddRedundantSemiJoinRule.java,0,0,0.41655368836233897
1.4.0,core/src/main/java/org/apache/calcite/rel/rules/LoptSemiJoinOptimizer.java,0,0,0.4042690961125715
1.4.0,core/src/main/java/org/apache/calcite/rel/rules/SemiJoinFilterTransposeRule.java,0,0,0.20313714864847954
1.4.0,core/src/main/java/org/apache/calcite/rel/rules/SemiJoinJoinTransposeRule.java,0,1,0.5305764341124259
1.4.0,core/src/main/java/org/apache/calcite/rel/rules/SemiJoinProjectTransposeRule.java,0,1,0.5325241262838989
1.4.0,core/src/main/java/org/apache/calcite/rel/metadata/RelMdSize.java,0,1,0.6737998055571953
1.4.0,core/src/main/java/org/apache/calcite/sql/validate/AggChecker.java,0,1,0.8396814012729189
1.4.0,core/src/main/java/org/apache/calcite/jdbc/JavaTypeFactoryImpl.java,1,1,0.8161425196817147
1.4.0,core/src/main/java/org/apache/calcite/sql/SqlUnresolvedFunction.java,0,0,0.18068343715960378
1.4.0,core/src/main/java/org/apache/calcite/sql/fun/SqlFirstLastValueAggFunction.java,1,0,0.39327316694715014
1.4.0,core/src/main/java/org/apache/calcite/model/JsonColumn.java,0,0,0.35233240367292057
1.4.0,core/src/main/java/org/apache/calcite/model/JsonCustomSchema.java,0,0,0.3354566342201577
1.4.0,core/src/main/java/org/apache/calcite/model/JsonCustomTable.java,0,0,0.34415467680180273
1.4.0,core/src/main/java/org/apache/calcite/model/JsonFunction.java,0,0,0.3288339490854955
1.4.0,core/src/main/java/org/apache/calcite/model/JsonJdbcSchema.java,0,0,0.385925352843252
1.4.0,core/src/main/java/org/apache/calcite/prepare/RelOptTableImpl.java,0,1,0.6700410208167231
1.4.0,core/src/main/java/org/apache/calcite/model/JsonLattice.java,0,1,0.844969070243074
1.4.0,core/src/main/java/org/apache/calcite/model/JsonMapSchema.java,0,1,0.7074383113462803
1.4.0,core/src/main/java/org/apache/calcite/model/JsonMaterialization.java,0,0,0.33667006685726775
1.4.0,core/src/main/java/org/apache/calcite/model/JsonMeasure.java,0,0,0.2869168283303198
1.4.0,core/src/main/java/org/apache/calcite/model/JsonRoot.java,0,1,0.6020163205666238
1.4.0,core/src/main/java/org/apache/calcite/model/JsonSchema.java,0,1,0.6988615581710124
1.4.0,core/src/main/java/org/apache/calcite/model/JsonStream.java,0,0,0.3123102837171965
1.4.0,core/src/main/java/org/apache/calcite/model/JsonTable.java,0,0,0.47570050990217205
1.4.0,core/src/main/java/org/apache/calcite/model/JsonTile.java,0,0,0.2922544290126514
1.4.0,core/src/main/java/org/apache/calcite/model/JsonView.java,0,0,0.48419892621165206
1.4.0,core/src/main/java/org/apache/calcite/rel/RelFieldCollation.java,0,0,0.31523510592280035
1.4.0,core/src/main/java/org/apache/calcite/adapter/enumerable/EnumerableProjectRule.java,0,0,0.4652023667250767
1.4.0,core/src/main/java/org/apache/calcite/rel/rules/AggregateUnionAggregateRule.java,0,0,0.42133412066597714
1.4.0,core/src/main/java/org/apache/calcite/rel/rules/AggregateUnionTransposeRule.java,1,0,0.47997419694864074
1.4.0,core/src/main/java/org/apache/calcite/rel/rules/UnionEliminatorRule.java,0,0,0.1712934922025588
1.4.0,core/src/main/java/org/apache/calcite/rel/rules/UnionMergeRule.java,0,0,0.1846816745600332
1.4.0,core/src/main/java/org/apache/calcite/rel/rules/UnionToDistinctRule.java,0,0,0.498193872906578
1.4.0,core/src/main/java/org/apache/calcite/rel/metadata/RelMdCollation.java,1,1,0.5535044751280376
1.4.0,core/src/main/java/org/apache/calcite/rel/rules/AggregateRemoveRule.java,0,0,0.40352559360642126
1.4.0,mongodb/src/main/java/org/apache/calcite/adapter/mongodb/MongoRules.java,0,0,0.23718092007041325
1.4.0,core/src/main/java/org/apache/calcite/interpreter/TableScanNode.java,0,1,0.772806341720731
1.4.0,core/src/main/java/org/apache/calcite/interpreter/AggregateNode.java,1,1,0.7604866604466767
1.4.0,core/src/main/java/org/apache/calcite/interpreter/Bindables.java,0,0,0.2857508605339011
1.4.0,core/src/main/java/org/apache/calcite/interpreter/Interpreter.java,0,0,0.47498515288865095
1.4.0,core/src/main/java/org/apache/calcite/interpreter/JaninoRexCompiler.java,0,1,0.5815886604041072
1.4.0,core/src/main/java/org/apache/calcite/interpreter/JoinNode.java,0,0,0.26573103041317003
1.4.0,core/src/main/java/org/apache/calcite/interpreter/Nodes.java,0,0,0.18954499976271114
1.4.0,core/src/main/java/org/apache/calcite/interpreter/ProjectNode.java,0,1,0.613329557186166
1.4.0,core/src/main/java/org/apache/calcite/interpreter/ValuesNode.java,0,0,0.498193872906578
1.4.0,core/src/main/java/org/apache/calcite/sql/SqlFilterOperator.java,0,1,0.504498118387677
1.4.0,core/src/main/java/org/apache/calcite/sql/SqlOverOperator.java,0,1,0.5603464715818437
1.4.0,core/src/main/java/org/apache/calcite/util/Bug.java,0,0,0.2863972385515937
1.4.0,core/src/main/java/org/apache/calcite/adapter/enumerable/AggAddContext.java,0,0,0.24296339797761976
1.4.0,core/src/main/java/org/apache/calcite/adapter/enumerable/EnumerableAggregate.java,1,1,0.7274466482057356
1.4.0,core/src/main/java/org/apache/calcite/adapter/enumerable/EnumerableWindow.java,0,1,0.7459870692532631
1.4.0,core/src/main/java/org/apache/calcite/adapter/enumerable/StrictAggImplementor.java,0,1,0.5689925287677
1.4.0,core/src/main/java/org/apache/calcite/tools/Programs.java,0,1,0.5388308573803928
1.4.0,core/src/main/java/org/apache/calcite/rel/core/Window.java,0,1,0.5190972159404315
1.4.0,core/src/main/java/org/apache/calcite/rel/externalize/RelJsonReader.java,1,1,0.7713167533865106
1.4.0,core/src/main/java/org/apache/calcite/rel/rules/AggregateFilterTransposeRule.java,0,1,0.5217009329934953
1.4.0,core/src/main/java/org/apache/calcite/rel/rules/AggregateProjectMergeRule.java,0,1,0.5568333159569838
1.4.0,core/src/main/java/org/apache/calcite/rel/rules/AggregateProjectPullUpConstantsRule.java,0,1,0.7930475218845116
1.4.0,core/src/main/java/org/apache/calcite/adapter/enumerable/EnumerableInterpreter.java,0,0,0.45297080944713486
1.4.0,core/src/main/java/org/apache/calcite/adapter/enumerable/EnumerableInterpreterRule.java,0,0,0.17308979501128613
1.4.0,core/src/main/java/org/apache/calcite/adapter/enumerable/EnumerableProject.java,0,0,0.3190611026592347
1.4.0,core/src/main/java/org/apache/calcite/adapter/enumerable/EnumerableRel.java,0,0,0.2453833213361348
1.4.0,core/src/main/java/org/apache/calcite/adapter/enumerable/EnumerableRules.java,0,0,0.16037664890856607
1.4.0,core/src/main/java/org/apache/calcite/adapter/enumerable/EnumerableTableScanRule.java,0,0,0.498193872906578
1.4.0,core/src/main/java/org/apache/calcite/rel/core/TableScan.java,0,0,0.33976926603255453
1.4.0,core/src/main/java/org/apache/calcite/rel/logical/LogicalTableScan.java,0,0,0.4740871910344413
1.4.0,core/src/main/java/org/apache/calcite/rel/logical/LogicalWindow.java,1,0,0.478489994087947
1.4.0,core/src/main/java/org/apache/calcite/rel/rules/CalcSplitRule.java,0,0,0.15140092732683486
1.4.0,core/src/main/java/org/apache/calcite/rel/rules/FilterTableScanRule.java,0,0,0.4303456497850836
1.4.0,core/src/main/java/org/apache/calcite/rel/rules/ProjectTableScanRule.java,0,0,0.4082392914741124
1.4.0,core/src/main/java/org/apache/calcite/sql/fun/SqlQuarterFunction.java,0,0,0.22860899005518265
1.4.0,core/src/main/java/org/apache/calcite/rel/metadata/ReflectiveRelMetadataProvider.java,1,1,0.701462494724983
1.4.0,avatica/src/main/java/org/apache/calcite/avatica/util/ByteString.java,0,1,0.5114376465168091
1.4.0,core/src/main/java/org/apache/calcite/rex/RexCall.java,0,1,0.750431406021763
1.4.0,core/src/main/java/org/apache/calcite/rex/RexProgramBuilder.java,0,1,0.5520174598491083
1.4.0,core/src/main/java/org/apache/calcite/rel/rules/ReduceExpressionsRule.java,1,1,0.696136997670026
1.4.0,core/src/main/java/org/apache/calcite/materialize/MaterializationService.java,0,1,0.8623777684306235
1.4.0,core/src/main/java/org/apache/calcite/model/ModelHandler.java,1,1,0.9849306157556206
1.4.0,core/src/main/java/org/apache/calcite/plan/RelOptMaterialization.java,0,1,0.5415485066374301
1.4.0,core/src/main/java/org/apache/calcite/schema/impl/MaterializedViewTable.java,0,0,0.4393532632209333
1.4.0,core/src/main/java/org/apache/calcite/sql/SqlIdentifier.java,0,0,0.4873997744976565
1.4.0,core/src/main/java/org/apache/calcite/sql/validate/DelegatingScope.java,0,1,0.5023152588607963
1.4.0,avatica/src/main/java/org/apache/calcite/avatica/Helper.java,0,0,0.354042190799528
1.4.0,core/src/main/java/org/apache/calcite/rel/rules/JoinCommuteRule.java,0,1,0.5044072757410368
1.4.0,core/src/main/java/org/apache/calcite/rel/metadata/RelMdUtil.java,0,0,0.3503227184698417
1.4.0,core/src/main/java/org/apache/calcite/rel/rules/AggregateStarTableRule.java,0,1,0.543769436072342
1.4.0,core/src/main/java/org/apache/calcite/adapter/enumerable/JavaRowFormat.java,0,0,0.4070110804170049
1.4.0,avatica/src/main/java/org/apache/calcite/avatica/util/Base64.java,0,0,0.029845249434730107
1.4.0,core/src/main/java/org/apache/calcite/sql/SqlJdbcFunctionCall.java,0,1,0.7778070610930523
1.4.0,core/src/main/java/org/apache/calcite/tools/FrameworkConfig.java,0,0,0.1846816745600332
1.4.0,core/src/main/java/org/apache/calcite/adapter/jdbc/JdbcRules.java,1,1,0.854318795209122
1.4.0,core/src/main/java/org/apache/calcite/plan/Contexts.java,0,1,0.6093519328540469
1.4.0,core/src/main/java/org/apache/calcite/plan/RelOptRuleCall.java,0,0,0.4554020429171283
1.4.0,core/src/main/java/org/apache/calcite/schema/Path.java,0,0,0.27070984926847075
1.4.0,core/src/main/java/org/apache/calcite/sql2rel/RelFieldTrimmer.java,0,1,0.9187333704920779
1.4.0,core/src/main/java/org/apache/calcite/util/Stacks.java,0,0,0.43618899589366994
1.4.0,core/src/main/java/org/apache/calcite/plan/RelOptCluster.java,0,0,0.3542721796588495
1.4.0,core/src/main/java/org/apache/calcite/plan/RelOptQuery.java,0,0,0.33651705404834054
1.4.0,core/src/main/java/org/apache/calcite/rel/RelNode.java,0,0,0.23569555985791807
1.4.0,core/src/main/java/org/apache/calcite/rel/rules/JoinToCorrelateRule.java,0,0,0.2339682590757247
1.4.0,avatica/src/main/java/org/apache/calcite/avatica/remote/JsonHandler.java,0,0,0.32883065329160904
1.4.0,avatica/src/main/java/org/apache/calcite/avatica/remote/LocalJsonService.java,0,0,0.15952830283164418
1.4.0,core/src/main/java/org/apache/calcite/rel/core/Aggregate.java,1,1,0.7145627566017686
1.4.0,core/src/main/java/org/apache/calcite/rex/RexUtil.java,1,1,0.8225761377980825
1.4.0,core/src/main/java/org/apache/calcite/sql2rel/RelDecorrelator.java,0,1,0.940627761645539
1.4.0,core/src/main/java/org/apache/calcite/rel/core/Filter.java,0,0,0.32303983184451224
1.4.0,core/src/main/java/org/apache/calcite/rel/rules/FilterCorrelateRule.java,0,0,0.4113560105155721
1.4.0,core/src/main/java/org/apache/calcite/rel/rules/FilterProjectTransposeRule.java,0,1,0.5348373831377953
1.4.0,core/src/main/java/org/apache/calcite/tools/Frameworks.java,0,1,0.581210298843019
1.4.0,core/src/main/java/org/apache/calcite/sql/SqlWindow.java,1,1,0.9755554414310902
1.4.0,core/src/main/java/org/apache/calcite/sql2rel/SqlToRelConverter.java,1,1,0.9976423670293756
1.4.0,core/src/main/java/org/apache/calcite/plan/RelOptPredicateList.java,0,0,0.356255801927712
1.4.0,core/src/main/java/org/apache/calcite/rex/RexInputRef.java,0,0,0.4313659875738001
1.4.0,core/src/main/java/org/apache/calcite/rex/RexShuttle.java,0,1,0.5265922537908324
1.4.0,core/src/main/java/org/apache/calcite/plan/volcano/VolcanoPlanner.java,1,1,0.9978202326842549
1.4.0,core/src/main/java/org/apache/calcite/adapter/enumerable/EnumerableJoin.java,0,0,0.3942887667876774
1.4.0,core/src/main/java/org/apache/calcite/adapter/enumerable/EnumerableMergeJoin.java,1,0,0.4859478708572847
1.4.0,core/src/main/java/org/apache/calcite/rel/core/EquiJoin.java,0,0,0.18658676401269184
1.4.0,core/src/main/java/org/apache/calcite/rel/rules/EquiJoin.java,0,0,0.1846816745600332
1.4.0,core/src/main/java/org/apache/calcite/rel/type/RelDataType.java,0,0,0.1846816745600332
1.4.0,core/src/main/java/org/apache/calcite/rel/type/RelDataTypeImpl.java,0,1,0.6636476876212645
1.4.0,splunk/src/main/java/org/apache/calcite/adapter/splunk/SplunkTableScan.java,0,0,0.2876635993880377
1.4.0,core/src/main/java/org/apache/calcite/plan/RelOptNode.java,0,0,0.1846816745600332
1.4.0,core/src/main/java/org/apache/calcite/plan/RelOptUtil.java,1,1,0.9592858893694879
1.4.0,core/src/main/java/org/apache/calcite/schema/SchemaFactory.java,0,0,0.1846816745600332
1.4.0,core/src/main/java/org/apache/calcite/adapter/enumerable/AggContext.java,0,0,0.1846816745600332
1.4.0,core/src/main/java/org/apache/calcite/adapter/enumerable/CallImplementor.java,0,0,0.1846816745600332
1.4.0,core/src/main/java/org/apache/calcite/adapter/enumerable/JavaRelImplementor.java,0,0,0.4586930123971907
1.4.0,core/src/main/java/org/apache/calcite/rel/core/SetOp.java,0,0,0.32694618554307625
1.4.0,core/src/main/java/org/apache/calcite/rel/type/RelDataTypeFactory.java,0,0,0.4731399407543023
1.4.0,core/src/main/java/org/apache/calcite/schema/impl/AbstractSchema.java,0,0,0.25061566728575363
