version,file,true_label,predicted,probability
1.14.0,core/src/main/java/org/apache/calcite/tools/PigRelBuilder.java,0,0,0.30495308187223436
1.14.0,core/src/main/java/org/apache/calcite/interpreter/Bindables.java,0,0,0.16782084024796592
1.14.0,core/src/main/java/org/apache/calcite/rel/rules/ProjectSortTransposeRule.java,0,0,0.09825250858748855
1.14.0,core/src/main/java/org/apache/calcite/rex/RexUtil.java,0,1,0.999981830781585
1.14.0,core/src/main/java/org/apache/calcite/util/Source.java,0,0,0.20317056020942667
1.14.0,druid/src/main/java/org/apache/calcite/adapter/druid/DruidSchemaFactory.java,0,1,0.5656308744755769
1.14.0,druid/src/main/java/org/apache/calcite/adapter/druid/QueryType.java,0,0,0.1666555401803612
1.14.0,core/src/main/java/org/apache/calcite/rel/type/RelDataTypeFactoryImpl.java,0,1,0.6179123832342706
1.14.0,file/src/main/java/org/apache/calcite/adapter/file/FileEnumerator.java,0,0,0.2243450018626034
1.14.0,file/src/main/java/org/apache/calcite/adapter/file/FileTable.java,0,0,0.04381901934704737
1.14.0,core/src/main/java/org/apache/calcite/rex/LogicVisitor.java,0,1,0.7762148499931447
1.14.0,core/src/main/java/org/apache/calcite/rex/RexBiVisitor.java,0,0,0.2127346583007402
1.14.0,core/src/main/java/org/apache/calcite/sql/validate/GroupByScope.java,0,0,0.18469912576571434
1.14.0,core/src/main/java/org/apache/calcite/rex/RexShuttle.java,0,1,0.7100444107048578
1.14.0,core/src/main/java/org/apache/calcite/sql/validate/SqlDelegatingConformance.java,0,0,0.24631691755093058
1.14.0,core/src/main/java/org/apache/calcite/rex/RexVisitor.java,0,0,0.24343882034044037
1.14.0,core/src/main/java/org/apache/calcite/rex/RexVisitorImpl.java,0,1,0.5227065405113884
1.14.0,cassandra/src/main/java/org/apache/calcite/adapter/cassandra/CassandraEnumerator.java,0,0,0.14368731118271838
1.14.0,core/src/main/java/org/apache/calcite/rel/metadata/RelMdNodeTypes.java,0,0,0.49961773723889813
1.14.0,core/src/main/java/org/apache/calcite/rel/rules/UnionMergeRule.java,0,1,0.6126860597134783
1.14.0,core/src/main/java/org/apache/calcite/adapter/enumerable/EnumerableMergeJoin.java,0,1,0.5539494601912415
1.14.0,core/src/main/java/org/apache/calcite/sql/fun/SqlOverlapsOperator.java,0,1,0.8638697211503622
1.14.0,core/src/main/java/org/apache/calcite/schema/TranslatableTable.java,0,0,0.04461999652523439
1.14.0,core/src/main/java/org/apache/calcite/rel/mutable/Holder.java,0,0,0.11359227310893376
1.14.0,core/src/main/java/org/apache/calcite/rel/mutable/MutableBiRel.java,0,0,0.4880673768233897
1.14.0,core/src/main/java/org/apache/calcite/rel/mutable/MutableCalc.java,0,0,0.15929865294442666
1.14.0,core/src/main/java/org/apache/calcite/rel/mutable/MutableCollect.java,0,0,0.17003478887865367
1.14.0,core/src/main/java/org/apache/calcite/rel/mutable/MutableCorrelate.java,0,0,0.21095198103168813
1.14.0,core/src/main/java/org/apache/calcite/rel/mutable/MutableExchange.java,0,0,0.12957582237693047
1.14.0,core/src/main/java/org/apache/calcite/rel/mutable/MutableFilter.java,0,0,0.4118229465934565
1.14.0,core/src/main/java/org/apache/calcite/rel/mutable/MutableIntersect.java,0,0,0.30695800358858516
1.14.0,core/src/main/java/org/apache/calcite/rel/mutable/MutableJoin.java,0,0,0.4118156480476075
1.14.0,core/src/main/java/org/apache/calcite/rel/mutable/MutableLeafRel.java,0,0,0.2858169270088353
1.14.0,core/src/main/java/org/apache/calcite/rel/mutable/MutableMinus.java,0,0,0.30695800358858516
1.14.0,core/src/main/java/org/apache/calcite/rel/mutable/MutableProject.java,0,0,0.35351154375937566
1.14.0,core/src/main/java/org/apache/calcite/rel/mutable/MutableRel.java,0,1,0.7114510426717195
1.14.0,core/src/main/java/org/apache/calcite/rel/mutable/MutableRelType.java,0,0,0.13024389568291203
1.14.0,core/src/main/java/org/apache/calcite/rel/mutable/MutableRelVisitor.java,0,0,0.042976715734844254
1.14.0,core/src/main/java/org/apache/calcite/rel/mutable/MutableSample.java,0,0,0.2988282286921922
1.14.0,core/src/main/java/org/apache/calcite/rel/mutable/MutableScan.java,0,0,0.38635535493704964
1.14.0,core/src/main/java/org/apache/calcite/rel/mutable/MutableSemiJoin.java,0,0,0.18835884402733524
1.14.0,core/src/main/java/org/apache/calcite/rel/mutable/MutableSetOp.java,0,0,0.4804183945276041
1.14.0,core/src/main/java/org/apache/calcite/rel/mutable/MutableSingleRel.java,0,0,0.4363617294079706
1.14.0,core/src/main/java/org/apache/calcite/rel/mutable/MutableSort.java,0,0,0.23907311204418935
1.14.0,core/src/main/java/org/apache/calcite/rel/mutable/MutableTableFunctionScan.java,0,0,0.21386239030598952
1.14.0,core/src/main/java/org/apache/calcite/rel/mutable/MutableTableModify.java,0,0,0.3259872235859903
1.14.0,core/src/main/java/org/apache/calcite/rel/mutable/MutableUncollect.java,0,0,0.19826783981424936
1.14.0,core/src/main/java/org/apache/calcite/rel/mutable/MutableUnion.java,0,0,0.30695800358858516
1.14.0,core/src/main/java/org/apache/calcite/rel/mutable/MutableValues.java,0,0,0.18028361572398757
1.14.0,core/src/main/java/org/apache/calcite/rel/mutable/MutableWindow.java,0,0,0.18872102440442595
1.14.0,core/src/main/java/org/apache/calcite/sql/SqlIdentifier.java,0,0,0.2021604814359687
1.14.0,core/src/main/java/org/apache/calcite/sql/validate/SqlNameMatcher.java,0,0,0.19647207163451322
1.14.0,core/src/main/java/org/apache/calcite/sql/validate/SqlNameMatchers.java,0,0,0.131068850082028
1.14.0,core/src/main/java/org/apache/calcite/sql/validate/SqlValidatorScope.java,0,0,0.10328522754616229
1.14.0,core/src/main/java/org/apache/calcite/sql/validate/WithScope.java,0,0,0.2794326305967827
1.14.0,core/src/main/java/org/apache/calcite/materialize/CachingLatticeStatisticProvider.java,0,0,0.14725522952011091
1.14.0,core/src/main/java/org/apache/calcite/rel/BiRel.java,0,0,0.25929022128668044
1.14.0,core/src/main/java/org/apache/calcite/sql/SqlNode.java,0,0,0.022272923913534554
1.14.0,core/src/main/java/org/apache/calcite/sql/SqlPostfixOperator.java,0,0,0.4292573545514658
1.14.0,core/src/main/java/org/apache/calcite/sql/SqlPrefixOperator.java,0,0,0.42751807099337147
1.14.0,core/src/main/java/org/apache/calcite/sql2rel/ReflectiveConvertletTable.java,0,0,0.27328743575982967
1.14.0,core/src/main/java/org/apache/calcite/tools/RelRunners.java,0,0,0.03147189052499371
1.14.0,core/src/main/java/org/apache/calcite/util/Closer.java,0,0,0.09060117623391283
1.14.0,core/src/main/java/org/apache/calcite/util/SaffronProperties.java,0,0,0.4568155849590405
1.14.0,core/src/main/java/org/apache/calcite/rel/convert/ConverterImpl.java,0,0,0.10586501391185661
1.14.0,core/src/main/java/org/apache/calcite/rel/metadata/CachingRelMetadataProvider.java,0,1,0.6607044070058429
1.14.0,core/src/main/java/org/apache/calcite/rel/metadata/ChainedRelMetadataProvider.java,0,1,0.6763949393113886
1.14.0,core/src/main/java/org/apache/calcite/rel/metadata/MetadataFactoryImpl.java,0,0,0.26068499012036606
1.14.0,core/src/main/java/org/apache/calcite/rel/rules/CalcRelSplitter.java,0,1,0.5445723272270353
1.14.0,core/src/main/java/org/apache/calcite/rel/rules/JoinCommuteRule.java,0,0,0.2829000321312241
1.14.0,core/src/main/java/org/apache/calcite/rel/rules/ReduceDecimalsRule.java,0,1,0.856205443895772
1.14.0,core/src/main/java/org/apache/calcite/sql/fun/SqlLikeOperator.java,0,0,0.3572389413214888
1.14.0,core/src/main/java/org/apache/calcite/sql/type/BasicSqlType.java,0,1,0.5885500630394145
1.14.0,core/src/main/java/org/apache/calcite/sql/validate/SetopNamespace.java,0,0,0.30068609795786366
1.14.0,core/src/main/java/org/apache/calcite/sql/validate/SqlIdentifierMoniker.java,0,0,0.07943030419098543
1.14.0,core/src/main/java/org/apache/calcite/rel/metadata/RelMdMaxRowCount.java,0,0,0.3714850940018604
1.14.0,core/src/main/java/org/apache/calcite/rel/metadata/RelMdMinRowCount.java,0,0,0.36399538224460587
1.14.0,core/src/main/java/org/apache/calcite/sql/SqlExplain.java,0,0,0.28960502941869404
1.14.0,core/src/main/java/org/apache/calcite/sql/SqlExplainFormat.java,0,0,0.11560616197873962
1.14.0,core/src/main/java/org/apache/calcite/rel/externalize/RelJsonWriter.java,0,0,0.39979068396040446
1.14.0,druid/src/main/java/org/apache/calcite/adapter/druid/DruidTable.java,0,1,0.8907713055265063
1.14.0,druid/src/main/java/org/apache/calcite/adapter/druid/DruidTableFactory.java,0,1,0.5806016958979691
1.14.0,linq4j/src/main/java/org/apache/calcite/linq4j/DefaultEnumerable.java,0,0,0.07055655415098147
1.14.0,linq4j/src/main/java/org/apache/calcite/linq4j/ExtendedEnumerable.java,0,0,0.0004601742803591066
1.14.0,core/src/main/java/org/apache/calcite/schema/ModifiableTable.java,0,0,0.051679853415586424
1.14.0,core/src/main/java/org/apache/calcite/sql/SqlInsert.java,0,0,0.26996989219563233
1.14.0,core/src/main/java/org/apache/calcite/sql/SqlValuesOperator.java,0,0,0.3342916166969957
1.14.0,core/src/main/java/org/apache/calcite/sql/SqlWriter.java,0,0,0.14549653352085504
1.14.0,core/src/main/java/org/apache/calcite/adapter/enumerable/EnumerableTableModifyRule.java,0,0,0.3342916166969957
1.14.0,core/src/main/java/org/apache/calcite/adapter/jdbc/JdbcRules.java,0,1,0.5371321657413289
1.14.0,core/src/main/java/org/apache/calcite/rel/core/TableModify.java,0,0,0.3840787916554905
1.14.0,core/src/main/java/org/apache/calcite/rel/logical/LogicalTableModify.java,0,0,0.20803557145013285
1.14.0,core/src/main/java/org/apache/calcite/sql/fun/SqlRowOperator.java,0,0,0.173901236540074
1.14.0,core/src/main/java/org/apache/calcite/rel/mutable/MutableMultiRel.java,0,0,0.44593823358313506
1.14.0,linq4j/src/main/java/org/apache/calcite/linq4j/tree/Types.java,0,1,0.9235384050628639
1.14.0,druid/src/main/java/org/apache/calcite/adapter/druid/DruidSchema.java,0,0,0.45762537413852056
1.14.0,core/src/main/java/org/apache/calcite/rex/RexCallBinding.java,0,1,0.8595262487816961
1.14.0,core/src/main/java/org/apache/calcite/util/Pair.java,0,0,3.0036904271713885e-06
1.14.0,core/src/main/java/org/apache/calcite/rel/type/DynamicRecordTypeImpl.java,0,1,0.5518199241631259
1.14.0,core/src/main/java/org/apache/calcite/rel/type/RelDataType.java,0,0,0.09825250858748855
1.14.0,core/src/main/java/org/apache/calcite/rel/type/RelDataTypeHolder.java,0,0,0.46481028156398263
1.14.0,core/src/main/java/org/apache/calcite/rel/type/RelDataTypeImpl.java,0,1,0.6273133766795677
1.14.0,core/src/main/java/org/apache/calcite/sql/validate/CatalogScope.java,0,1,0.5987811098284924
1.14.0,core/src/main/java/org/apache/calcite/sql/validate/ParameterScope.java,0,0,0.2672136712413719
1.14.0,core/src/main/java/org/apache/calcite/sql/SqlStateCodes.java,0,0,0.1040238807063115
1.14.0,file/src/main/java/org/apache/calcite/adapter/file/FileSchema.java,0,1,0.6020554203395513
1.14.0,file/src/main/java/org/apache/calcite/adapter/file/FileSchemaFactory.java,0,1,0.5390167617533503
1.14.0,core/src/main/java/org/apache/calcite/sql2rel/InitializerContext.java,0,0,0.16546755041746772
1.14.0,core/src/main/java/org/apache/calcite/sql2rel/InitializerExpressionFactory.java,0,0,0.2468443813985881
1.14.0,core/src/main/java/org/apache/calcite/sql2rel/NullInitializerExpressionFactory.java,0,0,0.11958210119398062
1.14.0,core/src/main/java/org/apache/calcite/rel/type/RelRecordType.java,0,0,0.01152552716408354
1.14.0,core/src/main/java/org/apache/calcite/rel/type/StructKind.java,0,0,0.15507758392674248
1.14.0,core/src/main/java/org/apache/calcite/sql/validate/DelegatingScope.java,0,1,0.9022758592660789
1.14.0,core/src/main/java/org/apache/calcite/schema/impl/ModifiableViewTable.java,0,1,0.7632244052036017
1.14.0,core/src/main/java/org/apache/calcite/schema/impl/ViewTable.java,0,1,0.6394733988426753
1.14.0,core/src/main/java/org/apache/calcite/sql/validate/SqlValidatorTable.java,0,0,0.22718346199522468
1.14.0,core/src/main/java/org/apache/calcite/interpreter/Source.java,0,0,0.09338418233189767
1.14.0,core/src/main/java/org/apache/calcite/tools/Planner.java,0,0,0.09825250858748855
1.14.0,core/src/main/java/org/apache/calcite/jdbc/CachingCalciteSchema.java,0,1,0.9117345126746449
1.14.0,core/src/main/java/org/apache/calcite/jdbc/CalciteConnection.java,0,0,0.23929712797935815
1.14.0,core/src/main/java/org/apache/calcite/jdbc/CalciteConnectionImpl.java,0,1,0.8198977735440021
1.14.0,core/src/main/java/org/apache/calcite/jdbc/CalciteSchema.java,0,1,0.7794947899694602
1.14.0,core/src/main/java/org/apache/calcite/jdbc/CalciteStatement.java,1,0,0.06171146477582778
1.14.0,core/src/main/java/org/apache/calcite/jdbc/SimpleCalciteSchema.java,0,0,0.42438803601297254
1.14.0,core/src/main/java/org/apache/calcite/model/JsonSchema.java,0,1,0.5643545224464667
1.14.0,core/src/main/java/org/apache/calcite/prepare/RelOptTableImpl.java,0,1,0.8287863850572196
1.14.0,core/src/main/java/org/apache/calcite/schema/Schema.java,0,0,0.21808862968003406
1.14.0,core/src/main/java/org/apache/calcite/schema/SchemaVersion.java,0,0,0.1349936739597042
1.14.0,core/src/main/java/org/apache/calcite/rel/metadata/BuiltInMetadata.java,0,0,0.2674975377448194
1.14.0,core/src/main/java/org/apache/calcite/rel/metadata/RelMdExpressionLineage.java,0,1,0.8777443038280839
1.14.0,core/src/main/java/org/apache/calcite/rel/metadata/RelMdTableReferences.java,0,1,0.6630942197474522
1.14.0,core/src/main/java/org/apache/calcite/adapter/jdbc/JdbcSchema.java,0,1,0.9586267213677215
1.14.0,core/src/main/java/org/apache/calcite/schema/impl/AbstractSchema.java,0,0,0.16275250615737746
1.14.0,core/src/main/java/org/apache/calcite/schema/impl/DelegatingSchema.java,0,0,0.32351907458567336
1.14.0,core/src/main/java/org/apache/calcite/schema/impl/LongSchemaVersion.java,0,0,0.17292877968481007
1.14.0,core/src/main/java/org/apache/calcite/jdbc/CalciteResultSet.java,0,1,0.5133566011013965
1.14.0,core/src/main/java/org/apache/calcite/sql/validate/EmptyScope.java,0,0,0.3259687400472291
1.14.0,core/src/main/java/org/apache/calcite/prepare/PlannerImpl.java,0,1,0.6169818765649632
1.14.0,core/src/main/java/org/apache/calcite/schema/Table.java,0,0,0.39847803266895915
1.14.0,core/src/main/java/org/apache/calcite/schema/impl/AbstractTable.java,0,0,0.052743415628281186
1.14.0,core/src/main/java/org/apache/calcite/sql/validate/SqlValidatorCatalogReader.java,0,0,0.2234329020783464
1.14.0,druid/src/main/java/org/apache/calcite/adapter/druid/ComplexMetric.java,0,0,0.2014627487484421
1.14.0,druid/src/main/java/org/apache/calcite/adapter/druid/DruidType.java,0,0,0.15407287651215684
1.14.0,plus/src/main/java/org/apache/calcite/adapter/os/DuTableFunction.java,0,0,0.12604156587342072
1.14.0,plus/src/main/java/org/apache/calcite/adapter/os/FilesTableFunction.java,1,0,0.012428580976754958
1.14.0,plus/src/main/java/org/apache/calcite/adapter/os/GitCommitsTableFunction.java,0,1,0.6929167440922072
1.14.0,plus/src/main/java/org/apache/calcite/adapter/os/StdinTableFunction.java,0,0,0.3221960637996827
1.14.0,core/src/main/java/org/apache/calcite/sql/SqlFunction.java,0,0,0.23290929294086954
1.14.0,core/src/main/java/org/apache/calcite/Demo.java,0,0,0.024543059687364865
1.14.0,core/src/main/java/org/apache/calcite/config/Lex.java,0,0,0.04254111096321608
1.14.0,core/src/main/java/org/apache/calcite/config/NullCollation.java,0,0,0.4224342510934855
1.14.0,core/src/main/java/org/apache/calcite/interpreter/AbstractSingleNode.java,0,0,0.139708824650165
1.14.0,core/src/main/java/org/apache/calcite/interpreter/BindableRel.java,0,0,0.10467893623920398
1.14.0,core/src/main/java/org/apache/calcite/interpreter/Context.java,0,0,0.05709849199506018
1.14.0,core/src/main/java/org/apache/calcite/interpreter/FilterNode.java,0,0,0.3457735667554535
1.14.0,core/src/main/java/org/apache/calcite/interpreter/InterpretableConverter.java,0,0,0.10467893623920398
1.14.0,core/src/main/java/org/apache/calcite/interpreter/InterpretableRel.java,0,0,0.10467893623920398
1.14.0,core/src/main/java/org/apache/calcite/interpreter/Interpreters.java,0,0,0.07779981278546827
1.14.0,core/src/main/java/org/apache/calcite/interpreter/JaninoRexCompiler.java,0,0,0.20507564799939787
1.14.0,core/src/main/java/org/apache/calcite/interpreter/JoinNode.java,0,0,0.1260200352183314
1.14.0,core/src/main/java/org/apache/calcite/interpreter/Node.java,0,0,0.0749402770227489
1.14.0,core/src/main/java/org/apache/calcite/interpreter/Nodes.java,0,0,0.06766270164014695
1.14.0,core/src/main/java/org/apache/calcite/interpreter/NoneToBindableConverterRule.java,0,0,0.057938392583462436
1.14.0,core/src/main/java/org/apache/calcite/interpreter/ProjectNode.java,0,0,0.3191670768193152
1.14.0,core/src/main/java/org/apache/calcite/interpreter/Row.java,0,0,0.3043056245392086
1.14.0,core/src/main/java/org/apache/calcite/interpreter/Scalar.java,0,0,0.12836301298216965
1.14.0,core/src/main/java/org/apache/calcite/interpreter/Sink.java,0,0,0.0749402770227489
1.14.0,core/src/main/java/org/apache/calcite/interpreter/TableScanNode.java,0,1,0.8943596465882581
1.14.0,core/src/main/java/org/apache/calcite/interpreter/UnionNode.java,0,0,0.3473087880061939
1.14.0,core/src/main/java/org/apache/calcite/interpreter/ValuesNode.java,0,0,0.32190278997205
1.14.0,core/src/main/java/org/apache/calcite/interpreter/WindowNode.java,0,0,0.1035075200538516
1.14.0,core/src/main/java/org/apache/calcite/jdbc/CalciteFactory.java,0,0,0.06938554121606473
1.14.0,core/src/main/java/org/apache/calcite/jdbc/CalciteJdbc41Factory.java,0,0,0.17597206338740098
1.14.0,core/src/main/java/org/apache/calcite/jdbc/CalcitePreparedStatement.java,0,0,0.02438435992219739
1.14.0,core/src/main/java/org/apache/calcite/jdbc/CalciteRootSchema.java,0,0,0.0734681475881472
1.14.0,core/src/main/java/org/apache/calcite/jdbc/Driver.java,0,0,0.053904550619783685
1.14.0,core/src/main/java/org/apache/calcite/jdbc/JavaRecordType.java,0,0,0.18086613929201895
1.14.0,core/src/main/java/org/apache/calcite/jdbc/MetadataSchema.java,0,0,0.040922273314116776
1.14.0,core/src/main/java/org/apache/calcite/jdbc/SqlTimeoutException.java,0,0,0.04077957942465111
1.14.0,core/src/main/java/org/apache/calcite/materialize/DelegatingLatticeStatisticProvider.java,0,0,0.1421884102198247
1.14.0,core/src/main/java/org/apache/calcite/materialize/Lattices.java,0,0,0.052686250131867625
1.14.0,core/src/main/java/org/apache/calcite/materialize/LatticeStatisticProvider.java,0,0,0.11897210066206554
1.14.0,core/src/main/java/org/apache/calcite/materialize/MaterializationActor.java,0,0,0.38529394881277423
1.14.0,core/src/main/java/org/apache/calcite/materialize/MaterializationKey.java,0,0,0.07190888569548368
1.14.0,core/src/main/java/org/apache/calcite/materialize/SqlLatticeStatisticProvider.java,0,0,0.04951667518742286
1.14.0,core/src/main/java/org/apache/calcite/materialize/TileKey.java,0,0,0.3914720463156411
1.14.0,core/src/main/java/org/apache/calcite/model/JsonCustomSchema.java,0,0,0.0356133752524124
1.14.0,core/src/main/java/org/apache/calcite/model/JsonCustomTable.java,0,0,0.032909812291789055
1.14.0,core/src/main/java/org/apache/calcite/model/JsonFunction.java,0,0,0.04506569168977268
1.14.0,core/src/main/java/org/apache/calcite/model/JsonJdbcSchema.java,0,0,0.032909812291789055
1.14.0,core/src/main/java/org/apache/calcite/model/JsonLattice.java,0,0,0.3757651003015986
1.14.0,core/src/main/java/org/apache/calcite/model/JsonMapSchema.java,0,0,0.21058915117856555
1.14.0,core/src/main/java/org/apache/calcite/model/JsonMaterialization.java,0,0,0.03781733548688165
1.14.0,core/src/main/java/org/apache/calcite/model/JsonMeasure.java,0,0,0.056714598578974325
1.14.0,core/src/main/java/org/apache/calcite/model/JsonRoot.java,0,0,0.032909812291789055
1.14.0,core/src/main/java/org/apache/calcite/model/JsonStream.java,0,0,0.1015341004011592
1.14.0,core/src/main/java/org/apache/calcite/model/JsonTable.java,0,0,0.032909812291789055
1.14.0,core/src/main/java/org/apache/calcite/model/JsonTile.java,0,0,0.056714598578974325
1.14.0,core/src/main/java/org/apache/calcite/model/JsonView.java,0,0,0.03294235074555673
1.14.0,core/src/main/java/org/apache/calcite/plan/CommonRelSubExprRule.java,0,0,0.09825250858748855
1.14.0,core/src/main/java/org/apache/calcite/plan/Contexts.java,0,0,0.21415569784901473
1.14.0,core/src/main/java/org/apache/calcite/plan/MulticastRelOptListener.java,0,0,0.09825250858748855
1.14.0,core/src/main/java/org/apache/calcite/plan/RelImplementor.java,0,0,0.09825250858748855
1.14.0,core/src/main/java/org/apache/calcite/plan/RelMultipleTrait.java,0,0,0.10631826493300536
1.14.0,core/src/main/java/org/apache/calcite/plan/RelOptConnection.java,0,0,0.09825250858748855
1.14.0,core/src/main/java/org/apache/calcite/plan/RelOptCost.java,0,0,0.011414342777256031
1.14.0,core/src/main/java/org/apache/calcite/plan/RelOptCostFactory.java,0,0,0.09825250858748855
1.14.0,core/src/main/java/org/apache/calcite/plan/RelOptCostImpl.java,0,0,8.583906618703517e-05
1.14.0,core/src/main/java/org/apache/calcite/plan/RelOptLattice.java,0,0,0.30790021593703
1.14.0,core/src/main/java/org/apache/calcite/plan/RelOptListener.java,0,0,0.22910552090408054
1.14.0,core/src/main/java/org/apache/calcite/plan/RelOptNode.java,0,0,0.09825250858748855
1.14.0,core/src/main/java/org/apache/calcite/plan/RelOptQuery.java,0,0,0.1023048989581515
1.14.0,core/src/main/java/org/apache/calcite/plan/RelOptRule.java,0,0,0.25844187485131587
1.14.0,core/src/main/java/org/apache/calcite/plan/RelOptRuleOperand.java,0,0,0.2492312008909425
1.14.0,core/src/main/java/org/apache/calcite/plan/RelOptRuleOperandChildPolicy.java,0,0,0.06020077300072269
1.14.0,core/src/main/java/org/apache/calcite/plan/RelOptRuleOperandChildren.java,0,0,0.0814094486205765
1.14.0,core/src/main/java/org/apache/calcite/plan/RelOptSamplingParameters.java,0,0,0.07278668503183011
1.14.0,core/src/main/java/org/apache/calcite/plan/RelOptSchema.java,0,0,0.09346610696315592
1.14.0,core/src/main/java/org/apache/calcite/plan/RelOptSchemaWithSampling.java,0,0,0.13478376613619714
1.14.0,core/src/main/java/org/apache/calcite/plan/RelTrait.java,0,0,0.09825250858748855
1.14.0,core/src/main/java/org/apache/calcite/plan/RelTraitPropagationVisitor.java,0,0,0.31703951445464174
1.14.0,core/src/main/java/org/apache/calcite/plan/RelTraitSet.java,0,0,0.2630297291356675
1.14.0,core/src/main/java/org/apache/calcite/plan/TableAccessMap.java,0,0,0.2257139339810259
1.14.0,core/src/main/java/org/apache/calcite/prepare/QueryableRelBuilder.java,0,1,0.6965910287374404
1.14.0,core/src/main/java/org/apache/calcite/rel/InvalidRelException.java,0,0,0.08031350640586839
1.14.0,core/src/main/java/org/apache/calcite/rel/RelCollation.java,0,0,0.09825250858748855
1.14.0,core/src/main/java/org/apache/calcite/rel/RelCollationImpl.java,0,1,0.6642458035018451
1.14.0,core/src/main/java/org/apache/calcite/rel/RelCollations.java,0,0,0.1011762975705877
1.14.0,core/src/main/java/org/apache/calcite/rel/RelDistribution.java,0,0,0.06599633233224952
1.14.0,core/src/main/java/org/apache/calcite/rel/RelDistributions.java,0,0,0.12940697850059754
1.14.0,core/src/main/java/org/apache/calcite/rel/RelDistributionTraitDef.java,0,0,0.0673548546252398
1.14.0,core/src/main/java/org/apache/calcite/rel/RelFieldCollation.java,0,0,0.17424871366885383
1.14.0,core/src/main/java/org/apache/calcite/rel/RelInput.java,0,0,0.07695544201774071
1.14.0,core/src/main/java/org/apache/calcite/rel/RelNodes.java,0,0,0.42679204360004136
1.14.0,core/src/main/java/org/apache/calcite/rel/RelVisitor.java,0,0,0.006957115445456481
1.14.0,core/src/main/java/org/apache/calcite/rel/RelWriter.java,0,0,0.09825250858748855
1.14.0,core/src/main/java/org/apache/calcite/rel/SingleRel.java,0,0,0.19379768634391062
1.14.0,core/src/main/java/org/apache/calcite/rex/RexAction.java,0,0,0.13478376613619714
1.14.0,core/src/main/java/org/apache/calcite/rex/RexCopier.java,0,0,0.09382194020253035
1.14.0,core/src/main/java/org/apache/calcite/rex/RexCorrelVariable.java,0,0,0.07752572325564637
1.14.0,core/src/main/java/org/apache/calcite/rex/RexDynamicParam.java,0,0,0.07201240767901082
1.14.0,core/src/main/java/org/apache/calcite/rex/RexFieldAccess.java,0,0,0.41762019774012604
1.14.0,core/src/main/java/org/apache/calcite/rex/RexFieldCollation.java,0,1,0.6933632595254758
1.14.0,core/src/main/java/org/apache/calcite/rex/RexInputRef.java,0,0,0.23452706465001633
1.14.0,core/src/main/java/org/apache/calcite/rex/RexLocalRef.java,0,0,0.3379133022470114
1.14.0,core/src/main/java/org/apache/calcite/rex/RexMultisetUtil.java,0,0,0.3324135723775863
1.14.0,core/src/main/java/org/apache/calcite/rex/RexNode.java,0,0,0.3308334180982813
1.14.0,core/src/main/java/org/apache/calcite/rex/RexPattern.java,0,0,0.09825250858748855
1.14.0,core/src/main/java/org/apache/calcite/rex/RexPermutationShuttle.java,0,0,0.09825250858748855
1.14.0,core/src/main/java/org/apache/calcite/rex/RexPermuteInputsShuttle.java,0,0,0.30638083179273057
1.14.0,core/src/main/java/org/apache/calcite/rex/RexRangeRef.java,0,0,0.09337542615574657
1.14.0,core/src/main/java/org/apache/calcite/rex/RexSlot.java,0,0,0.4226125272293077
1.14.0,core/src/main/java/org/apache/calcite/rex/RexSqlConvertlet.java,0,0,0.09825250858748855
1.14.0,core/src/main/java/org/apache/calcite/rex/RexSqlConvertletTable.java,0,0,0.09825250858748855
1.14.0,core/src/main/java/org/apache/calcite/rex/RexSqlReflectiveConvertletTable.java,0,0,0.09953566179792411
1.14.0,core/src/main/java/org/apache/calcite/rex/RexToSqlNodeConverter.java,0,0,0.09825250858748855
1.14.0,core/src/main/java/org/apache/calcite/rex/RexTransformer.java,0,0,0.3791968761451979
1.14.0,core/src/main/java/org/apache/calcite/rex/RexVariable.java,0,0,0.3201110558119306
1.14.0,core/src/main/java/org/apache/calcite/rex/RexWindow.java,0,1,0.5219945417033595
1.14.0,core/src/main/java/org/apache/calcite/runtime/AbstractImmutableList.java,0,0,0.4627413653486401
1.14.0,core/src/main/java/org/apache/calcite/runtime/ArrayBindable.java,0,0,0.10467893623920398
1.14.0,core/src/main/java/org/apache/calcite/runtime/ArrayComparator.java,0,0,0.06524927887659633
1.14.0,core/src/main/java/org/apache/calcite/runtime/ArrayEnumeratorCursor.java,0,0,0.040979910183044234
1.14.0,core/src/main/java/org/apache/calcite/runtime/BinarySearch.java,0,0,0.09654995906322476
1.14.0,core/src/main/java/org/apache/calcite/runtime/Bindable.java,0,0,0.042867663735009776
1.14.0,core/src/main/java/org/apache/calcite/runtime/CalciteContextException.java,0,0,0.17285565931086194
1.14.0,core/src/main/java/org/apache/calcite/runtime/CalciteException.java,0,0,0.06020077300072269
1.14.0,core/src/main/java/org/apache/calcite/runtime/ConsList.java,0,0,0.4794038204184707
1.14.0,core/src/main/java/org/apache/calcite/runtime/Enumerables.java,0,0,0.1905958121932654
1.14.0,core/src/main/java/org/apache/calcite/runtime/EnumeratorCursor.java,0,0,0.08265090906753746
1.14.0,core/src/main/java/org/apache/calcite/runtime/Feature.java,0,0,0.06020077300072269
1.14.0,core/src/main/java/org/apache/calcite/runtime/ObjectEnumeratorCursor.java,0,0,0.025473611213513173
1.14.0,core/src/main/java/org/apache/calcite/runtime/RecordEnumeratorCursor.java,0,0,0.051679853415586424
1.14.0,core/src/main/java/org/apache/calcite/runtime/SortedMultiMap.java,0,0,0.0004087692071429767
1.14.0,core/src/main/java/org/apache/calcite/runtime/TrustAllSslSocketFactory.java,0,0,0.007595061856020563
1.14.0,core/src/main/java/org/apache/calcite/runtime/Typed.java,0,0,0.051679853415586424
1.14.0,core/src/main/java/org/apache/calcite/runtime/Unit.java,0,0,0.02971339741446664
1.14.0,core/src/main/java/org/apache/calcite/runtime/Utilities.java,0,0,0.05248309052340151
1.14.0,core/src/main/java/org/apache/calcite/schema/AggregateFunction.java,0,0,0.08005455933462292
1.14.0,core/src/main/java/org/apache/calcite/schema/FilterableTable.java,0,0,0.09636755579312947
1.14.0,core/src/main/java/org/apache/calcite/schema/Function.java,0,0,0.07923063322953317
1.14.0,core/src/main/java/org/apache/calcite/schema/FunctionParameter.java,0,0,0.02438435992219739
1.14.0,core/src/main/java/org/apache/calcite/schema/ImplementableAggFunction.java,0,0,0.0856431980291253
1.14.0,core/src/main/java/org/apache/calcite/schema/ImplementableFunction.java,0,0,0.08218722784838317
1.14.0,core/src/main/java/org/apache/calcite/schema/Member.java,0,0,0.04077957942465111
1.14.0,core/src/main/java/org/apache/calcite/schema/ModifiableView.java,0,0,0.2120308678899943
1.14.0,core/src/main/java/org/apache/calcite/schema/Path.java,0,0,0.09338166950793757
1.14.0,core/src/main/java/org/apache/calcite/schema/ProjectableFilterableTable.java,0,0,0.13230079424823382
1.14.0,core/src/main/java/org/apache/calcite/schema/QueryableTable.java,0,0,0.0734681475881472
1.14.0,core/src/main/java/org/apache/calcite/schema/ScalarFunction.java,0,0,0.07430724023280065
1.14.0,core/src/main/java/org/apache/calcite/schema/ScannableTable.java,0,0,0.09636755579312947
1.14.0,core/src/main/java/org/apache/calcite/schema/SchemaPlus.java,0,0,0.0734681475881472
1.14.0,core/src/main/java/org/apache/calcite/schema/SemiMutableSchema.java,0,0,0.06266431139250445
1.14.0,core/src/main/java/org/apache/calcite/schema/StreamableTable.java,0,0,0.10906765144201687
1.14.0,core/src/main/java/org/apache/calcite/schema/TableFunction.java,0,0,0.24016089580203095
1.14.0,core/src/main/java/org/apache/calcite/schema/TableMacro.java,0,0,0.09825250858748855
1.14.0,core/src/main/java/org/apache/calcite/server/CalciteServer.java,0,0,0.04077957942465111
1.14.0,core/src/main/java/org/apache/calcite/server/CalciteServerStatement.java,0,0,0.04077957942465111
1.14.0,core/src/main/java/org/apache/calcite/sql/ExplicitOperatorBinding.java,0,0,0.0938512212491835
1.14.0,core/src/main/java/org/apache/calcite/sql/JoinConditionType.java,0,0,0.06020077300072269
1.14.0,core/src/main/java/org/apache/calcite/sql/SqlAbstractStringLiteral.java,0,0,0.06020077300072269
1.14.0,core/src/main/java/org/apache/calcite/sql/SqlAccessEnum.java,0,0,0.06020077300072269
1.14.0,core/src/main/java/org/apache/calcite/sql/SqlAsOperator.java,0,0,0.3598645856624204
1.14.0,core/src/main/java/org/apache/calcite/sql/SqlBinaryOperator.java,0,0,0.47286270912826006
1.14.0,core/src/main/java/org/apache/calcite/sql/SqlBinaryStringLiteral.java,0,0,0.2149480784474617
1.14.0,core/src/main/java/org/apache/calcite/sql/SqlCharStringLiteral.java,0,0,0.25107552210650147
1.14.0,core/src/main/java/org/apache/calcite/sql/SqlDelete.java,0,0,0.19375182186249076
1.14.0,core/src/main/java/org/apache/calcite/sql/SqlDynamicParam.java,0,0,0.09500617962070415
1.14.0,core/src/main/java/org/apache/calcite/sql/SqlExplainLevel.java,0,0,0.06020077300072269
1.14.0,core/src/main/java/org/apache/calcite/sql/SqlFunctionalOperator.java,0,0,0.06020077300072269
1.14.0,core/src/main/java/org/apache/calcite/sql/SqlInfixOperator.java,0,0,0.2977018960836878
1.14.0,core/src/main/java/org/apache/calcite/sql/SqlInsertKeyword.java,0,0,0.06020077300072269
1.14.0,core/src/main/java/org/apache/calcite/sql/SqlInternalOperator.java,0,0,0.05982652824127768
1.14.0,core/src/main/java/org/apache/calcite/sql/SqlJoin.java,0,0,0.3955789903220331
1.14.0,core/src/main/java/org/apache/calcite/sql/SqlMerge.java,0,0,0.3777865591027969
1.14.0,core/src/main/java/org/apache/calcite/sql/SqlNodeList.java,0,0,0.35712337431811947
1.14.0,core/src/main/java/org/apache/calcite/sql/SqlNullSemantics.java,0,0,0.09825250858748855
1.14.0,core/src/main/java/org/apache/calcite/sql/SqlNumericLiteral.java,0,0,0.21831114413761216
1.14.0,core/src/main/java/org/apache/calcite/sql/SqlOperandCountRange.java,0,0,0.09825250858748855
1.14.0,core/src/main/java/org/apache/calcite/sql/SqlOperatorBinding.java,0,0,0.08551832805888535
1.14.0,core/src/main/java/org/apache/calcite/sql/SqlOperatorTable.java,0,0,0.09825250858748855
1.14.0,core/src/main/java/org/apache/calcite/sql/SqlOrderBy.java,0,0,0.3881218220431452
1.14.0,core/src/main/java/org/apache/calcite/sql/SqlProcedureCallOperator.java,0,0,0.06701133252816276
1.14.0,core/src/main/java/org/apache/calcite/sql/SqlSampleSpec.java,0,0,0.0007135594270566499
1.14.0,core/src/main/java/org/apache/calcite/sql/SqlSelectKeyword.java,0,0,0.06020077300072269
1.14.0,core/src/main/java/org/apache/calcite/sql/SqlSelectOperator.java,0,0,0.2798536165826841
1.14.0,core/src/main/java/org/apache/calcite/sql/SqlSetOperator.java,0,0,0.09517453167811034
1.14.0,core/src/main/java/org/apache/calcite/sql/SqlUnnestOperator.java,0,1,0.6533482847643058
1.14.0,core/src/main/java/org/apache/calcite/sql/SqlUnresolvedFunction.java,0,0,0.06601170695061097
1.14.0,core/src/main/java/org/apache/calcite/sql/SqlUpdate.java,0,0,0.27702196309589344
1.14.0,core/src/main/java/org/apache/calcite/sql/SqlWith.java,0,0,0.2488594272642431
1.14.0,core/src/main/java/org/apache/calcite/sql/SqlWithItem.java,0,0,0.2985064931125366
1.14.0,core/src/main/java/org/apache/calcite/sql2rel/CorrelationReferenceFinder.java,0,0,0.4498618083076481
1.14.0,core/src/main/java/org/apache/calcite/sql2rel/DeduplicateCorrelateVariables.java,0,0,0.32558083885938727
1.14.0,core/src/main/java/org/apache/calcite/sql2rel/SqlNodeToRexConverter.java,0,0,0.09825250858748855
1.14.0,core/src/main/java/org/apache/calcite/sql2rel/SqlRexContext.java,0,0,0.09825250858748855
1.14.0,core/src/main/java/org/apache/calcite/sql2rel/SqlRexConvertlet.java,0,0,0.09825250858748855
1.14.0,core/src/main/java/org/apache/calcite/sql2rel/SqlRexConvertletTable.java,0,0,0.09825250858748855
1.14.0,core/src/main/java/org/apache/calcite/tools/RelBuilderFactory.java,0,0,0.13103505350906725
1.14.0,core/src/main/java/org/apache/calcite/tools/RelConversionException.java,0,0,0.09825250858748855
1.14.0,core/src/main/java/org/apache/calcite/tools/RelRunner.java,0,0,0.12803935295922728
1.14.0,core/src/main/java/org/apache/calcite/tools/RuleSet.java,0,0,0.07222585738529227
1.14.0,core/src/main/java/org/apache/calcite/tools/RuleSets.java,0,0,0.2736515301545215
1.14.0,core/src/main/java/org/apache/calcite/tools/ValidationException.java,0,0,0.08522264214773642
1.14.0,core/src/main/java/org/apache/calcite/util/BarfingInvocationHandler.java,0,0,0.05817292021127262
1.14.0,core/src/main/java/org/apache/calcite/util/Benchmark.java,0,0,0.1641251866313671
1.14.0,core/src/main/java/org/apache/calcite/util/BitSets.java,0,0,0.21100126852009143
1.14.0,core/src/main/java/org/apache/calcite/util/BitString.java,0,0,0.3811375985972463
1.14.0,core/src/main/java/org/apache/calcite/util/CalciteParserException.java,0,0,0.09825250858748855
1.14.0,core/src/main/java/org/apache/calcite/util/CalciteValidatorException.java,0,0,0.09825250858748855
1.14.0,core/src/main/java/org/apache/calcite/util/CastingList.java,0,0,0.07727562820245795
1.14.0,core/src/main/java/org/apache/calcite/util/ChunkList.java,0,0,0.2504632679605849
1.14.0,core/src/main/java/org/apache/calcite/util/ClosableAllocation.java,0,0,0.09825250858748855
1.14.0,core/src/main/java/org/apache/calcite/util/ClosableAllocationOwner.java,0,0,0.09825250858748855
1.14.0,core/src/main/java/org/apache/calcite/util/CompositeMap.java,0,0,0.4590964611677088
1.14.0,core/src/main/java/org/apache/calcite/util/CompoundClosableAllocation.java,0,0,0.09825250858748855
1.14.0,core/src/main/java/org/apache/calcite/util/ControlFlowException.java,0,0,0.06020077300072269
1.14.0,core/src/main/java/org/apache/calcite/util/DelegatingInvocationHandler.java,0,0,0.13478376613619714
1.14.0,core/src/main/java/org/apache/calcite/util/Filterator.java,0,0,0.4112329098078109
1.14.0,core/src/main/java/org/apache/calcite/util/Glossary.java,0,0,0.00023533316854201542
1.14.0,core/src/main/java/org/apache/calcite/util/Holder.java,0,0,0.0456950018309529
1.14.0,core/src/main/java/org/apache/calcite/util/IntegerIntervalSet.java,0,0,0.23988380693492276
1.14.0,core/src/main/java/org/apache/calcite/util/IntList.java,0,0,0.03835106242844965
1.14.0,core/src/main/java/org/apache/calcite/util/Litmus.java,0,0,0.2384384499509198
1.14.0,core/src/main/java/org/apache/calcite/util/PartiallyOrderedSet.java,0,1,0.5567726214363183
1.14.0,core/src/main/java/org/apache/calcite/util/Permutation.java,0,0,0.0002068561787750889
1.14.0,core/src/main/java/org/apache/calcite/util/ReflectiveVisitDispatcher.java,0,0,0.09825250858748855
1.14.0,core/src/main/java/org/apache/calcite/util/ReflectiveVisitor.java,0,0,0.09825250858748855
1.14.0,core/src/main/java/org/apache/calcite/util/SerializableCharset.java,0,0,0.19799946404256397
1.14.0,core/src/main/java/org/apache/calcite/util/Stacks.java,0,0,0.07288920135135485
1.14.0,core/src/main/java/org/apache/calcite/util/StackWriter.java,0,0,0.2308929107511106
1.14.0,core/src/main/java/org/apache/calcite/util/Static.java,0,0,0.007227999663390827
1.14.0,core/src/main/java/org/apache/calcite/util/TryThreadLocal.java,0,0,0.32495420011262277
1.14.0,core/src/main/java/org/apache/calcite/util/UnmodifiableArrayList.java,0,0,0.04707262054018962
1.14.0,core/src/main/java/org/apache/calcite/util/XmlOutput.java,0,0,0.0007937983561090757
1.14.0,core/src/main/java/org/apache/calcite/adapter/clone/ColumnLoader.java,0,1,0.9899721847578972
1.14.0,core/src/main/java/org/apache/calcite/adapter/clone/ListTable.java,0,0,0.2771116707337959
1.14.0,core/src/main/java/org/apache/calcite/adapter/enumerable/AggAddContext.java,0,0,0.0856431980291253
1.14.0,core/src/main/java/org/apache/calcite/adapter/enumerable/AggImplementor.java,0,0,0.08005455933462292
1.14.0,core/src/main/java/org/apache/calcite/adapter/enumerable/AggImpState.java,0,0,0.2972694614578302
1.14.0,core/src/main/java/org/apache/calcite/adapter/enumerable/AggResetContext.java,0,0,0.23528483987500262
1.14.0,core/src/main/java/org/apache/calcite/adapter/enumerable/CallImplementor.java,0,0,0.08218722784838317
1.14.0,core/src/main/java/org/apache/calcite/adapter/enumerable/EnumerableAggregateRule.java,0,0,0.06020077300072269
1.14.0,core/src/main/java/org/apache/calcite/adapter/enumerable/EnumerableBindable.java,0,0,0.10467893623920398
1.14.0,core/src/main/java/org/apache/calcite/adapter/enumerable/EnumerableCalcRule.java,0,0,0.056249071482459854
1.14.0,core/src/main/java/org/apache/calcite/adapter/enumerable/EnumerableCollect.java,0,0,0.20981221462653452
1.14.0,core/src/main/java/org/apache/calcite/adapter/enumerable/EnumerableCollectRule.java,0,0,0.06020077300072269
1.14.0,core/src/main/java/org/apache/calcite/adapter/enumerable/EnumerableCorrelate.java,0,0,0.3332889381480397
1.14.0,core/src/main/java/org/apache/calcite/adapter/enumerable/EnumerableCorrelateRule.java,0,0,0.06184008692819909
1.14.0,core/src/main/java/org/apache/calcite/adapter/enumerable/EnumerableFilter.java,0,0,0.4059094270313083
1.14.0,core/src/main/java/org/apache/calcite/adapter/enumerable/EnumerableFilterRule.java,0,0,0.06020077300072269
1.14.0,core/src/main/java/org/apache/calcite/adapter/enumerable/EnumerableFilterToCalcRule.java,0,0,0.06020077300072269
1.14.0,core/src/main/java/org/apache/calcite/adapter/enumerable/EnumerableInterpretable.java,0,0,0.45705514606227915
1.14.0,core/src/main/java/org/apache/calcite/adapter/enumerable/EnumerableInterpreter.java,0,0,0.2919463145905772
1.14.0,core/src/main/java/org/apache/calcite/adapter/enumerable/EnumerableInterpreterRule.java,0,0,0.048700829770969824
1.14.0,core/src/main/java/org/apache/calcite/adapter/enumerable/EnumerableIntersectRule.java,0,0,0.24809870968906642
1.14.0,core/src/main/java/org/apache/calcite/adapter/enumerable/EnumerableJoin.java,0,1,0.5223145707366266
1.14.0,core/src/main/java/org/apache/calcite/adapter/enumerable/EnumerableJoinRule.java,0,0,0.2857707639188204
1.14.0,core/src/main/java/org/apache/calcite/adapter/enumerable/EnumerableLimit.java,0,1,0.5665978458164245
1.14.0,core/src/main/java/org/apache/calcite/adapter/enumerable/EnumerableLimitRule.java,0,0,0.3342916166969957
1.14.0,core/src/main/java/org/apache/calcite/adapter/enumerable/EnumerableMergeJoinRule.java,0,0,0.38308041908030455
1.14.0,core/src/main/java/org/apache/calcite/adapter/enumerable/EnumerableMinusRule.java,0,0,0.25202062483230314
1.14.0,core/src/main/java/org/apache/calcite/adapter/enumerable/EnumerableProject.java,0,0,0.377558837693842
1.14.0,core/src/main/java/org/apache/calcite/adapter/enumerable/EnumerableProjectRule.java,0,0,0.06020077300072269
1.14.0,core/src/main/java/org/apache/calcite/adapter/enumerable/EnumerableProjectToCalcRule.java,0,0,0.06020077300072269
1.14.0,core/src/main/java/org/apache/calcite/adapter/enumerable/EnumerableRules.java,0,0,0.009711415027342489
1.14.0,core/src/main/java/org/apache/calcite/adapter/enumerable/EnumerableSemiJoin.java,0,0,0.27683599596129105
1.14.0,core/src/main/java/org/apache/calcite/adapter/enumerable/EnumerableSemiJoinRule.java,0,0,0.3342916166969957
1.14.0,core/src/main/java/org/apache/calcite/adapter/enumerable/EnumerableSort.java,0,0,0.2674218918918031
1.14.0,core/src/main/java/org/apache/calcite/adapter/enumerable/EnumerableSortRule.java,0,0,0.3342916166969957
1.14.0,core/src/main/java/org/apache/calcite/adapter/enumerable/EnumerableTableFunctionScanRule.java,0,0,0.06020077300072269
1.14.0,core/src/main/java/org/apache/calcite/adapter/enumerable/EnumerableTableScanRule.java,0,0,0.35740372496111367
1.14.0,core/src/main/java/org/apache/calcite/adapter/enumerable/EnumerableThetaJoin.java,0,1,0.5000550855368491
1.14.0,core/src/main/java/org/apache/calcite/adapter/enumerable/EnumerableUncollect.java,0,0,0.3516918006440777
1.14.0,core/src/main/java/org/apache/calcite/adapter/enumerable/EnumerableUncollectRule.java,0,0,0.06020077300072269
1.14.0,core/src/main/java/org/apache/calcite/adapter/enumerable/EnumerableUnionRule.java,0,0,0.06020077300072269
1.14.0,core/src/main/java/org/apache/calcite/adapter/enumerable/EnumerableValues.java,0,0,0.3972084310268901
1.14.0,core/src/main/java/org/apache/calcite/adapter/enumerable/EnumerableValuesRule.java,0,0,0.06020077300072269
1.14.0,core/src/main/java/org/apache/calcite/adapter/enumerable/EnumerableWindowRule.java,0,0,0.06020077300072269
1.14.0,core/src/main/java/org/apache/calcite/adapter/enumerable/EnumUtils.java,0,1,0.662904359102549
1.14.0,core/src/main/java/org/apache/calcite/adapter/enumerable/JavaRelImplementor.java,0,0,0.18039907375895983
1.14.0,core/src/main/java/org/apache/calcite/adapter/enumerable/NestedBlockBuilder.java,0,0,0.0856431980291253
1.14.0,core/src/main/java/org/apache/calcite/adapter/enumerable/NestedBlockBuilderImpl.java,0,0,0.2797760174399563
1.14.0,core/src/main/java/org/apache/calcite/adapter/enumerable/NotNullImplementor.java,0,0,0.08218722784838317
1.14.0,core/src/main/java/org/apache/calcite/adapter/enumerable/StrictAggImplementor.java,0,0,0.29899957665787874
1.14.0,core/src/main/java/org/apache/calcite/adapter/enumerable/StrictWinAggImplementor.java,0,0,0.002828070782808277
1.14.0,core/src/main/java/org/apache/calcite/adapter/enumerable/WinAggAddContext.java,0,0,0.0856431980291253
1.14.0,core/src/main/java/org/apache/calcite/adapter/enumerable/WinAggContext.java,0,0,0.08612454742017445
1.14.0,core/src/main/java/org/apache/calcite/adapter/enumerable/WinAggFrameContext.java,0,0,0.08612454742017445
1.14.0,core/src/main/java/org/apache/calcite/adapter/enumerable/WinAggFrameResultContext.java,0,0,0.08612454742017445
1.14.0,core/src/main/java/org/apache/calcite/adapter/enumerable/WinAggImplementor.java,0,0,0.15823761695121633
1.14.0,core/src/main/java/org/apache/calcite/adapter/enumerable/WinAggResetContext.java,0,0,0.0856431980291253
1.14.0,core/src/main/java/org/apache/calcite/adapter/enumerable/WinAggResultContext.java,0,0,0.0856431980291253
1.14.0,core/src/main/java/org/apache/calcite/adapter/java/AbstractQueryableTable.java,0,0,0.03781733548688165
1.14.0,core/src/main/java/org/apache/calcite/adapter/java/Array.java,0,0,0.13208581129782843
1.14.0,core/src/main/java/org/apache/calcite/adapter/java/JavaTypeFactory.java,0,0,0.040859598958721516
1.14.0,core/src/main/java/org/apache/calcite/adapter/java/Map.java,0,0,0.13208581129782843
1.14.0,core/src/main/java/org/apache/calcite/adapter/jdbc/JdbcConvention.java,0,0,0.17909863624180927
1.14.0,core/src/main/java/org/apache/calcite/adapter/jdbc/JdbcQueryProvider.java,0,0,0.04333124349997678
1.14.0,core/src/main/java/org/apache/calcite/adapter/jdbc/JdbcRel.java,0,0,0.05955747661207588
1.14.0,core/src/main/java/org/apache/calcite/adapter/jdbc/JdbcToEnumerableConverter.java,0,0,0.26021549917053005
1.14.0,core/src/main/java/org/apache/calcite/adapter/jdbc/JdbcToEnumerableConverterRule.java,0,0,0.035895214176990604
1.14.0,core/src/main/java/org/apache/calcite/adapter/jdbc/JdbcUtils.java,0,0,0.38127405829745387
1.14.0,core/src/main/java/org/apache/calcite/plan/hep/HepMatchOrder.java,0,0,0.06020077300072269
1.14.0,core/src/main/java/org/apache/calcite/plan/hep/HepProgram.java,0,0,0.44414644719865387
1.14.0,core/src/main/java/org/apache/calcite/plan/hep/HepProgramBuilder.java,0,0,0.068405083047359
1.14.0,core/src/main/java/org/apache/calcite/plan/hep/HepRelMetadataProvider.java,0,0,0.2115512746268527
1.14.0,core/src/main/java/org/apache/calcite/plan/hep/HepRelVertex.java,0,0,0.10253303720694575
1.14.0,core/src/main/java/org/apache/calcite/plan/volcano/AbstractConverter.java,0,0,0.3131027799733701
1.14.0,core/src/main/java/org/apache/calcite/plan/volcano/ChainedPhaseRuleMappingInitializer.java,0,0,0.09825250858748855
1.14.0,core/src/main/java/org/apache/calcite/plan/volcano/VolcanoCost.java,0,0,0.00031614384080775763
1.14.0,core/src/main/java/org/apache/calcite/plan/volcano/VolcanoPlannerPhase.java,0,0,0.06020077300072269
1.14.0,core/src/main/java/org/apache/calcite/plan/volcano/VolcanoPlannerPhaseRuleMappingInitializer.java,0,0,0.09825250858748855
1.14.0,core/src/main/java/org/apache/calcite/plan/volcano/VolcanoRelMetadataProvider.java,0,0,0.2274052656630079
1.14.0,core/src/main/java/org/apache/calcite/rel/convert/Converter.java,0,0,0.09825250858748855
1.14.0,core/src/main/java/org/apache/calcite/rel/convert/ConverterRule.java,0,0,0.3190083995070071
1.14.0,core/src/main/java/org/apache/calcite/rel/convert/NoneConverter.java,0,0,0.09825250858748855
1.14.0,core/src/main/java/org/apache/calcite/rel/convert/TraitMatchingRule.java,0,0,0.09825250858748855
1.14.0,core/src/main/java/org/apache/calcite/rel/core/Collect.java,0,0,0.2194109659962572
1.14.0,core/src/main/java/org/apache/calcite/rel/core/CorrelationId.java,0,0,0.13757977898504042
1.14.0,core/src/main/java/org/apache/calcite/rel/core/EquiJoin.java,0,0,0.06525184668492139
1.14.0,core/src/main/java/org/apache/calcite/rel/core/Exchange.java,0,0,0.2801189333333625
1.14.0,core/src/main/java/org/apache/calcite/rel/core/Intersect.java,0,0,0.08709426349687548
1.14.0,core/src/main/java/org/apache/calcite/rel/core/JoinInfo.java,0,0,0.17754983664311325
1.14.0,core/src/main/java/org/apache/calcite/rel/core/Minus.java,0,0,0.08307742784794431
1.14.0,core/src/main/java/org/apache/calcite/rel/core/Sample.java,0,0,0.12263852528680019
1.14.0,core/src/main/java/org/apache/calcite/rel/core/SortExchange.java,0,0,0.10729310832890886
1.14.0,core/src/main/java/org/apache/calcite/rel/core/TableFunctionScan.java,0,0,0.20154478830580488
1.14.0,core/src/main/java/org/apache/calcite/rel/core/Uncollect.java,0,0,0.1568702444195305
1.14.0,core/src/main/java/org/apache/calcite/rel/logical/LogicalCalc.java,0,0,0.156031313043751
1.14.0,core/src/main/java/org/apache/calcite/rel/logical/LogicalExchange.java,0,0,0.34902013940320054
1.14.0,core/src/main/java/org/apache/calcite/rel/logical/LogicalFilter.java,0,0,0.46695977011028883
1.14.0,core/src/main/java/org/apache/calcite/rel/logical/LogicalIntersect.java,0,0,0.0635370404519035
1.14.0,core/src/main/java/org/apache/calcite/rel/logical/LogicalJoin.java,0,0,0.1758615846562501
1.14.0,core/src/main/java/org/apache/calcite/rel/logical/LogicalMinus.java,0,0,0.19672982971804698
1.14.0,core/src/main/java/org/apache/calcite/rel/logical/LogicalSort.java,0,0,0.27568673165415136
1.14.0,core/src/main/java/org/apache/calcite/rel/logical/LogicalTableFunctionScan.java,0,0,0.19923877241378304
1.14.0,core/src/main/java/org/apache/calcite/rel/logical/LogicalTableScan.java,0,0,0.29704604086053127
1.14.0,core/src/main/java/org/apache/calcite/rel/logical/LogicalUnion.java,0,0,0.19672982971804698
1.14.0,core/src/main/java/org/apache/calcite/rel/logical/LogicalValues.java,0,0,0.4114408493058084
1.14.0,core/src/main/java/org/apache/calcite/rel/metadata/CyclicMetadataException.java,0,0,0.06641623290867986
1.14.0,core/src/main/java/org/apache/calcite/rel/metadata/Metadata.java,0,0,0.09825250858748855
1.14.0,core/src/main/java/org/apache/calcite/rel/metadata/MetadataDef.java,0,0,0.438057615329554
1.14.0,core/src/main/java/org/apache/calcite/rel/metadata/MetadataFactory.java,0,0,0.09825250858748855
1.14.0,core/src/main/java/org/apache/calcite/rel/metadata/MetadataHandler.java,0,0,0.14949633305364685
1.14.0,core/src/main/java/org/apache/calcite/rel/metadata/NullSentinel.java,0,0,0.41274200007930917
1.14.0,core/src/main/java/org/apache/calcite/rel/metadata/RelColumnMapping.java,0,0,0.06850338408925688
1.14.0,core/src/main/java/org/apache/calcite/rel/metadata/RelColumnOrigin.java,0,0,0.3293855007843856
1.14.0,core/src/main/java/org/apache/calcite/rel/metadata/RelMdColumnOrigins.java,0,0,0.20963574186719078
1.14.0,core/src/main/java/org/apache/calcite/rel/metadata/RelMdDistinctRowCount.java,0,0,0.009235955568167963
1.14.0,core/src/main/java/org/apache/calcite/rel/metadata/RelMdDistribution.java,0,0,0.07266860576442569
1.14.0,core/src/main/java/org/apache/calcite/rel/metadata/RelMdExplainVisibility.java,0,0,0.0534903231740956
1.14.0,core/src/main/java/org/apache/calcite/rel/metadata/RelMdMemory.java,0,0,0.030913438183642904
1.14.0,core/src/main/java/org/apache/calcite/rel/metadata/RelMdParallelism.java,0,0,0.014579536364976931
1.14.0,core/src/main/java/org/apache/calcite/rel/metadata/RelMdPercentageOriginalRows.java,0,0,0.2703398456255226
1.14.0,core/src/main/java/org/apache/calcite/rel/metadata/RelMdPopulationSize.java,0,0,0.08890847509031699
1.14.0,core/src/main/java/org/apache/calcite/rel/metadata/RelMdRowCount.java,0,0,0.05952060762457003
1.14.0,core/src/main/java/org/apache/calcite/rel/metadata/RelMdSelectivity.java,0,0,0.06628711247949014
1.14.0,core/src/main/java/org/apache/calcite/rel/metadata/RelMdUniqueKeys.java,0,0,0.21677611775172287
1.14.0,core/src/main/java/org/apache/calcite/rel/metadata/UnboundMetadata.java,0,0,0.14361756852381308
1.14.0,core/src/main/java/org/apache/calcite/rel/rules/AggregateRemoveRule.java,0,1,0.5870069662096631
1.14.0,core/src/main/java/org/apache/calcite/rel/rules/AggregateStarTableRule.java,0,0,0.21130299530962493
1.14.0,core/src/main/java/org/apache/calcite/rel/rules/CalcMergeRule.java,0,0,0.28296898691508715
1.14.0,core/src/main/java/org/apache/calcite/rel/rules/CalcRemoveRule.java,0,0,0.04630253849609431
1.14.0,core/src/main/java/org/apache/calcite/rel/rules/CalcSplitRule.java,0,0,0.03673180738095297
1.14.0,core/src/main/java/org/apache/calcite/rel/rules/CoerceInputsRule.java,0,0,0.36078939926186254
1.14.0,core/src/main/java/org/apache/calcite/rel/rules/EquiJoin.java,0,0,0.09825250858748855
1.14.0,core/src/main/java/org/apache/calcite/rel/rules/FilterCalcMergeRule.java,0,0,0.04809194809064622
1.14.0,core/src/main/java/org/apache/calcite/rel/rules/FilterCorrelateRule.java,0,0,0.4164041289335136
1.14.0,core/src/main/java/org/apache/calcite/rel/rules/FilterJoinRule.java,0,0,0.338644628241684
1.14.0,core/src/main/java/org/apache/calcite/rel/rules/FilterMergeRule.java,0,0,0.07527812050533889
1.14.0,core/src/main/java/org/apache/calcite/rel/rules/FilterMultiJoinMergeRule.java,0,0,0.07288920135135485
1.14.0,core/src/main/java/org/apache/calcite/rel/rules/FilterSetOpTransposeRule.java,0,0,0.37758630636494506
1.14.0,core/src/main/java/org/apache/calcite/rel/rules/FilterTableFunctionTransposeRule.java,0,0,0.07288920135135485
1.14.0,core/src/main/java/org/apache/calcite/rel/rules/FilterToCalcRule.java,0,0,0.0441790503962989
1.14.0,core/src/main/java/org/apache/calcite/rel/rules/JoinAddRedundantSemiJoinRule.java,0,0,0.25443800397392485
1.14.0,core/src/main/java/org/apache/calcite/rel/rules/JoinAssociateRule.java,0,0,0.27925004169313405
1.14.0,core/src/main/java/org/apache/calcite/rel/rules/JoinPushExpressionsRule.java,0,0,0.3892153115842171
1.14.0,core/src/main/java/org/apache/calcite/rel/rules/JoinPushTransitivePredicatesRule.java,0,1,0.867482270719313
1.14.0,core/src/main/java/org/apache/calcite/rel/rules/JoinToCorrelateRule.java,0,0,0.09825250858748855
1.14.0,core/src/main/java/org/apache/calcite/rel/rules/JoinToMultiJoinRule.java,0,0,0.49717311026463873
1.14.0,core/src/main/java/org/apache/calcite/rel/rules/JoinUnionTransposeRule.java,0,0,0.3028362210928933
1.14.0,core/src/main/java/org/apache/calcite/rel/rules/LoptJoinTree.java,0,0,0.04585622539700627
1.14.0,core/src/main/java/org/apache/calcite/rel/rules/MultiJoin.java,0,0,0.320834066633499
1.14.0,core/src/main/java/org/apache/calcite/rel/rules/MultiJoinProjectTransposeRule.java,0,0,0.22457858002982586
1.14.0,core/src/main/java/org/apache/calcite/rel/rules/ProjectCalcMergeRule.java,0,0,0.055861986869911597
1.14.0,core/src/main/java/org/apache/calcite/rel/rules/ProjectMergeRule.java,0,0,0.21463262097472174
1.14.0,core/src/main/java/org/apache/calcite/rel/rules/ProjectMultiJoinMergeRule.java,0,0,0.07288920135135485
1.14.0,core/src/main/java/org/apache/calcite/rel/rules/ProjectToCalcRule.java,0,0,0.0441790503962989
1.14.0,core/src/main/java/org/apache/calcite/rel/rules/SemiJoinJoinTransposeRule.java,0,0,0.27955087960278535
1.14.0,core/src/main/java/org/apache/calcite/rel/rules/SemiJoinRemoveRule.java,0,0,0.0441790503962989
1.14.0,core/src/main/java/org/apache/calcite/rel/rules/SortRemoveRule.java,0,0,0.28551470383180183
1.14.0,core/src/main/java/org/apache/calcite/rel/rules/SortUnionTransposeRule.java,0,1,0.5430292874945014
1.14.0,core/src/main/java/org/apache/calcite/rel/rules/TableScanRule.java,0,0,0.011694428178480714
1.14.0,core/src/main/java/org/apache/calcite/rel/rules/UnionEliminatorRule.java,0,0,0.07288920135135485
1.14.0,core/src/main/java/org/apache/calcite/rel/rules/UnionToDistinctRule.java,0,0,0.3732584782124409
1.14.0,core/src/main/java/org/apache/calcite/rel/stream/Chi.java,0,0,0.08782624217804047
1.14.0,core/src/main/java/org/apache/calcite/rel/stream/Delta.java,0,0,0.09227505734446365
1.14.0,core/src/main/java/org/apache/calcite/rel/stream/LogicalChi.java,0,0,0.10906765144201687
1.14.0,core/src/main/java/org/apache/calcite/rel/stream/LogicalDelta.java,0,0,0.06485232920070244
1.14.0,core/src/main/java/org/apache/calcite/rel/type/DynamicRecordType.java,0,0,0.10111208841993882
1.14.0,core/src/main/java/org/apache/calcite/rel/type/RelCrossType.java,0,0,0.4466915133520311
1.14.0,core/src/main/java/org/apache/calcite/rel/type/RelDataTypeComparability.java,0,0,0.06020077300072269
1.14.0,core/src/main/java/org/apache/calcite/rel/type/RelDataTypeFamily.java,0,0,0.09825250858748855
1.14.0,core/src/main/java/org/apache/calcite/rel/type/RelDataTypeFieldImpl.java,0,0,0.2845853933055947
1.14.0,core/src/main/java/org/apache/calcite/rel/type/RelProtoDataType.java,0,0,0.09825250858748855
1.14.0,core/src/main/java/org/apache/calcite/schema/impl/AbstractTableQueryable.java,0,0,0.07588357305205687
1.14.0,core/src/main/java/org/apache/calcite/schema/impl/StarTable.java,0,0,0.20150202410132761
1.14.0,core/src/main/java/org/apache/calcite/sql/advise/SqlAdvisorGetHintsFunction.java,0,1,0.5795732199590041
1.14.0,core/src/main/java/org/apache/calcite/sql/advise/SqlAdvisorHint.java,0,1,0.5135823079739225
1.14.0,core/src/main/java/org/apache/calcite/sql/fun/SqlAbstractTimeFunction.java,0,0,0.3401885972005775
1.14.0,core/src/main/java/org/apache/calcite/sql/fun/SqlArgumentAssignmentOperator.java,0,0,0.12612885890206793
1.14.0,core/src/main/java/org/apache/calcite/sql/fun/SqlArrayQueryConstructor.java,0,0,0.06020077300072269
1.14.0,core/src/main/java/org/apache/calcite/sql/fun/SqlArrayValueConstructor.java,0,0,0.256272173028807
1.14.0,core/src/main/java/org/apache/calcite/sql/fun/SqlCase.java,0,0,0.32517593848067666
1.14.0,core/src/main/java/org/apache/calcite/sql/fun/SqlCollectionTableOperator.java,0,0,0.09440744421056918
1.14.0,core/src/main/java/org/apache/calcite/sql/fun/SqlColumnListConstructor.java,0,0,0.07926910573841496
1.14.0,core/src/main/java/org/apache/calcite/sql/fun/SqlConvertFunction.java,0,0,0.25584146590749374
1.14.0,core/src/main/java/org/apache/calcite/sql/fun/SqlCovarAggFunction.java,0,0,0.4629238832386019
1.14.0,core/src/main/java/org/apache/calcite/sql/fun/SqlCurrentDateFunction.java,0,0,0.06823736964368453
1.14.0,core/src/main/java/org/apache/calcite/sql/fun/SqlCursorConstructor.java,0,0,0.21766556002463502
1.14.0,core/src/main/java/org/apache/calcite/sql/fun/SqlDefaultOperator.java,0,0,0.12612885890206793
1.14.0,core/src/main/java/org/apache/calcite/sql/fun/SqlExtendOperator.java,0,1,0.5780878160917923
1.14.0,core/src/main/java/org/apache/calcite/sql/fun/SqlLeadLagAggFunction.java,0,0,0.27125185729028795
1.14.0,core/src/main/java/org/apache/calcite/sql/fun/SqlMapQueryConstructor.java,0,0,0.06020077300072269
1.14.0,core/src/main/java/org/apache/calcite/sql/fun/SqlMapValueConstructor.java,0,0,0.4284034360008348
1.14.0,core/src/main/java/org/apache/calcite/sql/fun/SqlMonotonicBinaryOperator.java,0,0,0.3846012831598694
1.14.0,core/src/main/java/org/apache/calcite/sql/fun/SqlMonotonicUnaryFunction.java,0,0,0.09257651283630515
1.14.0,core/src/main/java/org/apache/calcite/sql/fun/SqlMultisetMemberOfOperator.java,0,0,0.3242540844787364
1.14.0,core/src/main/java/org/apache/calcite/sql/fun/SqlMultisetQueryConstructor.java,0,0,0.13134893490301025
1.14.0,core/src/main/java/org/apache/calcite/sql/fun/SqlMultisetSetOperator.java,0,0,0.14697052773460348
1.14.0,core/src/main/java/org/apache/calcite/sql/fun/SqlNewOperator.java,0,0,0.07086238994670795
1.14.0,core/src/main/java/org/apache/calcite/sql/fun/SqlNtileAggFunction.java,0,0,0.18327554881540603
1.14.0,core/src/main/java/org/apache/calcite/sql/fun/SqlOverlayFunction.java,0,1,0.605641291191734
1.14.0,core/src/main/java/org/apache/calcite/sql/fun/SqlRollupOperator.java,0,1,0.5713934402870932
1.14.0,core/src/main/java/org/apache/calcite/sql/fun/SqlSequenceValueOperator.java,0,0,0.3776554305666075
1.14.0,core/src/main/java/org/apache/calcite/sql/fun/SqlSubstringFunction.java,0,0,0.35193019554528104
1.14.0,core/src/main/java/org/apache/calcite/sql/fun/SqlThrowOperator.java,0,0,0.0627316301459049
1.14.0,core/src/main/java/org/apache/calcite/sql/fun/SqlTranslate3Function.java,0,0,0.4303794751666614
1.14.0,core/src/main/java/org/apache/calcite/sql/fun/SqlTrimFunction.java,1,1,0.7881201642426094
1.14.0,core/src/main/java/org/apache/calcite/sql/parser/SqlParseException.java,0,0,0.39063888806863517
1.14.0,core/src/main/java/org/apache/calcite/sql/parser/SqlParserImplFactory.java,0,0,0.09825250858748855
1.14.0,core/src/main/java/org/apache/calcite/sql/pretty/SqlFormatOptions.java,0,0,0.052293930990650016
1.14.0,core/src/main/java/org/apache/calcite/sql/type/AbstractSqlType.java,0,0,0.3149466808387385
1.14.0,core/src/main/java/org/apache/calcite/sql/type/AssignableOperandTypeChecker.java,0,0,0.060687201639080535
1.14.0,core/src/main/java/org/apache/calcite/sql/type/ComparableOperandTypeChecker.java,0,0,0.30811201548244976
1.14.0,core/src/main/java/org/apache/calcite/sql/type/CompositeSingleOperandTypeChecker.java,0,0,0.36934730305197355
1.14.0,core/src/main/java/org/apache/calcite/sql/type/CursorReturnTypeInference.java,0,0,0.09825250858748855
1.14.0,core/src/main/java/org/apache/calcite/sql/type/ExplicitOperandTypeInference.java,0,0,0.41791171267676025
1.14.0,core/src/main/java/org/apache/calcite/sql/type/ExplicitReturnTypeInference.java,0,0,0.27137732949432064
1.14.0,core/src/main/java/org/apache/calcite/sql/type/FamilyOperandTypeChecker.java,0,0,0.3342916166969957
1.14.0,core/src/main/java/org/apache/calcite/sql/type/InferTypes.java,0,0,0.06993192010479428
1.14.0,core/src/main/java/org/apache/calcite/sql/type/LiteralOperandTypeChecker.java,0,0,0.36861819013564573
1.14.0,core/src/main/java/org/apache/calcite/sql/type/MapSqlType.java,0,0,0.34437393522358994
1.14.0,core/src/main/java/org/apache/calcite/sql/type/MultisetOperandTypeChecker.java,0,0,0.24437334269166197
1.14.0,core/src/main/java/org/apache/calcite/sql/type/ObjectSqlType.java,0,0,0.07729228340339554
1.14.0,core/src/main/java/org/apache/calcite/sql/type/OperandsTypeChecking.java,0,0,0.00010808532118823621
1.14.0,core/src/main/java/org/apache/calcite/sql/type/OrdinalReturnTypeInference.java,0,0,0.06020077300072269
1.14.0,core/src/main/java/org/apache/calcite/sql/type/SetopOperandTypeChecker.java,0,0,0.3243129186257603
1.14.0,core/src/main/java/org/apache/calcite/sql/type/SqlOperandCountRanges.java,0,0,0.11283464107797675
1.14.0,core/src/main/java/org/apache/calcite/sql/type/SqlOperandTypeChecker.java,0,0,0.06020077300072269
1.14.0,core/src/main/java/org/apache/calcite/sql/type/SqlOperandTypeInference.java,0,0,0.13478376613619714
1.14.0,core/src/main/java/org/apache/calcite/sql/type/SqlReturnTypeInference.java,0,0,0.09825250858748855
1.14.0,core/src/main/java/org/apache/calcite/sql/type/SqlReturnTypeInferenceChain.java,0,0,0.427245805525286
1.14.0,core/src/main/java/org/apache/calcite/sql/type/SqlSingleOperandTypeChecker.java,0,0,0.22457858002982586
1.14.0,core/src/main/java/org/apache/calcite/sql/type/SqlTypeTransform.java,0,0,0.09825250858748855
1.14.0,core/src/main/java/org/apache/calcite/sql/type/SqlTypeTransformCascade.java,0,0,0.39558245943746617
1.14.0,core/src/main/java/org/apache/calcite/sql/type/SqlTypeTransforms.java,0,0,0.1252459814559504
1.14.0,core/src/main/java/org/apache/calcite/sql/type/TableFunctionReturnTypeInference.java,0,0,0.09825250858748855
1.14.0,core/src/main/java/org/apache/calcite/sql/util/ChainedSqlOperatorTable.java,0,0,0.11867939711372788
1.14.0,core/src/main/java/org/apache/calcite/sql/util/SqlBuilder.java,0,0,0.3950166697683075
1.14.0,core/src/main/java/org/apache/calcite/sql/util/SqlShuttle.java,0,0,0.3349229942596143
1.14.0,core/src/main/java/org/apache/calcite/sql/util/SqlString.java,0,0,0.2394365451059114
1.14.0,core/src/main/java/org/apache/calcite/sql/util/SqlVisitor.java,0,0,0.09825250858748855
1.14.0,core/src/main/java/org/apache/calcite/sql/validate/AggregatingScope.java,0,0,0.09825250858748855
1.14.0,core/src/main/java/org/apache/calcite/sql/validate/AliasNamespace.java,0,0,0.2910674646116275
1.14.0,core/src/main/java/org/apache/calcite/sql/validate/CollectNamespace.java,0,0,0.30995216409407983
1.14.0,core/src/main/java/org/apache/calcite/sql/validate/CollectScope.java,0,0,0.24178078584668772
1.14.0,core/src/main/java/org/apache/calcite/sql/validate/DelegatingSqlValidatorTable.java,0,0,0.09825250858748855
1.14.0,core/src/main/java/org/apache/calcite/sql/validate/FieldNamespace.java,0,0,0.26507016404367845
1.14.0,core/src/main/java/org/apache/calcite/sql/validate/JoinNamespace.java,0,0,0.3901427056307579
1.14.0,core/src/main/java/org/apache/calcite/sql/validate/OverScope.java,0,0,0.09825250858748855
1.14.0,core/src/main/java/org/apache/calcite/sql/validate/ParameterNamespace.java,0,0,0.2209329903350204
1.14.0,core/src/main/java/org/apache/calcite/sql/validate/ProcedureNamespace.java,0,0,0.38738104379240973
1.14.0,core/src/main/java/org/apache/calcite/sql/validate/SchemaNamespace.java,0,0,0.2659296985520905
1.14.0,core/src/main/java/org/apache/calcite/sql/validate/SelectNamespace.java,0,0,0.06020077300072269
1.14.0,core/src/main/java/org/apache/calcite/sql/validate/SelectScope.java,0,1,0.5046252811987928
1.14.0,core/src/main/java/org/apache/calcite/sql/validate/SqlModality.java,0,0,0.06713922811889074
1.14.0,core/src/main/java/org/apache/calcite/sql/validate/SqlMoniker.java,0,0,0.2729212847112525
1.14.0,core/src/main/java/org/apache/calcite/sql/validate/SqlMonikerImpl.java,0,0,0.2509992765483553
1.14.0,core/src/main/java/org/apache/calcite/sql/validate/SqlMonikerType.java,0,0,0.06020077300072269
1.14.0,core/src/main/java/org/apache/calcite/sql/validate/SqlMonotonicity.java,0,0,0.2727403720347253
1.14.0,core/src/main/java/org/apache/calcite/sql/validate/SqlScopedShuttle.java,0,0,0.06020077300072269
1.14.0,core/src/main/java/org/apache/calcite/sql/validate/SqlUserDefinedTableMacro.java,0,1,0.5333239233800641
1.14.0,core/src/main/java/org/apache/calcite/sql/validate/SqlValidatorException.java,0,0,0.05504866676767434
1.14.0,core/src/main/java/org/apache/calcite/sql/validate/SqlValidatorWithHints.java,0,0,0.09825250858748855
1.14.0,core/src/main/java/org/apache/calcite/sql/validate/TableConstructorNamespace.java,0,0,0.35509524535512915
1.14.0,core/src/main/java/org/apache/calcite/sql/validate/UnnestNamespace.java,0,0,0.34604222218528174
1.14.0,core/src/main/java/org/apache/calcite/sql/validate/WithItemNamespace.java,0,0,0.4481669547408397
1.14.0,core/src/main/java/org/apache/calcite/sql/validate/WithNamespace.java,0,0,0.3342916166969957
1.14.0,core/src/main/java/org/apache/calcite/util/graph/BreadthFirstIterator.java,0,0,0.28084415482017344
1.14.0,core/src/main/java/org/apache/calcite/util/graph/CycleDetector.java,0,0,0.06020077300072269
1.14.0,core/src/main/java/org/apache/calcite/util/graph/DefaultDirectedGraph.java,0,1,0.900194740180233
1.14.0,core/src/main/java/org/apache/calcite/util/graph/DefaultEdge.java,0,0,0.32036502527313127
1.14.0,core/src/main/java/org/apache/calcite/util/graph/DepthFirstIterator.java,0,0,0.25233883018863634
1.14.0,core/src/main/java/org/apache/calcite/util/graph/DirectedGraph.java,0,0,0.09825250858748855
1.14.0,core/src/main/java/org/apache/calcite/util/graph/Graphs.java,0,1,0.5998539302902998
1.14.0,core/src/main/java/org/apache/calcite/util/graph/TopologicalOrderIterator.java,0,0,0.47702012877116756
1.14.0,core/src/main/java/org/apache/calcite/util/javac/JavaCompiler.java,0,0,0.09825250858748855
1.14.0,core/src/main/java/org/apache/calcite/util/javac/JavaCompilerArgs.java,0,0,0.11199498740611168
1.14.0,core/src/main/java/org/apache/calcite/util/mapping/AbstractSourceMapping.java,0,0,0.009605800967350114
1.14.0,core/src/main/java/org/apache/calcite/util/mapping/AbstractTargetMapping.java,0,0,0.00913815431608099
1.14.0,core/src/main/java/org/apache/calcite/util/mapping/IntPair.java,0,0,0.099286969948634
1.14.0,core/src/main/java/org/apache/calcite/util/mapping/Mapping.java,0,0,0.09825250858748855
1.14.0,core/src/main/java/org/apache/calcite/util/mapping/Mappings.java,0,0,0.21477816006188444
1.14.0,core/src/main/java/org/apache/calcite/util/mapping/MappingType.java,0,1,0.6042501435569857
1.14.0,core/src/main/java/org/apache/calcite/util/trace/CalciteLogger.java,0,0,0.00020928620818550672
1.14.0,core/src/main/java/org/apache/calcite/adapter/enumerable/impl/WinAggAddContextImpl.java,0,0,0.05249635038551064
1.14.0,core/src/main/java/org/apache/calcite/adapter/enumerable/impl/WinAggResetContextImpl.java,0,0,0.18696499132356337
1.14.0,cassandra/src/main/java/org/apache/calcite/adapter/cassandra/CassandraFilter.java,0,0,0.2511130673204748
1.14.0,cassandra/src/main/java/org/apache/calcite/adapter/cassandra/CassandraMethod.java,0,0,0.14871843704761747
1.14.0,cassandra/src/main/java/org/apache/calcite/adapter/cassandra/CassandraProject.java,0,0,0.14871843704761747
1.14.0,cassandra/src/main/java/org/apache/calcite/adapter/cassandra/CassandraRel.java,0,0,0.40201833333940873
1.14.0,cassandra/src/main/java/org/apache/calcite/adapter/cassandra/CassandraTableScan.java,0,0,0.15449566393381153
1.14.0,cassandra/src/main/java/org/apache/calcite/adapter/cassandra/CassandraToEnumerableConverter.java,0,0,0.149806155745562
1.14.0,cassandra/src/main/java/org/apache/calcite/adapter/cassandra/CassandraToEnumerableConverterRule.java,0,0,0.14802655059898367
1.14.0,druid/src/main/java/org/apache/calcite/adapter/druid/DruidConnection.java,0,0,0.15705441653158955
1.14.0,druid/src/main/java/org/apache/calcite/adapter/druid/DruidResultEnumerator.java,0,0,0.15705441653158955
1.14.0,mongodb/src/main/java/org/apache/calcite/adapter/mongodb/MongoAggregate.java,0,1,0.6969436459260692
1.14.0,mongodb/src/main/java/org/apache/calcite/adapter/mongodb/MongoEnumerator.java,0,0,0.3662257996562611
1.14.0,mongodb/src/main/java/org/apache/calcite/adapter/mongodb/MongoFilter.java,0,0,0.29456225480355974
1.14.0,mongodb/src/main/java/org/apache/calcite/adapter/mongodb/MongoMethod.java,0,0,0.09825250858748855
1.14.0,mongodb/src/main/java/org/apache/calcite/adapter/mongodb/MongoProject.java,0,0,0.09825250858748855
1.14.0,mongodb/src/main/java/org/apache/calcite/adapter/mongodb/MongoRel.java,0,0,0.13241372425929304
1.14.0,mongodb/src/main/java/org/apache/calcite/adapter/mongodb/MongoSchema.java,0,0,0.082286797038689
1.14.0,mongodb/src/main/java/org/apache/calcite/adapter/mongodb/MongoSchemaFactory.java,0,0,0.08772756344635671
1.14.0,mongodb/src/main/java/org/apache/calcite/adapter/mongodb/MongoSort.java,0,0,0.3489533434753547
1.14.0,mongodb/src/main/java/org/apache/calcite/adapter/mongodb/MongoTableScan.java,0,0,0.1023048989581515
1.14.0,mongodb/src/main/java/org/apache/calcite/adapter/mongodb/MongoToEnumerableConverter.java,0,0,0.08635872054618365
1.14.0,mongodb/src/main/java/org/apache/calcite/adapter/mongodb/MongoToEnumerableConverterRule.java,0,0,0.07288920135135485
1.14.0,plus/src/main/java/org/apache/calcite/adapter/tpcds/TpcdsSchemaFactory.java,0,0,0.22316838412666462
1.14.0,plus/src/main/java/org/apache/calcite/adapter/tpch/TpchSchemaFactory.java,0,0,0.08772756344635671
1.14.0,spark/src/main/java/org/apache/calcite/adapter/spark/EnumerableToSparkConverter.java,0,0,0.35635934697773464
1.14.0,spark/src/main/java/org/apache/calcite/adapter/spark/EnumerableToSparkConverterRule.java,0,0,0.07288920135135485
1.14.0,spark/src/main/java/org/apache/calcite/adapter/spark/HttpServer.java,0,0,0.008578144900010179
1.14.0,spark/src/main/java/org/apache/calcite/adapter/spark/JdbcToSparkConverter.java,0,0,0.07362404726970156
1.14.0,spark/src/main/java/org/apache/calcite/adapter/spark/JdbcToSparkConverterRule.java,0,0,0.09825250858748855
1.14.0,spark/src/main/java/org/apache/calcite/adapter/spark/SparkMethod.java,0,0,0.2190093119083391
1.14.0,spark/src/main/java/org/apache/calcite/adapter/spark/SparkRel.java,0,0,0.26263823583330026
1.14.0,spark/src/main/java/org/apache/calcite/adapter/spark/SparkToEnumerableConverter.java,0,0,0.20502604566934685
1.14.0,splunk/src/main/java/org/apache/calcite/adapter/splunk/SplunkDriver.java,0,0,0.08924015894066867
1.14.0,splunk/src/main/java/org/apache/calcite/adapter/splunk/SplunkDriverVersion.java,0,0,0.06020077300072269
1.14.0,splunk/src/main/java/org/apache/calcite/adapter/splunk/SplunkQuery.java,0,0,0.09825250858748855
1.14.0,splunk/src/main/java/org/apache/calcite/adapter/splunk/SplunkSchema.java,0,0,0.09825250858748855
1.14.0,splunk/src/main/java/org/apache/calcite/adapter/splunk/SplunkTableScan.java,0,0,0.3387913151050967
1.14.0,splunk/src/main/java/org/apache/calcite/adapter/splunk/search/SearchResultListener.java,0,0,0.1375442137454572
1.14.0,splunk/src/main/java/org/apache/calcite/adapter/splunk/search/SplunkConnection.java,0,0,0.09825250858748855
1.14.0,splunk/src/main/java/org/apache/calcite/adapter/splunk/util/StringUtils.java,0,0,0.0010752692016321617
1.14.0,piglet/src/main/java/org/apache/calcite/piglet/Handler.java,0,1,0.5998141145773241
1.14.0,linq4j/src/main/java/org/apache/calcite/linq4j/AbstractEnumerable.java,0,0,0.06020077300072269
1.14.0,linq4j/src/main/java/org/apache/calcite/linq4j/AbstractEnumerable2.java,0,0,0.06020077300072269
1.14.0,linq4j/src/main/java/org/apache/calcite/linq4j/AbstractQueryable.java,0,0,0.00046957335626179094
1.14.0,linq4j/src/main/java/org/apache/calcite/linq4j/BaseQueryable.java,0,0,0.0006547595154678263
1.14.0,linq4j/src/main/java/org/apache/calcite/linq4j/CartesianProductEnumerator.java,0,0,0.08679635686762753
1.14.0,linq4j/src/main/java/org/apache/calcite/linq4j/CorrelateJoinType.java,0,0,0.06184008692819909
1.14.0,linq4j/src/main/java/org/apache/calcite/linq4j/DefaultQueryable.java,0,0,0.10296601664382535
1.14.0,linq4j/src/main/java/org/apache/calcite/linq4j/DelegatingEnumerator.java,0,0,0.12803935295922728
1.14.0,linq4j/src/main/java/org/apache/calcite/linq4j/Enumerable.java,0,0,0.09825250858748855
1.14.0,linq4j/src/main/java/org/apache/calcite/linq4j/EnumerableOrderedQueryable.java,0,0,0.09825250858748855
1.14.0,linq4j/src/main/java/org/apache/calcite/linq4j/EnumerableQueryable.java,0,0,0.09749885345066925
1.14.0,linq4j/src/main/java/org/apache/calcite/linq4j/Enumerator.java,0,0,0.30537942558543474
1.14.0,linq4j/src/main/java/org/apache/calcite/linq4j/ExtendedOrderedEnumerable.java,0,0,0.09825250858748855
1.14.0,linq4j/src/main/java/org/apache/calcite/linq4j/ExtendedOrderedQueryable.java,0,0,0.09825250858748855
1.14.0,linq4j/src/main/java/org/apache/calcite/linq4j/ExtendedQueryable.java,0,0,0.0004601742803591066
1.14.0,linq4j/src/main/java/org/apache/calcite/linq4j/Extensions.java,0,0,0.14591017954695162
1.14.0,linq4j/src/main/java/org/apache/calcite/linq4j/Grouping.java,0,0,0.09825250858748855
1.14.0,linq4j/src/main/java/org/apache/calcite/linq4j/GroupingImpl.java,0,0,0.1125114181940763
1.14.0,linq4j/src/main/java/org/apache/calcite/linq4j/Lookup.java,0,0,0.09825250858748855
1.14.0,linq4j/src/main/java/org/apache/calcite/linq4j/LookupImpl.java,0,0,0.18304634364316183
1.14.0,linq4j/src/main/java/org/apache/calcite/linq4j/OpType.java,0,0,0.09825250858748855
1.14.0,linq4j/src/main/java/org/apache/calcite/linq4j/OrderedEnumerable.java,0,0,0.09825250858748855
1.14.0,linq4j/src/main/java/org/apache/calcite/linq4j/OrderedQueryable.java,0,0,0.09825250858748855
1.14.0,linq4j/src/main/java/org/apache/calcite/linq4j/PackageMarker.java,0,0,0.10315646999317578
1.14.0,linq4j/src/main/java/org/apache/calcite/linq4j/Queryable.java,0,0,0.09825250858748855
1.14.0,linq4j/src/main/java/org/apache/calcite/linq4j/QueryableFactory.java,0,0,0.09825250858748855
1.14.0,linq4j/src/main/java/org/apache/calcite/linq4j/QueryableRecorder.java,0,0,0.10288039207895729
1.14.0,linq4j/src/main/java/org/apache/calcite/linq4j/QueryProvider.java,0,0,0.09825250858748855
1.14.0,linq4j/src/main/java/org/apache/calcite/linq4j/RawEnumerable.java,0,0,0.09825250858748855
1.14.0,linq4j/src/main/java/org/apache/calcite/linq4j/RawQueryable.java,0,0,0.09825250858748855
1.14.0,linq4j/src/main/java/org/apache/calcite/linq4j/TransformedEnumerator.java,0,0,0.08228034620700016
1.14.0,linq4j/src/main/java/org/apache/calcite/linq4j/function/BigDecimalFunction1.java,0,0,0.00029659371390839724
1.14.0,linq4j/src/main/java/org/apache/calcite/linq4j/function/Deterministic.java,0,0,0.22444619167605162
1.14.0,linq4j/src/main/java/org/apache/calcite/linq4j/function/DoubleFunction1.java,0,0,0.0004601742803591066
1.14.0,linq4j/src/main/java/org/apache/calcite/linq4j/function/EqualityComparer.java,0,0,0.09825250858748855
1.14.0,linq4j/src/main/java/org/apache/calcite/linq4j/function/FloatFunction1.java,0,0,0.0004601742803591066
1.14.0,linq4j/src/main/java/org/apache/calcite/linq4j/function/Function.java,0,0,0.0856431980291253
1.14.0,linq4j/src/main/java/org/apache/calcite/linq4j/function/Function0.java,0,0,0.09825250858748855
1.14.0,linq4j/src/main/java/org/apache/calcite/linq4j/function/Function1.java,0,0,0.0002705907750010485
1.14.0,linq4j/src/main/java/org/apache/calcite/linq4j/function/Function2.java,0,0,2.1241123619997394e-06
1.14.0,linq4j/src/main/java/org/apache/calcite/linq4j/function/IntegerFunction1.java,0,0,0.0004601742803591066
1.14.0,linq4j/src/main/java/org/apache/calcite/linq4j/function/LongFunction1.java,0,0,0.0004601742803591066
1.14.0,linq4j/src/main/java/org/apache/calcite/linq4j/function/NonDeterministic.java,0,0,0.09825250858748855
1.14.0,linq4j/src/main/java/org/apache/calcite/linq4j/function/NullableBigDecimalFunction1.java,0,0,0.0004601742803591066
1.14.0,linq4j/src/main/java/org/apache/calcite/linq4j/function/NullableDoubleFunction1.java,0,0,0.0004601742803591066
1.14.0,linq4j/src/main/java/org/apache/calcite/linq4j/function/NullableFloatFunction1.java,0,0,0.0004601742803591066
1.14.0,linq4j/src/main/java/org/apache/calcite/linq4j/function/NullableIntegerFunction1.java,0,0,0.0004601742803591066
1.14.0,linq4j/src/main/java/org/apache/calcite/linq4j/function/NullableLongFunction1.java,0,0,0.0004601742803591066
1.14.0,linq4j/src/main/java/org/apache/calcite/linq4j/function/Parameter.java,0,0,0.13504210518748413
1.14.0,linq4j/src/main/java/org/apache/calcite/linq4j/function/Predicate1.java,0,0,0.0002705907750010485
1.14.0,linq4j/src/main/java/org/apache/calcite/linq4j/function/Predicate2.java,0,0,1.3711042116154599e-06
1.14.0,linq4j/src/main/java/org/apache/calcite/linq4j/tree/AbstractNode.java,0,0,0.21258741620258967
1.14.0,linq4j/src/main/java/org/apache/calcite/linq4j/tree/ArrayLengthRecordField.java,0,0,0.15897899471299998
1.14.0,linq4j/src/main/java/org/apache/calcite/linq4j/tree/Blocks.java,0,0,0.1346565543309116
1.14.0,linq4j/src/main/java/org/apache/calcite/linq4j/tree/CallSiteBinder.java,0,0,0.09825250858748855
1.14.0,linq4j/src/main/java/org/apache/calcite/linq4j/tree/CatchBlock.java,0,0,0.14500356959568506
1.14.0,linq4j/src/main/java/org/apache/calcite/linq4j/tree/ConstantUntypedNull.java,0,0,0.46686059793607
1.14.0,linq4j/src/main/java/org/apache/calcite/linq4j/tree/ElementInit.java,0,0,0.09825250858748855
1.14.0,linq4j/src/main/java/org/apache/calcite/linq4j/tree/Evaluator.java,0,0,0.0968723016486993
1.14.0,linq4j/src/main/java/org/apache/calcite/linq4j/tree/Expression.java,0,0,0.374372679138257
1.14.0,linq4j/src/main/java/org/apache/calcite/linq4j/tree/ExpressionVisitor.java,0,0,0.09825250858748855
1.14.0,linq4j/src/main/java/org/apache/calcite/linq4j/tree/ExpressionWriter.java,0,0,0.38648235382273755
1.14.0,linq4j/src/main/java/org/apache/calcite/linq4j/tree/GotoExpressionKind.java,0,0,0.06020077300072269
1.14.0,linq4j/src/main/java/org/apache/calcite/linq4j/tree/LabelTarget.java,0,0,0.09825250858748855
1.14.0,linq4j/src/main/java/org/apache/calcite/linq4j/tree/MemberAssignment.java,0,0,0.07222585738529227
1.14.0,linq4j/src/main/java/org/apache/calcite/linq4j/tree/MemberBinding.java,0,0,0.09825250858748855
1.14.0,linq4j/src/main/java/org/apache/calcite/linq4j/tree/MemberDeclaration.java,0,0,0.06020077300072269
1.14.0,linq4j/src/main/java/org/apache/calcite/linq4j/tree/MemberListBinding.java,0,0,0.09825250858748855
1.14.0,linq4j/src/main/java/org/apache/calcite/linq4j/tree/MemberMemberBinding.java,0,0,0.07222585738529227
1.14.0,linq4j/src/main/java/org/apache/calcite/linq4j/tree/Primitive.java,0,0,0.23001188113325557
1.14.0,linq4j/src/main/java/org/apache/calcite/linq4j/tree/PseudoField.java,0,0,0.09825250858748855
1.14.0,linq4j/src/main/java/org/apache/calcite/linq4j/tree/ReflectedPseudoField.java,0,0,0.28051125794148435
1.14.0,linq4j/src/main/java/org/apache/calcite/linq4j/tree/Statement.java,0,0,0.3494759972050089
1.14.0,linq4j/src/main/java/org/apache/calcite/linq4j/tree/SwitchCase.java,0,0,0.06560793630509078
1.14.0,ubenchmark/src/main/java/org/apache/calcite/benchmarks/FlightRecorderProfiler.java,0,0,0.08702254701510079
1.14.0,ubenchmark/src/main/java/org/apache/calcite/benchmarks/ParserBenchmark.java,0,0,0.0005415057192828835
1.14.0,ubenchmark/src/main/java/org/apache/calcite/benchmarks/PreconditionTest.java,0,0,0.2825266883657355
1.14.0,core/src/main/java/org/apache/calcite/rel/core/AggregateCall.java,0,1,0.7266014455239874
1.14.0,core/src/main/java/org/apache/calcite/runtime/Like.java,0,0,0.4770953150999391
1.14.0,core/src/main/java/org/apache/calcite/rex/RexProgramBuilder.java,0,0,0.49923404922719816
1.14.0,core/src/main/java/org/apache/calcite/runtime/SocketFactoryImpl.java,0,0,0.20444172025579332
1.14.0,core/src/main/java/org/apache/calcite/schema/SchemaFactory.java,0,0,0.2648475215607525
1.14.0,core/src/main/java/org/apache/calcite/schema/TableFactory.java,0,0,0.27120865503551883
1.14.0,core/src/main/java/org/apache/calcite/util/NumberUtil.java,0,0,0.21036517718422257
1.14.0,core/src/main/java/org/apache/calcite/adapter/clone/CloneSchema.java,0,1,0.6290025454325692
1.14.0,core/src/main/java/org/apache/calcite/rel/externalize/RelXmlWriter.java,0,0,0.0038190336863892925
1.14.0,core/src/main/java/org/apache/calcite/rel/rules/JoinPushThroughJoinRule.java,0,1,0.5636634294076864
1.14.0,core/src/main/java/org/apache/calcite/sql/pretty/SqlPrettyWriter.java,0,0,0.01083738200911246
1.14.0,core/src/main/java/org/apache/calcite/sql/type/CompositeOperandTypeChecker.java,1,1,0.5460302184176272
1.14.0,pig/src/main/java/org/apache/calcite/adapter/pig/PigAggregate.java,0,1,0.525672427366018
1.14.0,piglet/src/main/java/org/apache/calcite/piglet/Ast.java,1,1,0.9998975916496834
1.14.0,core/src/main/java/org/apache/calcite/sql/fun/SqlCoalesceFunction.java,1,0,0.3471517848324043
1.14.0,core/src/main/java/org/apache/calcite/sql/fun/SqlNullifFunction.java,0,0,0.25087567010474665
1.14.0,cassandra/src/main/java/org/apache/calcite/adapter/cassandra/CassandraSchema.java,0,1,0.6504437525853085
1.14.0,core/src/main/java/org/apache/calcite/sql/SqlLateralOperator.java,0,1,0.5111500739672749
1.14.0,core/src/main/java/org/apache/calcite/sql/SqlSpecialOperator.java,0,0,0.05404259282647847
1.14.0,core/src/main/java/org/apache/calcite/util/PrecedenceClimbingParser.java,0,0,0.00032567878025560517
1.14.0,core/src/main/java/org/apache/calcite/sql/fun/SqlBetweenOperator.java,0,0,0.294008444893146
1.14.0,core/src/main/java/org/apache/calcite/prepare/CalciteCatalogReader.java,1,0,0.3812312384716414
1.14.0,core/src/main/java/org/apache/calcite/adapter/enumerable/NullPolicy.java,0,0,0.16275570900132652
1.14.0,core/src/main/java/org/apache/calcite/schema/impl/ScalarFunctionImpl.java,0,1,0.83518434660302
1.14.0,core/src/main/java/org/apache/calcite/sql/type/SqlTypeExplicitPrecedenceList.java,1,1,0.835505634077443
1.14.0,linq4j/src/main/java/org/apache/calcite/linq4j/function/SemiStrict.java,0,0,0.182381777643764
1.14.0,linq4j/src/main/java/org/apache/calcite/linq4j/function/Strict.java,0,0,0.16746205605457187
1.14.0,core/src/main/java/org/apache/calcite/schema/impl/ViewTableMacro.java,0,1,0.5704922032565662
1.14.0,core/src/main/java/org/apache/calcite/sql/validate/CyclicDefinitionException.java,0,0,0.13561002942268405
1.14.0,core/src/main/java/org/apache/calcite/rel/metadata/RelMetadataQuery.java,0,1,0.7386818312535711
1.14.0,core/src/main/java/org/apache/calcite/rel/rules/DateRangeRules.java,1,1,0.9997853696830794
1.14.0,core/src/main/java/org/apache/calcite/adapter/enumerable/EnumerableTableFunctionScan.java,0,1,0.6042918617405383
1.14.0,core/src/main/java/org/apache/calcite/rel/rules/ValuesReduceRule.java,0,0,0.3630614696597633
1.14.0,cassandra/src/main/java/org/apache/calcite/adapter/cassandra/CassandraSchemaFactory.java,0,0,0.13358837449401595
1.14.0,core/src/main/java/org/apache/calcite/sql/SqlJdbcFunctionCall.java,0,0,0.000377319129965799
1.14.0,core/src/main/java/org/apache/calcite/sql/fun/SqlDatePartFunction.java,0,0,0.10003954545992577
1.14.0,core/src/main/java/org/apache/calcite/plan/RelOptPredicateList.java,0,0,0.1881864512235416
1.14.0,core/src/main/java/org/apache/calcite/schema/impl/AggregateFunctionImpl.java,0,0,0.2335334473825219
1.14.0,core/src/main/java/org/apache/calcite/rel/rules/FilterRemoveIsNotDistinctFromRule.java,0,0,0.20502604566934685
1.14.0,core/src/main/java/org/apache/calcite/rel/rules/JoinExtractFilterRule.java,0,0,0.32271938144650336
1.14.0,core/src/main/java/org/apache/calcite/rel/rules/SemiJoinFilterTransposeRule.java,0,0,0.0441790503962989
1.14.0,linq4j/src/main/java/org/apache/calcite/linq4j/tree/BinaryExpression.java,0,0,0.26953213474667687
1.14.0,linq4j/src/main/java/org/apache/calcite/linq4j/tree/BlockStatement.java,0,0,0.29280607986085716
1.14.0,linq4j/src/main/java/org/apache/calcite/linq4j/tree/ClassDeclaration.java,0,0,0.4133130652204505
1.14.0,linq4j/src/main/java/org/apache/calcite/linq4j/tree/ConditionalExpression.java,0,0,0.1023048989581515
1.14.0,linq4j/src/main/java/org/apache/calcite/linq4j/tree/ConditionalStatement.java,0,0,0.2728794755847526
1.14.0,linq4j/src/main/java/org/apache/calcite/linq4j/tree/ConstantExpression.java,0,0,0.46288300681191985
1.14.0,linq4j/src/main/java/org/apache/calcite/linq4j/tree/ConstructorDeclaration.java,0,0,0.1292173923487603
1.14.0,linq4j/src/main/java/org/apache/calcite/linq4j/tree/DeclarationStatement.java,0,0,0.3048378971965745
1.14.0,linq4j/src/main/java/org/apache/calcite/linq4j/tree/DefaultExpression.java,0,0,0.09825250858748855
1.14.0,linq4j/src/main/java/org/apache/calcite/linq4j/tree/DynamicExpression.java,0,0,0.09825250858748855
1.14.0,linq4j/src/main/java/org/apache/calcite/linq4j/tree/FieldDeclaration.java,0,0,0.2913347874165872
1.14.0,linq4j/src/main/java/org/apache/calcite/linq4j/tree/ForStatement.java,0,0,0.1543707663976151
1.14.0,linq4j/src/main/java/org/apache/calcite/linq4j/tree/GotoStatement.java,0,0,0.48022152226537523
1.14.0,linq4j/src/main/java/org/apache/calcite/linq4j/tree/IndexExpression.java,0,0,0.4039631115002944
1.14.0,linq4j/src/main/java/org/apache/calcite/linq4j/tree/InvocationExpression.java,0,0,0.09825250858748855
1.14.0,linq4j/src/main/java/org/apache/calcite/linq4j/tree/LabelStatement.java,0,0,0.09825250858748855
1.14.0,linq4j/src/main/java/org/apache/calcite/linq4j/tree/LambdaExpression.java,0,0,0.10706925520024194
1.14.0,linq4j/src/main/java/org/apache/calcite/linq4j/tree/ListInitExpression.java,0,0,0.09825250858748855
1.14.0,linq4j/src/main/java/org/apache/calcite/linq4j/tree/MemberExpression.java,0,0,0.3846752504427931
1.14.0,linq4j/src/main/java/org/apache/calcite/linq4j/tree/MemberInitExpression.java,0,0,0.09825250858748855
1.14.0,linq4j/src/main/java/org/apache/calcite/linq4j/tree/MethodCallExpression.java,0,0,0.40296820415813783
1.14.0,linq4j/src/main/java/org/apache/calcite/linq4j/tree/MethodDeclaration.java,0,0,0.40589185972914865
1.14.0,linq4j/src/main/java/org/apache/calcite/linq4j/tree/NewArrayExpression.java,0,0,0.17793416921635352
1.14.0,linq4j/src/main/java/org/apache/calcite/linq4j/tree/NewExpression.java,0,0,0.21669296835334223
1.14.0,linq4j/src/main/java/org/apache/calcite/linq4j/tree/Node.java,0,0,0.07893079222593387
1.14.0,linq4j/src/main/java/org/apache/calcite/linq4j/tree/ParameterExpression.java,0,0,0.3587879951779425
1.14.0,linq4j/src/main/java/org/apache/calcite/linq4j/tree/Shuttle.java,0,0,0.37651429615709886
1.14.0,linq4j/src/main/java/org/apache/calcite/linq4j/tree/SwitchStatement.java,0,0,0.09825250858748855
1.14.0,linq4j/src/main/java/org/apache/calcite/linq4j/tree/TernaryExpression.java,0,0,0.3038903144873663
1.14.0,linq4j/src/main/java/org/apache/calcite/linq4j/tree/ThrowStatement.java,0,0,0.14025648929727744
1.14.0,linq4j/src/main/java/org/apache/calcite/linq4j/tree/TryStatement.java,0,0,0.15364259594277152
1.14.0,linq4j/src/main/java/org/apache/calcite/linq4j/tree/TypeBinaryExpression.java,0,0,0.3326425493385192
1.14.0,linq4j/src/main/java/org/apache/calcite/linq4j/tree/UnaryExpression.java,0,1,0.7097117381344817
1.14.0,linq4j/src/main/java/org/apache/calcite/linq4j/tree/Visitor.java,0,0,0.09825250858748855
1.14.0,linq4j/src/main/java/org/apache/calcite/linq4j/tree/VisitorImpl.java,0,0,7.518507303323439e-09
1.14.0,linq4j/src/main/java/org/apache/calcite/linq4j/tree/WhileStatement.java,0,0,0.11878632627479602
1.14.0,core/src/main/java/org/apache/calcite/rel/core/Sort.java,0,1,0.6242473138540642
1.14.0,core/src/main/java/org/apache/calcite/tools/FrameworkConfig.java,0,0,0.2873847944085577
1.14.0,core/src/main/java/org/apache/calcite/rex/RexExecutable.java,0,0,0.2941293750588183
1.14.0,core/src/main/java/org/apache/calcite/config/CalciteConnectionConfig.java,0,0,0.07834064966112295
1.14.0,core/src/main/java/org/apache/calcite/config/CalciteConnectionConfigImpl.java,0,0,0.22650439124459004
1.14.0,core/src/main/java/org/apache/calcite/rel/rules/UnionPullUpConstantsRule.java,0,1,0.5163960883198442
1.14.0,core/src/main/java/org/apache/calcite/rel/rules/SortJoinTransposeRule.java,0,1,0.5629274957328543
1.14.0,core/src/main/java/org/apache/calcite/model/ModelHandler.java,0,1,0.5572795244412863
1.14.0,core/src/main/java/org/apache/calcite/prepare/CalcitePrepareImpl.java,0,1,0.9059361713429125
1.14.0,core/src/main/java/org/apache/calcite/runtime/GeoFunctions.java,0,1,0.9547573684137115
1.14.0,core/src/main/java/org/apache/calcite/sql/type/ExtraSqlTypes.java,0,0,0.00035829326699085985
1.14.0,core/src/main/java/org/apache/calcite/sql/type/JavaToSqlTypeConversionRules.java,0,0,0.2659500630100252
1.14.0,core/src/main/java/org/apache/calcite/sql/validate/SqlAbstractConformance.java,0,0,0.3114045403774235
1.14.0,core/src/main/java/org/apache/calcite/sql/validate/SqlConformance.java,0,1,0.6649563463895606
1.14.0,core/src/main/java/org/apache/calcite/sql/validate/SqlConformanceEnum.java,0,1,0.9598809662332354
1.14.0,core/src/main/java/org/apache/calcite/sql/parser/SqlParser.java,0,0,1.0864380057992767e-08
1.14.0,core/src/main/java/org/apache/calcite/sql/SqlAlter.java,0,1,0.5195159035193456
1.14.0,core/src/main/java/org/apache/calcite/sql/SqlSetOption.java,0,0,0.2200145508750412
1.14.0,core/src/main/java/org/apache/calcite/util/Bug.java,0,0,0.0045389859537321164
1.14.0,core/src/main/java/org/apache/calcite/adapter/enumerable/EnumerableTableScan.java,0,1,0.694520194642888
1.14.0,core/src/main/java/org/apache/calcite/adapter/enumerable/JavaRowFormat.java,0,0,0.4301927943134604
1.14.0,core/src/main/java/org/apache/calcite/adapter/enumerable/PhysTypeImpl.java,0,1,0.9901173216846095
1.14.0,core/src/main/java/org/apache/calcite/sql/validate/TableNamespace.java,0,1,0.7045001574124609
1.14.0,core/src/main/java/org/apache/calcite/jdbc/JavaTypeFactoryImpl.java,0,1,0.9073405472771308
1.14.0,core/src/main/java/org/apache/calcite/rex/RexBuilder.java,0,0,0.4652156793579325
1.14.0,core/src/main/java/org/apache/calcite/rex/RexLiteral.java,0,1,0.9263353955894792
1.14.0,core/src/main/java/org/apache/calcite/runtime/SqlFunctions.java,0,1,0.9694313520196663
1.14.0,core/src/main/java/org/apache/calcite/schema/Schemas.java,0,1,0.7209573948315785
1.14.0,core/src/main/java/org/apache/calcite/sql/SqlJdbcDataTypeName.java,0,1,0.5856513664431479
1.14.0,core/src/main/java/org/apache/calcite/sql2rel/StandardConvertletTable.java,1,0,0.382642391306849
1.14.0,core/src/main/java/org/apache/calcite/util/BuiltInMethod.java,0,1,0.8894270695875083
1.14.0,core/src/main/java/org/apache/calcite/util/DateTimeStringUtils.java,0,0,0.3855145310011821
1.14.0,core/src/main/java/org/apache/calcite/util/TimestampString.java,0,1,0.9056125371871357
1.14.0,core/src/main/java/org/apache/calcite/util/TimestampWithTimeZoneString.java,0,1,0.6543522446698552
1.14.0,core/src/main/java/org/apache/calcite/util/TimeWithTimeZoneString.java,0,1,0.8238734555977985
1.14.0,core/src/main/java/org/apache/calcite/adapter/enumerable/RexImpTable.java,1,1,0.938833840969139
1.14.0,core/src/main/java/org/apache/calcite/adapter/enumerable/RexToLixTranslator.java,0,1,0.8129985122694211
1.14.0,core/src/main/java/org/apache/calcite/rel/metadata/RelMdSize.java,0,0,0.4900640476116882
1.14.0,core/src/main/java/org/apache/calcite/rel/rules/SortProjectTransposeRule.java,0,1,0.6214844563429522
1.14.0,core/src/main/java/org/apache/calcite/rel/type/RelDataTypeSystemImpl.java,0,1,0.9111133225983788
1.14.0,core/src/main/java/org/apache/calcite/sql/type/SqlTypeAssignmentRules.java,0,1,0.7268262938558786
1.14.0,core/src/main/java/org/apache/calcite/sql/type/SqlTypeFamily.java,0,1,0.5836166488361744
1.14.0,core/src/main/java/org/apache/calcite/sql/type/SqlTypeName.java,0,0,0.003103875608253193
1.14.0,core/src/main/java/org/apache/calcite/materialize/MaterializationService.java,0,1,0.6226568572801608
1.14.0,core/src/main/java/org/apache/calcite/plan/RelOptMaterialization.java,0,0,0.387359734074601
1.14.0,core/src/main/java/org/apache/calcite/plan/RelOptMaterializations.java,0,0,0.11700915400089724
1.14.0,core/src/main/java/org/apache/calcite/prepare/Prepare.java,0,0,0.31910607029585614
1.14.0,druid/src/main/java/org/apache/calcite/adapter/druid/DruidDateTimeUtils.java,0,1,0.9175974071453302
1.14.0,druid/src/main/java/org/apache/calcite/adapter/druid/DruidQuery.java,1,1,0.9958065661632887
1.14.0,druid/src/main/java/org/apache/calcite/adapter/druid/DruidRules.java,1,1,0.9744889466353197
1.14.0,druid/src/main/java/org/apache/calcite/adapter/druid/TimeExtractionDimensionSpec.java,0,1,0.7119645847201296
1.14.0,druid/src/main/java/org/apache/calcite/adapter/druid/TimeExtractionFunction.java,0,1,0.8288901930857796
1.14.0,core/src/main/java/org/apache/calcite/sql/fun/SqlTimestampAddFunction.java,0,0,0.4828665472848761
1.14.0,core/src/main/java/org/apache/calcite/sql/fun/SqlTimestampDiffFunction.java,0,0,0.10643318152296112
1.14.0,core/src/main/java/org/apache/calcite/plan/hep/HepPlanner.java,1,1,0.91017906016445
1.14.0,druid/src/main/java/org/apache/calcite/adapter/druid/LocalInterval.java,0,0,0.1975113001157945
1.14.0,core/src/main/java/org/apache/calcite/rel/metadata/DefaultRelMetadataProvider.java,0,0,0.24089112217489192
1.14.0,core/src/main/java/org/apache/calcite/sql/type/ArraySqlType.java,0,1,0.6269798954003235
1.14.0,core/src/main/java/org/apache/calcite/sql/type/MultisetSqlType.java,0,1,0.6367909168346026
1.14.0,druid/src/main/java/org/apache/calcite/adapter/druid/ExtractionDimensionSpec.java,0,0,0.3421651003764047
1.14.0,core/src/main/java/org/apache/calcite/util/Util.java,0,1,0.9969399580178533
1.14.0,core/src/main/java/org/apache/calcite/sql/fun/SqlLiteralChainOperator.java,0,1,0.7294891946835944
1.14.0,core/src/main/java/org/apache/calcite/sql/type/SqlTypeUtil.java,1,1,0.9389868127909978
1.14.0,cassandra/src/main/java/org/apache/calcite/adapter/cassandra/CassandraSort.java,0,0,0.27730517713272823
1.14.0,splunk/src/main/java/org/apache/calcite/adapter/splunk/SplunkPushDownRule.java,0,0,0.10165026698461145
1.14.0,core/src/main/java/org/apache/calcite/rex/RexSimplify.java,1,1,0.999803728230291
1.14.0,core/src/main/java/org/apache/calcite/adapter/enumerable/ReflectiveCallNotNullImplementor.java,0,0,0.35982122750048645
1.14.0,core/src/main/java/org/apache/calcite/sql/validate/SqlUserDefinedAggFunction.java,0,0,0.303064228626282
1.14.0,core/src/main/java/org/apache/calcite/sql/SqlIntervalQualifier.java,1,1,0.99493515716062
1.14.0,core/src/main/java/org/apache/calcite/sql/SqlMatchRecognize.java,0,1,0.6488961828876274
1.14.0,core/src/main/java/org/apache/calcite/rel/core/Match.java,0,0,0.38167050334461383
1.14.0,core/src/main/java/org/apache/calcite/rel/logical/LogicalMatch.java,0,0,0.4809103397764886
1.14.0,core/src/main/java/org/apache/calcite/rel/rel2sql/RelToSqlConverter.java,1,1,0.9350348115709255
1.14.0,linq4j/src/main/java/org/apache/calcite/linq4j/tree/BlockBuilder.java,0,1,0.5209734426276084
1.14.0,linq4j/src/main/java/org/apache/calcite/linq4j/tree/DeterministicCodeOptimizer.java,0,0,0.3317752086934284
1.14.0,file/src/main/java/org/apache/calcite/adapter/file/FileFieldType.java,0,0,0.160083334416404
1.14.0,file/src/main/java/org/apache/calcite/adapter/file/FileReaderException.java,0,0,0.1303596977142908
1.14.0,file/src/main/java/org/apache/calcite/adapter/file/FileTableScan.java,0,1,0.5008375263164465
1.14.0,core/src/main/java/org/apache/calcite/adapter/elasticsearch/AbstractElasticsearchTable.java,0,0,0.21179074345824436
1.14.0,core/src/main/java/org/apache/calcite/adapter/elasticsearch/ElasticsearchFilter.java,1,0,0.40198639898983435
1.14.0,core/src/main/java/org/apache/calcite/adapter/elasticsearch/ElasticsearchMethod.java,0,0,0.18467839235019085
1.14.0,core/src/main/java/org/apache/calcite/adapter/elasticsearch/ElasticsearchProject.java,0,0,0.20747614411231186
1.14.0,core/src/main/java/org/apache/calcite/adapter/elasticsearch/ElasticsearchRel.java,0,0,0.24027470805271584
1.14.0,core/src/main/java/org/apache/calcite/adapter/elasticsearch/ElasticsearchRules.java,0,0,0.32386717019327965
1.14.0,core/src/main/java/org/apache/calcite/adapter/elasticsearch/ElasticsearchSchema.java,0,0,0.16292792554940835
1.14.0,core/src/main/java/org/apache/calcite/adapter/elasticsearch/ElasticsearchSort.java,0,0,0.1917608815423168
1.14.0,core/src/main/java/org/apache/calcite/adapter/elasticsearch/ElasticsearchTableScan.java,0,0,0.18723828825284178
1.14.0,core/src/main/java/org/apache/calcite/adapter/elasticsearch/ElasticsearchToEnumerableConverter.java,0,0,0.14140140775327145
1.14.0,core/src/main/java/org/apache/calcite/adapter/elasticsearch/ElasticsearchToEnumerableConverterRule.java,0,0,0.07750846874752462
1.14.0,core/src/main/java/org/apache/calcite/adapter/elasticsearch/MapProjectionFieldVisitor.java,0,0,0.1263643568590064
1.14.0,elasticsearch2/src/main/java/org/apache/calcite/adapter/elasticsearch2/Elasticsearch2Enumerator.java,0,0,0.25299001461856824
1.14.0,elasticsearch2/src/main/java/org/apache/calcite/adapter/elasticsearch2/Elasticsearch2Schema.java,0,0,0.028079347899082483
1.14.0,elasticsearch2/src/main/java/org/apache/calcite/adapter/elasticsearch2/Elasticsearch2SchemaFactory.java,0,0,0.1528667490605762
1.14.0,elasticsearch2/src/main/java/org/apache/calcite/adapter/elasticsearch2/Elasticsearch2Table.java,0,0,0.19127101080733552
1.14.0,elasticsearch5/src/main/java/org/apache/calcite/adapter/elasticsearch5/Elasticsearch5Enumerator.java,0,0,0.22338009872007292
1.14.0,elasticsearch5/src/main/java/org/apache/calcite/adapter/elasticsearch5/Elasticsearch5Schema.java,0,0,0.021639483902174676
1.14.0,elasticsearch5/src/main/java/org/apache/calcite/adapter/elasticsearch5/Elasticsearch5SchemaFactory.java,0,0,0.12985945024505782
1.14.0,elasticsearch5/src/main/java/org/apache/calcite/adapter/elasticsearch5/Elasticsearch5Table.java,0,0,0.18475318852904757
1.14.0,core/src/main/java/org/apache/calcite/rex/RexCall.java,0,1,0.5547897312491437
1.14.0,core/src/main/java/org/apache/calcite/rel/RelNode.java,0,0,0.09825250858748855
1.14.0,core/src/main/java/org/apache/calcite/rex/RexChecker.java,0,0,0.3373538844901447
1.14.0,core/src/main/java/org/apache/calcite/rel/core/Calc.java,0,0,0.13869765784847152
1.14.0,core/src/main/java/org/apache/calcite/rel/core/Filter.java,0,0,0.2807737288498752
1.14.0,core/src/main/java/org/apache/calcite/rel/logical/LogicalCorrelate.java,0,0,0.1789319989791616
1.14.0,core/src/main/java/org/apache/calcite/sql/type/SameOperandTypeChecker.java,0,0,0.2802415106717563
1.14.0,core/src/main/java/org/apache/calcite/sql/type/SqlTypeFactoryImpl.java,0,1,0.8217858630422672
1.14.0,core/src/main/java/org/apache/calcite/rel/AbstractRelNode.java,1,1,0.6640548629698722
1.14.0,core/src/main/java/org/apache/calcite/sql/SqlCallBinding.java,0,0,0.4176857347036656
1.14.0,core/src/main/java/org/apache/calcite/sql/SqlFilterOperator.java,0,0,0.3723586730789581
1.14.0,core/src/main/java/org/apache/calcite/sql/SqlIntervalLiteral.java,1,0,0.335505535367816
1.14.0,core/src/main/java/org/apache/calcite/sql/SqlOverOperator.java,0,0,0.35622868439181377
1.14.0,core/src/main/java/org/apache/calcite/rel/core/TableScan.java,0,0,0.2132470910819726
1.14.0,core/src/main/java/org/apache/calcite/schema/impl/TableFunctionImpl.java,0,0,0.20642169737643848
1.14.0,core/src/main/java/org/apache/calcite/schema/impl/TableMacroImpl.java,0,0,0.16483031760950057
1.14.0,core/src/main/java/org/apache/calcite/sql/fun/SqlCaseOperator.java,0,0,0.2492656403938342
1.14.0,core/src/main/java/org/apache/calcite/sql/fun/SqlCastFunction.java,0,0,0.33757351028055393
1.14.0,core/src/main/java/org/apache/calcite/sql/fun/SqlCountAggFunction.java,0,0,0.26072122169309414
1.14.0,core/src/main/java/org/apache/calcite/sql/fun/SqlFirstLastValueAggFunction.java,0,0,0.20248876765041257
1.14.0,core/src/main/java/org/apache/calcite/sql/fun/SqlHistogramAggFunction.java,0,0,0.10357950875949286
1.14.0,core/src/main/java/org/apache/calcite/sql/fun/SqlMinMaxAggFunction.java,0,0,0.16826568536603637
1.14.0,core/src/main/java/org/apache/calcite/sql/fun/SqlSingleValueAggFunction.java,0,0,0.10357950875949286
1.14.0,core/src/main/java/org/apache/calcite/sql/fun/SqlSumAggFunction.java,0,0,0.24585563556411236
1.14.0,core/src/main/java/org/apache/calcite/sql/fun/SqlSumEmptyIsZeroAggFunction.java,1,0,0.19631621486683287
1.14.0,core/src/main/java/org/apache/calcite/sql/validate/AbstractNamespace.java,0,0,0.34116399138142645
1.14.0,core/src/main/java/org/apache/calcite/sql/validate/JoinScope.java,0,0,0.23304682366831383
1.14.0,core/src/main/java/org/apache/calcite/sql/validate/ScopeChild.java,0,0,0.20576182862016937
1.14.0,core/src/main/java/org/apache/calcite/sql/validate/TableScope.java,0,1,0.5430230765134308
1.14.0,core/src/main/java/org/apache/calcite/rel/rules/PruneEmptyRules.java,0,0,0.3481226042382545
1.14.0,core/src/main/java/org/apache/calcite/adapter/enumerable/EnumerableIntersect.java,0,0,0.4099657816095367
1.14.0,core/src/main/java/org/apache/calcite/adapter/enumerable/EnumerableMinus.java,0,0,0.4099657816095367
1.14.0,core/src/main/java/org/apache/calcite/adapter/enumerable/EnumerableUnion.java,1,0,0.4061412720870928
1.14.0,core/src/main/java/org/apache/calcite/rel/externalize/RelJson.java,0,1,0.6234211697894493
1.14.0,core/src/main/java/org/apache/calcite/sql/validate/ListScope.java,0,1,0.5430701017599363
1.14.0,core/src/main/java/org/apache/calcite/sql/SqlCall.java,0,1,0.7094158029355888
1.14.0,core/src/main/java/org/apache/calcite/sql/dialect/HsqldbHandler.java,0,1,0.7384751186849471
1.14.0,core/src/main/java/org/apache/calcite/sql/dialect/MysqlHandler.java,0,1,0.7840828564837272
1.14.0,core/src/main/java/org/apache/calcite/sql/dialect/OracleHandler.java,0,1,0.7779399361206562
1.14.0,core/src/main/java/org/apache/calcite/sql/dialect/PostgresqlHandler.java,0,1,0.7526681578858415
1.14.0,core/src/main/java/org/apache/calcite/sql/fun/OracleSqlOperatorTable.java,0,0,0.26740354238822417
1.14.0,core/src/main/java/org/apache/calcite/sql/fun/SqlFloorFunction.java,0,1,0.954239943359414
1.14.0,core/src/main/java/org/apache/calcite/rex/RexProgram.java,0,0,0.24044814530936068
1.14.0,core/src/main/java/org/apache/calcite/adapter/enumerable/EnumerableCalc.java,0,1,0.5089596994272305
1.14.0,core/src/main/java/org/apache/calcite/sql/type/IntervalSqlType.java,0,0,0.37538220553530555
1.14.0,core/src/main/java/org/apache/calcite/sql/type/MatchReturnTypeInference.java,0,0,0.3517660991607278
1.14.0,linq4j/src/main/java/org/apache/calcite/linq4j/tree/ExpressionType.java,0,1,0.584327396181953
1.14.0,core/src/main/java/org/apache/calcite/plan/RelOptAbstractTable.java,0,0,0.4762195147187873
1.14.0,core/src/main/java/org/apache/calcite/plan/RelOptTable.java,0,0,0.2762179192522959
1.14.0,core/src/main/java/org/apache/calcite/rel/RelReferentialConstraint.java,0,0,0.18918979521380716
1.14.0,core/src/main/java/org/apache/calcite/rel/RelReferentialConstraintImpl.java,0,0,0.1146831516011193
1.14.0,core/src/main/java/org/apache/calcite/schema/Statistic.java,0,0,0.2955184977436208
1.14.0,core/src/main/java/org/apache/calcite/schema/Statistics.java,0,0,0.4105076596196365
1.14.0,pig/src/main/java/org/apache/calcite/adapter/pig/PigFilter.java,0,0,0.45841271677699724
1.14.0,core/src/main/java/org/apache/calcite/util/CancelFlag.java,0,0,0.09825250858748855
1.14.0,core/src/main/java/org/apache/calcite/rel/rules/AggregateValuesRule.java,0,0,0.41084713968105413
1.14.0,core/src/main/java/org/apache/calcite/rex/RexSubQuery.java,0,0,0.0332532148115956
1.14.0,core/src/main/java/org/apache/calcite/sql/util/ListSqlOperatorTable.java,0,0,0.3322994713700975
1.14.0,core/src/main/java/org/apache/calcite/sql/validate/SqlUserDefinedFunction.java,0,0,0.06020077300072269
1.14.0,core/src/main/java/org/apache/calcite/rel/rules/SubQueryRemoveRule.java,1,1,0.9850820748843928
1.14.0,core/src/main/java/org/apache/calcite/sql/validate/SqlUserDefinedTableFunction.java,0,0,0.1475172049701527
1.14.0,core/src/main/java/org/apache/calcite/sql/fun/SqlInOperator.java,0,1,0.6741806960337811
1.14.0,core/src/main/java/org/apache/calcite/sql/fun/SqlQuantifyOperator.java,0,1,0.6229150721556795
1.14.0,core/src/main/java/org/apache/calcite/sql/SqlSelect.java,0,1,0.6236675866118367
1.14.0,core/src/main/java/org/apache/calcite/sql/SqlWindow.java,0,1,0.9193843721937404
1.14.0,core/src/main/java/org/apache/calcite/util/Compatible.java,0,0,0.20693831525428047
1.14.0,core/src/main/java/org/apache/calcite/model/JsonColumn.java,0,0,0.29749439949645
1.14.0,core/src/main/java/org/apache/calcite/rel/type/RelDataTypeFactory.java,0,1,0.952337361131315
1.14.0,core/src/main/java/org/apache/calcite/runtime/PredicateImpl.java,0,0,0.12635842032010786
1.14.0,core/src/main/java/org/apache/calcite/plan/volcano/VolcanoRuleMatch.java,0,1,0.6151156622657422
1.14.0,core/src/main/java/org/apache/calcite/rel/type/RelDataTypePrecedenceList.java,0,0,0.09825250858748855
1.14.0,core/src/main/java/org/apache/calcite/rel/core/Values.java,0,0,0.31848433591178243
1.14.0,core/src/main/java/org/apache/calcite/rel/rules/FilterTableScanRule.java,0,0,0.29820424185461747
1.14.0,core/src/main/java/org/apache/calcite/rel/rules/ProjectRemoveRule.java,0,0,0.1459600250027098
1.14.0,core/src/main/java/org/apache/calcite/rel/rules/ProjectTableScanRule.java,0,0,0.25835191647210654
1.14.0,core/src/main/java/org/apache/calcite/schema/ExtensibleTable.java,0,0,0.10063172464548634
1.14.0,core/src/main/java/org/apache/calcite/rel/type/RelDataTypeField.java,0,0,0.09825250858748855
1.14.0,core/src/main/java/org/apache/calcite/sql/validate/DelegatingSqlValidatorCatalogReader.java,0,0,0.09825250858748855
1.14.0,core/src/main/java/org/apache/calcite/prepare/LixToRelTranslator.java,0,1,0.5908472338095874
1.14.0,core/src/main/java/org/apache/calcite/schema/impl/MaterializedViewTable.java,0,0,0.06912626380256731
1.14.0,core/src/main/java/org/apache/calcite/runtime/RandomFunction.java,0,0,0.49296792238888476
1.14.0,core/src/main/java/org/apache/calcite/sql/fun/SqlRandFunction.java,0,0,0.1502550700998577
1.14.0,core/src/main/java/org/apache/calcite/sql/fun/SqlRandIntegerFunction.java,0,0,0.150516199233593
1.14.0,core/src/main/java/org/apache/calcite/sql/fun/SqlMultisetValueConstructor.java,0,1,0.6420630167986444
1.14.0,pig/src/main/java/org/apache/calcite/adapter/pig/PigAggFunction.java,0,0,0.4537948919766333
1.14.0,pig/src/main/java/org/apache/calcite/adapter/pig/PigDataType.java,0,0,0.4409554873942356
1.14.0,pig/src/main/java/org/apache/calcite/adapter/pig/PigJoin.java,0,1,0.7303342459394485
1.14.0,pig/src/main/java/org/apache/calcite/adapter/pig/PigProject.java,0,0,0.37776533006908114
1.14.0,pig/src/main/java/org/apache/calcite/adapter/pig/PigRel.java,0,0,0.3989315496064106
1.14.0,pig/src/main/java/org/apache/calcite/adapter/pig/PigRelFactories.java,0,0,0.1399743971999785
1.14.0,pig/src/main/java/org/apache/calcite/adapter/pig/PigRules.java,0,0,0.1353617532094751
1.14.0,pig/src/main/java/org/apache/calcite/adapter/pig/PigSchema.java,0,0,0.15558739375424271
1.14.0,pig/src/main/java/org/apache/calcite/adapter/pig/PigSchemaFactory.java,0,0,0.09814659713172605
1.14.0,pig/src/main/java/org/apache/calcite/adapter/pig/PigTable.java,0,1,0.821834094722508
1.14.0,pig/src/main/java/org/apache/calcite/adapter/pig/PigTableFactory.java,0,0,0.44445708763321895
1.14.0,pig/src/main/java/org/apache/calcite/adapter/pig/PigTableScan.java,0,0,0.28258800908705795
1.14.0,pig/src/main/java/org/apache/calcite/adapter/pig/PigToEnumerableConverter.java,0,0,0.1310563490878618
1.14.0,pig/src/main/java/org/apache/calcite/adapter/pig/PigToEnumerableConverterRule.java,0,0,0.08050650981232343
1.14.0,core/src/main/java/org/apache/calcite/sql/SqlOperator.java,0,1,0.7545892478492039
1.14.0,core/src/main/java/org/apache/calcite/interpreter/SortNode.java,1,1,0.8578512017623636
1.14.0,core/src/main/java/org/apache/calcite/plan/RelOptCluster.java,0,1,0.5632258623828534
1.14.0,core/src/main/java/org/apache/calcite/plan/RelOptRuleCall.java,0,1,0.8277186213248957
1.14.0,core/src/main/java/org/apache/calcite/plan/Strong.java,0,1,0.9666974626115717
1.14.0,core/src/main/java/org/apache/calcite/rex/RexToSqlNodeConverterImpl.java,0,0,0.32478956683637583
1.14.0,core/src/main/java/org/apache/calcite/sql/SqlAbstractDateTimeLiteral.java,0,0,0.17781822370956274
1.14.0,core/src/main/java/org/apache/calcite/sql/SqlDateLiteral.java,0,1,0.7013053895366681
1.14.0,core/src/main/java/org/apache/calcite/sql/SqlLiteral.java,0,1,0.8118204078186336
1.14.0,core/src/main/java/org/apache/calcite/sql/SqlTimeLiteral.java,0,1,0.5191613886688862
1.14.0,core/src/main/java/org/apache/calcite/sql/SqlTimestampLiteral.java,0,1,0.8126626584149766
1.14.0,core/src/main/java/org/apache/calcite/sql2rel/SqlNodeToRexConverterImpl.java,0,1,0.6029167306337577
1.14.0,core/src/main/java/org/apache/calcite/plan/RelOptUtil.java,1,1,0.9973069311191443
1.14.0,core/src/main/java/org/apache/calcite/plan/SubstitutionVisitor.java,0,0,0.36111477025066263
1.14.0,core/src/main/java/org/apache/calcite/adapter/enumerable/PhysType.java,0,0,0.27745146288300193
1.14.0,core/src/main/java/org/apache/calcite/util/DateString.java,1,0,0.4600942227794276
1.14.0,core/src/main/java/org/apache/calcite/util/TimeString.java,1,1,0.888820630748125
1.14.0,core/src/main/java/org/apache/calcite/runtime/CalciteResource.java,0,1,0.9605287832789785
1.14.0,core/src/main/java/org/apache/calcite/plan/hep/HepRuleCall.java,0,0,0.13095222244128063
1.14.0,core/src/main/java/org/apache/calcite/plan/volcano/RelSet.java,0,1,0.9069445217961211
1.14.0,core/src/main/java/org/apache/calcite/plan/volcano/RelSubset.java,0,1,0.9250183108412592
1.14.0,core/src/main/java/org/apache/calcite/plan/volcano/RuleQueue.java,0,0,0.021247274393798248
1.14.0,core/src/main/java/org/apache/calcite/plan/volcano/VolcanoRuleCall.java,0,1,0.69163284904876
1.14.0,core/src/main/java/org/apache/calcite/sql/SqlAggFunction.java,0,0,0.2496507702042861
1.14.0,core/src/main/java/org/apache/calcite/rel/core/Union.java,0,0,0.19389280657904004
1.14.0,core/src/main/java/org/apache/calcite/rel/externalize/RelWriterImpl.java,0,1,0.8389189019560608
1.14.0,core/src/main/java/org/apache/calcite/sql2rel/RelDecorrelator.java,0,1,0.7901934143485957
1.14.0,core/src/main/java/org/apache/calcite/sql2rel/RelFieldTrimmer.java,0,1,0.9278313972019026
1.14.0,core/src/main/java/org/apache/calcite/sql2rel/SqlToRelConverter.java,1,1,0.9998594480774387
1.14.0,core/src/main/java/org/apache/calcite/tools/RelBuilder.java,1,1,0.9952592283886743
1.14.0,core/src/main/java/org/apache/calcite/rel/metadata/RelMdCollation.java,1,1,0.772302204713038
1.14.0,core/src/main/java/org/apache/calcite/rel/metadata/RelMdColumnUniqueness.java,1,1,0.9367727500953718
1.14.0,core/src/main/java/org/apache/calcite/rel/metadata/RelMdUtil.java,0,1,0.9862124747781085
1.14.0,core/src/main/java/org/apache/calcite/rel/rules/LoptMultiJoin.java,0,0,0.412844257423121
1.14.0,core/src/main/java/org/apache/calcite/rel/rules/LoptOptimizeJoinRule.java,0,1,0.6215666043285061
1.14.0,core/src/main/java/org/apache/calcite/rel/rules/LoptSemiJoinOptimizer.java,0,0,0.1679359874314542
1.14.0,core/src/main/java/org/apache/calcite/adapter/enumerable/AggContext.java,0,0,0.24586799220770753
1.14.0,core/src/main/java/org/apache/calcite/adapter/enumerable/AggResultContext.java,0,0,0.23998311825037807
1.14.0,core/src/main/java/org/apache/calcite/adapter/enumerable/EnumerableAggregate.java,0,1,0.8874763126593002
1.14.0,core/src/main/java/org/apache/calcite/adapter/enumerable/EnumerableWindow.java,1,1,0.9024609494686315
1.14.0,core/src/main/java/org/apache/calcite/plan/volcano/VolcanoPlanner.java,0,1,0.9929977801497613
1.14.0,core/src/main/java/org/apache/calcite/rel/core/Aggregate.java,0,1,0.6932165112038672
1.14.0,core/src/main/java/org/apache/calcite/rel/core/RelFactories.java,0,1,0.9001289642370129
1.14.0,core/src/main/java/org/apache/calcite/rel/logical/LogicalAggregate.java,0,0,0.3924028625502879
1.14.0,core/src/main/java/org/apache/calcite/sql/parser/SqlParserUtil.java,0,1,0.9615055362368988
1.14.0,core/src/main/java/org/apache/calcite/rel/mutable/MutableAggregate.java,0,0,0.3551545648336443
1.14.0,core/src/main/java/org/apache/calcite/rel/mutable/MutableRels.java,0,0,0.272831342638729
1.14.0,core/src/main/java/org/apache/calcite/rel/rules/AbstractMaterializedViewRule.java,1,1,0.999999991985758
1.14.0,core/src/main/java/org/apache/calcite/rel/rules/AggregateExpandDistinctAggregatesRule.java,1,1,0.6992861375265934
1.14.0,core/src/main/java/org/apache/calcite/rel/rules/AggregateFilterTransposeRule.java,1,1,0.5973238824729479
1.14.0,core/src/main/java/org/apache/calcite/rel/rules/AggregateJoinTransposeRule.java,1,1,0.8767779566359172
1.14.0,core/src/main/java/org/apache/calcite/rel/rules/AggregateProjectMergeRule.java,1,1,0.5633611418746335
1.14.0,core/src/main/java/org/apache/calcite/rel/rules/AggregateProjectPullUpConstantsRule.java,0,1,0.5917413457566979
1.14.0,core/src/main/java/org/apache/calcite/rel/rules/AggregateReduceFunctionsRule.java,0,1,0.9873904592423537
1.14.0,core/src/main/java/org/apache/calcite/rel/rules/AggregateUnionAggregateRule.java,0,1,0.5708179050037129
1.14.0,core/src/main/java/org/apache/calcite/rel/rules/AggregateUnionTransposeRule.java,0,1,0.6885343473627316
1.14.0,core/src/main/java/org/apache/calcite/rel/rules/FilterAggregateTransposeRule.java,1,1,0.558964915405936
1.14.0,core/src/main/java/org/apache/calcite/rel/rules/IntersectToDistinctRule.java,0,1,0.5816348942851458
1.14.0,core/src/main/java/org/apache/calcite/rel/stream/StreamRules.java,0,0,0.44207073097149496
1.14.0,core/src/main/java/org/apache/calcite/sql/fun/SqlAbstractGroupFunction.java,0,1,0.5937403573986254
1.14.0,core/src/main/java/org/apache/calcite/sql/fun/SqlGroupIdFunction.java,0,0,0.20192581583831395
1.14.0,core/src/main/java/org/apache/calcite/sql/fun/SqlGroupingFunction.java,0,0,0.20463817247396945
1.14.0,core/src/main/java/org/apache/calcite/sql/fun/SqlStdOperatorTable.java,1,1,0.9435214295749793
1.14.0,core/src/main/java/org/apache/calcite/sql/validate/AggFinder.java,1,1,0.5144871567135194
1.14.0,core/src/main/java/org/apache/calcite/sql/validate/AggregatingSelectScope.java,0,0,0.44149153157481424
1.14.0,core/src/main/java/org/apache/calcite/sql/validate/DelegatingNamespace.java,0,0,0.06872767475887051
1.14.0,core/src/main/java/org/apache/calcite/sql/validate/IdentifierNamespace.java,0,1,0.9277219353441433
1.14.0,core/src/main/java/org/apache/calcite/sql/validate/SqlQualified.java,0,0,0.13642850300611667
1.14.0,core/src/main/java/org/apache/calcite/sql/validate/SqlValidatorImpl.java,1,1,0.999999851204242
1.14.0,core/src/main/java/org/apache/calcite/sql/validate/SqlValidatorNamespace.java,0,0,0.05967332110372216
1.14.0,core/src/main/java/org/apache/calcite/adapter/enumerable/impl/AggAddContextImpl.java,0,0,0.14676968141550098
1.14.0,core/src/main/java/org/apache/calcite/adapter/enumerable/impl/AggResetContextImpl.java,0,0,0.2173837886978533
1.14.0,core/src/main/java/org/apache/calcite/adapter/enumerable/impl/AggResultContextImpl.java,0,0,0.20581470715968495
1.14.0,core/src/main/java/org/apache/calcite/adapter/enumerable/impl/WinAggResultContextImpl.java,0,0,0.17015450323873538
1.14.0,core/src/main/java/org/apache/calcite/rel/RelRoot.java,0,0,0.22623363521919454
1.14.0,core/src/main/java/org/apache/calcite/sql/SqlSyntax.java,0,0,0.42711107824617545
1.14.0,core/src/main/java/org/apache/calcite/plan/Context.java,0,0,0.09825250858748855
1.14.0,core/src/main/java/org/apache/calcite/prepare/CalciteSqlValidator.java,0,0,0.16058713436886987
1.14.0,core/src/main/java/org/apache/calcite/schema/Wrapper.java,0,0,0.19647207163451322
1.14.0,core/src/main/java/org/apache/calcite/sql/advise/SqlAdvisorValidator.java,0,0,0.23134504060756395
1.14.0,core/src/main/java/org/apache/calcite/util/ImmutableBitSet.java,0,0,0.45767021065980096
1.14.0,core/src/main/java/org/apache/calcite/sql/fun/SqlGroupingIdFunction.java,0,0,0.21933267430467465
1.14.0,core/src/main/java/org/apache/calcite/sql/dialect/MssqlHandler.java,0,1,0.979063640920943
1.14.0,core/src/main/java/org/apache/calcite/config/CalciteConnectionProperty.java,0,0,0.25854505532357697
1.14.0,core/src/main/java/org/apache/calcite/interpreter/Interpreter.java,0,0,0.06190268899704518
1.14.0,core/src/main/java/org/apache/calcite/materialize/TileSuggester.java,0,1,0.6324890519653692
1.14.0,core/src/main/java/org/apache/calcite/tools/Program.java,0,0,0.09825250858748855
1.14.0,core/src/main/java/org/apache/calcite/runtime/HttpUtils.java,0,0,0.41420165189012675
1.14.0,core/src/main/java/org/apache/calcite/sql/JoinType.java,0,0,0.06020077300072269
1.14.0,core/src/main/java/org/apache/calcite/sql/SemiJoinType.java,0,0,0.4709030925218574
1.14.0,core/src/main/java/org/apache/calcite/sql/SqlAccessType.java,0,0,0.2036608287617516
1.14.0,core/src/main/java/org/apache/calcite/sql/SqlCollation.java,0,0,3.732210263168732e-05
1.14.0,core/src/main/java/org/apache/calcite/util/ConversionUtil.java,0,0,0.033653711397957434
1.14.0,core/src/main/java/org/apache/calcite/util/NameMap.java,0,1,0.5541765024766776
1.14.0,core/src/main/java/org/apache/calcite/util/NameMultimap.java,0,1,0.5628679981600433
1.14.0,core/src/main/java/org/apache/calcite/util/NameSet.java,0,1,0.535112738291582
1.14.0,core/src/main/java/org/apache/calcite/util/NlsString.java,0,0,1.9233757142504113e-05
1.14.0,core/src/main/java/org/apache/calcite/util/Sources.java,0,0,0.019813621770475742
1.14.0,core/src/main/java/org/apache/calcite/util/Template.java,0,0,0.0005665124362795245
1.14.0,core/src/main/java/org/apache/calcite/util/Unsafe.java,0,1,0.7180791714856323
1.14.0,core/src/main/java/org/apache/calcite/rel/rules/MaterializedViewFilterScanRule.java,0,0,0.4798644820760586
1.14.0,core/src/main/java/org/apache/calcite/rel/core/Correlate.java,0,0,0.25071525741888495
1.14.0,core/src/main/java/org/apache/calcite/rel/core/Join.java,0,0,0.23744016741529786
1.14.0,core/src/main/java/org/apache/calcite/rel/core/JoinRelType.java,0,0,0.2923595023236686
1.14.0,core/src/main/java/org/apache/calcite/rel/externalize/RelJsonReader.java,0,0,0.14560293473975255
1.14.0,core/src/main/java/org/apache/calcite/rel/rules/MultiJoinOptimizeBushyRule.java,0,0,0.23568846901855334
1.14.0,core/src/main/java/org/apache/calcite/sql/advise/SqlAdvisor.java,0,0,0.1545132555286584
1.14.0,core/src/main/java/org/apache/calcite/sql/advise/SqlSimpleParser.java,0,0,0.00010629436737795698
1.14.0,core/src/main/java/org/apache/calcite/sql/util/ReflectiveSqlOperatorTable.java,0,0,0.13924784214055078
1.14.0,core/src/main/java/org/apache/calcite/util/javac/JaninoCompiler.java,0,0,0.2067769681465143
1.14.0,core/src/main/java/org/apache/calcite/util/trace/CalciteTimingTracer.java,0,0,0.00017052818094650662
1.14.0,druid/src/main/java/org/apache/calcite/adapter/druid/Granularity.java,0,0,0.19744181739615776
1.14.0,file/src/main/java/org/apache/calcite/adapter/file/FileReader.java,0,0,0.000807710624047695
1.14.0,file/src/main/java/org/apache/calcite/adapter/file/FileRowConverter.java,0,0,0.41804051406549
1.14.0,spark/src/main/java/org/apache/calcite/adapter/spark/SparkHandlerImpl.java,0,0,3.227758162377407e-05
1.14.0,spark/src/main/java/org/apache/calcite/adapter/spark/SparkRules.java,0,0,0.007621550346978854
1.14.0,splunk/src/main/java/org/apache/calcite/adapter/splunk/search/SplunkConnectionImpl.java,0,0,0.13174734221634668
1.14.0,core/src/main/java/org/apache/calcite/sql/SqlBasicCall.java,0,0,0.2636542071915895
1.14.0,core/src/main/java/org/apache/calcite/sql2rel/AuxiliaryConverter.java,0,0,0.4165649056330983
1.14.0,core/src/main/java/org/apache/calcite/sql/fun/SqlGroupFunction.java,0,1,0.5689346253897605
1.14.0,core/src/main/java/org/apache/calcite/sql/validate/AggChecker.java,0,1,0.5334050087252447
1.14.0,core/src/main/java/org/apache/calcite/plan/AbstractRelOptPlanner.java,0,0,0.07774628187742731
1.14.0,core/src/main/java/org/apache/calcite/plan/RelOptPlanner.java,0,0,0.06020077300072269
1.14.0,core/src/main/java/org/apache/calcite/rex/RexExecutor.java,0,0,0.20317056020942667
1.14.0,core/src/main/java/org/apache/calcite/rex/RexExecutorImpl.java,0,1,0.623304466189387
1.14.0,core/src/main/java/org/apache/calcite/adapter/jdbc/JdbcImplementor.java,0,0,0.05185151509518153
1.14.0,core/src/main/java/org/apache/calcite/adapter/jdbc/JdbcTableScan.java,0,0,0.11306963275235608
1.14.0,core/src/main/java/org/apache/calcite/interpreter/BindableConvention.java,0,0,0.23647003881220094
1.14.0,core/src/main/java/org/apache/calcite/interpreter/InterpretableConvention.java,0,0,0.0623118766879659
1.14.0,core/src/main/java/org/apache/calcite/plan/Convention.java,0,0,0.18887669522316533
1.14.0,core/src/main/java/org/apache/calcite/plan/RelTraitDef.java,0,0,0.027400193403096386
1.14.0,core/src/main/java/org/apache/calcite/rel/RelCollationTraitDef.java,0,0,0.13158777728206353
1.14.0,core/src/main/java/org/apache/calcite/adapter/enumerable/EnumerableConvention.java,0,0,0.12614631250886008
1.14.0,core/src/main/java/org/apache/calcite/rel/core/SetOp.java,0,0,0.22959648755078227
1.14.0,core/src/main/java/org/apache/calcite/sql/validate/OrderByScope.java,0,0,0.330518156186451
1.14.0,core/src/main/java/org/apache/calcite/sql/SqlCreate.java,0,0,0.4337360648591231
1.14.0,core/src/main/java/org/apache/calcite/sql/SqlDataTypeSpec.java,0,1,0.6558270079348217
1.14.0,core/src/main/java/org/apache/calcite/sql/SqlDrop.java,0,0,0.1907291799265465
1.14.0,core/src/main/java/org/apache/calcite/sql/SqlExecutableStatement.java,0,0,0.1907291799265465
1.14.0,core/src/main/java/org/apache/calcite/adapter/enumerable/EnumerableTableModify.java,0,0,0.4455767009993694
1.14.0,core/src/main/java/org/apache/calcite/sql/fun/SqlItemOperator.java,0,1,0.5833302375587335
1.14.0,core/src/main/java/org/apache/calcite/sql/parser/Span.java,0,0,0.28845421427061946
1.14.0,core/src/main/java/org/apache/calcite/sql/parser/SqlAbstractParserImpl.java,0,0,0.03324414963503751
1.14.0,core/src/main/java/org/apache/calcite/sql/parser/SqlParserPos.java,0,1,0.7093545253004075
1.14.0,core/src/main/java/org/apache/calcite/sql/SqlDialect.java,0,1,0.8298208636241563
1.14.0,core/src/main/java/org/apache/calcite/sql/validate/MatchRecognizeScope.java,1,1,0.8337687127971618
1.14.0,linq4j/src/main/java/org/apache/calcite/linq4j/function/Experimental.java,0,0,0.23437058307950193
1.14.0,core/src/main/java/org/apache/calcite/rex/RexOver.java,0,1,0.5274593891653148
1.14.0,core/src/main/java/org/apache/calcite/rel/core/Window.java,0,0,0.00029869118157602127
1.14.0,core/src/main/java/org/apache/calcite/rel/logical/LogicalWindow.java,0,1,0.5991255908712642
1.14.0,core/src/main/java/org/apache/calcite/rel/rules/ProjectWindowTransposeRule.java,0,1,0.5627359721098457
1.14.0,core/src/main/java/org/apache/calcite/sql/fun/SqlExtractFunction.java,0,1,0.5964020102665437
1.14.0,core/src/main/java/org/apache/calcite/rel/core/Project.java,1,1,0.6117490587302385
1.14.0,core/src/main/java/org/apache/calcite/plan/MaterializedViewSubstitutionVisitor.java,0,0,0.02279594473093383
1.14.0,core/src/main/java/org/apache/calcite/DataContext.java,0,1,0.5931658253774622
1.14.0,core/src/main/java/org/apache/calcite/runtime/Hook.java,0,1,0.5482473880898403
1.14.0,core/src/main/java/org/apache/calcite/util/JsonBuilder.java,0,1,0.6558166372210393
1.14.0,core/src/main/java/org/apache/calcite/sql/SqlRankFunction.java,0,0,0.19226140554776255
1.14.0,plus/src/main/java/org/apache/calcite/adapter/os/Processes.java,0,1,0.7830081862409012
1.14.0,core/src/main/java/org/apache/calcite/materialize/Lattice.java,0,1,0.6399880358671779
1.14.0,core/src/main/java/org/apache/calcite/adapter/enumerable/EnumerableRel.java,0,0,0.26818814940713265
1.14.0,core/src/main/java/org/apache/calcite/rel/core/SemiJoin.java,0,0,0.2675808877297509
1.14.0,core/src/main/java/org/apache/calcite/rel/logical/LogicalProject.java,0,0,0.3456209591431431
1.14.0,core/src/main/java/org/apache/calcite/rel/rules/JoinProjectTransposeRule.java,0,0,0.3414905948589545
1.14.0,core/src/main/java/org/apache/calcite/rel/rules/SemiJoinProjectTransposeRule.java,0,0,0.26596796069061845
1.14.0,core/src/main/java/org/apache/calcite/sql/fun/SqlBaseContextVariable.java,0,0,0.14065370180901923
1.14.0,core/src/main/java/org/apache/calcite/sql/fun/SqlStringContextVariable.java,0,0,0.06020077300072269
1.14.0,core/src/main/java/org/apache/calcite/sql/fun/SqlPositionFunction.java,0,0,0.3046913955659183
1.14.0,core/src/main/java/org/apache/calcite/sql/type/SameOperandTypeExceptLastOperandChecker.java,0,0,0.4586929836786869
1.14.0,core/src/main/java/org/apache/calcite/util/CompositeList.java,0,0,0.15465433255964342
1.14.0,core/src/main/java/org/apache/calcite/interpreter/AggregateNode.java,0,1,0.6282545845680236
1.14.0,core/src/main/java/org/apache/calcite/rex/RexTableInputRef.java,0,1,0.8725396531820777
1.14.0,core/src/main/java/org/apache/calcite/rel/metadata/RelMdAllPredicates.java,1,1,0.8748201235765407
1.14.0,core/src/main/java/org/apache/calcite/sql2rel/SubQueryConverter.java,0,0,0.09825250858748855
1.14.0,core/src/main/java/org/apache/calcite/schema/CustomColumnResolvingTable.java,0,0,0.18296713262539954
1.14.0,druid/src/main/java/org/apache/calcite/adapter/druid/DefaultDimensionSpec.java,0,0,0.22269803442799285
1.14.0,druid/src/main/java/org/apache/calcite/adapter/druid/DimensionSpec.java,0,0,0.21770617993022687
1.14.0,druid/src/main/java/org/apache/calcite/adapter/druid/ExtractionFunction.java,0,0,0.21770617993022687
1.14.0,core/src/main/java/org/apache/calcite/rel/rules/FilterProjectTransposeRule.java,0,0,0.4601087409473087
1.14.0,core/src/main/java/org/apache/calcite/rel/rules/ReduceExpressionsRule.java,0,0,0.4002811245390974
1.14.0,core/src/main/java/org/apache/calcite/prepare/CalciteMaterializer.java,0,1,0.5466621087342718
1.14.0,core/src/main/java/org/apache/calcite/rel/RelHomogeneousShuttle.java,0,0,0.0688623639528326
1.14.0,core/src/main/java/org/apache/calcite/rel/RelShuttle.java,0,0,0.09825250858748855
1.14.0,core/src/main/java/org/apache/calcite/rel/RelShuttleImpl.java,0,0,0.43178798698650545
1.14.0,core/src/main/java/org/apache/calcite/rex/RexPatternFieldRef.java,0,0,0.10861266157854924
1.14.0,core/src/main/java/org/apache/calcite/sql/SqlFunctionCategory.java,0,0,0.3342916166969957
1.14.0,core/src/main/java/org/apache/calcite/sql2rel/RelStructuredTypeFlattener.java,0,0,0.44889746347281545
1.14.0,core/src/main/java/org/apache/calcite/sql/validate/MatchRecognizeNamespace.java,0,0,0.13152253776982772
1.14.0,core/src/main/java/org/apache/calcite/sql/validate/SqlValidator.java,0,0,0.18570548866845946
1.14.0,core/src/main/java/org/apache/calcite/schema/impl/ReflectiveFunctionBase.java,0,0,0.31850306863294947
1.14.0,plus/src/main/java/org/apache/calcite/adapter/os/SqlShell.java,0,1,0.9999331749281007
1.14.0,core/src/main/java/org/apache/calcite/jdbc/CalciteMetaImpl.java,0,1,0.9239482552389346
1.14.0,core/src/main/java/org/apache/calcite/jdbc/CalcitePrepare.java,0,0,0.14250492687626065
1.14.0,core/src/main/java/org/apache/calcite/plan/ConventionTraitDef.java,0,1,0.7903983897160864
1.14.0,core/src/main/java/org/apache/calcite/plan/RelCompositeTrait.java,0,0,0.3254008841437965
1.14.0,core/src/main/java/org/apache/calcite/plan/RexImplicationChecker.java,0,1,0.988653453336271
1.14.0,core/src/main/java/org/apache/calcite/rex/RexWindowBound.java,0,1,0.6898085801224114
1.14.0,core/src/main/java/org/apache/calcite/rex/RexSqlStandardConvertletTable.java,0,0,0.12657839058280068
1.14.0,core/src/main/java/org/apache/calcite/runtime/FlatLists.java,1,0,0.3460547827716283
1.14.0,core/src/main/java/org/apache/calcite/runtime/ResultSetEnumerable.java,0,1,0.6433718630559923
1.14.0,core/src/main/java/org/apache/calcite/sql/SqlDescribeSchema.java,0,0,0.36834459857518553
1.14.0,core/src/main/java/org/apache/calcite/sql/SqlDescribeTable.java,0,0,0.34766365783962644
1.14.0,core/src/main/java/org/apache/calcite/sql/SqlSplittableAggFunction.java,1,1,0.5263499010229339
1.14.0,core/src/main/java/org/apache/calcite/sql/SqlUtil.java,0,1,0.7435408890816426
1.14.0,core/src/main/java/org/apache/calcite/tools/Frameworks.java,0,1,0.7935765681382184
1.14.0,core/src/main/java/org/apache/calcite/util/CompatibleGuava11.java,0,1,0.571002052013375
1.14.0,core/src/main/java/org/apache/calcite/util/ImmutableIntList.java,0,0,1.1311355398436987e-07
1.14.0,core/src/main/java/org/apache/calcite/util/ImmutableNullableList.java,0,0,0.40942253122894523
1.14.0,core/src/main/java/org/apache/calcite/util/ReflectUtil.java,0,0,0.042288192111949716
1.14.0,core/src/main/java/org/apache/calcite/adapter/clone/ArrayTable.java,0,0,0.0066148636707838255
1.14.0,core/src/main/java/org/apache/calcite/adapter/enumerable/EnumerableRelImplementor.java,1,1,0.9428830501127589
1.14.0,core/src/main/java/org/apache/calcite/adapter/java/ReflectiveSchema.java,0,0,0.10146472392958432
1.14.0,core/src/main/java/org/apache/calcite/adapter/jdbc/JdbcTable.java,0,1,0.6363959310803139
1.14.0,core/src/main/java/org/apache/calcite/plan/hep/HepInstruction.java,0,1,0.8555134282000071
1.14.0,core/src/main/java/org/apache/calcite/rel/metadata/JaninoRelMetadataProvider.java,1,1,0.9999998516864561
1.14.0,core/src/main/java/org/apache/calcite/rel/metadata/ReflectiveRelMetadataProvider.java,0,1,0.8959362183289218
1.14.0,core/src/main/java/org/apache/calcite/rel/metadata/RelMetadataProvider.java,0,0,0.22733288396414844
1.14.0,core/src/main/java/org/apache/calcite/rel/rules/ProjectToWindowRule.java,0,1,0.6509236318060343
1.14.0,core/src/main/java/org/apache/calcite/sql/fun/SqlDatetimeSubtractionOperator.java,1,0,0.06020077300072269
1.14.0,core/src/main/java/org/apache/calcite/sql/type/OperandTypes.java,0,0,5.265349379108044e-06
1.14.0,core/src/main/java/org/apache/calcite/sql/util/SqlBasicVisitor.java,0,1,0.5977324739311195
1.14.0,core/src/main/java/org/apache/calcite/sql/validate/SqlValidatorUtil.java,1,1,0.9949641127390776
1.14.0,core/src/main/java/org/apache/calcite/util/trace/CalciteTrace.java,0,0,0.02835322582101294
1.14.0,cassandra/src/main/java/org/apache/calcite/adapter/cassandra/CassandraLimit.java,0,0,0.1909666861191406
1.14.0,cassandra/src/main/java/org/apache/calcite/adapter/cassandra/CassandraRules.java,0,0,0.38238836151079547
1.14.0,cassandra/src/main/java/org/apache/calcite/adapter/cassandra/CassandraTable.java,0,1,0.9864436391960777
1.14.0,druid/src/main/java/org/apache/calcite/adapter/druid/DruidConnectionImpl.java,0,1,0.9999997951993129
1.14.0,mongodb/src/main/java/org/apache/calcite/adapter/mongodb/MongoRules.java,0,0,0.3274421953926712
1.14.0,mongodb/src/main/java/org/apache/calcite/adapter/mongodb/MongoTable.java,0,0,0.2099279120164279
1.14.0,plus/src/main/java/org/apache/calcite/adapter/os/PsTableFunction.java,0,1,0.8850641632867894
1.14.0,plus/src/main/java/org/apache/calcite/adapter/os/VmstatTableFunction.java,0,1,0.8512266180434755
1.14.0,plus/src/main/java/org/apache/calcite/adapter/tpcds/TpcdsSchema.java,0,0,0.380758809069096
1.14.0,plus/src/main/java/org/apache/calcite/adapter/tpch/TpchSchema.java,0,0,0.09763238594861715
1.14.0,spark/src/main/java/org/apache/calcite/adapter/spark/SparkRuntime.java,0,0,0.05392379519418858
1.14.0,splunk/src/main/java/org/apache/calcite/adapter/splunk/SplunkTable.java,0,0,0.2299858437501158
1.14.0,linq4j/src/main/java/org/apache/calcite/linq4j/EnumerableDefaults.java,0,1,0.9476756593319323
1.14.0,linq4j/src/main/java/org/apache/calcite/linq4j/Linq4j.java,0,0,0.004875793707665089
1.14.0,linq4j/src/main/java/org/apache/calcite/linq4j/Ord.java,0,1,0.6816384917566013
1.14.0,linq4j/src/main/java/org/apache/calcite/linq4j/QueryableDefaults.java,0,0,0.2358915797253557
1.14.0,linq4j/src/main/java/org/apache/calcite/linq4j/QueryProviderImpl.java,0,1,0.634667641640832
1.14.0,linq4j/src/main/java/org/apache/calcite/linq4j/function/Functions.java,0,0,7.549890539706083e-08
1.14.0,linq4j/src/main/java/org/apache/calcite/linq4j/tree/ClassDeclarationFinder.java,0,0,0.49952646144205143
1.14.0,linq4j/src/main/java/org/apache/calcite/linq4j/tree/Expressions.java,0,0,0.461652821715265
1.14.0,linq4j/src/main/java/org/apache/calcite/linq4j/tree/FunctionExpression.java,0,1,0.6670865781095857
1.14.0,linq4j/src/main/java/org/apache/calcite/linq4j/tree/OptimizeShuttle.java,0,1,0.8890092775392343
1.14.0,ubenchmark/src/main/java/org/apache/calcite/benchmarks/StatementTest.java,0,0,0.00046359191229488326
1.14.0,core/src/main/java/org/apache/calcite/sql/SqlKind.java,0,1,0.9372029031079531
1.14.0,core/src/main/java/org/apache/calcite/rel/rel2sql/SqlImplementor.java,1,1,0.9998776567904264
1.14.0,core/src/main/java/org/apache/calcite/rel/type/RelDataTypeSystem.java,0,0,0.18006873931095835
1.14.0,core/src/main/java/org/apache/calcite/sql/fun/SqlAvgAggFunction.java,0,0,0.20862579809404502
1.14.0,core/src/main/java/org/apache/calcite/sql/type/ReturnTypes.java,0,0,0.00028995150999665124
1.14.0,core/src/main/java/org/apache/calcite/plan/VisitorDataContext.java,0,0,0.45664486040060936
1.14.0,core/src/main/java/org/apache/calcite/rel/metadata/RelMdPredicates.java,1,1,0.997617913877083
1.14.0,core/src/main/java/org/apache/calcite/tools/Programs.java,0,0,0.2271035149042166
1.14.0,core/src/main/java/org/apache/calcite/rel/rules/ProjectFilterTransposeRule.java,0,1,0.5941484979581576
1.14.0,core/src/main/java/org/apache/calcite/rel/rules/ProjectJoinTransposeRule.java,0,1,0.6157103665006968
1.14.0,core/src/main/java/org/apache/calcite/rel/rules/ProjectSetOpTransposeRule.java,0,1,0.5819030283927341
1.14.0,core/src/main/java/org/apache/calcite/rel/rules/PushProjector.java,0,1,0.7218683316591678
1.14.0,core/src/main/java/org/apache/calcite/rel/rules/SemiJoinRule.java,0,0,0.33153875254756743
