version,file,true_label,predicted,probability
1.4.0,core/src/main/java/org/apache/calcite/adapter/jdbc/JdbcToEnumerableConverter.java,0,0,0.016947550762134344
1.4.0,core/src/main/java/org/apache/calcite/sql/validate/SqlValidator.java,1,1,0.808620879329506
1.4.0,linq4j/src/main/java/org/apache/calcite/linq4j/CartesianProductEnumerator.java,0,0,0.01451382493407695
1.4.0,core/src/main/java/org/apache/calcite/interpreter/AbstractSingleNode.java,0,0,0.1975900806052225
1.4.0,core/src/main/java/org/apache/calcite/interpreter/Row.java,0,0,0.2819499278126603
1.4.0,core/src/main/java/org/apache/calcite/rex/RexLiteral.java,0,0,0.00019496408769198044
1.4.0,core/src/main/java/org/apache/calcite/sql/SqlAsOperator.java,0,1,0.573999206770597
1.4.0,core/src/main/java/org/apache/calcite/sql/SqlBinaryOperator.java,0,1,0.8407547064068976
1.4.0,core/src/main/java/org/apache/calcite/sql/SqlCall.java,1,1,0.7559540488261077
1.4.0,core/src/main/java/org/apache/calcite/sql/SqlCallBinding.java,1,0,0.28962618241419347
1.4.0,core/src/main/java/org/apache/calcite/sql/SqlLiteral.java,1,0,0.0014465298153732234
1.4.0,core/src/main/java/org/apache/calcite/sql/SqlOperator.java,0,1,0.8963007366474974
1.4.0,core/src/main/java/org/apache/calcite/sql/SqlOperatorBinding.java,0,1,0.5187930050301788
1.4.0,core/src/main/java/org/apache/calcite/sql/SqlPrefixOperator.java,0,0,0.4761446938901027
1.4.0,core/src/main/java/org/apache/calcite/sql/fun/SqlAbstractTimeFunction.java,0,1,0.549103037291409
1.4.0,core/src/main/java/org/apache/calcite/sql/fun/SqlCastFunction.java,0,0,0.40421910427921404
1.4.0,core/src/main/java/org/apache/calcite/sql/fun/SqlCurrentDateFunction.java,0,0,0.19666246316994385
1.4.0,core/src/main/java/org/apache/calcite/sql/fun/SqlDatetimeSubtractionOperator.java,0,0,0.2281934048903465
1.4.0,core/src/main/java/org/apache/calcite/sql/fun/SqlExtractFunction.java,0,1,0.9765180561817124
1.4.0,core/src/main/java/org/apache/calcite/sql/fun/SqlFloorFunction.java,0,1,0.6932706552891005
1.4.0,core/src/main/java/org/apache/calcite/sql/fun/SqlMonotonicBinaryOperator.java,0,0,0.25391334131342347
1.4.0,core/src/main/java/org/apache/calcite/sql/fun/SqlMonotonicUnaryFunction.java,0,0,0.24735670611698932
1.4.0,core/src/main/java/org/apache/calcite/sql/fun/SqlStringContextVariable.java,0,0,0.19666246316994385
1.4.0,core/src/main/java/org/apache/calcite/sql/fun/SqlSubstringFunction.java,0,0,0.26847035089267457
1.4.0,core/src/main/java/org/apache/calcite/plan/RelOptPlanner.java,0,0,0.0002971843350130283
1.4.0,core/src/main/java/org/apache/calcite/server/CalciteServerStatement.java,0,0,0.3040517932730243
1.4.0,core/src/main/java/org/apache/calcite/prepare/PlannerImpl.java,0,1,0.778059746002106
1.4.0,core/src/main/java/org/apache/calcite/rel/core/RelFactories.java,0,1,0.7132573280125218
1.4.0,core/src/main/java/org/apache/calcite/rel/logical/LogicalProject.java,0,0,0.41176730643993614
1.4.0,core/src/main/java/org/apache/calcite/rel/rules/AggregateJoinTransposeRule.java,1,0,0.23712009311112806
1.4.0,core/src/main/java/org/apache/calcite/util/BuiltInMethod.java,1,0,0.33212948042828533
1.4.0,core/src/main/java/org/apache/calcite/plan/MaterializedViewSubstitutionVisitor.java,0,0,0.0005326394064716631
1.4.0,core/src/main/java/org/apache/calcite/plan/RexImplicationChecker.java,1,0,0.006293819523462791
1.4.0,core/src/main/java/org/apache/calcite/plan/VisitorDataContext.java,0,0,0.34634641898855717
1.4.0,core/src/main/java/org/apache/calcite/sql/SqlKind.java,0,0,0.0281821290849225
1.4.0,core/src/main/java/org/apache/calcite/rel/rules/SemiJoinRule.java,0,1,0.6958555001170382
1.4.0,core/src/main/java/org/apache/calcite/interpreter/SortNode.java,1,1,0.9224529110574702
1.4.0,core/src/main/java/org/apache/calcite/plan/RelCompositeTrait.java,0,0,0.1018822654677184
1.4.0,core/src/main/java/org/apache/calcite/plan/RelMultipleTrait.java,0,0,0.19487065848125684
1.4.0,core/src/main/java/org/apache/calcite/plan/RelTrait.java,0,0,0.1834405314196101
1.4.0,core/src/main/java/org/apache/calcite/plan/RelTraitDef.java,0,0,0.009054483965183312
1.4.0,core/src/main/java/org/apache/calcite/prepare/LixToRelTranslator.java,0,0,0.3711814017153847
1.4.0,core/src/main/java/org/apache/calcite/prepare/Prepare.java,1,1,0.7037583398164078
1.4.0,core/src/main/java/org/apache/calcite/prepare/QueryableRelBuilder.java,0,0,0.3397895543582366
1.4.0,core/src/main/java/org/apache/calcite/rel/AbstractRelNode.java,1,1,0.6850710369149957
1.4.0,core/src/main/java/org/apache/calcite/rel/RelCollation.java,0,0,0.1834405314196101
1.4.0,core/src/main/java/org/apache/calcite/rel/RelCollations.java,0,0,0.09497849169092223
1.4.0,core/src/main/java/org/apache/calcite/rel/RelCollationTraitDef.java,1,0,0.2946293844652437
1.4.0,core/src/main/java/org/apache/calcite/rex/RexProgram.java,0,0,0.2195788194811179
1.4.0,core/src/main/java/org/apache/calcite/adapter/clone/ArrayTable.java,0,0,3.376670342688222e-06
1.4.0,core/src/main/java/org/apache/calcite/adapter/enumerable/EnumerableCalcRule.java,0,0,0.14123285246478184
1.4.0,core/src/main/java/org/apache/calcite/adapter/enumerable/EnumerableFilterToCalcRule.java,0,0,0.1966370464009317
1.4.0,core/src/main/java/org/apache/calcite/adapter/enumerable/EnumerableMergeJoinRule.java,0,0,0.4775402975371226
1.4.0,core/src/main/java/org/apache/calcite/adapter/enumerable/EnumerableProjectToCalcRule.java,0,0,0.1966370464009317
1.4.0,core/src/main/java/org/apache/calcite/adapter/enumerable/EnumerableSort.java,0,0,0.3796997775268763
1.4.0,core/src/main/java/org/apache/calcite/adapter/enumerable/EnumerableSortRule.java,0,1,0.5536882045423994
1.4.0,core/src/main/java/org/apache/calcite/adapter/enumerable/EnumerableValuesRule.java,0,0,0.18864616013058796
1.4.0,core/src/main/java/org/apache/calcite/plan/volcano/AbstractConverter.java,0,1,0.532754211472242
1.4.0,core/src/main/java/org/apache/calcite/plan/volcano/RelSubset.java,1,1,0.9125330238451991
1.4.0,core/src/main/java/org/apache/calcite/rel/core/Calc.java,0,0,0.0803646829332862
1.4.0,core/src/main/java/org/apache/calcite/rel/core/Correlate.java,0,0,0.3745428444697096
1.4.0,core/src/main/java/org/apache/calcite/rel/core/JoinInfo.java,0,0,0.18347892161576992
1.4.0,core/src/main/java/org/apache/calcite/rel/logical/LogicalCorrelate.java,0,0,0.3640891559584908
1.4.0,core/src/main/java/org/apache/calcite/rel/logical/LogicalIntersect.java,0,0,0.12620020611921345
1.4.0,core/src/main/java/org/apache/calcite/rel/logical/LogicalJoin.java,0,0,0.33759597220456805
1.4.0,core/src/main/java/org/apache/calcite/rel/logical/LogicalMinus.java,0,0,0.20610621123043027
1.4.0,core/src/main/java/org/apache/calcite/rel/logical/LogicalSort.java,0,0,0.4777281256525053
1.4.0,core/src/main/java/org/apache/calcite/rel/logical/LogicalTableFunctionScan.java,0,0,0.31794764020626953
1.4.0,core/src/main/java/org/apache/calcite/rel/logical/LogicalTableModify.java,0,0,0.3293813602133768
1.4.0,core/src/main/java/org/apache/calcite/rel/logical/LogicalUnion.java,0,0,0.3202010030351008
1.4.0,core/src/main/java/org/apache/calcite/rel/logical/LogicalValues.java,0,0,0.37336402160825954
1.4.0,core/src/main/java/org/apache/calcite/rel/rules/CalcRelSplitter.java,0,0,0.10183334491609249
1.4.0,core/src/main/java/org/apache/calcite/rel/rules/FilterCalcMergeRule.java,0,0,0.1451455638787941
1.4.0,core/src/main/java/org/apache/calcite/rel/rules/FilterTableFunctionTransposeRule.java,0,0,0.14564063975262248
1.4.0,core/src/main/java/org/apache/calcite/rel/rules/FilterToCalcRule.java,0,0,0.149970602073435
1.4.0,core/src/main/java/org/apache/calcite/rel/rules/ProjectCalcMergeRule.java,0,0,0.14538209347496606
1.4.0,core/src/main/java/org/apache/calcite/rel/rules/ProjectToCalcRule.java,0,0,0.149970602073435
1.4.0,core/src/main/java/org/apache/calcite/rel/rules/ProjectToWindowRule.java,1,1,0.5676902360439753
1.4.0,core/src/main/java/org/apache/calcite/rel/rules/PruneEmptyRules.java,0,0,0.008238695442865407
1.4.0,core/src/main/java/org/apache/calcite/rel/rules/ReduceDecimalsRule.java,0,1,0.7363638304509129
1.4.0,core/src/main/java/org/apache/calcite/rel/rules/SortProjectTransposeRule.java,1,0,0.3792454403790044
1.4.0,core/src/main/java/org/apache/calcite/rel/rules/ValuesReduceRule.java,1,1,0.5084252828290051
1.4.0,core/src/main/java/org/apache/calcite/sql/fun/SqlLiteralChainOperator.java,0,0,0.4387198381701092
1.4.0,core/src/main/java/org/apache/calcite/sql/util/SqlShuttle.java,0,1,0.5665720426508625
1.4.0,splunk/src/main/java/org/apache/calcite/adapter/splunk/SplunkPushDownRule.java,0,0,3.623646279597926e-06
1.4.0,core/src/main/java/org/apache/calcite/interpreter/BindableConvention.java,0,0,0.3109905011693129
1.4.0,core/src/main/java/org/apache/calcite/interpreter/BindableRel.java,0,0,0.192462302107568
1.4.0,core/src/main/java/org/apache/calcite/interpreter/Context.java,0,0,0.18153894328252962
1.4.0,core/src/main/java/org/apache/calcite/interpreter/FilterNode.java,0,1,0.5963710993629531
1.4.0,core/src/main/java/org/apache/calcite/interpreter/InterpretableConvention.java,0,0,0.07555827400673407
1.4.0,core/src/main/java/org/apache/calcite/interpreter/InterpretableConverter.java,0,0,0.192462302107568
1.4.0,core/src/main/java/org/apache/calcite/interpreter/InterpretableRel.java,0,0,0.192462302107568
1.4.0,core/src/main/java/org/apache/calcite/interpreter/Interpreters.java,0,0,0.14660581531577446
1.4.0,core/src/main/java/org/apache/calcite/interpreter/NoneToBindableConverterRule.java,0,0,0.22881940740026388
1.4.0,core/src/main/java/org/apache/calcite/interpreter/Scalar.java,0,0,0.1911619152755149
1.4.0,core/src/main/java/org/apache/calcite/interpreter/UnionNode.java,0,1,0.689564113933862
1.4.0,core/src/main/java/org/apache/calcite/interpreter/WindowNode.java,0,0,0.28685439889179876
1.4.0,core/src/main/java/org/apache/calcite/rex/RexExecutorImpl.java,0,1,0.5533367199669567
1.4.0,core/src/main/java/org/apache/calcite/runtime/ArrayBindable.java,0,0,0.192462302107568
1.4.0,core/src/main/java/org/apache/calcite/adapter/enumerable/AggImpState.java,0,0,0.4514674050138054
1.4.0,core/src/main/java/org/apache/calcite/adapter/enumerable/EnumerableBindable.java,0,0,0.192462302107568
1.4.0,core/src/main/java/org/apache/calcite/adapter/enumerable/EnumerableConvention.java,0,0,0.19237182962119603
1.4.0,core/src/main/java/org/apache/calcite/adapter/enumerable/EnumerableFilterRule.java,0,0,0.18864616013058796
1.4.0,core/src/main/java/org/apache/calcite/adapter/enumerable/EnumerableInterpretable.java,0,1,0.5002119672713576
1.4.0,core/src/main/java/org/apache/calcite/adapter/enumerable/EnumUtils.java,0,1,0.6053141386658863
1.4.0,core/src/main/java/org/apache/calcite/adapter/java/ReflectiveSchema.java,0,0,0.02166924072856688
1.4.0,core/src/main/java/org/apache/calcite/rel/convert/ConverterRule.java,0,1,0.6420056685363714
1.4.0,spark/src/main/java/org/apache/calcite/adapter/spark/SparkHandlerImpl.java,0,0,5.5080888251779716e-08
1.4.0,linq4j/src/main/java/org/apache/calcite/linq4j/tree/ConditionalExpression.java,0,0,0.08568062958574228
1.4.0,linq4j/src/main/java/org/apache/calcite/linq4j/tree/Types.java,0,0,0.03120046515193865
1.4.0,mongodb/src/main/java/org/apache/calcite/adapter/mongodb/MongoAggregate.java,0,1,0.7479297587654594
1.4.0,core/src/main/java/org/apache/calcite/schema/ExtensibleTable.java,0,0,0.18693115615485648
1.4.0,core/src/main/java/org/apache/calcite/sql/SqlDelete.java,0,0,0.33589091791642495
1.4.0,core/src/main/java/org/apache/calcite/plan/RelOptRule.java,0,0,0.002751182926781318
1.4.0,core/src/main/java/org/apache/calcite/plan/RelTraitSet.java,0,0,0.1617514588306733
1.4.0,core/src/main/java/org/apache/calcite/plan/volcano/RelSet.java,1,0,0.49222788040415416
1.4.0,avatica-server/src/main/java/org/apache/calcite/avatica/server/HttpServer.java,0,0,0.15968702794275327
1.4.0,linq4j/src/main/java/org/apache/calcite/linq4j/tree/Primitive.java,0,0,0.14812761760733367
1.4.0,core/src/main/java/org/apache/calcite/runtime/CalciteResource.java,0,0,0.2809177468627673
1.4.0,core/src/main/java/org/apache/calcite/sql/SqlRankFunction.java,1,1,0.841939760757106
1.4.0,core/src/main/java/org/apache/calcite/util/Util.java,1,1,0.9897558932210163
1.4.0,core/src/main/java/org/apache/calcite/sql/fun/SqlStdOperatorTable.java,0,1,0.9065613043218531
1.4.0,core/src/main/java/org/apache/calcite/adapter/clone/ColumnLoader.java,0,1,0.9857277753516196
1.4.0,core/src/main/java/org/apache/calcite/rel/core/Project.java,1,0,0.14190162424279731
1.4.0,core/src/main/java/org/apache/calcite/rel/core/Values.java,0,0,0.0536564197702446
1.4.0,linq4j/src/main/java/org/apache/calcite/linq4j/function/Functions.java,0,0,5.443438811693488e-07
1.4.0,linq4j/src/main/java/org/apache/calcite/linq4j/tree/ConstructorDeclaration.java,0,0,0.150090497679883
1.4.0,linq4j/src/main/java/org/apache/calcite/linq4j/tree/MethodDeclaration.java,0,0,0.37316346753572266
1.4.0,core/src/main/java/org/apache/calcite/rel/type/RelCrossType.java,0,0,0.2982507812938321
1.4.0,core/src/main/java/org/apache/calcite/rel/type/RelDataTypeFactoryImpl.java,1,0,0.18776746723023258
1.4.0,core/src/main/java/org/apache/calcite/rex/RexBuilder.java,1,1,0.9533556376005325
1.4.0,mongodb/src/main/java/org/apache/calcite/adapter/mongodb/MongoEnumerator.java,0,1,0.8141637951356487
1.4.0,core/src/main/java/org/apache/calcite/rel/rules/ProjectMergeRule.java,0,1,0.8989619466254289
1.4.0,avatica-server/src/main/java/org/apache/calcite/avatica/jdbc/JdbcMeta.java,1,0,7.566055257034543e-08
1.4.0,avatica-server/src/main/java/org/apache/calcite/avatica/jdbc/JdbcResultSet.java,0,1,0.9540541985333266
1.4.0,avatica/src/main/java/org/apache/calcite/avatica/AvaticaPreparedStatement.java,0,1,0.9170505838745768
1.4.0,avatica/src/main/java/org/apache/calcite/avatica/AvaticaStatement.java,0,1,0.999718323830426
1.4.0,avatica/src/main/java/org/apache/calcite/avatica/AvaticaUtils.java,0,0,0.0042470462229423816
1.4.0,avatica/src/main/java/org/apache/calcite/avatica/Meta.java,1,1,0.8496091299713466
1.4.0,linq4j/src/main/java/org/apache/calcite/linq4j/EnumerableDefaults.java,0,0,0.005307125041406112
1.4.0,core/src/main/java/org/apache/calcite/adapter/enumerable/EnumerableTableFunctionScan.java,0,1,0.5024094862132052
1.4.0,core/src/main/java/org/apache/calcite/rel/core/Join.java,0,0,0.2908823589860999
1.4.0,core/src/main/java/org/apache/calcite/rel/core/TableFunctionScan.java,0,0,0.331971216691697
1.4.0,core/src/main/java/org/apache/calcite/rel/externalize/RelWriterImpl.java,0,1,0.5801673716421882
1.4.0,core/src/main/java/org/apache/calcite/rel/rules/MultiJoin.java,0,0,0.4170923661905436
1.4.0,core/src/main/java/org/apache/calcite/util/ImmutableNullableList.java,0,0,0.15062955193826638
1.4.0,core/src/main/java/org/apache/calcite/rel/metadata/BuiltInMetadata.java,0,0,0.00014770202856094215
1.4.0,core/src/main/java/org/apache/calcite/rel/metadata/DefaultRelMetadataProvider.java,0,0,0.21047124817633864
1.4.0,core/src/main/java/org/apache/calcite/rel/metadata/RelMetadataQuery.java,0,0,0.050379865607277266
1.4.0,core/src/main/java/org/apache/calcite/sql/fun/SqlSequenceValueOperator.java,0,0,0.27608714307435317
1.4.0,core/src/main/java/org/apache/calcite/materialize/CachingLatticeStatisticProvider.java,0,0,0.11989826370711437
1.4.0,core/src/main/java/org/apache/calcite/materialize/DelegatingLatticeStatisticProvider.java,0,0,0.35821388466306
1.4.0,core/src/main/java/org/apache/calcite/materialize/Lattice.java,0,0,0.008870314833193243
1.4.0,core/src/main/java/org/apache/calcite/materialize/Lattices.java,0,0,0.09476262518619172
1.4.0,core/src/main/java/org/apache/calcite/materialize/LatticeStatisticProvider.java,0,0,0.1754539057785975
1.4.0,core/src/main/java/org/apache/calcite/materialize/SqlLatticeStatisticProvider.java,0,0,0.16227491725634602
1.4.0,avatica/src/main/java/org/apache/calcite/avatica/ConnectionConfigImpl.java,0,0,0.06505193077908968
1.4.0,core/src/main/java/org/apache/calcite/schema/Schema.java,1,0,0.3098270165562883
1.4.0,core/src/main/java/org/apache/calcite/schema/StreamableTable.java,0,0,0.11246690301241231
1.4.0,core/src/main/java/org/apache/calcite/sql/SqlSelectKeyword.java,0,0,0.21318198983112727
1.4.0,core/src/main/java/org/apache/calcite/sql2rel/RelStructuredTypeFlattener.java,0,0,0.2860176179771116
1.4.0,avatica/src/main/java/org/apache/calcite/avatica/util/PackageMarker.java,0,0,0.19047270901943666
1.4.0,core/src/main/java/org/apache/calcite/adapter/enumerable/EnumerableTableScan.java,0,1,0.6523697003768563
1.4.0,core/src/main/java/org/apache/calcite/adapter/enumerable/RexImpTable.java,1,1,0.9899659482898976
1.4.0,linq4j/src/main/java/org/apache/calcite/linq4j/PackageMarker.java,0,0,0.19047270901943666
1.4.0,core/src/main/java/org/apache/calcite/rel/stream/Chi.java,0,0,0.0286446975208571
1.4.0,core/src/main/java/org/apache/calcite/rel/stream/Delta.java,0,0,0.16667519013417545
1.4.0,core/src/main/java/org/apache/calcite/rel/stream/LogicalChi.java,0,0,0.11754839801435335
1.4.0,core/src/main/java/org/apache/calcite/rel/stream/LogicalDelta.java,0,0,0.0698501549083027
1.4.0,core/src/main/java/org/apache/calcite/rel/stream/StreamRules.java,0,0,0.1857574097245313
1.4.0,core/src/main/java/org/apache/calcite/sql/advise/SqlAdvisorValidator.java,1,0,0.4857533398170342
1.4.0,core/src/main/java/org/apache/calcite/sql/fun/SqlCollectionTableOperator.java,0,0,0.08985718994948562
1.4.0,core/src/main/java/org/apache/calcite/sql/type/CompositeSingleOperandTypeChecker.java,0,0,0.3840316406678139
1.4.0,core/src/main/java/org/apache/calcite/sql/validate/AbstractNamespace.java,1,1,0.6184052725900274
1.4.0,core/src/main/java/org/apache/calcite/sql/validate/IdentifierNamespace.java,1,1,0.8023377191199339
1.4.0,core/src/main/java/org/apache/calcite/sql/validate/SetopNamespace.java,1,0,0.3672906826766032
1.4.0,core/src/main/java/org/apache/calcite/sql/validate/SqlModality.java,0,0,0.21023564851526091
1.4.0,core/src/main/java/org/apache/calcite/sql/validate/SqlValidatorNamespace.java,1,0,0.21880374664775712
1.4.0,core/src/main/java/org/apache/calcite/sql/validate/SqlValidatorTable.java,0,0,0.22115404402752417
1.4.0,core/src/main/java/org/apache/calcite/sql/validate/TableConstructorNamespace.java,1,1,0.5997741526006247
1.4.0,core/src/main/java/org/apache/calcite/sql/validate/TableNamespace.java,1,1,0.6086451876668776
1.4.0,linq4j/src/main/java/org/apache/calcite/linq4j/Linq4j.java,0,0,5.240255951066575e-07
1.4.0,linq4j/src/main/java/org/apache/calcite/linq4j/tree/Visitor.java,0,0,0.15201928251932878
1.4.0,core/src/main/java/org/apache/calcite/rel/metadata/RelMdMemory.java,0,0,0.022460664027812636
1.4.0,core/src/main/java/org/apache/calcite/rel/metadata/RelMdParallelism.java,0,0,0.013035395683266515
1.4.0,core/src/main/java/org/apache/calcite/util/Static.java,0,0,0.015558877983918393
1.4.0,core/src/main/java/org/apache/calcite/sql/advise/SqlAdvisor.java,0,0,0.008462674740931667
1.4.0,core/src/main/java/org/apache/calcite/sql/parser/SqlParserPos.java,0,1,0.856705887594092
1.4.0,core/src/main/java/org/apache/calcite/sql/validate/AggregatingSelectScope.java,1,1,0.7563704149483398
1.4.0,core/src/main/java/org/apache/calcite/sql/validate/CatalogScope.java,0,1,0.6193211141327958
1.4.0,core/src/main/java/org/apache/calcite/sql/validate/EmptyScope.java,0,0,0.01126291971711962
1.4.0,core/src/main/java/org/apache/calcite/sql/validate/ListScope.java,0,0,0.41382468676807177
1.4.0,core/src/main/java/org/apache/calcite/sql/validate/OrderByScope.java,0,0,0.454780403049135
1.4.0,core/src/main/java/org/apache/calcite/sql/validate/ParameterScope.java,0,0,0.38770997381525596
1.4.0,core/src/main/java/org/apache/calcite/sql/validate/SchemaNamespace.java,1,0,0.2278180015522523
1.4.0,core/src/main/java/org/apache/calcite/sql/validate/SelectScope.java,0,0,0.2531348032236542
1.4.0,core/src/main/java/org/apache/calcite/sql/validate/SqlMoniker.java,0,0,0.29367600806363336
1.4.0,core/src/main/java/org/apache/calcite/sql/validate/SqlMonikerImpl.java,0,0,0.1969880763578061
1.4.0,core/src/main/java/org/apache/calcite/sql/validate/SqlMonikerType.java,0,0,0.18864616013058796
1.4.0,core/src/main/java/org/apache/calcite/sql/validate/SqlQualified.java,0,0,0.4067268013452142
1.4.0,core/src/main/java/org/apache/calcite/sql/validate/SqlValidatorCatalogReader.java,0,0,0.1834405314196101
1.4.0,core/src/main/java/org/apache/calcite/sql/validate/SqlValidatorScope.java,0,0,0.19855447511660604
1.4.0,core/src/main/java/org/apache/calcite/sql/validate/WithScope.java,1,0,0.40474294807960703
1.4.0,core/src/main/java/org/apache/calcite/runtime/Enumerables.java,0,0,0.0013552624929562438
1.4.0,core/src/main/java/org/apache/calcite/adapter/enumerable/EnumerableJoinRule.java,0,0,0.49493685988371733
1.4.0,core/src/main/java/org/apache/calcite/adapter/enumerable/EnumerableThetaJoin.java,0,0,0.44175578316597125
1.4.0,linq4j/src/main/java/org/apache/calcite/linq4j/tree/FunctionExpression.java,0,0,0.40365853780320843
1.4.0,core/src/main/java/org/apache/calcite/sql/SqlDialect.java,0,0,2.069602150394879e-06
1.4.0,core/src/main/java/org/apache/calcite/adapter/enumerable/EnumerableAggregateRule.java,0,0,0.14201625756329678
1.4.0,core/src/main/java/org/apache/calcite/adapter/enumerable/PhysType.java,0,0,0.11172226891640684
1.4.0,core/src/main/java/org/apache/calcite/sql/fun/SqlThrowOperator.java,0,0,0.15720935513280773
1.4.0,core/src/main/java/org/apache/calcite/plan/RelOptLattice.java,0,0,0.442272018201167
1.4.0,core/src/main/java/org/apache/calcite/plan/Strong.java,0,0,0.15408147678730075
1.4.0,core/src/main/java/org/apache/calcite/plan/hep/HepRelVertex.java,0,0,0.3282897587719354
1.4.0,core/src/main/java/org/apache/calcite/rel/core/Intersect.java,0,0,0.17736051442306158
1.4.0,core/src/main/java/org/apache/calcite/rel/core/Minus.java,0,0,0.20803859824526197
1.4.0,core/src/main/java/org/apache/calcite/rel/metadata/RelMdRowCount.java,0,0,0.3909098308484286
1.4.0,core/src/main/java/org/apache/calcite/rel/metadata/RelMdSelectivity.java,0,0,0.058913128109660956
1.4.0,core/src/main/java/org/apache/calcite/rel/rules/JoinAssociateRule.java,0,1,0.8017405645078762
1.4.0,core/src/main/java/org/apache/calcite/rel/rules/JoinPushThroughJoinRule.java,0,0,0.38181560734401115
1.4.0,core/src/main/java/org/apache/calcite/rel/rules/JoinToMultiJoinRule.java,0,0,0.003400215704691946
1.4.0,core/src/main/java/org/apache/calcite/rel/rules/LoptOptimizeJoinRule.java,0,1,0.6873187463326222
1.4.0,core/src/main/java/org/apache/calcite/rel/rules/MultiJoinOptimizeBushyRule.java,0,0,0.18427308230352696
1.4.0,plus/src/main/java/org/apache/calcite/adapter/tpcds/TpcdsSchema.java,0,0,0.0009944747481382442
1.4.0,core/src/main/java/org/apache/calcite/prepare/CalciteCatalogReader.java,1,1,0.9592599699680275
1.4.0,core/src/main/java/org/apache/calcite/sql/type/SqlTypeName.java,0,0,2.313782268823683e-08
1.4.0,core/src/main/java/org/apache/calcite/rel/rules/JoinProjectTransposeRule.java,0,0,0.08972428253215461
1.4.0,core/src/main/java/org/apache/calcite/adapter/jdbc/JdbcTable.java,1,1,0.8954788478213691
1.4.0,core/src/main/java/org/apache/calcite/adapter/jdbc/JdbcUtils.java,0,1,0.8841078033157951
1.4.0,avatica/src/main/java/org/apache/calcite/avatica/ColumnMetaData.java,0,0,0.015338586386794778
1.4.0,core/src/main/java/org/apache/calcite/jdbc/CalciteSchema.java,0,0,0.23089070735804115
1.4.0,core/src/main/java/org/apache/calcite/DataContext.java,0,0,0.22359817523154288
1.4.0,core/src/main/java/org/apache/calcite/jdbc/CalciteConnection.java,0,0,0.09266904245921924
1.4.0,core/src/main/java/org/apache/calcite/jdbc/CalciteFactory.java,0,0,0.13376730148653282
1.4.0,core/src/main/java/org/apache/calcite/jdbc/CalciteRootSchema.java,0,0,0.15118993655713528
1.4.0,core/src/main/java/org/apache/calcite/jdbc/JavaRecordType.java,0,0,0.36818242244560845
1.4.0,core/src/main/java/org/apache/calcite/materialize/MaterializationActor.java,0,1,0.6474610258421656
1.4.0,core/src/main/java/org/apache/calcite/materialize/MaterializationKey.java,0,0,0.0798045119718874
1.4.0,core/src/main/java/org/apache/calcite/plan/AbstractRelOptPlanner.java,0,0,0.0013311697110228926
1.4.0,core/src/main/java/org/apache/calcite/plan/Context.java,0,0,0.1834405314196101
1.4.0,core/src/main/java/org/apache/calcite/plan/Convention.java,0,0,0.08716237899128461
1.4.0,core/src/main/java/org/apache/calcite/plan/ConventionTraitDef.java,1,1,0.8686311600904739
1.4.0,core/src/main/java/org/apache/calcite/plan/MulticastRelOptListener.java,0,0,0.1834405314196101
1.4.0,core/src/main/java/org/apache/calcite/plan/RelOptCostImpl.java,0,0,8.949606015605938e-06
1.4.0,core/src/main/java/org/apache/calcite/plan/RelOptListener.java,0,0,0.1834405314196101
1.4.0,core/src/main/java/org/apache/calcite/plan/RelOptSchema.java,0,0,0.10694630809999482
1.4.0,core/src/main/java/org/apache/calcite/plan/RelTraitPropagationVisitor.java,0,0,0.45742453632641056
1.4.0,core/src/main/java/org/apache/calcite/plan/TableAccessMap.java,0,0,0.1834405314196101
1.4.0,core/src/main/java/org/apache/calcite/prepare/CalciteSqlValidator.java,0,0,0.14922136614690137
1.4.0,core/src/main/java/org/apache/calcite/rel/RelWriter.java,0,0,0.1834405314196101
1.4.0,core/src/main/java/org/apache/calcite/rel/SingleRel.java,0,0,0.4171620868233154
1.4.0,core/src/main/java/org/apache/calcite/rex/RexChecker.java,0,0,0.38360058975461264
1.4.0,core/src/main/java/org/apache/calcite/rex/RexCorrelVariable.java,0,0,0.18864616013058796
1.4.0,core/src/main/java/org/apache/calcite/rex/RexDynamicParam.java,0,0,0.18864616013058796
1.4.0,core/src/main/java/org/apache/calcite/rex/RexExecutable.java,0,1,0.5765876710097635
1.4.0,core/src/main/java/org/apache/calcite/rex/RexFieldAccess.java,0,0,0.4150875388962968
1.4.0,core/src/main/java/org/apache/calcite/rex/RexFieldCollation.java,0,0,0.263584581872729
1.4.0,core/src/main/java/org/apache/calcite/rex/RexLocalRef.java,0,1,0.5544623967678441
1.4.0,core/src/main/java/org/apache/calcite/rex/RexMultisetUtil.java,0,0,0.022102932668507283
1.4.0,core/src/main/java/org/apache/calcite/rex/RexNode.java,0,0,0.4933840148835151
1.4.0,core/src/main/java/org/apache/calcite/rex/RexOver.java,0,0,0.344309100315677
1.4.0,core/src/main/java/org/apache/calcite/rex/RexPermutationShuttle.java,0,0,0.1834405314196101
1.4.0,core/src/main/java/org/apache/calcite/rex/RexPermuteInputsShuttle.java,0,0,0.10236727409421176
1.4.0,core/src/main/java/org/apache/calcite/rex/RexRangeRef.java,0,0,0.23061796619915984
1.4.0,core/src/main/java/org/apache/calcite/rex/RexSlot.java,0,0,0.3182948536194742
1.4.0,core/src/main/java/org/apache/calcite/rex/RexSqlConvertlet.java,0,0,0.1834405314196101
1.4.0,core/src/main/java/org/apache/calcite/rex/RexSqlReflectiveConvertletTable.java,0,0,0.08808558794482542
1.4.0,core/src/main/java/org/apache/calcite/rex/RexSqlStandardConvertletTable.java,0,0,0.1834405314196101
1.4.0,core/src/main/java/org/apache/calcite/rex/RexToSqlNodeConverter.java,0,0,0.1834405314196101
1.4.0,core/src/main/java/org/apache/calcite/rex/RexToSqlNodeConverterImpl.java,0,0,0.1834405314196101
1.4.0,core/src/main/java/org/apache/calcite/rex/RexTransformer.java,0,1,0.5042829921364304
1.4.0,core/src/main/java/org/apache/calcite/rex/RexVariable.java,0,1,0.5654564634150295
1.4.0,core/src/main/java/org/apache/calcite/rex/RexVisitor.java,0,0,0.1834405314196101
1.4.0,core/src/main/java/org/apache/calcite/rex/RexVisitorImpl.java,0,0,0.40782821478972675
1.4.0,core/src/main/java/org/apache/calcite/rex/RexWindow.java,0,1,0.7199026813413263
1.4.0,core/src/main/java/org/apache/calcite/rex/RexWindowBound.java,0,1,0.5151268971086312
1.4.0,core/src/main/java/org/apache/calcite/runtime/BinarySearch.java,0,0,0.4859929460336406
1.4.0,core/src/main/java/org/apache/calcite/runtime/Bindable.java,0,0,0.09640914586267747
1.4.0,core/src/main/java/org/apache/calcite/runtime/CalciteContextException.java,0,0,0.34678284865307546
1.4.0,core/src/main/java/org/apache/calcite/runtime/CalciteException.java,0,0,0.18864616013058796
1.4.0,core/src/main/java/org/apache/calcite/runtime/Feature.java,0,0,0.18864616013058796
1.4.0,core/src/main/java/org/apache/calcite/runtime/FlatLists.java,0,0,0.018054541965935016
1.4.0,core/src/main/java/org/apache/calcite/runtime/ResultSetEnumerable.java,0,0,0.00806400314150584
1.4.0,core/src/main/java/org/apache/calcite/runtime/SortedMultiMap.java,0,0,0.0020549778857027598
1.4.0,core/src/main/java/org/apache/calcite/schema/AggregateFunction.java,0,0,0.156869562728281
1.4.0,core/src/main/java/org/apache/calcite/schema/FilterableTable.java,0,0,0.18088761451467394
1.4.0,core/src/main/java/org/apache/calcite/schema/FunctionParameter.java,0,0,0.09266904245921924
1.4.0,core/src/main/java/org/apache/calcite/schema/ImplementableAggFunction.java,0,0,0.16532074586137505
1.4.0,core/src/main/java/org/apache/calcite/schema/ImplementableFunction.java,0,0,0.16006878196784832
1.4.0,core/src/main/java/org/apache/calcite/schema/Member.java,0,0,0.09266904245921924
1.4.0,core/src/main/java/org/apache/calcite/schema/ProjectableFilterableTable.java,0,0,0.19584166664379687
1.4.0,core/src/main/java/org/apache/calcite/schema/QueryableTable.java,0,0,0.14683085064975318
1.4.0,core/src/main/java/org/apache/calcite/schema/ScalarFunction.java,0,0,0.14823168485358162
1.4.0,core/src/main/java/org/apache/calcite/schema/ScannableTable.java,0,0,0.18088761451467394
1.4.0,core/src/main/java/org/apache/calcite/schema/SchemaPlus.java,0,0,0.14683085064975318
1.4.0,core/src/main/java/org/apache/calcite/schema/Table.java,0,0,0.09821544159791694
1.4.0,core/src/main/java/org/apache/calcite/schema/TableFactory.java,0,0,0.11674998604544935
1.4.0,core/src/main/java/org/apache/calcite/schema/TableFunction.java,0,0,0.16006878196784832
1.4.0,core/src/main/java/org/apache/calcite/schema/TranslatableTable.java,0,0,0.09943633594289633
1.4.0,core/src/main/java/org/apache/calcite/sql/ExplicitOperatorBinding.java,0,0,0.22244267282340233
1.4.0,core/src/main/java/org/apache/calcite/sql/JoinConditionType.java,0,0,0.18864616013058796
1.4.0,core/src/main/java/org/apache/calcite/sql/JoinType.java,0,0,0.18864616013058796
1.4.0,core/src/main/java/org/apache/calcite/sql/SqlAbstractDateTimeLiteral.java,0,0,0.2794808531568678
1.4.0,core/src/main/java/org/apache/calcite/sql/SqlAbstractStringLiteral.java,0,0,0.18864616013058796
1.4.0,core/src/main/java/org/apache/calcite/sql/SqlAccessType.java,0,0,0.3932389512728572
1.4.0,core/src/main/java/org/apache/calcite/sql/SqlBasicCall.java,0,1,0.6762641291988137
1.4.0,core/src/main/java/org/apache/calcite/sql/SqlBinaryStringLiteral.java,0,0,0.43640345122706387
1.4.0,core/src/main/java/org/apache/calcite/sql/SqlCharStringLiteral.java,0,0,0.1991136751377541
1.4.0,core/src/main/java/org/apache/calcite/sql/SqlCollation.java,0,0,1.4314744369037282e-05
1.4.0,core/src/main/java/org/apache/calcite/sql/SqlDynamicParam.java,0,0,0.3658064355990422
1.4.0,core/src/main/java/org/apache/calcite/sql/SqlExplain.java,0,0,0.3648747337232501
1.4.0,core/src/main/java/org/apache/calcite/sql/SqlExplainLevel.java,0,0,0.18864616013058796
1.4.0,core/src/main/java/org/apache/calcite/sql/SqlFunction.java,0,0,0.3672533959882907
1.4.0,core/src/main/java/org/apache/calcite/sql/SqlFunctionalOperator.java,0,0,0.1966370464009317
1.4.0,core/src/main/java/org/apache/calcite/sql/SqlFunctionCategory.java,0,0,0.18864616013058796
1.4.0,core/src/main/java/org/apache/calcite/sql/SqlIntervalLiteral.java,0,0,0.014949709713198832
1.4.0,core/src/main/java/org/apache/calcite/sql/SqlJoin.java,0,1,0.5595778422885788
1.4.0,core/src/main/java/org/apache/calcite/sql/SqlMerge.java,0,0,0.3767717068300444
1.4.0,core/src/main/java/org/apache/calcite/sql/SqlNodeList.java,0,1,0.7063138702397634
1.4.0,core/src/main/java/org/apache/calcite/sql/SqlNumericLiteral.java,0,0,0.042489217522197954
1.4.0,core/src/main/java/org/apache/calcite/sql/SqlOperatorTable.java,0,0,0.1834405314196101
1.4.0,core/src/main/java/org/apache/calcite/sql/SqlOrderBy.java,0,1,0.630381403220204
1.4.0,core/src/main/java/org/apache/calcite/sql/SqlPostfixOperator.java,0,1,0.6087487526450311
1.4.0,core/src/main/java/org/apache/calcite/sql/SqlProcedureCallOperator.java,0,0,0.25009263403566895
1.4.0,core/src/main/java/org/apache/calcite/sql/SqlSampleSpec.java,0,0,2.2930550554535703e-05
1.4.0,core/src/main/java/org/apache/calcite/sql/SqlSelect.java,1,1,0.6480237583772364
1.4.0,core/src/main/java/org/apache/calcite/sql/SqlSelectOperator.java,1,1,0.5288452418744017
1.4.0,core/src/main/java/org/apache/calcite/sql/SqlSetOperator.java,1,0,0.24053807789708592
1.4.0,core/src/main/java/org/apache/calcite/sql/SqlSetOption.java,1,0,0.4077320163584063
1.4.0,core/src/main/java/org/apache/calcite/sql/SqlStateCodes.java,0,0,8.860196781375179e-05
1.4.0,core/src/main/java/org/apache/calcite/sql/SqlSyntax.java,0,0,0.3929971406314516
1.4.0,core/src/main/java/org/apache/calcite/sql/SqlUnnestOperator.java,0,1,0.572407819268944
1.4.0,core/src/main/java/org/apache/calcite/sql/SqlWriter.java,0,0,0.0013421105173154538
1.4.0,core/src/main/java/org/apache/calcite/sql2rel/DefaultValueFactory.java,0,0,0.1834405314196101
1.4.0,core/src/main/java/org/apache/calcite/sql2rel/ReflectiveConvertletTable.java,0,0,0.017288773505312518
1.4.0,core/src/main/java/org/apache/calcite/sql2rel/SqlNodeToRexConverter.java,0,0,0.1834405314196101
1.4.0,core/src/main/java/org/apache/calcite/sql2rel/SqlRexContext.java,0,0,0.1834405314196101
1.4.0,core/src/main/java/org/apache/calcite/sql2rel/SqlRexConvertlet.java,0,0,0.1834405314196101
1.4.0,core/src/main/java/org/apache/calcite/sql2rel/SqlRexConvertletTable.java,0,0,0.1834405314196101
1.4.0,core/src/main/java/org/apache/calcite/sql2rel/SubqueryConverter.java,0,0,0.1834405314196101
1.4.0,core/src/main/java/org/apache/calcite/tools/Planner.java,0,0,0.1834405314196101
1.4.0,core/src/main/java/org/apache/calcite/tools/Program.java,0,0,0.1834405314196101
1.4.0,core/src/main/java/org/apache/calcite/tools/RuleSet.java,0,0,0.14490934809191067
1.4.0,core/src/main/java/org/apache/calcite/tools/RuleSets.java,0,0,0.28795431983874775
1.4.0,core/src/main/java/org/apache/calcite/util/BarfingInvocationHandler.java,0,0,0.00859734141660363
1.4.0,core/src/main/java/org/apache/calcite/util/BasicDatetime.java,0,0,0.1834405314196101
1.4.0,core/src/main/java/org/apache/calcite/util/Benchmark.java,0,0,0.11053089083432832
1.4.0,core/src/main/java/org/apache/calcite/util/BitString.java,0,1,0.5042465242322259
1.4.0,core/src/main/java/org/apache/calcite/util/CalciteParserException.java,0,0,0.1834405314196101
1.4.0,core/src/main/java/org/apache/calcite/util/CalciteValidatorException.java,0,0,0.1834405314196101
1.4.0,core/src/main/java/org/apache/calcite/util/CastingList.java,0,0,0.20634898193042506
1.4.0,core/src/main/java/org/apache/calcite/util/ChunkList.java,1,1,0.6799630116772161
1.4.0,core/src/main/java/org/apache/calcite/util/CompatibleGuava11.java,0,0,0.16225440668755853
1.4.0,core/src/main/java/org/apache/calcite/util/CompositeList.java,0,0,0.12624094121236742
1.4.0,core/src/main/java/org/apache/calcite/util/CompositeMap.java,0,0,0.25347133860840504
1.4.0,core/src/main/java/org/apache/calcite/util/CompoundClosableAllocation.java,0,0,0.1834405314196101
1.4.0,core/src/main/java/org/apache/calcite/util/ConversionUtil.java,0,0,1.526389403236345e-06
1.4.0,core/src/main/java/org/apache/calcite/util/DelegatingInvocationHandler.java,0,0,0.19855447511660604
1.4.0,core/src/main/java/org/apache/calcite/util/Filterator.java,0,1,0.6814267965894846
1.4.0,core/src/main/java/org/apache/calcite/util/IntegerIntervalSet.java,0,0,0.3447650233095549
1.4.0,core/src/main/java/org/apache/calcite/util/IntList.java,0,0,0.009071698949839039
1.4.0,core/src/main/java/org/apache/calcite/util/NlsString.java,0,0,1.9804075541699e-06
1.4.0,core/src/main/java/org/apache/calcite/util/NumberUtil.java,0,0,0.09343581335891095
1.4.0,core/src/main/java/org/apache/calcite/util/Pair.java,0,0,3.0041415204050416e-07
1.4.0,core/src/main/java/org/apache/calcite/util/PartiallyOrderedSet.java,0,1,0.5553024898941145
1.4.0,core/src/main/java/org/apache/calcite/util/Permutation.java,0,0,0.00358606868299592
1.4.0,core/src/main/java/org/apache/calcite/util/ReflectiveVisitDispatcher.java,0,0,0.1834405314196101
1.4.0,core/src/main/java/org/apache/calcite/util/ReflectUtil.java,0,0,0.0007582450136919423
1.4.0,core/src/main/java/org/apache/calcite/util/SaffronProperties.java,0,0,4.4899444602514507e-08
1.4.0,core/src/main/java/org/apache/calcite/util/SerializableCharset.java,0,0,0.012102365321978507
1.4.0,core/src/main/java/org/apache/calcite/util/StackWriter.java,0,0,0.0902595071948869
1.4.0,core/src/main/java/org/apache/calcite/util/Template.java,0,0,0.0006391091162933972
1.4.0,core/src/main/java/org/apache/calcite/util/UnmodifiableArrayList.java,0,0,0.058329857540731056
1.4.0,core/src/main/java/org/apache/calcite/util/XmlOutput.java,0,0,1.0211358696760137e-06
1.4.0,core/src/main/java/org/apache/calcite/adapter/clone/CloneSchema.java,0,0,0.31956559626057135
1.4.0,core/src/main/java/org/apache/calcite/adapter/enumerable/AggResetContext.java,0,0,0.16532074586137505
1.4.0,core/src/main/java/org/apache/calcite/adapter/enumerable/AggResultContext.java,0,0,0.16532074586137505
1.4.0,core/src/main/java/org/apache/calcite/adapter/enumerable/EnumerableCollect.java,0,0,0.0883722961952229
1.4.0,core/src/main/java/org/apache/calcite/adapter/enumerable/EnumerableCollectRule.java,0,0,0.18864616013058796
1.4.0,core/src/main/java/org/apache/calcite/adapter/enumerable/EnumerableIntersect.java,1,0,0.21529786790558195
1.4.0,core/src/main/java/org/apache/calcite/adapter/enumerable/EnumerableIntersectRule.java,0,0,0.1906351859821416
1.4.0,core/src/main/java/org/apache/calcite/adapter/enumerable/EnumerableLimitRule.java,0,1,0.5536882045423994
1.4.0,core/src/main/java/org/apache/calcite/adapter/enumerable/EnumerableMinus.java,1,0,0.2864031538940608
1.4.0,core/src/main/java/org/apache/calcite/adapter/enumerable/EnumerableMinusRule.java,0,0,0.17777414501760497
1.4.0,core/src/main/java/org/apache/calcite/adapter/enumerable/EnumerableTableFunctionScanRule.java,0,0,0.18864616013058796
1.4.0,core/src/main/java/org/apache/calcite/adapter/enumerable/EnumerableTableModify.java,0,0,0.41873427964280624
1.4.0,core/src/main/java/org/apache/calcite/adapter/enumerable/EnumerableTableModifyRule.java,0,0,0.32735543219935864
1.4.0,core/src/main/java/org/apache/calcite/adapter/enumerable/EnumerableUncollect.java,0,0,0.38598858331106894
1.4.0,core/src/main/java/org/apache/calcite/adapter/enumerable/EnumerableUncollectRule.java,0,0,0.18864616013058796
1.4.0,core/src/main/java/org/apache/calcite/adapter/enumerable/EnumerableUnion.java,1,1,0.60240867785358
1.4.0,core/src/main/java/org/apache/calcite/adapter/enumerable/EnumerableUnionRule.java,0,0,0.18864616013058796
1.4.0,core/src/main/java/org/apache/calcite/adapter/enumerable/EnumerableWindowRule.java,0,0,0.1966370464009317
1.4.0,core/src/main/java/org/apache/calcite/adapter/enumerable/NestedBlockBuilder.java,0,0,0.16532074586137505
1.4.0,core/src/main/java/org/apache/calcite/adapter/enumerable/NestedBlockBuilderImpl.java,0,0,0.45106889342405115
1.4.0,core/src/main/java/org/apache/calcite/adapter/enumerable/NotNullImplementor.java,0,0,0.16006878196784832
1.4.0,core/src/main/java/org/apache/calcite/adapter/enumerable/NullPolicy.java,0,0,0.1647449846384844
1.4.0,core/src/main/java/org/apache/calcite/adapter/enumerable/ReflectiveCallNotNullImplementor.java,0,1,0.51276640783181
1.4.0,core/src/main/java/org/apache/calcite/adapter/enumerable/StrictWinAggImplementor.java,0,0,0.007405535065446242
1.4.0,core/src/main/java/org/apache/calcite/adapter/enumerable/WinAggAddContext.java,0,0,0.16532074586137505
1.4.0,core/src/main/java/org/apache/calcite/adapter/enumerable/WinAggFrameContext.java,0,0,0.1659127477497494
1.4.0,core/src/main/java/org/apache/calcite/adapter/enumerable/WinAggFrameResultContext.java,0,0,0.1659127477497494
1.4.0,core/src/main/java/org/apache/calcite/adapter/enumerable/WinAggResetContext.java,0,0,0.16532074586137505
1.4.0,core/src/main/java/org/apache/calcite/adapter/enumerable/WinAggResultContext.java,0,0,0.16532074586137505
1.4.0,core/src/main/java/org/apache/calcite/adapter/java/AbstractQueryableTable.java,0,0,0.13372864192288128
1.4.0,core/src/main/java/org/apache/calcite/adapter/java/JavaTypeFactory.java,0,0,0.09281322649892305
1.4.0,core/src/main/java/org/apache/calcite/adapter/jdbc/JdbcImplementor.java,1,1,0.8695450007478804
1.4.0,core/src/main/java/org/apache/calcite/adapter/jdbc/JdbcQueryProvider.java,0,0,0.09715813485771709
1.4.0,core/src/main/java/org/apache/calcite/adapter/jdbc/JdbcRel.java,0,0,0.12475255803075565
1.4.0,core/src/main/java/org/apache/calcite/adapter/jdbc/JdbcTableScan.java,0,0,0.3519754417997706
1.4.0,core/src/main/java/org/apache/calcite/adapter/jdbc/JdbcToEnumerableConverterRule.java,0,0,0.12855495153538374
1.4.0,core/src/main/java/org/apache/calcite/plan/hep/HepInstruction.java,0,1,0.88602230432397
1.4.0,core/src/main/java/org/apache/calcite/plan/hep/HepPlanner.java,1,1,0.7096785627489614
1.4.0,core/src/main/java/org/apache/calcite/plan/hep/HepProgram.java,0,1,0.7315548421403923
1.4.0,core/src/main/java/org/apache/calcite/plan/hep/HepProgramBuilder.java,0,0,0.003003335314263937
1.4.0,core/src/main/java/org/apache/calcite/plan/hep/HepRelMetadataProvider.java,0,1,0.5536882045423994
1.4.0,core/src/main/java/org/apache/calcite/plan/hep/HepRuleCall.java,0,0,0.10414625941345505
1.4.0,core/src/main/java/org/apache/calcite/plan/volcano/ChainedPhaseRuleMappingInitializer.java,0,0,0.1834405314196101
1.4.0,core/src/main/java/org/apache/calcite/plan/volcano/VolcanoCost.java,0,0,1.661573913446572e-05
1.4.0,core/src/main/java/org/apache/calcite/plan/volcano/VolcanoPlannerPhaseRuleMappingInitializer.java,0,0,0.1834405314196101
1.4.0,core/src/main/java/org/apache/calcite/plan/volcano/VolcanoRelMetadataProvider.java,0,0,0.1834405314196101
1.4.0,core/src/main/java/org/apache/calcite/plan/volcano/VolcanoRuleCall.java,0,0,0.0001730628698776129
1.4.0,core/src/main/java/org/apache/calcite/plan/volcano/VolcanoRuleMatch.java,0,1,0.6825429360678926
1.4.0,core/src/main/java/org/apache/calcite/rel/convert/Converter.java,0,0,0.1834405314196101
1.4.0,core/src/main/java/org/apache/calcite/rel/convert/ConverterImpl.java,0,0,0.2599144477310507
1.4.0,core/src/main/java/org/apache/calcite/rel/convert/NoneConverter.java,0,0,0.1834405314196101
1.4.0,core/src/main/java/org/apache/calcite/rel/convert/TraitMatchingRule.java,0,0,0.1834405314196101
1.4.0,core/src/main/java/org/apache/calcite/rel/core/Collect.java,0,0,0.4003176486531687
1.4.0,core/src/main/java/org/apache/calcite/rel/core/Sample.java,0,0,0.1547224561882949
1.4.0,core/src/main/java/org/apache/calcite/rel/core/TableModify.java,0,0,0.22258564899951705
1.4.0,core/src/main/java/org/apache/calcite/rel/core/Union.java,0,0,0.17151629617017716
1.4.0,core/src/main/java/org/apache/calcite/rel/externalize/RelJsonWriter.java,0,0,0.30645126905596204
1.4.0,core/src/main/java/org/apache/calcite/rel/externalize/RelXmlWriter.java,0,0,0.005644473144822938
1.4.0,core/src/main/java/org/apache/calcite/rel/metadata/ChainedRelMetadataProvider.java,0,0,0.3143756666669597
1.4.0,core/src/main/java/org/apache/calcite/rel/metadata/Metadata.java,0,0,0.1834405314196101
1.4.0,core/src/main/java/org/apache/calcite/rel/metadata/MetadataFactory.java,0,0,0.1834405314196101
1.4.0,core/src/main/java/org/apache/calcite/rel/metadata/MetadataFactoryImpl.java,0,0,0.16010640208987312
1.4.0,core/src/main/java/org/apache/calcite/rel/metadata/RelColumnOrigin.java,0,0,0.2591453770064236
1.4.0,core/src/main/java/org/apache/calcite/rel/metadata/RelMdExplainVisibility.java,0,0,0.14353730065430517
1.4.0,core/src/main/java/org/apache/calcite/rel/metadata/RelMdPercentageOriginalRows.java,0,0,0.2785525576002159
1.4.0,core/src/main/java/org/apache/calcite/rel/metadata/RelMetadataProvider.java,0,0,0.1834405314196101
1.4.0,core/src/main/java/org/apache/calcite/rel/rules/CoerceInputsRule.java,0,0,0.47000558828337374
1.4.0,core/src/main/java/org/apache/calcite/rel/rules/FilterMergeRule.java,0,0,0.18864616013058796
1.4.0,core/src/main/java/org/apache/calcite/rel/rules/FilterMultiJoinMergeRule.java,0,0,0.1393626284960481
1.4.0,core/src/main/java/org/apache/calcite/rel/rules/FilterRemoveIsNotDistinctFromRule.java,0,0,0.20276566437974175
1.4.0,core/src/main/java/org/apache/calcite/rel/rules/FilterSetOpTransposeRule.java,0,1,0.56634842813592
1.4.0,core/src/main/java/org/apache/calcite/rel/rules/JoinExtractFilterRule.java,0,0,0.35756859021463444
1.4.0,core/src/main/java/org/apache/calcite/rel/rules/JoinPushTransitivePredicatesRule.java,0,1,0.5536882045423994
1.4.0,core/src/main/java/org/apache/calcite/rel/rules/MultiJoinProjectTransposeRule.java,0,0,0.1834405314196101
1.4.0,core/src/main/java/org/apache/calcite/rel/rules/ProjectFilterTransposeRule.java,0,0,0.3602600520567705
1.4.0,core/src/main/java/org/apache/calcite/rel/rules/ProjectMultiJoinMergeRule.java,0,0,0.1393626284960481
1.4.0,core/src/main/java/org/apache/calcite/rel/rules/ProjectSetOpTransposeRule.java,0,0,0.23876221883536058
1.4.0,core/src/main/java/org/apache/calcite/rel/rules/ProjectSortTransposeRule.java,0,0,0.1393626284960481
1.4.0,core/src/main/java/org/apache/calcite/rel/rules/SemiJoinRemoveRule.java,0,0,0.14353730065430517
1.4.0,core/src/main/java/org/apache/calcite/rel/rules/SortRemoveRule.java,0,0,0.38338110570418416
1.4.0,core/src/main/java/org/apache/calcite/rel/rules/TableScanRule.java,0,0,0.0010017519363005436
1.4.0,core/src/main/java/org/apache/calcite/rel/type/RelDataTypeComparability.java,0,0,0.18864616013058796
1.4.0,core/src/main/java/org/apache/calcite/rel/type/RelDataTypeFieldImpl.java,0,0,0.23330719972305705
1.4.0,core/src/main/java/org/apache/calcite/rel/type/RelProtoDataType.java,0,0,0.1834405314196101
1.4.0,core/src/main/java/org/apache/calcite/rel/type/RelRecordType.java,0,0,0.02580876979351312
1.4.0,core/src/main/java/org/apache/calcite/schema/impl/AbstractTable.java,0,0,0.015556250670860326
1.4.0,core/src/main/java/org/apache/calcite/schema/impl/AbstractTableQueryable.java,0,0,0.2540302637264555
1.4.0,core/src/main/java/org/apache/calcite/schema/impl/AggregateFunctionImpl.java,1,0,0.3212369625597549
1.4.0,core/src/main/java/org/apache/calcite/schema/impl/DelegatingSchema.java,0,0,0.09715813485771709
1.4.0,core/src/main/java/org/apache/calcite/schema/impl/ReflectiveFunctionBase.java,1,1,0.5537853400815733
1.4.0,core/src/main/java/org/apache/calcite/schema/impl/ScalarFunctionImpl.java,0,0,0.37358261635344614
1.4.0,core/src/main/java/org/apache/calcite/schema/impl/StarTable.java,0,0,0.2512114341248185
1.4.0,core/src/main/java/org/apache/calcite/schema/impl/TableFunctionImpl.java,0,0,0.01826234551127965
1.4.0,core/src/main/java/org/apache/calcite/schema/impl/TableMacroImpl.java,0,1,0.6342413266727878
1.4.0,core/src/main/java/org/apache/calcite/sql/advise/SqlAdvisorGetHintsFunction.java,0,1,0.5536882045423994
1.4.0,core/src/main/java/org/apache/calcite/sql/advise/SqlAdvisorHint.java,0,1,0.7780842098513597
1.4.0,core/src/main/java/org/apache/calcite/sql/advise/SqlSimpleParser.java,0,0,8.018572773965579e-08
1.4.0,core/src/main/java/org/apache/calcite/sql/fun/SqlArrayQueryConstructor.java,0,0,0.18864616013058796
1.4.0,core/src/main/java/org/apache/calcite/sql/fun/SqlArrayValueConstructor.java,0,0,0.19928696215411415
1.4.0,core/src/main/java/org/apache/calcite/sql/fun/SqlAvgAggFunction.java,1,0,0.14904211734977074
1.4.0,core/src/main/java/org/apache/calcite/sql/fun/SqlCase.java,0,0,0.4128120291511904
1.4.0,core/src/main/java/org/apache/calcite/sql/fun/SqlCaseOperator.java,0,0,0.1586344318058322
1.4.0,core/src/main/java/org/apache/calcite/sql/fun/SqlCoalesceFunction.java,0,0,0.44283481621866466
1.4.0,core/src/main/java/org/apache/calcite/sql/fun/SqlColumnListConstructor.java,0,0,0.16056174839517107
1.4.0,core/src/main/java/org/apache/calcite/sql/fun/SqlConvertFunction.java,0,0,0.3579004111737401
1.4.0,core/src/main/java/org/apache/calcite/sql/fun/SqlCovarAggFunction.java,1,0,0.12547666640623326
1.4.0,core/src/main/java/org/apache/calcite/sql/fun/SqlCursorConstructor.java,0,0,0.38746554399054006
1.4.0,core/src/main/java/org/apache/calcite/sql/fun/SqlHistogramAggFunction.java,1,0,0.1522792211132213
1.4.0,core/src/main/java/org/apache/calcite/sql/fun/SqlInOperator.java,0,0,0.43086449601029675
1.4.0,core/src/main/java/org/apache/calcite/sql/fun/SqlLeadLagAggFunction.java,1,0,0.42200816672785685
1.4.0,core/src/main/java/org/apache/calcite/sql/fun/SqlLikeOperator.java,0,0,0.4355371729797275
1.4.0,core/src/main/java/org/apache/calcite/sql/fun/SqlMapQueryConstructor.java,0,0,0.18864616013058796
1.4.0,core/src/main/java/org/apache/calcite/sql/fun/SqlMapValueConstructor.java,0,0,0.35699434186825996
1.4.0,core/src/main/java/org/apache/calcite/sql/fun/SqlMultisetMemberOfOperator.java,0,0,0.37139093075704593
1.4.0,core/src/main/java/org/apache/calcite/sql/fun/SqlMultisetQueryConstructor.java,0,0,0.1522459658131447
1.4.0,core/src/main/java/org/apache/calcite/sql/fun/SqlMultisetSetOperator.java,0,0,0.3686685099088554
1.4.0,core/src/main/java/org/apache/calcite/sql/fun/SqlMultisetValueConstructor.java,0,0,0.3116750017932044
1.4.0,core/src/main/java/org/apache/calcite/sql/fun/SqlNewOperator.java,0,0,0.12896551619800373
1.4.0,core/src/main/java/org/apache/calcite/sql/fun/SqlNtileAggFunction.java,1,0,0.16993371540549168
1.4.0,core/src/main/java/org/apache/calcite/sql/fun/SqlNullifFunction.java,0,0,0.39359463759358365
1.4.0,core/src/main/java/org/apache/calcite/sql/fun/SqlOverlapsOperator.java,0,0,0.19940716430369335
1.4.0,core/src/main/java/org/apache/calcite/sql/fun/SqlOverlayFunction.java,0,1,0.7447023129317895
1.4.0,core/src/main/java/org/apache/calcite/sql/fun/SqlPositionFunction.java,0,0,0.2894441206146398
1.4.0,core/src/main/java/org/apache/calcite/sql/fun/SqlRowOperator.java,0,0,0.16480825763144186
1.4.0,core/src/main/java/org/apache/calcite/sql/fun/SqlSingleValueAggFunction.java,1,0,0.1522792211132213
1.4.0,core/src/main/java/org/apache/calcite/sql/fun/SqlTrimFunction.java,1,1,0.7908726450082318
1.4.0,core/src/main/java/org/apache/calcite/sql/parser/SqlParseException.java,0,0,0.42878939891224194
1.4.0,core/src/main/java/org/apache/calcite/sql/parser/SqlParserImplFactory.java,0,0,0.1834405314196101
1.4.0,core/src/main/java/org/apache/calcite/sql/type/AbstractSqlType.java,0,0,0.2017061384647606
1.4.0,core/src/main/java/org/apache/calcite/sql/type/ArraySqlType.java,0,1,0.5316676289117286
1.4.0,core/src/main/java/org/apache/calcite/sql/type/CursorReturnTypeInference.java,0,0,0.1834405314196101
1.4.0,core/src/main/java/org/apache/calcite/sql/type/ExplicitOperandTypeInference.java,1,1,0.5205656699342583
1.4.0,core/src/main/java/org/apache/calcite/sql/type/ExplicitReturnTypeInference.java,0,1,0.5187502386129755
1.4.0,core/src/main/java/org/apache/calcite/sql/type/InferTypes.java,0,0,0.05773402726810234
1.4.0,core/src/main/java/org/apache/calcite/sql/type/JavaToSqlTypeConversionRules.java,0,0,0.12874736996616173
1.4.0,core/src/main/java/org/apache/calcite/sql/type/MapSqlType.java,0,1,0.5586603523825149
1.4.0,core/src/main/java/org/apache/calcite/sql/type/MatchReturnTypeInference.java,0,1,0.5094369000607997
1.4.0,core/src/main/java/org/apache/calcite/sql/type/MultisetSqlType.java,0,1,0.5316676289117286
1.4.0,core/src/main/java/org/apache/calcite/sql/type/ObjectSqlType.java,0,0,0.16168711852472986
1.4.0,core/src/main/java/org/apache/calcite/sql/type/OperandsTypeChecking.java,0,0,0.00036869788648583106
1.4.0,core/src/main/java/org/apache/calcite/sql/type/OrdinalReturnTypeInference.java,0,0,0.18864616013058796
1.4.0,core/src/main/java/org/apache/calcite/sql/type/SqlOperandCountRanges.java,0,0,0.03786367696302193
1.4.0,core/src/main/java/org/apache/calcite/sql/type/SqlOperandTypeInference.java,0,0,0.19855447511660604
1.4.0,core/src/main/java/org/apache/calcite/sql/type/SqlReturnTypeInference.java,0,0,0.1834405314196101
1.4.0,core/src/main/java/org/apache/calcite/sql/type/SqlReturnTypeInferenceChain.java,0,1,0.6037923301144744
1.4.0,core/src/main/java/org/apache/calcite/sql/type/SqlSingleOperandTypeChecker.java,0,0,0.1834405314196101
1.4.0,core/src/main/java/org/apache/calcite/sql/type/SqlTypeAssignmentRules.java,0,0,0.0018008563230339852
1.4.0,core/src/main/java/org/apache/calcite/sql/type/SqlTypeExplicitPrecedenceList.java,1,0,0.20276566437974175
1.4.0,core/src/main/java/org/apache/calcite/sql/type/SqlTypeFactoryImpl.java,1,1,0.6170200999653425
1.4.0,core/src/main/java/org/apache/calcite/sql/type/SqlTypeFamily.java,0,0,1.7436001272067538e-13
1.4.0,core/src/main/java/org/apache/calcite/sql/type/SqlTypeTransform.java,0,0,0.1834405314196101
1.4.0,core/src/main/java/org/apache/calcite/sql/type/SqlTypeTransformCascade.java,0,1,0.5814195868253184
1.4.0,core/src/main/java/org/apache/calcite/sql/type/SqlTypeTransforms.java,0,0,0.16160323210845545
1.4.0,core/src/main/java/org/apache/calcite/sql/type/TableFunctionReturnTypeInference.java,0,0,0.1834405314196101
1.4.0,core/src/main/java/org/apache/calcite/sql/util/ChainedSqlOperatorTable.java,1,0,0.3177502293502854
1.4.0,core/src/main/java/org/apache/calcite/sql/util/ListSqlOperatorTable.java,0,0,0.38463611464630654
1.4.0,core/src/main/java/org/apache/calcite/sql/util/ReflectiveSqlOperatorTable.java,0,0,0.015755350252874837
1.4.0,core/src/main/java/org/apache/calcite/sql/util/SqlBasicVisitor.java,0,0,0.42329489020221467
1.4.0,core/src/main/java/org/apache/calcite/sql/util/SqlBuilder.java,0,0,0.2859570795422462
1.4.0,core/src/main/java/org/apache/calcite/sql/util/SqlString.java,0,0,0.3031843069966551
1.4.0,core/src/main/java/org/apache/calcite/sql/util/SqlVisitor.java,0,0,0.1834405314196101
1.4.0,core/src/main/java/org/apache/calcite/sql/validate/AggFinder.java,0,1,0.5390588937894145
1.4.0,core/src/main/java/org/apache/calcite/sql/validate/AggregatingScope.java,0,0,0.1834405314196101
1.4.0,core/src/main/java/org/apache/calcite/sql/validate/AliasNamespace.java,1,1,0.5369442767706096
1.4.0,core/src/main/java/org/apache/calcite/sql/validate/CollectNamespace.java,1,1,0.5316676289117286
1.4.0,core/src/main/java/org/apache/calcite/sql/validate/CollectScope.java,0,0,0.3956489997793117
1.4.0,core/src/main/java/org/apache/calcite/sql/validate/DelegatingNamespace.java,1,0,0.1834405314196101
1.4.0,core/src/main/java/org/apache/calcite/sql/validate/DelegatingSqlValidatorCatalogReader.java,0,0,0.1834405314196101
1.4.0,core/src/main/java/org/apache/calcite/sql/validate/DelegatingSqlValidatorTable.java,0,0,0.1834405314196101
1.4.0,core/src/main/java/org/apache/calcite/sql/validate/FieldNamespace.java,1,0,0.3493860547596743
1.4.0,core/src/main/java/org/apache/calcite/sql/validate/JoinNamespace.java,1,0,0.4789250571000804
1.4.0,core/src/main/java/org/apache/calcite/sql/validate/JoinScope.java,0,0,0.26745521683162116
1.4.0,core/src/main/java/org/apache/calcite/sql/validate/OverScope.java,0,0,0.1834405314196101
1.4.0,core/src/main/java/org/apache/calcite/sql/validate/ParameterNamespace.java,1,0,0.1834405314196101
1.4.0,core/src/main/java/org/apache/calcite/sql/validate/ProcedureNamespace.java,1,1,0.6507455991812354
1.4.0,core/src/main/java/org/apache/calcite/sql/validate/SqlIdentifierMoniker.java,0,0,0.04566691301494007
1.4.0,core/src/main/java/org/apache/calcite/sql/validate/SqlScopedShuttle.java,0,0,0.18864616013058796
1.4.0,core/src/main/java/org/apache/calcite/sql/validate/SqlUserDefinedAggFunction.java,1,0,0.2319114450742613
1.4.0,core/src/main/java/org/apache/calcite/sql/validate/SqlUserDefinedFunction.java,0,0,0.18864616013058796
1.4.0,core/src/main/java/org/apache/calcite/sql/validate/SqlUserDefinedTableFunction.java,0,0,0.18864616013058796
1.4.0,core/src/main/java/org/apache/calcite/sql/validate/SqlValidatorException.java,0,0,0.20837974835257236
1.4.0,core/src/main/java/org/apache/calcite/sql/validate/SqlValidatorWithHints.java,0,0,0.1834405314196101
1.4.0,core/src/main/java/org/apache/calcite/sql/validate/UnnestNamespace.java,1,0,0.4759159787159632
1.4.0,core/src/main/java/org/apache/calcite/sql/validate/WithItemNamespace.java,1,1,0.5997766669373045
1.4.0,core/src/main/java/org/apache/calcite/sql/validate/WithNamespace.java,1,1,0.5536882045423994
1.4.0,core/src/main/java/org/apache/calcite/util/graph/CycleDetector.java,0,0,0.18864616013058796
1.4.0,core/src/main/java/org/apache/calcite/util/graph/DefaultDirectedGraph.java,0,1,0.6144708704128213
1.4.0,core/src/main/java/org/apache/calcite/util/graph/DefaultEdge.java,0,0,0.4066124604460444
1.4.0,core/src/main/java/org/apache/calcite/util/graph/DepthFirstIterator.java,0,0,0.18444216350006876
1.4.0,core/src/main/java/org/apache/calcite/util/graph/Graphs.java,0,1,0.5096565714953962
1.4.0,core/src/main/java/org/apache/calcite/util/graph/TopologicalOrderIterator.java,0,1,0.5754189325249842
1.4.0,core/src/main/java/org/apache/calcite/util/javac/JaninoCompiler.java,0,0,0.27122092321073366
1.4.0,core/src/main/java/org/apache/calcite/util/javac/JavaCompilerArgs.java,0,0,0.07991267057989297
1.4.0,core/src/main/java/org/apache/calcite/util/mapping/Mapping.java,0,0,0.1834405314196101
1.4.0,core/src/main/java/org/apache/calcite/util/trace/CalciteLogger.java,0,0,0.0038216609743081816
1.4.0,core/src/main/java/org/apache/calcite/util/trace/CalciteTimingTracer.java,0,0,0.00014210031879962796
1.4.0,core/src/main/java/org/apache/calcite/adapter/enumerable/impl/AggAddContextImpl.java,0,0,0.17072497287628308
1.4.0,core/src/main/java/org/apache/calcite/adapter/enumerable/impl/AggResetContextImpl.java,0,0,0.11570502313606855
1.4.0,core/src/main/java/org/apache/calcite/adapter/enumerable/impl/AggResultContextImpl.java,0,0,0.17072497287628308
1.4.0,core/src/main/java/org/apache/calcite/adapter/enumerable/impl/WinAggResetContextImpl.java,0,0,0.28379046913489125
1.4.0,core/src/main/java/org/apache/calcite/adapter/enumerable/impl/WinAggResultContextImpl.java,0,0,0.18900611660017785
1.4.0,avatica/src/main/java/org/apache/calcite/avatica/ConnectStringParser.java,1,1,0.9961354410559001
1.4.0,mongodb/src/main/java/org/apache/calcite/adapter/mongodb/MongoMethod.java,0,0,0.1834405314196101
1.4.0,mongodb/src/main/java/org/apache/calcite/adapter/mongodb/MongoRel.java,0,0,0.23597382214788085
1.4.0,mongodb/src/main/java/org/apache/calcite/adapter/mongodb/MongoSchema.java,0,0,0.2764368691169398
1.4.0,mongodb/src/main/java/org/apache/calcite/adapter/mongodb/MongoSchemaFactory.java,0,0,0.1459542887527605
1.4.0,mongodb/src/main/java/org/apache/calcite/adapter/mongodb/MongoSort.java,0,0,0.2327388837213502
1.4.0,mongodb/src/main/java/org/apache/calcite/adapter/mongodb/MongoTableScan.java,0,0,0.23087267225225913
1.4.0,mongodb/src/main/java/org/apache/calcite/adapter/mongodb/MongoToEnumerableConverter.java,0,0,0.14313255114653398
1.4.0,mongodb/src/main/java/org/apache/calcite/adapter/mongodb/MongoToEnumerableConverterRule.java,0,0,0.1393626284960481
1.4.0,plus/src/main/java/org/apache/calcite/adapter/tpcds/TpcdsSchemaFactory.java,0,1,0.807750880390401
1.4.0,plus/src/main/java/org/apache/calcite/adapter/tpch/TpchSchema.java,0,0,4.5437892595216095e-05
1.4.0,plus/src/main/java/org/apache/calcite/adapter/tpch/TpchSchemaFactory.java,0,0,0.1459542887527605
1.4.0,spark/src/main/java/org/apache/calcite/adapter/spark/EnumerableToSparkConverter.java,0,1,0.8421835925292216
1.4.0,spark/src/main/java/org/apache/calcite/adapter/spark/EnumerableToSparkConverterRule.java,0,0,0.1393626284960481
1.4.0,spark/src/main/java/org/apache/calcite/adapter/spark/JdbcToSparkConverter.java,0,0,0.15263862634647515
1.4.0,spark/src/main/java/org/apache/calcite/adapter/spark/JdbcToSparkConverterRule.java,0,0,0.1834405314196101
1.4.0,spark/src/main/java/org/apache/calcite/adapter/spark/SparkMethod.java,0,0,0.3157305348055722
1.4.0,spark/src/main/java/org/apache/calcite/adapter/spark/SparkRel.java,0,0,0.2074132621280926
1.4.0,spark/src/main/java/org/apache/calcite/adapter/spark/SparkRuntime.java,0,0,0.19855447511660604
1.4.0,splunk/src/main/java/org/apache/calcite/adapter/splunk/SplunkDriver.java,0,0,0.08668885700941781
1.4.0,splunk/src/main/java/org/apache/calcite/adapter/splunk/SplunkDriverVersion.java,0,0,0.18864616013058796
1.4.0,splunk/src/main/java/org/apache/calcite/adapter/splunk/SplunkSchema.java,0,0,0.1834405314196101
1.4.0,splunk/src/main/java/org/apache/calcite/adapter/splunk/SplunkTable.java,0,0,0.1834405314196101
1.4.0,splunk/src/main/java/org/apache/calcite/adapter/splunk/search/SplunkConnection.java,0,0,0.1834405314196101
1.4.0,splunk/src/main/java/org/apache/calcite/adapter/splunk/search/SplunkConnectionImpl.java,0,0,7.160845804661247e-10
1.4.0,splunk/src/main/java/org/apache/calcite/adapter/splunk/util/HttpUtils.java,0,0,0.2058069352110566
1.4.0,splunk/src/main/java/org/apache/calcite/adapter/splunk/util/SocketFactoryImpl.java,0,0,0.2081374743878472
1.4.0,splunk/src/main/java/org/apache/calcite/adapter/splunk/util/TrustAllSslSocketFactory.java,0,0,1.96962472100487e-07
1.4.0,linq4j/src/main/java/org/apache/calcite/linq4j/BaseQueryable.java,0,0,0.004008759009963794
1.4.0,linq4j/src/main/java/org/apache/calcite/linq4j/DefaultQueryable.java,0,0,0.21111702054779666
1.4.0,linq4j/src/main/java/org/apache/calcite/linq4j/EnumerableOrderedQueryable.java,0,0,0.1834405314196101
1.4.0,linq4j/src/main/java/org/apache/calcite/linq4j/ExtendedOrderedEnumerable.java,0,0,0.1834405314196101
1.4.0,linq4j/src/main/java/org/apache/calcite/linq4j/ExtendedOrderedQueryable.java,0,0,0.1834405314196101
1.4.0,linq4j/src/main/java/org/apache/calcite/linq4j/ExtendedQueryable.java,0,0,0.002684771278244286
1.4.0,linq4j/src/main/java/org/apache/calcite/linq4j/Extensions.java,0,0,0.34869186897322213
1.4.0,linq4j/src/main/java/org/apache/calcite/linq4j/GroupingImpl.java,0,0,0.2656083152036066
1.4.0,linq4j/src/main/java/org/apache/calcite/linq4j/Lookup.java,0,0,0.1834405314196101
1.4.0,linq4j/src/main/java/org/apache/calcite/linq4j/LookupImpl.java,0,0,0.3239035363381188
1.4.0,linq4j/src/main/java/org/apache/calcite/linq4j/QueryableFactory.java,0,0,0.1834405314196101
1.4.0,linq4j/src/main/java/org/apache/calcite/linq4j/QueryableRecorder.java,0,0,0.1262703544329735
1.4.0,linq4j/src/main/java/org/apache/calcite/linq4j/QueryProvider.java,0,0,0.1834405314196101
1.4.0,linq4j/src/main/java/org/apache/calcite/linq4j/QueryProviderImpl.java,0,1,0.7273708975131029
1.4.0,linq4j/src/main/java/org/apache/calcite/linq4j/RawQueryable.java,0,0,0.1834405314196101
1.4.0,linq4j/src/main/java/org/apache/calcite/linq4j/tree/AbstractNode.java,0,1,0.5769721769824343
1.4.0,linq4j/src/main/java/org/apache/calcite/linq4j/tree/ArrayLengthRecordField.java,0,0,0.26034117033638143
1.4.0,linq4j/src/main/java/org/apache/calcite/linq4j/tree/BinaryExpression.java,0,0,0.026833308960283887
1.4.0,linq4j/src/main/java/org/apache/calcite/linq4j/tree/BlockBuilder.java,0,0,8.654709726407268e-09
1.4.0,linq4j/src/main/java/org/apache/calcite/linq4j/tree/Blocks.java,0,0,0.03422388383791361
1.4.0,linq4j/src/main/java/org/apache/calcite/linq4j/tree/BlockStatement.java,0,0,0.00028323380448753315
1.4.0,linq4j/src/main/java/org/apache/calcite/linq4j/tree/CatchBlock.java,0,0,0.18039834137069571
1.4.0,linq4j/src/main/java/org/apache/calcite/linq4j/tree/ClassDeclaration.java,0,1,0.8987461676645253
1.4.0,linq4j/src/main/java/org/apache/calcite/linq4j/tree/ClassDeclarationFinder.java,0,1,0.6685041546469139
1.4.0,linq4j/src/main/java/org/apache/calcite/linq4j/tree/ConditionalStatement.java,0,0,0.33316226377403524
1.4.0,linq4j/src/main/java/org/apache/calcite/linq4j/tree/ConstantUntypedNull.java,0,1,0.5030776504031842
1.4.0,linq4j/src/main/java/org/apache/calcite/linq4j/tree/DeclarationStatement.java,0,0,0.3278267570388893
1.4.0,linq4j/src/main/java/org/apache/calcite/linq4j/tree/DefaultExpression.java,0,0,0.1834405314196101
1.4.0,linq4j/src/main/java/org/apache/calcite/linq4j/tree/DeterministicCodeOptimizer.java,1,0,0.3792910004350045
1.4.0,linq4j/src/main/java/org/apache/calcite/linq4j/tree/DynamicExpression.java,0,0,0.1834405314196101
1.4.0,linq4j/src/main/java/org/apache/calcite/linq4j/tree/Expression.java,0,1,0.6083291879743806
1.4.0,linq4j/src/main/java/org/apache/calcite/linq4j/tree/ExpressionVisitor.java,0,0,0.1834405314196101
1.4.0,linq4j/src/main/java/org/apache/calcite/linq4j/tree/ExpressionWriter.java,0,0,0.17384683600834638
1.4.0,linq4j/src/main/java/org/apache/calcite/linq4j/tree/FieldDeclaration.java,0,0,0.28141937363853886
1.4.0,linq4j/src/main/java/org/apache/calcite/linq4j/tree/ForStatement.java,0,0,0.0181038320779331
1.4.0,linq4j/src/main/java/org/apache/calcite/linq4j/tree/GotoStatement.java,0,1,0.5753104568114132
1.4.0,linq4j/src/main/java/org/apache/calcite/linq4j/tree/IndexExpression.java,0,0,0.21654682314809134
1.4.0,linq4j/src/main/java/org/apache/calcite/linq4j/tree/InvocationExpression.java,0,0,0.1834405314196101
1.4.0,linq4j/src/main/java/org/apache/calcite/linq4j/tree/LabelStatement.java,0,0,0.06696321742027975
1.4.0,linq4j/src/main/java/org/apache/calcite/linq4j/tree/LabelTarget.java,0,0,0.1225324390746126
1.4.0,linq4j/src/main/java/org/apache/calcite/linq4j/tree/LambdaExpression.java,0,0,0.26013210570703943
1.4.0,linq4j/src/main/java/org/apache/calcite/linq4j/tree/ListInitExpression.java,0,0,0.1834405314196101
1.4.0,linq4j/src/main/java/org/apache/calcite/linq4j/tree/MemberExpression.java,0,1,0.5671761544234997
1.4.0,linq4j/src/main/java/org/apache/calcite/linq4j/tree/MemberInitExpression.java,0,0,0.1834405314196101
1.4.0,linq4j/src/main/java/org/apache/calcite/linq4j/tree/MethodCallExpression.java,0,1,0.6097157488659269
1.4.0,linq4j/src/main/java/org/apache/calcite/linq4j/tree/NewArrayExpression.java,0,0,0.249924408759292
1.4.0,linq4j/src/main/java/org/apache/calcite/linq4j/tree/NewExpression.java,0,0,0.13342325957434426
1.4.0,linq4j/src/main/java/org/apache/calcite/linq4j/tree/OptimizeVisitor.java,0,0,0.3544429853009159
1.4.0,linq4j/src/main/java/org/apache/calcite/linq4j/tree/ParameterExpression.java,0,1,0.7060333097312197
1.4.0,linq4j/src/main/java/org/apache/calcite/linq4j/tree/ReflectedPseudoField.java,0,0,0.33940561698977334
1.4.0,linq4j/src/main/java/org/apache/calcite/linq4j/tree/Statement.java,0,1,0.6738923364087608
1.4.0,linq4j/src/main/java/org/apache/calcite/linq4j/tree/SwitchStatement.java,0,0,0.1834405314196101
1.4.0,linq4j/src/main/java/org/apache/calcite/linq4j/tree/TernaryExpression.java,0,0,0.21714848372742518
1.4.0,linq4j/src/main/java/org/apache/calcite/linq4j/tree/ThrowStatement.java,0,0,0.16633843970227752
1.4.0,linq4j/src/main/java/org/apache/calcite/linq4j/tree/TryStatement.java,0,0,0.11018176616088723
1.4.0,linq4j/src/main/java/org/apache/calcite/linq4j/tree/TypeBinaryExpression.java,0,0,0.30449309506257194
1.4.0,linq4j/src/main/java/org/apache/calcite/linq4j/tree/UnaryExpression.java,0,1,0.730884966880824
1.4.0,linq4j/src/main/java/org/apache/calcite/linq4j/tree/WhileStatement.java,0,0,0.010044223987575715
1.4.0,core/src/main/java/org/apache/calcite/rel/metadata/RelMdPredicates.java,0,1,0.97065323174787
1.4.0,core/src/main/java/org/apache/calcite/config/CalciteConnectionConfig.java,0,0,0.15428072879375238
1.4.0,core/src/main/java/org/apache/calcite/config/CalciteConnectionConfigImpl.java,0,0,0.17963715187782478
1.4.0,core/src/main/java/org/apache/calcite/config/CalciteConnectionProperty.java,0,0,0.09508225696035814
1.4.0,core/src/main/java/org/apache/calcite/plan/RelImplementor.java,0,0,0.1834405314196101
1.4.0,core/src/main/java/org/apache/calcite/sql/SemiJoinType.java,0,0,0.30694176674083806
1.4.0,core/src/main/java/org/apache/calcite/adapter/enumerable/EnumerableCorrelateRule.java,0,0,0.19247873202156018
1.4.0,core/src/main/java/org/apache/calcite/rel/core/CorrelationId.java,0,0,0.4122836892243088
1.4.0,core/src/main/java/org/apache/calcite/rel/core/Uncollect.java,0,0,0.4965175471844596
1.4.0,core/src/main/java/org/apache/calcite/rel/rules/ProjectJoinTransposeRule.java,0,0,0.3171799364600184
1.4.0,core/src/main/java/org/apache/calcite/rel/rules/PushProjector.java,0,0,0.0032501054371429747
1.4.0,core/src/main/java/org/apache/calcite/schema/Schemas.java,0,1,0.8087805566999673
1.4.0,core/src/main/java/org/apache/calcite/util/trace/CalciteTrace.java,0,0,0.014795809328373816
1.4.0,spark/src/main/java/org/apache/calcite/adapter/spark/SparkToEnumerableConverter.java,0,0,0.20276566437974175
1.4.0,linq4j/src/main/java/org/apache/calcite/linq4j/DefaultEnumerable.java,0,0,0.18762779132958407
1.4.0,linq4j/src/main/java/org/apache/calcite/linq4j/ExtendedEnumerable.java,0,0,0.002684771278244286
1.4.0,core/src/main/java/org/apache/calcite/plan/RelOptAbstractTable.java,0,0,0.43209731590369715
1.4.0,core/src/main/java/org/apache/calcite/plan/RelOptTable.java,0,0,0.09398674390147777
1.4.0,core/src/main/java/org/apache/calcite/rel/RelDistribution.java,0,0,0.19608337467924733
1.4.0,core/src/main/java/org/apache/calcite/rel/RelDistributions.java,0,0,0.07719010363620285
1.4.0,core/src/main/java/org/apache/calcite/rel/RelDistributionTraitDef.java,0,0,0.13224304794157846
1.4.0,core/src/main/java/org/apache/calcite/rel/RelHomogeneousShuttle.java,0,0,0.1946994490505919
1.4.0,core/src/main/java/org/apache/calcite/rel/RelInput.java,0,0,0.054715025798660125
1.4.0,core/src/main/java/org/apache/calcite/rel/RelShuttle.java,0,0,0.1834405314196101
1.4.0,core/src/main/java/org/apache/calcite/rel/RelShuttleImpl.java,0,1,0.6726024729011669
1.4.0,core/src/main/java/org/apache/calcite/schema/Statistic.java,0,0,0.11915676388221517
1.4.0,core/src/main/java/org/apache/calcite/schema/Statistics.java,0,0,0.11135830086705452
1.4.0,core/src/main/java/org/apache/calcite/adapter/enumerable/EnumerableCalc.java,0,0,0.4432619258637701
1.4.0,core/src/main/java/org/apache/calcite/adapter/enumerable/EnumerableFilter.java,0,0,0.3906443980057805
1.4.0,core/src/main/java/org/apache/calcite/adapter/enumerable/EnumerableLimit.java,0,1,0.5123307733548315
1.4.0,core/src/main/java/org/apache/calcite/adapter/enumerable/EnumerableValues.java,0,0,0.347201565726001
1.4.0,core/src/main/java/org/apache/calcite/rel/core/Exchange.java,0,0,0.19608337467924733
1.4.0,core/src/main/java/org/apache/calcite/rel/core/Sort.java,0,0,0.24380149069005533
1.4.0,core/src/main/java/org/apache/calcite/rel/core/SortExchange.java,0,0,0.19608337467924733
1.4.0,core/src/main/java/org/apache/calcite/rel/externalize/RelJson.java,0,0,0.0054239862632270396
1.4.0,core/src/main/java/org/apache/calcite/rel/logical/LogicalCalc.java,0,0,0.1734759582458877
1.4.0,core/src/main/java/org/apache/calcite/rel/logical/LogicalExchange.java,0,0,0.30350466365902123
1.4.0,core/src/main/java/org/apache/calcite/rel/logical/LogicalFilter.java,0,0,0.32510731573658624
1.4.0,core/src/main/java/org/apache/calcite/rel/metadata/RelMdColumnOrigins.java,0,0,0.3008036044793611
1.4.0,core/src/main/java/org/apache/calcite/rel/metadata/RelMdDistinctRowCount.java,0,0,0.040765791875874015
1.4.0,core/src/main/java/org/apache/calcite/rel/metadata/RelMdPopulationSize.java,0,0,0.1423999499153368
1.4.0,core/src/main/java/org/apache/calcite/rel/rules/CalcMergeRule.java,0,0,0.31021781768363166
1.4.0,core/src/main/java/org/apache/calcite/rel/rules/CalcRemoveRule.java,0,0,0.11584118243722712
1.4.0,core/src/main/java/org/apache/calcite/rel/RelCollationImpl.java,0,0,0.1265683705387141
1.4.0,core/src/main/java/org/apache/calcite/plan/RelOptRuleOperand.java,0,0,0.26500577703321354
1.4.0,avatica/src/main/java/org/apache/calcite/avatica/ConnectionPropertiesImpl.java,0,0,0.02175315426213457
1.4.0,core/src/main/java/org/apache/calcite/rel/metadata/RelMdUniqueKeys.java,0,0,0.273553533095328
1.4.0,core/src/main/java/org/apache/calcite/sql/fun/SqlAbstractGroupFunction.java,1,1,0.5591864431456861
1.4.0,core/src/main/java/org/apache/calcite/sql/fun/SqlGroupIdFunction.java,0,0,0.1920795249503893
1.4.0,core/src/main/java/org/apache/calcite/sql/fun/SqlGroupingFunction.java,0,0,0.18956586906698558
1.4.0,core/src/main/java/org/apache/calcite/sql/fun/SqlGroupingIdFunction.java,0,0,0.1920795249503893
1.4.0,avatica-server/src/main/java/org/apache/calcite/avatica/server/Main.java,0,0,0.013765045895601463
1.4.0,avatica/src/main/java/org/apache/calcite/avatica/remote/MockJsonService.java,0,0,0.1959846601232951
1.4.0,linq4j/src/main/java/org/apache/calcite/linq4j/Ord.java,0,0,0.00745836805166533
1.4.0,mongodb/src/main/java/org/apache/calcite/adapter/mongodb/MongoTable.java,0,0,0.05609316240830564
1.4.0,core/src/main/java/org/apache/calcite/util/Litmus.java,0,0,0.09956118067742813
1.4.0,core/src/main/java/org/apache/calcite/sql/validate/SqlUserDefinedTableMacro.java,0,0,0.4523877252330269
1.4.0,core/src/main/java/org/apache/calcite/materialize/TileKey.java,0,0,0.4793245275966174
1.4.0,core/src/main/java/org/apache/calcite/materialize/TileSuggester.java,0,0,0.4864964726992498
1.4.0,core/src/main/java/org/apache/calcite/rel/RelNodes.java,0,1,0.5020748870232918
1.4.0,core/src/main/java/org/apache/calcite/adapter/jdbc/JdbcConvention.java,0,0,0.2087358816486903
1.4.0,core/src/main/java/org/apache/calcite/plan/volcano/RuleQueue.java,0,1,0.9241245697492687
1.4.0,core/src/main/java/org/apache/calcite/jdbc/CalciteConnectionImpl.java,0,1,0.9378981442355869
1.4.0,core/src/main/java/org/apache/calcite/jdbc/CalciteJdbc41Factory.java,0,0,0.036137540039241564
1.4.0,avatica/src/main/java/org/apache/calcite/avatica/AvaticaConnection.java,0,1,0.9999052310749338
1.4.0,avatica/src/main/java/org/apache/calcite/avatica/AvaticaJdbc41Factory.java,0,0,0.09815767534441219
1.4.0,avatica/src/main/java/org/apache/calcite/avatica/AvaticaParameter.java,0,0,0.3090692198838599
1.4.0,avatica/src/main/java/org/apache/calcite/avatica/AvaticaResultSet.java,0,0,0.016580214222110826
1.4.0,avatica/src/main/java/org/apache/calcite/avatica/remote/TypedValue.java,0,0,0.3831822973381074
1.4.0,avatica/src/main/java/org/apache/calcite/avatica/util/DateTimeUtils.java,0,0,0.007166144805587317
1.4.0,core/src/main/java/org/apache/calcite/rel/rules/LoptJoinTree.java,0,0,0.03948768377046636
1.4.0,core/src/main/java/org/apache/calcite/rel/rules/LoptMultiJoin.java,0,0,0.001269791098257741
1.4.0,ubenchmark/src/main/java/org/apache/calcite/StatementTest.java,0,0,1.2171502309705092e-07
1.4.0,core/src/main/java/org/apache/calcite/rel/type/RelDataTypeSystem.java,0,0,0.05429838092770815
1.4.0,core/src/main/java/org/apache/calcite/rel/type/RelDataTypeSystemImpl.java,0,0,0.25127246810003706
1.4.0,core/src/main/java/org/apache/calcite/sql/type/BasicSqlType.java,0,0,0.0920168405464672
1.4.0,core/src/main/java/org/apache/calcite/jdbc/CalcitePreparedStatement.java,0,0,0.09560035853884902
1.4.0,core/src/main/java/org/apache/calcite/jdbc/CalciteStatement.java,1,0,0.22426852027422683
1.4.0,core/src/main/java/org/apache/calcite/jdbc/MetadataSchema.java,0,0,0.13801017234743174
1.4.0,core/src/main/java/org/apache/calcite/runtime/ArrayEnumeratorCursor.java,0,0,0.0929576118913581
1.4.0,core/src/main/java/org/apache/calcite/runtime/EnumeratorCursor.java,0,0,0.16076116100838064
1.4.0,core/src/main/java/org/apache/calcite/runtime/ObjectEnumeratorCursor.java,0,0,0.07415306777477958
1.4.0,core/src/main/java/org/apache/calcite/runtime/RecordEnumeratorCursor.java,0,0,0.11172226891640684
1.4.0,core/src/main/java/org/apache/calcite/server/CalciteServer.java,0,0,0.09266904245921924
1.4.0,core/src/main/java/org/apache/calcite/sql/SqlDateLiteral.java,0,1,0.6313854724584594
1.4.0,core/src/main/java/org/apache/calcite/sql/SqlIntervalQualifier.java,1,1,0.9999119185937918
1.4.0,core/src/main/java/org/apache/calcite/sql2rel/SqlNodeToRexConverterImpl.java,1,0,0.4903615307465301
1.4.0,core/src/main/java/org/apache/calcite/util/JsonBuilder.java,1,1,0.7518120673520478
1.4.0,core/src/main/java/org/apache/calcite/util/ZonelessDate.java,0,0,0.19621619948605334
1.4.0,core/src/main/java/org/apache/calcite/util/ZonelessDatetime.java,0,0,0.3725144062624896
1.4.0,core/src/main/java/org/apache/calcite/util/ZonelessTime.java,0,0,0.24925026487730226
1.4.0,core/src/main/java/org/apache/calcite/util/ZonelessTimestamp.java,0,0,0.22846707720048678
1.4.0,core/src/main/java/org/apache/calcite/adapter/clone/ListTable.java,0,0,0.1077055368170458
1.4.0,core/src/main/java/org/apache/calcite/sql/parser/SqlAbstractParserImpl.java,0,0,0.002868212408221257
1.4.0,core/src/main/java/org/apache/calcite/sql/parser/SqlParser.java,0,0,1.843148311947877e-05
1.4.0,core/src/main/java/org/apache/calcite/sql/parser/SqlParserUtil.java,0,0,0.005566973920519713
1.4.0,core/src/main/java/org/apache/calcite/sql/pretty/SqlPrettyWriter.java,0,0,1.761475867180218e-07
1.4.0,core/src/main/java/org/apache/calcite/sql/type/IntervalSqlType.java,0,0,0.38163496792338025
1.4.0,avatica/src/main/java/org/apache/calcite/avatica/AvaticaResultSetMetaData.java,0,0,0.11988579013075396
1.4.0,avatica/src/main/java/org/apache/calcite/avatica/BuiltInConnectionProperty.java,0,0,0.025305301690324772
1.4.0,avatica/src/main/java/org/apache/calcite/avatica/ConnectionConfig.java,0,0,0.15428072879375238
1.4.0,avatica/src/main/java/org/apache/calcite/avatica/ConnectionProperty.java,0,0,0.09266904245921827
1.4.0,avatica/src/main/java/org/apache/calcite/avatica/InternalProperty.java,0,0,0.002367382717455125
1.4.0,avatica/src/main/java/org/apache/calcite/avatica/remote/AvaticaRemoteConnectionConfigImpl.java,0,0,0.18667084689255659
1.4.0,avatica/src/main/java/org/apache/calcite/avatica/remote/AvaticaRemoteConnectionProperty.java,0,0,0.03163068790406099
1.4.0,avatica/src/main/java/org/apache/calcite/avatica/remote/Driver.java,0,1,0.6473178859597092
1.4.0,avatica/src/main/java/org/apache/calcite/avatica/remote/Handler.java,0,0,0.18667084689255659
1.4.0,avatica/src/main/java/org/apache/calcite/avatica/util/ArrayImpl.java,0,0,0.007409633040721868
1.4.0,avatica/src/main/java/org/apache/calcite/avatica/util/ArrayIteratorCursor.java,0,0,0.18667084689255659
1.4.0,avatica/src/main/java/org/apache/calcite/avatica/util/Casing.java,0,0,0.14855651778648918
1.4.0,avatica/src/main/java/org/apache/calcite/avatica/util/Cursor.java,0,0,0.020260409875312302
1.4.0,avatica/src/main/java/org/apache/calcite/avatica/util/IteratorCursor.java,0,0,0.08012519548535871
1.4.0,avatica/src/main/java/org/apache/calcite/avatica/util/ListIteratorCursor.java,0,0,0.18667084689255659
1.4.0,avatica/src/main/java/org/apache/calcite/avatica/util/MapIteratorCursor.java,0,0,0.18667084689255659
1.4.0,avatica/src/main/java/org/apache/calcite/avatica/util/PositionedCursor.java,0,0,0.21168994622829476
1.4.0,avatica/src/main/java/org/apache/calcite/avatica/util/Quoting.java,0,0,0.14855651778648918
1.4.0,avatica/src/main/java/org/apache/calcite/avatica/util/RecordIteratorCursor.java,0,0,0.18667084689255659
1.4.0,avatica/src/main/java/org/apache/calcite/avatica/util/Spacer.java,0,0,0.1834405314196101
1.4.0,avatica/src/main/java/org/apache/calcite/avatica/util/Spaces.java,0,0,0.017985892358998674
1.4.0,avatica/src/main/java/org/apache/calcite/avatica/util/TimeUnit.java,0,0,0.18667084689255659
1.4.0,avatica/src/main/java/org/apache/calcite/avatica/util/TimeUnitRange.java,0,0,3.409290529425233e-05
1.4.0,splunk/src/main/java/org/apache/calcite/adapter/splunk/SplunkQuery.java,0,0,0.1834405314196101
1.4.0,linq4j/src/main/java/org/apache/calcite/linq4j/AbstractEnumerable2.java,0,0,0.18864616013058796
1.4.0,core/src/main/java/org/apache/calcite/jdbc/CalciteResultSet.java,0,0,0.07895847340032547
1.4.0,avatica/src/main/java/org/apache/calcite/avatica/AvaticaFactory.java,0,0,0.12675671817341524
1.4.0,core/src/main/java/org/apache/calcite/rex/RexCallBinding.java,1,1,0.9180188556904281
1.4.0,core/src/main/java/org/apache/calcite/runtime/SqlFunctions.java,1,1,0.9998937535935725
1.4.0,core/src/main/java/org/apache/calcite/sql2rel/StandardConvertletTable.java,1,0,0.14154691131981245
1.4.0,core/src/main/java/org/apache/calcite/rel/BiRel.java,0,0,0.40258180150272727
1.4.0,core/src/main/java/org/apache/calcite/sql2rel/DeduplicateCorrelateVariables.java,0,1,0.5598199483310428
1.4.0,core/src/main/java/org/apache/calcite/rel/metadata/CachingRelMetadataProvider.java,0,1,0.68025500082862
1.4.0,avatica/src/main/java/org/apache/calcite/avatica/AvaticaDatabaseMetaData.java,0,0,0.01709850216517928
1.4.0,avatica/src/main/java/org/apache/calcite/avatica/SqlType.java,0,0,5.410482444506786e-12
1.4.0,avatica/src/main/java/org/apache/calcite/avatica/AvaticaSite.java,0,0,3.9918849198457026e-20
1.4.0,linq4j/src/main/java/org/apache/calcite/linq4j/CorrelateJoinType.java,0,0,0.19247873202156018
1.4.0,avatica/src/main/java/org/apache/calcite/avatica/util/AbstractCursor.java,1,1,0.9954596190839445
1.4.0,core/src/main/java/org/apache/calcite/sql/SqlDataTypeSpec.java,0,0,0.28619996661152824
1.4.0,core/src/main/java/org/apache/calcite/adapter/enumerable/AggImplementor.java,0,0,0.156869562728281
1.4.0,core/src/main/java/org/apache/calcite/adapter/enumerable/EnumerableCorrelate.java,0,0,0.47200483265275567
1.4.0,core/src/main/java/org/apache/calcite/adapter/enumerable/EnumerableRelImplementor.java,1,0,0.488357159889194
1.4.0,core/src/main/java/org/apache/calcite/adapter/enumerable/impl/WinAggAddContextImpl.java,0,0,0.17072497287628308
1.4.0,linq4j/src/main/java/org/apache/calcite/linq4j/EnumerableQueryable.java,0,0,0.20863523402969775
1.4.0,linq4j/src/main/java/org/apache/calcite/linq4j/QueryableDefaults.java,0,0,0.10461120951046592
1.4.0,avatica/src/main/java/org/apache/calcite/avatica/remote/JsonService.java,0,1,0.9736820789104028
1.4.0,core/src/main/java/org/apache/calcite/rel/rules/JoinUnionTransposeRule.java,0,0,0.3075808677575622
1.4.0,avatica/src/main/java/org/apache/calcite/avatica/remote/LocalService.java,0,1,0.9922188631820728
1.4.0,avatica/src/main/java/org/apache/calcite/avatica/remote/RemoteMeta.java,0,1,0.9877158840834436
1.4.0,avatica/src/main/java/org/apache/calcite/avatica/remote/Service.java,0,0,0.47020715355781284
1.4.0,core/src/main/java/org/apache/calcite/prepare/CalciteMaterializer.java,0,1,0.5775009825634181
1.4.0,avatica/src/main/java/org/apache/calcite/avatica/DriverVersion.java,0,0,5.15250740858521e-05
1.4.0,avatica/src/main/java/org/apache/calcite/avatica/Handler.java,0,0,0.0747005909222754
1.4.0,avatica/src/main/java/org/apache/calcite/avatica/HandlerImpl.java,0,0,0.05147997637463988
1.4.0,core/src/main/java/org/apache/calcite/Demo.java,0,0,0.015232642553460374
1.4.0,core/src/main/java/org/apache/calcite/schema/Function.java,0,0,0.15573966401704864
1.4.0,core/src/main/java/org/apache/calcite/schema/SemiMutableSchema.java,0,0,0.12979601359794804
1.4.0,core/src/main/java/org/apache/calcite/schema/TableMacro.java,0,0,0.1834405314196101
1.4.0,core/src/main/java/org/apache/calcite/util/CancelFlag.java,0,0,0.13629968242847523
1.4.0,core/src/main/java/org/apache/calcite/util/ClosableAllocation.java,0,0,0.1834405314196101
1.4.0,core/src/main/java/org/apache/calcite/util/ClosableAllocationOwner.java,0,0,0.1834405314196101
1.4.0,core/src/main/java/org/apache/calcite/util/ControlFlowException.java,0,0,0.18864616013058796
1.4.0,core/src/main/java/org/apache/calcite/util/Glossary.java,0,0,0.003260834273478242
1.4.0,core/src/main/java/org/apache/calcite/util/Holder.java,0,0,0.07229143458759812
1.4.0,core/src/main/java/org/apache/calcite/util/ReflectiveVisitor.java,0,0,0.1834405314196101
1.4.0,core/src/main/java/org/apache/calcite/interpreter/Node.java,0,0,0.045891108993710156
1.4.0,core/src/main/java/org/apache/calcite/interpreter/Sink.java,0,0,0.045891108993710156
1.4.0,core/src/main/java/org/apache/calcite/interpreter/Source.java,0,0,0.1764867753113095
1.4.0,core/src/main/java/org/apache/calcite/jdbc/SqlTimeoutException.java,0,0,0.09266904245921924
1.4.0,core/src/main/java/org/apache/calcite/runtime/ArrayComparator.java,0,0,0.06485992255534553
1.4.0,core/src/main/java/org/apache/calcite/runtime/Hook.java,0,0,0.18826459857192135
1.4.0,core/src/main/java/org/apache/calcite/runtime/Like.java,1,1,0.9337935671402958
1.4.0,core/src/main/java/org/apache/calcite/runtime/Typed.java,0,0,0.11172226891640684
1.4.0,core/src/main/java/org/apache/calcite/runtime/Unit.java,0,0,0.011647847166185362
1.4.0,core/src/main/java/org/apache/calcite/runtime/Utilities.java,0,0,0.06024529836663261
1.4.0,core/src/main/java/org/apache/calcite/tools/RelConversionException.java,0,0,0.1834405314196101
1.4.0,core/src/main/java/org/apache/calcite/tools/ValidationException.java,0,0,0.20033543120934086
1.4.0,core/src/main/java/org/apache/calcite/plan/CommonRelSubExprRule.java,0,0,0.1834405314196101
1.4.0,core/src/main/java/org/apache/calcite/plan/RelOptConnection.java,0,0,0.1834405314196101
1.4.0,core/src/main/java/org/apache/calcite/plan/RelOptCost.java,0,0,0.000331923907909485
1.4.0,core/src/main/java/org/apache/calcite/plan/RelOptCostFactory.java,0,0,0.1834405314196101
1.4.0,core/src/main/java/org/apache/calcite/plan/RelOptRuleOperandChildPolicy.java,0,0,0.18864616013058796
1.4.0,core/src/main/java/org/apache/calcite/plan/RelOptRuleOperandChildren.java,0,0,0.30204111004097184
1.4.0,core/src/main/java/org/apache/calcite/plan/RelOptSamplingParameters.java,0,0,0.17464617545090358
1.4.0,core/src/main/java/org/apache/calcite/plan/RelOptSchemaWithSampling.java,0,0,0.19855447511660604
1.4.0,core/src/main/java/org/apache/calcite/rel/InvalidRelException.java,0,0,0.22017265879767417
1.4.0,core/src/main/java/org/apache/calcite/rel/RelVisitor.java,0,0,0.004668104698460673
1.4.0,core/src/main/java/org/apache/calcite/rex/RexAction.java,0,0,0.19855447511660604
1.4.0,core/src/main/java/org/apache/calcite/rex/RexPattern.java,0,0,0.1834405314196101
1.4.0,core/src/main/java/org/apache/calcite/rex/RexSqlConvertletTable.java,0,0,0.1834405314196101
1.4.0,core/src/main/java/org/apache/calcite/sql/SqlAccessEnum.java,0,0,0.18864616013058796
1.4.0,core/src/main/java/org/apache/calcite/sql/SqlNullSemantics.java,0,0,0.1834405314196101
1.4.0,core/src/main/java/org/apache/calcite/sql/SqlOperandCountRange.java,0,0,0.1834405314196101
1.4.0,core/src/main/java/org/apache/calcite/sql/SqlValuesOperator.java,0,1,0.5536882045423994
1.4.0,core/src/main/java/org/apache/calcite/util/graph/BreadthFirstIterator.java,0,0,0.2927361585841023
1.4.0,core/src/main/java/org/apache/calcite/util/graph/DirectedGraph.java,0,0,0.20805520402791094
1.4.0,core/src/main/java/org/apache/calcite/util/mapping/AbstractSourceMapping.java,0,0,0.0027507808798487143
1.4.0,core/src/main/java/org/apache/calcite/util/mapping/AbstractTargetMapping.java,0,0,0.002033226901151901
1.4.0,core/src/main/java/org/apache/calcite/util/mapping/IntPair.java,0,0,0.10827388626943361
1.4.0,core/src/main/java/org/apache/calcite/util/mapping/MappingType.java,0,0,0.03747336472200353
1.4.0,core/src/main/java/org/apache/calcite/util/javac/JavaCompiler.java,0,0,0.1834405314196101
1.4.0,core/src/main/java/org/apache/calcite/adapter/enumerable/WinAggContext.java,0,0,0.1659127477497494
1.4.0,core/src/main/java/org/apache/calcite/adapter/enumerable/WinAggImplementor.java,0,0,0.16147027150629847
1.4.0,core/src/main/java/org/apache/calcite/plan/hep/HepMatchOrder.java,0,0,0.18864616013058796
1.4.0,core/src/main/java/org/apache/calcite/plan/volcano/VolcanoPlannerPhase.java,0,0,0.18864616013058796
1.4.0,core/src/main/java/org/apache/calcite/rel/core/JoinRelType.java,0,0,0.4187045997373119
1.4.0,core/src/main/java/org/apache/calcite/rel/metadata/RelColumnMapping.java,0,0,0.07097910771934822
1.4.0,core/src/main/java/org/apache/calcite/rel/type/RelDataTypeFamily.java,0,0,0.1834405314196101
1.4.0,core/src/main/java/org/apache/calcite/rel/type/RelDataTypeField.java,0,0,0.1834405314196101
1.4.0,core/src/main/java/org/apache/calcite/rel/type/RelDataTypePrecedenceList.java,0,0,0.1834405314196101
1.4.0,core/src/main/java/org/apache/calcite/sql/pretty/SqlFormatOptions.java,0,0,1.396773626269951e-06
1.4.0,core/src/main/java/org/apache/calcite/sql/type/ExtraSqlTypes.java,0,0,0.003260834273478242
1.4.0,core/src/main/java/org/apache/calcite/sql/validate/SqlConformance.java,0,0,0.22977708251321083
1.4.0,core/src/main/java/org/apache/calcite/sql/validate/SqlMonotonicity.java,0,0,0.0036673841289324204
1.4.0,splunk/src/main/java/org/apache/calcite/adapter/splunk/search/SearchResultListener.java,0,0,0.18632348207387053
1.4.0,splunk/src/main/java/org/apache/calcite/adapter/splunk/util/StringUtils.java,0,0,4.994101212387369e-14
1.4.0,linq4j/src/main/java/org/apache/calcite/linq4j/AbstractEnumerable.java,0,0,0.18864616013058796
1.4.0,linq4j/src/main/java/org/apache/calcite/linq4j/AbstractQueryable.java,0,0,0.004828085117112851
1.4.0,linq4j/src/main/java/org/apache/calcite/linq4j/Enumerable.java,0,0,0.1834405314196101
1.4.0,linq4j/src/main/java/org/apache/calcite/linq4j/Enumerator.java,0,0,0.1834405314196101
1.4.0,linq4j/src/main/java/org/apache/calcite/linq4j/Grouping.java,0,0,0.1834405314196101
1.4.0,linq4j/src/main/java/org/apache/calcite/linq4j/OpType.java,0,0,0.1834405314196101
1.4.0,linq4j/src/main/java/org/apache/calcite/linq4j/OrderedEnumerable.java,0,0,0.1834405314196101
1.4.0,linq4j/src/main/java/org/apache/calcite/linq4j/OrderedQueryable.java,0,0,0.1834405314196101
1.4.0,linq4j/src/main/java/org/apache/calcite/linq4j/Queryable.java,0,0,0.1834405314196101
1.4.0,linq4j/src/main/java/org/apache/calcite/linq4j/RawEnumerable.java,0,0,0.1834405314196101
1.4.0,linq4j/src/main/java/org/apache/calcite/linq4j/function/BigDecimalFunction1.java,0,0,0.0018589200787046134
1.4.0,linq4j/src/main/java/org/apache/calcite/linq4j/function/Deterministic.java,0,0,0.1834405314196101
1.4.0,linq4j/src/main/java/org/apache/calcite/linq4j/function/DoubleFunction1.java,0,0,0.002684771278244286
1.4.0,linq4j/src/main/java/org/apache/calcite/linq4j/function/EqualityComparer.java,0,0,0.1834405314196101
1.4.0,linq4j/src/main/java/org/apache/calcite/linq4j/function/FloatFunction1.java,0,0,0.002684771278244286
1.4.0,linq4j/src/main/java/org/apache/calcite/linq4j/function/Function.java,0,0,0.16532074586137505
1.4.0,linq4j/src/main/java/org/apache/calcite/linq4j/function/Function0.java,0,0,0.1834405314196101
1.4.0,linq4j/src/main/java/org/apache/calcite/linq4j/function/Function1.java,0,0,0.002778412389264051
1.4.0,linq4j/src/main/java/org/apache/calcite/linq4j/function/Function2.java,0,0,7.26739387138626e-05
1.4.0,linq4j/src/main/java/org/apache/calcite/linq4j/function/IntegerFunction1.java,0,0,0.002684771278244286
1.4.0,linq4j/src/main/java/org/apache/calcite/linq4j/function/LongFunction1.java,0,0,0.002684771278244286
1.4.0,linq4j/src/main/java/org/apache/calcite/linq4j/function/NonDeterministic.java,0,0,0.1834405314196101
1.4.0,linq4j/src/main/java/org/apache/calcite/linq4j/function/NullableBigDecimalFunction1.java,0,0,0.002684771278244286
1.4.0,linq4j/src/main/java/org/apache/calcite/linq4j/function/NullableDoubleFunction1.java,0,0,0.002684771278244286
1.4.0,linq4j/src/main/java/org/apache/calcite/linq4j/function/NullableFloatFunction1.java,0,0,0.002684771278244286
1.4.0,linq4j/src/main/java/org/apache/calcite/linq4j/function/NullableIntegerFunction1.java,0,0,0.002684771278244286
1.4.0,linq4j/src/main/java/org/apache/calcite/linq4j/function/NullableLongFunction1.java,0,0,0.002684771278244286
1.4.0,linq4j/src/main/java/org/apache/calcite/linq4j/function/Predicate1.java,0,0,0.002778412389264051
1.4.0,linq4j/src/main/java/org/apache/calcite/linq4j/function/Predicate2.java,0,0,5.923392138068751e-05
1.4.0,linq4j/src/main/java/org/apache/calcite/linq4j/tree/CallSiteBinder.java,0,0,0.1834405314196101
1.4.0,linq4j/src/main/java/org/apache/calcite/linq4j/tree/ElementInit.java,0,0,0.1834405314196101
1.4.0,linq4j/src/main/java/org/apache/calcite/linq4j/tree/Evaluator.java,0,0,0.29194749408312376
1.4.0,linq4j/src/main/java/org/apache/calcite/linq4j/tree/ExpressionType.java,0,1,0.5536882045423994
1.4.0,linq4j/src/main/java/org/apache/calcite/linq4j/tree/GotoExpressionKind.java,0,0,0.18864616013058796
1.4.0,linq4j/src/main/java/org/apache/calcite/linq4j/tree/MemberAssignment.java,0,0,0.14490934809191067
1.4.0,linq4j/src/main/java/org/apache/calcite/linq4j/tree/MemberBinding.java,0,0,0.1834405314196101
1.4.0,linq4j/src/main/java/org/apache/calcite/linq4j/tree/MemberDeclaration.java,0,0,0.18864616013058796
1.4.0,linq4j/src/main/java/org/apache/calcite/linq4j/tree/MemberListBinding.java,0,0,0.1834405314196101
1.4.0,linq4j/src/main/java/org/apache/calcite/linq4j/tree/MemberMemberBinding.java,0,0,0.14490934809191067
1.4.0,linq4j/src/main/java/org/apache/calcite/linq4j/tree/Node.java,0,0,0.04799918052095207
1.4.0,linq4j/src/main/java/org/apache/calcite/linq4j/tree/PseudoField.java,0,0,0.1834405314196101
1.4.0,linq4j/src/main/java/org/apache/calcite/linq4j/tree/SwitchCase.java,0,0,0.1345123879938423
1.4.0,core/src/main/java/org/apache/calcite/rel/logical/LogicalAggregate.java,0,0,0.48589212323753983
1.4.0,core/src/main/java/org/apache/calcite/util/ImmutableIntList.java,0,0,3.492299857418754e-09
1.4.0,core/src/main/java/org/apache/calcite/rel/rules/AggregateExpandDistinctAggregatesRule.java,1,1,0.5706747137729417
1.4.0,core/src/main/java/org/apache/calcite/sql/type/ReturnTypes.java,0,0,2.2084473622217858e-07
1.4.0,core/src/main/java/org/apache/calcite/config/Lex.java,0,0,0.3676632040859518
1.4.0,core/src/main/java/org/apache/calcite/sql/fun/SqlItemOperator.java,0,0,0.4097060532485356
1.4.0,core/src/main/java/org/apache/calcite/sql/SqlInsert.java,0,0,0.399652204492433
1.4.0,core/src/main/java/org/apache/calcite/sql/SqlInsertKeyword.java,0,0,0.18864616013058796
1.4.0,core/src/main/java/org/apache/calcite/jdbc/CalciteMetaImpl.java,0,1,0.99996133244066
1.4.0,avatica/src/main/java/org/apache/calcite/avatica/MetaImpl.java,1,1,1.0
1.4.0,avatica-server/src/main/java/org/apache/calcite/avatica/server/AvaticaHandler.java,0,0,0.1824503005259273
1.4.0,avatica/src/main/java/org/apache/calcite/avatica/remote/RemoteService.java,0,0,0.05019764922797293
1.4.0,spark/src/main/java/org/apache/calcite/adapter/spark/HttpServer.java,0,0,0.18235101851899377
1.4.0,core/src/main/java/org/apache/calcite/rel/metadata/RelMdDistribution.java,0,0,0.14663975726890935
1.4.0,core/src/main/java/org/apache/calcite/util/BitSets.java,0,0,0.00205228527246279
1.4.0,core/src/main/java/org/apache/calcite/util/ImmutableBitSet.java,0,0,0.3280216973073056
1.4.0,core/src/main/java/org/apache/calcite/util/mapping/Mappings.java,0,0,0.00631357505832993
1.4.0,core/src/main/java/org/apache/calcite/rel/rules/ProjectRemoveRule.java,0,0,0.00643196562976683
1.4.0,core/src/main/java/org/apache/calcite/sql/SqlInfixOperator.java,0,1,0.6589940636846647
1.4.0,core/src/main/java/org/apache/calcite/sql/SqlInternalOperator.java,0,0,0.1604923788860683
1.4.0,core/src/main/java/org/apache/calcite/sql/SqlSpecialOperator.java,0,0,0.18600228153464116
1.4.0,core/src/main/java/org/apache/calcite/sql/SqlUpdate.java,1,0,0.3876363154779765
1.4.0,core/src/main/java/org/apache/calcite/sql/SqlUtil.java,0,0,0.26615124423012887
1.4.0,core/src/main/java/org/apache/calcite/sql/SqlWith.java,0,1,0.6624384113013957
1.4.0,core/src/main/java/org/apache/calcite/sql/SqlWithItem.java,0,0,0.2576884161698875
1.4.0,core/src/main/java/org/apache/calcite/sql/fun/SqlExtendOperator.java,0,1,0.6221329696727422
1.4.0,core/src/main/java/org/apache/calcite/sql/fun/SqlRollupOperator.java,0,1,0.5907108978465166
1.4.0,core/src/main/java/org/apache/calcite/plan/SubstitutionVisitor.java,1,0,0.057359474502284305
1.4.0,core/src/main/java/org/apache/calcite/sql/SqlAggFunction.java,1,1,0.5409299061355977
1.4.0,core/src/main/java/org/apache/calcite/sql/SqlSplittableAggFunction.java,1,0,0.37175764728430266
1.4.0,core/src/main/java/org/apache/calcite/rel/core/AggregateCall.java,0,1,0.8730109676410247
1.4.0,core/src/main/java/org/apache/calcite/rel/metadata/RelMdColumnUniqueness.java,1,1,0.9995052024182703
1.4.0,core/src/main/java/org/apache/calcite/rel/rules/AggregateReduceFunctionsRule.java,0,1,0.6136896242687707
1.4.0,core/src/main/java/org/apache/calcite/sql/fun/SqlCountAggFunction.java,1,0,0.3421335711658092
1.4.0,core/src/main/java/org/apache/calcite/sql/fun/SqlMinMaxAggFunction.java,1,0,0.14898370598446806
1.4.0,core/src/main/java/org/apache/calcite/sql/fun/SqlSumAggFunction.java,1,0,0.21337688357668316
1.4.0,core/src/main/java/org/apache/calcite/sql/fun/SqlSumEmptyIsZeroAggFunction.java,1,0,0.26597546066312633
1.4.0,core/src/main/java/org/apache/calcite/rel/rules/FilterAggregateTransposeRule.java,0,1,0.818122637715876
1.4.0,core/src/main/java/org/apache/calcite/jdbc/CalcitePrepare.java,0,0,0.3070320439782285
1.4.0,core/src/main/java/org/apache/calcite/rex/RexCopier.java,0,0,0.17801546873109428
1.4.0,core/src/main/java/org/apache/calcite/schema/ModifiableTable.java,0,0,0.31709320177787986
1.4.0,core/src/main/java/org/apache/calcite/schema/ModifiableView.java,0,0,0.1477481986210106
1.4.0,core/src/main/java/org/apache/calcite/adapter/enumerable/RexToLixTranslator.java,0,0,0.4595680986008626
1.4.0,core/src/main/java/org/apache/calcite/schema/impl/ViewTable.java,0,0,0.0155195963603947
1.4.0,linq4j/src/main/java/org/apache/calcite/linq4j/tree/ConstantExpression.java,0,1,0.868801975492446
1.4.0,linq4j/src/main/java/org/apache/calcite/linq4j/tree/Expressions.java,0,0,0.054897883770086316
1.4.0,mongodb/src/main/java/org/apache/calcite/adapter/mongodb/MongoFilter.java,0,0,0.0066980065120598705
1.4.0,core/src/main/java/org/apache/calcite/tools/RelBuilder.java,1,0,1.502761264560313e-05
1.4.0,core/src/main/java/org/apache/calcite/sql/SqlTimeLiteral.java,0,1,0.6626713488699876
1.4.0,core/src/main/java/org/apache/calcite/sql/SqlTimestampLiteral.java,0,1,0.7379398333540026
1.4.0,core/src/main/java/org/apache/calcite/sql/fun/SqlBetweenOperator.java,1,1,0.961914347901203
1.4.0,core/src/main/java/org/apache/calcite/sql/type/AssignableOperandTypeChecker.java,0,0,0.0020799477703055246
1.4.0,core/src/main/java/org/apache/calcite/sql/type/ComparableOperandTypeChecker.java,0,0,0.35351049342582924
1.4.0,core/src/main/java/org/apache/calcite/sql/type/CompositeOperandTypeChecker.java,1,0,0.18880950989439405
1.4.0,core/src/main/java/org/apache/calcite/sql/type/FamilyOperandTypeChecker.java,0,1,0.564419387786748
1.4.0,core/src/main/java/org/apache/calcite/sql/type/LiteralOperandTypeChecker.java,0,0,0.37831668181602485
1.4.0,core/src/main/java/org/apache/calcite/sql/type/MultisetOperandTypeChecker.java,0,0,0.3525759665508099
1.4.0,core/src/main/java/org/apache/calcite/sql/type/OperandTypes.java,0,0,3.5607863297731516e-09
1.4.0,core/src/main/java/org/apache/calcite/sql/type/SameOperandTypeChecker.java,0,1,0.5828592479661243
1.4.0,core/src/main/java/org/apache/calcite/sql/type/SetopOperandTypeChecker.java,0,0,0.48394902102007786
1.4.0,core/src/main/java/org/apache/calcite/sql/type/SqlOperandTypeChecker.java,0,0,0.22930615698304915
1.4.0,core/src/main/java/org/apache/calcite/sql/type/SqlTypeUtil.java,1,1,0.5937998861744461
1.4.0,core/src/main/java/org/apache/calcite/jdbc/Driver.java,0,0,0.0797109118441285
1.4.0,core/src/main/java/org/apache/calcite/util/Compatible.java,0,0,0.038140906947340396
1.4.0,avatica/src/main/java/org/apache/calcite/avatica/UnregisteredDriver.java,0,0,0.0006475273766646562
1.4.0,core/src/main/java/org/apache/calcite/prepare/CalcitePrepareImpl.java,1,1,0.9932671817949408
1.4.0,core/src/main/java/org/apache/calcite/rel/rules/FilterJoinRule.java,0,1,0.7753565139586633
1.4.0,core/src/main/java/org/apache/calcite/rel/rules/JoinPushExpressionsRule.java,0,0,0.025259452215447207
1.4.0,core/src/main/java/org/apache/calcite/adapter/jdbc/JdbcSchema.java,1,1,0.9668804575386706
1.4.0,core/src/main/java/org/apache/calcite/sql/SqlNode.java,0,0,0.009411086705503792
1.4.0,core/src/main/java/org/apache/calcite/adapter/enumerable/PhysTypeImpl.java,1,1,0.5657180312838438
1.4.0,core/src/main/java/org/apache/calcite/sql/validate/SelectNamespace.java,0,0,0.44315529963450273
1.4.0,core/src/main/java/org/apache/calcite/sql/validate/SqlValidatorImpl.java,1,0,0.2729453077448904
1.4.0,core/src/main/java/org/apache/calcite/sql/validate/SqlValidatorUtil.java,0,1,0.9945754454933394
1.4.0,core/src/main/java/org/apache/calcite/adapter/enumerable/EnumerableSemiJoin.java,0,0,0.34244812338157854
1.4.0,core/src/main/java/org/apache/calcite/adapter/enumerable/EnumerableSemiJoinRule.java,0,0,0.4757309704101282
1.4.0,core/src/main/java/org/apache/calcite/rel/core/SemiJoin.java,0,0,0.44981246751583387
1.4.0,mongodb/src/main/java/org/apache/calcite/adapter/mongodb/MongoProject.java,0,0,0.1834405314196101
1.4.0,spark/src/main/java/org/apache/calcite/adapter/spark/SparkRules.java,0,0,0.00026531021286956973
1.4.0,core/src/main/java/org/apache/calcite/rel/rules/JoinAddRedundantSemiJoinRule.java,0,0,0.2958475518789481
1.4.0,core/src/main/java/org/apache/calcite/rel/rules/LoptSemiJoinOptimizer.java,0,0,0.17979545304324118
1.4.0,core/src/main/java/org/apache/calcite/rel/rules/SemiJoinFilterTransposeRule.java,0,0,0.15205402584630662
1.4.0,core/src/main/java/org/apache/calcite/rel/rules/SemiJoinJoinTransposeRule.java,0,0,0.48490094127451494
1.4.0,core/src/main/java/org/apache/calcite/rel/rules/SemiJoinProjectTransposeRule.java,0,0,0.4080295509482163
1.4.0,core/src/main/java/org/apache/calcite/rel/metadata/RelMdSize.java,0,0,0.3414283255120618
1.4.0,core/src/main/java/org/apache/calcite/sql/validate/AggChecker.java,0,1,0.5832080381792771
1.4.0,core/src/main/java/org/apache/calcite/jdbc/JavaTypeFactoryImpl.java,1,1,0.8129683521098231
1.4.0,core/src/main/java/org/apache/calcite/sql/SqlUnresolvedFunction.java,0,0,0.18189160709215654
1.4.0,core/src/main/java/org/apache/calcite/sql/fun/SqlFirstLastValueAggFunction.java,1,0,0.429187008765341
1.4.0,core/src/main/java/org/apache/calcite/model/JsonColumn.java,0,0,0.33654706425615877
1.4.0,core/src/main/java/org/apache/calcite/model/JsonCustomSchema.java,0,0,0.30849241570456165
1.4.0,core/src/main/java/org/apache/calcite/model/JsonCustomTable.java,0,0,0.3170218925278367
1.4.0,core/src/main/java/org/apache/calcite/model/JsonFunction.java,0,0,0.2825686937794623
1.4.0,core/src/main/java/org/apache/calcite/model/JsonJdbcSchema.java,0,0,0.283891167413473
1.4.0,core/src/main/java/org/apache/calcite/prepare/RelOptTableImpl.java,0,1,0.7987733752624149
1.4.0,core/src/main/java/org/apache/calcite/model/JsonLattice.java,0,1,0.825711047678877
1.4.0,core/src/main/java/org/apache/calcite/model/JsonMapSchema.java,0,1,0.701221906342581
1.4.0,core/src/main/java/org/apache/calcite/model/JsonMaterialization.java,0,0,0.32121847488518335
1.4.0,core/src/main/java/org/apache/calcite/model/JsonMeasure.java,0,0,0.2883213626099427
1.4.0,core/src/main/java/org/apache/calcite/model/JsonRoot.java,0,1,0.7025535974175536
1.4.0,core/src/main/java/org/apache/calcite/model/JsonSchema.java,0,1,0.6725169929323306
1.4.0,core/src/main/java/org/apache/calcite/model/JsonStream.java,0,0,0.22861616176969132
1.4.0,core/src/main/java/org/apache/calcite/model/JsonTable.java,0,1,0.5786253327875679
1.4.0,core/src/main/java/org/apache/calcite/model/JsonTile.java,0,0,0.22541047829407904
1.4.0,core/src/main/java/org/apache/calcite/model/JsonView.java,0,1,0.5866333490248433
1.4.0,core/src/main/java/org/apache/calcite/rel/RelFieldCollation.java,0,0,0.03292600402384429
1.4.0,core/src/main/java/org/apache/calcite/adapter/enumerable/EnumerableProjectRule.java,0,0,0.473222613653015
1.4.0,core/src/main/java/org/apache/calcite/rel/rules/AggregateUnionAggregateRule.java,0,0,0.3772205936365849
1.4.0,core/src/main/java/org/apache/calcite/rel/rules/AggregateUnionTransposeRule.java,1,0,0.4300403462370558
1.4.0,core/src/main/java/org/apache/calcite/rel/rules/UnionEliminatorRule.java,0,0,0.1393626284960481
1.4.0,core/src/main/java/org/apache/calcite/rel/rules/UnionMergeRule.java,0,0,0.1834405314196101
1.4.0,core/src/main/java/org/apache/calcite/rel/rules/UnionToDistinctRule.java,0,1,0.5536882045423994
1.4.0,core/src/main/java/org/apache/calcite/rel/metadata/RelMdCollation.java,1,1,0.9223481386314029
1.4.0,core/src/main/java/org/apache/calcite/rel/rules/AggregateRemoveRule.java,0,0,0.43959306599035913
1.4.0,mongodb/src/main/java/org/apache/calcite/adapter/mongodb/MongoRules.java,0,0,0.11319422406973652
1.4.0,core/src/main/java/org/apache/calcite/interpreter/TableScanNode.java,0,1,0.9556711650600765
1.4.0,core/src/main/java/org/apache/calcite/interpreter/AggregateNode.java,1,1,0.7484859232858323
1.4.0,core/src/main/java/org/apache/calcite/interpreter/Bindables.java,0,0,0.02433476320867399
1.4.0,core/src/main/java/org/apache/calcite/interpreter/Interpreter.java,0,0,0.0010634031963551091
1.4.0,core/src/main/java/org/apache/calcite/interpreter/JaninoRexCompiler.java,0,0,0.22707243339801597
1.4.0,core/src/main/java/org/apache/calcite/interpreter/JoinNode.java,0,0,0.41441675832050784
1.4.0,core/src/main/java/org/apache/calcite/interpreter/Nodes.java,0,0,0.18270391271054975
1.4.0,core/src/main/java/org/apache/calcite/interpreter/ProjectNode.java,0,1,0.6663756875366919
1.4.0,core/src/main/java/org/apache/calcite/interpreter/ValuesNode.java,0,1,0.5420155514223517
1.4.0,core/src/main/java/org/apache/calcite/sql/SqlFilterOperator.java,0,0,0.05373720285281262
1.4.0,core/src/main/java/org/apache/calcite/sql/SqlOverOperator.java,0,1,0.5561546169107895
1.4.0,core/src/main/java/org/apache/calcite/util/Bug.java,0,0,0.0157589478746777
1.4.0,core/src/main/java/org/apache/calcite/adapter/enumerable/AggAddContext.java,0,0,0.2433206784801139
1.4.0,core/src/main/java/org/apache/calcite/adapter/enumerable/EnumerableAggregate.java,1,1,0.5837664799099889
1.4.0,core/src/main/java/org/apache/calcite/adapter/enumerable/EnumerableWindow.java,0,0,0.05619780832911081
1.4.0,core/src/main/java/org/apache/calcite/adapter/enumerable/StrictAggImplementor.java,0,1,0.5432962295422913
1.4.0,core/src/main/java/org/apache/calcite/tools/Programs.java,0,0,0.3501903556176926
1.4.0,core/src/main/java/org/apache/calcite/rel/core/Window.java,0,0,6.365130635156917e-06
1.4.0,core/src/main/java/org/apache/calcite/rel/externalize/RelJsonReader.java,1,1,0.6418716410722864
1.4.0,core/src/main/java/org/apache/calcite/rel/rules/AggregateFilterTransposeRule.java,0,1,0.501025349129848
1.4.0,core/src/main/java/org/apache/calcite/rel/rules/AggregateProjectMergeRule.java,0,1,0.7325721159630888
1.4.0,core/src/main/java/org/apache/calcite/rel/rules/AggregateProjectPullUpConstantsRule.java,0,0,0.3985867338970487
1.4.0,core/src/main/java/org/apache/calcite/adapter/enumerable/EnumerableInterpreter.java,0,0,0.4797244275960963
1.4.0,core/src/main/java/org/apache/calcite/adapter/enumerable/EnumerableInterpreterRule.java,0,0,0.1543954034377105
1.4.0,core/src/main/java/org/apache/calcite/adapter/enumerable/EnumerableProject.java,0,0,0.3014667608873896
1.4.0,core/src/main/java/org/apache/calcite/adapter/enumerable/EnumerableRel.java,0,0,0.19450239743949688
1.4.0,core/src/main/java/org/apache/calcite/adapter/enumerable/EnumerableRules.java,0,0,0.00032030193012057826
1.4.0,core/src/main/java/org/apache/calcite/adapter/enumerable/EnumerableTableScanRule.java,0,1,0.5747516654817637
1.4.0,core/src/main/java/org/apache/calcite/rel/core/TableScan.java,0,0,0.33892666232400814
1.4.0,core/src/main/java/org/apache/calcite/rel/logical/LogicalTableScan.java,0,0,0.4152407500503027
1.4.0,core/src/main/java/org/apache/calcite/rel/logical/LogicalWindow.java,1,1,0.6324031219976535
1.4.0,core/src/main/java/org/apache/calcite/rel/rules/CalcSplitRule.java,0,0,0.14463282066691274
1.4.0,core/src/main/java/org/apache/calcite/rel/rules/FilterTableScanRule.java,0,0,0.4879739427176523
1.4.0,core/src/main/java/org/apache/calcite/rel/rules/ProjectTableScanRule.java,0,0,0.372176739915455
1.4.0,core/src/main/java/org/apache/calcite/sql/fun/SqlQuarterFunction.java,0,0,0.2284608410730884
1.4.0,core/src/main/java/org/apache/calcite/rel/metadata/ReflectiveRelMetadataProvider.java,1,1,0.5030157874432505
1.4.0,avatica/src/main/java/org/apache/calcite/avatica/util/ByteString.java,0,1,0.9965194066228082
1.4.0,core/src/main/java/org/apache/calcite/rex/RexCall.java,0,1,0.6101424563315406
1.4.0,core/src/main/java/org/apache/calcite/rex/RexProgramBuilder.java,0,0,5.817224688892631e-06
1.4.0,core/src/main/java/org/apache/calcite/rel/rules/ReduceExpressionsRule.java,1,1,0.7064216927850845
1.4.0,core/src/main/java/org/apache/calcite/materialize/MaterializationService.java,0,1,0.8509545799774316
1.4.0,core/src/main/java/org/apache/calcite/model/ModelHandler.java,1,1,0.9903776078845707
1.4.0,core/src/main/java/org/apache/calcite/plan/RelOptMaterialization.java,0,0,0.15305499593164731
1.4.0,core/src/main/java/org/apache/calcite/schema/impl/MaterializedViewTable.java,0,0,0.4255354416694213
1.4.0,core/src/main/java/org/apache/calcite/sql/SqlIdentifier.java,0,0,0.3258860201123893
1.4.0,core/src/main/java/org/apache/calcite/sql/validate/DelegatingScope.java,0,1,0.9090066123510292
1.4.0,avatica/src/main/java/org/apache/calcite/avatica/Helper.java,0,0,0.4751583356858004
1.4.0,core/src/main/java/org/apache/calcite/rel/rules/JoinCommuteRule.java,0,0,0.06053669126272184
1.4.0,core/src/main/java/org/apache/calcite/rel/metadata/RelMdUtil.java,0,0,0.02039813310631806
1.4.0,core/src/main/java/org/apache/calcite/rel/rules/AggregateStarTableRule.java,0,0,0.06499643096018987
1.4.0,core/src/main/java/org/apache/calcite/adapter/enumerable/JavaRowFormat.java,0,1,0.6043318408961719
1.4.0,avatica/src/main/java/org/apache/calcite/avatica/util/Base64.java,0,0,0.0007122348230540473
1.4.0,core/src/main/java/org/apache/calcite/sql/SqlJdbcFunctionCall.java,0,0,0.008519522240909932
1.4.0,core/src/main/java/org/apache/calcite/tools/FrameworkConfig.java,0,0,0.1834405314196101
1.4.0,core/src/main/java/org/apache/calcite/adapter/jdbc/JdbcRules.java,1,0,0.1067215109895961
1.4.0,core/src/main/java/org/apache/calcite/plan/Contexts.java,0,0,0.05203718296081185
1.4.0,core/src/main/java/org/apache/calcite/plan/RelOptRuleCall.java,0,1,0.7468602676820966
1.4.0,core/src/main/java/org/apache/calcite/schema/Path.java,0,0,0.06566121304825065
1.4.0,core/src/main/java/org/apache/calcite/sql2rel/RelFieldTrimmer.java,0,1,0.9976346466637622
1.4.0,core/src/main/java/org/apache/calcite/util/Stacks.java,0,0,0.40325056417446153
1.4.0,core/src/main/java/org/apache/calcite/plan/RelOptCluster.java,0,0,0.27606778341145083
1.4.0,core/src/main/java/org/apache/calcite/plan/RelOptQuery.java,0,0,0.22190500324225956
1.4.0,core/src/main/java/org/apache/calcite/rel/RelNode.java,0,0,0.21359571244957448
1.4.0,core/src/main/java/org/apache/calcite/rel/rules/JoinToCorrelateRule.java,0,0,0.21459333913435746
1.4.0,avatica/src/main/java/org/apache/calcite/avatica/remote/JsonHandler.java,0,0,0.2463274405693821
1.4.0,avatica/src/main/java/org/apache/calcite/avatica/remote/LocalJsonService.java,0,0,0.16362596211746305
1.4.0,core/src/main/java/org/apache/calcite/rel/core/Aggregate.java,1,1,0.8688113839035112
1.4.0,core/src/main/java/org/apache/calcite/rex/RexUtil.java,1,1,0.9985638609007379
1.4.0,core/src/main/java/org/apache/calcite/sql2rel/RelDecorrelator.java,0,0,0.23819032806473764
1.4.0,core/src/main/java/org/apache/calcite/rel/core/Filter.java,0,0,0.17524544339933307
1.4.0,core/src/main/java/org/apache/calcite/rel/rules/FilterCorrelateRule.java,0,0,0.18367889578878824
1.4.0,core/src/main/java/org/apache/calcite/rel/rules/FilterProjectTransposeRule.java,0,1,0.6696814077140957
1.4.0,core/src/main/java/org/apache/calcite/tools/Frameworks.java,0,1,0.8283818686974186
1.4.0,core/src/main/java/org/apache/calcite/sql/SqlWindow.java,1,1,0.9999692635533116
1.4.0,core/src/main/java/org/apache/calcite/sql2rel/SqlToRelConverter.java,1,0,0.019465244014424076
1.4.0,core/src/main/java/org/apache/calcite/plan/RelOptPredicateList.java,0,0,0.12709528433588146
1.4.0,core/src/main/java/org/apache/calcite/rex/RexInputRef.java,0,0,0.23894008689827734
1.4.0,core/src/main/java/org/apache/calcite/rex/RexShuttle.java,0,0,0.16767387735044564
1.4.0,core/src/main/java/org/apache/calcite/plan/volcano/VolcanoPlanner.java,1,1,0.9999849332908167
1.4.0,core/src/main/java/org/apache/calcite/adapter/enumerable/EnumerableJoin.java,0,0,0.4049076001792673
1.4.0,core/src/main/java/org/apache/calcite/adapter/enumerable/EnumerableMergeJoin.java,1,1,0.9305009503313373
1.4.0,core/src/main/java/org/apache/calcite/rel/core/EquiJoin.java,0,0,0.20155921880234232
1.4.0,core/src/main/java/org/apache/calcite/rel/rules/EquiJoin.java,0,0,0.1834405314196101
1.4.0,core/src/main/java/org/apache/calcite/rel/type/RelDataType.java,0,0,0.1834405314196101
1.4.0,core/src/main/java/org/apache/calcite/rel/type/RelDataTypeImpl.java,0,0,0.10845236163290503
1.4.0,splunk/src/main/java/org/apache/calcite/adapter/splunk/SplunkTableScan.java,0,0,0.26751712999429494
1.4.0,core/src/main/java/org/apache/calcite/plan/RelOptNode.java,0,0,0.1834405314196101
1.4.0,core/src/main/java/org/apache/calcite/plan/RelOptUtil.java,1,1,0.9644001881403633
1.4.0,core/src/main/java/org/apache/calcite/schema/SchemaFactory.java,0,0,0.12400604631999845
1.4.0,core/src/main/java/org/apache/calcite/adapter/enumerable/AggContext.java,0,0,0.16532074586137505
1.4.0,core/src/main/java/org/apache/calcite/adapter/enumerable/CallImplementor.java,0,0,0.16006878196784832
1.4.0,core/src/main/java/org/apache/calcite/adapter/enumerable/JavaRelImplementor.java,0,0,0.41428512143106044
1.4.0,core/src/main/java/org/apache/calcite/rel/core/SetOp.java,0,0,0.3199277424363198
1.4.0,core/src/main/java/org/apache/calcite/rel/type/RelDataTypeFactory.java,0,0,0.17029367632277106
1.4.0,core/src/main/java/org/apache/calcite/schema/impl/AbstractSchema.java,0,0,0.11933101406435369
